{"type":"FeatureCollection","features":[{"type":"Feature","geometry":{"type":"Polygon","coordinates":[[[2.03824,49.19214],[2.04629,49.19642],[2.04753,49.19859],[2.05397,49.19897],[2.05877,49.19997],[2.06684,49.20286],[2.07199,49.20413],[2.07261,49.20609],[2.07491,49.20869],[2.07725,49.20851],[2.07745,49.20968],[2.08089,49.21045],[2.08055,49.20847],[2.08117,49.20681],[2.08283,49.20569],[2.08597,49.20628],[2.08816,49.20898],[2.09117,49.20854],[2.09064,49.20606],[2.0916,49.20513],[2.09073,49.2017],[2.09224,49.20121],[2.0902,49.19833],[2.09219,49.19771],[2.09255,49.19564],[2.08946,49.19604],[2.08946,49.19366],[2.09257,49.19411],[2.09621,49.19133],[2.09587,49.19006],[2.08915,49.19034],[2.08829,49.18762],[2.08606,49.18797],[2.08408,49.18582],[2.08533,49.18501],[2.08287,49.18136],[2.07551,49.17462],[2.0762,49.17334],[2.07443,49.17361],[2.07097,49.17607],[2.05867,49.18131],[2.05233,49.18497],[2.04912,49.1838],[2.04641,49.1856],[2.04573,49.18841],[2.04601,49.19009],[2.04201,49.19053],[2.04054,49.19013],[2.03824,49.19214]]]},"properties":{"code_insee":"95059","nom_commune":"Berville","code_rne":"0950936B","nom_college":"Collège des Hautiers"}},{"type":"Feature","geometry":{"type":"Polygon","coordinates":[[[1.71555,49.20266],[1.7184,49.20279],[1.71992,49.20154],[1.72208,49.2025],[1.72253,49.20097],[1.72505,49.20078],[1.72586,49.19433],[1.72346,49.19406],[1.7234,49.1923],[1.71964,49.19122],[1.71893,49.1879],[1.71936,49.18619],[1.71732,49.1841],[1.71343,49.18453],[1.71017,49.18097],[1.71301,49.17887],[1.71075,49.17747],[1.70658,49.17713],[1.70471,49.17856],[1.70252,49.17827],[1.70119,49.17994],[1.69838,49.17978],[1.6972,49.18157],[1.69507,49.18123],[1.6933,49.18008],[1.69005,49.18207],[1.68469,49.18298],[1.68248,49.18401],[1.6812,49.18274],[1.68056,49.18463],[1.68322,49.18541],[1.68118,49.19007],[1.68063,49.1937],[1.68423,49.19688],[1.68433,49.19867],[1.68833,49.20298],[1.69414,49.20048],[1.69481,49.20175],[1.69483,49.20667],[1.6988,49.20794],[1.70103,49.20802],[1.7025,49.20638],[1.70381,49.20054],[1.70596,49.19916],[1.70963,49.20161],[1.71456,49.20217],[1.71555,49.20266]]]},"properties":{"code_insee":"95119","nom_commune":"Buhy","code_rne":"0952079U","nom_college":"Collège Rosa Bonheur"}},{"type":"Feature","geometry":{"type":"Polygon","coordinates":[[[1.71202,49.17842],[1.71301,49.17887],[1.71017,49.18097],[1.71343,49.18453],[1.71732,49.1841],[1.71936,49.18619],[1.71893,49.1879],[1.71964,49.19122],[1.7234,49.1923],[1.72346,49.19406],[1.72914,49.19522],[1.73744,49.1946],[1.73649,49.19282],[1.73989,49.19207],[1.74109,49.18837],[1.74125,49.18554],[1.74464,49.18318],[1.74083,49.18073],[1.74269,49.17979],[1.7359,49.17432],[1.72963,49.17685],[1.7269,49.17667],[1.72492,49.17758],[1.72117,49.17611],[1.72219,49.172],[1.71825,49.17331],[1.71501,49.17663],[1.71202,49.17842]]]},"properties":{"code_insee":"95139","nom_commune":"Chapelle-en-Vexin","code_rne":"0952079U","nom_college":"Collège Rosa Bonheur"}},{"type":"Feature","geometry":{"type":"Polygon","coordinates":[[[1.67054,49.18991],[1.67135,49.191],[1.6707,49.19333],[1.6745,49.19624],[1.6765,49.20016],[1.67688,49.20318],[1.67222,49.20647],[1.67426,49.20856],[1.67491,49.21148],[1.67689,49.21167],[1.67742,49.21329],[1.68016,49.21425],[1.68248,49.21611],[1.6846,49.21635],[1.68601,49.21802],[1.6889,49.21835],[1.68881,49.21916],[1.69126,49.22092],[1.69083,49.2225],[1.69164,49.22345],[1.69863,49.22452],[1.69881,49.226],[1.70215,49.22759],[1.70407,49.22932],[1.70266,49.2312],[1.70436,49.2322],[1.70515,49.23427],[1.70727,49.2355],[1.70885,49.2355],[1.71006,49.23907],[1.7094,49.24131],[1.71264,49.24119],[1.71238,49.2389],[1.71323,49.23742],[1.71319,49.23506],[1.71211,49.23302],[1.71534,49.23325],[1.72479,49.23001],[1.72966,49.2292],[1.73214,49.22812],[1.73329,49.22654],[1.73621,49.22627],[1.73852,49.2241],[1.74045,49.22344],[1.73511,49.22194],[1.73411,49.22128],[1.73546,49.21595],[1.73224,49.2156],[1.73369,49.21096],[1.72989,49.21028],[1.72895,49.20957],[1.72198,49.21001],[1.72012,49.20679],[1.71477,49.20734],[1.71591,49.20474],[1.71555,49.20266],[1.71456,49.20217],[1.70963,49.20161],[1.70596,49.19916],[1.70381,49.20054],[1.7025,49.20638],[1.70103,49.20802],[1.6988,49.20794],[1.69483,49.20667],[1.69481,49.20175],[1.69414,49.20048],[1.68833,49.20298],[1.68433,49.19867],[1.68423,49.19688],[1.68063,49.1937],[1.68118,49.19007],[1.68322,49.18541],[1.68056,49.18463],[1.6812,49.18274],[1.67887,49.18259],[1.67745,49.18147],[1.67506,49.18095],[1.67182,49.18088],[1.67076,49.18403],[1.66951,49.18505],[1.66907,49.18667],[1.67054,49.18991]]]},"properties":{"code_insee":"95541","nom_commune":"Saint-Clair-sur-Epte","code_rne":"0952079U","nom_college":"Collège Rosa Bonheur"}},{"type":"Feature","geometry":{"type":"Polygon","coordinates":[[[2.31358,49.12278],[2.30387,49.13205],[2.30593,49.13252],[2.29854,49.1384],[2.29563,49.13445],[2.29299,49.13523],[2.29236,49.13615],[2.28923,49.13528],[2.28873,49.13667],[2.28292,49.13587],[2.28095,49.13675],[2.27824,49.13523],[2.27535,49.13445],[2.27249,49.13701],[2.27012,49.13786],[2.26806,49.13941],[2.28458,49.14503],[2.29244,49.15048],[2.29636,49.1516],[2.31966,49.14931],[2.32137,49.14833],[2.32274,49.14657],[2.31953,49.14393],[2.3176,49.14413],[2.31651,49.1432],[2.31438,49.14312],[2.31317,49.14074],[2.31491,49.1408],[2.31599,49.13772],[2.3157,49.13466],[2.31823,49.1317],[2.31596,49.12961],[2.32008,49.12467],[2.31358,49.12278]]]},"properties":{"code_insee":"95052","nom_commune":"Beaumont-sur-Oise","code_rne":"0950933Y","nom_college":"Collège Jacques Monod"}},{"type":"Feature","geometry":{"type":"Polygon","coordinates":[[[2.4354,49.13394],[2.43753,49.13434],[2.44122,49.13416],[2.44706,49.13559],[2.45302,49.13819],[2.45823,49.14114],[2.46249,49.13912],[2.46131,49.13661],[2.45706,49.13446],[2.4567,49.13176],[2.44979,49.12966],[2.44828,49.12875],[2.44236,49.12139],[2.43959,49.12188],[2.43893,49.12027],[2.43613,49.11843],[2.43644,49.11631],[2.43195,49.1151],[2.43099,49.11884],[2.42797,49.11774],[2.42723,49.11886],[2.42406,49.12003],[2.42087,49.12203],[2.42291,49.12307],[2.42072,49.12532],[2.41901,49.12559],[2.41675,49.12451],[2.41539,49.12257],[2.41092,49.12483],[2.41485,49.12793],[2.41772,49.12716],[2.41881,49.12964],[2.41752,49.13159],[2.41956,49.13367],[2.42226,49.13395],[2.42415,49.13354],[2.42573,49.13471],[2.42876,49.13542],[2.43137,49.13534],[2.43184,49.13336],[2.4354,49.13394]]]},"properties":{"code_insee":"95149","nom_commune":"Chaumontel","code_rne":"0951357J","nom_college":"Collège Anna de Noailles"}},{"type":"Feature","geometry":{"type":"Polygon","coordinates":[[[2.34431,48.97792],[2.34294,48.98309],[2.34076,48.98222],[2.33863,48.98047],[2.33516,48.98097],[2.33483,48.98631],[2.33748,48.99275],[2.33952,48.99379],[2.35074,48.99324],[2.35047,48.99082],[2.35682,48.99118],[2.35695,48.98956],[2.35928,48.99023],[2.36118,48.98659],[2.36392,48.98749],[2.36569,48.98884],[2.36809,48.98789],[2.36802,48.98408],[2.36618,48.98092],[2.36426,48.97872],[2.3565,48.97735],[2.35435,48.9798],[2.34985,48.97836],[2.34803,48.97986],[2.34614,48.97657],[2.34431,48.97792]]]},"properties":{"code_insee":"95288","nom_commune":"Groslay","code_rne":"0951141Z","nom_college":"Collège Nicolas Copernic"}},{"type":"Feature","geometry":{"type":"Polygon","coordinates":[[[2.39434,49.06867],[2.39791,49.07152],[2.39523,49.07205],[2.40491,49.08271],[2.41229,49.08049],[2.4151,49.08018],[2.41696,49.08143],[2.41881,49.08373],[2.4223,49.08386],[2.42297,49.08202],[2.42811,49.0817],[2.42989,49.08057],[2.42947,49.07841],[2.43974,49.0749],[2.44042,49.07284],[2.43871,49.07134],[2.44157,49.07116],[2.44177,49.069],[2.44143,49.06752],[2.4389,49.06779],[2.43492,49.06263],[2.42358,49.05849],[2.42349,49.05764],[2.41616,49.05752],[2.41575,49.05621],[2.41363,49.0563],[2.41377,49.0572],[2.40871,49.0572],[2.40767,49.05644],[2.39948,49.06373],[2.40071,49.06499],[2.39434,49.06867]]]},"properties":{"code_insee":"95365","nom_commune":"Mareil-en-France","code_rne":"0951357J","nom_college":"Collège Anna de Noailles"}},{"type":"Feature","geometry":{"type":"Polygon","coordinates":[[[2.39604,49.11566],[2.39535,49.11341],[2.39165,49.11036],[2.38439,49.10901],[2.38255,49.11],[2.36981,49.10633],[2.37015,49.10835],[2.36735,49.10867],[2.36145,49.10705],[2.36007,49.10776],[2.36061,49.10981],[2.35833,49.10997],[2.3578,49.11176],[2.35519,49.11187],[2.3555,49.11437],[2.35652,49.11717],[2.35616,49.1206],[2.35454,49.12126],[2.35707,49.1235],[2.3592,49.1263],[2.36001,49.12818],[2.36416,49.13257],[2.36834,49.13477],[2.37269,49.13612],[2.37359,49.13843],[2.37571,49.13843],[2.37984,49.13631],[2.38202,49.13577],[2.38546,49.13816],[2.38853,49.13928],[2.39161,49.1372],[2.39724,49.13612],[2.39909,49.13693],[2.4045,49.13621],[2.41128,49.13409],[2.41253,49.1331],[2.41107,49.13117],[2.41059,49.12906],[2.40784,49.12631],[2.40577,49.12841],[2.4029,49.12886],[2.40128,49.12696],[2.39455,49.12741],[2.39291,49.1284],[2.38675,49.12899],[2.38352,49.12724],[2.3849,49.12534],[2.38516,49.12026],[2.38338,49.11787],[2.38913,49.11644],[2.39604,49.11566]]]},"properties":{"code_insee":"95652","nom_commune":"Viarmes","code_rne":"0951052C","nom_college":"Collège Blaise Pascal"}},{"type":"Feature","geometry":{"type":"Polygon","coordinates":[[[2.33864,49.07661],[2.34898,49.07921],[2.3494,49.08065],[2.35356,49.07957],[2.35856,49.08056],[2.3704,49.07593],[2.36897,49.07314],[2.3704,49.0727],[2.36725,49.06829],[2.35392,49.06976],[2.34631,49.07404],[2.34407,49.07447],[2.34183,49.07404],[2.34152,49.07611],[2.33864,49.07661]]]},"properties":{"code_insee":"95660","nom_commune":"Villaines-sous-Bois","code_rne":"0951051B","nom_college":"Collège Marcel Pagnol"}},{"type":"Feature","geometry":{"type":"Polygon","coordinates":[[[2.3704,49.0727],[2.37553,49.0718],[2.37539,49.07516],[2.38066,49.07849],[2.39642,49.08649],[2.40203,49.08311],[2.40491,49.08271],[2.39523,49.07205],[2.39791,49.07152],[2.39434,49.06867],[2.38606,49.06634],[2.38634,49.06836],[2.37518,49.06351],[2.37279,49.06532],[2.36725,49.06829],[2.3704,49.0727]]]},"properties":{"code_insee":"95682","nom_commune":"Villiers-le-Sec","code_rne":"0951051B","nom_college":"Collège Marcel Pagnol"}},{"type":"Feature","geometry":{"type":"Polygon","coordinates":[[[2.40081,48.98265],[2.40251,48.98689],[2.40533,48.98994],[2.40814,48.99196],[2.40914,48.99372],[2.41371,48.99376],[2.41569,48.99502],[2.41422,48.99811],[2.41654,48.9985],[2.42059,48.99628],[2.42213,48.99451],[2.42179,48.99312],[2.42311,48.99251],[2.42585,48.98693],[2.4272,48.98536],[2.43063,48.98283],[2.43229,48.97976],[2.42541,48.97693],[2.42482,48.97502],[2.42101,48.97711],[2.41643,48.97846],[2.41755,48.98013],[2.4154,48.98071],[2.41258,48.98056],[2.40664,48.98271],[2.40374,48.98216],[2.40081,48.98265]]]},"properties":{"code_insee":"95019","nom_commune":"Arnouville","code_rne":"0951143B","nom_college":"Collège Jean Moulin"}},{"type":"Feature","geometry":{"type":"Polygon","coordinates":[[[2.37316,49.15933],[2.38045,49.15804],[2.39129,49.14935],[2.39746,49.15011],[2.40542,49.15194],[2.4131,49.15235],[2.41536,49.15176],[2.41535,49.14993],[2.41952,49.14942],[2.42542,49.14945],[2.43105,49.14846],[2.4409,49.1458],[2.43891,49.1415],[2.42837,49.14173],[2.4208,49.13426],[2.41204,49.13594],[2.41128,49.13409],[2.4045,49.13621],[2.39909,49.13693],[2.39724,49.13612],[2.39161,49.1372],[2.38853,49.13928],[2.38546,49.13816],[2.38202,49.13577],[2.37984,49.13631],[2.37571,49.13843],[2.37359,49.13843],[2.37269,49.13612],[2.36834,49.13477],[2.36416,49.13257],[2.36001,49.12818],[2.3592,49.1263],[2.35707,49.1235],[2.35454,49.12126],[2.35166,49.11991],[2.34878,49.11686],[2.34151,49.11757],[2.33925,49.11973],[2.3368,49.12315],[2.33714,49.12769],[2.33892,49.13084],[2.34063,49.13196],[2.34118,49.13555],[2.34002,49.14351],[2.33858,49.14567],[2.342,49.14635],[2.34941,49.14508],[2.35297,49.14486],[2.35476,49.14522],[2.3593,49.14735],[2.36079,49.14873],[2.3621,49.15098],[2.36223,49.15255],[2.36485,49.1523],[2.36657,49.15399],[2.36709,49.15583],[2.37023,49.15677],[2.37125,49.15931],[2.37316,49.15933]]]},"properties":{"code_insee":"95026","nom_commune":"Asnières-sur-Oise","code_rne":"0951052C","nom_college":"Collège Blaise Pascal"}},{"type":"Feature","geometry":{"type":"Polygon","coordinates":[[[2.33003,49.06366],[2.3288,49.06622],[2.33358,49.06753],[2.33543,49.07148],[2.33461,49.0753],[2.33864,49.07661],[2.34152,49.07611],[2.34183,49.07404],[2.34407,49.07447],[2.34631,49.07404],[2.35392,49.06976],[2.36725,49.06829],[2.37279,49.06532],[2.37518,49.06351],[2.37278,49.05713],[2.36984,49.05452],[2.36724,49.0543],[2.36424,49.04976],[2.35199,49.04472],[2.34837,49.04658],[2.3398,49.04921],[2.33792,49.04935],[2.33529,49.05148],[2.33003,49.06366]]]},"properties":{"code_insee":"95028","nom_commune":"Attainville","code_rne":"0952127W","nom_college":"Collège Aimé Césaire"}},{"type":"Feature","geometry":{"type":"Polygon","coordinates":[[[2.33003,49.06366],[2.33529,49.05148],[2.33544,49.05043],[2.33372,49.04941],[2.32811,49.0517],[2.32455,49.05156],[2.31737,49.04954],[2.31218,49.04922],[2.30827,49.04765],[2.30444,49.04693],[2.30096,49.04841],[2.30007,49.05034],[2.2902,49.04639],[2.28658,49.05007],[2.28501,49.04913],[2.28412,49.04993],[2.2807,49.04912],[2.2792,49.05303],[2.27905,49.05978],[2.27974,49.06212],[2.2811,49.06382],[2.2813,49.06571],[2.27275,49.06404],[2.27171,49.06571],[2.27343,49.06612],[2.27419,49.06876],[2.2748,49.06877],[2.2761,49.07224],[2.27877,49.07179],[2.28055,49.07075],[2.28492,49.07237],[2.288,49.07228],[2.29039,49.06949],[2.29162,49.07008],[2.29417,49.06851],[2.29991,49.06626],[2.30033,49.06549],[2.30949,49.06523],[2.31593,49.06761],[2.31771,49.06639],[2.32017,49.06559],[2.33003,49.06366]]]},"properties":{"code_insee":"95042","nom_commune":"Baillet-en-France","code_rne":"0951051B","nom_college":"Collège Marcel Pagnol"}},{"type":"Feature","geometry":{"type":"Polygon","coordinates":[[[2.46211,49.07271],[2.46272,49.0756],[2.45781,49.07677],[2.45816,49.07897],[2.45686,49.08248],[2.45536,49.08429],[2.45564,49.08666],[2.45373,49.08747],[2.45284,49.08887],[2.46233,49.09465],[2.4629,49.09669],[2.46505,49.09678],[2.4654,49.0986],[2.4606,49.09956],[2.45813,49.09957],[2.45685,49.10106],[2.45,49.10079],[2.45136,49.1016],[2.45308,49.10452],[2.45535,49.10649],[2.45884,49.10784],[2.45802,49.10874],[2.46213,49.11148],[2.46336,49.11179],[2.46525,49.1106],[2.46687,49.11184],[2.47556,49.11227],[2.48324,49.11173],[2.48419,49.1069],[2.48047,49.1061],[2.47744,49.09725],[2.47833,49.0959],[2.47818,49.09437],[2.48791,49.09431],[2.48914,49.09355],[2.48887,49.09211],[2.48659,49.08928],[2.48419,49.08888],[2.48281,49.08416],[2.47985,49.07827],[2.47629,49.07567],[2.47478,49.07329],[2.47245,49.07104],[2.46395,49.07172],[2.46211,49.07271]]]},"properties":{"code_insee":"95055","nom_commune":"Bellefontaine","code_rne":"0951357J","nom_college":"Collège Anna de Noailles"}},{"type":"Feature","geometry":{"type":"Polygon","coordinates":[[[2.3494,49.08065],[2.35035,49.08232],[2.3485,49.08367],[2.34666,49.08659],[2.34439,49.08752],[2.34392,49.09001],[2.34582,49.08997],[2.34778,49.09221],[2.35175,49.09438],[2.36001,49.10593],[2.36145,49.10705],[2.36735,49.10867],[2.37015,49.10835],[2.36981,49.10633],[2.38255,49.11],[2.38439,49.10901],[2.39165,49.11036],[2.38954,49.10847],[2.38851,49.10623],[2.39103,49.10294],[2.3913,49.10074],[2.39356,49.09809],[2.39041,49.09567],[2.38897,49.09364],[2.38794,49.09049],[2.39172,49.09073],[2.39065,49.08908],[2.39642,49.08649],[2.38066,49.07849],[2.37539,49.07516],[2.37553,49.0718],[2.36897,49.07314],[2.3704,49.07593],[2.35856,49.08056],[2.35356,49.07957],[2.3494,49.08065]]]},"properties":{"code_insee":"95056","nom_commune":"Belloy-en-France","code_rne":"0951051B","nom_college":"Collège Marcel Pagnol"}},{"type":"Feature","geometry":{"type":"Polygon","coordinates":[[[2.42482,48.97502],[2.42541,48.97693],[2.43229,48.97976],[2.43672,48.97796],[2.44075,48.97701],[2.43754,48.97356],[2.44416,48.97211],[2.446,48.97017],[2.4464,48.96766],[2.44778,48.96518],[2.45159,48.96338],[2.45118,48.96262],[2.45756,48.95988],[2.45601,48.95577],[2.45034,48.95492],[2.44522,48.95682],[2.43725,48.95581],[2.43591,48.95518],[2.43219,48.95768],[2.42816,48.95904],[2.42542,48.95922],[2.41885,48.95775],[2.41714,48.96042],[2.4171,48.96183],[2.41935,48.9621],[2.4177,48.9652],[2.41905,48.96786],[2.41663,48.969],[2.42287,48.97295],[2.42482,48.97502]]]},"properties":{"code_insee":"95088","nom_commune":"Bonneuil-en-France","code_rne":"0951143B","nom_college":"Collège Jean Moulin"}},{"type":"Feature","geometry":{"type":"Polygon","coordinates":[[[2.27478,49.03644],[2.27531,49.03931],[2.27668,49.04183],[2.28085,49.04355],[2.28468,49.04643],[2.28501,49.04913],[2.28658,49.05007],[2.2902,49.04639],[2.30007,49.05034],[2.30096,49.04841],[2.30444,49.04693],[2.30827,49.04765],[2.31218,49.04922],[2.31737,49.04954],[2.32195,49.05075],[2.32454,49.04509],[2.31929,49.04113],[2.31765,49.04063],[2.31246,49.03745],[2.31061,49.03969],[2.308,49.03807],[2.30199,49.03686],[2.30131,49.03439],[2.29945,49.03515],[2.29754,49.03267],[2.29591,49.03204],[2.2944,49.03024],[2.27478,49.03644]]]},"properties":{"code_insee":"95091","nom_commune":"Bouffémont","code_rne":"0951822P","nom_college":"Collège Léonard de Vinci"}},{"type":"Feature","geometry":{"type":"Polygon","coordinates":[[[2.41027,49.02399],[2.41254,49.02405],[2.41353,49.02585],[2.41706,49.02829],[2.42069,49.02541],[2.42275,49.02694],[2.4237,49.02924],[2.42836,49.02802],[2.43267,49.03268],[2.43492,49.03434],[2.43629,49.03349],[2.43457,49.02998],[2.43519,49.02855],[2.4382,49.02872],[2.44406,49.01505],[2.44324,49.01265],[2.43884,49.01443],[2.42813,49.01618],[2.42737,49.01457],[2.42512,49.01398],[2.42155,49.01578],[2.42301,49.01861],[2.41842,49.01965],[2.41027,49.02399]]]},"properties":{"code_insee":"95094","nom_commune":"Bouqueval","code_rne":"0950941G","nom_college":"Collège Jean Bullant"}},{"type":"Feature","geometry":{"type":"Polygon","coordinates":[[[2.32178,49.18443],[2.31965,49.18232],[2.33611,49.17027],[2.34105,49.16505],[2.34626,49.16182],[2.35383,49.15398],[2.35545,49.15329],[2.3549,49.15183],[2.35348,49.15117],[2.35598,49.14869],[2.35771,49.14851],[2.3593,49.14735],[2.35476,49.14522],[2.35297,49.14486],[2.342,49.14635],[2.33858,49.14567],[2.33331,49.14306],[2.32954,49.1419],[2.32671,49.14261],[2.32137,49.14833],[2.31966,49.14931],[2.31192,49.15017],[2.31281,49.15408],[2.31356,49.15417],[2.31431,49.15866],[2.31294,49.15894],[2.31266,49.16936],[2.31437,49.16978],[2.31281,49.17526],[2.31349,49.17561],[2.30956,49.18124],[2.31216,49.18335],[2.31059,49.18488],[2.31093,49.18641],[2.32178,49.18443]]]},"properties":{"code_insee":"95116","nom_commune":"Bruyères-sur-Oise","code_rne":"0952087C","nom_college":"Collège Pierre Perret"}},{"type":"Feature","geometry":{"type":"Polygon","coordinates":[[[2.44143,49.06752],[2.44177,49.069],[2.45066,49.06845],[2.45268,49.0698],[2.45453,49.07421],[2.45726,49.07479],[2.45964,49.07322],[2.46211,49.07271],[2.46395,49.07172],[2.47245,49.07104],[2.47208,49.06809],[2.47527,49.06487],[2.48294,49.05534],[2.48183,49.05484],[2.48176,49.05516],[2.47313,49.05589],[2.46371,49.06043],[2.46091,49.05876],[2.45311,49.06036],[2.45269,49.06118],[2.44948,49.06203],[2.44738,49.0632],[2.4484,49.06446],[2.44553,49.06563],[2.44621,49.06685],[2.44143,49.06752]]]},"properties":{"code_insee":"95144","nom_commune":"Châtenay-en-France","code_rne":"0951357J","nom_college":"Collège Anna de Noailles"}},{"type":"Feature","geometry":{"type":"Polygon","coordinates":[[[2.52828,49.03796],[2.52913,49.04277],[2.53072,49.04569],[2.53338,49.04577],[2.53475,49.04699],[2.53573,49.05076],[2.53833,49.05121],[2.54092,49.05017],[2.54154,49.05111],[2.54496,49.0503],[2.54813,49.05317],[2.55003,49.05312],[2.55086,49.05136],[2.55344,49.05118],[2.55591,49.05032],[2.56559,49.04586],[2.56973,49.04994],[2.57061,49.04827],[2.56901,49.04431],[2.56813,49.04346],[2.57017,49.04233],[2.56948,49.04108],[2.56564,49.04189],[2.56482,49.04095],[2.56611,49.03987],[2.55839,49.03743],[2.55579,49.0355],[2.55079,49.03522],[2.55179,49.03298],[2.54759,49.03268],[2.54535,49.0353],[2.54768,49.03604],[2.54482,49.03772],[2.54299,49.03753],[2.54345,49.03452],[2.53395,49.03256],[2.53606,49.02949],[2.53339,49.02927],[2.53189,49.03215],[2.53191,49.03463],[2.52949,49.03396],[2.52805,49.03037],[2.52607,49.03005],[2.52724,49.0323],[2.52726,49.03508],[2.52828,49.03796]]]},"properties":{"code_insee":"95154","nom_commune":"Chennevières-lès-Louvres","code_rne":"0950908W","nom_college":"Collège François Mauriac"}},{"type":"Feature","geometry":{"type":"Polygon","coordinates":[[[2.39958,49.03972],[2.4015,49.03707],[2.40076,49.03402],[2.40292,49.03089],[2.40791,49.02528],[2.40955,49.0242],[2.39675,49.01612],[2.39456,49.01643],[2.39346,49.01414],[2.3875,49.01401],[2.38498,49.01339],[2.38109,49.01424],[2.37699,49.01262],[2.37385,49.01262],[2.36995,49.01186],[2.36756,49.01245],[2.36517,49.01123],[2.36365,49.00956],[2.36175,49.01177],[2.36257,49.01411],[2.36222,49.01667],[2.36427,49.02306],[2.36723,49.02665],[2.37112,49.03011],[2.37201,49.03357],[2.3714,49.03407],[2.3738,49.03726],[2.37701,49.03838],[2.3829,49.04202],[2.39958,49.03972]]]},"properties":{"code_insee":"95205","nom_commune":"Écouen","code_rne":"0950941G","nom_college":"Collège Jean Bullant"}},{"type":"Feature","geometry":{"type":"Polygon","coordinates":[[[2.29786,48.97507],[2.30135,48.97543],[2.30103,48.977],[2.30434,48.97943],[2.30702,48.9776],[2.31085,48.97194],[2.30989,48.9709],[2.31727,48.96572],[2.31583,48.96397],[2.31318,48.96222],[2.31037,48.96175],[2.30894,48.96351],[2.30497,48.96231],[2.30156,48.96523],[2.29309,48.96873],[2.29527,48.9694],[2.29261,48.97143],[2.29575,48.97238],[2.29582,48.97445],[2.29786,48.97507]]]},"properties":{"code_insee":"95210","nom_commune":"Enghien-les-Bains","code_rne":"0950930V","nom_college":"Collège Georges Pompidou"}},{"type":"Feature","geometry":{"type":"Polygon","coordinates":[[[2.52558,49.02695],[2.52607,49.03005],[2.52805,49.03037],[2.52949,49.03396],[2.53191,49.03463],[2.53189,49.03215],[2.53339,49.02927],[2.53606,49.02949],[2.53395,49.03256],[2.54345,49.03452],[2.54299,49.03753],[2.54482,49.03772],[2.54768,49.03604],[2.54535,49.0353],[2.54759,49.03268],[2.55179,49.03298],[2.55079,49.03522],[2.55579,49.0355],[2.55839,49.03743],[2.56611,49.03987],[2.56482,49.04095],[2.56564,49.04189],[2.56771,49.0414],[2.56934,49.03959],[2.56796,49.03888],[2.56966,49.03533],[2.56856,49.03452],[2.56888,49.03271],[2.56628,49.03204],[2.56607,49.02859],[2.55716,49.02559],[2.55269,49.02535],[2.54523,49.02239],[2.54124,49.02233],[2.54125,49.02329],[2.52913,49.02447],[2.52934,49.02671],[2.52558,49.02695]]]},"properties":{"code_insee":"95212","nom_commune":"Épiais-lès-Louvres","code_rne":"0950908W","nom_college":"Collège François Mauriac"}},{"type":"Feature","geometry":{"type":"Polygon","coordinates":[[[2.39356,49.09809],[2.39465,49.0998],[2.39796,49.10141],[2.40616,49.09777],[2.4087,49.09776],[2.41349,49.09888],[2.41424,49.09569],[2.4119,49.09557],[2.40718,49.0935],[2.40899,49.09243],[2.41236,49.09189],[2.41402,49.09221],[2.41668,49.09379],[2.42622,49.09312],[2.42593,49.09186],[2.42298,49.08862],[2.42299,49.08696],[2.4223,49.08679],[2.4223,49.08386],[2.41881,49.08373],[2.41696,49.08143],[2.4151,49.08018],[2.41229,49.08049],[2.40491,49.08271],[2.40203,49.08311],[2.39642,49.08649],[2.39065,49.08908],[2.39172,49.09073],[2.38794,49.09049],[2.38897,49.09364],[2.39041,49.09567],[2.39356,49.09809]]]},"properties":{"code_insee":"95214","nom_commune":"Épinay-Champlâtreux","code_rne":"0951357J","nom_college":"Collège Anna de Noailles"}},{"type":"Feature","geometry":{"type":"Polygon","coordinates":[[[2.41853,49.04645],[2.41984,49.04736],[2.41171,49.05321],[2.41363,49.0563],[2.41575,49.05621],[2.41616,49.05752],[2.42349,49.05764],[2.42358,49.05849],[2.43492,49.06263],[2.4389,49.06779],[2.44621,49.06685],[2.44553,49.06563],[2.4484,49.06446],[2.44738,49.0632],[2.44948,49.06203],[2.45269,49.06118],[2.45311,49.06036],[2.46091,49.05876],[2.46371,49.06043],[2.47313,49.05589],[2.48176,49.05516],[2.48203,49.0539],[2.48196,49.05062],[2.47862,49.0453],[2.47516,49.04354],[2.47433,49.04173],[2.47228,49.04262],[2.47127,49.04186],[2.46277,49.04507],[2.45946,49.04471],[2.46128,49.043],[2.45798,49.04067],[2.45958,49.03957],[2.456,49.03827],[2.45366,49.03902],[2.44684,49.03798],[2.44663,49.03717],[2.44101,49.03435],[2.44079,49.02893],[2.43519,49.02855],[2.43457,49.02998],[2.43629,49.03349],[2.42988,49.03777],[2.4225,49.04178],[2.41853,49.04645]]]},"properties":{"code_insee":"95241","nom_commune":"Fontenay-en-Parisis","code_rne":"0951357J","nom_college":"Collège Anna de Noailles"}},{"type":"Feature","geometry":{"type":"Polygon","coordinates":[[[2.4223,49.08386],[2.4223,49.08679],[2.42626,49.08804],[2.43208,49.08782],[2.43431,49.08679],[2.43595,49.08816],[2.43895,49.08856],[2.44202,49.09009],[2.44202,49.0913],[2.44606,49.09256],[2.44695,49.09382],[2.44921,49.09503],[2.44873,49.09292],[2.45244,49.09193],[2.45236,49.09008],[2.45373,49.08963],[2.45284,49.08887],[2.45373,49.08747],[2.45564,49.08666],[2.45536,49.08429],[2.45686,49.08248],[2.45816,49.07897],[2.45781,49.07677],[2.46272,49.0756],[2.46211,49.07271],[2.45964,49.07322],[2.45726,49.07479],[2.45453,49.07421],[2.45268,49.0698],[2.45066,49.06845],[2.44177,49.069],[2.44157,49.07116],[2.43871,49.07134],[2.44042,49.07284],[2.43974,49.0749],[2.42947,49.07841],[2.42989,49.08057],[2.42811,49.0817],[2.42297,49.08202],[2.4223,49.08386]]]},"properties":{"code_insee":"95316","nom_commune":"Jagny-sous-Bois","code_rne":"0951357J","nom_college":"Collège Anna de Noailles"}},{"type":"Feature","geometry":{"type":"Polygon","coordinates":[[[2.42593,49.09186],[2.42819,49.09312],[2.42944,49.09546],[2.43342,49.09941],[2.44103,49.10372],[2.44526,49.1008],[2.45,49.10079],[2.44834,49.09971],[2.45183,49.09896],[2.44921,49.09503],[2.44695,49.09382],[2.44606,49.09256],[2.44202,49.0913],[2.44202,49.09009],[2.43895,49.08856],[2.43595,49.08816],[2.43431,49.08679],[2.43208,49.08782],[2.42626,49.08804],[2.42299,49.08696],[2.42298,49.08862],[2.42593,49.09186]]]},"properties":{"code_insee":"95331","nom_commune":"Lassy","code_rne":"0951357J","nom_college":"Collège Anna de Noailles"}},{"type":"Feature","geometry":{"type":"Polygon","coordinates":[[[2.4354,49.13394],[2.43184,49.13336],[2.43137,49.13534],[2.42876,49.13542],[2.42573,49.13471],[2.42415,49.13354],[2.42226,49.13395],[2.41956,49.13367],[2.41752,49.13159],[2.41881,49.12964],[2.41772,49.12716],[2.41485,49.12793],[2.41092,49.12483],[2.41539,49.12257],[2.41675,49.12451],[2.41901,49.12559],[2.42072,49.12532],[2.42291,49.12307],[2.42087,49.12203],[2.42406,49.12003],[2.42723,49.11886],[2.42797,49.11774],[2.43099,49.11884],[2.43195,49.1151],[2.43644,49.11631],[2.43613,49.11843],[2.43893,49.12027],[2.43959,49.12188],[2.44236,49.12139],[2.44828,49.12875],[2.44979,49.12966],[2.4567,49.13176],[2.45706,49.13446],[2.46131,49.13661],[2.46151,49.13594],[2.46762,49.13584],[2.46994,49.13453],[2.47158,49.13543],[2.47548,49.13116],[2.4776,49.13107],[2.47547,49.12832],[2.4878,49.12552],[2.49923,49.12227],[2.50326,49.11758],[2.49159,49.11131],[2.48993,49.10636],[2.48419,49.1069],[2.48324,49.11173],[2.47556,49.11227],[2.46687,49.11184],[2.46525,49.1106],[2.46336,49.11179],[2.46213,49.11148],[2.45802,49.10874],[2.45884,49.10784],[2.45535,49.10649],[2.45308,49.10452],[2.45136,49.1016],[2.45,49.10079],[2.44526,49.1008],[2.44103,49.10372],[2.43342,49.09941],[2.42944,49.09546],[2.42819,49.09312],[2.42593,49.09186],[2.42622,49.09312],[2.41668,49.09379],[2.41402,49.09221],[2.41236,49.09189],[2.40899,49.09243],[2.40718,49.0935],[2.4119,49.09557],[2.41424,49.09569],[2.41349,49.09888],[2.4087,49.09776],[2.40616,49.09777],[2.39796,49.10141],[2.39465,49.0998],[2.39356,49.09809],[2.3913,49.10074],[2.39103,49.10294],[2.38851,49.10623],[2.38954,49.10847],[2.39535,49.11341],[2.39647,49.11634],[2.39988,49.11625],[2.40188,49.11791],[2.40187,49.1194],[2.39886,49.1203],[2.39962,49.12142],[2.40784,49.12631],[2.41059,49.12906],[2.41107,49.13117],[2.41253,49.1331],[2.41128,49.13409],[2.41204,49.13594],[2.4208,49.13426],[2.42837,49.14173],[2.43891,49.1415],[2.4354,49.13394]]]},"properties":{"code_insee":"95352","nom_commune":"Luzarches","code_rne":"0951357J","nom_college":"Collège Anna de Noailles"}},{"type":"Feature","geometry":{"type":"Polygon","coordinates":[[[2.33461,49.0753],[2.33051,49.07459],[2.33002,49.07625],[2.3253,49.07535],[2.32436,49.0745],[2.32508,49.07306],[2.31547,49.07216],[2.31511,49.07352],[2.31219,49.07285],[2.30961,49.07354],[2.3079,49.07272],[2.30508,49.07244],[2.29891,49.07552],[2.29751,49.07853],[2.29642,49.0775],[2.2912,49.07948],[2.28977,49.07682],[2.28683,49.0766],[2.28375,49.07825],[2.28726,49.08362],[2.28938,49.08367],[2.29175,49.08762],[2.2973,49.08991],[2.30063,49.09065],[2.30301,49.0922],[2.30297,49.0932],[2.30115,49.09587],[2.30174,49.09713],[2.30397,49.09869],[2.30559,49.1008],[2.30886,49.0981],[2.31242,49.09769],[2.3201,49.09419],[2.32386,49.09339],[2.32487,49.09211],[2.32762,49.0914],[2.32611,49.09046],[2.32467,49.08781],[2.32501,49.08686],[2.33057,49.08776],[2.3329,49.08892],[2.33419,49.08614],[2.33208,49.08556],[2.33071,49.08362],[2.33085,49.08187],[2.33474,49.08273],[2.33636,49.08133],[2.33879,49.07692],[2.33461,49.0753]]]},"properties":{"code_insee":"95353","nom_commune":"Maffliers","code_rne":"0951051B","nom_college":"Collège Marcel Pagnol"}},{"type":"Feature","geometry":{"type":"Polygon","coordinates":[[[2.50719,49.0647],[2.50649,49.06565],[2.49959,49.06724],[2.49906,49.07299],[2.49653,49.07397],[2.49517,49.07353],[2.49079,49.07349],[2.49162,49.07691],[2.48621,49.07831],[2.48725,49.08204],[2.48445,49.08236],[2.48472,49.08348],[2.4897,49.08684],[2.48979,49.08902],[2.48659,49.08928],[2.48887,49.09211],[2.48914,49.09355],[2.48791,49.09431],[2.49201,49.0952],[2.49935,49.09359],[2.50031,49.09417],[2.51495,49.09598],[2.52025,49.09809],[2.52452,49.09789],[2.52466,49.0874],[2.52359,49.08592],[2.52511,49.08122],[2.52657,49.08027],[2.52947,49.08042],[2.52822,49.07038],[2.52683,49.06782],[2.52271,49.06265],[2.5184,49.06382],[2.50719,49.0647]]]},"properties":{"code_insee":"95371","nom_commune":"Marly-la-Ville","code_rne":"0951919V","nom_college":"Collège Françoise Dolto"}},{"type":"Feature","geometry":{"type":"Polygon","coordinates":[[[2.36984,49.05452],[2.37278,49.05713],[2.37518,49.06351],[2.38634,49.06836],[2.38606,49.06634],[2.39434,49.06867],[2.40071,49.06499],[2.39948,49.06373],[2.40767,49.05644],[2.40871,49.0572],[2.41377,49.0572],[2.41171,49.05321],[2.41984,49.04736],[2.41853,49.04645],[2.41641,49.04826],[2.4037,49.04408],[2.40171,49.04533],[2.39958,49.03972],[2.3829,49.04202],[2.38023,49.0418],[2.3781,49.04234],[2.37988,49.04675],[2.37592,49.04859],[2.36984,49.05452]]]},"properties":{"code_insee":"95395","nom_commune":"Mesnil-Aubry","code_rne":"0950941G","nom_college":"Collège Jean Bullant"}},{"type":"Feature","geometry":{"type":"Polygon","coordinates":[[[2.32195,49.05075],[2.32455,49.05156],[2.32811,49.0517],[2.33372,49.04941],[2.33544,49.05043],[2.33529,49.05148],[2.33792,49.04935],[2.3398,49.04921],[2.34837,49.04658],[2.35199,49.04472],[2.35267,49.04266],[2.34994,49.04028],[2.34733,49.04176],[2.34418,49.03978],[2.34049,49.03843],[2.33732,49.04518],[2.33472,49.04508],[2.33119,49.0468],[2.32839,49.04463],[2.3251,49.04441],[2.32195,49.05075]]]},"properties":{"code_insee":"95409","nom_commune":"Moisselles","code_rne":"0952127W","nom_college":"Collège Aimé Césaire"}},{"type":"Feature","geometry":{"type":"Polygon","coordinates":[[[2.27192,49.06943],[2.27048,49.07048],[2.26958,49.07223],[2.27013,49.07497],[2.27534,49.07704],[2.27904,49.0744],[2.2806,49.07386],[2.28375,49.07825],[2.28683,49.0766],[2.28977,49.07682],[2.2912,49.07948],[2.29642,49.0775],[2.29751,49.07853],[2.29891,49.07552],[2.30508,49.07244],[2.3079,49.07272],[2.30961,49.07354],[2.31219,49.07285],[2.31511,49.07352],[2.31547,49.07216],[2.32508,49.07306],[2.32436,49.0745],[2.3253,49.07535],[2.33002,49.07625],[2.33051,49.07459],[2.33461,49.0753],[2.33543,49.07148],[2.33358,49.06753],[2.3288,49.06622],[2.33003,49.06366],[2.32017,49.06559],[2.31771,49.06639],[2.31593,49.06761],[2.30949,49.06523],[2.30033,49.06549],[2.29991,49.06626],[2.29417,49.06851],[2.29162,49.07008],[2.29039,49.06949],[2.288,49.07228],[2.28492,49.07237],[2.28055,49.07075],[2.27877,49.07179],[2.2761,49.07224],[2.2748,49.06877],[2.27192,49.06943]]]},"properties":{"code_insee":"95430","nom_commune":"Montsoult","code_rne":"0951051B","nom_college":"Collège Marcel Pagnol"}},{"type":"Feature","geometry":{"type":"Polygon","coordinates":[[[2.32008,49.12467],[2.31596,49.12961],[2.31823,49.1317],[2.3157,49.13466],[2.31599,49.13772],[2.31491,49.1408],[2.31317,49.14074],[2.31438,49.14312],[2.31651,49.1432],[2.3176,49.14413],[2.31953,49.14393],[2.32274,49.14657],[2.32671,49.14261],[2.32954,49.1419],[2.33331,49.14306],[2.33858,49.14567],[2.34002,49.14351],[2.34118,49.13555],[2.34063,49.13196],[2.33892,49.13084],[2.33714,49.12769],[2.3368,49.12315],[2.33399,49.12206],[2.32008,49.12467]]]},"properties":{"code_insee":"95456","nom_commune":"Noisy-sur-Oise","code_rne":"0951052C","nom_college":"Collège Blaise Pascal"}},{"type":"Feature","geometry":{"type":"Polygon","coordinates":[[[2.32186,49.01066],[2.32258,49.01123],[2.32039,49.01622],[2.3231,49.01823],[2.32385,49.02016],[2.32597,49.01899],[2.32723,49.0204],[2.33176,49.02234],[2.33837,49.02261],[2.3454,49.02365],[2.35465,49.02661],[2.35615,49.02656],[2.3588,49.0254],[2.36007,49.02374],[2.36387,49.02185],[2.36345,49.02004],[2.35785,49.01635],[2.3517,49.01316],[2.34965,49.01267],[2.3474,49.01042],[2.34547,49.00579],[2.32687,49.00984],[2.3223,49.01007],[2.32186,49.01066]]]},"properties":{"code_insee":"95489","nom_commune":"Piscop","code_rne":"0952127W","nom_college":"Collège Aimé Césaire"}},{"type":"Feature","geometry":{"type":"Polygon","coordinates":[[[2.39958,49.03972],[2.40171,49.04533],[2.4037,49.04408],[2.41641,49.04826],[2.41853,49.04645],[2.4225,49.04178],[2.42988,49.03777],[2.43492,49.03434],[2.43267,49.03268],[2.42836,49.02802],[2.4237,49.02924],[2.42275,49.02694],[2.42069,49.02541],[2.41706,49.02829],[2.41353,49.02585],[2.41254,49.02405],[2.41027,49.02399],[2.40791,49.02528],[2.40292,49.03089],[2.40076,49.03402],[2.4015,49.03707],[2.39958,49.03972]]]},"properties":{"code_insee":"95492","nom_commune":"Plessis-Gassot","code_rne":"0951357J","nom_college":"Collège Anna de Noailles"}},{"type":"Feature","geometry":{"type":"Polygon","coordinates":[[[2.44921,49.09503],[2.45183,49.09896],[2.44834,49.09971],[2.45,49.10079],[2.45685,49.10106],[2.45813,49.09957],[2.4606,49.09956],[2.4654,49.0986],[2.46505,49.09678],[2.4629,49.09669],[2.46233,49.09465],[2.45675,49.09098],[2.45373,49.08963],[2.45236,49.09008],[2.45244,49.09193],[2.44873,49.09292],[2.44921,49.09503]]]},"properties":{"code_insee":"95493","nom_commune":"Plessis-Luzarches","code_rne":"0951357J","nom_college":"Collège Anna de Noailles"}},{"type":"Feature","geometry":{"type":"Polygon","coordinates":[[[2.30301,49.0922],[2.30051,49.09482],[2.30004,49.09634],[2.29311,49.10101],[2.28883,49.09866],[2.29023,49.10178],[2.28865,49.1025],[2.28293,49.09976],[2.28098,49.10014],[2.28112,49.10172],[2.26244,49.10024],[2.26046,49.10077],[2.26325,49.10365],[2.26167,49.10581],[2.25817,49.10653],[2.25666,49.10842],[2.25549,49.11165],[2.25678,49.11336],[2.2607,49.11426],[2.26008,49.11651],[2.26302,49.12013],[2.26178,49.12299],[2.26236,49.12416],[2.2645,49.1249],[2.27055,49.12411],[2.27486,49.12465],[2.28234,49.12659],[2.28281,49.12435],[2.28541,49.12529],[2.28946,49.12273],[2.29488,49.12241],[2.30577,49.12036],[2.32008,49.12467],[2.31864,49.11744],[2.31055,49.11378],[2.31379,49.11137],[2.31536,49.10952],[2.3118,49.10817],[2.3092,49.10449],[2.30892,49.10236],[2.31036,49.1007],[2.30864,49.09972],[2.31242,49.09769],[2.30886,49.0981],[2.30559,49.1008],[2.30397,49.09869],[2.30174,49.09713],[2.30115,49.09587],[2.30297,49.0932],[2.30301,49.0922]]]},"properties":{"code_insee":"95504","nom_commune":"Presles","code_rne":"0951991Y","nom_college":"Collège Cécile Sorel"}},{"type":"Feature","geometry":{"type":"Polygon","coordinates":[[[2.48183,49.05484],[2.48294,49.05534],[2.47527,49.06487],[2.47208,49.06809],[2.47245,49.07104],[2.47478,49.07329],[2.47629,49.07567],[2.47985,49.07827],[2.48281,49.08416],[2.48419,49.08888],[2.48659,49.08928],[2.48979,49.08902],[2.4897,49.08684],[2.48472,49.08348],[2.48445,49.08236],[2.48725,49.08204],[2.48621,49.07831],[2.49162,49.07691],[2.49079,49.07349],[2.49517,49.07353],[2.49653,49.07397],[2.49906,49.07299],[2.49959,49.06724],[2.50649,49.06565],[2.50719,49.0647],[2.50681,49.0607],[2.50592,49.05948],[2.50421,49.0594],[2.50435,49.05778],[2.49921,49.0546],[2.49381,49.05375],[2.49222,49.05128],[2.48989,49.05205],[2.48867,49.05362],[2.48203,49.0539],[2.48183,49.05484]]]},"properties":{"code_insee":"95509","nom_commune":"Puiseux-en-France","code_rne":"0951354F","nom_college":"Collège André Malraux"}},{"type":"Feature","geometry":{"type":"Polygon","coordinates":[[[2.48576,48.99933],[2.48795,48.99887],[2.48912,49.00195],[2.48812,49.0022],[2.49402,49.01711],[2.50007,49.02639],[2.50663,49.02486],[2.50726,49.02666],[2.50882,49.02648],[2.50965,49.02855],[2.51659,49.02744],[2.52934,49.02671],[2.52913,49.02447],[2.53501,49.02381],[2.5352,49.02041],[2.5345,49.01858],[2.53724,49.01839],[2.53893,49.01276],[2.54077,49.01163],[2.54514,49.01181],[2.54523,49.01454],[2.54905,49.01472],[2.54992,49.01225],[2.55328,49.01184],[2.55309,49.00677],[2.54882,49.00665],[2.54777,49.00487],[2.54429,49.0047],[2.54406,49.00559],[2.53565,49.00528],[2.5355,49.00656],[2.53224,49.00522],[2.53061,49.00189],[2.52787,49.00028],[2.52437,48.99625],[2.52292,48.99193],[2.52053,48.99207],[2.51882,48.99076],[2.51894,48.98774],[2.51689,48.98762],[2.51702,48.98618],[2.51265,48.98587],[2.51477,48.98226],[2.51051,48.98067],[2.50672,48.97989],[2.50488,48.9788],[2.5037,48.97947],[2.50188,48.97854],[2.50005,48.97983],[2.50398,48.98678],[2.49592,48.98855],[2.49333,48.9899],[2.48801,48.99067],[2.4889,48.99566],[2.484,48.99652],[2.48576,48.99933]]]},"properties":{"code_insee":"95527","nom_commune":"Roissy-en-France","code_rne":"0950908W","nom_college":"Collège François Mauriac"}},{"type":"Feature","geometry":{"type":"Polygon","coordinates":[[[2.33748,48.99275],[2.33167,48.99571],[2.33312,48.9995],[2.33024,48.99991],[2.33154,49.00157],[2.32928,49.00197],[2.32081,49.00543],[2.32115,49.00754],[2.3223,49.01007],[2.32687,49.00984],[2.34547,49.00579],[2.3474,49.01042],[2.34965,49.01267],[2.3517,49.01316],[2.35785,49.01635],[2.36345,49.02004],[2.36222,49.01667],[2.36257,49.01411],[2.36175,49.01177],[2.36592,49.00592],[2.36729,49.00147],[2.36851,48.9994],[2.36853,48.99716],[2.36991,48.99507],[2.3652,48.99314],[2.36649,48.99187],[2.36515,48.99086],[2.36652,48.99005],[2.36569,48.98884],[2.36392,48.98749],[2.36118,48.98659],[2.35928,48.99023],[2.35695,48.98956],[2.35682,48.99118],[2.35047,48.99082],[2.35074,48.99324],[2.33952,48.99379],[2.33748,48.99275]]]},"properties":{"code_insee":"95539","nom_commune":"Saint-Brice-sous-Forêt","code_rne":"0950931W","nom_college":"Collège L'Ardillière de Nézant"}},{"type":"Feature","geometry":{"type":"Polygon","coordinates":[[[2.31242,49.09769],[2.30864,49.09972],[2.31036,49.1007],[2.30892,49.10236],[2.3092,49.10449],[2.3118,49.10817],[2.31536,49.10952],[2.31379,49.11137],[2.31055,49.11378],[2.31864,49.11744],[2.32008,49.12467],[2.33399,49.12206],[2.3368,49.12315],[2.33925,49.11973],[2.34151,49.11757],[2.34878,49.11686],[2.35166,49.11991],[2.35454,49.12126],[2.35616,49.1206],[2.35652,49.11717],[2.3555,49.11437],[2.35519,49.11187],[2.3578,49.11176],[2.35833,49.10997],[2.36061,49.10981],[2.36007,49.10776],[2.36145,49.10705],[2.36001,49.10593],[2.35175,49.09438],[2.34778,49.09221],[2.34582,49.08997],[2.34392,49.09001],[2.34439,49.08752],[2.34666,49.08659],[2.3485,49.08367],[2.35035,49.08232],[2.34898,49.07921],[2.34309,49.0776],[2.33879,49.07692],[2.33636,49.08133],[2.33474,49.08273],[2.33085,49.08187],[2.33071,49.08362],[2.33208,49.08556],[2.33419,49.08614],[2.3329,49.08892],[2.33057,49.08776],[2.32501,49.08686],[2.32467,49.08781],[2.32611,49.09046],[2.32762,49.0914],[2.32487,49.09211],[2.32386,49.09339],[2.3201,49.09419],[2.31242,49.09769]]]},"properties":{"code_insee":"95566","nom_commune":"Saint-Martin-du-Tertre","code_rne":"0951052C","nom_college":"Collège Blaise Pascal"}},{"type":"Feature","geometry":{"type":"Polygon","coordinates":[[[2.55948,49.09762],[2.56132,49.09694],[2.56289,49.09748],[2.56664,49.09419],[2.56795,49.09477],[2.57316,49.09422],[2.57466,49.09322],[2.57868,49.09195],[2.5799,49.08971],[2.57785,49.08804],[2.57989,49.08669],[2.57885,49.08445],[2.58273,49.08245],[2.58302,49.08065],[2.5723,49.07706],[2.56892,49.07546],[2.56773,49.07696],[2.56547,49.07656],[2.56118,49.07836],[2.55739,49.0781],[2.5539,49.07865],[2.55227,49.07991],[2.54974,49.07965],[2.54857,49.07713],[2.54883,49.07363],[2.54731,49.07057],[2.54574,49.07039],[2.54087,49.0718],[2.54027,49.07544],[2.53931,49.07549],[2.53898,49.07789],[2.53522,49.07905],[2.5344,49.08017],[2.52906,49.07839],[2.52947,49.08042],[2.52657,49.08027],[2.52511,49.08122],[2.52359,49.08592],[2.52466,49.0874],[2.52452,49.09789],[2.52616,49.09765],[2.52845,49.09637],[2.53077,49.0961],[2.53042,49.09192],[2.53754,49.09168],[2.54125,49.09243],[2.54453,49.09148],[2.54568,49.09225],[2.54971,49.09166],[2.55095,49.09273],[2.54932,49.09426],[2.54947,49.09615],[2.55447,49.0956],[2.55755,49.09591],[2.55948,49.09762]]]},"properties":{"code_insee":"95580","nom_commune":"Saint-Witz","code_rne":"0951919V","nom_college":"Collège Françoise Dolto"}},{"type":"Feature","geometry":{"type":"Polygon","coordinates":[[[2.39604,49.11566],[2.38913,49.11644],[2.38338,49.11787],[2.38516,49.12026],[2.3849,49.12534],[2.38352,49.12724],[2.38675,49.12899],[2.39291,49.1284],[2.39455,49.12741],[2.40128,49.12696],[2.4029,49.12886],[2.40577,49.12841],[2.40784,49.12631],[2.39962,49.12142],[2.39886,49.1203],[2.40187,49.1194],[2.40188,49.11791],[2.39988,49.11625],[2.39647,49.11634],[2.39604,49.11566]]]},"properties":{"code_insee":"95594","nom_commune":"Seugy","code_rne":"0951052C","nom_college":"Collège Blaise Pascal"}},{"type":"Feature","geometry":{"type":"Polygon","coordinates":[[[2.53106,49.0996],[2.53299,49.11938],[2.53684,49.12],[2.53862,49.12166],[2.54265,49.12206],[2.54367,49.11972],[2.53853,49.11861],[2.53976,49.11645],[2.54716,49.11621],[2.54744,49.12026],[2.54897,49.12196],[2.55329,49.1246],[2.55702,49.12382],[2.55714,49.12171],[2.55602,49.11762],[2.55153,49.1126],[2.55261,49.11107],[2.55575,49.10904],[2.55813,49.10378],[2.55854,49.10184],[2.55771,49.09996],[2.55817,49.09839],[2.55948,49.09762],[2.55755,49.09591],[2.55447,49.0956],[2.54947,49.09615],[2.54932,49.09426],[2.55095,49.09273],[2.54971,49.09166],[2.54568,49.09225],[2.54453,49.09148],[2.54125,49.09243],[2.53754,49.09168],[2.53042,49.09192],[2.53106,49.0996]]]},"properties":{"code_insee":"95604","nom_commune":"Survilliers","code_rne":"0950926R","nom_college":"Collège Stendhal"}},{"type":"Feature","geometry":{"type":"Polygon","coordinates":[[[2.48576,48.99933],[2.48349,48.99925],[2.48358,49.00112],[2.48644,49.00123],[2.48812,49.0022],[2.48912,49.00195],[2.48795,48.99887],[2.48576,48.99933]]]},"properties":{"code_insee":"95633","nom_commune":"Vaudherland","code_rne":"0950025L","nom_college":"Collège Philippe Auguste"}},{"type":"Feature","geometry":{"type":"Polygon","coordinates":[[[2.58302,49.08065],[2.58655,49.07979],[2.59052,49.07965],[2.59013,49.07786],[2.5872,49.07604],[2.5855,49.07262],[2.58358,49.07018],[2.5756,49.06505],[2.57096,49.06056],[2.57419,49.05415],[2.58577,49.05781],[2.58658,49.05565],[2.58494,49.05404],[2.58472,49.0526],[2.58786,49.0499],[2.59447,49.04781],[2.59447,49.04714],[2.58408,49.04698],[2.57703,49.0461],[2.56934,49.03959],[2.56771,49.0414],[2.56948,49.04108],[2.57017,49.04233],[2.56813,49.04346],[2.56901,49.04431],[2.57061,49.04827],[2.56973,49.04994],[2.56559,49.04586],[2.55591,49.05032],[2.55344,49.05118],[2.55086,49.05136],[2.55003,49.05312],[2.55074,49.05637],[2.55422,49.05905],[2.55367,49.05957],[2.55015,49.05715],[2.55119,49.06018],[2.55269,49.06039],[2.5498,49.06278],[2.54709,49.07008],[2.54574,49.07039],[2.54731,49.07057],[2.54883,49.07363],[2.54857,49.07713],[2.54974,49.07965],[2.55227,49.07991],[2.5539,49.07865],[2.55739,49.0781],[2.56118,49.07836],[2.56547,49.07656],[2.56773,49.07696],[2.56892,49.07546],[2.5723,49.07706],[2.58302,49.08065]]]},"properties":{"code_insee":"95641","nom_commune":"Vémars","code_rne":"0950908W","nom_college":"Collège François Mauriac"}},{"type":"Feature","geometry":{"type":"Polygon","coordinates":[[[2.52906,49.07839],[2.5344,49.08017],[2.53522,49.07905],[2.53898,49.07789],[2.53931,49.07549],[2.54027,49.07544],[2.54087,49.0718],[2.54709,49.07008],[2.5498,49.06278],[2.55269,49.06039],[2.55119,49.06018],[2.55015,49.05715],[2.55367,49.05957],[2.55422,49.05905],[2.55074,49.05637],[2.55003,49.05312],[2.54813,49.05317],[2.54496,49.0503],[2.54154,49.05111],[2.54092,49.05017],[2.53833,49.05121],[2.53573,49.05076],[2.53475,49.04699],[2.53338,49.04577],[2.53072,49.04569],[2.52913,49.04277],[2.52828,49.03796],[2.52603,49.0385],[2.52674,49.04359],[2.52784,49.04601],[2.52818,49.04879],[2.52724,49.05015],[2.51658,49.05203],[2.51529,49.05277],[2.52683,49.06782],[2.52822,49.07038],[2.52906,49.07839]]]},"properties":{"code_insee":"95675","nom_commune":"Villeron","code_rne":"0950908W","nom_college":"Collège François Mauriac"}},{"type":"Feature","geometry":{"type":"Polygon","coordinates":[[[2.18737,49.17322],[2.1924,49.17362],[2.19552,49.17318],[2.19905,49.17529],[2.20124,49.17417],[2.20496,49.17432],[2.20968,49.17553],[2.21705,49.17933],[2.21865,49.18068],[2.22028,49.1792],[2.22392,49.17395],[2.22632,49.17251],[2.23077,49.1708],[2.23541,49.16703],[2.23436,49.166],[2.22456,49.1623],[2.22258,49.15933],[2.21636,49.15438],[2.20624,49.15847],[2.20299,49.16177],[2.20028,49.16343],[2.19844,49.16646],[2.19304,49.16842],[2.19063,49.16859],[2.18882,49.16959],[2.18737,49.17322]]]},"properties":{"code_insee":"95529","nom_commune":"Ronquerolles","code_rne":"0952325L","nom_college":"Collège Suzanne Lenglen"}},{"type":"Feature","geometry":{"type":"Polygon","coordinates":[[[2.29183,49.00632],[2.29545,49.01055],[2.29776,49.0115],[2.29994,49.01482],[2.30138,49.01581],[2.3005,49.0186],[2.30255,49.02044],[2.30247,49.02225],[2.30138,49.02378],[2.30569,49.02395],[2.30446,49.02265],[2.30439,49.02071],[2.31302,49.01667],[2.31288,49.01482],[2.31158,49.01253],[2.31247,49.00953],[2.31403,49.00799],[2.31111,49.00619],[2.31247,49.0052],[2.31063,49.00202],[2.30974,49.0017],[2.3061,49.00232],[2.30522,48.99958],[2.30365,48.99738],[2.29587,48.99571],[2.29286,48.99584],[2.29034,48.9967],[2.29218,48.99881],[2.29415,48.99954],[2.29593,49.00233],[2.29456,49.00344],[2.29503,49.00605],[2.29183,49.00632]]]},"properties":{"code_insee":"95014","nom_commune":"Andilly","code_rne":"0951352D","nom_college":"Collège Albert Schweitzer"}},{"type":"Feature","geometry":{"type":"Polygon","coordinates":[[[2.23487,49.04937],[2.23466,49.05147],[2.24089,49.05319],[2.2391,49.05624],[2.24225,49.05655],[2.246,49.05876],[2.24778,49.06062],[2.24859,49.06318],[2.25263,49.06623],[2.25097,49.06897],[2.25166,49.07046],[2.25708,49.07065],[2.26016,49.06871],[2.26147,49.06166],[2.2627,49.05828],[2.26168,49.05491],[2.25923,49.0536],[2.2595,49.04371],[2.25315,49.04142],[2.24152,49.04464],[2.23878,49.0463],[2.23823,49.04761],[2.23487,49.04937]]]},"properties":{"code_insee":"95061","nom_commune":"Béthemont-la-Forêt","code_rne":"0951197K","nom_college":"Collège Georges Brassens"}},{"type":"Feature","geometry":{"type":"Polygon","coordinates":[[[1.99188,49.02101],[1.99153,49.02375],[1.99939,49.02373],[1.99916,49.02729],[2.00469,49.02783],[2.00893,49.02745],[2.0097,49.02686],[2.01158,49.01758],[2.0137,49.0175],[2.01374,49.01557],[2.01512,49.0142],[2.00897,49.01126],[2.01008,49.00968],[2.00763,49.00824],[2.00489,49.01007],[1.99188,49.02101]]]},"properties":{"code_insee":"95074","nom_commune":"Boisemont","code_rne":"0951233Z","nom_college":"Collège Frania Eisenbach-Haverland"}},{"type":"Feature","geometry":{"type":"Polygon","coordinates":[[[2.0097,49.02686],[2.00893,49.02745],[2.00469,49.02783],[1.99916,49.02729],[1.99939,49.02373],[1.99153,49.02375],[1.99164,49.02699],[1.9932,49.02843],[1.99279,49.03],[1.98742,49.03399],[1.98364,49.03456],[1.98513,49.03924],[1.98436,49.03988],[1.98605,49.04383],[1.98772,49.05027],[1.99158,49.05477],[1.99434,49.06071],[2.00526,49.05729],[2.0106,49.05612],[2.01001,49.05558],[2.00324,49.05379],[1.99997,49.05177],[2.00473,49.05024],[2.00833,49.04829],[2.00903,49.04672],[2.00705,49.04457],[2.01044,49.04385],[2.01583,49.03987],[2.0107,49.03712],[2.0127,49.02768],[2.0097,49.02686]]]},"properties":{"code_insee":"95183","nom_commune":"Courdimanche","code_rne":"0951724H","nom_college":"Collège Sainte-Apolline"}},{"type":"Feature","geometry":{"type":"Polygon","coordinates":[[[2.03823,49.03373],[2.04982,49.02878],[2.05011,49.02669],[2.05615,49.02319],[2.05777,49.02279],[2.05914,49.02474],[2.06097,49.02546],[2.06654,49.02134],[2.07298,49.01839],[2.07546,49.018],[2.0766,49.01926],[2.08087,49.019],[2.08092,49.01733],[2.07975,49.01584],[2.08491,49.01468],[2.08322,49.01103],[2.08172,49.00896],[2.07893,49.00756],[2.07489,49.00644],[2.07546,49.00226],[2.07169,49.00171],[2.06854,49.00548],[2.0568,49.01371],[2.0492,49.01816],[2.04288,49.02281],[2.03634,49.03031],[2.0366,49.03188],[2.03823,49.03373]]]},"properties":{"code_insee":"95450","nom_commune":"Neuville-sur-Oise","code_rne":"0951527U","nom_college":"Collège Henri Guillaumet"}},{"type":"Feature","geometry":{"type":"Polygon","coordinates":[[[1.91367,49.10784],[1.89897,49.11417],[1.90607,49.11681],[1.90872,49.11947],[1.91512,49.11549],[1.91343,49.11296],[1.917,49.11109],[1.91367,49.10784]]]},"properties":{"code_insee":"95282","nom_commune":"Gouzangrez","code_rne":"0952080V","nom_college":"Collège Roland Vasseur"}},{"type":"Feature","geometry":{"type":"Polygon","coordinates":[[[2.29034,48.9967],[2.2811,48.99818],[2.28309,48.99967],[2.28386,49.00155],[2.28314,49.00294],[2.28499,49.00317],[2.28992,49.00645],[2.29503,49.00605],[2.29456,49.00344],[2.29593,49.00233],[2.29415,48.99954],[2.29218,48.99881],[2.29034,48.9967]]]},"properties":{"code_insee":"95369","nom_commune":"Margency","code_rne":"0951352D","nom_college":"Collège Albert Schweitzer"}},{"type":"Feature","geometry":{"type":"Polygon","coordinates":[[[2.29183,49.00632],[2.28992,49.00645],[2.28499,49.00317],[2.28314,49.00294],[2.27338,49.00649],[2.27413,49.00739],[2.27823,49.00861],[2.27938,49.0109],[2.28163,49.01172],[2.28163,49.01436],[2.28081,49.01724],[2.28584,49.02061],[2.28597,49.02269],[2.28918,49.02149],[2.29195,49.02444],[2.29277,49.02786],[2.30138,49.02378],[2.30247,49.02225],[2.30255,49.02044],[2.3005,49.0186],[2.30138,49.01581],[2.29994,49.01482],[2.29776,49.0115],[2.29545,49.01055],[2.29183,49.00632]]]},"properties":{"code_insee":"95426","nom_commune":"Montlignon","code_rne":"0951992Z","nom_college":"Collège Louis Augustin Bosc"}},{"type":"Feature","geometry":{"type":"Polygon","coordinates":[[[2.25234,49.00185],[2.25324,49.00578],[2.25564,49.00884],[2.25532,49.0131],[2.256,49.01543],[2.26194,49.01979],[2.26071,49.02168],[2.25578,49.02496],[2.25827,49.04001],[2.26368,49.0386],[2.26785,49.03855],[2.2944,49.03024],[2.29748,49.02849],[2.29557,49.02678],[2.29277,49.02786],[2.29195,49.02444],[2.28918,49.02149],[2.28597,49.02269],[2.28584,49.02061],[2.28081,49.01724],[2.28163,49.01436],[2.28163,49.01172],[2.27938,49.0109],[2.27823,49.00861],[2.27413,49.00739],[2.27338,49.00649],[2.27269,49.00662],[2.26982,49.00343],[2.26647,49.00101],[2.26442,49.00073],[2.26347,48.99817],[2.25637,48.99992],[2.25234,49.00185]]]},"properties":{"code_insee":"95574","nom_commune":"Saint-Prix","code_rne":"0951992Z","nom_college":"Collège Louis Augustin Bosc"}},{"type":"Feature","geometry":{"type":"Polygon","coordinates":[[[1.70633,49.07775],[1.70831,49.0788],[1.71992,49.07523],[1.72149,49.076],[1.73226,49.07403],[1.73304,49.07147],[1.73708,49.0733],[1.74027,49.07356],[1.74104,49.07134],[1.73448,49.06522],[1.73489,49.06473],[1.73041,49.06255],[1.72976,49.05953],[1.7284,49.05939],[1.72225,49.05245],[1.71917,49.05301],[1.71772,49.05412],[1.71282,49.05315],[1.71199,49.05345],[1.71107,49.05628],[1.71113,49.05812],[1.71522,49.06115],[1.71506,49.06367],[1.7135,49.06367],[1.7102,49.07036],[1.71163,49.0727],[1.70633,49.07775]]]},"properties":{"code_insee":"95656","nom_commune":"Vienne-en-Arthies","code_rne":"0952079U","nom_college":"Collège Rosa Bonheur"}},{"type":"Feature","geometry":{"type":"Polygon","coordinates":[[[1.97861,49.06926],[1.97582,49.06723],[1.97513,49.06602],[1.97194,49.06693],[1.97029,49.06538],[1.96803,49.06626],[1.96591,49.06603],[1.9622,49.0675],[1.96504,49.0711],[1.95874,49.0718],[1.96087,49.07312],[1.95571,49.07579],[1.95633,49.07633],[1.95322,49.07821],[1.95397,49.07938],[1.95224,49.08172],[1.95482,49.08325],[1.95118,49.08598],[1.95595,49.08771],[1.95892,49.09289],[1.9618,49.09371],[1.9718,49.0941],[1.97199,49.09559],[1.9739,49.09658],[1.97738,49.097],[1.97963,49.09881],[1.97872,49.10141],[1.98419,49.10372],[1.98794,49.10701],[1.98738,49.10832],[1.98902,49.10918],[1.99115,49.10806],[1.99,49.10659],[1.99305,49.1055],[1.99068,49.10303],[1.99407,49.10276],[1.99284,49.10006],[1.99326,49.09867],[1.99176,49.09781],[1.99226,49.09457],[1.99315,49.09358],[1.99133,49.09102],[1.99276,49.08972],[1.99175,49.08815],[1.99272,49.08707],[1.99047,49.08536],[1.99356,49.08483],[1.99508,49.08343],[1.99338,49.08171],[1.98683,49.07801],[1.97537,49.07321],[1.97839,49.07142],[1.97861,49.06926]]]},"properties":{"code_insee":"95002","nom_commune":"Ableiges","code_rne":"0952080V","nom_college":"Collège Roland Vasseur"}},{"type":"Feature","geometry":{"type":"Polygon","coordinates":[[[1.74633,49.07284],[1.74706,49.07593],[1.75107,49.07923],[1.75395,49.08013],[1.75557,49.08228],[1.75501,49.08349],[1.75517,49.08767],[1.76886,49.08712],[1.77071,49.08763],[1.77342,49.08984],[1.77752,49.08976],[1.77707,49.08716],[1.78091,49.08717],[1.79396,49.08157],[1.79579,49.07812],[1.79655,49.07223],[1.79984,49.06456],[1.79511,49.06335],[1.79648,49.06203],[1.79223,49.06066],[1.7943,49.05819],[1.79083,49.05751],[1.78603,49.05789],[1.78452,49.0568],[1.77777,49.05658],[1.7761,49.05748],[1.77386,49.05701],[1.76721,49.0581],[1.76554,49.05985],[1.76425,49.05958],[1.7601,49.06342],[1.75791,49.0634],[1.75598,49.06516],[1.75228,49.06478],[1.74837,49.0661],[1.74834,49.06836],[1.74633,49.07284]]]},"properties":{"code_insee":"95008","nom_commune":"Aincourt","code_rne":"0951102G","nom_college":"Collège Claude Monet"}},{"type":"Feature","geometry":{"type":"Polygon","coordinates":[[[1.67444,49.13931],[1.67527,49.14049],[1.6726,49.14198],[1.67028,49.14237],[1.67163,49.145],[1.67472,49.14511],[1.67698,49.14598],[1.675,49.14858],[1.67301,49.14978],[1.67435,49.15185],[1.67867,49.1562],[1.68277,49.15735],[1.69367,49.16371],[1.69844,49.16714],[1.70627,49.16493],[1.70887,49.16614],[1.70932,49.17186],[1.71091,49.17247],[1.71825,49.17331],[1.72219,49.172],[1.72141,49.17019],[1.71804,49.16626],[1.71879,49.16568],[1.71832,49.16496],[1.70859,49.15884],[1.70577,49.1541],[1.70662,49.15244],[1.70509,49.14875],[1.70661,49.14849],[1.70527,49.14619],[1.70719,49.14502],[1.70702,49.14304],[1.70278,49.1361],[1.70076,49.13428],[1.69944,49.13477],[1.69381,49.13079],[1.69206,49.12866],[1.67875,49.13808],[1.67895,49.13884],[1.67444,49.13931]]]},"properties":{"code_insee":"95011","nom_commune":"Ambleville","code_rne":"0952079U","nom_college":"Collège Rosa Bonheur"}},{"type":"Feature","geometry":{"type":"Polygon","coordinates":[[[1.62703,49.10513],[1.6296,49.10752],[1.62956,49.10995],[1.63311,49.11105],[1.63275,49.1124],[1.63452,49.11313],[1.63505,49.1143],[1.64008,49.11685],[1.64172,49.11645],[1.64457,49.11845],[1.64557,49.12075],[1.64666,49.12138],[1.64648,49.12399],[1.64975,49.12527],[1.65035,49.12721],[1.6528,49.12817],[1.65278,49.12952],[1.65599,49.13039],[1.66189,49.12993],[1.6713,49.12747],[1.67123,49.12396],[1.66979,49.11851],[1.66963,49.11523],[1.67386,49.11062],[1.67464,49.10855],[1.6765,49.10811],[1.66576,49.10203],[1.65838,49.09578],[1.65218,49.10361],[1.65318,49.10514],[1.65612,49.1053],[1.6517,49.10878],[1.64366,49.10612],[1.64298,49.1054],[1.64458,49.10347],[1.64427,49.10182],[1.64818,49.10098],[1.64894,49.10031],[1.64535,49.09759],[1.64008,49.09764],[1.64033,49.09891],[1.63312,49.10034],[1.63152,49.0971],[1.63227,49.09652],[1.6304,49.09373],[1.63319,49.09095],[1.63034,49.08904],[1.62679,49.08812],[1.62332,49.08608],[1.61913,49.08776],[1.61891,49.08866],[1.62319,49.09088],[1.62309,49.09341],[1.61754,49.09399],[1.61858,49.09698],[1.62084,49.09757],[1.62202,49.10104],[1.62754,49.10306],[1.62703,49.10513]]]},"properties":{"code_insee":"95012","nom_commune":"Amenucourt","code_rne":"0952079U","nom_college":"Collège Rosa Bonheur"}},{"type":"Feature","geometry":{"type":"Polygon","coordinates":[[[1.79655,49.07223],[1.79579,49.07812],[1.79396,49.08157],[1.78091,49.08717],[1.77707,49.08716],[1.77752,49.08976],[1.78051,49.09229],[1.78074,49.0959],[1.77949,49.09733],[1.78153,49.09918],[1.78207,49.10454],[1.79354,49.11484],[1.79772,49.11352],[1.80023,49.11201],[1.80117,49.11255],[1.80825,49.11015],[1.80906,49.11087],[1.81533,49.10798],[1.81384,49.10653],[1.81845,49.10444],[1.8154,49.10182],[1.80754,49.09967],[1.80991,49.09711],[1.8056,49.09516],[1.80672,49.09427],[1.80432,49.09237],[1.80229,49.08628],[1.80132,49.08592],[1.8028,49.08278],[1.8037,49.08211],[1.8098,49.08021],[1.81112,49.07851],[1.81296,49.07918],[1.81539,49.07641],[1.81472,49.07543],[1.81056,49.07301],[1.80638,49.07313],[1.80371,49.07389],[1.79655,49.07223]]]},"properties":{"code_insee":"95024","nom_commune":"Arthies","code_rne":"0951102G","nom_college":"Collège Claude Monet"}},{"type":"Feature","geometry":{"type":"Polygon","coordinates":[[[2.1889,49.07215],[2.17858,49.06997],[2.1699,49.06462],[2.1682,49.06421],[2.15806,49.06482],[2.15028,49.06655],[2.14522,49.06701],[2.13917,49.06641],[2.13451,49.06726],[2.13247,49.06689],[2.127,49.064],[2.12487,49.0655],[2.12173,49.06413],[2.12038,49.0647],[2.12248,49.06683],[2.12151,49.06746],[2.12376,49.0703],[2.12341,49.07173],[2.12574,49.07246],[2.12429,49.07384],[2.12577,49.07744],[2.13315,49.08084],[2.12883,49.08442],[2.13033,49.08596],[2.13785,49.09051],[2.14201,49.09196],[2.14304,49.09124],[2.14591,49.09138],[2.14823,49.09273],[2.1455,49.09506],[2.1422,49.09668],[2.14499,49.09897],[2.14731,49.10018],[2.14786,49.10218],[2.14984,49.10416],[2.15108,49.10366],[2.1549,49.10506],[2.16122,49.10319],[2.17048,49.09466],[2.17269,49.09129],[2.17188,49.09092],[2.17359,49.08818],[2.17182,49.08673],[2.18245,49.07674],[2.1869,49.07854],[2.18746,49.0771],[2.18992,49.07539],[2.19116,49.07593],[2.19315,49.07386],[2.1889,49.07215]]]},"properties":{"code_insee":"95039","nom_commune":"Auvers-sur-Oise","code_rne":"0951823R","nom_college":"Collège Charles François Daubigny"}},{"type":"Feature","geometry":{"type":"Polygon","coordinates":[[[1.84889,49.10143],[1.85561,49.09979],[1.86083,49.10475],[1.87207,49.11339],[1.86833,49.11558],[1.87127,49.11766],[1.87663,49.11503],[1.88112,49.1186],[1.88669,49.11598],[1.88742,49.11623],[1.89048,49.11454],[1.89258,49.11671],[1.90578,49.11141],[1.90429,49.10924],[1.89359,49.1016],[1.89498,49.10076],[1.89536,49.09757],[1.89263,49.09513],[1.89091,49.09499],[1.89011,49.0926],[1.89101,49.09225],[1.88864,49.08966],[1.89085,49.08846],[1.88677,49.08454],[1.89248,49.08173],[1.88814,49.0778],[1.89378,49.07494],[1.89059,49.07156],[1.88364,49.07464],[1.88119,49.07269],[1.87591,49.07451],[1.87535,49.07573],[1.87214,49.07603],[1.87061,49.07858],[1.86824,49.0766],[1.86499,49.07726],[1.86296,49.07586],[1.86421,49.07366],[1.85753,49.07238],[1.85575,49.07124],[1.8545,49.07153],[1.8527,49.06874],[1.84929,49.06802],[1.84468,49.06926],[1.83887,49.06977],[1.83424,49.07357],[1.82859,49.07624],[1.8236,49.07667],[1.82033,49.08187],[1.83106,49.08278],[1.83369,49.08634],[1.83818,49.0895],[1.84036,49.09195],[1.84187,49.09155],[1.84471,49.09448],[1.84385,49.09852],[1.84562,49.10042],[1.84753,49.09989],[1.84889,49.10143]]]},"properties":{"code_insee":"95040","nom_commune":"Avernes","code_rne":"0952080V","nom_college":"Collège Roland Vasseur"}},{"type":"Feature","geometry":{"type":"Polygon","coordinates":[[[1.7985,49.13146],[1.79966,49.13218],[1.80358,49.13031],[1.80507,49.13257],[1.80417,49.13338],[1.80648,49.13469],[1.80227,49.13728],[1.80824,49.13987],[1.80975,49.14104],[1.81217,49.13968],[1.81325,49.14101],[1.81892,49.13879],[1.82332,49.14349],[1.82984,49.141],[1.83156,49.14209],[1.83602,49.14036],[1.83565,49.13829],[1.8375,49.13749],[1.8367,49.13532],[1.83752,49.13478],[1.83414,49.13094],[1.83641,49.12988],[1.83499,49.12794],[1.83341,49.1282],[1.83042,49.1258],[1.83147,49.12343],[1.8293,49.12175],[1.83158,49.12006],[1.83028,49.11839],[1.82573,49.11562],[1.82506,49.1144],[1.81533,49.10798],[1.80906,49.11087],[1.80825,49.11015],[1.80117,49.11255],[1.80023,49.11201],[1.79772,49.11352],[1.79354,49.11484],[1.79617,49.11774],[1.79267,49.11956],[1.79249,49.12342],[1.7941,49.12622],[1.79588,49.12749],[1.7985,49.13146]]]},"properties":{"code_insee":"95046","nom_commune":"Banthelu","code_rne":"0951102G","nom_college":"Collège Claude Monet"}},{"type":"Feature","geometry":{"type":"Polygon","coordinates":[[[2.1971,49.00755],[2.1728,49.0143],[2.17369,49.01593],[2.17738,49.01939],[2.1807,49.02367],[2.18316,49.02542],[2.18959,49.02197],[2.20587,49.01957],[2.20364,49.01543],[2.20316,49.0135],[2.20528,49.01273],[2.20167,49.00805],[2.21495,49.00348],[2.21324,49.00172],[2.1971,49.00755]]]},"properties":{"code_insee":"95051","nom_commune":"Beauchamp","code_rne":"0952086B","nom_college":"Collège Montesquieu"}},{"type":"Feature","geometry":{"type":"Polygon","coordinates":[[[2.28641,49.15992],[2.2852,49.16319],[2.28509,49.16571],[2.28756,49.16589],[2.28697,49.16717],[2.2895,49.16803],[2.2888,49.17071],[2.29019,49.17154],[2.29421,49.17161],[2.29572,49.17323],[2.29675,49.17619],[2.29943,49.17584],[2.30004,49.18155],[2.3012,49.18389],[2.30449,49.18393],[2.30629,49.18475],[2.31059,49.18488],[2.31216,49.18335],[2.30956,49.18124],[2.31349,49.17561],[2.31281,49.17526],[2.31437,49.16978],[2.31266,49.16936],[2.31294,49.15894],[2.31431,49.15866],[2.31356,49.15417],[2.31281,49.15408],[2.31192,49.15017],[2.29636,49.1516],[2.29415,49.15116],[2.28641,49.15992]]]},"properties":{"code_insee":"95058","nom_commune":"Bernes-sur-Oise","code_rne":"0952087C","nom_college":"Collège Pierre Perret"}},{"type":"Feature","geometry":{"type":"Polygon","coordinates":[[[2.16831,49.03162],[2.16892,49.03381],[2.17055,49.03624],[2.18311,49.04535],[2.18961,49.04365],[2.18899,49.04221],[2.19071,49.04149],[2.19343,49.04356],[2.19494,49.04396],[2.19699,49.04298],[2.20239,49.04685],[2.20382,49.04524],[2.21243,49.04668],[2.21332,49.04763],[2.21827,49.04619],[2.22059,49.0462],[2.22865,49.04414],[2.22928,49.04234],[2.22812,49.03982],[2.22642,49.03821],[2.22471,49.0342],[2.22122,49.03329],[2.21687,49.03113],[2.19825,49.0321],[2.19681,49.03138],[2.19169,49.03056],[2.18684,49.02827],[2.18316,49.02542],[2.18071,49.02691],[2.16831,49.03162]]]},"properties":{"code_insee":"95060","nom_commune":"Bessancourt","code_rne":"0951400F","nom_college":"Collège Maubuisson"}},{"type":"Feature","geometry":{"type":"Polygon","coordinates":[[[2.02689,49.09651],[2.02866,49.09836],[2.03037,49.09805],[2.03276,49.09909],[2.03316,49.10134],[2.03948,49.10005],[2.03955,49.09928],[2.04366,49.0975],[2.04299,49.09593],[2.04135,49.09494],[2.04608,49.09328],[2.04582,49.09162],[2.04712,49.0913],[2.04388,49.0832],[2.04559,49.08298],[2.0433,49.07772],[2.04126,49.07532],[2.04134,49.07443],[2.03644,49.06736],[2.03463,49.06281],[2.03278,49.06334],[2.0344,49.06627],[2.03174,49.0674],[2.02744,49.06508],[2.02215,49.06674],[2.02618,49.06936],[2.02671,49.07205],[2.02415,49.07394],[2.01915,49.07563],[2.01586,49.07738],[2.01658,49.08143],[2.02018,49.08817],[2.01962,49.0892],[2.02494,49.09278],[2.02437,49.09363],[2.028,49.09602],[2.02689,49.09651]]]},"properties":{"code_insee":"95078","nom_commune":"Boissy-l'Aillerie","code_rne":"0952326M","nom_college":"Collège Marie-José Perec"}},{"type":"Feature","geometry":{"type":"Polygon","coordinates":[[[1.6713,49.12747],[1.66189,49.12993],[1.65599,49.13039],[1.65768,49.13188],[1.65734,49.13585],[1.65657,49.13768],[1.65403,49.13664],[1.65295,49.13824],[1.65306,49.14463],[1.6561,49.14748],[1.65622,49.14846],[1.65835,49.14893],[1.65934,49.15141],[1.66255,49.15241],[1.6643,49.15395],[1.66739,49.15374],[1.66779,49.15496],[1.67055,49.15835],[1.67143,49.15849],[1.67867,49.1562],[1.67435,49.15185],[1.67301,49.14978],[1.675,49.14858],[1.67698,49.14598],[1.67472,49.14511],[1.67163,49.145],[1.67028,49.14237],[1.6726,49.14198],[1.67527,49.14049],[1.67444,49.13931],[1.67034,49.13902],[1.67201,49.13611],[1.67546,49.13482],[1.67547,49.13343],[1.67229,49.13071],[1.6713,49.12747]]]},"properties":{"code_insee":"95101","nom_commune":"Bray-et-Lû","code_rne":"0952079U","nom_college":"Collège Rosa Bonheur"}},{"type":"Feature","geometry":{"type":"Polygon","coordinates":[[[2.00027,49.13574],[2.00501,49.13864],[2.00346,49.13877],[2.00333,49.14058],[2.00073,49.14036],[2.00206,49.14361],[2.00089,49.1463],[2.00135,49.14936],[2.0029,49.14978],[2.00291,49.15158],[1.99587,49.15547],[1.99792,49.15708],[1.99586,49.1589],[1.99907,49.16015],[2.00668,49.16153],[2.00941,49.16279],[2.0124,49.1659],[2.01715,49.16308],[2.02121,49.16336],[2.02347,49.16251],[2.03252,49.162],[2.03754,49.16035],[2.04313,49.16481],[2.04617,49.16414],[2.0467,49.16306],[2.04924,49.16276],[2.04857,49.15911],[2.04968,49.15737],[2.04948,49.15575],[2.05169,49.1558],[2.05484,49.15509],[2.05855,49.15325],[2.04726,49.14823],[2.04424,49.14832],[2.0339,49.13952],[2.0352,49.13844],[2.03091,49.13411],[2.03008,49.1309],[2.02775,49.13091],[2.02731,49.12923],[2.02511,49.1295],[2.02382,49.13093],[2.02169,49.1306],[2.01408,49.13222],[2.01337,49.13123],[2.01134,49.13172],[2.01174,49.13235],[2.00926,49.13369],[2.00734,49.13203],[2.00027,49.13574]]]},"properties":{"code_insee":"95102","nom_commune":"Bréançon","code_rne":"0950936B","nom_college":"Collège des Hautiers"}},{"type":"Feature","geometry":{"type":"Polygon","coordinates":[[[1.9339,49.13206],[1.92996,49.1356],[1.92528,49.13792],[1.92457,49.13958],[1.92983,49.14248],[1.93172,49.14448],[1.93352,49.14376],[1.93715,49.14431],[1.94035,49.14615],[1.94639,49.14564],[1.94839,49.14497],[1.95236,49.14534],[1.95419,49.14679],[1.95776,49.14815],[1.96015,49.14798],[1.96258,49.14693],[1.9528,49.1332],[1.94754,49.13071],[1.94644,49.13121],[1.94396,49.12974],[1.93757,49.13473],[1.9339,49.13206]]]},"properties":{"code_insee":"95110","nom_commune":"Brignancourt","code_rne":"0950936B","nom_college":"Collège des Hautiers"}},{"type":"Feature","geometry":{"type":"Polygon","coordinates":[[[2.19315,49.07386],[2.19116,49.07593],[2.18992,49.07539],[2.18746,49.0771],[2.1869,49.07854],[2.18245,49.07674],[2.17182,49.08673],[2.17359,49.08818],[2.1764,49.08805],[2.1775,49.08702],[2.17981,49.08783],[2.18338,49.08581],[2.18515,49.08624],[2.19077,49.09001],[2.19504,49.0883],[2.19633,49.09241],[2.19931,49.09186],[2.20137,49.09233],[2.20823,49.09106],[2.20605,49.08683],[2.20214,49.08237],[2.2001,49.07927],[2.19704,49.07626],[2.19315,49.07386]]]},"properties":{"code_insee":"95120","nom_commune":"Butry-sur-Oise","code_rne":"0951279Z","nom_college":"Collège Les Coutures"}},{"type":"Feature","geometry":{"type":"Polygon","coordinates":[[[2.21745,49.12417],[2.2129,49.1258],[2.21471,49.12663],[2.21535,49.12897],[2.21323,49.12973],[2.21148,49.1336],[2.21209,49.13576],[2.21145,49.13751],[2.21232,49.13991],[2.21184,49.14305],[2.21068,49.14475],[2.20869,49.14596],[2.19411,49.16136],[2.1924,49.16483],[2.19688,49.16702],[2.19844,49.16646],[2.20028,49.16343],[2.20299,49.16177],[2.20624,49.15847],[2.22034,49.15254],[2.22301,49.15187],[2.22958,49.15129],[2.23877,49.15184],[2.24158,49.15157],[2.2407,49.14941],[2.25277,49.14694],[2.25215,49.14627],[2.25441,49.14403],[2.25545,49.14439],[2.25812,49.14263],[2.25939,49.13991],[2.2586,49.13964],[2.261,49.1367],[2.26361,49.13594],[2.26136,49.1336],[2.25697,49.13184],[2.23765,49.13098],[2.23191,49.12935],[2.22869,49.12912],[2.22066,49.12713],[2.21745,49.12417]]]},"properties":{"code_insee":"95134","nom_commune":"Champagne-sur-Oise","code_rne":"0950898K","nom_college":"Collège Pierre et Marie Curie"}},{"type":"Feature","geometry":{"type":"Polygon","coordinates":[[[1.76694,49.13231],[1.77145,49.13546],[1.77501,49.13616],[1.77963,49.13974],[1.77811,49.14067],[1.77774,49.14247],[1.78041,49.14261],[1.78369,49.14474],[1.78461,49.14338],[1.7844,49.14197],[1.78759,49.14278],[1.78769,49.1402],[1.79172,49.14157],[1.79016,49.14255],[1.78897,49.14512],[1.78983,49.14707],[1.79263,49.14802],[1.79651,49.1474],[1.81325,49.14101],[1.81217,49.13968],[1.80975,49.14104],[1.80824,49.13987],[1.80227,49.13728],[1.80648,49.13469],[1.80417,49.13338],[1.80507,49.13257],[1.80358,49.13031],[1.79966,49.13218],[1.7985,49.13146],[1.79582,49.13248],[1.79259,49.13278],[1.79171,49.13183],[1.78924,49.1325],[1.78584,49.12951],[1.78207,49.12958],[1.78049,49.1307],[1.77906,49.12948],[1.77599,49.12978],[1.77365,49.13072],[1.7719,49.12941],[1.76694,49.13231]]]},"properties":{"code_insee":"95141","nom_commune":"Charmont","code_rne":"0951102G","nom_college":"Collège Claude Monet"}},{"type":"Feature","geometry":{"type":"Polygon","coordinates":[[[1.89356,49.144],[1.89133,49.14917],[1.89318,49.14904],[1.8929,49.15695],[1.89126,49.15686],[1.89124,49.15879],[1.8961,49.15859],[1.8976,49.16034],[1.895,49.16016],[1.89121,49.16311],[1.88244,49.16128],[1.88257,49.16249],[1.88742,49.16322],[1.88727,49.16435],[1.89009,49.16414],[1.89489,49.16483],[1.89453,49.16604],[1.9109,49.1696],[1.91626,49.17142],[1.92199,49.17245],[1.92396,49.17227],[1.92618,49.17333],[1.93148,49.17417],[1.93433,49.17356],[1.93514,49.17209],[1.93491,49.17008],[1.94145,49.17067],[1.9424,49.16997],[1.94533,49.17147],[1.94982,49.17035],[1.96072,49.17352],[1.9627,49.17461],[1.96876,49.17053],[1.97164,49.16947],[1.97261,49.16704],[1.97421,49.16754],[1.97606,49.16683],[1.97799,49.16413],[1.97664,49.16075],[1.975,49.16205],[1.97286,49.16149],[1.96923,49.15663],[1.9669,49.15645],[1.96634,49.15495],[1.96759,49.15416],[1.96347,49.15126],[1.96015,49.14798],[1.95776,49.14815],[1.95419,49.14679],[1.95236,49.14534],[1.94839,49.14497],[1.94639,49.14564],[1.94035,49.14615],[1.93715,49.14431],[1.93352,49.14376],[1.93172,49.14448],[1.92983,49.14248],[1.92457,49.13958],[1.91453,49.14494],[1.90873,49.14105],[1.90756,49.14235],[1.90449,49.14126],[1.90184,49.13905],[1.89356,49.144]]]},"properties":{"code_insee":"95142","nom_commune":"Chars","code_rne":"0950936B","nom_college":"Collège des Hautiers"}},{"type":"Feature","geometry":{"type":"Polygon","coordinates":[[[1.69206,49.12866],[1.69633,49.12657],[1.69887,49.126],[1.72024,49.12337],[1.73309,49.11338],[1.73471,49.11487],[1.73671,49.11422],[1.7383,49.11456],[1.74202,49.11049],[1.74541,49.10781],[1.7444,49.1066],[1.74579,49.10539],[1.74393,49.09989],[1.74092,49.09925],[1.73918,49.10127],[1.71139,49.09522],[1.70545,49.09322],[1.70248,49.09136],[1.69937,49.09233],[1.70145,49.09571],[1.69528,49.0959],[1.69642,49.09843],[1.69387,49.09908],[1.69016,49.10204],[1.69113,49.10465],[1.68899,49.10522],[1.68987,49.10684],[1.68527,49.10785],[1.68288,49.10689],[1.67464,49.10855],[1.67386,49.11062],[1.66963,49.11523],[1.66979,49.11851],[1.67123,49.12396],[1.6713,49.12747],[1.67229,49.13071],[1.67547,49.13343],[1.67546,49.13482],[1.67201,49.13611],[1.67034,49.13902],[1.67444,49.13931],[1.67895,49.13884],[1.67875,49.13808],[1.69206,49.12866]]]},"properties":{"code_insee":"95150","nom_commune":"Chaussy","code_rne":"0952079U","nom_college":"Collège Rosa Bonheur"}},{"type":"Feature","geometry":{"type":"Polygon","coordinates":[[[2.25315,49.04142],[2.2595,49.04371],[2.25923,49.0536],[2.26168,49.05491],[2.2627,49.05828],[2.26147,49.06166],[2.26016,49.06871],[2.25708,49.07065],[2.25536,49.07074],[2.25693,49.07253],[2.25556,49.07375],[2.25679,49.07546],[2.26344,49.07303],[2.26563,49.06934],[2.2659,49.06714],[2.26884,49.06656],[2.27048,49.06863],[2.27192,49.06943],[2.27419,49.06876],[2.27343,49.06612],[2.27171,49.06571],[2.27275,49.06404],[2.2813,49.06571],[2.2811,49.06382],[2.27974,49.06212],[2.27905,49.05978],[2.2792,49.05303],[2.2807,49.04912],[2.28412,49.04993],[2.28501,49.04913],[2.28468,49.04643],[2.28085,49.04355],[2.27668,49.04183],[2.27531,49.03931],[2.27478,49.03644],[2.26785,49.03855],[2.26368,49.0386],[2.25315,49.04142]]]},"properties":{"code_insee":"95151","nom_commune":"Chauvry","code_rne":"0951197K","nom_college":"Collège Georges Brassens"}},{"type":"Feature","geometry":{"type":"Polygon","coordinates":[[[1.65318,49.09558],[1.65855,49.09349],[1.65838,49.09578],[1.66576,49.10203],[1.6765,49.10811],[1.68288,49.10689],[1.68527,49.10785],[1.68987,49.10684],[1.68899,49.10522],[1.69113,49.10465],[1.69016,49.10204],[1.69387,49.09908],[1.69642,49.09843],[1.69528,49.0959],[1.70145,49.09571],[1.69937,49.09233],[1.70248,49.09136],[1.7075,49.09395],[1.70513,49.08148],[1.70385,49.0789],[1.6997,49.07745],[1.69753,49.07559],[1.69616,49.07689],[1.69317,49.07422],[1.688,49.07734],[1.68099,49.07977],[1.67706,49.08177],[1.67025,49.08375],[1.66632,49.0857],[1.65906,49.08643],[1.65582,49.08727],[1.652,49.08715],[1.64854,49.09024],[1.65357,49.09287],[1.65318,49.09558]]]},"properties":{"code_insee":"95157","nom_commune":"Chérence","code_rne":"0952079U","nom_college":"Collège Rosa Bonheur"}},{"type":"Feature","geometry":{"type":"Polygon","coordinates":[[[1.83602,49.14036],[1.83898,49.14005],[1.84067,49.14303],[1.84704,49.14166],[1.84784,49.14413],[1.85752,49.14314],[1.85502,49.13989],[1.86606,49.13926],[1.86877,49.13532],[1.86838,49.1337],[1.86197,49.12976],[1.86459,49.12833],[1.85978,49.12346],[1.85691,49.12183],[1.85554,49.12245],[1.85163,49.12118],[1.85013,49.12121],[1.84796,49.11954],[1.84549,49.11917],[1.84384,49.12064],[1.84123,49.12091],[1.8372,49.12012],[1.83158,49.12006],[1.8293,49.12175],[1.83147,49.12343],[1.83042,49.1258],[1.83341,49.1282],[1.83499,49.12794],[1.83641,49.12988],[1.83414,49.13094],[1.83752,49.13478],[1.8367,49.13532],[1.8375,49.13749],[1.83565,49.13829],[1.83602,49.14036]]]},"properties":{"code_insee":"95166","nom_commune":"Cléry-en-Vexin","code_rne":"0951102G","nom_college":"Collège Claude Monet"}},{"type":"Feature","geometry":{"type":"Polygon","coordinates":[[[1.88112,49.1186],[1.88343,49.12072],[1.8727,49.12526],[1.87502,49.12694],[1.87666,49.12721],[1.87087,49.12998],[1.86956,49.13016],[1.86572,49.13239],[1.86838,49.1337],[1.86877,49.13532],[1.86669,49.13823],[1.87353,49.1406],[1.87626,49.13927],[1.87669,49.13845],[1.87977,49.13915],[1.88418,49.13681],[1.88522,49.13471],[1.88516,49.133],[1.88975,49.13338],[1.89568,49.1303],[1.89452,49.12918],[1.89612,49.12761],[1.90062,49.12852],[1.90851,49.12787],[1.9112,49.12645],[1.91489,49.12669],[1.91354,49.12533],[1.90867,49.1254],[1.90689,49.12477],[1.90573,49.12337],[1.90842,49.12258],[1.90925,49.12144],[1.90872,49.11947],[1.90607,49.11681],[1.89897,49.11417],[1.89258,49.11671],[1.89048,49.11454],[1.88742,49.11623],[1.88669,49.11598],[1.88112,49.1186]]]},"properties":{"code_insee":"95169","nom_commune":"Commeny","code_rne":"0952080V","nom_college":"Collège Roland Vasseur"}},{"type":"Feature","geometry":{"type":"Polygon","coordinates":[[[1.96095,49.0348],[1.96048,49.03377],[1.9601,49.02949],[1.95828,49.02679],[1.95446,49.02579],[1.95495,49.02453],[1.9496,49.02447],[1.94841,49.02654],[1.94558,49.02592],[1.94442,49.02375],[1.9423,49.02391],[1.9378,49.02178],[1.93372,49.02635],[1.92533,49.03306],[1.92389,49.03481],[1.92245,49.03498],[1.91818,49.03748],[1.91645,49.03973],[1.91247,49.04161],[1.91662,49.05183],[1.92142,49.05099],[1.931,49.05045],[1.93628,49.04857],[1.93895,49.04813],[1.94128,49.0485],[1.94454,49.05098],[1.94688,49.04955],[1.94792,49.04749],[1.94739,49.0451],[1.94817,49.04268],[1.95049,49.04218],[1.94839,49.0407],[1.95515,49.04036],[1.96095,49.0348]]]},"properties":{"code_insee":"95170","nom_commune":"Condécourt","code_rne":"0952080V","nom_college":"Collège Roland Vasseur"}},{"type":"Feature","geometry":{"type":"Polygon","coordinates":[[[2.02689,49.09651],[2.0223,49.09803],[2.02256,49.10019],[2.01755,49.10179],[2.0153,49.09922],[2.00504,49.10273],[2.00247,49.10027],[2.00094,49.10108],[1.99928,49.09981],[1.99407,49.10276],[1.99068,49.10303],[1.99305,49.1055],[1.99,49.10659],[1.99115,49.10806],[1.99414,49.11045],[1.99619,49.11073],[2.00062,49.11343],[1.99903,49.11455],[2.00141,49.1159],[2.00417,49.11443],[2.00511,49.11533],[2.00417,49.11813],[2.00576,49.11905],[2.00364,49.11991],[2.00622,49.12271],[2.00345,49.1238],[2.00602,49.12532],[2.00751,49.1269],[2.00573,49.12816],[2.01134,49.13172],[2.01337,49.13123],[2.01408,49.13222],[2.02169,49.1306],[2.02382,49.13093],[2.02511,49.1295],[2.02731,49.12923],[2.02775,49.13091],[2.03008,49.1309],[2.02979,49.1275],[2.03597,49.12451],[2.03762,49.12181],[2.03714,49.12104],[2.03949,49.1193],[2.03723,49.11767],[2.0422,49.11432],[2.03678,49.11255],[2.04166,49.11067],[2.04128,49.10856],[2.04394,49.1082],[2.04219,49.10393],[2.04199,49.10209],[2.03968,49.10105],[2.03948,49.10005],[2.03316,49.10134],[2.03276,49.09909],[2.03037,49.09805],[2.02866,49.09836],[2.02689,49.09651]]]},"properties":{"code_insee":"95177","nom_commune":"Cormeilles-en-Vexin","code_rne":"0950936B","nom_college":"Collège des Hautiers"}},{"type":"Feature","geometry":{"type":"Polygon","coordinates":[[[1.97861,49.06926],[1.97839,49.07142],[1.97537,49.07321],[1.98683,49.07801],[1.99338,49.08171],[1.99508,49.08343],[1.9981,49.08145],[1.99921,49.0798],[2.00325,49.07922],[2.00524,49.07806],[2.01087,49.07705],[2.01504,49.07746],[2.01308,49.07422],[2.01282,49.07044],[2.01366,49.0695],[2.01067,49.06563],[2.00895,49.0658],[2.00534,49.06507],[1.99887,49.06757],[1.99474,49.06342],[1.98768,49.06556],[1.97861,49.06926]]]},"properties":{"code_insee":"95181","nom_commune":"Courcelles-sur-Viosne","code_rne":"0952080V","nom_college":"Collège Roland Vasseur"}},{"type":"Feature","geometry":{"type":"Polygon","coordinates":[[[2.09041,49.07221],[2.08678,49.07431],[2.08691,49.0771],[2.08567,49.07813],[2.08642,49.07984],[2.08633,49.08177],[2.08414,49.0842],[2.08611,49.08403],[2.08687,49.08636],[2.09228,49.08444],[2.10075,49.08941],[2.11647,49.09358],[2.11963,49.09214],[2.1182,49.09047],[2.12793,49.08608],[2.13033,49.08596],[2.12883,49.08442],[2.13315,49.08084],[2.12577,49.07744],[2.12429,49.07384],[2.12574,49.07246],[2.12341,49.07173],[2.12376,49.0703],[2.12151,49.06746],[2.12248,49.06683],[2.12038,49.0647],[2.11625,49.0618],[2.11412,49.06194],[2.11296,49.06055],[2.11104,49.05967],[2.10726,49.05977],[2.10499,49.06041],[2.10467,49.06248],[2.10626,49.06351],[2.10366,49.0654],[2.10386,49.06728],[2.10126,49.06809],[2.09611,49.07195],[2.09117,49.07298],[2.09041,49.07221]]]},"properties":{"code_insee":"95211","nom_commune":"Ennery","code_rne":"0950896H","nom_college":"Collège Nicolas Flamel"}},{"type":"Feature","geometry":{"type":"Polygon","coordinates":[[[2.08531,49.14908],[2.08826,49.14882],[2.09128,49.14545],[2.09118,49.1431],[2.08949,49.14334],[2.0887,49.14192],[2.08545,49.14212],[2.08564,49.13901],[2.08996,49.13736],[2.08849,49.1294],[2.09143,49.12823],[2.09357,49.12811],[2.09372,49.12688],[2.09305,49.12181],[2.09354,49.11965],[2.09185,49.11636],[2.08856,49.1137],[2.08947,49.11299],[2.07922,49.10667],[2.07751,49.10649],[2.07697,49.10482],[2.07398,49.10292],[2.07262,49.10081],[2.06562,49.10178],[2.06376,49.10285],[2.0654,49.10394],[2.0649,49.1065],[2.06057,49.10956],[2.05385,49.11075],[2.05379,49.10984],[2.05017,49.10943],[2.0496,49.11245],[2.05034,49.11326],[2.05041,49.11551],[2.04643,49.11581],[2.04704,49.11689],[2.04756,49.12174],[2.04942,49.12121],[2.05317,49.12316],[2.05255,49.12383],[2.055,49.125],[2.05562,49.12595],[2.0598,49.12789],[2.06176,49.13099],[2.06417,49.13128],[2.06394,49.13299],[2.06488,49.13654],[2.06748,49.13998],[2.06739,49.14336],[2.07258,49.14407],[2.07607,49.1461],[2.08054,49.14498],[2.08044,49.14678],[2.08128,49.14777],[2.08456,49.14782],[2.08531,49.14908]]]},"properties":{"code_insee":"95213","nom_commune":"Épiais-Rhus","code_rne":"0950936B","nom_college":"Collège des Hautiers"}},{"type":"Feature","geometry":{"type":"Polygon","coordinates":[[[1.84064,49.06933],[1.84468,49.06926],[1.84929,49.06802],[1.8527,49.06874],[1.8545,49.07153],[1.85575,49.07124],[1.85753,49.07238],[1.86421,49.07366],[1.86296,49.07586],[1.86499,49.07726],[1.86824,49.0766],[1.87061,49.07858],[1.87214,49.07603],[1.87535,49.07573],[1.87591,49.07451],[1.88119,49.07269],[1.88364,49.07464],[1.89656,49.06875],[1.89507,49.06707],[1.89631,49.06641],[1.89379,49.06379],[1.88909,49.06152],[1.88828,49.06175],[1.88399,49.0589],[1.88097,49.0605],[1.8784,49.05815],[1.87929,49.05753],[1.87665,49.05558],[1.87238,49.05611],[1.86966,49.05408],[1.8672,49.05474],[1.86739,49.05663],[1.86223,49.05903],[1.85831,49.05991],[1.85468,49.06205],[1.85213,49.06272],[1.85078,49.06209],[1.84886,49.06248],[1.84689,49.06113],[1.8451,49.06197],[1.84447,49.06318],[1.84144,49.06479],[1.84171,49.06564],[1.84064,49.06933]]]},"properties":{"code_insee":"95253","nom_commune":"Frémainville","code_rne":"0952080V","nom_college":"Collège Roland Vasseur"}},{"type":"Feature","geometry":{"type":"Polygon","coordinates":[[[1.98207,49.13082],[1.98549,49.13183],[1.98619,49.13052],[1.99028,49.13243],[1.99509,49.1315],[2.00027,49.13574],[2.00734,49.13203],[2.00926,49.13369],[2.01174,49.13235],[2.00573,49.12816],[2.00751,49.1269],[2.00602,49.12532],[2.00345,49.1238],[2.00622,49.12271],[2.00364,49.11991],[2.00576,49.11905],[2.00417,49.11813],[2.00511,49.11533],[2.00417,49.11443],[2.00141,49.1159],[1.99903,49.11455],[2.00062,49.11343],[1.99619,49.11073],[1.99414,49.11045],[1.99115,49.10806],[1.98902,49.10918],[1.99023,49.10999],[1.97818,49.1202],[1.97534,49.1246],[1.97519,49.12537],[1.978,49.12686],[1.98065,49.1301],[1.98207,49.13082]]]},"properties":{"code_insee":"95254","nom_commune":"Frémécourt","code_rne":"0950936B","nom_college":"Collège des Hautiers"}},{"type":"Feature","geometry":{"type":"Polygon","coordinates":[[[2.17389,49.03877],[2.17381,49.03994],[2.17517,49.04399],[2.17489,49.04543],[2.17619,49.04633],[2.18631,49.04696],[2.196,49.05112],[2.19709,49.05238],[2.2021,49.05517],[2.20215,49.05872],[2.2029,49.06083],[2.20666,49.06102],[2.20735,49.05949],[2.20954,49.05801],[2.21261,49.05904],[2.21721,49.05487],[2.21907,49.0538],[2.2216,49.05402],[2.22617,49.05282],[2.22795,49.0529],[2.2313,49.05179],[2.22388,49.0453],[2.22059,49.0462],[2.21827,49.04619],[2.21332,49.04763],[2.21243,49.04668],[2.20382,49.04524],[2.20239,49.04685],[2.19699,49.04298],[2.19494,49.04396],[2.19343,49.04356],[2.19071,49.04149],[2.18899,49.04221],[2.18961,49.04365],[2.18311,49.04535],[2.17389,49.03877]]]},"properties":{"code_insee":"95256","nom_commune":"Frépillon","code_rne":"0951400F","nom_college":"Collège Maubuisson"}},{"type":"Feature","geometry":{"type":"Polygon","coordinates":[[[2.17816,48.96351],[2.17925,48.9658],[2.17706,48.96737],[2.17685,48.96903],[2.17555,48.97092],[2.17554,48.9724],[2.17328,48.97564],[2.16635,48.98148],[2.17392,48.98657],[2.17884,48.98567],[2.18172,48.98437],[2.18179,48.98185],[2.18481,48.97719],[2.18317,48.97651],[2.18363,48.9714],[2.18483,48.96805],[2.18579,48.9668],[2.18519,48.9628],[2.18253,48.96144],[2.18063,48.95915],[2.17811,48.95977],[2.17816,48.96351]]]},"properties":{"code_insee":"95257","nom_commune":"Frette-sur-Seine","code_rne":"0951696C","nom_college":"Collège Georges Duhamel"}},{"type":"Feature","geometry":{"type":"Polygon","coordinates":[[[2.12874,49.15376],[2.133,49.15435],[2.13273,49.15524],[2.13002,49.15781],[2.12853,49.15727],[2.12734,49.15987],[2.12699,49.1627],[2.12756,49.17322],[2.13002,49.17588],[2.13668,49.17458],[2.13909,49.17239],[2.13953,49.1708],[2.14178,49.16871],[2.14618,49.16679],[2.14891,49.16634],[2.15774,49.17251],[2.16204,49.16868],[2.16393,49.16609],[2.1608,49.16218],[2.15985,49.16001],[2.15985,49.15718],[2.16361,49.15894],[2.16548,49.15769],[2.16617,49.1563],[2.16549,49.15327],[2.16331,49.14846],[2.16366,49.14608],[2.16505,49.14261],[2.1626,49.13902],[2.15992,49.13956],[2.15524,49.14242],[2.14929,49.14448],[2.14516,49.14362],[2.13961,49.14433],[2.13968,49.1461],[2.13857,49.14753],[2.13686,49.14811],[2.13542,49.15008],[2.13178,49.14945],[2.12874,49.15376]]]},"properties":{"code_insee":"95258","nom_commune":"Frouville","code_rne":"0951823R","nom_college":"Collège Charles François Daubigny"}},{"type":"Feature","geometry":{"type":"Polygon","coordinates":[[[1.76694,49.13231],[1.7719,49.12941],[1.7674,49.12511],[1.76701,49.12367],[1.77745,49.12102],[1.77705,49.12016],[1.7822,49.11843],[1.77994,49.11789],[1.77964,49.11419],[1.77677,49.10775],[1.76756,49.10482],[1.76285,49.10453],[1.76217,49.10292],[1.75972,49.1029],[1.7588,49.09962],[1.75548,49.0964],[1.75604,49.09488],[1.75367,49.09271],[1.75418,49.09019],[1.74331,49.09396],[1.74246,49.09679],[1.74092,49.09925],[1.74393,49.09989],[1.74579,49.10539],[1.7444,49.1066],[1.74541,49.10781],[1.74202,49.11049],[1.73657,49.11642],[1.73482,49.11702],[1.73287,49.11881],[1.73026,49.12478],[1.73223,49.12677],[1.73108,49.12824],[1.73465,49.12942],[1.73718,49.13098],[1.73926,49.1344],[1.73951,49.13607],[1.74136,49.13617],[1.74154,49.13797],[1.74544,49.1384],[1.7483,49.13571],[1.75007,49.13617],[1.75468,49.13365],[1.758,49.13256],[1.76138,49.13504],[1.76641,49.1319],[1.76694,49.13231]]]},"properties":{"code_insee":"95270","nom_commune":"Genainville","code_rne":"0952079U","nom_college":"Collège Rosa Bonheur"}},{"type":"Feature","geometry":{"type":"Polygon","coordinates":[[[2.08414,49.0842],[2.07838,49.08487],[2.073,49.07878],[2.06372,49.08632],[2.0467,49.08366],[2.04559,49.08298],[2.04388,49.0832],[2.04712,49.0913],[2.04582,49.09162],[2.04608,49.09328],[2.04135,49.09494],[2.04299,49.09593],[2.04366,49.0975],[2.03955,49.09928],[2.03968,49.10105],[2.04199,49.10209],[2.04219,49.10393],[2.04394,49.1082],[2.04689,49.10821],[2.04709,49.10906],[2.05379,49.10984],[2.05385,49.11075],[2.06057,49.10956],[2.0649,49.1065],[2.0654,49.10394],[2.06376,49.10285],[2.06562,49.10178],[2.07262,49.10081],[2.07241,49.09914],[2.07311,49.0969],[2.07682,49.09466],[2.07956,49.09394],[2.08176,49.0921],[2.08312,49.09224],[2.08533,49.0904],[2.08521,49.08856],[2.08425,49.0878],[2.08366,49.08523],[2.08414,49.0842]]]},"properties":{"code_insee":"95271","nom_commune":"Génicourt","code_rne":"0952326M","nom_college":"Collège Marie-José Perec"}},{"type":"Feature","geometry":{"type":"Polygon","coordinates":[[[2.04394,49.1082],[2.04128,49.10856],[2.04166,49.11067],[2.03678,49.11255],[2.0422,49.11432],[2.03723,49.11767],[2.03949,49.1193],[2.03714,49.12104],[2.03762,49.12181],[2.03597,49.12451],[2.02979,49.1275],[2.03091,49.13411],[2.0352,49.13844],[2.0339,49.13952],[2.04424,49.14832],[2.04726,49.14823],[2.05855,49.15325],[2.06122,49.15231],[2.06164,49.15128],[2.06098,49.14759],[2.06215,49.14593],[2.06581,49.14369],[2.06739,49.14336],[2.06748,49.13998],[2.06488,49.13654],[2.06394,49.13299],[2.06417,49.13128],[2.06176,49.13099],[2.0598,49.12789],[2.05562,49.12595],[2.055,49.125],[2.05255,49.12383],[2.05317,49.12316],[2.04942,49.12121],[2.04756,49.12174],[2.04704,49.11689],[2.04643,49.11581],[2.05041,49.11551],[2.05034,49.11326],[2.0496,49.11245],[2.05017,49.10943],[2.04709,49.10906],[2.04689,49.10821],[2.04394,49.1082]]]},"properties":{"code_insee":"95287","nom_commune":"Grisy-les-Plâtres","code_rne":"0950936B","nom_college":"Collège des Hautiers"}},{"type":"Feature","geometry":{"type":"Polygon","coordinates":[[[1.83158,49.12006],[1.8372,49.12012],[1.84123,49.12091],[1.84384,49.12064],[1.84549,49.11917],[1.84796,49.11954],[1.85013,49.12121],[1.85163,49.12118],[1.85554,49.12245],[1.85691,49.12183],[1.85978,49.12346],[1.86459,49.12833],[1.86197,49.12976],[1.86572,49.13239],[1.86956,49.13016],[1.87087,49.12998],[1.87666,49.12721],[1.87502,49.12694],[1.8727,49.12526],[1.88343,49.12072],[1.87663,49.11503],[1.87127,49.11766],[1.86833,49.11558],[1.87207,49.11339],[1.86083,49.10475],[1.85561,49.09979],[1.85479,49.0997],[1.84889,49.10143],[1.84737,49.10277],[1.84448,49.10365],[1.84385,49.1055],[1.84061,49.1062],[1.83999,49.10786],[1.84059,49.10979],[1.83433,49.11278],[1.83486,49.11454],[1.83285,49.11561],[1.82764,49.11667],[1.83028,49.11839],[1.83158,49.12006]]]},"properties":{"code_insee":"95295","nom_commune":"Guiry-en-Vexin","code_rne":"0951102G","nom_college":"Collège Claude Monet"}},{"type":"Feature","geometry":{"type":"Polygon","coordinates":[[[1.99912,49.17541],[2.00184,49.17594],[2.02178,49.18868],[2.02487,49.18882],[2.02818,49.18797],[2.03217,49.18871],[2.03356,49.18811],[2.03824,49.19214],[2.04054,49.19013],[2.04201,49.19053],[2.04601,49.19009],[2.04573,49.18841],[2.04641,49.1856],[2.04912,49.1838],[2.05233,49.18497],[2.05867,49.18131],[2.07097,49.17607],[2.07443,49.17361],[2.0762,49.17334],[2.07566,49.17132],[2.07341,49.16965],[2.0687,49.17017],[2.06205,49.16662],[2.05917,49.16404],[2.05466,49.16254],[2.05054,49.16231],[2.0467,49.16306],[2.04617,49.16414],[2.04313,49.16481],[2.03754,49.16035],[2.03252,49.162],[2.02347,49.16251],[2.02121,49.16336],[2.01715,49.16308],[2.0124,49.1659],[2.01178,49.16747],[2.00798,49.17272],[2.00522,49.17276],[2.00419,49.17338],[2.00118,49.17324],[1.99912,49.17541]]]},"properties":{"code_insee":"95298","nom_commune":"Haravilliers","code_rne":"0950936B","nom_college":"Collège des Hautiers"}},{"type":"Feature","geometry":{"type":"Polygon","coordinates":[[[1.68759,49.07185],[1.67974,49.07585],[1.67685,49.0766],[1.67265,49.0786],[1.66976,49.07917],[1.66676,49.07893],[1.66264,49.07979],[1.65927,49.08135],[1.65132,49.08184],[1.64838,49.08111],[1.6466,49.08132],[1.6449,49.08296],[1.64497,49.0853],[1.64351,49.08684],[1.64489,49.09525],[1.65082,49.09785],[1.65318,49.09558],[1.65357,49.09287],[1.64854,49.09024],[1.652,49.08715],[1.65582,49.08727],[1.65906,49.08643],[1.66632,49.0857],[1.67025,49.08375],[1.67706,49.08177],[1.68099,49.07977],[1.688,49.07734],[1.69159,49.0752],[1.6905,49.07479],[1.68759,49.07185]]]},"properties":{"code_insee":"95301","nom_commune":"Haute-Isle","code_rne":"0952079U","nom_college":"Collège Rosa Bonheur"}},{"type":"Feature","geometry":{"type":"Polygon","coordinates":[[[2.16505,49.14261],[2.16366,49.14608],[2.16331,49.14846],[2.16549,49.15327],[2.16617,49.1563],[2.16548,49.15769],[2.16361,49.15894],[2.15985,49.15718],[2.15985,49.16001],[2.1608,49.16218],[2.16393,49.16609],[2.16793,49.1648],[2.16879,49.16395],[2.17113,49.16496],[2.17059,49.16606],[2.17124,49.16769],[2.17511,49.16947],[2.17937,49.17066],[2.18225,49.17038],[2.17983,49.17321],[2.17802,49.17428],[2.17495,49.17501],[2.1761,49.17603],[2.18195,49.17368],[2.18245,49.17442],[2.18737,49.17322],[2.18882,49.16959],[2.19063,49.16859],[2.19304,49.16842],[2.19688,49.16702],[2.1924,49.16483],[2.19411,49.16136],[2.19846,49.15661],[2.19262,49.15575],[2.18924,49.16428],[2.18627,49.16245],[2.18604,49.1596],[2.18446,49.15865],[2.18406,49.15457],[2.1853,49.15358],[2.18675,49.1511],[2.18717,49.14872],[2.18587,49.14652],[2.18402,49.14597],[2.18032,49.14669],[2.17484,49.14385],[2.17272,49.14101],[2.16978,49.14083],[2.16745,49.14136],[2.16505,49.14261]]]},"properties":{"code_insee":"95304","nom_commune":"Hédouville","code_rne":"0951279Z","nom_college":"Collège Les Coutures"}},{"type":"Feature","geometry":{"type":"Polygon","coordinates":[[[2.14984,49.10416],[2.14786,49.10218],[2.14731,49.10018],[2.14499,49.09897],[2.1422,49.09668],[2.1455,49.09506],[2.14823,49.09273],[2.14591,49.09138],[2.14304,49.09124],[2.14201,49.09196],[2.13785,49.09051],[2.13033,49.08596],[2.12793,49.08608],[2.1182,49.09047],[2.11963,49.09214],[2.11269,49.09555],[2.1098,49.10003],[2.11117,49.1016],[2.11089,49.10282],[2.10848,49.1044],[2.10977,49.10543],[2.1101,49.11042],[2.10975,49.11132],[2.10513,49.11387],[2.10911,49.11788],[2.10546,49.11964],[2.10866,49.12372],[2.11421,49.12288],[2.11313,49.12118],[2.13536,49.11646],[2.135,49.11578],[2.13934,49.11389],[2.13982,49.11466],[2.14638,49.11189],[2.14626,49.11129],[2.14894,49.10892],[2.15106,49.10803],[2.15052,49.10501],[2.14984,49.10416]]]},"properties":{"code_insee":"95308","nom_commune":"Hérouville-en-Vexin","code_rne":"0951823R","nom_college":"Collège Charles François Daubigny"}},{"type":"Feature","geometry":{"type":"Polygon","coordinates":[[[2.20897,49.09362],[2.20966,49.09606],[2.20881,49.10284],[2.2092,49.11242],[2.21138,49.11588],[2.21219,49.12007],[2.22066,49.12713],[2.23504,49.13034],[2.23628,49.12913],[2.24476,49.12926],[2.24907,49.12608],[2.25223,49.12647],[2.25605,49.12541],[2.25986,49.12366],[2.26236,49.12416],[2.26178,49.12299],[2.26302,49.12013],[2.26008,49.11651],[2.2607,49.11426],[2.25678,49.11336],[2.25549,49.11165],[2.25666,49.10842],[2.25817,49.10653],[2.26167,49.10581],[2.26325,49.10365],[2.26046,49.10077],[2.26052,49.09915],[2.25688,49.09516],[2.25573,49.09515],[2.25088,49.09079],[2.25143,49.0849],[2.24773,49.08593],[2.23602,49.08745],[2.23473,49.08871],[2.22991,49.08775],[2.22708,49.08655],[2.2148,49.0894],[2.21282,49.08724],[2.21275,49.08634],[2.20605,49.08683],[2.20823,49.09106],[2.20897,49.09362]]]},"properties":{"code_insee":"95313","nom_commune":"Isle-Adam","code_rne":"0950898K","nom_college":"Collège Pierre et Marie Curie"}},{"type":"Feature","geometry":{"type":"Polygon","coordinates":[[[2.15992,49.13956],[2.15695,49.13732],[2.15403,49.1323],[2.15526,49.13136],[2.15093,49.12781],[2.14894,49.12722],[2.14812,49.1247],[2.14552,49.12258],[2.14594,49.12213],[2.14062,49.11588],[2.13606,49.11795],[2.13536,49.11646],[2.11313,49.12118],[2.11769,49.12797],[2.11891,49.1287],[2.12101,49.13306],[2.12007,49.13315],[2.12142,49.1364],[2.12498,49.13562],[2.12784,49.13865],[2.12984,49.13856],[2.13085,49.14189],[2.12611,49.14278],[2.12323,49.14439],[2.12063,49.14241],[2.12092,49.14178],[2.11598,49.14114],[2.11548,49.14247],[2.11352,49.14194],[2.11113,49.14275],[2.11201,49.14373],[2.11557,49.14425],[2.11307,49.14802],[2.11437,49.14996],[2.12164,49.14857],[2.12209,49.15343],[2.12874,49.15376],[2.13178,49.14945],[2.13542,49.15008],[2.13686,49.14811],[2.13857,49.14753],[2.13968,49.1461],[2.13961,49.14433],[2.14516,49.14362],[2.14929,49.14448],[2.15524,49.14242],[2.15992,49.13956]]]},"properties":{"code_insee":"95328","nom_commune":"Labbeville","code_rne":"0951823R","nom_college":"Collège Charles François Daubigny"}},{"type":"Feature","geometry":{"type":"Polygon","coordinates":[[[2.08414,49.0842],[2.08366,49.08523],[2.08425,49.0878],[2.08521,49.08856],[2.08533,49.0904],[2.08312,49.09224],[2.08176,49.0921],[2.07956,49.09394],[2.07682,49.09466],[2.07311,49.0969],[2.07241,49.09914],[2.07262,49.10081],[2.07398,49.10292],[2.07697,49.10482],[2.07751,49.10649],[2.07922,49.10667],[2.08947,49.11299],[2.08856,49.1137],[2.09185,49.11636],[2.09865,49.11273],[2.10337,49.11189],[2.10555,49.11356],[2.10975,49.11132],[2.1101,49.11042],[2.10977,49.10543],[2.10848,49.1044],[2.11089,49.10282],[2.11117,49.1016],[2.1098,49.10003],[2.11269,49.09555],[2.11647,49.09358],[2.10075,49.08941],[2.09228,49.08444],[2.08687,49.08636],[2.08611,49.08403],[2.08414,49.0842]]]},"properties":{"code_insee":"95341","nom_commune":"Livilliers","code_rne":"0952326M","nom_college":"Collège Marie-José Perec"}},{"type":"Feature","geometry":{"type":"Polygon","coordinates":[[[1.90852,49.04802],[1.90664,49.0512],[1.90381,49.05399],[1.898,49.06174],[1.89957,49.06233],[1.89884,49.068],[1.90446,49.07462],[1.91318,49.06989],[1.91388,49.06873],[1.9162,49.06806],[1.91785,49.0691],[1.92018,49.06902],[1.92285,49.06741],[1.93324,49.06965],[1.93661,49.06858],[1.94069,49.0713],[1.94205,49.07085],[1.94654,49.07491],[1.94852,49.07577],[1.9524,49.07852],[1.95633,49.07633],[1.95571,49.07579],[1.96087,49.07312],[1.95874,49.0718],[1.96012,49.07073],[1.95361,49.06441],[1.95203,49.06499],[1.94967,49.06107],[1.94584,49.05971],[1.94204,49.05614],[1.93988,49.05285],[1.94281,49.05228],[1.94454,49.05098],[1.94128,49.0485],[1.93895,49.04813],[1.93628,49.04857],[1.931,49.05045],[1.92142,49.05099],[1.91662,49.05183],[1.91408,49.04584],[1.90852,49.04802]]]},"properties":{"code_insee":"95348","nom_commune":"Longuesse","code_rne":"0952080V","nom_college":"Collège Roland Vasseur"}},{"type":"Feature","geometry":{"type":"Polygon","coordinates":[[[1.96092,49.14483],[1.96258,49.14693],[1.96015,49.14798],[1.96347,49.15126],[1.96759,49.15416],[1.96634,49.15495],[1.9669,49.15645],[1.96923,49.15663],[1.97286,49.16149],[1.975,49.16205],[1.97664,49.16075],[1.97799,49.16413],[1.98001,49.16505],[1.98238,49.16464],[1.98355,49.16575],[1.98565,49.16572],[1.98639,49.16771],[1.98941,49.16928],[1.99151,49.16839],[1.98995,49.16603],[1.99005,49.16316],[1.9892,49.16234],[1.9949,49.16031],[1.99792,49.15708],[1.99587,49.15547],[2.00291,49.15158],[2.0029,49.14978],[2.00135,49.14936],[2.00089,49.1463],[2.00206,49.14361],[2.00073,49.14036],[2.00333,49.14058],[2.00346,49.13877],[2.00501,49.13864],[2.00027,49.13574],[1.99509,49.1315],[1.99028,49.13243],[1.98619,49.13052],[1.98549,49.13183],[1.98207,49.13082],[1.97899,49.13153],[1.97409,49.13382],[1.97188,49.13696],[1.96823,49.14058],[1.9658,49.13953],[1.96401,49.14053],[1.967,49.14187],[1.9639,49.14539],[1.96092,49.14483]]]},"properties":{"code_insee":"95370","nom_commune":"Marines","code_rne":"0950936B","nom_college":"Collège des Hautiers"}},{"type":"Feature","geometry":{"type":"Polygon","coordinates":[[[1.76078,49.08735],[1.76109,49.09045],[1.75418,49.09019],[1.75367,49.09271],[1.75604,49.09488],[1.75548,49.0964],[1.7588,49.09962],[1.75972,49.1029],[1.76217,49.10292],[1.76285,49.10453],[1.76756,49.10482],[1.77677,49.10775],[1.77964,49.11419],[1.77994,49.11789],[1.7822,49.11843],[1.77705,49.12016],[1.77745,49.12102],[1.76701,49.12367],[1.7674,49.12511],[1.77365,49.13072],[1.77599,49.12978],[1.77906,49.12948],[1.78049,49.1307],[1.78207,49.12958],[1.78584,49.12951],[1.78924,49.1325],[1.79171,49.13183],[1.79259,49.13278],[1.79582,49.13248],[1.7985,49.13146],[1.79588,49.12749],[1.7941,49.12622],[1.79249,49.12342],[1.79267,49.11956],[1.79617,49.11774],[1.78769,49.10931],[1.78207,49.10454],[1.78153,49.09918],[1.77949,49.09733],[1.78074,49.0959],[1.78051,49.09229],[1.77752,49.08976],[1.77342,49.08984],[1.77071,49.08763],[1.76886,49.08712],[1.76078,49.08735]]]},"properties":{"code_insee":"95379","nom_commune":"Maudétour-en-Vexin","code_rne":"0951102G","nom_college":"Collège Claude Monet"}},{"type":"Feature","geometry":{"type":"Polygon","coordinates":[[[2.0855,49.1525],[2.08709,49.16055],[2.09297,49.15999],[2.09473,49.15882],[2.09692,49.15836],[2.10558,49.158],[2.10623,49.15705],[2.11724,49.15338],[2.11846,49.15513],[2.1212,49.15689],[2.12276,49.15941],[2.12734,49.15987],[2.12853,49.15727],[2.13002,49.15781],[2.13273,49.15524],[2.133,49.15435],[2.12209,49.15343],[2.12164,49.14857],[2.11437,49.14996],[2.11307,49.14802],[2.11557,49.14425],[2.11201,49.14373],[2.11185,49.14559],[2.1102,49.14581],[2.10381,49.15088],[2.09448,49.14987],[2.0855,49.1525]]]},"properties":{"code_insee":"95387","nom_commune":"Menouville","code_rne":"0950936B","nom_college":"Collège des Hautiers"}},{"type":"Feature","geometry":{"type":"Polygon","coordinates":[[[1.99153,49.02375],[1.99188,49.02101],[1.98554,49.01969],[1.97829,49.01894],[1.97406,49.01943],[1.96684,49.02273],[1.96423,49.02555],[1.96137,49.02325],[1.95708,49.0218],[1.95446,49.02579],[1.95828,49.02679],[1.9601,49.02949],[1.96048,49.03377],[1.96095,49.0348],[1.97594,49.03431],[1.97702,49.03567],[1.98152,49.0355],[1.98364,49.03456],[1.98742,49.03399],[1.99279,49.03],[1.9932,49.02843],[1.99164,49.02699],[1.99153,49.02375]]]},"properties":{"code_insee":"95388","nom_commune":"Menucourt","code_rne":"0951233Z","nom_college":"Collège Frania Eisenbach-Haverland"}},{"type":"Feature","geometry":{"type":"Polygon","coordinates":[[[2.1889,49.07215],[2.19315,49.07386],[2.19704,49.07626],[2.2001,49.07927],[2.20214,49.08237],[2.20605,49.08683],[2.21275,49.08634],[2.21282,49.08724],[2.2148,49.0894],[2.22708,49.08655],[2.22991,49.08775],[2.23473,49.08871],[2.23602,49.08745],[2.23371,49.07679],[2.22981,49.07746],[2.22435,49.07579],[2.21847,49.06718],[2.21654,49.0657],[2.21359,49.0654],[2.2104,49.06593],[2.20082,49.06497],[2.19556,49.06748],[2.1889,49.07215]]]},"properties":{"code_insee":"95392","nom_commune":"Mériel","code_rne":"0951991Y","nom_college":"Collège Cécile Sorel"}},{"type":"Feature","geometry":{"type":"Polygon","coordinates":[[[2.1889,49.07215],[2.19556,49.06748],[2.20082,49.06497],[2.20268,49.06502],[2.20454,49.06206],[2.20406,49.06106],[2.2029,49.06083],[2.20215,49.05872],[2.2021,49.05517],[2.19709,49.05238],[2.196,49.05112],[2.18631,49.04696],[2.17619,49.04633],[2.17489,49.04543],[2.17517,49.04399],[2.17381,49.03994],[2.17389,49.03877],[2.17055,49.03624],[2.16892,49.03381],[2.16831,49.03162],[2.15578,49.03631],[2.16306,49.04066],[2.15622,49.04274],[2.1528,49.04467],[2.14936,49.04979],[2.15156,49.05014],[2.15149,49.05163],[2.15352,49.05197],[2.15236,49.05957],[2.15124,49.06122],[2.14857,49.06112],[2.14527,49.06291],[2.14918,49.06521],[2.14752,49.06599],[2.14187,49.0661],[2.14157,49.06645],[2.14522,49.06701],[2.15028,49.06655],[2.15806,49.06482],[2.1682,49.06421],[2.1699,49.06462],[2.17858,49.06997],[2.1889,49.07215]]]},"properties":{"code_insee":"95394","nom_commune":"Méry-sur-Oise","code_rne":"0951725J","nom_college":"Collège Jacques-Yves Cousteau"}},{"type":"Feature","geometry":{"type":"Polygon","coordinates":[[[2.01504,49.07746],[2.01087,49.07705],[2.00524,49.07806],[2.00325,49.07922],[1.99921,49.0798],[1.9981,49.08145],[1.99356,49.08483],[1.99047,49.08536],[1.99272,49.08707],[1.99175,49.08815],[1.99276,49.08972],[1.99133,49.09102],[1.99315,49.09358],[1.99226,49.09457],[1.99176,49.09781],[1.99326,49.09867],[1.99284,49.10006],[1.99407,49.10276],[1.99928,49.09981],[2.00094,49.10108],[2.00247,49.10027],[2.00504,49.10273],[2.0153,49.09922],[2.01755,49.10179],[2.02256,49.10019],[2.0223,49.09803],[2.028,49.09602],[2.02437,49.09363],[2.02494,49.09278],[2.01962,49.0892],[2.02018,49.08817],[2.01658,49.08143],[2.01586,49.07738],[2.01504,49.07746]]]},"properties":{"code_insee":"95422","nom_commune":"Montgeroult","code_rne":"0952080V","nom_college":"Collège Roland Vasseur"}},{"type":"Feature","geometry":{"type":"Polygon","coordinates":[[[2.23504,49.13034],[2.23765,49.13098],[2.25697,49.13184],[2.26136,49.1336],[2.26492,49.1376],[2.26806,49.13941],[2.27012,49.13786],[2.27249,49.13701],[2.27535,49.13445],[2.27824,49.13523],[2.27663,49.13194],[2.27691,49.12871],[2.2787,49.12574],[2.27946,49.12569],[2.27055,49.12411],[2.2645,49.1249],[2.25986,49.12366],[2.25605,49.12541],[2.25223,49.12647],[2.24907,49.12608],[2.24476,49.12926],[2.23628,49.12913],[2.23504,49.13034]]]},"properties":{"code_insee":"95436","nom_commune":"Mours","code_rne":"0950933Y","nom_college":"Collège Jacques Monod"}},{"type":"Feature","geometry":{"type":"Polygon","coordinates":[[[1.88225,49.13781],[1.88586,49.13872],[1.88524,49.13962],[1.88893,49.14066],[1.8883,49.14286],[1.88932,49.14359],[1.89356,49.144],[1.90184,49.13905],[1.90449,49.14126],[1.90756,49.14235],[1.90873,49.14105],[1.91453,49.14494],[1.92457,49.13958],[1.92528,49.13792],[1.92996,49.1356],[1.9339,49.13206],[1.93021,49.13034],[1.9311,49.12935],[1.92344,49.12685],[1.92017,49.12679],[1.91566,49.12556],[1.91489,49.12669],[1.9112,49.12645],[1.90851,49.12787],[1.90062,49.12852],[1.89612,49.12761],[1.89452,49.12918],[1.89568,49.1303],[1.88975,49.13338],[1.88516,49.133],[1.88522,49.13471],[1.88418,49.13681],[1.88225,49.13781]]]},"properties":{"code_insee":"95438","nom_commune":"Moussy","code_rne":"0952080V","nom_college":"Collège Roland Vasseur"}},{"type":"Feature","geometry":{"type":"Polygon","coordinates":[[[2.28375,49.07825],[2.2806,49.07386],[2.27904,49.0744],[2.27534,49.07704],[2.27402,49.07654],[2.25788,49.08369],[2.25842,49.09119],[2.25088,49.09079],[2.25573,49.09515],[2.25688,49.09516],[2.26052,49.09915],[2.26046,49.10077],[2.26244,49.10024],[2.28112,49.10172],[2.28098,49.10014],[2.28293,49.09976],[2.28865,49.1025],[2.29023,49.10178],[2.28883,49.09866],[2.29311,49.10101],[2.30004,49.09634],[2.30051,49.09482],[2.30301,49.0922],[2.30063,49.09065],[2.2973,49.08991],[2.29175,49.08762],[2.28938,49.08367],[2.28726,49.08362],[2.28375,49.07825]]]},"properties":{"code_insee":"95445","nom_commune":"Nerville-la-Forêt","code_rne":"0951991Y","nom_college":"Collège Cécile Sorel"}},{"type":"Feature","geometry":{"type":"Polygon","coordinates":[[[2.14984,49.10416],[2.15052,49.10501],[2.15106,49.10803],[2.14894,49.10892],[2.14626,49.11129],[2.14638,49.11189],[2.13982,49.11466],[2.13934,49.11389],[2.135,49.11578],[2.13606,49.11795],[2.14062,49.11588],[2.14594,49.12213],[2.14552,49.12258],[2.14812,49.1247],[2.14894,49.12722],[2.15093,49.12781],[2.15526,49.13136],[2.15403,49.1323],[2.15695,49.13732],[2.15992,49.13956],[2.1626,49.13902],[2.16505,49.14261],[2.16745,49.14136],[2.16978,49.14083],[2.17272,49.14101],[2.17484,49.14385],[2.18032,49.14669],[2.18402,49.14597],[2.18587,49.14652],[2.18717,49.14872],[2.18675,49.1511],[2.1853,49.15358],[2.18406,49.15457],[2.18446,49.15865],[2.18604,49.1596],[2.18627,49.16245],[2.18924,49.16428],[2.19768,49.14352],[2.19052,49.14225],[2.18959,49.1391],[2.18987,49.13695],[2.19078,49.13537],[2.19302,49.13469],[2.19131,49.13289],[2.19392,49.1312],[2.19263,49.12993],[2.19383,49.12873],[2.19222,49.12725],[2.19572,49.12578],[2.19421,49.12439],[2.19756,49.12195],[2.1963,49.12131],[2.19706,49.11954],[2.19939,49.11812],[2.19604,49.11528],[2.19469,49.11571],[2.1862,49.11249],[2.18507,49.11074],[2.18109,49.1084],[2.18008,49.10962],[2.17529,49.10881],[2.17421,49.10963],[2.17215,49.10904],[2.16578,49.10849],[2.16565,49.10764],[2.15908,49.107],[2.15971,49.10368],[2.1549,49.10506],[2.15108,49.10366],[2.14984,49.10416]]]},"properties":{"code_insee":"95446","nom_commune":"Nesles-la-Vallée","code_rne":"0951279Z","nom_college":"Collège Les Coutures"}},{"type":"Feature","geometry":{"type":"Polygon","coordinates":[[[2.27946,49.12569],[2.2787,49.12574],[2.27691,49.12871],[2.27663,49.13194],[2.27824,49.13523],[2.28095,49.13675],[2.28292,49.13587],[2.28873,49.13667],[2.28923,49.13528],[2.29236,49.13615],[2.29299,49.13523],[2.29563,49.13445],[2.29854,49.1384],[2.30593,49.13252],[2.30387,49.13205],[2.31358,49.12278],[2.30577,49.12036],[2.29488,49.12241],[2.28946,49.12273],[2.28541,49.12529],[2.28281,49.12435],[2.28234,49.12659],[2.27946,49.12569]]]},"properties":{"code_insee":"95452","nom_commune":"Nointel","code_rne":"0950933Y","nom_college":"Collège Jacques Monod"}},{"type":"Feature","geometry":{"type":"Polygon","coordinates":[[[1.69206,49.12866],[1.69381,49.13079],[1.69944,49.13477],[1.70076,49.13428],[1.70278,49.1361],[1.70702,49.14304],[1.70719,49.14502],[1.70527,49.14619],[1.70661,49.14849],[1.70509,49.14875],[1.70662,49.15244],[1.70577,49.1541],[1.70859,49.15884],[1.71343,49.16156],[1.71879,49.16568],[1.72196,49.16471],[1.73015,49.16714],[1.73724,49.1649],[1.73848,49.1652],[1.74306,49.16406],[1.74495,49.16303],[1.74032,49.15946],[1.74147,49.15672],[1.74178,49.15371],[1.73835,49.14802],[1.74253,49.14701],[1.74136,49.13617],[1.73951,49.13607],[1.73926,49.1344],[1.73718,49.13098],[1.73465,49.12942],[1.73108,49.12824],[1.73223,49.12677],[1.73026,49.12478],[1.73287,49.11881],[1.73482,49.11702],[1.73657,49.11642],[1.7383,49.11456],[1.73671,49.11422],[1.73471,49.11487],[1.73309,49.11338],[1.72024,49.12337],[1.69887,49.126],[1.69633,49.12657],[1.69206,49.12866]]]},"properties":{"code_insee":"95462","nom_commune":"Omerville","code_rne":"0952079U","nom_college":"Collège Rosa Bonheur"}},{"type":"Feature","geometry":{"type":"Polygon","coordinates":[[[2.20897,49.09362],[2.20746,49.09394],[2.2044,49.09331],[2.20331,49.09438],[2.20032,49.09483],[2.19859,49.0945],[2.19698,49.09617],[2.19054,49.10075],[2.18861,49.10151],[2.189,49.1043],[2.18675,49.10304],[2.18606,49.10699],[2.18366,49.10699],[2.18109,49.1084],[2.18507,49.11074],[2.1862,49.11249],[2.19469,49.11571],[2.19604,49.11528],[2.19939,49.11812],[2.19706,49.11954],[2.1963,49.12131],[2.19756,49.12195],[2.19421,49.12439],[2.19572,49.12578],[2.19222,49.12725],[2.19383,49.12873],[2.19263,49.12993],[2.19392,49.1312],[2.19131,49.13289],[2.19302,49.13469],[2.19078,49.13537],[2.18987,49.13695],[2.18959,49.1391],[2.19052,49.14225],[2.19768,49.14352],[2.19262,49.15575],[2.19846,49.15661],[2.20869,49.14596],[2.21068,49.14475],[2.21184,49.14305],[2.21232,49.13991],[2.21145,49.13751],[2.21209,49.13576],[2.21148,49.1336],[2.21323,49.12973],[2.21535,49.12897],[2.21471,49.12663],[2.2129,49.1258],[2.21745,49.12417],[2.21219,49.12007],[2.21138,49.11588],[2.2092,49.11242],[2.20881,49.10284],[2.20966,49.09606],[2.20897,49.09362]]]},"properties":{"code_insee":"95480","nom_commune":"Parmain","code_rne":"0951279Z","nom_college":"Collège Les Coutures"}},{"type":"Feature","geometry":{"type":"Polygon","coordinates":[[[1.90872,49.11947],[1.90925,49.12144],[1.90842,49.12258],[1.90573,49.12337],[1.90689,49.12477],[1.90867,49.1254],[1.91354,49.12533],[1.91489,49.12669],[1.91566,49.12556],[1.92017,49.12679],[1.92344,49.12685],[1.93214,49.12959],[1.93862,49.12362],[1.93974,49.12125],[1.94172,49.1213],[1.9442,49.12018],[1.94604,49.12032],[1.95044,49.11917],[1.9452,49.11483],[1.94281,49.11414],[1.9435,49.11325],[1.94202,49.11023],[1.93894,49.10838],[1.93638,49.10536],[1.93003,49.10111],[1.91367,49.10784],[1.917,49.11109],[1.91343,49.11296],[1.91512,49.11549],[1.90872,49.11947]]]},"properties":{"code_insee":"95483","nom_commune":"Perchay","code_rne":"0952080V","nom_college":"Collège Roland Vasseur"}},{"type":"Feature","geometry":{"type":"Polygon","coordinates":[[[2.12868,49.02287],[2.13523,49.02692],[2.14635,49.03122],[2.15578,49.03631],[2.18071,49.02691],[2.18316,49.02542],[2.1807,49.02367],[2.17738,49.01939],[2.17369,49.01593],[2.1728,49.0143],[2.1971,49.00755],[2.18208,49.00074],[2.16078,49.01254],[2.156,49.01329],[2.15464,49.0097],[2.15474,49.00525],[2.14671,49.00901],[2.13836,49.01416],[2.13163,49.01973],[2.12868,49.02287]]]},"properties":{"code_insee":"95488","nom_commune":"Pierrelaye","code_rne":"0951726K","nom_college":"Collège Le Petit Bois"}},{"type":"Feature","geometry":{"type":"Polygon","coordinates":[[[2.21713,49.0029],[2.22034,49.00852],[2.22394,49.01181],[2.24281,49.00755],[2.24446,49.00679],[2.24639,49.00382],[2.25036,49.00068],[2.24352,48.99433],[2.21713,49.0029]]]},"properties":{"code_insee":"95491","nom_commune":"Plessis-Bouchard","code_rne":"0951232Y","nom_college":"Collège Marie Sklodowska-Curie"}},{"type":"Feature","geometry":{"type":"Polygon","coordinates":[[[1.99434,49.06071],[1.99277,49.06126],[1.99887,49.06757],[2.00534,49.06507],[2.00895,49.0658],[2.01067,49.06563],[2.01366,49.0695],[2.01282,49.07044],[2.01308,49.07422],[2.01504,49.07746],[2.02415,49.07394],[2.02671,49.07205],[2.02618,49.06936],[2.02215,49.06674],[2.02744,49.06508],[2.03174,49.0674],[2.0344,49.06627],[2.03278,49.06334],[2.03463,49.06281],[2.03376,49.0584],[2.03015,49.0579],[2.02409,49.05423],[2.01531,49.05507],[2.00526,49.05729],[1.99434,49.06071]]]},"properties":{"code_insee":"95510","nom_commune":"Puiseux-Pontoise","code_rne":"0951724H","nom_college":"Collège Sainte-Apolline"}},{"type":"Feature","geometry":{"type":"Polygon","coordinates":[[[1.6143,49.07118],[1.61229,49.07329],[1.6098,49.0748],[1.61075,49.07548],[1.6088,49.07789],[1.61226,49.07998],[1.61328,49.08008],[1.61524,49.08202],[1.62679,49.08812],[1.63034,49.08904],[1.63319,49.09095],[1.6304,49.09373],[1.63227,49.09652],[1.63152,49.0971],[1.63312,49.10034],[1.64033,49.09891],[1.64008,49.09764],[1.64535,49.09759],[1.64894,49.10031],[1.64818,49.10098],[1.64427,49.10182],[1.64458,49.10347],[1.64298,49.1054],[1.64366,49.10612],[1.6517,49.10878],[1.65612,49.1053],[1.65318,49.10514],[1.65218,49.10361],[1.65838,49.09578],[1.65855,49.09349],[1.65318,49.09558],[1.65082,49.09785],[1.64489,49.09525],[1.64351,49.08684],[1.64497,49.0853],[1.6449,49.08296],[1.6466,49.08132],[1.64415,49.08139],[1.64114,49.08079],[1.64043,49.07894],[1.63308,49.07913],[1.62926,49.07829],[1.6143,49.07118]]]},"properties":{"code_insee":"95523","nom_commune":"Roche-Guyon","code_rne":"0952079U","nom_college":"Collège Rosa Bonheur"}},{"type":"Feature","geometry":{"type":"Polygon","coordinates":[[[1.96095,49.0348],[1.95515,49.04036],[1.94839,49.0407],[1.95049,49.04218],[1.94817,49.04268],[1.94739,49.0451],[1.94792,49.04749],[1.94688,49.04955],[1.94281,49.05228],[1.93988,49.05285],[1.94204,49.05614],[1.94584,49.05971],[1.94967,49.06107],[1.95203,49.06499],[1.95361,49.06441],[1.96012,49.07073],[1.95874,49.0718],[1.96504,49.0711],[1.9622,49.0675],[1.96591,49.06603],[1.96803,49.06626],[1.97029,49.06538],[1.97194,49.06693],[1.97513,49.06602],[1.97582,49.06723],[1.97861,49.06926],[1.98768,49.06556],[1.99474,49.06342],[1.99277,49.06126],[1.99434,49.06071],[1.99158,49.05477],[1.98772,49.05027],[1.98605,49.04383],[1.98436,49.03988],[1.98513,49.03924],[1.98364,49.03456],[1.98152,49.0355],[1.97702,49.03567],[1.97594,49.03431],[1.96095,49.0348]]]},"properties":{"code_insee":"95535","nom_commune":"Sagy","code_rne":"0952080V","nom_college":"Collège Roland Vasseur"}},{"type":"Feature","geometry":{"type":"Polygon","coordinates":[[[1.74087,49.07267],[1.74346,49.0732],[1.74633,49.07284],[1.74834,49.06836],[1.74837,49.0661],[1.75228,49.06478],[1.75598,49.06516],[1.75791,49.0634],[1.75942,49.06328],[1.75317,49.05983],[1.75728,49.05837],[1.75266,49.05601],[1.75002,49.05352],[1.75118,49.04823],[1.74803,49.04862],[1.74585,49.0477],[1.73564,49.04868],[1.73207,49.05042],[1.72985,49.05261],[1.72731,49.05368],[1.72504,49.05393],[1.72442,49.05487],[1.7284,49.05939],[1.72976,49.05953],[1.73041,49.06255],[1.73489,49.06473],[1.73448,49.06522],[1.74104,49.07134],[1.74087,49.07267]]]},"properties":{"code_insee":"95543","nom_commune":"Saint-Cyr-en-Arthies","code_rne":"0952079U","nom_college":"Collège Rosa Bonheur"}},{"type":"Feature","geometry":{"type":"Polygon","coordinates":[[[2.22394,49.01181],[2.22646,49.01388],[2.22762,49.01321],[2.23125,49.01487],[2.23528,49.01847],[2.23747,49.02148],[2.24033,49.02387],[2.24271,49.02945],[2.24488,49.03822],[2.25301,49.03593],[2.25164,49.03953],[2.25315,49.04142],[2.25827,49.04001],[2.25578,49.02496],[2.26071,49.02168],[2.26194,49.01979],[2.256,49.01543],[2.25532,49.0131],[2.25564,49.00884],[2.25324,49.00578],[2.25234,49.00185],[2.25036,49.00068],[2.24639,49.00382],[2.24446,49.00679],[2.24281,49.00755],[2.22394,49.01181]]]},"properties":{"code_insee":"95563","nom_commune":"Saint-Leu-la-Forêt","code_rne":"0950748X","nom_college":"Collège Wanda Landowska"}},{"type":"Feature","geometry":{"type":"Polygon","coordinates":[[[1.98207,49.13082],[1.98065,49.1301],[1.978,49.12686],[1.97519,49.12537],[1.97534,49.1246],[1.96421,49.11966],[1.95963,49.11924],[1.95594,49.11748],[1.95359,49.11824],[1.95159,49.11971],[1.95044,49.11917],[1.94604,49.12032],[1.9442,49.12018],[1.94172,49.1213],[1.93974,49.12125],[1.93862,49.12362],[1.93214,49.12959],[1.9311,49.12935],[1.93021,49.13034],[1.9339,49.13206],[1.93757,49.13473],[1.94396,49.12974],[1.94644,49.13121],[1.94754,49.13071],[1.9528,49.1332],[1.96092,49.14483],[1.9639,49.14539],[1.967,49.14187],[1.96401,49.14053],[1.9658,49.13953],[1.96823,49.14058],[1.97188,49.13696],[1.97409,49.13382],[1.97899,49.13153],[1.98207,49.13082]]]},"properties":{"code_insee":"95584","nom_commune":"Santeuil","code_rne":"0950936B","nom_college":"Collège des Hautiers"}},{"type":"Feature","geometry":{"type":"Polygon","coordinates":[[[1.85926,49.01396],[1.8604,49.0152],[1.86004,49.01726],[1.86154,49.01839],[1.86296,49.0207],[1.86527,49.02163],[1.86375,49.02275],[1.85957,49.0239],[1.85979,49.02904],[1.859,49.03245],[1.8551,49.03256],[1.85133,49.03336],[1.852,49.0352],[1.85548,49.03495],[1.85548,49.03648],[1.8577,49.04009],[1.85932,49.04158],[1.86151,49.04963],[1.86547,49.05747],[1.86739,49.05663],[1.8672,49.05474],[1.86966,49.05408],[1.87238,49.05611],[1.87665,49.05558],[1.87929,49.05753],[1.8784,49.05815],[1.88097,49.0605],[1.88399,49.0589],[1.88828,49.06175],[1.88909,49.06152],[1.89379,49.06379],[1.89631,49.06641],[1.89933,49.0653],[1.89957,49.06233],[1.898,49.06174],[1.90381,49.05399],[1.90664,49.0512],[1.90852,49.04802],[1.90584,49.0472],[1.90662,49.04604],[1.90089,49.04355],[1.90166,49.04211],[1.89123,49.03928],[1.89404,49.03735],[1.88708,49.03544],[1.88321,49.03375],[1.88459,49.03106],[1.88196,49.02813],[1.8819,49.01954],[1.87725,49.01935],[1.87515,49.01718],[1.87047,49.01932],[1.86831,49.01707],[1.86171,49.01412],[1.85926,49.01396]]]},"properties":{"code_insee":"95592","nom_commune":"Seraincourt","code_rne":"0951233Z","nom_college":"Collège Frania Eisenbach-Haverland"}},{"type":"Feature","geometry":{"type":"Polygon","coordinates":[[[1.89631,49.06641],[1.89507,49.06707],[1.89656,49.06875],[1.89059,49.07156],[1.89378,49.07494],[1.88814,49.0778],[1.89248,49.08173],[1.88677,49.08454],[1.89085,49.08846],[1.88864,49.08966],[1.89101,49.09225],[1.89011,49.0926],[1.89091,49.09499],[1.89263,49.09513],[1.89536,49.09757],[1.89498,49.10076],[1.89359,49.1016],[1.90429,49.10924],[1.90578,49.11141],[1.92612,49.10272],[1.92339,49.10095],[1.92153,49.09483],[1.92286,49.09168],[1.91681,49.08533],[1.91477,49.0841],[1.91431,49.08244],[1.91295,49.08243],[1.90547,49.07602],[1.89884,49.068],[1.89933,49.0653],[1.89631,49.06641]]]},"properties":{"code_insee":"95610","nom_commune":"Théméricourt","code_rne":"0952080V","nom_college":"Collège Roland Vasseur"}},{"type":"Feature","geometry":{"type":"Polygon","coordinates":[[[1.92153,49.09483],[1.92339,49.10095],[1.92612,49.10272],[1.93003,49.10111],[1.93638,49.10536],[1.93894,49.10838],[1.94202,49.11023],[1.9435,49.11325],[1.94281,49.11414],[1.9452,49.11483],[1.94873,49.11809],[1.95159,49.11971],[1.95359,49.11824],[1.95594,49.11748],[1.95963,49.11924],[1.96421,49.11966],[1.97534,49.1246],[1.97818,49.1202],[1.99023,49.10999],[1.98738,49.10832],[1.98794,49.10701],[1.98419,49.10372],[1.97872,49.10141],[1.97963,49.09881],[1.97738,49.097],[1.9739,49.09658],[1.97199,49.09559],[1.9718,49.0941],[1.9618,49.09371],[1.95892,49.09289],[1.95595,49.08771],[1.95118,49.08598],[1.94891,49.08764],[1.94623,49.08808],[1.94575,49.08916],[1.94189,49.0914],[1.93566,49.09183],[1.92881,49.094],[1.92153,49.09483]]]},"properties":{"code_insee":"95625","nom_commune":"Us","code_rne":"0952080V","nom_college":"Collège Roland Vasseur"}},{"type":"Feature","geometry":{"type":"Polygon","coordinates":[[[2.08531,49.14908],[2.0855,49.1525],[2.09448,49.14987],[2.10381,49.15088],[2.1102,49.14581],[2.11185,49.14559],[2.11201,49.14373],[2.11113,49.14275],[2.11352,49.14194],[2.11548,49.14247],[2.11598,49.14114],[2.12092,49.14178],[2.12063,49.14241],[2.12323,49.14439],[2.12611,49.14278],[2.13085,49.14189],[2.12984,49.13856],[2.12784,49.13865],[2.12498,49.13562],[2.12142,49.1364],[2.12007,49.13315],[2.12101,49.13306],[2.11891,49.1287],[2.11769,49.12797],[2.11421,49.12288],[2.10866,49.12372],[2.10546,49.11964],[2.10911,49.11788],[2.10513,49.11387],[2.10555,49.11356],[2.10337,49.11189],[2.09865,49.11273],[2.09185,49.11636],[2.09354,49.11965],[2.09305,49.12181],[2.09357,49.12811],[2.09143,49.12823],[2.08849,49.1294],[2.08996,49.13736],[2.08564,49.13901],[2.08545,49.14212],[2.0887,49.14192],[2.08949,49.14334],[2.09118,49.1431],[2.09128,49.14545],[2.08826,49.14882],[2.08531,49.14908]]]},"properties":{"code_insee":"95627","nom_commune":"Vallangoujard","code_rne":"0951823R","nom_college":"Collège Charles François Daubigny"}},{"type":"Feature","geometry":{"type":"Polygon","coordinates":[[[2.18109,49.1084],[2.18366,49.10699],[2.18606,49.10699],[2.18675,49.10304],[2.189,49.1043],[2.18861,49.10151],[2.19054,49.10075],[2.19698,49.09617],[2.19859,49.0945],[2.20032,49.09483],[2.20331,49.09438],[2.2044,49.09331],[2.20746,49.09394],[2.20897,49.09362],[2.20823,49.09106],[2.20137,49.09233],[2.19931,49.09186],[2.19633,49.09241],[2.19504,49.0883],[2.19077,49.09001],[2.18515,49.08624],[2.18338,49.08581],[2.17981,49.08783],[2.1775,49.08702],[2.1764,49.08805],[2.17359,49.08818],[2.17188,49.09092],[2.17269,49.09129],[2.17048,49.09466],[2.16122,49.10319],[2.15971,49.10368],[2.15908,49.107],[2.16565,49.10764],[2.16578,49.10849],[2.17215,49.10904],[2.17421,49.10963],[2.17529,49.10881],[2.18008,49.10962],[2.18109,49.1084]]]},"properties":{"code_insee":"95628","nom_commune":"Valmondois","code_rne":"0951279Z","nom_college":"Collège Les Coutures"}},{"type":"Feature","geometry":{"type":"Polygon","coordinates":[[[1.72442,49.05487],[1.72504,49.05393],[1.72731,49.05368],[1.72985,49.05261],[1.73207,49.05042],[1.72346,49.04498],[1.71676,49.04912],[1.71391,49.04757],[1.70815,49.05212],[1.70099,49.05377],[1.69367,49.05668],[1.69629,49.06066],[1.69637,49.06342],[1.6972,49.06474],[1.69662,49.0665],[1.69111,49.07033],[1.68759,49.07185],[1.6905,49.07479],[1.69159,49.0752],[1.69317,49.07422],[1.69616,49.07689],[1.69753,49.07559],[1.6997,49.07745],[1.70385,49.0789],[1.70633,49.07775],[1.71163,49.0727],[1.7102,49.07036],[1.7135,49.06367],[1.71506,49.06367],[1.71522,49.06115],[1.71113,49.05812],[1.71107,49.05628],[1.71199,49.05345],[1.71282,49.05315],[1.71772,49.05412],[1.71917,49.05301],[1.72225,49.05245],[1.72442,49.05487]]]},"properties":{"code_insee":"95651","nom_commune":"Vétheuil","code_rne":"0952079U","nom_college":"Collège Rosa Bonheur"}},{"type":"Feature","geometry":{"type":"Polygon","coordinates":[[[1.90446,49.07462],[1.90907,49.07946],[1.91295,49.08243],[1.91431,49.08244],[1.91477,49.0841],[1.91681,49.08533],[1.92286,49.09168],[1.92153,49.09483],[1.92881,49.094],[1.93566,49.09183],[1.94189,49.0914],[1.94575,49.08916],[1.94623,49.08808],[1.94891,49.08764],[1.95482,49.08325],[1.95224,49.08172],[1.95397,49.07938],[1.95322,49.07821],[1.9524,49.07852],[1.94852,49.07577],[1.94654,49.07491],[1.94205,49.07085],[1.94069,49.0713],[1.93661,49.06858],[1.93324,49.06965],[1.92285,49.06741],[1.92018,49.06902],[1.91785,49.0691],[1.9162,49.06806],[1.91388,49.06873],[1.91318,49.06989],[1.90446,49.07462]]]},"properties":{"code_insee":"95658","nom_commune":"Vigny","code_rne":"0952080V","nom_college":"Collège Roland Vasseur"}},{"type":"Feature","geometry":{"type":"Polygon","coordinates":[[[1.70633,49.07775],[1.70385,49.0789],[1.70513,49.08148],[1.7075,49.09395],[1.71139,49.09522],[1.73918,49.10127],[1.74246,49.09679],[1.74331,49.09396],[1.75418,49.09019],[1.76109,49.09045],[1.76078,49.08735],[1.75517,49.08767],[1.75501,49.08349],[1.75557,49.08228],[1.75395,49.08013],[1.75107,49.07923],[1.74706,49.07593],[1.74633,49.07284],[1.74346,49.0732],[1.74087,49.07267],[1.74027,49.07356],[1.73708,49.0733],[1.73304,49.07147],[1.73226,49.07403],[1.72149,49.076],[1.71992,49.07523],[1.70831,49.0788],[1.70633,49.07775]]]},"properties":{"code_insee":"95676","nom_commune":"Villers-en-Arthies","code_rne":"0952079U","nom_college":"Collège Rosa Bonheur"}},{"type":"Feature","geometry":{"type":"Polygon","coordinates":[[[2.20268,49.06502],[2.2104,49.06593],[2.21359,49.0654],[2.21654,49.0657],[2.21847,49.06718],[2.22435,49.07579],[2.22981,49.07746],[2.23371,49.07679],[2.23602,49.08745],[2.24773,49.08593],[2.25143,49.0849],[2.25088,49.09079],[2.25842,49.09119],[2.25788,49.08369],[2.27402,49.07654],[2.27013,49.07497],[2.26958,49.07223],[2.27048,49.07048],[2.27192,49.06943],[2.27048,49.06863],[2.26884,49.06656],[2.2659,49.06714],[2.26563,49.06934],[2.26344,49.07303],[2.25679,49.07546],[2.25556,49.07375],[2.25693,49.07253],[2.25536,49.07074],[2.25166,49.07046],[2.25097,49.06897],[2.25263,49.06623],[2.24859,49.06318],[2.24778,49.06062],[2.246,49.05876],[2.24225,49.05655],[2.2391,49.05624],[2.24089,49.05319],[2.23466,49.05147],[2.23487,49.04937],[2.23308,49.05102],[2.22795,49.0529],[2.22617,49.05282],[2.2216,49.05402],[2.21907,49.0538],[2.21721,49.05487],[2.21261,49.05904],[2.20954,49.05801],[2.20735,49.05949],[2.20666,49.06102],[2.20406,49.06106],[2.20454,49.06206],[2.20268,49.06502]]]},"properties":{"code_insee":"95678","nom_commune":"Villiers-Adam","code_rne":"0951991Y","nom_college":"Collège Cécile Sorel"}},{"type":"Feature","geometry":{"type":"Polygon","coordinates":[[[1.8236,49.07667],[1.81539,49.07641],[1.81296,49.07918],[1.81112,49.07851],[1.8098,49.08021],[1.8037,49.08211],[1.8028,49.08278],[1.80132,49.08592],[1.80229,49.08628],[1.80432,49.09237],[1.80672,49.09427],[1.8056,49.09516],[1.80991,49.09711],[1.80754,49.09967],[1.8154,49.10182],[1.81845,49.10444],[1.81384,49.10653],[1.81533,49.10798],[1.82506,49.1144],[1.82573,49.11562],[1.82764,49.11667],[1.83285,49.11561],[1.83486,49.11454],[1.83433,49.11278],[1.84059,49.10979],[1.83999,49.10786],[1.84061,49.1062],[1.84385,49.1055],[1.84448,49.10365],[1.84737,49.10277],[1.84889,49.10143],[1.84753,49.09989],[1.84562,49.10042],[1.84385,49.09852],[1.84471,49.09448],[1.84187,49.09155],[1.84036,49.09195],[1.83818,49.0895],[1.83369,49.08634],[1.83106,49.08278],[1.82033,49.08187],[1.8236,49.07667]]]},"properties":{"code_insee":"95690","nom_commune":"Wy-dit-Joli-Village","code_rne":"0951102G","nom_college":"Collège Claude Monet"}},{"type":"Feature","geometry":{"type":"Polygon","coordinates":[[[2.07341,49.16965],[2.07566,49.17132],[2.0762,49.17334],[2.07551,49.17462],[2.08287,49.18136],[2.08533,49.18501],[2.08408,49.18582],[2.08606,49.18797],[2.08829,49.18762],[2.08915,49.19034],[2.09587,49.19006],[2.09771,49.18917],[2.10205,49.19044],[2.10362,49.18892],[2.10966,49.19073],[2.10958,49.18895],[2.11104,49.18699],[2.11334,49.18654],[2.12207,49.18872],[2.12598,49.19126],[2.12551,49.19242],[2.1281,49.19341],[2.13057,49.19243],[2.13185,49.19066],[2.13521,49.19118],[2.13515,49.1883],[2.13728,49.18049],[2.13695,49.17905],[2.14076,49.17892],[2.14118,49.18134],[2.14056,49.18574],[2.14705,49.1881],[2.14829,49.18485],[2.15572,49.18249],[2.15812,49.18214],[2.16149,49.17958],[2.16457,49.17967],[2.16499,49.17846],[2.16157,49.17571],[2.16048,49.17418],[2.14891,49.16634],[2.14618,49.16679],[2.14178,49.16871],[2.13953,49.1708],[2.13909,49.17239],[2.13668,49.17458],[2.13002,49.17588],[2.12756,49.17322],[2.12699,49.1627],[2.12734,49.15987],[2.12276,49.15941],[2.1212,49.15689],[2.11846,49.15513],[2.11724,49.15338],[2.10623,49.15705],[2.10558,49.158],[2.09692,49.15836],[2.09473,49.15882],[2.09297,49.15999],[2.08709,49.16055],[2.08696,49.16299],[2.08228,49.16288],[2.08099,49.16176],[2.07791,49.16211],[2.07571,49.16305],[2.07501,49.1653],[2.07329,49.16822],[2.07341,49.16965]]]},"properties":{"code_insee":"95023","nom_commune":"Arronville","code_rne":"0950936B","nom_college":"Collège des Hautiers"}},{"type":"Feature","geometry":{"type":"Polygon","coordinates":[[[1.85752,49.14314],[1.85778,49.14486],[1.86119,49.14626],[1.86063,49.14698],[1.8628,49.14978],[1.86326,49.15288],[1.87261,49.15746],[1.87182,49.15997],[1.87682,49.16144],[1.88244,49.16128],[1.89121,49.16311],[1.895,49.16016],[1.8976,49.16034],[1.8961,49.15859],[1.89124,49.15879],[1.89126,49.15686],[1.8929,49.15695],[1.89318,49.14904],[1.89133,49.14917],[1.89356,49.144],[1.88932,49.14359],[1.8883,49.14286],[1.88893,49.14066],[1.88524,49.13962],[1.88586,49.13872],[1.88225,49.13781],[1.87977,49.13915],[1.87669,49.13845],[1.87626,49.13927],[1.87353,49.1406],[1.86669,49.13823],[1.86606,49.13926],[1.864,49.13962],[1.85502,49.13989],[1.85752,49.14314]]]},"properties":{"code_insee":"95054","nom_commune":"Bellay-en-Vexin","code_rne":"0950936B","nom_college":"Collège des Hautiers"}},{"type":"Feature","geometry":{"type":"Polygon","coordinates":[[[1.99151,49.16839],[1.99284,49.16966],[1.9916,49.17213],[1.99547,49.17407],[1.99897,49.17519],[2.00118,49.17324],[2.00419,49.17338],[2.00522,49.17276],[2.00798,49.17272],[2.01178,49.16747],[2.0124,49.1659],[2.00941,49.16279],[2.00668,49.16153],[1.99907,49.16015],[1.99586,49.1589],[1.9949,49.16031],[1.9892,49.16234],[1.99005,49.16316],[1.98995,49.16603],[1.99151,49.16839]]]},"properties":{"code_insee":"95303","nom_commune":"Heaulme","code_rne":"0950936B","nom_college":"Collège des Hautiers"}},{"type":"Feature","geometry":{"type":"Polygon","coordinates":[[[1.74154,49.13797],[1.74253,49.14701],[1.74452,49.14712],[1.75311,49.14536],[1.75321,49.1485],[1.75649,49.1496],[1.77182,49.15247],[1.77627,49.15208],[1.7778,49.14984],[1.78368,49.14533],[1.78369,49.14474],[1.78041,49.14261],[1.77774,49.14247],[1.77811,49.14067],[1.77963,49.13974],[1.77501,49.13616],[1.77145,49.13546],[1.76641,49.1319],[1.76138,49.13504],[1.758,49.13256],[1.75468,49.13365],[1.75007,49.13617],[1.7483,49.13571],[1.74544,49.1384],[1.74154,49.13797]]]},"properties":{"code_insee":"95309","nom_commune":"Hodent","code_rne":"0951102G","nom_college":"Collège Claude Monet"}},{"type":"Feature","geometry":{"type":"Polygon","coordinates":[[[1.77395,49.15229],[1.77708,49.1537],[1.7763,49.15573],[1.76986,49.16113],[1.77362,49.16306],[1.7747,49.16164],[1.77991,49.16377],[1.78289,49.16061],[1.78353,49.15878],[1.78841,49.16093],[1.78992,49.16286],[1.79599,49.16238],[1.79538,49.16352],[1.79874,49.16595],[1.79674,49.16706],[1.79796,49.17417],[1.79789,49.18002],[1.79434,49.17956],[1.79358,49.18027],[1.79433,49.18041],[1.79368,49.18364],[1.79547,49.18526],[1.80258,49.18493],[1.80355,49.17996],[1.80637,49.18013],[1.81384,49.17802],[1.81461,49.17596],[1.81134,49.17464],[1.81169,49.17361],[1.81401,49.17326],[1.81609,49.17386],[1.81567,49.17484],[1.81955,49.17598],[1.8194,49.17693],[1.82691,49.17961],[1.82796,49.17804],[1.83197,49.17599],[1.8343,49.17564],[1.83493,49.17421],[1.83748,49.17318],[1.83709,49.1717],[1.83546,49.16954],[1.83487,49.16606],[1.83407,49.16512],[1.83294,49.16121],[1.83454,49.16116],[1.83682,49.1569],[1.83538,49.15685],[1.8339,49.15294],[1.83817,49.15281],[1.8363,49.14827],[1.83822,49.14747],[1.83749,49.14597],[1.84153,49.14487],[1.83898,49.14005],[1.83602,49.14036],[1.83156,49.14209],[1.82984,49.141],[1.82332,49.14349],[1.81892,49.13879],[1.79977,49.14626],[1.79651,49.1474],[1.79263,49.14802],[1.78983,49.14707],[1.78897,49.14512],[1.79016,49.14255],[1.79172,49.14157],[1.78769,49.1402],[1.78759,49.14278],[1.7844,49.14197],[1.78461,49.14338],[1.78368,49.14533],[1.7778,49.14984],[1.77627,49.15208],[1.77395,49.15229]]]},"properties":{"code_insee":"95355","nom_commune":"Magny-en-Vexin","code_rne":"0951102G","nom_college":"Collège Claude Monet"}},{"type":"Feature","geometry":{"type":"Polygon","coordinates":[[[1.71202,49.17842],[1.71501,49.17663],[1.71825,49.17331],[1.71091,49.17247],[1.70932,49.17186],[1.70887,49.16614],[1.70627,49.16493],[1.69844,49.16714],[1.69367,49.16371],[1.68277,49.15735],[1.67867,49.1562],[1.67143,49.15849],[1.67055,49.15835],[1.66779,49.15496],[1.66739,49.15374],[1.6643,49.15395],[1.66078,49.15676],[1.66097,49.1578],[1.66293,49.15935],[1.66468,49.16587],[1.6702,49.16946],[1.66881,49.17116],[1.66829,49.17313],[1.66642,49.17519],[1.66639,49.17685],[1.66769,49.17754],[1.66753,49.17951],[1.67182,49.18088],[1.67745,49.18147],[1.67887,49.18259],[1.6812,49.18274],[1.68248,49.18401],[1.68469,49.18298],[1.69005,49.18207],[1.6933,49.18008],[1.69507,49.18123],[1.6972,49.18157],[1.69838,49.17978],[1.70119,49.17994],[1.70252,49.17827],[1.70471,49.17856],[1.70658,49.17713],[1.71075,49.17747],[1.71202,49.17842]]]},"properties":{"code_insee":"95429","nom_commune":"Montreuil-sur-Epte","code_rne":"0952079U","nom_college":"Collège Rosa Bonheur"}},{"type":"Feature","geometry":{"type":"Polygon","coordinates":[[[1.9627,49.17461],[1.96453,49.17676],[1.97101,49.18079],[1.97344,49.1839],[1.98239,49.18145],[1.98399,49.17966],[1.98831,49.17887],[1.99039,49.17667],[1.99259,49.17636],[1.99499,49.17691],[1.99912,49.17541],[1.9916,49.17213],[1.99284,49.16966],[1.99151,49.16839],[1.98941,49.16928],[1.98639,49.16771],[1.98565,49.16572],[1.98355,49.16575],[1.98238,49.16464],[1.98001,49.16505],[1.97799,49.16413],[1.97606,49.16683],[1.97421,49.16754],[1.97261,49.16704],[1.97164,49.16947],[1.96876,49.17053],[1.9627,49.17461]]]},"properties":{"code_insee":"95447","nom_commune":"Neuilly-en-Vexin","code_rne":"0950936B","nom_college":"Collège des Hautiers"}},{"type":"Feature","geometry":{"type":"Polygon","coordinates":[[[1.84067,49.14303],[1.84153,49.14487],[1.83749,49.14597],[1.83822,49.14747],[1.8363,49.14827],[1.83817,49.15281],[1.8339,49.15294],[1.83538,49.15685],[1.83682,49.1569],[1.83454,49.16116],[1.83294,49.16121],[1.83407,49.16512],[1.83647,49.16454],[1.83817,49.1663],[1.84449,49.17043],[1.84555,49.1699],[1.85503,49.17199],[1.85663,49.17165],[1.85822,49.16986],[1.86711,49.172],[1.86801,49.17187],[1.87677,49.17531],[1.87704,49.17145],[1.88102,49.16735],[1.88321,49.16631],[1.88244,49.16128],[1.87682,49.16144],[1.87182,49.15997],[1.87261,49.15746],[1.86326,49.15288],[1.8628,49.14978],[1.86063,49.14698],[1.86119,49.14626],[1.85778,49.14486],[1.85752,49.14314],[1.84784,49.14413],[1.84704,49.14166],[1.84067,49.14303]]]},"properties":{"code_insee":"95459","nom_commune":"Nucourt","code_rne":"0951102G","nom_college":"Collège Claude Monet"}},{"type":"Feature","geometry":{"type":"Polygon","coordinates":[[[1.77395,49.15229],[1.77182,49.15247],[1.75649,49.1496],[1.75321,49.1485],[1.75311,49.14536],[1.73835,49.14802],[1.74178,49.15371],[1.74147,49.15672],[1.74032,49.15946],[1.74495,49.16303],[1.74306,49.16406],[1.73848,49.1652],[1.73724,49.1649],[1.73015,49.16714],[1.72196,49.16471],[1.71879,49.16568],[1.71804,49.16626],[1.72141,49.17019],[1.72219,49.172],[1.72117,49.17611],[1.72492,49.17758],[1.7269,49.17667],[1.72963,49.17685],[1.7359,49.17432],[1.74269,49.17979],[1.75551,49.17459],[1.77592,49.1837],[1.77638,49.18508],[1.77692,49.18523],[1.77755,49.18411],[1.78091,49.18426],[1.78481,49.18583],[1.7867,49.18416],[1.78637,49.18308],[1.78863,49.18146],[1.78979,49.18165],[1.79099,49.17986],[1.79358,49.18027],[1.79434,49.17956],[1.79789,49.18002],[1.79796,49.17417],[1.79674,49.16706],[1.79874,49.16595],[1.79538,49.16352],[1.79599,49.16238],[1.78992,49.16286],[1.78841,49.16093],[1.78353,49.15878],[1.78289,49.16061],[1.77991,49.16377],[1.7747,49.16164],[1.77362,49.16306],[1.76986,49.16113],[1.7763,49.15573],[1.77708,49.1537],[1.77395,49.15229]]]},"properties":{"code_insee":"95554","nom_commune":"Saint-Gervais","code_rne":"0951102G","nom_college":"Collège Claude Monet"}},{"type":"Feature","geometry":{"type":"Polygon","coordinates":[[[2.04924,49.16276],[2.05054,49.16231],[2.05466,49.16254],[2.05917,49.16404],[2.06205,49.16662],[2.0687,49.17017],[2.07341,49.16965],[2.07329,49.16822],[2.07501,49.1653],[2.07571,49.16305],[2.07791,49.16211],[2.08099,49.16176],[2.08228,49.16288],[2.08696,49.16299],[2.08718,49.15965],[2.0855,49.1525],[2.08531,49.14908],[2.08456,49.14782],[2.08128,49.14777],[2.08044,49.14678],[2.08054,49.14498],[2.07607,49.1461],[2.07258,49.14407],[2.06739,49.14336],[2.06581,49.14369],[2.06215,49.14593],[2.06098,49.14759],[2.06164,49.15128],[2.06122,49.15231],[2.05484,49.15509],[2.05169,49.1558],[2.04948,49.15575],[2.04968,49.15737],[2.04857,49.15911],[2.04924,49.16276]]]},"properties":{"code_insee":"95611","nom_commune":"Theuville","code_rne":"0950936B","nom_college":"Collège des Hautiers"}},{"type":"Feature","geometry":{"type":"Polygon","coordinates":[[[2.44324,49.01265],[2.44972,49.01081],[2.4575,49.00946],[2.46127,49.00954],[2.46195,49.01026],[2.46646,49.00886],[2.46729,49.00967],[2.46987,49.0094],[2.47261,49.01007],[2.4774,49.01011],[2.47856,49.01141],[2.48519,49.011],[2.49114,49.01005],[2.48812,49.0022],[2.48644,49.00123],[2.48358,49.00112],[2.48349,48.99925],[2.47871,48.99374],[2.47413,48.99384],[2.46908,48.99573],[2.46746,48.99587],[2.46676,48.99438],[2.46438,48.9974],[2.46254,48.99771],[2.46521,49.00127],[2.46323,49.00168],[2.45735,49.002],[2.44438,49.00547],[2.44691,49.01027],[2.44398,49.01113],[2.44324,49.01265]]]},"properties":{"code_insee":"95612","nom_commune":"LE THILLAY","code_rne":"0950025L+0951921X","nom_college":"Collège Philippe Auguste ou Collège Montaigne"}},{"type":"Feature","geometry":{"type":"Polygon","coordinates":[[[2.236581,48.940759],[2.237203,48.939202],[2.238426,48.93948],[2.238597,48.940637],[2.238089,48.941385],[2.237009,48.941658],[2.236581,48.940759]]]},"properties":{"code_insee":"95018","nom_commune":"ARGENTEUIL","code_rne":"0951094Y","nom_college":"Collège Paul Vaillant-Couturier"}},{"type":"Feature","geometry":{"type":"Polygon","coordinates":[[[2.238254,48.936639],[2.239333,48.935865],[2.24006,48.93597],[2.240752,48.937648],[2.24236,48.937971],[2.244175,48.93664],[2.24508,48.93508],[2.2476,48.93674],[2.25559,48.9402],[2.25776,48.94184],[2.261062,48.943529],[2.260485,48.94593],[2.260233,48.946118],[2.258343,48.945574],[2.258084,48.947501],[2.257415,48.947535],[2.256583,48.947086],[2.255253,48.947479],[2.255139,48.946899],[2.25416,48.945699],[2.253507,48.945966],[2.252417,48.945142],[2.251627,48.946129],[2.250925,48.946283],[2.25027,48.945864],[2.249424,48.946261],[2.249793,48.947116],[2.248665,48.947853],[2.247584,48.946521],[2.246188,48.947484],[2.245798,48.948388],[2.244223,48.946926],[2.24331,48.947094],[2.242797,48.948168],[2.241597,48.948305],[2.241307,48.946404],[2.240058,48.94669],[2.239471,48.945818],[2.240064,48.944909],[2.241751,48.945101],[2.24258,48.943597],[2.240434,48.942389],[2.239884,48.941041],[2.240595,48.940282],[2.24024,48.937939],[2.239703,48.938128],[2.238392,48.937146],[2.238254,48.936639]]]},"properties":{"code_insee":"95018","nom_commune":"ARGENTEUIL","code_rne":"0951094Y","nom_college":"Collège Paul Vaillant-Couturier"}},{"type":"Feature","geometry":{"type":"Polygon","coordinates":[[[2.218293,48.946003],[2.219376,48.946282],[2.220045,48.944878],[2.220755,48.944638],[2.221519,48.944831],[2.223022,48.94433],[2.224568,48.943198],[2.226051,48.943418],[2.226401,48.941173],[2.227726,48.941522],[2.228861,48.941111],[2.229049,48.940367],[2.230225,48.939531],[2.232265,48.93885],[2.232629,48.939508],[2.234349,48.940413],[2.23432,48.94083],[2.23539,48.941715],[2.237409,48.941699],[2.238089,48.941385],[2.238597,48.940637],[2.239884,48.941041],[2.240693,48.94267],[2.24258,48.943597],[2.241751,48.945101],[2.240064,48.944909],[2.239471,48.945818],[2.237891,48.946538],[2.236676,48.944866],[2.23486,48.946854],[2.234366,48.946346],[2.23434,48.945148],[2.233313,48.945285],[2.232169,48.94666],[2.231481,48.947004],[2.231083,48.946806],[2.229522,48.94812],[2.228594,48.948125],[2.228254,48.94709],[2.227031,48.947087],[2.226189,48.949735],[2.22507,48.950228],[2.223077,48.949747],[2.222177,48.948773],[2.220921,48.948403],[2.219976,48.947702],[2.219069,48.947661],[2.218293,48.946003]],[[2.228257,48.943072],[2.22928,48.944059],[2.22888,48.942797],[2.228257,48.943072]]]},"properties":{"code_insee":"95018","nom_commune":"ARGENTEUIL","code_rne":"0951230W","nom_college":"Collège Eugénie Cotton"}},{"type":"Feature","geometry":{"type":"Polygon","coordinates":[[[2.226581,48.937479],[2.228269,48.936167],[2.228545,48.937998],[2.227634,48.938376],[2.226581,48.937479]]]},"properties":{"code_insee":"95018","nom_commune":"ARGENTEUIL","code_rne":"0951230W","nom_college":"Collège Eugénie Cotton"}},{"type":"Feature","geometry":{"type":"Polygon","coordinates":[[[2.239812,48.947566],[2.240061,48.947021],[2.241532,48.948272],[2.240732,48.948424],[2.239812,48.947566]]]},"properties":{"code_insee":"95018","nom_commune":"ARGENTEUIL","code_rne":"0951230W","nom_college":"Collège Eugénie Cotton"}},{"type":"Feature","geometry":{"type":"Polygon","coordinates":[[[2.23027,48.965355],[2.231841,48.963946],[2.231941,48.963086],[2.233161,48.962622],[2.233838,48.961018],[2.234567,48.961202],[2.235347,48.960021],[2.236535,48.959523],[2.236915,48.959971],[2.23901,48.960336],[2.239562,48.95913],[2.23926,48.958192],[2.239575,48.956994],[2.241001,48.956204],[2.241327,48.95422],[2.24311,48.954557],[2.245033,48.954007],[2.245999,48.954791],[2.25003,48.95428],[2.250892,48.953645],[2.253104,48.954858],[2.254109,48.954364],[2.255412,48.954593],[2.256224,48.955281],[2.256824,48.954972],[2.257534,48.953819],[2.259344,48.953789],[2.259744,48.954458],[2.26117,48.954671],[2.261822,48.956243],[2.263303,48.956504],[2.265433,48.957684],[2.265969,48.960731],[2.264705,48.962706],[2.2638,48.96196],[2.25901,48.96345],[2.24898,48.96385],[2.24942,48.96534],[2.24349,48.96721],[2.24278,48.96657],[2.23579,48.96824],[2.231676,48.967755],[2.231608,48.966368],[2.23027,48.965355]]]},"properties":{"code_insee":"95018","nom_commune":"ARGENTEUIL","code_rne":"0952114G","nom_college":"Collège Ariane"}},{"type":"Feature","geometry":{"type":"Polygon","coordinates":[[[2.260872,48.948219],[2.262745,48.94759],[2.263407,48.94683],[2.26404,48.944715],[2.26872,48.94658],[2.28171,48.94975],[2.29097,48.95097],[2.29228,48.95139],[2.28825,48.95835],[2.28846,48.95897],[2.28812,48.95974],[2.28312,48.95907],[2.28271,48.95996],[2.280679,48.959917],[2.280316,48.958969],[2.278141,48.958201],[2.276774,48.956287],[2.276045,48.955833],[2.274235,48.956161],[2.27226,48.958183],[2.270752,48.958658],[2.268554,48.960237],[2.265969,48.960731],[2.265433,48.957684],[2.263303,48.956504],[2.261822,48.956243],[2.26117,48.954671],[2.263097,48.953544],[2.262688,48.951839],[2.263306,48.950391],[2.262938,48.949717],[2.261344,48.94987],[2.260872,48.948219]]]},"properties":{"code_insee":"95018","nom_commune":"ARGENTEUIL","code_rne":"0950885W","nom_college":"Collège Irène Joliot-Curie"}},{"type":"Feature","geometry":{"type":"Polygon","coordinates":[[[2.215551,48.937544],[2.215602,48.937112],[2.2164,48.93698],[2.21722,48.93572],[2.21955,48.93479],[2.22187,48.9346],[2.2255,48.92925],[2.22802,48.93015],[2.23114,48.92773],[2.23672,48.9307],[2.24177,48.9329],[2.24508,48.93508],[2.244175,48.93664],[2.24236,48.937971],[2.240752,48.937648],[2.24006,48.93597],[2.239333,48.935865],[2.238254,48.936639],[2.238392,48.937146],[2.239703,48.938128],[2.24024,48.937939],[2.240595,48.940282],[2.239884,48.941041],[2.238597,48.940637],[2.238426,48.93948],[2.237308,48.939159],[2.236581,48.940759],[2.237009,48.941658],[2.23539,48.941715],[2.23432,48.94083],[2.234349,48.940413],[2.232629,48.939508],[2.232265,48.93885],[2.230225,48.939531],[2.229049,48.940367],[2.228861,48.941111],[2.227726,48.941522],[2.226401,48.941173],[2.226051,48.943418],[2.224568,48.943198],[2.223022,48.94433],[2.222749,48.943809],[2.219621,48.942565],[2.219108,48.941146],[2.217842,48.940445],[2.216659,48.941256],[2.216039,48.939404],[2.21718,48.939403],[2.217261,48.939146],[2.216899,48.938142],[2.215551,48.937544]],[[2.226581,48.937479],[2.227634,48.938376],[2.228545,48.937998],[2.228269,48.936167],[2.226581,48.937479]]]},"properties":{"code_insee":"95018","nom_commune":"ARGENTEUIL","code_rne":"0951138W","nom_college":"Collège Jean-Jacques Rousseau"}},{"type":"Feature","geometry":{"type":"Polygon","coordinates":[[[2.235006,48.951082],[2.237166,48.950399],[2.237653,48.951075],[2.237236,48.952044],[2.235285,48.951515],[2.235006,48.951082]]]},"properties":{"code_insee":"95018","nom_commune":"ARGENTEUIL","code_rne":"0950884V","nom_college":"Collège Carnot"}},{"type":"Feature","geometry":{"type":"Polygon","coordinates":[[[2.23751,48.947686],[2.237891,48.946538],[2.239471,48.945818],[2.240058,48.94669],[2.241307,48.946404],[2.241523,48.948229],[2.240061,48.947021],[2.239812,48.947566],[2.240732,48.948424],[2.238932,48.948963],[2.23751,48.947686]]]},"properties":{"code_insee":"95018","nom_commune":"ARGENTEUIL","code_rne":"0950884V","nom_college":"Collège Carnot"}},{"type":"Feature","geometry":{"type":"Polygon","coordinates":[[[2.239208,48.952751],[2.240214,48.95052],[2.241641,48.949981],[2.241597,48.948305],[2.242797,48.948168],[2.24331,48.947094],[2.244223,48.946926],[2.245798,48.948388],[2.246188,48.947484],[2.247584,48.946521],[2.248665,48.947853],[2.249793,48.947116],[2.249424,48.946261],[2.25027,48.945864],[2.250925,48.946283],[2.251627,48.946129],[2.252417,48.945142],[2.253507,48.945966],[2.25416,48.945699],[2.255139,48.946899],[2.255253,48.947479],[2.256583,48.947086],[2.257415,48.947535],[2.258084,48.947501],[2.258343,48.945574],[2.260233,48.946118],[2.260485,48.94593],[2.261062,48.943529],[2.26404,48.944715],[2.263407,48.94683],[2.262745,48.94759],[2.260872,48.948219],[2.261344,48.94987],[2.262938,48.949717],[2.263306,48.950391],[2.262688,48.951839],[2.263097,48.953544],[2.26117,48.954671],[2.259744,48.954458],[2.259344,48.953789],[2.257534,48.953819],[2.256824,48.954972],[2.256224,48.955281],[2.255412,48.954593],[2.254109,48.954364],[2.253104,48.954858],[2.250892,48.953645],[2.25003,48.95428],[2.245999,48.954791],[2.245033,48.954007],[2.24311,48.954557],[2.239892,48.953812],[2.239208,48.952751]]]},"properties":{"code_insee":"95018","nom_commune":"ARGENTEUIL","code_rne":"0950884V","nom_college":"Collège Carnot"}},{"type":"Feature","geometry":{"type":"Polygon","coordinates":[[[2.20345,48.95639],[2.20537,48.95495],[2.206093,48.946919],[2.208275,48.947135],[2.208731,48.946375],[2.209595,48.946376],[2.210905,48.947112],[2.212335,48.946443],[2.214078,48.947504],[2.215929,48.948167],[2.216315,48.948109],[2.217257,48.94624],[2.218278,48.945994],[2.219069,48.947661],[2.219976,48.947702],[2.220921,48.948403],[2.222177,48.948773],[2.223077,48.949747],[2.22507,48.950228],[2.226189,48.949735],[2.228113,48.950439],[2.231358,48.94948],[2.232384,48.950195],[2.23268,48.950927],[2.2324,48.951896],[2.229627,48.95121],[2.22955,48.952112],[2.226683,48.952276],[2.226464,48.953674],[2.224361,48.954118],[2.22436,48.954696],[2.222184,48.956589],[2.222001,48.957372],[2.220968,48.957907],[2.219774,48.957376],[2.219502,48.956847],[2.21733,48.955255],[2.213933,48.955055],[2.213482,48.956025],[2.21379,48.959161],[2.21147,48.96473],[2.20979,48.96345],[2.20345,48.95639]]]},"properties":{"code_insee":"95018","nom_commune":"ARGENTEUIL","code_rne":"0950886X","nom_college":"Collège Claude Monet"}},{"type":"Feature","geometry":{"type":"Polygon","coordinates":[[[2.264705,48.962706],[2.265969,48.960731],[2.268554,48.960237],[2.270752,48.958658],[2.27226,48.958183],[2.274235,48.956161],[2.275363,48.955905],[2.276045,48.955833],[2.276774,48.956287],[2.278141,48.958201],[2.279939,48.958686],[2.280679,48.959917],[2.27986,48.9599],[2.27897,48.96186],[2.2765,48.962],[2.27617,48.96411],[2.27302,48.96432],[2.26844,48.96386],[2.26779,48.96317],[2.26505,48.96299],[2.264705,48.962706]]]},"properties":{"code_insee":"95018","nom_commune":"ARGENTEUIL","code_rne":"0950037Z","nom_college":"Collège Jean Zay"}},{"type":"Feature","geometry":{"type":"Polygon","coordinates":[[[2.211528,48.964701],[2.21379,48.959161],[2.213482,48.956025],[2.213933,48.955055],[2.21733,48.955255],[2.219502,48.956847],[2.219774,48.957376],[2.220968,48.957907],[2.220775,48.961274],[2.22292,48.961917],[2.224005,48.9608],[2.222313,48.95746],[2.222001,48.957372],[2.222184,48.956589],[2.22436,48.954696],[2.224361,48.954118],[2.226464,48.953674],[2.226683,48.952276],[2.22955,48.952112],[2.229627,48.95121],[2.2324,48.951896],[2.23268,48.950927],[2.232384,48.950195],[2.231358,48.94948],[2.228113,48.950439],[2.226189,48.949735],[2.227031,48.947087],[2.228254,48.94709],[2.228594,48.948125],[2.229522,48.94812],[2.231083,48.946806],[2.231481,48.947004],[2.232169,48.94666],[2.233313,48.945285],[2.23434,48.945148],[2.234366,48.946346],[2.23486,48.946854],[2.236676,48.944866],[2.237891,48.946538],[2.23751,48.947686],[2.238932,48.948963],[2.241597,48.948305],[2.241641,48.949981],[2.240214,48.95052],[2.239208,48.952751],[2.239892,48.953812],[2.241029,48.953923],[2.241327,48.95422],[2.241001,48.956204],[2.239575,48.956994],[2.23926,48.958192],[2.239562,48.95913],[2.239203,48.960122],[2.23901,48.960336],[2.236915,48.959971],[2.236535,48.959523],[2.235347,48.960021],[2.234567,48.961202],[2.233838,48.961018],[2.233161,48.962622],[2.231941,48.963086],[2.231841,48.963946],[2.23027,48.965355],[2.231608,48.966368],[2.231676,48.967755],[2.2291,48.97058],[2.22574,48.97102],[2.22285,48.97247],[2.2204,48.97002],[2.2185,48.96901],[2.2166,48.96661],[2.21354,48.96369],[2.211528,48.964701]],[[2.235006,48.951082],[2.235285,48.951515],[2.237236,48.952044],[2.237653,48.951075],[2.237166,48.950399],[2.235006,48.951082]]]},"properties":{"code_insee":"95018","nom_commune":"ARGENTEUIL","code_rne":"0951356H","nom_college":"Collège Lucie Aubrac"}},{"type":"Feature","geometry":{"type":"Polygon","coordinates":[[[2.20528,48.9414],[2.20692,48.93944],[2.21032,48.93886],[2.21046,48.93796],[2.215602,48.937112],[2.215551,48.937544],[2.216899,48.938142],[2.217261,48.939146],[2.21718,48.939403],[2.216039,48.939404],[2.216659,48.941256],[2.217842,48.940445],[2.219108,48.941146],[2.219621,48.942565],[2.222749,48.943809],[2.223014,48.944326],[2.221519,48.944831],[2.220755,48.944638],[2.220045,48.944878],[2.219376,48.946282],[2.217523,48.946082],[2.216315,48.948109],[2.214078,48.947504],[2.212335,48.946443],[2.210905,48.947112],[2.209595,48.946376],[2.208656,48.946414],[2.208275,48.947135],[2.206093,48.946919],[2.20621,48.94551],[2.20528,48.9414]]]},"properties":{"code_insee":"95018","nom_commune":"ARGENTEUIL","code_rne":"0951139X","nom_college":"Collège Albert Camus"}},{"type":"Feature","geometry":{"type":"Polygon","coordinates":[[[2.220725,48.96022],[2.220968,48.957907],[2.222001,48.957372],[2.222313,48.95746],[2.224005,48.9608],[2.22292,48.961917],[2.220775,48.961274],[2.220725,48.96022]]]},"properties":{"code_insee":"95018","nom_commune":"ARGENTEUIL","code_rne":"0951139X","nom_college":"Collège Albert Camus"}},{"type":"Feature","geometry":{"type":"Polygon","coordinates":[[[2.228257,48.943072],[2.22888,48.942797],[2.22928,48.944059],[2.228257,48.943072]]]},"properties":{"code_insee":"95018","nom_commune":"ARGENTEUIL","code_rne":"0951139X","nom_college":"Collège Albert Camus"}},{"type":"Feature","geometry":{"type":"Polygon","coordinates":[[[2.2063,48.938289],[2.207349,48.937233],[2.207663,48.937635],[2.207498,48.938874],[2.208344,48.939197],[2.207228,48.939387],[2.207268,48.938982],[2.206318,48.938709],[2.2063,48.938289]]]},"properties":{"code_insee":"95063","nom_commune":"BEZONS","code_rne":"0950888Z","nom_college":"Collège Henri Wallon"}},{"type":"Feature","geometry":{"type":"Polygon","coordinates":[[[2.207916,48.935613],[2.208503,48.934219],[2.208895,48.934172],[2.209918,48.93569],[2.209207,48.936838],[2.207916,48.935613]]]},"properties":{"code_insee":"95063","nom_commune":"BEZONS","code_rne":"0950888Z","nom_college":"Collège Henri Wallon"}},{"type":"Feature","geometry":{"type":"Polygon","coordinates":[[[2.209609,48.938479],[2.211444,48.934959],[2.210329,48.933606],[2.211099,48.932392],[2.212013,48.932037],[2.211769,48.931235],[2.212764,48.930198],[2.213591,48.929964],[2.213771,48.92925],[2.214972,48.928514],[2.215163,48.927244],[2.215834,48.927086],[2.216585,48.926128],[2.216527,48.925593],[2.218044,48.925127],[2.217196,48.924169],[2.217281,48.923271],[2.219787,48.923371],[2.22047,48.922056],[2.221317,48.921227],[2.23114,48.92773],[2.22802,48.93015],[2.2255,48.92925],[2.22187,48.9346],[2.21955,48.93479],[2.21722,48.93572],[2.2164,48.93698],[2.21046,48.93796],[2.21032,48.93886],[2.209706,48.938965],[2.209609,48.938479]]]},"properties":{"code_insee":"95063","nom_commune":"BEZONS","code_rne":"0950888Z","nom_college":"Collège Henri Wallon"}},{"type":"Feature","geometry":{"type":"Polygon","coordinates":[[[2.19825,48.912],[2.20059,48.90868],[2.20615,48.91093],[2.21163,48.9143],[2.21501,48.91711],[2.221317,48.921227],[2.22047,48.922056],[2.219787,48.923371],[2.217281,48.923271],[2.217196,48.924169],[2.218044,48.925127],[2.216527,48.925593],[2.216585,48.926128],[2.215834,48.927086],[2.215163,48.927244],[2.214972,48.928514],[2.213771,48.92925],[2.213591,48.929964],[2.212764,48.930198],[2.211769,48.931235],[2.212013,48.932037],[2.211099,48.932392],[2.210329,48.933606],[2.211444,48.934959],[2.209688,48.938145],[2.209706,48.938965],[2.208344,48.939197],[2.207498,48.938874],[2.207663,48.937635],[2.207349,48.937233],[2.2063,48.938289],[2.206318,48.938709],[2.207268,48.938982],[2.207228,48.939387],[2.20609,48.94066],[2.20268,48.93985],[2.20282,48.93778],[2.20146,48.93772],[2.20077,48.93606],[2.19893,48.93525],[2.201,48.93165],[2.20387,48.92784],[2.20394,48.92505],[2.20546,48.92213],[2.20198,48.92073],[2.19919,48.91897],[2.20048,48.91825],[2.2037,48.91439],[2.19825,48.912]],[[2.207916,48.935613],[2.209207,48.936838],[2.209918,48.93569],[2.208895,48.934172],[2.208503,48.934219],[2.207916,48.935613]]]},"properties":{"code_insee":"95063","nom_commune":"BEZONS","code_rne":"0950887Y","nom_college":"Collège Gabriel Péri"}},{"type":"Feature","geometry":{"type":"Polygon","coordinates":[[[2.024004,49.052051],[2.025437,49.052174],[2.025995,49.05191],[2.026064,49.050254],[2.028447,49.050095],[2.030053,49.050663],[2.033981,49.048925],[2.038203,49.049151],[2.038852,49.048436],[2.039715,49.04899],[2.041248,49.048973],[2.041917,49.048328],[2.042769,49.049239],[2.044029,49.048792],[2.044872,49.0481],[2.046532,49.048444],[2.047568,49.047929],[2.049011,49.048892],[2.049663,49.048977],[2.053321,49.046182],[2.05497,49.047099],[2.056219,49.046823],[2.059084,49.048103],[2.06146,49.052663],[2.05472,49.05428],[2.05472,49.055],[2.047505,49.056081],[2.0473,49.053725],[2.045875,49.050807],[2.045305,49.05064],[2.044368,49.050994],[2.043536,49.051894],[2.044169,49.054187],[2.04276,49.05425],[2.03858,49.05531],[2.02899,49.05601],[2.02777,49.0565],[2.024245,49.054326],[2.024004,49.052051]]]},"properties":{"code_insee":"95127","nom_commune":"CERGY","code_rne":"0952282P","nom_college":"Collège Caroline Aigle"}},{"type":"Feature","geometry":{"type":"Polygon","coordinates":[[[2.032944,49.046921],[2.033528,49.046354],[2.033896,49.04694],[2.033629,49.047338],[2.032944,49.046921]]]},"properties":{"code_insee":"95127","nom_commune":"CERGY","code_rne":"0952282P","nom_college":"Collège Caroline Aigle"}},{"type":"Feature","geometry":{"type":"Polygon","coordinates":[[[2.032957,49.045173],[2.033113,49.044153],[2.035018,49.044041],[2.034363,49.045196],[2.032957,49.045173]]]},"properties":{"code_insee":"95127","nom_commune":"CERGY","code_rne":"0952282P","nom_college":"Collège Caroline Aigle"}},{"type":"Feature","geometry":{"type":"Polygon","coordinates":[[[2.033509,49.047597],[2.033627,49.047369],[2.034481,49.047797],[2.034134,49.048127],[2.033509,49.047597]]]},"properties":{"code_insee":"95127","nom_commune":"CERGY","code_rne":"0952282P","nom_college":"Collège Caroline Aigle"}},{"type":"Feature","geometry":{"type":"Polygon","coordinates":[[[2.068079,49.049937],[2.069427,49.04577],[2.07044,49.044442],[2.072343,49.043335],[2.07229,49.042513],[2.075371,49.040288],[2.075974,49.040999],[2.076945,49.041006],[2.078461,49.03936],[2.081413,49.041166],[2.07511,49.04502],[2.068079,49.049937]]]},"properties":{"code_insee":"95127","nom_commune":"CERGY","code_rne":"0952282P","nom_college":"Collège Caroline Aigle"}},{"type":"Feature","geometry":{"type":"Polygon","coordinates":[[[2.009792,49.050715],[2.010142,49.049643],[2.009901,49.049082],[2.010286,49.048524],[2.012263,49.048229],[2.013138,49.047002],[2.016721,49.046839],[2.01781,49.045097],[2.019201,49.044052],[2.019231,49.043694],[2.017194,49.042157],[2.014403,49.041055],[2.01583,49.03987],[2.02226,49.0385],[2.02527,49.03842],[2.027297,49.037668],[2.027866,49.040868],[2.028536,49.041888],[2.03063,49.043401],[2.03113,49.043401],[2.031858,49.045135],[2.030615,49.045757],[2.029668,49.045465],[2.029847,49.046803],[2.031009,49.046373],[2.03151,49.046491],[2.031847,49.047114],[2.030412,49.04793],[2.030317,49.048274],[2.030445,49.04876],[2.031694,49.049778],[2.030053,49.050663],[2.028447,49.050095],[2.026064,49.050254],[2.025995,49.05191],[2.025437,49.052174],[2.024004,49.052051],[2.023509,49.05142],[2.022617,49.051728],[2.0214,49.05067],[2.019847,49.051342],[2.018672,49.051196],[2.018339,49.050492],[2.016644,49.050481],[2.015684,49.050803],[2.014167,49.049787],[2.014724,49.04876],[2.013786,49.048076],[2.013287,49.048865],[2.013608,49.049937],[2.013285,49.050328],[2.012081,49.049915],[2.011403,49.050224],[2.010885,49.051693],[2.009792,49.050715]]]},"properties":{"code_insee":"95127","nom_commune":"CERGY","code_rne":"0951697D","nom_college":"Collège Le Moulin à Vent"}},{"type":"Feature","geometry":{"type":"Polygon","coordinates":[[[1.99997,49.05177],[2.00473,49.05024],[2.00833,49.04829],[2.008976,49.046523],[2.009434,49.046784],[2.010604,49.046509],[2.010887,49.047112],[2.010525,49.047607],[2.009502,49.047021],[2.009423,49.047581],[2.010286,49.048524],[2.009901,49.049082],[2.010142,49.049643],[2.009792,49.050715],[2.010885,49.051693],[2.011403,49.050224],[2.012081,49.049915],[2.013285,49.050328],[2.013608,49.049937],[2.013287,49.048865],[2.013786,49.048076],[2.014724,49.04876],[2.014167,49.049787],[2.015684,49.050803],[2.016644,49.050481],[2.018339,49.050492],[2.018672,49.051196],[2.019847,49.051342],[2.0214,49.05067],[2.022617,49.051728],[2.023509,49.05142],[2.024004,49.052051],[2.024245,49.054326],[2.01531,49.05507],[2.0106,49.05612],[2.01001,49.05558],[2.00324,49.05379],[1.99997,49.05177]]]},"properties":{"code_insee":"95127","nom_commune":"CERGY","code_rne":"0951964U","nom_college":"Collège Les Explorateurs"}},{"type":"Feature","geometry":{"type":"Polygon","coordinates":[[[2.027297,49.037668],[2.03185,49.03677],[2.03506,49.03871],[2.04006,49.03589],[2.03823,49.03373],[2.039724,49.033092],[2.041492,49.042906],[2.043732,49.043583],[2.044068,49.04406],[2.044883,49.0442],[2.04612,49.043898],[2.047009,49.044381],[2.048927,49.043332],[2.049846,49.043788],[2.051336,49.045553],[2.053321,49.046182],[2.049663,49.048977],[2.049011,49.048892],[2.047568,49.047929],[2.046532,49.048444],[2.044872,49.0481],[2.044029,49.048792],[2.042769,49.049239],[2.041917,49.048328],[2.041248,49.048973],[2.039715,49.04899],[2.038852,49.048436],[2.038203,49.049151],[2.033981,49.048925],[2.031694,49.049778],[2.030445,49.04876],[2.030317,49.048274],[2.030412,49.04793],[2.031847,49.047114],[2.03151,49.046491],[2.031009,49.046373],[2.029847,49.046803],[2.029668,49.045465],[2.030615,49.045757],[2.031858,49.045135],[2.03113,49.043401],[2.03063,49.043401],[2.028536,49.041888],[2.027866,49.040868],[2.027297,49.037668]],[[2.032944,49.046921],[2.033629,49.047338],[2.033896,49.04694],[2.033528,49.046354],[2.032944,49.046921]],[[2.032957,49.045173],[2.034363,49.045196],[2.035018,49.044041],[2.033113,49.044153],[2.032957,49.045173]],[[2.033509,49.047597],[2.034134,49.048127],[2.034481,49.047797],[2.033627,49.047369],[2.033509,49.047597]]]},"properties":{"code_insee":"95127","nom_commune":"CERGY","code_rne":"0951617S","nom_college":"Collège Gérard Philipe"}},{"type":"Feature","geometry":{"type":"Polygon","coordinates":[[[2.043536,49.051894],[2.044368,49.050994],[2.045305,49.05064],[2.045875,49.050807],[2.0473,49.053725],[2.047505,49.056081],[2.04678,49.05619],[2.04658,49.05408],[2.044169,49.054187],[2.043536,49.051894]]]},"properties":{"code_insee":"95127","nom_commune":"CERGY","code_rne":"0951617S","nom_college":"Collège Gérard Philipe"}},{"type":"Feature","geometry":{"type":"Polygon","coordinates":[[[2.039724,49.033092],[2.04982,49.02878],[2.05011,49.02669],[2.05615,49.02319],[2.05777,49.02279],[2.05914,49.02474],[2.06097,49.02546],[2.06654,49.02134],[2.07298,49.01839],[2.07546,49.018],[2.0766,49.01926],[2.08087,49.019],[2.0855,49.01976],[2.08847,49.021],[2.09066,49.02397],[2.08964,49.02432],[2.09112,49.02733],[2.08962,49.0285],[2.08455,49.02907],[2.08418,49.0324],[2.08534,49.0333],[2.08295,49.03473],[2.08732,49.0383],[2.081413,49.041166],[2.081265,49.040194],[2.079638,49.037611],[2.07986,49.037127],[2.080557,49.037769],[2.079682,49.035907],[2.078814,49.035253],[2.077638,49.035134],[2.075667,49.033373],[2.074224,49.032973],[2.073686,49.032304],[2.073151,49.032208],[2.071028,49.032962],[2.07053,49.033775],[2.069555,49.0344],[2.068962,49.033755],[2.067845,49.033955],[2.067971,49.034597],[2.068926,49.035174],[2.069613,49.034526],[2.069517,49.03582],[2.068892,49.036282],[2.067985,49.036662],[2.067459,49.036419],[2.067038,49.036796],[2.06621,49.036749],[2.066171,49.035505],[2.065301,49.035914],[2.065403,49.037265],[2.065041,49.03836],[2.065437,49.039847],[2.062863,49.040731],[2.063068,49.041141],[2.065219,49.041571],[2.064672,49.042694],[2.063196,49.042249],[2.062281,49.04428],[2.061744,49.044341],[2.061394,49.043786],[2.05963,49.042798],[2.058994,49.043806],[2.057065,49.043888],[2.056301,49.044409],[2.054852,49.044339],[2.054572,49.042581],[2.053656,49.042344],[2.052366,49.043626],[2.053245,49.046038],[2.051336,49.045553],[2.049846,49.043788],[2.048927,49.043332],[2.047009,49.044381],[2.04612,49.043898],[2.044883,49.0442],[2.044068,49.04406],[2.043732,49.043583],[2.041492,49.042906],[2.039724,49.033092]]]},"properties":{"code_insee":"95127","nom_commune":"CERGY","code_rne":"0950937C","nom_college":"Collège Les Touleuses"}},{"type":"Feature","geometry":{"type":"Polygon","coordinates":[[[2.068993,49.037205],[2.069147,49.036728],[2.069522,49.037164],[2.069178,49.037438],[2.068993,49.037205]]]},"properties":{"code_insee":"95127","nom_commune":"CERGY","code_rne":"0950937C","nom_college":"Collège Les Touleuses"}},{"type":"Feature","geometry":{"type":"Polygon","coordinates":[[[2.00705,49.04457],[2.01044,49.04385],[2.014351,49.040962],[2.017194,49.042157],[2.019231,49.043694],[2.019201,49.044052],[2.017027,49.04601],[2.016721,49.046839],[2.013138,49.047002],[2.012263,49.048229],[2.010286,49.048524],[2.009423,49.047581],[2.009502,49.047021],[2.010525,49.047607],[2.010887,49.047112],[2.010604,49.046509],[2.009434,49.046784],[2.00893,49.046611],[2.00705,49.04457]]]},"properties":{"code_insee":"95127","nom_commune":"CERGY","code_rne":"0951724H","nom_college":"Collège Sainte-Apolline"}},{"type":"Feature","geometry":{"type":"Polygon","coordinates":[[[2.052366,49.043626],[2.053656,49.042344],[2.054572,49.042581],[2.054852,49.044339],[2.056301,49.044409],[2.057065,49.043888],[2.058994,49.043806],[2.05963,49.042798],[2.061394,49.043786],[2.061744,49.044341],[2.062281,49.04428],[2.063196,49.042249],[2.064544,49.04274],[2.065219,49.041571],[2.063068,49.041141],[2.062863,49.040731],[2.065437,49.039847],[2.065041,49.03836],[2.065403,49.037265],[2.065301,49.035914],[2.066171,49.035505],[2.06621,49.036749],[2.067038,49.036796],[2.067459,49.036419],[2.067985,49.036662],[2.068892,49.036282],[2.069517,49.03582],[2.069613,49.034526],[2.068926,49.035174],[2.067971,49.034597],[2.067845,49.033955],[2.068962,49.033755],[2.069555,49.0344],[2.07053,49.033775],[2.071028,49.032962],[2.073151,49.032208],[2.073686,49.032304],[2.074224,49.032973],[2.075667,49.033373],[2.077638,49.035134],[2.078814,49.035253],[2.079682,49.035907],[2.080557,49.037769],[2.07986,49.037127],[2.079638,49.037611],[2.081265,49.040194],[2.081389,49.04113],[2.078461,49.03936],[2.076945,49.041006],[2.075974,49.040999],[2.075371,49.040288],[2.07229,49.042513],[2.072343,49.043335],[2.07044,49.044442],[2.069427,49.04577],[2.068079,49.049937],[2.06146,49.052663],[2.059084,49.048103],[2.056219,49.046823],[2.05497,49.047099],[2.053321,49.046182],[2.052366,49.043626]],[[2.068993,49.037205],[2.069178,49.037438],[2.069522,49.037164],[2.069147,49.036728],[2.068993,49.037205]]]},"properties":{"code_insee":"95127","nom_commune":"CERGY","code_rne":"0951401G","nom_college":"Collège La Justice"}},{"type":"Feature","geometry":{"type":"Polygon","coordinates":[[[2.18344,48.97934],[2.18481,48.97719],[2.184493,48.976828],[2.185618,48.975735],[2.185965,48.975787],[2.188153,48.973775],[2.18978,48.974581],[2.190564,48.974267],[2.190579,48.973277],[2.19114,48.972403],[2.193465,48.970214],[2.194608,48.969985],[2.195022,48.970306],[2.195813,48.969959],[2.196441,48.971178],[2.197169,48.970715],[2.198466,48.970756],[2.19974,48.969375],[2.200591,48.969276],[2.201075,48.969979],[2.202394,48.969967],[2.202887,48.96935],[2.202732,48.968641],[2.205766,48.96762],[2.205969,48.967215],[2.207299,48.967054],[2.207682,48.966113],[2.209134,48.966308],[2.21354,48.96369],[2.2166,48.96661],[2.2185,48.96901],[2.2204,48.97002],[2.22285,48.97247],[2.22574,48.97102],[2.22875,48.97288],[2.22388,48.9753],[2.22014,48.97556],[2.21903,48.97615],[2.21889,48.97934],[2.21316,48.9818],[2.20331,48.98422],[2.20412,48.98633],[2.20425,48.99003],[2.20125,48.99047],[2.20057,48.98831],[2.19772,48.9853],[2.19486,48.98528],[2.19123,48.98445],[2.1874,48.98124],[2.18919,48.97958],[2.18344,48.97934]]]},"properties":{"code_insee":"95176","nom_commune":"CORMEILLES-EN-PARISIS","code_rne":"0951099D","nom_college":"Collège Jacques Daguerre"}},{"type":"Feature","geometry":{"type":"Polygon","coordinates":[[[2.17314,48.9533],[2.17574,48.95199],[2.17792,48.95438],[2.19015,48.95178],[2.18975,48.9504],[2.19316,48.95045],[2.20032,48.94964],[2.20141,48.95022],[2.20586,48.94974],[2.20537,48.95495],[2.20345,48.95639],[2.203908,48.9569],[2.203504,48.957406],[2.201113,48.958254],[2.200535,48.957997],[2.198635,48.958915],[2.197889,48.957857],[2.19757,48.957766],[2.196376,48.958657],[2.194792,48.957534],[2.193404,48.957946],[2.192504,48.959038],[2.191943,48.95893],[2.190502,48.959863],[2.189694,48.959997],[2.189169,48.959749],[2.187615,48.961334],[2.187312,48.963886],[2.189509,48.966911],[2.18894,48.968794],[2.189151,48.969625],[2.185632,48.973354],[2.184896,48.974815],[2.183336,48.974671],[2.18363,48.9714],[2.18483,48.96805],[2.18579,48.9668],[2.18519,48.9628],[2.18253,48.96144],[2.18063,48.95915],[2.17811,48.95977],[2.17689,48.95707],[2.17511,48.95473],[2.17314,48.9533]]]},"properties":{"code_insee":"95176","nom_commune":"CORMEILLES-EN-PARISIS","code_rne":"0952236P","nom_college":"Collège Louise Weiss"}},{"type":"Feature","geometry":{"type":"Polygon","coordinates":[[[2.195989,48.96874],[2.19713,48.96728],[2.197921,48.967832],[2.195989,48.96874]]]},"properties":{"code_insee":"95176","nom_commune":"CORMEILLES-EN-PARISIS","code_rne":"0952236P","nom_college":"Collège Louise Weiss"}},{"type":"Feature","geometry":{"type":"Polygon","coordinates":[[[2.18317,48.97651],[2.183336,48.974671],[2.184896,48.974815],[2.185632,48.973354],[2.189151,48.969625],[2.18894,48.968794],[2.189509,48.966911],[2.187312,48.963886],[2.187615,48.961334],[2.189169,48.959749],[2.189694,48.959997],[2.190502,48.959863],[2.191943,48.95893],[2.192504,48.959038],[2.193404,48.957946],[2.194792,48.957534],[2.196376,48.958657],[2.19757,48.957766],[2.198635,48.958915],[2.200535,48.957997],[2.201113,48.958254],[2.203504,48.957406],[2.203908,48.9569],[2.20979,48.96345],[2.21147,48.96473],[2.212431,48.964247],[2.209134,48.966308],[2.207682,48.966113],[2.207299,48.967054],[2.205969,48.967215],[2.205766,48.96762],[2.202732,48.968641],[2.202887,48.96935],[2.202394,48.969967],[2.201075,48.969979],[2.200591,48.969276],[2.19974,48.969375],[2.198466,48.970756],[2.197169,48.970715],[2.196441,48.971178],[2.195813,48.969959],[2.195022,48.970306],[2.194608,48.969985],[2.193465,48.970214],[2.19114,48.972403],[2.190579,48.973277],[2.190513,48.974302],[2.18978,48.974581],[2.188153,48.973775],[2.184425,48.97703],[2.18317,48.97651]],[[2.195989,48.96874],[2.197921,48.967832],[2.19713,48.96728],[2.195989,48.96874]]]},"properties":{"code_insee":"95176","nom_commune":"CORMEILLES-EN-PARISIS","code_rne":"0952045G","nom_college":"Collège Louis Hayet"}},{"type":"Feature","geometry":{"type":"Polygon","coordinates":[[[2.323376,48.966113],[2.324134,48.963887],[2.323738,48.963343],[2.324249,48.962182],[2.323903,48.961569],[2.324155,48.960589],[2.325237,48.960506],[2.326271,48.959918],[2.326058,48.958551],[2.33147,48.96099],[2.32952,48.9623],[2.33188,48.96617],[2.33461,48.96527],[2.33339,48.96752],[2.33093,48.97049],[2.33434,48.97099],[2.33666,48.97203],[2.33543,48.97534],[2.34246,48.97477],[2.34431,48.97792],[2.34294,48.98309],[2.34076,48.98222],[2.33863,48.98047],[2.335019,48.981026],[2.334687,48.978893],[2.334777,48.976767],[2.333271,48.976461],[2.331525,48.975281],[2.333368,48.974382],[2.333384,48.973803],[2.332841,48.972826],[2.33175,48.972746],[2.331414,48.971939],[2.330574,48.971622],[2.329401,48.972917],[2.328201,48.973547],[2.32754,48.973333],[2.326988,48.972221],[2.326356,48.971723],[2.326223,48.971055],[2.32455,48.970602],[2.324952,48.96836],[2.325907,48.968215],[2.32641,48.967462],[2.326186,48.966817],[2.325433,48.9659],[2.323376,48.966113]],[[2.325474,48.96146],[2.326422,48.962064],[2.327363,48.961607],[2.325488,48.96112],[2.325474,48.96146]]]},"properties":{"code_insee":"95197","nom_commune":"DEUIL-LA-BARRE","code_rne":"0952140K","nom_college":"Collège Émilie du Châtelet"}},{"type":"Feature","geometry":{"type":"Polygon","coordinates":[[[2.30989,48.9709],[2.31727,48.96572],[2.31583,48.96397],[2.31318,48.96222],[2.31918,48.95867],[2.3228,48.95754],[2.32511,48.95809],[2.326058,48.958551],[2.326271,48.959918],[2.325237,48.960506],[2.324155,48.960589],[2.323903,48.961569],[2.324249,48.962182],[2.323738,48.963343],[2.324134,48.963887],[2.323376,48.966113],[2.325433,48.9659],[2.32641,48.967462],[2.325907,48.968215],[2.324952,48.96836],[2.32455,48.970602],[2.326223,48.971055],[2.326356,48.971723],[2.326988,48.972221],[2.32754,48.973333],[2.328201,48.973547],[2.329401,48.972917],[2.330574,48.971622],[2.331414,48.971939],[2.33175,48.972746],[2.332841,48.972826],[2.333384,48.973803],[2.333368,48.974382],[2.331525,48.975281],[2.333271,48.976461],[2.334777,48.976767],[2.334687,48.978893],[2.335019,48.981026],[2.33155,48.9824],[2.32546,48.98309],[2.32267,48.98229],[2.32251,48.98034],[2.31938,48.98079],[2.31685,48.97961],[2.31719,48.97588],[2.31678,48.97144],[2.31391,48.96954],[2.31085,48.97194],[2.30989,48.9709]]]},"properties":{"code_insee":"95197","nom_commune":"DEUIL-LA-BARRE","code_rne":"0950682A","nom_college":"Collège Denis Diderot"}},{"type":"Feature","geometry":{"type":"Polygon","coordinates":[[[2.325474,48.96146],[2.325488,48.96112],[2.327363,48.961607],[2.326422,48.962064],[2.325474,48.96146]]]},"properties":{"code_insee":"95197","nom_commune":"DEUIL-LA-BARRE","code_rne":"0950682A","nom_college":"Collège Denis Diderot"}},{"type":"Feature","geometry":{"type":"Polygon","coordinates":[[[2.298222,49.02541],[2.30138,49.02378],[2.30569,49.02395],[2.30446,49.02265],[2.30439,49.02071],[2.31302,49.01667],[2.31288,49.01482],[2.31485,49.01451],[2.31615,49.01109],[2.31881,49.01159],[2.32186,49.01066],[2.32258,49.01123],[2.32039,49.01622],[2.3231,49.01823],[2.32385,49.02016],[2.32597,49.01899],[2.32723,49.0204],[2.33176,49.02234],[2.33837,49.02261],[2.3454,49.02365],[2.34651,49.02432],[2.35021,49.02512],[2.35465,49.02661],[2.35259,49.02989],[2.34591,49.03388],[2.34206,49.03392],[2.34049,49.03843],[2.33732,49.04518],[2.33472,49.04508],[2.33119,49.0468],[2.32839,49.04463],[2.325627,49.044445],[2.32428,49.040564],[2.320055,49.03648],[2.315361,49.038037],[2.313706,49.035821],[2.313097,49.034277],[2.310277,49.029721],[2.298222,49.02541]]]},"properties":{"code_insee":"95199","nom_commune":"DOMONT","code_rne":"0950014Z","nom_college":"Collège Aristide Briand"}},{"type":"Feature","geometry":{"type":"Polygon","coordinates":[[[2.2944,49.03024],[2.29748,49.02849],[2.29557,49.02678],[2.298222,49.02541],[2.310277,49.029721],[2.313097,49.034277],[2.313706,49.035821],[2.315361,49.038037],[2.320055,49.03648],[2.32428,49.040564],[2.325627,49.044445],[2.3251,49.04441],[2.32454,49.04509],[2.31929,49.04113],[2.31765,49.04063],[2.31246,49.03745],[2.31061,49.03969],[2.308,49.03807],[2.30199,49.03686],[2.30131,49.03439],[2.29945,49.03515],[2.29754,49.03267],[2.29591,49.03204],[2.2944,49.03024]]]},"properties":{"code_insee":"95199","nom_commune":"DOMONT","code_rne":"0951822P","nom_college":"Collège Léonard de Vinci"}},{"type":"Feature","geometry":{"type":"Polygon","coordinates":[[[2.26347,48.99817],[2.26518,48.9975],[2.26436,48.99627],[2.26534,48.99387],[2.26703,48.99241],[2.26737,48.99066],[2.26485,48.98725],[2.27252,48.9846],[2.27129,48.9818],[2.27371,48.97805],[2.27385,48.97678],[2.27594,48.97579],[2.28426,48.97737],[2.28981,48.977],[2.29186,48.97624],[2.2917,48.97897],[2.28705,48.98208],[2.28426,48.98555],[2.284799,48.986094],[2.284007,48.986261],[2.283189,48.98596],[2.281162,48.98712],[2.279675,48.986726],[2.278685,48.987265],[2.278055,48.988037],[2.277048,48.988297],[2.276519,48.990466],[2.274963,48.990756],[2.275545,48.991864],[2.274699,48.992115],[2.275079,48.992793],[2.274963,48.99331],[2.273795,48.993734],[2.275043,48.99566],[2.273747,48.996459],[2.272946,48.996047],[2.271235,48.996348],[2.26984,48.995933],[2.268925,48.99636],[2.269007,48.997573],[2.268578,48.998073],[2.26666,48.998696],[2.265436,49.000869],[2.26442,49.00073],[2.26347,48.99817]]]},"properties":{"code_insee":"95203","nom_commune":"EAUBONNE","code_rne":"0950892D","nom_college":"Collège Jules Ferry"}},{"type":"Feature","geometry":{"type":"Polygon","coordinates":[[[2.265436,49.000869],[2.26666,48.998696],[2.268578,48.998073],[2.269007,48.997573],[2.268925,48.99636],[2.26984,48.995933],[2.271235,48.996348],[2.272946,48.996047],[2.273747,48.996459],[2.275043,48.99566],[2.273795,48.993734],[2.274963,48.99331],[2.275079,48.992793],[2.274699,48.992115],[2.275545,48.991864],[2.274963,48.990756],[2.276519,48.990466],[2.277048,48.988297],[2.278055,48.988037],[2.278685,48.987265],[2.279675,48.986726],[2.281162,48.98712],[2.283189,48.98596],[2.284007,48.986261],[2.284799,48.986094],[2.28782,48.98914],[2.29088,48.99283],[2.29286,48.99584],[2.28759,48.99733],[2.28459,48.99747],[2.2811,48.99818],[2.28309,48.99967],[2.28386,49.00155],[2.28314,49.00294],[2.27556,49.00591],[2.27269,49.00662],[2.26982,49.00343],[2.26647,49.00101],[2.265436,49.000869]]]},"properties":{"code_insee":"95203","nom_commune":"EAUBONNE","code_rne":"0950893E","nom_college":"Collège André Chénier"}},{"type":"Feature","geometry":{"type":"Polygon","coordinates":[[[2.102615,49.017115],[2.103739,49.016153],[2.104143,49.016213],[2.104917,49.01461],[2.105826,49.014437],[2.106346,49.012701],[2.10632,49.012211],[2.103849,49.011032],[2.103129,49.010057],[2.11024,49.00873],[2.11062,49.01038],[2.12099,49.0181],[2.12078,49.01943],[2.11903,49.02149],[2.11703,49.02192],[2.11378,49.02547],[2.10886,49.02843],[2.10731,49.029],[2.10713,49.030689],[2.106624,49.029485],[2.107749,49.025009],[2.109748,49.025105],[2.109248,49.021993],[2.10762,49.022833],[2.107165,49.022457],[2.107058,49.021624],[2.108593,49.021422],[2.108014,49.019933],[2.106591,49.020538],[2.105648,49.020057],[2.105463,49.019485],[2.104268,49.018798],[2.102615,49.017115]]]},"properties":{"code_insee":"95218","nom_commune":"ERAGNY","code_rne":"0951672B","nom_college":"Collège Léonard de Vinci"}},{"type":"Feature","geometry":{"type":"Polygon","coordinates":[[[2.07975,49.01584],[2.103129,49.010057],[2.103849,49.011032],[2.10632,49.012211],[2.106346,49.012701],[2.105826,49.014437],[2.104917,49.01461],[2.104143,49.016213],[2.103739,49.016153],[2.102615,49.017115],[2.104268,49.018798],[2.105463,49.019485],[2.105648,49.020057],[2.106591,49.020538],[2.108014,49.019933],[2.108593,49.021422],[2.107058,49.021624],[2.107165,49.022457],[2.10762,49.022833],[2.109248,49.021993],[2.109748,49.025105],[2.107749,49.025009],[2.106624,49.029485],[2.10713,49.030689],[2.10447,49.03162],[2.10376,49.03328],[2.09579,49.03607],[2.09249,49.02882],[2.09167,49.02536],[2.08847,49.021],[2.0855,49.01976],[2.08087,49.019],[2.08092,49.01733],[2.07975,49.01584]]]},"properties":{"code_insee":"95218","nom_commune":"ERAGNY","code_rne":"0951194G","nom_college":"Collège Pablo Picasso"}},{"type":"Feature","geometry":{"type":"Polygon","coordinates":[[[2.24238,48.9836],[2.24339,48.9816],[2.2463,48.98114],[2.24547,48.97997],[2.25401,48.97849],[2.25797,48.9787],[2.26356,48.97658],[2.2663,48.97623],[2.27047,48.97716],[2.27385,48.97678],[2.27371,48.97805],[2.27129,48.9818],[2.27252,48.9846],[2.26485,48.98725],[2.265458,48.988072],[2.265174,48.988478],[2.264405,48.988627],[2.264001,48.988006],[2.263462,48.988074],[2.262889,48.98765],[2.262421,48.98837],[2.26129,48.988445],[2.260859,48.98914],[2.260143,48.989104],[2.259773,48.987584],[2.259093,48.987872],[2.259471,48.988919],[2.258081,48.98913],[2.25732,48.989964],[2.256012,48.990149],[2.25413,48.988853],[2.253246,48.988795],[2.252667,48.988101],[2.251614,48.988758],[2.250269,48.988102],[2.249642,48.988445],[2.248502,48.988316],[2.247134,48.987476],[2.246443,48.987809],[2.24385,48.987951],[2.24401,48.9862],[2.24238,48.9836]]]},"properties":{"code_insee":"95219","nom_commune":"ERMONT","code_rne":"0950019E","nom_college":"Collège Jules Ferry"}},{"type":"Feature","geometry":{"type":"Polygon","coordinates":[[[2.24216,48.99235],[2.24355,48.99124],[2.24385,48.987951],[2.246443,48.987809],[2.247134,48.987476],[2.248502,48.988316],[2.249642,48.988445],[2.250269,48.988102],[2.251614,48.988758],[2.252667,48.988101],[2.253246,48.988795],[2.25413,48.988853],[2.256012,48.990149],[2.25732,48.989964],[2.258081,48.98913],[2.259471,48.988919],[2.259093,48.987872],[2.259773,48.987584],[2.260062,48.989046],[2.260859,48.98914],[2.26129,48.988445],[2.262421,48.98837],[2.262889,48.98765],[2.263462,48.988074],[2.264001,48.988006],[2.264405,48.988627],[2.265174,48.988478],[2.265458,48.988072],[2.26737,48.99066],[2.26703,48.99241],[2.26534,48.99387],[2.26436,48.99627],[2.26518,48.9975],[2.25637,48.99992],[2.25234,49.00185],[2.24871,48.99942],[2.24352,48.99433],[2.24216,48.99235]]]},"properties":{"code_insee":"95219","nom_commune":"ERMONT","code_rne":"0950739M","nom_college":"Collège Antoine de Saint-Exupéry"}},{"type":"Feature","geometry":{"type":"Polygon","coordinates":[[[2.34049,49.03843],[2.34206,49.03392],[2.34591,49.03388],[2.35259,49.02989],[2.35465,49.02661],[2.35615,49.02656],[2.3588,49.0254],[2.359717,49.024201],[2.359674,49.026453],[2.360499,49.026746],[2.361967,49.028065],[2.363765,49.028148],[2.364018,49.027641],[2.365368,49.027295],[2.367162,49.029036],[2.367099,49.030327],[2.367532,49.031061],[2.368152,49.031242],[2.36837,49.029616],[2.370151,49.029248],[2.37112,49.03011],[2.37201,49.03357],[2.3714,49.03407],[2.3738,49.03726],[2.37701,49.03838],[2.3829,49.04202],[2.38023,49.0418],[2.3781,49.04234],[2.37988,49.04675],[2.37592,49.04859],[2.3736,49.05115],[2.36984,49.05452],[2.36724,49.0543],[2.36424,49.04976],[2.35199,49.04472],[2.35267,49.04266],[2.34994,49.04028],[2.34733,49.04176],[2.34418,49.03978],[2.34049,49.03843]]]},"properties":{"code_insee":"95229","nom_commune":"EZANVILLE","code_rne":"0952127W","nom_college":"Collège Aimé Césaire"}},{"type":"Feature","geometry":{"type":"Polygon","coordinates":[[[2.361057,49.023249],[2.36387,49.02185],[2.364601,49.023462],[2.362087,49.023796],[2.361057,49.023249]]]},"properties":{"code_insee":"95229","nom_commune":"EZANVILLE","code_rne":"0952127W","nom_college":"Collège Aimé Césaire"}},{"type":"Feature","geometry":{"type":"Polygon","coordinates":[[[2.359674,49.026453],[2.359717,49.024201],[2.36007,49.02374],[2.361057,49.023249],[2.362087,49.023796],[2.364601,49.023462],[2.36723,49.02665],[2.370151,49.029248],[2.36837,49.029616],[2.368152,49.031242],[2.367532,49.031061],[2.367099,49.030327],[2.367162,49.029036],[2.365368,49.027295],[2.364018,49.027641],[2.363765,49.028148],[2.361967,49.028065],[2.360499,49.026746],[2.359674,49.026453]]]},"properties":{"code_insee":"95229","nom_commune":"EZANVILLE","code_rne":"0950941G","nom_college":"Collège Jean Bullant"}},{"type":"Feature","geometry":{"type":"Polygon","coordinates":[[[2.494889,49.105342],[2.495999,49.102879],[2.496738,49.096322],[2.499617,49.09673],[2.500356,49.096057],[2.501065,49.095946],[2.501465,49.096342],[2.502597,49.096287],[2.503458,49.0967],[2.504244,49.097492],[2.505081,49.097398],[2.506295,49.096182],[2.506888,49.097417],[2.507493,49.097399],[2.508004,49.096434],[2.509763,49.096348],[2.510647,49.096663],[2.511235,49.096302],[2.512489,49.096575],[2.513266,49.095706],[2.51495,49.09598],[2.52025,49.09809],[2.52616,49.09765],[2.52845,49.09637],[2.53077,49.0961],[2.53106,49.0996],[2.52655,49.10087],[2.5247,49.10096],[2.51053,49.10417],[2.51005,49.10364],[2.5052,49.10365],[2.494889,49.105342]]]},"properties":{"code_insee":"95250","nom_commune":"FOSSES","code_rne":"0950926R","nom_college":"Collège Stendhal"}},{"type":"Feature","geometry":{"type":"Polygon","coordinates":[[[2.47744,49.09725],[2.47833,49.0959],[2.47818,49.09437],[2.48352,49.09459],[2.48791,49.09431],[2.49201,49.0952],[2.49387,49.09453],[2.49935,49.09359],[2.50031,49.09417],[2.50838,49.09491],[2.513266,49.095706],[2.512489,49.096575],[2.511235,49.096302],[2.510647,49.096663],[2.509763,49.096348],[2.508004,49.096434],[2.507493,49.097399],[2.506888,49.097417],[2.506295,49.096182],[2.505081,49.097398],[2.504244,49.097492],[2.503458,49.0967],[2.502597,49.096287],[2.501465,49.096342],[2.501065,49.095946],[2.500356,49.096057],[2.499617,49.09673],[2.496738,49.096322],[2.495999,49.102879],[2.494889,49.105342],[2.48993,49.10636],[2.48419,49.1069],[2.48047,49.1061],[2.4782,49.10035],[2.47744,49.09725]]]},"properties":{"code_insee":"95250","nom_commune":"FOSSES","code_rne":"0951919V","nom_college":"Collège Françoise Dolto"}},{"type":"Feature","geometry":{"type":"Polygon","coordinates":[[[2.221723,48.986109],[2.222286,48.986002],[2.223249,48.98637],[2.223377,48.987099],[2.223007,48.987723],[2.222657,48.987779],[2.221723,48.986109]]]},"properties":{"code_insee":"95252","nom_commune":"FRANCONVILLE","code_rne":"0950022H","nom_college":"Collège Bel Air"}},{"type":"Feature","geometry":{"type":"Polygon","coordinates":[[[2.228062,48.983462],[2.228062,48.982764],[2.22909,48.982459],[2.229887,48.981358],[2.230478,48.98201],[2.231812,48.981671],[2.232113,48.981279],[2.231862,48.979482],[2.230972,48.979885],[2.229831,48.97937],[2.228714,48.977607],[2.229071,48.974159],[2.232256,48.976526],[2.233502,48.976857],[2.235462,48.976514],[2.236395,48.975782],[2.23724,48.979],[2.23522,48.9802],[2.23638,48.98407],[2.24238,48.9836],[2.24401,48.9862],[2.24355,48.99124],[2.24216,48.99235],[2.24352,48.99433],[2.238739,48.99599],[2.237866,48.99542],[2.237727,48.994356],[2.237046,48.994308],[2.236259,48.993061],[2.23559,48.992805],[2.23448,48.990649],[2.233985,48.99093],[2.233279,48.990119],[2.233225,48.989106],[2.232782,48.988384],[2.230829,48.989621],[2.230683,48.98945],[2.230542,48.987641],[2.231656,48.987279],[2.231792,48.986933],[2.231955,48.986046],[2.23159,48.985159],[2.230298,48.985605],[2.229114,48.983848],[2.228062,48.983462]],[[2.232892,48.980749],[2.233705,48.981491],[2.23462,48.980412],[2.232973,48.980529],[2.232892,48.980749]],[[2.236746,48.992669],[2.237389,48.992861],[2.23813,48.992178],[2.236948,48.991663],[2.236746,48.992669]]]},"properties":{"code_insee":"95252","nom_commune":"FRANCONVILLE","code_rne":"0950022H","nom_college":"Collège Bel Air"}},{"type":"Feature","geometry":{"type":"Polygon","coordinates":[[[2.234869,48.994362],[2.235835,48.994467],[2.235885,48.996084],[2.234869,48.994362]]]},"properties":{"code_insee":"95252","nom_commune":"FRANCONVILLE","code_rne":"0950022H","nom_college":"Collège Bel Air"}},{"type":"Feature","geometry":{"type":"Polygon","coordinates":[[[2.20331,48.98422],[2.21316,48.9818],[2.214851,48.981074],[2.21937,48.983897],[2.218964,48.985494],[2.219376,48.986153],[2.218584,48.987501],[2.218672,48.988368],[2.21927,48.989849],[2.220284,48.990113],[2.220798,48.991549],[2.221949,48.991573],[2.22339,48.990965],[2.225314,48.989525],[2.227315,48.989294],[2.228504,48.99023],[2.229167,48.989544],[2.230829,48.989621],[2.232782,48.988384],[2.233225,48.989106],[2.233279,48.990119],[2.233985,48.99093],[2.23448,48.990649],[2.23559,48.992805],[2.236259,48.993061],[2.237046,48.994308],[2.237727,48.994356],[2.237866,48.99542],[2.238739,48.99599],[2.22848,48.99895],[2.22533,49.0003],[2.21495,49.00348],[2.2092,48.99726],[2.20865,48.995473],[2.210354,48.994314],[2.204136,48.986782],[2.20331,48.98422]],[[2.210499,48.990238],[2.21157,48.992428],[2.211428,48.993759],[2.213072,48.994158],[2.215907,48.99326],[2.217091,48.99187],[2.215008,48.990317],[2.215963,48.988517],[2.215408,48.98836],[2.212052,48.991748],[2.212306,48.987683],[2.210804,48.989415],[2.210499,48.990238]],[[2.234869,48.994362],[2.235885,48.996084],[2.235835,48.994467],[2.234869,48.994362]]]},"properties":{"code_insee":"95252","nom_commune":"FRANCONVILLE","code_rne":"0951100E","nom_college":"Collège Épine Guyon"}},{"type":"Feature","geometry":{"type":"Polygon","coordinates":[[[2.236746,48.992669],[2.236948,48.991663],[2.23813,48.992178],[2.237389,48.992861],[2.236746,48.992669]]]},"properties":{"code_insee":"95252","nom_commune":"FRANCONVILLE","code_rne":"0951100E","nom_college":"Collège Épine Guyon"}},{"type":"Feature","geometry":{"type":"Polygon","coordinates":[[[2.204136,48.986782],[2.210354,48.994314],[2.20865,48.995473],[2.20819,48.99398],[2.20568,48.99088],[2.20425,48.99003],[2.204136,48.986782]]]},"properties":{"code_insee":"95252","nom_commune":"FRANCONVILLE","code_rne":"0952088D","nom_college":"Collège Jean-François Clervoy"}},{"type":"Feature","geometry":{"type":"Polygon","coordinates":[[[2.210499,48.990238],[2.210804,48.989415],[2.212306,48.987683],[2.212052,48.991748],[2.215408,48.98836],[2.215963,48.988517],[2.215008,48.990317],[2.217091,48.99187],[2.215907,48.99326],[2.213072,48.994158],[2.211428,48.993759],[2.21157,48.992428],[2.210499,48.990238]]]},"properties":{"code_insee":"95252","nom_commune":"FRANCONVILLE","code_rne":"0952088D","nom_college":"Collège Jean-François Clervoy"}},{"type":"Feature","geometry":{"type":"Polygon","coordinates":[[[2.214851,48.981074],[2.21889,48.97934],[2.21903,48.97615],[2.22014,48.97556],[2.22388,48.9753],[2.22875,48.97288],[2.2293,48.97229],[2.23298,48.97351],[2.23646,48.97387],[2.236395,48.975782],[2.235462,48.976514],[2.233502,48.976857],[2.232256,48.976526],[2.229071,48.974159],[2.228714,48.977607],[2.229831,48.97937],[2.230972,48.979885],[2.231862,48.979482],[2.232113,48.981279],[2.231812,48.981671],[2.230478,48.98201],[2.229887,48.981358],[2.22909,48.982459],[2.228062,48.982764],[2.228062,48.983462],[2.229114,48.983848],[2.230298,48.985605],[2.23159,48.985159],[2.231955,48.986046],[2.231656,48.987279],[2.230542,48.987641],[2.230683,48.98945],[2.229167,48.989544],[2.228504,48.99023],[2.227315,48.989294],[2.225314,48.989525],[2.22339,48.990965],[2.221949,48.991573],[2.220798,48.991549],[2.220284,48.990113],[2.21927,48.989849],[2.218672,48.988368],[2.218584,48.987501],[2.219376,48.986153],[2.218964,48.985494],[2.21937,48.983897],[2.214851,48.981074]],[[2.221723,48.986109],[2.222657,48.987779],[2.223007,48.987723],[2.223377,48.987099],[2.223249,48.98637],[2.222286,48.986002],[2.221723,48.986109]]]},"properties":{"code_insee":"95252","nom_commune":"FRANCONVILLE","code_rne":"0952088D","nom_college":"Collège Jean-François Clervoy"}},{"type":"Feature","geometry":{"type":"Polygon","coordinates":[[[2.232892,48.980749],[2.232973,48.980529],[2.23462,48.980412],[2.233705,48.981491],[2.232892,48.980749]]]},"properties":{"code_insee":"95252","nom_commune":"FRANCONVILLE","code_rne":"0952088D","nom_college":"Collège Jean-François Clervoy"}},{"type":"Feature","geometry":{"type":"Polygon","coordinates":[[[2.394143,48.963091],[2.39797,48.95989],[2.40241,48.95793],[2.40329,48.95802],[2.40738,48.95612],[2.40971,48.95793],[2.412355,48.95777],[2.412822,48.960847],[2.411177,48.96337],[2.412302,48.963839],[2.410882,48.9646],[2.409863,48.96558],[2.409664,48.966233],[2.407166,48.967518],[2.406543,48.968409],[2.405737,48.968785],[2.405175,48.969931],[2.403339,48.970437],[2.402946,48.971561],[2.401959,48.971341],[2.400602,48.9719],[2.400221,48.973426],[2.399218,48.974054],[2.398042,48.972915],[2.397171,48.973184],[2.396771,48.972589],[2.39577,48.972652],[2.395591,48.972206],[2.395948,48.971618],[2.394302,48.970554],[2.395993,48.969765],[2.396865,48.970023],[2.397231,48.969481],[2.398975,48.969183],[2.399448,48.968714],[2.400072,48.96922],[2.400949,48.969242],[2.401584,48.968555],[2.400177,48.966324],[2.401151,48.96555],[2.400787,48.96413],[2.399425,48.962837],[2.396429,48.963859],[2.394143,48.963091]]]},"properties":{"code_insee":"95268","nom_commune":"GARGES-LES-GONESSE","code_rne":"0952036X","nom_college":"Collège Henri Matisse"}},{"type":"Feature","geometry":{"type":"Polygon","coordinates":[[[2.410461,48.966791],[2.412569,48.968092],[2.412227,48.968683],[2.411254,48.968735],[2.410613,48.967794],[2.410461,48.966791]]]},"properties":{"code_insee":"95268","nom_commune":"GARGES-LES-GONESSE","code_rne":"0952036X","nom_college":"Collège Henri Matisse"}},{"type":"Feature","geometry":{"type":"Polygon","coordinates":[[[2.413198,48.967213],[2.414105,48.965762],[2.414359,48.967137],[2.413568,48.967594],[2.413198,48.967213]]]},"properties":{"code_insee":"95268","nom_commune":"GARGES-LES-GONESSE","code_rne":"0952036X","nom_college":"Collège Henri Matisse"}},{"type":"Feature","geometry":{"type":"Polygon","coordinates":[[[2.38245,48.97128],[2.38463,48.97013],[2.38869,48.96676],[2.394143,48.963091],[2.396429,48.963859],[2.399425,48.962837],[2.400787,48.96413],[2.401151,48.96555],[2.400177,48.966324],[2.401584,48.968555],[2.400949,48.969242],[2.400072,48.96922],[2.399448,48.968714],[2.398975,48.969183],[2.397231,48.969481],[2.396865,48.970023],[2.395993,48.969765],[2.394302,48.970554],[2.395948,48.971618],[2.395591,48.972206],[2.39577,48.972652],[2.396771,48.972589],[2.397171,48.973184],[2.396382,48.973852],[2.395874,48.973845],[2.395571,48.974661],[2.394441,48.974647],[2.394265,48.97563],[2.393615,48.976107],[2.392766,48.974691],[2.392539,48.973383],[2.392766,48.972885],[2.391807,48.971998],[2.391542,48.972298],[2.390083,48.972081],[2.389549,48.972741],[2.388545,48.972211],[2.388125,48.972402],[2.387342,48.974584],[2.38245,48.97128]]]},"properties":{"code_insee":"95268","nom_commune":"GARGES-LES-GONESSE","code_rne":"0950023J","nom_college":"Collège Henri Wallon"}},{"type":"Feature","geometry":{"type":"Polygon","coordinates":[[[2.400221,48.973426],[2.400602,48.9719],[2.401959,48.971341],[2.402946,48.971561],[2.403339,48.970437],[2.405175,48.969931],[2.405737,48.968785],[2.406543,48.968409],[2.407166,48.967518],[2.409664,48.966233],[2.409863,48.96558],[2.410882,48.9646],[2.412302,48.963839],[2.411177,48.96337],[2.412822,48.960847],[2.412355,48.95777],[2.41318,48.95772],[2.41755,48.95951],[2.41885,48.95775],[2.41714,48.96042],[2.4171,48.96183],[2.41935,48.9621],[2.4177,48.9652],[2.41905,48.96786],[2.41663,48.969],[2.42287,48.97295],[2.42482,48.97502],[2.42101,48.97711],[2.41643,48.97846],[2.41755,48.98013],[2.4154,48.98071],[2.41258,48.98056],[2.40939,48.9814],[2.40664,48.98271],[2.406322,48.98265],[2.405341,48.977689],[2.403617,48.975855],[2.402822,48.975711],[2.401579,48.974149],[2.400221,48.973426]],[[2.410461,48.966791],[2.410613,48.967794],[2.411254,48.968735],[2.412227,48.968683],[2.412569,48.968092],[2.410461,48.966791]],[[2.413198,48.967213],[2.413568,48.967594],[2.414359,48.967137],[2.414105,48.965762],[2.413198,48.967213]]]},"properties":{"code_insee":"95268","nom_commune":"GARGES-LES-GONESSE","code_rne":"0951098C","nom_college":"Collège Pablo Picasso"}},{"type":"Feature","geometry":{"type":"Polygon","coordinates":[[[2.387342,48.974584],[2.388125,48.972402],[2.388545,48.972211],[2.389549,48.972741],[2.390083,48.972081],[2.391542,48.972298],[2.391807,48.971998],[2.392766,48.972885],[2.392539,48.973383],[2.392766,48.974691],[2.393615,48.976107],[2.394265,48.97563],[2.394441,48.974647],[2.395571,48.974661],[2.395874,48.973845],[2.396382,48.973852],[2.397171,48.973184],[2.398042,48.972915],[2.399218,48.974054],[2.400221,48.973426],[2.401579,48.974149],[2.402822,48.975711],[2.403617,48.975855],[2.405341,48.977689],[2.406322,48.98265],[2.40374,48.98216],[2.40081,48.98265],[2.3971,48.98186],[2.39468,48.97954],[2.387342,48.974584]]]},"properties":{"code_insee":"95268","nom_commune":"GARGES-LES-GONESSE","code_rne":"0950711G","nom_college":"Collège Paul Éluard"}},{"type":"Feature","geometry":{"type":"Polygon","coordinates":[[[2.429236,48.984545],[2.430823,48.98442],[2.431508,48.984923],[2.430614,48.986121],[2.429361,48.985115],[2.429236,48.984545]]]},"properties":{"code_insee":"95277","nom_commune":"GONESSE","code_rne":"0950025L","nom_college":"Collège Philippe Auguste"}},{"type":"Feature","geometry":{"type":"Polygon","coordinates":[[[2.4336,48.989864],[2.43366,48.988415],[2.434155,48.987312],[2.433823,48.986174],[2.433945,48.985435],[2.434565,48.984773],[2.434151,48.983148],[2.435348,48.982727],[2.435896,48.983126],[2.437024,48.982902],[2.43851,48.983648],[2.439046,48.981515],[2.437507,48.980726],[2.436312,48.979558],[2.435774,48.978344],[2.44075,48.97701],[2.43754,48.97356],[2.44416,48.97211],[2.446,48.97017],[2.4464,48.96766],[2.44778,48.96518],[2.45159,48.96338],[2.45118,48.96262],[2.45756,48.95988],[2.45601,48.95577],[2.45949,48.95505],[2.46086,48.95846],[2.46332,48.95999],[2.46733,48.96433],[2.46943,48.96305],[2.47502,48.96776],[2.47781,48.96671],[2.48075,48.96982],[2.48683,48.96729],[2.49013,48.97016],[2.48829,48.97116],[2.49274,48.97453],[2.49601,48.97272],[2.49809,48.97395],[2.49585,48.97501],[2.50052,48.97529],[2.50215,48.97657],[2.5004,48.9777],[2.50188,48.97854],[2.50005,48.97983],[2.50398,48.98678],[2.50042,48.98728],[2.49592,48.98855],[2.49333,48.9899],[2.48801,48.99067],[2.4889,48.99566],[2.484,48.99652],[2.48576,48.99933],[2.48349,48.99925],[2.47871,48.99374],[2.47413,48.99384],[2.46908,48.99573],[2.46746,48.99587],[2.46676,48.99438],[2.46438,48.9974],[2.46254,48.99771],[2.46521,49.00127],[2.46323,49.00168],[2.45735,49.002],[2.44438,49.00547],[2.44691,49.01027],[2.445436,49.010703],[2.439357,48.997243],[2.438884,48.995258],[2.439499,48.992337],[2.437921,48.989836],[2.435442,48.988914],[2.4336,48.989864]]]},"properties":{"code_insee":"95277","nom_commune":"GONESSE","code_rne":"0950025L","nom_college":"Collège Philippe Auguste"}},{"type":"Feature","geometry":{"type":"Polygon","coordinates":[[[2.420656,48.996204],[2.42213,48.99451],[2.42179,48.99312],[2.42311,48.99251],[2.42585,48.98693],[2.4272,48.98536],[2.43063,48.98283],[2.43229,48.97976],[2.435774,48.978344],[2.436312,48.979558],[2.437507,48.980726],[2.439046,48.981515],[2.43851,48.983648],[2.437024,48.982902],[2.435896,48.983126],[2.435348,48.982727],[2.434151,48.983148],[2.434565,48.984773],[2.433945,48.985435],[2.433823,48.986174],[2.434155,48.987312],[2.43366,48.988415],[2.4336,48.989864],[2.435442,48.988914],[2.437921,48.989836],[2.439499,48.992337],[2.438884,48.995258],[2.439357,48.997243],[2.445436,49.010703],[2.44398,49.01113],[2.44324,49.01265],[2.442624,49.012899],[2.432896,48.99957],[2.431788,48.999252],[2.43101,48.99764],[2.430618,48.99763],[2.429684,48.999225],[2.428698,48.998758],[2.42795,48.999062],[2.427247,48.998017],[2.426803,48.998718],[2.42687,48.999325],[2.424209,48.999963],[2.424297,48.999101],[2.421013,48.996938],[2.420656,48.996204]],[[2.429236,48.984545],[2.429361,48.985115],[2.430614,48.986121],[2.431508,48.984923],[2.430823,48.98442],[2.429236,48.984545]],[[2.431027,48.996378],[2.431068,48.997577],[2.431897,48.997078],[2.431282,48.996048],[2.431027,48.996378]]]},"properties":{"code_insee":"95277","nom_commune":"GONESSE","code_rne":"0951142A","nom_college":"Collège Robert Doisneau"}},{"type":"Feature","geometry":{"type":"Polygon","coordinates":[[[2.41654,48.9985],[2.420656,48.996204],[2.421013,48.996938],[2.424297,48.999101],[2.424209,48.999963],[2.42687,48.999325],[2.426803,48.998718],[2.427247,48.998017],[2.42795,48.999062],[2.428698,48.998758],[2.429684,48.999225],[2.430618,48.99763],[2.43101,48.99764],[2.431788,48.999252],[2.432896,48.99957],[2.442624,49.012899],[2.43884,49.01443],[2.42813,49.01618],[2.42737,49.01457],[2.42512,49.01398],[2.42471,49.01309],[2.42826,49.012],[2.42422,49.00935],[2.42017,49.00502],[2.4205,49.00303],[2.4194,49.0015],[2.419,48.99926],[2.41654,48.9985]]]},"properties":{"code_insee":"95277","nom_commune":"GONESSE","code_rne":"0951920W","nom_college":"Collège François Truffaut"}},{"type":"Feature","geometry":{"type":"Polygon","coordinates":[[[2.431027,48.996378],[2.431282,48.996048],[2.431897,48.997078],[2.431068,48.997577],[2.431027,48.996378]]]},"properties":{"code_insee":"95277","nom_commune":"GONESSE","code_rne":"0951920W","nom_college":"Collège François Truffaut"}},{"type":"Feature","geometry":{"type":"Polygon","coordinates":[[[2.454597,49.03662],[2.4547,49.035977],[2.45564,49.03619],[2.455275,49.037034],[2.454597,49.03662]]]},"properties":{"code_insee":"95280","nom_commune":"GOUSSAINVILLE","code_rne":"0951050A","nom_college":"Collège Pierre Curie"}},{"type":"Feature","geometry":{"type":"Polygon","coordinates":[[[2.461864,49.037399],[2.462569,49.037055],[2.463145,49.038076],[2.462107,49.037983],[2.461864,49.037399]]]},"properties":{"code_insee":"95280","nom_commune":"GOUSSAINVILLE","code_rne":"0951050A","nom_college":"Collège Pierre Curie"}},{"type":"Feature","geometry":{"type":"Polygon","coordinates":[[[2.463926,49.039583],[2.464167,49.038549],[2.465277,49.037704],[2.465505,49.036768],[2.466833,49.03712],[2.467157,49.035578],[2.468472,49.035764],[2.46918,49.035272],[2.471553,49.03494],[2.471785,49.037116],[2.472234,49.036141],[2.471604,49.034932],[2.474275,49.033369],[2.473994,49.031545],[2.474418,49.03109],[2.475806,49.031471],[2.476684,49.029837],[2.477232,49.029508],[2.4781,49.029891],[2.478653,49.029073],[2.478145,49.027579],[2.479242,49.027822],[2.479824,49.027265],[2.480438,49.027998],[2.481705,49.027553],[2.48063,49.024212],[2.480719,49.019096],[2.481728,49.01872],[2.485092,49.019924],[2.484311,49.025555],[2.48448,49.027671],[2.48391,49.02773],[2.48522,49.03055],[2.48469,49.03187],[2.48143,49.03309],[2.4798,49.03479],[2.4798,49.03807],[2.47714,49.03964],[2.47572,49.04132],[2.47228,49.04262],[2.47127,49.04186],[2.46605,49.043831],[2.465838,49.043212],[2.466218,49.042163],[2.465576,49.041927],[2.465281,49.041011],[2.464449,49.04075],[2.463926,49.039583]]]},"properties":{"code_insee":"95280","nom_commune":"GOUSSAINVILLE","code_rne":"0951050A","nom_college":"Collège Pierre Curie"}},{"type":"Feature","geometry":{"type":"Polygon","coordinates":[[[2.475752,49.026395],[2.476043,49.024589],[2.477338,49.023152],[2.476754,49.027379],[2.47589,49.026832],[2.475752,49.026395]]]},"properties":{"code_insee":"95280","nom_commune":"GOUSSAINVILLE","code_rne":"0951050A","nom_college":"Collège Pierre Curie"}},{"type":"Feature","geometry":{"type":"Polygon","coordinates":[[[2.447417,49.011464],[2.4575,49.00946],[2.46127,49.00954],[2.46195,49.01026],[2.46646,49.00886],[2.46729,49.00967],[2.46987,49.0094],[2.47261,49.01007],[2.4774,49.01011],[2.47856,49.01141],[2.48519,49.011],[2.49114,49.01005],[2.49402,49.01711],[2.49857,49.02411],[2.49364,49.02506],[2.49419,49.02645],[2.48851,49.02556],[2.48586,49.02556],[2.48602,49.02751],[2.48448,49.027671],[2.484311,49.025555],[2.485092,49.019924],[2.481728,49.01872],[2.480719,49.019096],[2.48063,49.024212],[2.481705,49.027553],[2.480438,49.027998],[2.479824,49.027265],[2.479242,49.027822],[2.478145,49.027579],[2.478653,49.029073],[2.4781,49.029891],[2.477232,49.029508],[2.476684,49.029837],[2.475806,49.031471],[2.474418,49.03109],[2.473994,49.031545],[2.474275,49.033369],[2.471604,49.034932],[2.472234,49.036141],[2.471779,49.037118],[2.471553,49.03494],[2.46918,49.035272],[2.468472,49.035764],[2.46644,49.035172],[2.466238,49.03415],[2.466752,49.033914],[2.467833,49.034147],[2.468056,49.032163],[2.466546,49.031507],[2.465452,49.031371],[2.464062,49.03176],[2.463007,49.031408],[2.461637,49.030699],[2.461255,49.029007],[2.460689,49.028459],[2.458235,49.029026],[2.456722,49.028132],[2.456191,49.026376],[2.454649,49.025003],[2.456272,49.020141],[2.455725,49.018424],[2.451054,49.019896],[2.447417,49.011464]],[[2.460955,49.020038],[2.464644,49.020129],[2.464997,49.017618],[2.46316,49.016177],[2.461442,49.016365],[2.460955,49.020038]],[[2.475752,49.026395],[2.47589,49.026832],[2.476754,49.027379],[2.477338,49.023152],[2.476043,49.024589],[2.475752,49.026395]]]},"properties":{"code_insee":"95280","nom_commune":"GOUSSAINVILLE","code_rne":"0952128X","nom_college":"Collège Georges Charpak"}},{"type":"Feature","geometry":{"type":"Polygon","coordinates":[[[2.448006,49.035436],[2.448778,49.034995],[2.450192,49.03525],[2.450585,49.036345],[2.45025,49.036545],[2.448006,49.035436]]]},"properties":{"code_insee":"95280","nom_commune":"GOUSSAINVILLE","code_rne":"0952128X","nom_college":"Collège Georges Charpak"}},{"type":"Feature","geometry":{"type":"Polygon","coordinates":[[[2.446882,49.037984],[2.450283,49.036546],[2.450625,49.036064],[2.452172,49.035588],[2.453346,49.036054],[2.454113,49.035774],[2.4547,49.035977],[2.454597,49.03662],[2.455275,49.037034],[2.45564,49.03619],[2.454898,49.035921],[2.455113,49.034953],[2.455671,49.035029],[2.456869,49.034433],[2.456864,49.034056],[2.457721,49.033143],[2.458614,49.033513],[2.459203,49.033225],[2.459531,49.030859],[2.461028,49.030949],[2.461637,49.030699],[2.464062,49.03176],[2.465452,49.031371],[2.468062,49.032167],[2.467833,49.034147],[2.466752,49.033914],[2.466238,49.03415],[2.46644,49.035172],[2.467157,49.035578],[2.466833,49.03712],[2.465505,49.036768],[2.465277,49.037704],[2.464167,49.038549],[2.463926,49.039583],[2.464449,49.04075],[2.465281,49.041011],[2.465576,49.041927],[2.466218,49.042163],[2.465838,49.043212],[2.46605,49.043831],[2.46277,49.04507],[2.45946,49.04471],[2.46128,49.043],[2.45798,49.04067],[2.45958,49.03957],[2.456,49.03827],[2.45366,49.03902],[2.45226,49.03851],[2.446882,49.037984]],[[2.461864,49.037399],[2.462107,49.037983],[2.463145,49.038076],[2.462569,49.037055],[2.461864,49.037399]]]},"properties":{"code_insee":"95280","nom_commune":"GOUSSAINVILLE","code_rne":"0950026M","nom_college":"Collège Maximilien de Robespierre"}},{"type":"Feature","geometry":{"type":"Polygon","coordinates":[[[2.4382,49.02872],[2.44087,49.02323],[2.44406,49.01505],[2.44324,49.01265],[2.447417,49.011464],[2.451054,49.019896],[2.455725,49.018424],[2.456272,49.020141],[2.454649,49.025003],[2.456191,49.026376],[2.456722,49.028132],[2.458077,49.028976],[2.460689,49.028459],[2.461255,49.029007],[2.461637,49.030699],[2.461028,49.030949],[2.459531,49.030859],[2.459203,49.033225],[2.458614,49.033513],[2.457721,49.033143],[2.456864,49.034056],[2.456869,49.034433],[2.455671,49.035029],[2.455113,49.034953],[2.454898,49.035921],[2.454113,49.035774],[2.453346,49.036054],[2.452172,49.035588],[2.450625,49.036064],[2.450192,49.03525],[2.448778,49.034995],[2.448006,49.035436],[2.45025,49.036545],[2.446882,49.037984],[2.44663,49.03717],[2.44101,49.03435],[2.44079,49.02893],[2.4382,49.02872]]]},"properties":{"code_insee":"95280","nom_commune":"GOUSSAINVILLE","code_rne":"0951921X","nom_college":"Collège Montaigne"}},{"type":"Feature","geometry":{"type":"Polygon","coordinates":[[[2.460955,49.020038],[2.461442,49.016365],[2.46316,49.016177],[2.464997,49.017618],[2.464644,49.020129],[2.460955,49.020038]]]},"properties":{"code_insee":"95280","nom_commune":"GOUSSAINVILLE","code_rne":"0951921X","nom_college":"Collège Montaigne"}},{"type":"Feature","geometry":{"type":"Polygon","coordinates":[[[2.11606,49.02317],[2.11703,49.02192],[2.11903,49.02149],[2.120698,49.019527],[2.122687,49.021161],[2.123449,49.023806],[2.121154,49.025627],[2.120218,49.027716],[2.11608,49.02462],[2.11606,49.02317]]]},"properties":{"code_insee":"95306","nom_commune":"HERBLAY-SUR-SEINE","code_rne":"0950932X","nom_college":"Collège Jean Vilar"}},{"type":"Feature","geometry":{"type":"Polygon","coordinates":[[[2.12081,48.99417],[2.12401,48.9936],[2.12368,48.99152],[2.12745,48.98905],[2.14201,48.98804],[2.14694,48.98675],[2.15493,48.98572],[2.16635,48.98148],[2.17392,48.98657],[2.18393,48.99571],[2.18776,48.99764],[2.18877,48.99729],[2.19261,49.0022],[2.19376,49.0026],[2.19546,49.00472],[2.19362,49.00575],[2.18208,49.00074],[2.16078,49.01254],[2.156,49.01329],[2.15464,49.0097],[2.154689,49.007529],[2.156776,49.006697],[2.156784,49.004179],[2.157446,49.00226],[2.158369,49.001544],[2.160573,49.002272],[2.160544,49.000667],[2.161555,48.999817],[2.164979,49.002781],[2.165245,49.00253],[2.164859,49.001175],[2.16308,48.999573],[2.161573,48.999782],[2.161524,48.997895],[2.160487,48.9976],[2.159882,48.996584],[2.158862,48.997001],[2.156502,48.996551],[2.156463,48.995192],[2.157632,48.99436],[2.157039,48.992863],[2.156334,48.993222],[2.155528,48.992881],[2.154097,48.993184],[2.153365,48.99251],[2.152558,48.992422],[2.151259,48.993025],[2.151088,48.993605],[2.150034,48.994523],[2.148233,48.993128],[2.147533,48.99453],[2.14616,48.996007],[2.1442,48.996381],[2.142601,48.996174],[2.140577,48.996642],[2.140094,48.997291],[2.13775,48.997316],[2.133685,49.000154],[2.131892,48.998056],[2.131029,48.996094],[2.130134,48.995635],[2.127605,48.996152],[2.124896,48.996081],[2.120957,48.99468],[2.12081,48.99417]]]},"properties":{"code_insee":"95306","nom_commune":"HERBLAY-SUR-SEINE","code_rne":"0950932X","nom_college":"Collège Jean Vilar"}},{"type":"Feature","geometry":{"type":"Polygon","coordinates":[[[2.153613,48.99731],[2.154861,48.996426],[2.156433,48.996682],[2.156186,48.997224],[2.153613,48.99731]]]},"properties":{"code_insee":"95306","nom_commune":"HERBLAY-SUR-SEINE","code_rne":"0950932X","nom_college":"Collège Jean Vilar"}},{"type":"Feature","geometry":{"type":"Polygon","coordinates":[[[2.120218,49.027716],[2.121154,49.025627],[2.123449,49.023806],[2.122687,49.021161],[2.120698,49.019527],[2.12099,49.0181],[2.12667,49.01221],[2.12712,49.00968],[2.12354,49.00366],[2.120957,48.99468],[2.124896,48.996081],[2.127605,48.996152],[2.130134,48.995635],[2.131029,48.996094],[2.131892,48.998056],[2.133685,49.000154],[2.13775,48.997316],[2.140094,48.997291],[2.140577,48.996642],[2.142601,48.996174],[2.1442,48.996381],[2.14616,48.996007],[2.146882,48.99667],[2.146152,48.9992],[2.145406,48.999295],[2.14485,49.000548],[2.142557,49.000785],[2.140459,49.000344],[2.138252,49.002818],[2.136746,49.004025],[2.138863,49.009797],[2.141619,49.01215],[2.13836,49.01416],[2.13163,49.01973],[2.12563,49.02568],[2.12239,49.02934],[2.120218,49.027716]]]},"properties":{"code_insee":"95306","nom_commune":"HERBLAY-SUR-SEINE","code_rne":"0952205F","nom_college":"Collège Isabelle Autissier"}},{"type":"Feature","geometry":{"type":"Polygon","coordinates":[[[2.145092,49.000982],[2.146783,49.00071],[2.146676,48.999567],[2.148528,48.998991],[2.14765,48.996871],[2.148814,48.995768],[2.150032,48.995406],[2.150424,48.996043],[2.151458,48.99571],[2.151075,48.9966],[2.151435,48.997565],[2.151072,48.99766],[2.149893,48.996771],[2.149478,48.997173],[2.149784,48.998011],[2.148671,48.999021],[2.150354,49.000004],[2.15019,49.001103],[2.149226,49.001755],[2.147975,49.001766],[2.147003,49.001113],[2.145255,49.002475],[2.145092,49.000982]]]},"properties":{"code_insee":"95306","nom_commune":"HERBLAY-SUR-SEINE","code_rne":"0952205F","nom_college":"Collège Isabelle Autissier"}},{"type":"Feature","geometry":{"type":"Polygon","coordinates":[[[2.136746,49.004025],[2.138252,49.002818],[2.140459,49.000344],[2.142557,49.000785],[2.14485,49.000548],[2.145406,48.999295],[2.146152,48.9992],[2.146882,48.99667],[2.14616,48.996007],[2.147533,48.99453],[2.148233,48.993128],[2.150034,48.994523],[2.151088,48.993605],[2.151259,48.993025],[2.152558,48.992422],[2.153365,48.99251],[2.154097,48.993184],[2.155528,48.992881],[2.156334,48.993222],[2.157039,48.992863],[2.157632,48.99436],[2.156463,48.995192],[2.156502,48.996551],[2.158862,48.997001],[2.159882,48.996584],[2.160487,48.9976],[2.161524,48.997895],[2.161573,48.999782],[2.16308,48.999573],[2.164859,49.001175],[2.165245,49.00253],[2.164979,49.002781],[2.161555,48.999817],[2.160544,49.000667],[2.160573,49.002272],[2.158369,49.001544],[2.157446,49.00226],[2.156784,49.004179],[2.156776,49.006697],[2.154689,49.007529],[2.15474,49.00525],[2.14671,49.00901],[2.141619,49.01215],[2.138863,49.009797],[2.136746,49.004025]],[[2.145092,49.000982],[2.145255,49.002475],[2.147003,49.001113],[2.147975,49.001766],[2.149226,49.001755],[2.15019,49.001103],[2.150354,49.000004],[2.148671,48.999021],[2.149784,48.998011],[2.149478,48.997173],[2.149893,48.996771],[2.151072,48.99766],[2.151435,48.997565],[2.151075,48.9966],[2.151458,48.99571],[2.150424,48.996043],[2.150032,48.995406],[2.148814,48.995768],[2.14765,48.996871],[2.148528,48.998991],[2.146676,48.999567],[2.146783,49.00071],[2.145092,49.000982]],[[2.153613,48.99731],[2.156186,48.997224],[2.156433,48.996682],[2.154861,48.996426],[2.153613,48.99731]]]},"properties":{"code_insee":"95306","nom_commune":"HERBLAY-SUR-SEINE","code_rne":"0951696C","nom_college":"Collège Georges Duhamel"}},{"type":"Feature","geometry":{"type":"Polygon","coordinates":[[[2.03197,49.02168],[2.032759,49.018582],[2.033718,49.017533],[2.037324,49.017884],[2.039752,49.016974],[2.040808,49.015564],[2.041738,49.014872],[2.041497,49.013939],[2.040996,49.013946],[2.040157,49.012341],[2.039146,49.012013],[2.039465,49.010474],[2.037869,49.009894],[2.037196,49.010719],[2.037097,49.009563],[2.036127,49.009388],[2.034884,49.00836],[2.035467,49.006751],[2.035028,49.004016],[2.034215,49.00158],[2.04144,49.00132],[2.0426,49.00055],[2.0488,49.00232],[2.0503,49.00354],[2.05514,49.00545],[2.05918,49.00618],[2.06443,49.00821],[2.0568,49.01371],[2.0492,49.01816],[2.0448,49.02174],[2.04288,49.02281],[2.04059,49.02568],[2.03704,49.0244],[2.03482,49.02315],[2.03513,49.02241],[2.03197,49.02168]]]},"properties":{"code_insee":"95323","nom_commune":"JOUY-LE-MOUTIER","code_rne":"0951527U","nom_college":"Collège Henri Guillaumet"}},{"type":"Feature","geometry":{"type":"Polygon","coordinates":[[[2.00763,49.00824],[2.01209,49.00474],[2.01299,49.00156],[2.02361,48.9979],[2.02654,49.00078],[2.0283,49.00146],[2.034215,49.00158],[2.035028,49.004016],[2.035467,49.006751],[2.034884,49.00836],[2.036127,49.009388],[2.037097,49.009563],[2.037196,49.010719],[2.037869,49.009894],[2.039465,49.010474],[2.039146,49.012013],[2.040157,49.012341],[2.040996,49.013946],[2.041497,49.013939],[2.041738,49.014872],[2.040808,49.015564],[2.039752,49.016974],[2.037324,49.017884],[2.033718,49.017533],[2.032759,49.018582],[2.028991,49.016144],[2.02565,49.016185],[2.024039,49.015212],[2.017171,49.013984],[2.013922,49.01539],[2.01512,49.0142],[2.00897,49.01126],[2.01008,49.00968],[2.00763,49.00824]]]},"properties":{"code_insee":"95323","nom_commune":"JOUY-LE-MOUTIER","code_rne":"0951801S","nom_college":"Collège des Merisiers"}},{"type":"Feature","geometry":{"type":"Polygon","coordinates":[[[2.01084,49.02066],[2.01158,49.01758],[2.0137,49.0175],[2.01374,49.01557],[2.017171,49.013984],[2.024039,49.015212],[2.02565,49.016185],[2.028991,49.016144],[2.032759,49.018582],[2.032367,49.020307],[2.02923,49.01967],[2.02889,49.01898],[2.02182,49.02105],[2.01084,49.02066]]]},"properties":{"code_insee":"95323","nom_commune":"JOUY-LE-MOUTIER","code_rne":"0951636M","nom_college":"Collège des Toupets"}},{"type":"Feature","geometry":{"type":"Polygon","coordinates":[[[2.47433,49.04173],[2.47572,49.04132],[2.47714,49.03964],[2.4798,49.03807],[2.4798,49.03479],[2.481192,49.033338],[2.493523,49.043792],[2.495551,49.047051],[2.496718,49.047996],[2.498358,49.045752],[2.499217,49.045708],[2.500702,49.044753],[2.502596,49.044766],[2.503079,49.045156],[2.504407,49.043652],[2.505062,49.044759],[2.507887,49.044462],[2.510887,49.043615],[2.511716,49.04508],[2.520857,49.048953],[2.523978,49.049316],[2.528112,49.048231],[2.52818,49.04879],[2.52724,49.05015],[2.51658,49.05203],[2.51529,49.05277],[2.52271,49.06265],[2.5184,49.06382],[2.50719,49.0647],[2.50681,49.0607],[2.50592,49.05948],[2.50421,49.0594],[2.50435,49.05778],[2.49921,49.0546],[2.49381,49.05375],[2.49222,49.05128],[2.48989,49.05205],[2.48867,49.05362],[2.48203,49.0539],[2.48196,49.05062],[2.47862,49.0453],[2.47516,49.04354],[2.47433,49.04173]]]},"properties":{"code_insee":"95351","nom_commune":"LOUVRES","code_rne":"0951354F","nom_college":"Collège André Malraux"}},{"type":"Feature","geometry":{"type":"Polygon","coordinates":[[[2.481192,49.033338],[2.48469,49.03187],[2.48522,49.03055],[2.48391,49.02773],[2.48602,49.02751],[2.48586,49.02556],[2.48851,49.02556],[2.49419,49.02645],[2.49364,49.02506],[2.49857,49.02411],[2.50007,49.02639],[2.50663,49.02486],[2.50726,49.02666],[2.50882,49.02648],[2.50965,49.02855],[2.51659,49.02744],[2.52558,49.02695],[2.52607,49.03005],[2.52724,49.0323],[2.52726,49.03508],[2.52828,49.03796],[2.52603,49.0385],[2.52674,49.04359],[2.52784,49.04601],[2.528112,49.048231],[2.523978,49.049316],[2.520857,49.048953],[2.511716,49.04508],[2.510887,49.043615],[2.507887,49.044462],[2.505062,49.044759],[2.504407,49.043652],[2.503079,49.045156],[2.502596,49.044766],[2.500702,49.044753],[2.499217,49.045708],[2.498358,49.045752],[2.496718,49.047996],[2.495551,49.047051],[2.493523,49.043792],[2.481192,49.033338]]]},"properties":{"code_insee":"95351","nom_commune":"LOUVRES","code_rne":"0950908W","nom_college":"Collège François Mauriac"}},{"type":"Feature","geometry":{"type":"Polygon","coordinates":[[[2.17392,48.98657],[2.17884,48.98567],[2.18172,48.98437],[2.18179,48.98185],[2.18344,48.97934],[2.18919,48.97958],[2.1874,48.98124],[2.19123,48.98445],[2.19486,48.98528],[2.19772,48.9853],[2.199102,48.98676],[2.198063,48.989015],[2.197481,48.992547],[2.196607,48.992998],[2.195187,48.992978],[2.194646,48.993645],[2.194694,48.995246],[2.195814,48.994893],[2.196413,48.995934],[2.197027,48.996025],[2.197889,48.995649],[2.197457,48.997859],[2.198042,48.997812],[2.199553,48.998605],[2.200199,48.99947],[2.1998,49.000101],[2.199151,49.000033],[2.199094,48.998936],[2.198359,48.998951],[2.197685,49.000443],[2.196211,48.999782],[2.19439,49.000755],[2.195665,49.001576],[2.19596,49.002963],[2.195565,49.0039],[2.196829,49.004431],[2.197807,49.003507],[2.198427,49.003521],[2.1983,49.004436],[2.197531,49.005001],[2.197468,49.005602],[2.19874,49.007181],[2.1971,49.00755],[2.195636,49.006793],[2.195465,49.005161],[2.194654,49.005668],[2.194536,49.006224],[2.19362,49.00575],[2.19546,49.00472],[2.19376,49.0026],[2.19261,49.0022],[2.18877,48.99729],[2.18776,48.99764],[2.18393,48.99571],[2.17392,48.98657]],[[2.191778,48.990312],[2.192044,48.988683],[2.192044,48.988683],[2.191778,48.990312]],[[2.192044,48.988683],[2.192243,48.988692],[2.192044,48.988683],[2.192044,48.988683]]]},"properties":{"code_insee":"95424","nom_commune":"MONTIGNY-LES-CORMEILLES","code_rne":"0951154N","nom_college":"Collège Camille Claudel"}},{"type":"Feature","geometry":{"type":"Polygon","coordinates":[[[2.19439,49.000755],[2.196211,48.999782],[2.197685,49.000443],[2.198359,48.998951],[2.199094,48.998936],[2.199151,49.000033],[2.1998,49.000101],[2.200199,48.99947],[2.199553,48.998605],[2.198042,48.997812],[2.197457,48.997859],[2.197889,48.995649],[2.197027,48.996025],[2.196413,48.995934],[2.195814,48.994893],[2.194694,48.995246],[2.194646,48.993645],[2.195187,48.992978],[2.196607,48.992998],[2.197481,48.992547],[2.198063,48.989015],[2.199102,48.98676],[2.20057,48.98831],[2.20125,48.99047],[2.20425,48.99003],[2.20568,48.99088],[2.20819,48.99398],[2.2092,48.99726],[2.21324,49.00172],[2.19874,49.007181],[2.197468,49.005602],[2.197531,49.005001],[2.1983,49.004436],[2.198427,49.003521],[2.197807,49.003507],[2.196829,49.004431],[2.195565,49.0039],[2.19596,49.002963],[2.195665,49.001576],[2.19439,49.000755]]]},"properties":{"code_insee":"95424","nom_commune":"MONTIGNY-LES-CORMEILLES","code_rne":"0951800R","nom_college":"Collège Louis Aragon"}},{"type":"Feature","geometry":{"type":"Polygon","coordinates":[[[2.194536,49.006224],[2.194654,49.005668],[2.195465,49.005161],[2.195636,49.006793],[2.194536,49.006224]]]},"properties":{"code_insee":"95424","nom_commune":"MONTIGNY-LES-CORMEILLES","code_rne":"0951800R","nom_college":"Collège Louis Aragon"}},{"type":"Feature","geometry":{"type":"Polygon","coordinates":[[[2.32834,48.95966],[2.32922,48.95858],[2.33331,48.95538],[2.33799,48.95998],[2.33753,48.96084],[2.33967,48.96267],[2.3441,48.96824],[2.350669,48.966831],[2.350793,48.967074],[2.349115,48.969654],[2.349069,48.970038],[2.349873,48.970689],[2.349286,48.971184],[2.348239,48.971428],[2.347036,48.970761],[2.345917,48.970605],[2.346728,48.972385],[2.346492,48.973023],[2.346782,48.973308],[2.346636,48.975115],[2.345442,48.975886],[2.345419,48.977102],[2.34431,48.97792],[2.34246,48.97477],[2.33543,48.97534],[2.33666,48.97203],[2.33434,48.97099],[2.33093,48.97049],[2.33339,48.96752],[2.33461,48.96527],[2.33188,48.96617],[2.32952,48.9623],[2.33147,48.96099],[2.32834,48.95966]]]},"properties":{"code_insee":"95427","nom_commune":"MONTMAGNY","code_rne":"0951909J","nom_college":"Collège Maurice Utrillo"}},{"type":"Feature","geometry":{"type":"Polygon","coordinates":[[[2.3479,48.97323],[2.347987,48.9727],[2.348865,48.972499],[2.350126,48.973828],[2.349687,48.974347],[2.3479,48.97323]]]},"properties":{"code_insee":"95427","nom_commune":"MONTMAGNY","code_rne":"0951909J","nom_college":"Collège Maurice Utrillo"}},{"type":"Feature","geometry":{"type":"Polygon","coordinates":[[[2.345419,48.977102],[2.345442,48.975886],[2.346636,48.975115],[2.346782,48.973308],[2.346492,48.973023],[2.346728,48.972385],[2.345917,48.970605],[2.347036,48.970761],[2.348239,48.971428],[2.349286,48.971184],[2.349873,48.970689],[2.349069,48.970038],[2.349115,48.969654],[2.350793,48.967074],[2.350669,48.966831],[2.35346,48.96563],[2.35693,48.9688],[2.35644,48.96911],[2.35872,48.97274],[2.36022,48.97252],[2.36149,48.97384],[2.36528,48.97303],[2.36616,48.97422],[2.36426,48.97872],[2.3565,48.97735],[2.35435,48.9798],[2.34985,48.97836],[2.34803,48.97986],[2.34614,48.97657],[2.345419,48.977102]],[[2.3479,48.97323],[2.349687,48.974347],[2.350126,48.973828],[2.348865,48.972499],[2.347987,48.9727],[2.3479,48.97323]]]},"properties":{"code_insee":"95427","nom_commune":"MONTMAGNY","code_rne":"0951141Z","nom_college":"Collège Nicolas Copernic"}},{"type":"Feature","geometry":{"type":"Polygon","coordinates":[[[2.30695,48.97871],[2.30702,48.9776],[2.30832,48.97517],[2.31085,48.97194],[2.31391,48.96954],[2.31678,48.97144],[2.31719,48.97588],[2.31685,48.97961],[2.31938,48.98079],[2.32251,48.98034],[2.32267,48.98229],[2.32546,48.98309],[2.33155,48.9824],[2.33516,48.98097],[2.33483,48.98631],[2.335069,48.986891],[2.334178,48.9875],[2.33204,48.986491],[2.330708,48.984833],[2.328897,48.985531],[2.327937,48.987026],[2.327498,48.989646],[2.324988,48.989263],[2.323,48.98988],[2.321753,48.989402],[2.320964,48.989672],[2.320413,48.990494],[2.318055,48.989565],[2.317664,48.98981],[2.315834,48.989395],[2.315536,48.988816],[2.316636,48.987954],[2.316032,48.986868],[2.314929,48.987879],[2.314983,48.988545],[2.314035,48.989073],[2.313431,48.991089],[2.311025,48.992528],[2.31193,48.99118],[2.31336,48.99068],[2.31289,48.98933],[2.30995,48.98686],[2.30742,48.98601],[2.30866,48.98461],[2.3124,48.9834],[2.31118,48.98196],[2.30695,48.97871]],[[2.316068,48.9847],[2.317807,48.986804],[2.318389,48.986894],[2.319404,48.985958],[2.3196,48.986382],[2.320082,48.986413],[2.320439,48.986019],[2.31907,48.985299],[2.317968,48.985658],[2.317847,48.984264],[2.316789,48.983926],[2.316068,48.9847]],[[2.319365,48.98839],[2.319428,48.989048],[2.319859,48.988982],[2.320147,48.988399],[2.319481,48.987742],[2.319365,48.98839]],[[2.320661,48.984846],[2.321347,48.985659],[2.321774,48.984699],[2.321164,48.983873],[2.320661,48.984846]],[[2.321372,48.986181],[2.322868,48.986931],[2.323158,48.986391],[2.322014,48.985157],[2.321372,48.986181]]]},"properties":{"code_insee":"95428","nom_commune":"MONTMORENCY","code_rne":"0951799P","nom_college":"Collège Charles Le Brun"}},{"type":"Feature","geometry":{"type":"Polygon","coordinates":[[[2.314105,48.991059],[2.314742,48.990735],[2.31625,48.990888],[2.316773,48.99154],[2.316795,48.992103],[2.314105,48.991059]]]},"properties":{"code_insee":"95428","nom_commune":"MONTMORENCY","code_rne":"0951799P","nom_college":"Collège Charles Le Brun"}},{"type":"Feature","geometry":{"type":"Polygon","coordinates":[[[2.31063,49.00202],[2.3122,49.00206],[2.31555,49.00085],[2.31657,48.99909],[2.31557,48.99748],[2.31327,48.99638],[2.31331,48.9944],[2.31093,48.99267],[2.313431,48.991089],[2.314035,48.989073],[2.314983,48.988545],[2.314929,48.987879],[2.316032,48.986868],[2.316636,48.987954],[2.315536,48.988816],[2.315834,48.989395],[2.317664,48.98981],[2.318055,48.989565],[2.320413,48.990494],[2.320964,48.989672],[2.321753,48.989402],[2.323,48.98988],[2.324988,48.989263],[2.327498,48.989646],[2.327937,48.987026],[2.328897,48.985531],[2.330708,48.984833],[2.33204,48.986491],[2.334178,48.9875],[2.335069,48.986891],[2.33748,48.99275],[2.33379,48.99495],[2.33167,48.99571],[2.33312,48.9995],[2.33024,48.99991],[2.33154,49.00157],[2.32928,49.00197],[2.32504,49.00395],[2.32081,49.00543],[2.32115,49.00754],[2.3223,49.01007],[2.32186,49.01066],[2.31881,49.01159],[2.31615,49.01109],[2.31485,49.01451],[2.31288,49.01482],[2.31158,49.01253],[2.31247,49.00953],[2.31403,49.00799],[2.31111,49.00619],[2.31247,49.0052],[2.31063,49.00202]],[[2.314105,48.991059],[2.316795,48.992103],[2.316773,48.99154],[2.31625,48.990888],[2.314742,48.990735],[2.314105,48.991059]]]},"properties":{"code_insee":"95428","nom_commune":"MONTMORENCY","code_rne":"0950891C","nom_college":"Collège Pierre de Ronsard"}},{"type":"Feature","geometry":{"type":"Polygon","coordinates":[[[2.316068,48.9847],[2.316789,48.983926],[2.317847,48.984264],[2.317968,48.985658],[2.31907,48.985299],[2.320439,48.986019],[2.320082,48.986413],[2.3196,48.986382],[2.319404,48.985958],[2.318389,48.986894],[2.317807,48.986804],[2.316068,48.9847]]]},"properties":{"code_insee":"95428","nom_commune":"MONTMORENCY","code_rne":"0950891C","nom_college":"Collège Pierre de Ronsard"}},{"type":"Feature","geometry":{"type":"Polygon","coordinates":[[[2.319365,48.98839],[2.319481,48.987742],[2.320147,48.988399],[2.319859,48.988982],[2.319428,48.989048],[2.319365,48.98839]]]},"properties":{"code_insee":"95428","nom_commune":"MONTMORENCY","code_rne":"0950891C","nom_college":"Collège Pierre de Ronsard"}},{"type":"Feature","geometry":{"type":"Polygon","coordinates":[[[2.320661,48.984846],[2.321164,48.983873],[2.321774,48.984699],[2.321347,48.985659],[2.320661,48.984846]]]},"properties":{"code_insee":"95428","nom_commune":"MONTMORENCY","code_rne":"0950891C","nom_college":"Collège Pierre de Ronsard"}},{"type":"Feature","geometry":{"type":"Polygon","coordinates":[[[2.321372,48.986181],[2.322014,48.985157],[2.323158,48.986391],[2.322868,48.986931],[2.321372,48.986181]]]},"properties":{"code_insee":"95428","nom_commune":"MONTMORENCY","code_rne":"0950891C","nom_college":"Collège Pierre de Ronsard"}},{"type":"Feature","geometry":{"type":"Polygon","coordinates":[[[2.039734,49.072113],[2.040371,49.070793],[2.042445,49.068555],[2.045794,49.067032],[2.045959,49.065875],[2.046868,49.065923],[2.048571,49.065422],[2.049889,49.065861],[2.051359,49.065204],[2.052967,49.065671],[2.054186,49.065179],[2.058237,49.065318],[2.061355,49.06637],[2.061925,49.064441],[2.064757,49.061798],[2.065657,49.062527],[2.066212,49.062565],[2.066864,49.061355],[2.065511,49.060496],[2.064814,49.060798],[2.063879,49.060513],[2.063265,49.058703],[2.061965,49.058541],[2.061417,49.058174],[2.061302,49.056139],[2.059702,49.056352],[2.058664,49.053447],[2.064744,49.051462],[2.067235,49.054044],[2.067575,49.057502],[2.065455,49.057495],[2.066599,49.053987],[2.064357,49.056851],[2.065037,49.057696],[2.064603,49.058375],[2.065171,49.059338],[2.066458,49.058748],[2.066484,49.059803],[2.06753,49.059907],[2.06891,49.05892],[2.071302,49.059358],[2.071665,49.058496],[2.070437,49.055309],[2.072124,49.053603],[2.075231,49.055794],[2.076351,49.053339],[2.078105,49.052371],[2.07642,49.05347],[2.078,49.05482],[2.08146,49.05635],[2.08187,49.05776],[2.08378,49.05978],[2.08542,49.06051],[2.09024,49.06555],[2.09543,49.06978],[2.09453,49.07064],[2.09041,49.07221],[2.08678,49.07431],[2.08691,49.0771],[2.08567,49.07813],[2.08642,49.07984],[2.08633,49.08177],[2.08414,49.0842],[2.07838,49.08487],[2.073,49.07878],[2.06723,49.08376],[2.06372,49.08632],[2.0618,49.08626],[2.0467,49.08366],[2.04559,49.08298],[2.0433,49.07772],[2.04126,49.07532],[2.04134,49.07443],[2.039734,49.072113]],[[2.048137,49.069267],[2.05162,49.077034],[2.052051,49.071037],[2.048832,49.068713],[2.048137,49.069267]],[[2.075097,49.05683],[2.075794,49.06043],[2.077739,49.057729],[2.075097,49.05683]]]},"properties":{"code_insee":"95476","nom_commune":"OSNY","code_rne":"0952326M","nom_college":"Collège Marie-José Perec"}},{"type":"Feature","geometry":{"type":"Polygon","coordinates":[[[2.02777,49.0565],[2.02899,49.05601],[2.03858,49.05531],[2.04276,49.05425],[2.04658,49.05408],[2.04678,49.05619],[2.05472,49.055],[2.05472,49.05428],[2.058664,49.053447],[2.059702,49.056352],[2.061302,49.056139],[2.061417,49.058174],[2.061965,49.058541],[2.063265,49.058703],[2.063879,49.060513],[2.064814,49.060798],[2.065511,49.060496],[2.066864,49.061355],[2.066212,49.062565],[2.065657,49.062527],[2.064757,49.061798],[2.061925,49.064441],[2.061355,49.06637],[2.058237,49.065318],[2.054186,49.065179],[2.052967,49.065671],[2.051359,49.065204],[2.049889,49.065861],[2.048571,49.065422],[2.046868,49.065923],[2.045959,49.065875],[2.045794,49.067032],[2.042445,49.068555],[2.040371,49.070793],[2.039734,49.072113],[2.03644,49.06736],[2.03463,49.06281],[2.03376,49.0584],[2.03015,49.0579],[2.02777,49.0565]]]},"properties":{"code_insee":"95476","nom_commune":"OSNY","code_rne":"0951403J","nom_college":"Collège La Bruyère"}},{"type":"Feature","geometry":{"type":"Polygon","coordinates":[[[2.048137,49.069267],[2.048832,49.068713],[2.052051,49.071037],[2.05162,49.077034],[2.048137,49.069267]]]},"properties":{"code_insee":"95476","nom_commune":"OSNY","code_rne":"0951403J","nom_college":"Collège La Bruyère"}},{"type":"Feature","geometry":{"type":"Polygon","coordinates":[[[2.064357,49.056851],[2.066599,49.053987],[2.065455,49.057495],[2.067575,49.057502],[2.067235,49.054044],[2.064744,49.051462],[2.06891,49.04954],[2.07222,49.04716],[2.07488,49.04758],[2.07664,49.05028],[2.07852,49.0521],[2.076351,49.053339],[2.075231,49.055794],[2.072124,49.053603],[2.070437,49.055309],[2.071665,49.058496],[2.071302,49.059358],[2.06891,49.05892],[2.06753,49.059907],[2.066484,49.059803],[2.066458,49.058748],[2.065171,49.059338],[2.064603,49.058375],[2.065037,49.057696],[2.064357,49.056851]]]},"properties":{"code_insee":"95476","nom_commune":"OSNY","code_rne":"0951403J","nom_college":"Collège La Bruyère"}},{"type":"Feature","geometry":{"type":"Polygon","coordinates":[[[2.075097,49.05683],[2.077739,49.057729],[2.075794,49.06043],[2.075097,49.05683]]]},"properties":{"code_insee":"95476","nom_commune":"OSNY","code_rne":"0951403J","nom_college":"Collège La Bruyère"}},{"type":"Feature","geometry":{"type":"Polygon","coordinates":[[[2.265951,49.15666],[2.267038,49.154612],[2.267733,49.154784],[2.268499,49.155881],[2.269559,49.154621],[2.271337,49.15359],[2.271111,49.15164],[2.270795,49.15135],[2.270724,49.149178],[2.271868,49.149282],[2.273198,49.150186],[2.274333,49.149876],[2.274599,49.15092],[2.275601,49.151812],[2.275934,49.150272],[2.276694,49.150206],[2.277339,49.151037],[2.278684,49.149782],[2.279175,49.148643],[2.280236,49.149645],[2.281495,49.150032],[2.282405,49.148588],[2.282833,49.147203],[2.286368,49.147268],[2.28667,49.146479],[2.29244,49.15048],[2.29415,49.15116],[2.28641,49.15992],[2.2827,49.15956],[2.28107,49.15896],[2.27701,49.15892],[2.27146,49.15743],[2.26812,49.15571],[2.265951,49.15666]],[[2.274561,49.155638],[2.274564,49.156182],[2.275953,49.156959],[2.276909,49.156294],[2.276573,49.155182],[2.274561,49.155638]]]},"properties":{"code_insee":"95487","nom_commune":"PERSAN","code_rne":"0950934Z","nom_college":"Collège Georges Brassens"}},{"type":"Feature","geometry":{"type":"Polygon","coordinates":[[[2.2407,49.14941],[2.25277,49.14694],[2.25215,49.14627],[2.25441,49.14403],[2.25545,49.14439],[2.25812,49.14263],[2.25939,49.13991],[2.2586,49.13964],[2.261,49.1367],[2.26361,49.13594],[2.26492,49.1376],[2.26806,49.13941],[2.27299,49.1412],[2.27772,49.14242],[2.2806,49.14386],[2.28458,49.14503],[2.28667,49.146479],[2.286368,49.147268],[2.282833,49.147203],[2.282405,49.148588],[2.281495,49.150032],[2.280236,49.149645],[2.279175,49.148643],[2.278684,49.149782],[2.277339,49.151037],[2.276694,49.150206],[2.275934,49.150272],[2.275601,49.151812],[2.274599,49.15092],[2.274333,49.149876],[2.273198,49.150186],[2.271868,49.149282],[2.270724,49.149178],[2.270795,49.15135],[2.271111,49.15164],[2.271337,49.15359],[2.269559,49.154621],[2.268499,49.155881],[2.267733,49.154784],[2.267038,49.154612],[2.265951,49.15666],[2.26221,49.1583],[2.25871,49.15563],[2.25378,49.15261],[2.24994,49.15347],[2.24187,49.15342],[2.24158,49.15157],[2.2407,49.14941]]]},"properties":{"code_insee":"95487","nom_commune":"PERSAN","code_rne":"0952325L","nom_college":"Collège Suzanne Lenglen"}},{"type":"Feature","geometry":{"type":"Polygon","coordinates":[[[2.274561,49.155638],[2.276573,49.155182],[2.276909,49.156294],[2.275953,49.156959],[2.274564,49.156182],[2.274561,49.155638]]]},"properties":{"code_insee":"95487","nom_commune":"PERSAN","code_rne":"0952325L","nom_college":"Collège Suzanne Lenglen"}},{"type":"Feature","geometry":{"type":"Polygon","coordinates":[[[2.087955,49.048204],[2.088791,49.048248],[2.089473,49.04895],[2.091628,49.047489],[2.092741,49.047311],[2.093437,49.046715],[2.095468,49.046396],[2.096492,49.046589],[2.097201,49.045931],[2.09878,49.046321],[2.099655,49.044748],[2.10121,49.04719],[2.10516,49.04953],[2.10763,49.05034],[2.11548,49.05602],[2.11915,49.05968],[2.127,49.064],[2.12487,49.0655],[2.12173,49.06413],[2.12038,49.0647],[2.11625,49.0618],[2.11412,49.06194],[2.11296,49.06055],[2.11104,49.05967],[2.10726,49.05977],[2.10499,49.06041],[2.10467,49.06248],[2.10626,49.06351],[2.10366,49.0654],[2.10386,49.06728],[2.10126,49.06809],[2.097349,49.071021],[2.095592,49.063917],[2.094686,49.061643],[2.092901,49.061125],[2.093155,49.05966],[2.093438,49.059633],[2.09377,49.058868],[2.094473,49.059009],[2.095079,49.057829],[2.095018,49.056652],[2.093942,49.055527],[2.094202,49.05345],[2.095531,49.051837],[2.095475,49.051459],[2.09531,49.051141],[2.09362,49.05129],[2.093143,49.051894],[2.092,49.051776],[2.090578,49.052449],[2.089311,49.050345],[2.088185,49.050637],[2.087955,49.048204]]]},"properties":{"code_insee":"95500","nom_commune":"PONTOISE","code_rne":"0950894F","nom_college":"Collège Jean-Claude Chabanne"}},{"type":"Feature","geometry":{"type":"Polygon","coordinates":[[[2.091596,49.0591],[2.092869,49.059182],[2.093091,49.059598],[2.092102,49.05999],[2.091596,49.0591]]]},"properties":{"code_insee":"95500","nom_commune":"PONTOISE","code_rne":"0950894F","nom_college":"Collège Jean-Claude Chabanne"}},{"type":"Feature","geometry":{"type":"Polygon","coordinates":[[[2.094186,49.04007],[2.09665,49.037682],[2.09831,49.03922],[2.09851,49.04295],[2.099201,49.044036],[2.097499,49.044444],[2.095639,49.043303],[2.094878,49.042471],[2.094186,49.04007]]]},"properties":{"code_insee":"95500","nom_commune":"PONTOISE","code_rne":"0950894F","nom_college":"Collège Jean-Claude Chabanne"}},{"type":"Feature","geometry":{"type":"Polygon","coordinates":[[[2.07642,49.05347],[2.07852,49.0521],[2.077939,49.051538],[2.078155,49.051466],[2.078981,49.052711],[2.081605,49.054598],[2.083663,49.053875],[2.084348,49.054289],[2.086387,49.053197],[2.086945,49.054205],[2.087474,49.054402],[2.088095,49.052497],[2.089734,49.05263],[2.092,49.051776],[2.093143,49.051894],[2.09362,49.05129],[2.09531,49.051141],[2.095531,49.051837],[2.094202,49.05345],[2.093942,49.055527],[2.095018,49.056652],[2.095079,49.057829],[2.094473,49.059009],[2.09377,49.058868],[2.093438,49.059633],[2.093155,49.05966],[2.092901,49.061125],[2.094686,49.061643],[2.095592,49.063917],[2.097349,49.071021],[2.09611,49.07195],[2.09117,49.07298],[2.09041,49.07221],[2.09453,49.07064],[2.09543,49.06978],[2.09024,49.06555],[2.08542,49.06051],[2.08378,49.05978],[2.08187,49.05776],[2.08146,49.05635],[2.078,49.05482],[2.07642,49.05347]],[[2.091596,49.0591],[2.092102,49.05999],[2.093091,49.059598],[2.092869,49.059182],[2.091596,49.0591]]]},"properties":{"code_insee":"95500","nom_commune":"PONTOISE","code_rne":"0950896H","nom_college":"Collège Nicolas Flamel"}},{"type":"Feature","geometry":{"type":"Polygon","coordinates":[[[2.07222,49.04716],[2.08058,49.04157],[2.085496,49.039185],[2.087784,49.039652],[2.089432,49.039394],[2.088941,49.036492],[2.088556,49.035748],[2.08501,49.036413],[2.08295,49.03473],[2.084537,49.033998],[2.08657,49.032384],[2.08748,49.032446],[2.087721,49.031861],[2.08902,49.031183],[2.092941,49.02981],[2.09665,49.037682],[2.094186,49.04007],[2.094878,49.042471],[2.095639,49.043303],[2.097499,49.044444],[2.099201,49.044036],[2.099655,49.044748],[2.09878,49.046321],[2.097201,49.045931],[2.096492,49.046589],[2.095468,49.046396],[2.093437,49.046715],[2.092741,49.047311],[2.091628,49.047489],[2.089473,49.04895],[2.088791,49.048248],[2.087955,49.048204],[2.088185,49.050637],[2.089311,49.050345],[2.09047,49.052393],[2.089734,49.05263],[2.088095,49.052497],[2.087474,49.054402],[2.086945,49.054205],[2.086387,49.053197],[2.084348,49.054289],[2.083663,49.053875],[2.081605,49.054598],[2.078981,49.052711],[2.078155,49.051466],[2.07664,49.05028],[2.07488,49.04758],[2.07222,49.04716]]]},"properties":{"code_insee":"95500","nom_commune":"PONTOISE","code_rne":"0950895G","nom_college":"Collège Simone Veil"}},{"type":"Feature","geometry":{"type":"Polygon","coordinates":[[[2.083641,49.034317],[2.08534,49.0333],[2.08418,49.0324],[2.08455,49.02907],[2.08962,49.0285],[2.09112,49.02733],[2.08964,49.02432],[2.09066,49.02397],[2.09167,49.02536],[2.092941,49.02981],[2.08902,49.031183],[2.087721,49.031861],[2.08748,49.032446],[2.08657,49.032384],[2.084537,49.033998],[2.083641,49.034317]]]},"properties":{"code_insee":"95500","nom_commune":"PONTOISE","code_rne":"0950937C","nom_college":"Collège Les Touleuses"}},{"type":"Feature","geometry":{"type":"Polygon","coordinates":[[[2.08501,49.036413],[2.088556,49.035748],[2.088941,49.036492],[2.089432,49.039394],[2.087784,49.039652],[2.085496,49.039185],[2.08732,49.0383],[2.08501,49.036413]]]},"properties":{"code_insee":"95500","nom_commune":"PONTOISE","code_rne":"0950937C","nom_college":"Collège Les Touleuses"}},{"type":"Feature","geometry":{"type":"Polygon","coordinates":[[[2.27123,48.973],[2.27403,48.97233],[2.2728,48.97048],[2.27583,48.96838],[2.27483,48.967073],[2.27664,48.967096],[2.277334,48.966132],[2.279859,48.966669],[2.279927,48.966222],[2.281466,48.964699],[2.283051,48.965015],[2.284668,48.965934],[2.286572,48.965046],[2.287509,48.965132],[2.28773,48.964006],[2.288495,48.964741],[2.288995,48.964594],[2.289458,48.963739],[2.290855,48.96382],[2.291962,48.962643],[2.29862,48.96635],[2.29309,48.96873],[2.29527,48.9694],[2.29261,48.97143],[2.29575,48.97238],[2.29582,48.97445],[2.29786,48.97507],[2.29697,48.97602],[2.29418,48.97664],[2.29186,48.97624],[2.28981,48.977],[2.28426,48.97737],[2.27594,48.97579],[2.27385,48.97678],[2.27342,48.97671],[2.27165,48.97483],[2.27123,48.973]]]},"properties":{"code_insee":"95555","nom_commune":"SAINT-GRATIEN","code_rne":"0951190C","nom_college":"Collège Langevin-Wallon"}},{"type":"Feature","geometry":{"type":"Polygon","coordinates":[[[2.27358,48.96544],[2.27462,48.96414],[2.27617,48.96411],[2.2765,48.962],[2.27897,48.96186],[2.27986,48.9599],[2.28271,48.95996],[2.28312,48.95907],[2.28812,48.95974],[2.28846,48.95897],[2.28982,48.96145],[2.291962,48.962643],[2.290855,48.96382],[2.289458,48.963739],[2.288995,48.964594],[2.288495,48.964741],[2.28773,48.964006],[2.287509,48.965132],[2.286572,48.965046],[2.284668,48.965934],[2.283051,48.965015],[2.281466,48.964699],[2.279927,48.966222],[2.279859,48.966669],[2.277334,48.966132],[2.27664,48.967096],[2.27483,48.967073],[2.27358,48.96544]]]},"properties":{"code_insee":"95555","nom_commune":"SAINT-GRATIEN","code_rne":"0950037Z","nom_college":"Collège Jean Zay"}},{"type":"Feature","geometry":{"type":"Polygon","coordinates":[[[2.101291,49.034144],[2.10376,49.03328],[2.10447,49.03162],[2.10727,49.03064],[2.10731,49.029],[2.10886,49.02843],[2.11378,49.02547],[2.11606,49.02317],[2.11608,49.02462],[2.118678,49.026564],[2.113336,49.028838],[2.11507,49.03146],[2.118106,49.0319],[2.120383,49.030479],[2.12006,49.027597],[2.12239,49.02934],[2.12563,49.02568],[2.12868,49.02287],[2.13523,49.02692],[2.14635,49.03122],[2.15434,49.03523],[2.15764,49.03768],[2.16306,49.04066],[2.15622,49.04274],[2.1528,49.04467],[2.14985,49.04853],[2.14936,49.04979],[2.15156,49.05014],[2.15149,49.05163],[2.15352,49.05197],[2.15236,49.05957],[2.15124,49.06122],[2.14857,49.06112],[2.14527,49.06291],[2.14918,49.06521],[2.14752,49.06599],[2.14187,49.0661],[2.14157,49.06645],[2.13917,49.06641],[2.13451,49.06726],[2.13247,49.06689],[2.1287,49.06459],[2.12563,49.06346],[2.11915,49.05968],[2.115431,49.055984],[2.115868,49.053973],[2.114867,49.052116],[2.112394,49.052355],[2.112486,49.050675],[2.115127,49.049593],[2.116222,49.047934],[2.115448,49.047146],[2.115084,49.04563],[2.116007,49.044014],[2.11858,49.045138],[2.118758,49.044921],[2.119254,49.043723],[2.117826,49.042105],[2.11842,49.041273],[2.118131,49.039957],[2.118419,49.039125],[2.116636,49.039121],[2.115846,49.039956],[2.11513,49.039829],[2.115089,49.037775],[2.114731,49.036907],[2.113245,49.036971],[2.112845,49.036563],[2.112429,49.036756],[2.112149,49.038004],[2.111185,49.037503],[2.108793,49.038698],[2.107895,49.039867],[2.105244,49.039623],[2.104356,49.040242],[2.102719,49.03998],[2.10335,49.037977],[2.102431,49.035719],[2.101291,49.034144]]]},"properties":{"code_insee":"95572","nom_commune":"SAINT-OUEN-L AUMONE","code_rne":"0951195H","nom_college":"Collège Marcel Pagnol"}},{"type":"Feature","geometry":{"type":"Polygon","coordinates":[[[2.111277,49.046277],[2.112526,49.045823],[2.113313,49.046636],[2.112566,49.047349],[2.111352,49.047421],[2.111277,49.046277]]]},"properties":{"code_insee":"95572","nom_commune":"SAINT-OUEN-L AUMONE","code_rne":"0951195H","nom_college":"Collège Marcel Pagnol"}},{"type":"Feature","geometry":{"type":"Polygon","coordinates":[[[2.09579,49.03607],[2.101291,49.034144],[2.102431,49.035719],[2.10335,49.037977],[2.102634,49.039886],[2.104356,49.040242],[2.105244,49.039623],[2.107895,49.039867],[2.108793,49.038698],[2.111185,49.037503],[2.112149,49.038004],[2.112429,49.036756],[2.112845,49.036563],[2.113245,49.036971],[2.114731,49.036907],[2.115089,49.037775],[2.11513,49.039829],[2.115846,49.039956],[2.116636,49.039121],[2.118419,49.039125],[2.118131,49.039957],[2.11842,49.041273],[2.117826,49.042105],[2.119254,49.043723],[2.118758,49.044921],[2.11858,49.045138],[2.116007,49.044014],[2.115084,49.04563],[2.115448,49.047146],[2.116222,49.047934],[2.115127,49.049593],[2.112318,49.050914],[2.112394,49.052355],[2.114867,49.052116],[2.115868,49.053973],[2.115431,49.055984],[2.10763,49.05034],[2.10516,49.04953],[2.10121,49.04719],[2.09851,49.04295],[2.09831,49.03922],[2.09641,49.03746],[2.09579,49.03607]],[[2.111277,49.046277],[2.111352,49.047421],[2.112566,49.047349],[2.113313,49.046636],[2.112526,49.045823],[2.111277,49.046277]]]},"properties":{"code_insee":"95572","nom_commune":"SAINT-OUEN-L AUMONE","code_rne":"0950039B","nom_college":"Collège Le Parc"}},{"type":"Feature","geometry":{"type":"Polygon","coordinates":[[[2.113336,49.028838],[2.118678,49.026564],[2.12006,49.027597],[2.120383,49.030479],[2.118106,49.0319],[2.11507,49.03146],[2.113336,49.028838]]]},"properties":{"code_insee":"95572","nom_commune":"SAINT-OUEN-L AUMONE","code_rne":"0950039B","nom_college":"Collège Le Parc"}},{"type":"Feature","geometry":{"type":"Polygon","coordinates":[[[2.2493,48.974991],[2.250404,48.974254],[2.251537,48.974724],[2.252381,48.973814],[2.253468,48.974053],[2.254135,48.9733],[2.2552,48.973416],[2.255593,48.972125],[2.25616,48.971678],[2.25752,48.972479],[2.258671,48.971653],[2.259185,48.970503],[2.260107,48.969965],[2.260662,48.970381],[2.261726,48.969892],[2.262767,48.969839],[2.262578,48.966926],[2.261317,48.966964],[2.261689,48.965189],[2.261404,48.964572],[2.262323,48.962419],[2.2638,48.96196],[2.26505,48.96299],[2.26779,48.96317],[2.26844,48.96386],[2.27302,48.96432],[2.27462,48.96414],[2.27358,48.96544],[2.27583,48.96838],[2.2728,48.97048],[2.27403,48.97233],[2.27123,48.973],[2.27165,48.97483],[2.27342,48.97671],[2.27047,48.97716],[2.2663,48.97623],[2.26356,48.97658],[2.25797,48.9787],[2.25401,48.97849],[2.250699,48.979064],[2.250248,48.978224],[2.249808,48.978081],[2.250052,48.976483],[2.249567,48.976244],[2.2493,48.974991]]]},"properties":{"code_insee":"95582","nom_commune":"SANNOIS","code_rne":"0951754R","nom_college":"Collège Voltaire"}},{"type":"Feature","geometry":{"type":"Polygon","coordinates":[[[2.258891,48.968073],[2.259941,48.967406],[2.26078,48.968059],[2.260298,48.96854],[2.258891,48.968073]]]},"properties":{"code_insee":"95582","nom_commune":"SANNOIS","code_rne":"0951754R","nom_college":"Collège Voltaire"}},{"type":"Feature","geometry":{"type":"Polygon","coordinates":[[[2.22574,48.97102],[2.2291,48.97058],[2.23163,48.96775],[2.23579,48.96824],[2.24278,48.96657],[2.24349,48.96721],[2.24942,48.96534],[2.24898,48.96385],[2.25901,48.96345],[2.262323,48.962419],[2.261404,48.964572],[2.261689,48.965189],[2.261317,48.966964],[2.262578,48.966926],[2.262767,48.969839],[2.261726,48.969892],[2.260662,48.970381],[2.260107,48.969965],[2.259185,48.970503],[2.258671,48.971653],[2.25752,48.972479],[2.25616,48.971678],[2.255593,48.972125],[2.2552,48.973416],[2.254135,48.9733],[2.253468,48.974053],[2.252381,48.973814],[2.251537,48.974724],[2.250404,48.974254],[2.2493,48.974991],[2.249567,48.976244],[2.250052,48.976483],[2.249808,48.978081],[2.250248,48.978224],[2.250699,48.979064],[2.24547,48.97997],[2.2463,48.98114],[2.24339,48.9816],[2.24238,48.9836],[2.23638,48.98407],[2.23522,48.9802],[2.23724,48.979],[2.23639,48.97594],[2.23646,48.97387],[2.23298,48.97351],[2.2293,48.97229],[2.22875,48.97288],[2.22574,48.97102]],[[2.258891,48.968073],[2.260298,48.96854],[2.26078,48.968059],[2.259941,48.967406],[2.258891,48.968073]]]},"properties":{"code_insee":"95582","nom_commune":"SANNOIS","code_rne":"0950722U","nom_college":"Collège Jean Moulin"}},{"type":"Feature","geometry":{"type":"Polygon","coordinates":[[[2.36365,49.00956],[2.36592,49.00592],[2.36729,49.00147],[2.368403,48.999581],[2.369939,49.000597],[2.372572,48.999714],[2.373394,48.998622],[2.376152,48.99825],[2.377421,48.998962],[2.378481,48.998346],[2.378105,48.997492],[2.378633,48.99659],[2.378201,48.995972],[2.378845,48.995003],[2.379563,48.995271],[2.379283,48.996452],[2.379459,48.996963],[2.379856,48.997196],[2.380719,48.996967],[2.381701,48.997977],[2.383568,48.996824],[2.385596,48.997609],[2.386722,48.997344],[2.387794,48.996129],[2.386649,48.994365],[2.386244,48.992063],[2.384729,48.989608],[2.383901,48.98601],[2.385878,48.986167],[2.388408,48.984297],[2.388479,48.982593],[2.389958,48.981076],[2.390781,48.980704],[2.392965,48.981831],[2.395982,48.981612],[2.396473,48.981259],[2.3971,48.98186],[2.40081,48.98265],[2.40251,48.98689],[2.40533,48.98994],[2.40814,48.99196],[2.40362,48.99412],[2.40266,48.99368],[2.39659,48.9957],[2.39378,48.99724],[2.39413,48.99782],[2.38908,48.99939],[2.38172,49.00239],[2.38259,49.00367],[2.38056,49.00435],[2.38121,49.00546],[2.37885,49.00687],[2.37958,49.01347],[2.37699,49.01262],[2.37385,49.01262],[2.36995,49.01186],[2.36756,49.01245],[2.36517,49.01123],[2.36365,49.00956]]]},"properties":{"code_insee":"95585","nom_commune":"SARCELLES","code_rne":"0951945Y","nom_college":"Collège Victor Hugo"}},{"type":"Feature","geometry":{"type":"Polygon","coordinates":[[[2.364532,48.979032],[2.365999,48.97955],[2.366669,48.98147],[2.367534,48.981307],[2.368146,48.981805],[2.371543,48.982645],[2.373271,48.983654],[2.373384,48.984856],[2.375188,48.986231],[2.375757,48.986443],[2.377663,48.985786],[2.378072,48.98618],[2.37811,48.986939],[2.379625,48.988567],[2.380205,48.988783],[2.380473,48.988863],[2.381573,48.986983],[2.383627,48.985748],[2.384729,48.989608],[2.386244,48.992063],[2.386649,48.994365],[2.387794,48.996129],[2.386722,48.997344],[2.385596,48.997609],[2.383568,48.996824],[2.381701,48.997977],[2.380719,48.996967],[2.379856,48.997196],[2.379459,48.996963],[2.379283,48.996452],[2.379563,48.995271],[2.378845,48.995003],[2.378201,48.995972],[2.378633,48.99659],[2.378105,48.997492],[2.378481,48.998346],[2.377421,48.998962],[2.376152,48.99825],[2.373394,48.998622],[2.372572,48.999714],[2.369939,49.000597],[2.368403,48.999581],[2.36853,48.99716],[2.36991,48.99507],[2.3652,48.99314],[2.36649,48.99187],[2.36515,48.99086],[2.36652,48.99005],[2.36569,48.98884],[2.36809,48.98789],[2.36802,48.98408],[2.36618,48.98092],[2.364532,48.979032]]]},"properties":{"code_insee":"95585","nom_commune":"SARCELLES","code_rne":"0951196J","nom_college":"Collège Voltaire"}},{"type":"Feature","geometry":{"type":"Polygon","coordinates":[[[2.364309,48.978604],[2.364665,48.977761],[2.364663,48.978313],[2.364309,48.978604]]]},"properties":{"code_insee":"95585","nom_commune":"SARCELLES","code_rne":"0950723V","nom_college":"Collège Jean Lurçat"}},{"type":"Feature","geometry":{"type":"Polygon","coordinates":[[[2.37401,48.97371],[2.37602,48.972011],[2.38245,48.97128],[2.389181,48.975826],[2.388371,48.97648],[2.387296,48.976671],[2.386831,48.976315],[2.386061,48.976982],[2.385089,48.976932],[2.384509,48.977716],[2.383891,48.977823],[2.38288,48.977062],[2.382635,48.977632],[2.381429,48.97805],[2.381473,48.978499],[2.379888,48.978359],[2.379195,48.978884],[2.378566,48.978343],[2.378332,48.977591],[2.378925,48.976005],[2.378019,48.975383],[2.377094,48.975852],[2.376107,48.977167],[2.374773,48.977742],[2.374302,48.977635],[2.37424,48.976729],[2.375184,48.97635],[2.375992,48.97536],[2.375589,48.97509],[2.374084,48.975326],[2.37401,48.97371]]]},"properties":{"code_insee":"95585","nom_commune":"SARCELLES","code_rne":"0950723V","nom_college":"Collège Jean Lurçat"}},{"type":"Feature","geometry":{"type":"Polygon","coordinates":[[[2.36426,48.97872],[2.364663,48.978313],[2.365699,48.975312],[2.366694,48.976218],[2.368081,48.976586],[2.368965,48.978148],[2.370264,48.977899],[2.370797,48.978204],[2.371693,48.977055],[2.372319,48.977055],[2.372666,48.977488],[2.374773,48.977742],[2.376107,48.977167],[2.377094,48.975852],[2.378019,48.975383],[2.378925,48.976005],[2.378332,48.977591],[2.378566,48.978343],[2.379195,48.978884],[2.379888,48.978359],[2.381473,48.978499],[2.38183,48.979104],[2.382429,48.97904],[2.38288,48.977062],[2.383891,48.977823],[2.383756,48.97903],[2.384837,48.979914],[2.384803,48.980295],[2.382322,48.983122],[2.383627,48.985748],[2.381573,48.986983],[2.380473,48.988863],[2.379625,48.988567],[2.37811,48.986939],[2.378072,48.98618],[2.377663,48.985786],[2.375757,48.986443],[2.375188,48.986231],[2.373384,48.984856],[2.373271,48.983654],[2.371543,48.982645],[2.368146,48.981805],[2.367534,48.981307],[2.366669,48.98147],[2.365999,48.97955],[2.36426,48.97872]]]},"properties":{"code_insee":"95585","nom_commune":"SARCELLES","code_rne":"0950943J","nom_college":"Collège Chantereine"}},{"type":"Feature","geometry":{"type":"Polygon","coordinates":[[[2.365699,48.975312],[2.36616,48.97422],[2.36952,48.97314],[2.37602,48.972011],[2.37401,48.97371],[2.374084,48.975326],[2.375589,48.97509],[2.375992,48.97536],[2.375184,48.97635],[2.37424,48.976729],[2.37428,48.977601],[2.372666,48.977488],[2.372319,48.977055],[2.371693,48.977055],[2.370797,48.978204],[2.370264,48.977899],[2.368965,48.978148],[2.368081,48.976586],[2.366694,48.976218],[2.365699,48.975312]]]},"properties":{"code_insee":"95585","nom_commune":"SARCELLES","code_rne":"0950045H","nom_college":"Collège Évariste Galois"}},{"type":"Feature","geometry":{"type":"Polygon","coordinates":[[[2.381429,48.97805],[2.382635,48.977632],[2.382429,48.97904],[2.38183,48.979104],[2.381429,48.97805]]]},"properties":{"code_insee":"95585","nom_commune":"SARCELLES","code_rne":"0950900M","nom_college":"Collège Anatole France"}},{"type":"Feature","geometry":{"type":"Polygon","coordinates":[[[2.382322,48.983122],[2.384803,48.980295],[2.384489,48.97941],[2.383756,48.97903],[2.383891,48.977823],[2.384509,48.977716],[2.385089,48.976932],[2.386061,48.976982],[2.386831,48.976315],[2.387296,48.976671],[2.388371,48.97648],[2.389181,48.975826],[2.39468,48.97954],[2.396473,48.981259],[2.395982,48.981612],[2.392965,48.981831],[2.390781,48.980704],[2.389958,48.981076],[2.388479,48.982593],[2.388408,48.984297],[2.385878,48.986167],[2.383901,48.98601],[2.382322,48.983122]]]},"properties":{"code_insee":"95585","nom_commune":"SARCELLES","code_rne":"0950900M","nom_college":"Collège Anatole France"}},{"type":"Feature","geometry":{"type":"Polygon","coordinates":[[[2.28426,48.98555],[2.286412,48.982873],[2.28846,48.983325],[2.291118,48.983291],[2.291881,48.983855],[2.29269,48.985705],[2.292846,48.987032],[2.29385,48.987409],[2.294293,48.988364],[2.297037,48.988329],[2.299399,48.986751],[2.300376,48.987523],[2.301008,48.987094],[2.30243,48.987205],[2.303024,48.988345],[2.30418,48.988579],[2.305133,48.989245],[2.305845,48.988851],[2.306045,48.987486],[2.307069,48.986943],[2.307433,48.987126],[2.307751,48.98655],[2.307533,48.986048],[2.30995,48.98686],[2.312414,48.98893],[2.311339,48.990122],[2.311889,48.991241],[2.31093,48.99267],[2.31331,48.9944],[2.31327,48.99638],[2.31557,48.99748],[2.31657,48.99909],[2.31555,49.00085],[2.3122,49.00206],[2.30974,49.0017],[2.3061,49.00232],[2.30522,48.99958],[2.30365,48.99738],[2.29587,48.99571],[2.29286,48.99584],[2.29088,48.99283],[2.28782,48.98914],[2.28426,48.98555]],[[2.296009,48.990174],[2.296832,48.990678],[2.297945,48.990097],[2.29711,48.989391],[2.296009,48.990174]],[[2.307888,48.991042],[2.308671,48.99213],[2.31012,48.991509],[2.310353,48.990538],[2.308942,48.990132],[2.308424,48.990307],[2.307888,48.991042]]]},"properties":{"code_insee":"95598","nom_commune":"SOISY-SOUS-MONTMORENCY","code_rne":"0951352D","nom_college":"Collège Albert Schweitzer"}},{"type":"Feature","geometry":{"type":"Polygon","coordinates":[[[2.30732,48.98556],[2.308138,48.985199],[2.307485,48.985937],[2.30732,48.98556]]]},"properties":{"code_insee":"95598","nom_commune":"SOISY-SOUS-MONTMORENCY","code_rne":"0951352D","nom_college":"Collège Albert Schweitzer"}},{"type":"Feature","geometry":{"type":"Polygon","coordinates":[[[2.286412,48.982873],[2.28705,48.98208],[2.2917,48.97897],[2.29186,48.97624],[2.29418,48.97664],[2.29697,48.97602],[2.29786,48.97507],[2.30135,48.97543],[2.30103,48.977],[2.30434,48.97943],[2.30702,48.9776],[2.30695,48.97871],[2.31118,48.98196],[2.3124,48.9834],[2.30866,48.98461],[2.30732,48.98556],[2.307751,48.98655],[2.307433,48.987126],[2.307069,48.986943],[2.306045,48.987486],[2.305845,48.988851],[2.305133,48.989245],[2.30418,48.988579],[2.303024,48.988345],[2.30243,48.987205],[2.301008,48.987094],[2.300376,48.987523],[2.299399,48.986751],[2.297037,48.988329],[2.294293,48.988364],[2.29385,48.987409],[2.292846,48.987032],[2.29269,48.985705],[2.291881,48.983855],[2.291118,48.983291],[2.28846,48.983325],[2.286412,48.982873]]]},"properties":{"code_insee":"95598","nom_commune":"SOISY-SOUS-MONTMORENCY","code_rne":"0950046J","nom_college":"Collège Descartes"}},{"type":"Feature","geometry":{"type":"Polygon","coordinates":[[[2.296009,48.990174],[2.29711,48.989391],[2.297945,48.990097],[2.296832,48.990678],[2.296009,48.990174]]]},"properties":{"code_insee":"95598","nom_commune":"SOISY-SOUS-MONTMORENCY","code_rne":"0950046J","nom_college":"Collège Descartes"}},{"type":"Feature","geometry":{"type":"Polygon","coordinates":[[[2.307888,48.991042],[2.308424,48.990307],[2.308942,48.990132],[2.310353,48.990538],[2.31012,48.991509],[2.308671,48.99213],[2.307888,48.991042]]]},"properties":{"code_insee":"95598","nom_commune":"SOISY-SOUS-MONTMORENCY","code_rne":"0950046J","nom_college":"Collège Descartes"}},{"type":"Feature","geometry":{"type":"Polygon","coordinates":[[[2.311339,48.990122],[2.312414,48.98893],[2.31289,48.98933],[2.31336,48.99068],[2.311889,48.991241],[2.311339,48.990122]]]},"properties":{"code_insee":"95598","nom_commune":"SOISY-SOUS-MONTMORENCY","code_rne":"0950046J","nom_college":"Collège Descartes"}},{"type":"Feature","geometry":{"type":"Polygon","coordinates":[[[2.18316,49.02542],[2.18959,49.02197],[2.19589,49.02126],[2.20587,49.01957],[2.20364,49.01543],[2.20316,49.0135],[2.20528,49.01273],[2.20167,49.00805],[2.21713,49.0029],[2.220228,49.008323],[2.219832,49.009686],[2.212674,49.010999],[2.21133,49.010459],[2.210855,49.010764],[2.210628,49.011604],[2.209687,49.012765],[2.208624,49.012225],[2.207968,49.012542],[2.206901,49.0123],[2.20623,49.011608],[2.206003,49.011978],[2.205922,49.013502],[2.206313,49.014467],[2.207145,49.014883],[2.208945,49.014646],[2.209093,49.016733],[2.210435,49.017156],[2.210901,49.017761],[2.21186,49.017837],[2.211945,49.01939],[2.212451,49.019885],[2.211789,49.021049],[2.210948,49.02126],[2.210506,49.022699],[2.209692,49.023367],[2.209573,49.024385],[2.2114,49.024329],[2.212048,49.02503],[2.21523,49.025067],[2.215698,49.024722],[2.215711,49.023231],[2.216724,49.022712],[2.21766,49.023398],[2.218846,49.023285],[2.220079,49.024848],[2.219762,49.025213],[2.21983,49.027222],[2.218707,49.027331],[2.218297,49.026797],[2.217139,49.026331],[2.216889,49.026513],[2.216951,49.028018],[2.216617,49.029148],[2.215862,49.029309],[2.215907,49.030122],[2.214463,49.030533],[2.21423,49.031215],[2.205063,49.031554],[2.206774,49.028559],[2.207707,49.025647],[2.205818,49.025071],[2.20354,49.02567],[2.203104,49.029244],[2.203943,49.031644],[2.19825,49.0321],[2.19681,49.03138],[2.19169,49.03056],[2.18684,49.02827],[2.18316,49.02542]],[[2.206751,49.021402],[2.207251,49.021975],[2.208352,49.021848],[2.208313,49.022619],[2.209399,49.022988],[2.209303,49.022181],[2.208391,49.021793],[2.208131,49.020166],[2.206802,49.021075],[2.206751,49.021402]]]},"properties":{"code_insee":"95607","nom_commune":"TAVERNY","code_rne":"0950945L","nom_college":"Collège Le Carré Sainte-Honorine"}},{"type":"Feature","geometry":{"type":"Polygon","coordinates":[[[2.203104,49.029244],[2.20354,49.02567],[2.205818,49.025071],[2.207707,49.025647],[2.206774,49.028559],[2.205063,49.031554],[2.203943,49.031644],[2.203104,49.029244]]]},"properties":{"code_insee":"95607","nom_commune":"TAVERNY","code_rne":"0951197K","nom_college":"Collège Georges Brassens"}},{"type":"Feature","geometry":{"type":"Polygon","coordinates":[[[2.205922,49.013502],[2.20623,49.011608],[2.206901,49.0123],[2.207968,49.012542],[2.208624,49.012225],[2.209687,49.012765],[2.210628,49.011604],[2.210855,49.010764],[2.21133,49.010459],[2.212674,49.010999],[2.219832,49.009686],[2.220228,49.008323],[2.22646,49.01388],[2.22762,49.01321],[2.23125,49.01487],[2.23528,49.01847],[2.23747,49.02148],[2.24033,49.02387],[2.24271,49.02945],[2.24488,49.03822],[2.25301,49.03593],[2.25164,49.03953],[2.25315,49.04142],[2.24494,49.04348],[2.24152,49.04464],[2.23878,49.0463],[2.23823,49.04761],[2.23487,49.04937],[2.23308,49.05102],[2.2313,49.05179],[2.22388,49.0453],[2.22865,49.04414],[2.22928,49.04234],[2.22812,49.03982],[2.22642,49.03821],[2.22471,49.0342],[2.22122,49.03329],[2.21687,49.03113],[2.21423,49.031215],[2.214463,49.030533],[2.215907,49.030122],[2.215862,49.029309],[2.216617,49.029148],[2.216951,49.028018],[2.216889,49.026513],[2.217139,49.026331],[2.218297,49.026797],[2.218707,49.027331],[2.21983,49.027222],[2.219762,49.025213],[2.220079,49.024848],[2.218846,49.023285],[2.21766,49.023398],[2.216724,49.022712],[2.215986,49.021618],[2.215971,49.021076],[2.214898,49.020219],[2.214095,49.020131],[2.213797,49.019642],[2.212451,49.019885],[2.212166,49.019641],[2.21186,49.017837],[2.210901,49.017761],[2.210435,49.017156],[2.209093,49.016733],[2.208945,49.014646],[2.207145,49.014883],[2.206313,49.014467],[2.205922,49.013502]]]},"properties":{"code_insee":"95607","nom_commune":"TAVERNY","code_rne":"0951197K","nom_college":"Collège Georges Brassens"}},{"type":"Feature","geometry":{"type":"Polygon","coordinates":[[[2.206751,49.021402],[2.206802,49.021075],[2.208131,49.020166],[2.208391,49.021793],[2.209303,49.022181],[2.209399,49.022988],[2.208313,49.022619],[2.208352,49.021848],[2.207251,49.021975],[2.206751,49.021402]]]},"properties":{"code_insee":"95607","nom_commune":"TAVERNY","code_rne":"0952086B","nom_college":"Collège Montesquieu"}},{"type":"Feature","geometry":{"type":"Polygon","coordinates":[[[2.209573,49.024385],[2.209692,49.023367],[2.210506,49.022699],[2.210948,49.02126],[2.211789,49.021049],[2.212451,49.019885],[2.213797,49.019642],[2.214095,49.020131],[2.214898,49.020219],[2.215971,49.021076],[2.215986,49.021618],[2.216724,49.022712],[2.215711,49.023231],[2.215698,49.024722],[2.21523,49.025067],[2.212048,49.02503],[2.2114,49.024329],[2.209573,49.024385]]]},"properties":{"code_insee":"95607","nom_commune":"TAVERNY","code_rne":"0952086B","nom_college":"Collège Montesquieu"}},{"type":"Feature","geometry":{"type":"Polygon","coordinates":[[[2.010419,49.022947],[2.01084,49.02066],[2.02182,49.02105],[2.02889,49.01898],[2.02923,49.01967],[2.03238,49.02031],[2.03197,49.02168],[2.03513,49.02241],[2.03482,49.02315],[2.03704,49.0244],[2.04059,49.02568],[2.03634,49.03031],[2.0366,49.03188],[2.04006,49.03589],[2.03506,49.03871],[2.03185,49.03677],[2.02732,49.03766],[2.02527,49.03842],[2.022803,49.038486],[2.024925,49.035128],[2.025859,49.034655],[2.026405,49.033784],[2.027781,49.033249],[2.028923,49.031887],[2.030149,49.031119],[2.029432,49.029061],[2.028,49.028634],[2.026964,49.026621],[2.02308,49.028219],[2.022321,49.025328],[2.021188,49.025762],[2.020283,49.025431],[2.019681,49.025674],[2.018975,49.024932],[2.018176,49.02511],[2.017896,49.02412],[2.017111,49.024051],[2.016708,49.025044],[2.015581,49.024721],[2.015314,49.025001],[2.010419,49.022947]]]},"properties":{"code_insee":"95637","nom_commune":"VAUREAL","code_rne":"0951636M","nom_college":"Collège des Toupets"}},{"type":"Feature","geometry":{"type":"Polygon","coordinates":[[[2.022288,49.029137],[2.023024,49.028339],[2.023516,49.030143],[2.022434,49.030085],[2.022288,49.029137]]]},"properties":{"code_insee":"95637","nom_commune":"VAUREAL","code_rne":"0951636M","nom_college":"Collège des Toupets"}},{"type":"Feature","geometry":{"type":"Polygon","coordinates":[[[2.0097,49.02686],[2.010419,49.022947],[2.015314,49.025001],[2.015581,49.024721],[2.016708,49.025044],[2.017111,49.024051],[2.017896,49.02412],[2.018176,49.02511],[2.018975,49.024932],[2.019681,49.025674],[2.020283,49.025431],[2.021188,49.025762],[2.022321,49.025328],[2.02308,49.028219],[2.026964,49.026621],[2.028,49.028634],[2.029432,49.029061],[2.030149,49.031119],[2.028923,49.031887],[2.027781,49.033249],[2.026405,49.033784],[2.025859,49.034655],[2.024925,49.035128],[2.022803,49.038486],[2.01583,49.03987],[2.0107,49.03712],[2.0127,49.02768],[2.0097,49.02686]],[[2.022288,49.029137],[2.022434,49.030085],[2.023516,49.030143],[2.023024,49.028339],[2.022288,49.029137]]]},"properties":{"code_insee":"95637","nom_commune":"VAUREAL","code_rne":"0951705M","nom_college":"Collège La Bussie"}},{"type":"Feature","geometry":{"type":"Polygon","coordinates":[[[2.397462,49.006278],[2.398335,49.005062],[2.399981,49.003688],[2.400422,49.001766],[2.404631,49.004696],[2.404725,49.001626],[2.407691,49.000918],[2.407532,49.002048],[2.406505,49.002275],[2.40785,49.003918],[2.40875,49.003646],[2.409942,49.002198],[2.41039,49.002039],[2.410808,49.000553],[2.411801,49.000989],[2.412207,49.002001],[2.412203,49.000816],[2.412703,49.000075],[2.412588,48.999614],[2.412985,48.998673],[2.414382,48.998647],[2.414462,48.998955],[2.415295,48.999255],[2.415841,48.998383],[2.41654,48.9985],[2.419,48.99926],[2.4194,49.0015],[2.4205,49.00303],[2.42017,49.00502],[2.42422,49.00935],[2.42826,49.012],[2.42471,49.01309],[2.42512,49.01398],[2.42155,49.01578],[2.42301,49.01861],[2.41842,49.01965],[2.40955,49.0242],[2.399438,49.018005],[2.4002,49.011058],[2.399487,49.009808],[2.398986,49.010084],[2.398587,49.009728],[2.39894,49.009354],[2.398288,49.008473],[2.398754,49.007439],[2.397462,49.006278]]]},"properties":{"code_insee":"95680","nom_commune":"VILLIERS-LE-BEL","code_rne":"0950939E","nom_college":"Collège Léon Blum"}},{"type":"Feature","geometry":{"type":"Polygon","coordinates":[[[2.37885,49.00687],[2.38121,49.00546],[2.38056,49.00435],[2.38259,49.00367],[2.38172,49.00239],[2.392129,48.998442],[2.392326,49.001397],[2.393622,49.003151],[2.394399,49.002945],[2.394962,49.003425],[2.394802,49.004582],[2.393877,49.004987],[2.393601,49.005472],[2.394183,49.006666],[2.393923,49.007125],[2.394989,49.008063],[2.395301,49.007295],[2.395111,49.005925],[2.395508,49.005064],[2.396066,49.004997],[2.397485,49.005982],[2.397531,49.006427],[2.398754,49.007439],[2.398288,49.008473],[2.39894,49.009354],[2.398587,49.009728],[2.398986,49.010084],[2.399487,49.009808],[2.4002,49.011058],[2.399438,49.018005],[2.39675,49.01612],[2.39456,49.01643],[2.39346,49.01414],[2.3875,49.01401],[2.38498,49.01339],[2.38109,49.01424],[2.37958,49.01347],[2.37885,49.00687]],[[2.391281,49.006739],[2.392107,49.007989],[2.391992,49.007112],[2.391565,49.006531],[2.391281,49.006739]]]},"properties":{"code_insee":"95680","nom_commune":"VILLIERS-LE-BEL","code_rne":"0951993A","nom_college":"Collège Martin Luther King"}},{"type":"Feature","geometry":{"type":"Polygon","coordinates":[[[2.391281,49.006739],[2.391565,49.006531],[2.391992,49.007112],[2.392107,49.007989],[2.391281,49.006739]]]},"properties":{"code_insee":"95680","nom_commune":"VILLIERS-LE-BEL","code_rne":"0950749Y","nom_college":"Collège Saint-Exupéry"}},{"type":"Feature","geometry":{"type":"Polygon","coordinates":[[[2.392129,48.998442],[2.39413,48.99782],[2.39378,48.99724],[2.39659,48.9957],[2.40266,48.99368],[2.40362,48.99412],[2.40814,48.99196],[2.40914,48.99372],[2.41371,48.99376],[2.41569,48.99502],[2.41422,48.99811],[2.415841,48.998383],[2.415527,48.999131],[2.414462,48.998955],[2.414382,48.998647],[2.412985,48.998673],[2.412588,48.999614],[2.412703,49.000075],[2.412203,49.000816],[2.412207,49.002001],[2.411801,49.000989],[2.410808,49.000553],[2.41039,49.002039],[2.409942,49.002198],[2.40875,49.003646],[2.40785,49.003918],[2.406505,49.002275],[2.407532,49.002048],[2.407691,49.000918],[2.404725,49.001626],[2.404631,49.004696],[2.400422,49.001766],[2.399981,49.003688],[2.397485,49.005982],[2.396066,49.004997],[2.395508,49.005064],[2.395111,49.005925],[2.395301,49.007295],[2.394989,49.008063],[2.393923,49.007125],[2.394183,49.006666],[2.393601,49.005472],[2.393877,49.004987],[2.394802,49.004582],[2.394962,49.003425],[2.394399,49.002945],[2.393622,49.003151],[2.392326,49.001397],[2.392129,48.998442]]]},"properties":{"code_insee":"95680","nom_commune":"VILLIERS-LE-BEL","code_rne":"0950749Y","nom_college":"Collège Saint-Exupéry"}}]}