{"type":"FeatureCollection","features":[{"type":"Feature","geometry":{"coordinates":[[[-0.710417,47.264505],[-0.709717,47.263848],[-0.708629,47.264346],[-0.709463,47.263132],[-0.708346,47.260643],[-0.707857,47.260206],[-0.707512,47.259945],[-0.705082,47.260234],[-0.706058,47.25832],[-0.703301,47.25764],[-0.704303,47.25635],[-0.704434,47.255234],[-0.703602,47.254087],[-0.703018,47.252146],[-0.700813,47.252087],[-0.698879,47.251652],[-0.698619,47.250468],[-0.697646,47.249221],[-0.695757,47.248937],[-0.691755,47.250561],[-0.690172,47.250721],[-0.688896,47.251262],[-0.688429,47.251109],[-0.688343,47.2505],[-0.687966,47.25031],[-0.686225,47.251413],[-0.684415,47.25191],[-0.679084,47.251062],[-0.67624,47.251872],[-0.672465,47.252148],[-0.669911,47.251771],[-0.669312,47.251184],[-0.667114,47.250721],[-0.667473,47.249978],[-0.667198,47.249184],[-0.66889,47.248393],[-0.669259,47.247043],[-0.670355,47.246771],[-0.671434,47.245686],[-0.674322,47.241746],[-0.673805,47.241384],[-0.675021,47.240668],[-0.67224,47.240163],[-0.67022,47.238591],[-0.666882,47.237093],[-0.660219,47.238616],[-0.656306,47.240293],[-0.649705,47.238465],[-0.648182,47.239394],[-0.647776,47.241127],[-0.646369,47.242921],[-0.644886,47.243744],[-0.641199,47.243118],[-0.636537,47.242966],[-0.636596,47.244849],[-0.637659,47.245055],[-0.637377,47.246613],[-0.637582,47.24719],[-0.636931,47.247181],[-0.636775,47.248516],[-0.631951,47.248463],[-0.631148,47.248881],[-0.629499,47.248858],[-0.629327,47.249137],[-0.626332,47.249887],[-0.624011,47.251706],[-0.623605,47.252842],[-0.623745,47.254188],[-0.622906,47.254291],[-0.621873,47.256112],[-0.620203,47.258035],[-0.616985,47.256785],[-0.616332,47.256187],[-0.613835,47.255686],[-0.612279,47.255024],[-0.606415,47.254194],[-0.602149,47.253007],[-0.594737,47.250107],[-0.593806,47.24913],[-0.592095,47.248884],[-0.587333,47.246731],[-0.588751,47.244622],[-0.585571,47.242573],[-0.585424,47.241488],[-0.585016,47.24116],[-0.583674,47.241972],[-0.581891,47.241765],[-0.58045,47.241206],[-0.580537,47.24033],[-0.579706,47.239891],[-0.577161,47.24068],[-0.573031,47.240884],[-0.571729,47.239631],[-0.569898,47.240027],[-0.568183,47.23949],[-0.568773,47.238431],[-0.569869,47.237714],[-0.569992,47.236911],[-0.567208,47.235475],[-0.567106,47.234802],[-0.563594,47.23462],[-0.55944,47.232995],[-0.554488,47.235916],[-0.549506,47.234388],[-0.5498,47.233706],[-0.548792,47.233416],[-0.548197,47.234646],[-0.547067,47.234494],[-0.546716,47.235359],[-0.540716,47.234383],[-0.540401,47.234661],[-0.53933,47.234634],[-0.539503,47.233214],[-0.537561,47.234002],[-0.534459,47.233556],[-0.534623,47.233023],[-0.531601,47.232597],[-0.5314,47.23332],[-0.531922,47.233458],[-0.531624,47.233903],[-0.530593,47.233847],[-0.530263,47.234148],[-0.529913,47.233797],[-0.52932,47.233812],[-0.528604,47.234637],[-0.525528,47.234051],[-0.524443,47.233522],[-0.526455,47.233015],[-0.527738,47.231524],[-0.529256,47.231309],[-0.532098,47.229448],[-0.532446,47.229012],[-0.53216,47.227742],[-0.532818,47.227048],[-0.532824,47.226566],[-0.534525,47.225821],[-0.53527,47.224821],[-0.537159,47.223376],[-0.538969,47.222552],[-0.540821,47.22017],[-0.542627,47.219392],[-0.543699,47.218181],[-0.5448,47.217567],[-0.545407,47.216594],[-0.544975,47.215948],[-0.545371,47.214834],[-0.547528,47.213047],[-0.548082,47.213019],[-0.548398,47.211847],[-0.549442,47.21134],[-0.548834,47.211186],[-0.548236,47.209404],[-0.548387,47.208885],[-0.547806,47.208072],[-0.547944,47.207617],[-0.548556,47.207172],[-0.549437,47.205197],[-0.550387,47.204799],[-0.550133,47.20448],[-0.550369,47.204207],[-0.55336,47.202199],[-0.553962,47.202132],[-0.553993,47.201712],[-0.555934,47.200523],[-0.556042,47.200146],[-0.555524,47.199551],[-0.555665,47.199108],[-0.556143,47.198959],[-0.557256,47.197598],[-0.558092,47.195266],[-0.558856,47.194778],[-0.558627,47.194416],[-0.558835,47.194163],[-0.559833,47.194222],[-0.561056,47.193619],[-0.561775,47.193611],[-0.562223,47.192931],[-0.564467,47.192306],[-0.565194,47.192525],[-0.565961,47.191731],[-0.56926,47.190431],[-0.569481,47.189929],[-0.571555,47.189365],[-0.572335,47.188659],[-0.572611,47.187908],[-0.574183,47.186532],[-0.574776,47.186539],[-0.57559,47.185924],[-0.576405,47.18457],[-0.578339,47.183214],[-0.578653,47.182371],[-0.581188,47.180057],[-0.583356,47.179013],[-0.583724,47.178307],[-0.584434,47.178155],[-0.586321,47.176705],[-0.588575,47.175915],[-0.588852,47.175415],[-0.589552,47.175159],[-0.590948,47.173115],[-0.590855,47.171663],[-0.59139,47.171355],[-0.591142,47.169356],[-0.593306,47.166566],[-0.596559,47.163645],[-0.596746,47.162506],[-0.598666,47.160504],[-0.598875,47.159885],[-0.60096,47.158251],[-0.601443,47.158274],[-0.60299,47.157147],[-0.606321,47.153981],[-0.606431,47.153063],[-0.607102,47.153079],[-0.607215,47.152414],[-0.608264,47.15159],[-0.608714,47.151739],[-0.611255,47.147944],[-0.614066,47.148949],[-0.621292,47.149341],[-0.627599,47.150578],[-0.634778,47.151401],[-0.636791,47.151277],[-0.637368,47.149049],[-0.641321,47.15116],[-0.642901,47.150853],[-0.644552,47.150036],[-0.645837,47.148712],[-0.648111,47.148068],[-0.648412,47.147565],[-0.648071,47.146159],[-0.650229,47.144351],[-0.650943,47.144014],[-0.650964,47.14514],[-0.655204,47.144456],[-0.655575,47.142154],[-0.655244,47.141967],[-0.65679,47.140824],[-0.657742,47.141094],[-0.657647,47.141996],[-0.658637,47.141812],[-0.658529,47.14103],[-0.659167,47.141034],[-0.660958,47.141474],[-0.661645,47.142495],[-0.662358,47.13973],[-0.660788,47.138781],[-0.661117,47.137602],[-0.659606,47.136733],[-0.662763,47.135173],[-0.664819,47.134615],[-0.666837,47.133182],[-0.670074,47.134202],[-0.670494,47.133809],[-0.670484,47.132987],[-0.671374,47.132367],[-0.67423,47.131132],[-0.676046,47.131292],[-0.678609,47.129982],[-0.679654,47.130824],[-0.6807,47.130547],[-0.685009,47.131849],[-0.688837,47.129736],[-0.692463,47.129899],[-0.694172,47.130908],[-0.695239,47.12993],[-0.696088,47.129613],[-0.697924,47.129176],[-0.699315,47.1292],[-0.70149,47.127601],[-0.702075,47.129332],[-0.701852,47.130356],[-0.703497,47.131179],[-0.705908,47.131881],[-0.706937,47.130723],[-0.709731,47.132601],[-0.7106,47.13282],[-0.712764,47.13287],[-0.714892,47.132367],[-0.715656,47.132769],[-0.719769,47.130794],[-0.719668,47.130166],[-0.720287,47.129475],[-0.719932,47.128783],[-0.722145,47.128122],[-0.723621,47.128301],[-0.726214,47.127882],[-0.727239,47.1286],[-0.729275,47.128534],[-0.740311,47.130005],[-0.741411,47.129576],[-0.743658,47.127853],[-0.747113,47.127309],[-0.747465,47.126936],[-0.747417,47.127342],[-0.748193,47.127567],[-0.753305,47.128401],[-0.754714,47.126406],[-0.755615,47.126224],[-0.755748,47.127182],[-0.756982,47.128399],[-0.756912,47.128934],[-0.757279,47.129441],[-0.759873,47.130233],[-0.764166,47.130843],[-0.765193,47.13241],[-0.765445,47.134108],[-0.764681,47.137155],[-0.765204,47.138177],[-0.764525,47.140684],[-0.76298,47.14355],[-0.775934,47.142725],[-0.776545,47.14425],[-0.779097,47.143643],[-0.779442,47.143262],[-0.780047,47.143427],[-0.784825,47.142603],[-0.785197,47.146892],[-0.786251,47.146968],[-0.786425,47.1479],[-0.788176,47.149197],[-0.78854,47.149139],[-0.789696,47.147616],[-0.790662,47.148312],[-0.792366,47.147384],[-0.792867,47.147932],[-0.79404,47.147693],[-0.796446,47.14782],[-0.79675,47.150273],[-0.798743,47.152046],[-0.7999,47.151605],[-0.8017,47.153203],[-0.802353,47.157038],[-0.805691,47.156591],[-0.808284,47.157468],[-0.809541,47.156699],[-0.815281,47.155392],[-0.818054,47.154176],[-0.821728,47.15623],[-0.823513,47.15681],[-0.825337,47.156855],[-0.827569,47.153708],[-0.827803,47.152363],[-0.830325,47.152719],[-0.830629,47.151071],[-0.831657,47.150077],[-0.832938,47.15045],[-0.834622,47.150278],[-0.836781,47.150523],[-0.839548,47.149972],[-0.842951,47.150392],[-0.845292,47.151486],[-0.848024,47.151597],[-0.851464,47.152844],[-0.855811,47.152801],[-0.860479,47.151358],[-0.863144,47.151598],[-0.865168,47.153582],[-0.866328,47.154278],[-0.86696,47.155551],[-0.866803,47.156878],[-0.869743,47.15706],[-0.873458,47.1583],[-0.874066,47.158261],[-0.875957,47.159696],[-0.876222,47.159117],[-0.877381,47.158906],[-0.878988,47.159028],[-0.879756,47.159392],[-0.885042,47.158851],[-0.888682,47.160368],[-0.890975,47.160231],[-0.893905,47.161075],[-0.895814,47.161263],[-0.899084,47.160432],[-0.901241,47.160452],[-0.902938,47.161005],[-0.90419,47.160098],[-0.904825,47.161118],[-0.906819,47.161096],[-0.908851,47.160224],[-0.909666,47.161191],[-0.911125,47.164967],[-0.912727,47.164685],[-0.912301,47.163246],[-0.911119,47.161164],[-0.911297,47.160843],[-0.910135,47.159648],[-0.91163,47.159309],[-0.917152,47.159233],[-0.921388,47.16065],[-0.925013,47.162985],[-0.921474,47.163285],[-0.918588,47.166176],[-0.916494,47.167567],[-0.915969,47.16823],[-0.915663,47.169585],[-0.916306,47.16959],[-0.916921,47.168775],[-0.921087,47.169885],[-0.922863,47.170871],[-0.924864,47.171219],[-0.928138,47.172927],[-0.927783,47.173613],[-0.929278,47.17429],[-0.929953,47.175622],[-0.931581,47.176341],[-0.934542,47.178328],[-0.93462,47.178551],[-0.931736,47.180497],[-0.934279,47.18207],[-0.936303,47.183963],[-0.937674,47.18783],[-0.936946,47.190275],[-0.937057,47.191047],[-0.938036,47.191993],[-0.93803,47.192875],[-0.938945,47.193977],[-0.93668,47.193888],[-0.935988,47.19661],[-0.93481,47.196778],[-0.932759,47.199987],[-0.933112,47.200338],[-0.934963,47.200375],[-0.935576,47.197795],[-0.938174,47.197959],[-0.936269,47.200503],[-0.935629,47.200446],[-0.9352,47.200998],[-0.935227,47.201478],[-0.936165,47.201445],[-0.936405,47.201835],[-0.935792,47.20289],[-0.935629,47.204231],[-0.934331,47.205578],[-0.933962,47.207109],[-0.931917,47.209015],[-0.931997,47.209997],[-0.931599,47.210676],[-0.930656,47.211396],[-0.929496,47.212949],[-0.925748,47.210758],[-0.925053,47.210947],[-0.925487,47.211808],[-0.924797,47.212413],[-0.922896,47.212646],[-0.925872,47.214859],[-0.926955,47.216359],[-0.927358,47.218643],[-0.928504,47.219016],[-0.930015,47.218882],[-0.931369,47.220663],[-0.931947,47.220071],[-0.933693,47.221749],[-0.933124,47.222171],[-0.933308,47.223021],[-0.931978,47.223591],[-0.932011,47.224914],[-0.931502,47.226055],[-0.92978,47.22802],[-0.928334,47.228865],[-0.928763,47.229768],[-0.934429,47.232713],[-0.935968,47.232805],[-0.936635,47.232508],[-0.937431,47.232777],[-0.935503,47.234473],[-0.931599,47.234009],[-0.930601,47.234983],[-0.930876,47.236527],[-0.930168,47.237351],[-0.92781,47.238432],[-0.928947,47.239219],[-0.927553,47.24187],[-0.932641,47.24368],[-0.931301,47.244118],[-0.927733,47.246453],[-0.925012,47.246305],[-0.925238,47.246749],[-0.923264,47.247499],[-0.930316,47.253522],[-0.938754,47.252751],[-0.939742,47.253232],[-0.944627,47.253242],[-0.945704,47.253511],[-0.947121,47.254593],[-0.943484,47.255477],[-0.94231,47.256041],[-0.942106,47.256578],[-0.942432,47.257956],[-0.941981,47.258815],[-0.946295,47.258821],[-0.947548,47.259539],[-0.948165,47.260652],[-0.948235,47.261686],[-0.94788,47.263176],[-0.947374,47.263908],[-0.94344,47.265531],[-0.940457,47.267456],[-0.939084,47.266659],[-0.937005,47.266178],[-0.932488,47.26436],[-0.931373,47.264619],[-0.930306,47.265769],[-0.927151,47.267363],[-0.925081,47.267669],[-0.923771,47.268314],[-0.920118,47.269135],[-0.920732,47.270165],[-0.922448,47.271538],[-0.923882,47.274611],[-0.922964,47.274735],[-0.92048,47.270898],[-0.919452,47.269864],[-0.917256,47.270601],[-0.918258,47.272408],[-0.917764,47.272663],[-0.91695,47.2727],[-0.916938,47.271756],[-0.916049,47.27085],[-0.91551,47.27088],[-0.9118,47.271907],[-0.909886,47.273265],[-0.909153,47.272546],[-0.909108,47.271828],[-0.908688,47.271434],[-0.908139,47.271641],[-0.908596,47.271989],[-0.907947,47.273391],[-0.907287,47.27341],[-0.904183,47.271291],[-0.903375,47.272169],[-0.902841,47.272094],[-0.898571,47.270368],[-0.896983,47.270367],[-0.895545,47.269552],[-0.891944,47.272354],[-0.888539,47.271819],[-0.886786,47.272157],[-0.887501,47.269452],[-0.889836,47.266945],[-0.887915,47.26585],[-0.888079,47.265157],[-0.887078,47.264936],[-0.884948,47.267103],[-0.884819,47.270086],[-0.882884,47.271099],[-0.881354,47.268913],[-0.880447,47.268129],[-0.88083,47.266813],[-0.878603,47.266151],[-0.874179,47.265875],[-0.87343,47.266143],[-0.873306,47.268147],[-0.872177,47.268088],[-0.871503,47.26856],[-0.869682,47.267974],[-0.866524,47.268472],[-0.863114,47.268019],[-0.861952,47.269225],[-0.862599,47.271474],[-0.862391,47.273241],[-0.861843,47.274164],[-0.858975,47.275894],[-0.854862,47.277017],[-0.852558,47.277298],[-0.852755,47.276738],[-0.852388,47.276068],[-0.850937,47.275526],[-0.848634,47.275969],[-0.847749,47.275838],[-0.847528,47.27548],[-0.846103,47.27535],[-0.843036,47.275635],[-0.840992,47.274874],[-0.838346,47.274705],[-0.836975,47.274736],[-0.836212,47.27518],[-0.831605,47.274812],[-0.826682,47.275446],[-0.825584,47.274849],[-0.823983,47.27467],[-0.822234,47.275329],[-0.82203,47.275981],[-0.819874,47.277207],[-0.814037,47.278044],[-0.81336,47.278627],[-0.811705,47.279257],[-0.810987,47.278929],[-0.808772,47.278794],[-0.807688,47.279847],[-0.8068,47.280081],[-0.806955,47.280733],[-0.80652,47.280933],[-0.804218,47.281159],[-0.803628,47.280957],[-0.803591,47.280671],[-0.802629,47.280615],[-0.801915,47.281032],[-0.801728,47.280843],[-0.799785,47.281331],[-0.798393,47.281265],[-0.797203,47.282085],[-0.796116,47.282299],[-0.794575,47.281982],[-0.792976,47.283234],[-0.790657,47.284415],[-0.789246,47.284663],[-0.788265,47.284402],[-0.785904,47.285676],[-0.783522,47.28562],[-0.781681,47.28696],[-0.78112,47.286648],[-0.780605,47.286932],[-0.776825,47.286698],[-0.776416,47.287205],[-0.774828,47.287647],[-0.77393,47.288194],[-0.771842,47.291795],[-0.770813,47.292313],[-0.770845,47.293269],[-0.769224,47.294818],[-0.769495,47.295372],[-0.770155,47.295698],[-0.77038,47.296618],[-0.769898,47.298307],[-0.769455,47.298841],[-0.76974,47.300049],[-0.769464,47.301236],[-0.769082,47.301457],[-0.768566,47.304222],[-0.768881,47.304439],[-0.770168,47.303887],[-0.771005,47.304768],[-0.770506,47.305388],[-0.769398,47.305709],[-0.769551,47.307095],[-0.768644,47.308018],[-0.768361,47.306983],[-0.767023,47.306749],[-0.758816,47.308995],[-0.755787,47.310426],[-0.751086,47.310372],[-0.747927,47.310681],[-0.742677,47.312622],[-0.740728,47.312089],[-0.739583,47.311369],[-0.738385,47.313346],[-0.738318,47.31406],[-0.735496,47.313173],[-0.729228,47.315914],[-0.729464,47.315323],[-0.728394,47.314723],[-0.728476,47.313679],[-0.729233,47.3128],[-0.729236,47.312271],[-0.728237,47.31216],[-0.728011,47.311721],[-0.726282,47.311302],[-0.724147,47.311389],[-0.723564,47.312385],[-0.722312,47.312938],[-0.719384,47.313826],[-0.718719,47.313931],[-0.718308,47.313659],[-0.717133,47.313994],[-0.716183,47.313024],[-0.714822,47.310044],[-0.712238,47.31045],[-0.711404,47.309671],[-0.709784,47.309128],[-0.709842,47.308707],[-0.707972,47.308549],[-0.706604,47.307906],[-0.703191,47.307231],[-0.700573,47.304239],[-0.696839,47.302582],[-0.695085,47.299657],[-0.692251,47.29992],[-0.69074,47.296774],[-0.689125,47.296649],[-0.687354,47.295929],[-0.68491,47.2932],[-0.684393,47.29222],[-0.682188,47.292302],[-0.682373,47.292972],[-0.680145,47.292969],[-0.678525,47.288849],[-0.678208,47.286588],[-0.678928,47.286532],[-0.682665,47.284768],[-0.684221,47.280722],[-0.687833,47.276756],[-0.687666,47.27613],[-0.688258,47.27607],[-0.688292,47.275484],[-0.696961,47.27421],[-0.696919,47.273599],[-0.698755,47.273783],[-0.698521,47.272785],[-0.701205,47.27231],[-0.705434,47.269902],[-0.70623,47.269972],[-0.706248,47.269116],[-0.710294,47.268154],[-0.710979,47.267415],[-0.709381,47.264892],[-0.710417,47.264505]]],"type":"Polygon"},"properties":{"id_edu_college":"11","sc_college_nom":"Collège Pierre et Marie Curie","sc_college_adr":"2, rue de l'Union","sc_college_com":"CHEMILLE EN ANJOU","sc_college_com_del":"CHEMILLE","sc_college_tel":"02 41 30 62 18","sc_college_web":"http://pierre-marie-curie.anjou.e-lyco.fr","shape_area":387652469.6813965,"shape_length":129898.91685799557,"geo_point_2d":{"lon":-0.7525814446546931,"lat":47.21249348546474}}},{"type":"Feature","geometry":{"coordinates":[[[-0.392323,47.512625],[-0.388196,47.511846],[-0.386004,47.510594],[-0.383544,47.508932],[-0.383378,47.507299],[-0.381566,47.505541],[-0.378139,47.50496],[-0.376279,47.505054],[-0.376394,47.504845],[-0.373431,47.504425],[-0.368779,47.50455],[-0.368986,47.503478],[-0.367744,47.503425],[-0.36702,47.501712],[-0.36579,47.501306],[-0.362043,47.501217],[-0.362801,47.499448],[-0.362296,47.49883],[-0.360942,47.498168],[-0.36197,47.497807],[-0.361244,47.497422],[-0.362798,47.496265],[-0.363195,47.495429],[-0.362552,47.494852],[-0.361251,47.495786],[-0.359346,47.495932],[-0.35737,47.495594],[-0.358054,47.493622],[-0.35766,47.493052],[-0.358721,47.490917],[-0.35793,47.490357],[-0.358087,47.489662],[-0.357529,47.489333],[-0.356918,47.486375],[-0.354761,47.486696],[-0.351986,47.486654],[-0.351668,47.486106],[-0.349894,47.486582],[-0.346157,47.486339],[-0.344793,47.486096],[-0.342286,47.485042],[-0.339838,47.484733],[-0.33928,47.485474],[-0.337692,47.485343],[-0.337242,47.486257],[-0.336996,47.486242],[-0.336703,47.486127],[-0.337479,47.482329],[-0.337331,47.478408],[-0.33407,47.478472],[-0.334025,47.4767],[-0.331832,47.47667],[-0.327173,47.475647],[-0.321523,47.476042],[-0.320012,47.475012],[-0.31961,47.474112],[-0.315809,47.473518],[-0.31952,47.467767],[-0.326632,47.461751],[-0.328837,47.460538],[-0.329286,47.459957],[-0.329273,47.45908],[-0.328825,47.458769],[-0.329274,47.458468],[-0.329549,47.457249],[-0.329437,47.455934],[-0.327975,47.451049],[-0.328573,47.448797],[-0.329246,47.448823],[-0.328745,47.448444],[-0.332538,47.438978],[-0.336678,47.440891],[-0.342548,47.442993],[-0.345553,47.443759],[-0.348147,47.444014],[-0.351218,47.445339],[-0.351394,47.445789],[-0.352727,47.445168],[-0.35477,47.436604],[-0.3559,47.436354],[-0.359129,47.437212],[-0.362326,47.431511],[-0.365543,47.432591],[-0.370478,47.435106],[-0.371525,47.43644],[-0.372462,47.435974],[-0.373747,47.436612],[-0.373728,47.436267],[-0.375055,47.43678],[-0.379951,47.437649],[-0.380972,47.437686],[-0.383848,47.436893],[-0.387417,47.436966],[-0.38805,47.437644],[-0.389327,47.438074],[-0.389643,47.438798],[-0.393562,47.437554],[-0.395146,47.438051],[-0.397351,47.437463],[-0.397695,47.437008],[-0.398898,47.437144],[-0.399678,47.435794],[-0.402266,47.436022],[-0.402665,47.436425],[-0.403346,47.436191],[-0.406771,47.436528],[-0.409702,47.435554],[-0.410487,47.436345],[-0.415709,47.436448],[-0.417723,47.437946],[-0.419589,47.4377],[-0.420341,47.438505],[-0.420465,47.439396],[-0.421046,47.439493],[-0.421722,47.440223],[-0.426001,47.441336],[-0.427906,47.441218],[-0.432071,47.441618],[-0.435346,47.44131],[-0.445009,47.443223],[-0.446619,47.443099],[-0.448315,47.442391],[-0.449076,47.44317],[-0.448778,47.444744],[-0.446685,47.444553],[-0.445192,47.446125],[-0.446218,47.44651],[-0.445384,47.447459],[-0.444394,47.44753],[-0.442781,47.448735],[-0.438457,47.450653],[-0.441198,47.454306],[-0.442456,47.454144],[-0.442594,47.457064],[-0.446314,47.457257],[-0.445711,47.45955],[-0.44482,47.460714],[-0.444747,47.462093],[-0.44558,47.464756],[-0.44698,47.465718],[-0.447959,47.467858],[-0.450567,47.469354],[-0.452048,47.469844],[-0.452522,47.46938],[-0.45501,47.470398],[-0.455064,47.469509],[-0.457174,47.46969],[-0.456774,47.468822],[-0.458312,47.468446],[-0.458463,47.466408],[-0.462967,47.466283],[-0.461943,47.46519],[-0.463594,47.464813],[-0.464057,47.465397],[-0.465258,47.465104],[-0.465909,47.464064],[-0.467685,47.464086],[-0.46799,47.4635],[-0.467737,47.463334],[-0.467825,47.462559],[-0.470897,47.463109],[-0.472362,47.461447],[-0.473786,47.460464],[-0.48572,47.457161],[-0.489427,47.455527],[-0.49143,47.456037],[-0.490286,47.457082],[-0.490993,47.45734],[-0.491841,47.45826],[-0.492948,47.458558],[-0.493109,47.458235],[-0.501975,47.45936],[-0.503231,47.458617],[-0.503411,47.458186],[-0.502932,47.458087],[-0.503031,47.457702],[-0.503895,47.45686],[-0.505421,47.457477],[-0.511092,47.45877],[-0.513535,47.4588],[-0.515029,47.457977],[-0.51603,47.458336],[-0.516237,47.459719],[-0.51429,47.46195],[-0.516648,47.463086],[-0.519522,47.463698],[-0.519754,47.465256],[-0.519207,47.467204],[-0.52022,47.467482],[-0.51903,47.468384],[-0.519792,47.469037],[-0.518468,47.471919],[-0.517173,47.472994],[-0.516309,47.472669],[-0.515507,47.473152],[-0.515707,47.474655],[-0.514658,47.47804],[-0.512146,47.48296],[-0.513519,47.483752],[-0.508533,47.48925],[-0.507297,47.489902],[-0.501463,47.489061],[-0.497192,47.487508],[-0.490051,47.487409],[-0.487001,47.486936],[-0.476868,47.486748],[-0.472163,47.487294],[-0.466255,47.488498],[-0.4642,47.490118],[-0.461014,47.491858],[-0.458674,47.492606],[-0.458699,47.494417],[-0.456966,47.49571],[-0.457271,47.496112],[-0.456598,47.496173],[-0.456848,47.496559],[-0.455753,47.49697],[-0.455038,47.496603],[-0.453243,47.497899],[-0.453677,47.498309],[-0.449689,47.498886],[-0.44882,47.499852],[-0.446666,47.49903],[-0.446902,47.498499],[-0.445528,47.498262],[-0.440288,47.504739],[-0.439886,47.504557],[-0.436798,47.507495],[-0.439992,47.509324],[-0.439606,47.510212],[-0.440853,47.511258],[-0.441716,47.51116],[-0.441597,47.512036],[-0.440577,47.513406],[-0.439246,47.514049],[-0.439107,47.514855],[-0.43816,47.515298],[-0.436262,47.515221],[-0.436193,47.515866],[-0.430675,47.515819],[-0.43006,47.515464],[-0.428873,47.515786],[-0.426602,47.515513],[-0.426437,47.516002],[-0.424183,47.515241],[-0.424493,47.512651],[-0.425892,47.508851],[-0.426379,47.505873],[-0.42613,47.50586],[-0.426783,47.505162],[-0.42423,47.503515],[-0.422329,47.50398],[-0.421241,47.503566],[-0.419915,47.505182],[-0.418343,47.507988],[-0.417757,47.508344],[-0.417604,47.509481],[-0.418141,47.509674],[-0.416789,47.511087],[-0.414639,47.512302],[-0.413944,47.513602],[-0.411631,47.515226],[-0.411322,47.515911],[-0.410424,47.516053],[-0.409227,47.515126],[-0.409296,47.514855],[-0.408703,47.514769],[-0.407782,47.515159],[-0.406157,47.515208],[-0.40448,47.514549],[-0.404568,47.514306],[-0.402784,47.514158],[-0.400624,47.512907],[-0.396455,47.511478],[-0.395024,47.512826],[-0.392323,47.512625]]],"type":"Polygon"},"properties":{"id_edu_college":"35","sc_college_nom":"Collège La Venaiserie","sc_college_adr":"la Venaiserie","sc_college_com":"SAINT-BARTHELEMY-D'ANJOU","sc_college_com_del":null,"sc_college_tel":"02 41 24 80 10","sc_college_web":"http://venaiserie.anjou.e-lyco.fr","shape_area":79688446.70703125,"shape_length":56337.33146683387,"geo_point_2d":{"lon":-0.410177273855218,"lat":47.47260995923585}}},{"type":"Feature","geometry":{"coordinates":[[[-0.52228,47.482094],[-0.521397,47.479401],[-0.514658,47.47804],[-0.515707,47.474655],[-0.515507,47.473152],[-0.516309,47.472669],[-0.517173,47.472994],[-0.519033,47.471168],[-0.519794,47.468997],[-0.51903,47.468384],[-0.52022,47.467482],[-0.519207,47.467204],[-0.51953,47.46587],[-0.523909,47.466127],[-0.529311,47.467807],[-0.530142,47.467076],[-0.53087,47.4658],[-0.532067,47.466978],[-0.533413,47.466793],[-0.542483,47.469862],[-0.541302,47.471536],[-0.542072,47.471937],[-0.543465,47.471522],[-0.54152,47.474192],[-0.543118,47.475377],[-0.545087,47.476188],[-0.543636,47.478201],[-0.542047,47.479369],[-0.539402,47.48026],[-0.538032,47.479348],[-0.533546,47.478005],[-0.530487,47.47775],[-0.52228,47.482094]]],"type":"Polygon"},"properties":{"id_edu_college":"48","sc_college_nom":"Collège Montaigne","sc_college_adr":"1, rue Cussonneau","sc_college_com":"ANGERS","sc_college_com_del":null,"sc_college_tel":"02 41 31 13 40","sc_college_web":"http://montaigne.anjou.e-lyco.fr","shape_area":2583959.5017089844,"shape_length":7844.385347766984,"geo_point_2d":{"lon":-0.5293121612503427,"lat":47.473564001496804}}},{"type":"Feature","geometry":{"coordinates":[[[-0.196671,47.662728],[-0.195296,47.661704],[-0.196052,47.660634],[-0.195897,47.660192],[-0.194401,47.65962],[-0.196356,47.658196],[-0.195352,47.656806],[-0.195226,47.655231],[-0.196626,47.652238],[-0.196959,47.649651],[-0.19662,47.648969],[-0.192969,47.647893],[-0.193991,47.645426],[-0.195416,47.643794],[-0.196376,47.641858],[-0.198457,47.640082],[-0.198324,47.637953],[-0.199975,47.634733],[-0.199646,47.633286],[-0.198471,47.631308],[-0.197334,47.628354],[-0.198023,47.625843],[-0.197142,47.625577],[-0.193422,47.623046],[-0.19308,47.62314],[-0.190256,47.618738],[-0.188621,47.61718],[-0.190231,47.616767],[-0.191327,47.61345],[-0.191995,47.612849],[-0.192845,47.612761],[-0.194082,47.613157],[-0.194329,47.612683],[-0.196557,47.612763],[-0.198594,47.610913],[-0.201443,47.609816],[-0.204139,47.609675],[-0.209529,47.610089],[-0.215282,47.611185],[-0.217061,47.611879],[-0.219645,47.613737],[-0.222943,47.614995],[-0.226383,47.614169],[-0.228568,47.6145],[-0.233473,47.612034],[-0.237279,47.611962],[-0.237371,47.611557],[-0.23822,47.611342],[-0.250749,47.612383],[-0.268581,47.605618],[-0.271123,47.610567],[-0.271115,47.612087],[-0.264967,47.614117],[-0.25552,47.615747],[-0.250086,47.619218],[-0.263569,47.622433],[-0.264053,47.623295],[-0.272247,47.624905],[-0.273493,47.626104],[-0.273806,47.628014],[-0.275054,47.629361],[-0.277047,47.631091],[-0.280733,47.633086],[-0.28414,47.630944],[-0.283423,47.630491],[-0.282811,47.630629],[-0.282337,47.629934],[-0.282932,47.629463],[-0.281744,47.628823],[-0.281456,47.628992],[-0.281234,47.628607],[-0.281125,47.6282],[-0.28206,47.626905],[-0.281832,47.625013],[-0.284354,47.62405],[-0.286067,47.622249],[-0.287329,47.621705],[-0.287389,47.619886],[-0.290547,47.619181],[-0.293041,47.619578],[-0.296102,47.621961],[-0.297079,47.621703],[-0.298143,47.622299],[-0.299158,47.621362],[-0.297608,47.620772],[-0.298384,47.619365],[-0.299769,47.620166],[-0.300458,47.619616],[-0.300944,47.62018],[-0.303773,47.619586],[-0.304028,47.62072],[-0.305312,47.621461],[-0.314937,47.62417],[-0.317596,47.622294],[-0.318795,47.622882],[-0.318092,47.623319],[-0.320563,47.625174],[-0.320914,47.626163],[-0.322494,47.627845],[-0.325105,47.629876],[-0.326078,47.630003],[-0.327156,47.630647],[-0.32814,47.631938],[-0.329001,47.63224],[-0.330002,47.633582],[-0.332211,47.633305],[-0.33392,47.631927],[-0.338937,47.630153],[-0.341116,47.628274],[-0.34331,47.627385],[-0.345345,47.625451],[-0.348318,47.62443],[-0.355788,47.623126],[-0.356624,47.623377],[-0.3597,47.623288],[-0.361576,47.623686],[-0.365887,47.623716],[-0.368437,47.624926],[-0.369605,47.62643],[-0.371147,47.627616],[-0.376385,47.630609],[-0.379798,47.631601],[-0.383456,47.631603],[-0.387361,47.632589],[-0.386298,47.636649],[-0.386555,47.637617],[-0.384888,47.641424],[-0.384948,47.646545],[-0.384403,47.648578],[-0.384489,47.649481],[-0.383794,47.650322],[-0.383228,47.652058],[-0.382544,47.652209],[-0.38252,47.652751],[-0.382964,47.6531],[-0.382109,47.654621],[-0.382473,47.65588],[-0.381674,47.658441],[-0.383354,47.65866],[-0.383577,47.659301],[-0.384499,47.659116],[-0.386355,47.660136],[-0.386111,47.660583],[-0.386896,47.661644],[-0.389204,47.660663],[-0.39206,47.660268],[-0.398944,47.658504],[-0.4023,47.659005],[-0.403296,47.658719],[-0.404374,47.659373],[-0.407792,47.659713],[-0.408595,47.660228],[-0.409608,47.660148],[-0.411527,47.661667],[-0.413651,47.661269],[-0.413663,47.663026],[-0.417226,47.663042],[-0.418656,47.662242],[-0.421599,47.662547],[-0.422592,47.662216],[-0.423218,47.665806],[-0.423008,47.666867],[-0.421562,47.666902],[-0.421557,47.667167],[-0.422026,47.667269],[-0.421723,47.667993],[-0.422085,47.66809],[-0.421462,47.669473],[-0.419923,47.671163],[-0.41862,47.671056],[-0.417052,47.675188],[-0.417347,47.67588],[-0.420127,47.679189],[-0.424391,47.681771],[-0.424223,47.682224],[-0.424716,47.683047],[-0.425462,47.683549],[-0.437028,47.684412],[-0.439496,47.685407],[-0.438438,47.68636],[-0.437694,47.688034],[-0.437095,47.690092],[-0.437253,47.69126],[-0.439433,47.692882],[-0.44317,47.694896],[-0.444672,47.697528],[-0.446647,47.699413],[-0.446688,47.699896],[-0.449266,47.702656],[-0.449367,47.703661],[-0.448661,47.704442],[-0.442091,47.706974],[-0.439525,47.708513],[-0.437608,47.7107],[-0.436333,47.713564],[-0.436599,47.714957],[-0.439724,47.718356],[-0.444405,47.720541],[-0.445962,47.721813],[-0.446499,47.723607],[-0.44604,47.727309],[-0.44367,47.731721],[-0.431385,47.736118],[-0.430327,47.737108],[-0.428487,47.739959],[-0.425723,47.740837],[-0.425668,47.741562],[-0.422999,47.74348],[-0.422944,47.744906],[-0.421755,47.746115],[-0.420513,47.74612],[-0.426398,47.749636],[-0.426629,47.750885],[-0.427333,47.751531],[-0.427027,47.752731],[-0.42488,47.755286],[-0.423181,47.755934],[-0.42052,47.756229],[-0.414347,47.7565],[-0.409941,47.756008],[-0.408492,47.757684],[-0.407145,47.758425],[-0.40718,47.758985],[-0.407708,47.759545],[-0.407951,47.763774],[-0.40832,47.764605],[-0.40989,47.765334],[-0.410228,47.765981],[-0.410091,47.767676],[-0.410505,47.768567],[-0.410786,47.769037],[-0.41199,47.769597],[-0.412755,47.772259],[-0.415217,47.776823],[-0.415977,47.78018],[-0.415842,47.780937],[-0.413492,47.77981],[-0.410697,47.779214],[-0.408737,47.778374],[-0.407273,47.777327],[-0.407565,47.776391],[-0.404542,47.775912],[-0.404311,47.775423],[-0.400253,47.773665],[-0.398092,47.772372],[-0.396802,47.771066],[-0.393992,47.7702],[-0.392964,47.769556],[-0.389321,47.770291],[-0.386964,47.769698],[-0.38663,47.769922],[-0.384991,47.768484],[-0.384455,47.768406],[-0.383643,47.767412],[-0.383467,47.766367],[-0.381884,47.765367],[-0.382014,47.764296],[-0.38106,47.763175],[-0.382453,47.762372],[-0.382452,47.761031],[-0.382095,47.760583],[-0.38177,47.760727],[-0.380716,47.759913],[-0.377451,47.760881],[-0.375657,47.760736],[-0.374663,47.760176],[-0.375665,47.757217],[-0.376123,47.757242],[-0.376586,47.755309],[-0.377977,47.753091],[-0.380328,47.750886],[-0.380603,47.75109],[-0.381205,47.750288],[-0.380142,47.749996],[-0.378066,47.747657],[-0.373707,47.744821],[-0.372769,47.743607],[-0.373443,47.743208],[-0.373349,47.742152],[-0.374039,47.742318],[-0.374858,47.738964],[-0.367059,47.736838],[-0.363582,47.736855],[-0.362682,47.735716],[-0.361384,47.735184],[-0.359838,47.733886],[-0.3592,47.732936],[-0.357988,47.732248],[-0.356653,47.730605],[-0.357942,47.730186],[-0.357883,47.72984],[-0.358702,47.72958],[-0.358178,47.728482],[-0.358818,47.728369],[-0.358726,47.727775],[-0.359197,47.727628],[-0.358738,47.725907],[-0.360817,47.725391],[-0.35969,47.722698],[-0.36065,47.722486],[-0.36149,47.721817],[-0.363338,47.721887],[-0.362999,47.719721],[-0.364011,47.719536],[-0.363638,47.719169],[-0.364744,47.71853],[-0.364005,47.717882],[-0.365206,47.717215],[-0.365884,47.717588],[-0.365835,47.716229],[-0.364522,47.715913],[-0.364359,47.715138],[-0.362572,47.71506],[-0.362449,47.714489],[-0.359731,47.714929],[-0.352085,47.714054],[-0.351098,47.7149],[-0.347907,47.714746],[-0.347019,47.717901],[-0.343246,47.718045],[-0.343007,47.718458],[-0.340087,47.71843],[-0.33996,47.719031],[-0.335792,47.718643],[-0.335254,47.72062],[-0.333896,47.720584],[-0.333861,47.721105],[-0.333017,47.721094],[-0.33306,47.721561],[-0.330927,47.72158],[-0.330909,47.721868],[-0.330161,47.721877],[-0.326148,47.720344],[-0.325664,47.719751],[-0.320781,47.719136],[-0.319128,47.718603],[-0.313149,47.717639],[-0.30472,47.71666],[-0.296875,47.716791],[-0.296362,47.717399],[-0.291968,47.717082],[-0.290082,47.718311],[-0.285491,47.719509],[-0.281899,47.716991],[-0.281054,47.717294],[-0.279599,47.714564],[-0.277485,47.713526],[-0.274328,47.713759],[-0.274183,47.713085],[-0.272165,47.713545],[-0.2715,47.71423],[-0.270776,47.714454],[-0.267712,47.714609],[-0.266942,47.712865],[-0.264944,47.711641],[-0.263808,47.712443],[-0.261483,47.711582],[-0.25977,47.710062],[-0.259354,47.709271],[-0.258377,47.709074],[-0.257197,47.707242],[-0.25581,47.707408],[-0.252635,47.70701],[-0.250379,47.707318],[-0.24966,47.707734],[-0.244898,47.706915],[-0.242752,47.706925],[-0.240426,47.704815],[-0.239478,47.704391],[-0.234454,47.703409],[-0.233698,47.704054],[-0.233107,47.707493],[-0.231021,47.709186],[-0.230259,47.709324],[-0.226798,47.711474],[-0.224237,47.713468],[-0.222671,47.713592],[-0.219702,47.71544],[-0.219148,47.716547],[-0.218584,47.716959],[-0.214208,47.717765],[-0.213682,47.718143],[-0.213599,47.718966],[-0.210859,47.720406],[-0.209091,47.721947],[-0.208266,47.722434],[-0.205443,47.72259],[-0.203033,47.723827],[-0.202631,47.724195],[-0.202774,47.724886],[-0.202205,47.725191],[-0.199976,47.724741],[-0.19568,47.725191],[-0.194023,47.724245],[-0.193577,47.723402],[-0.193866,47.72295],[-0.193711,47.722154],[-0.193322,47.721708],[-0.190499,47.721026],[-0.186567,47.719007],[-0.185182,47.71577],[-0.184198,47.714753],[-0.176619,47.716333],[-0.175555,47.715888],[-0.174417,47.716472],[-0.173631,47.715218],[-0.173654,47.713503],[-0.181634,47.712964],[-0.183746,47.712459],[-0.183699,47.711886],[-0.182442,47.710645],[-0.181861,47.706215],[-0.183838,47.706426],[-0.188393,47.702171],[-0.188905,47.702201],[-0.19228,47.699985],[-0.194113,47.699533],[-0.197318,47.697431],[-0.20004,47.694919],[-0.204296,47.693661],[-0.205397,47.692723],[-0.206439,47.693396],[-0.209234,47.693773],[-0.209875,47.69353],[-0.215531,47.695948],[-0.220197,47.689623],[-0.21976,47.687889],[-0.216364,47.685409],[-0.216436,47.683875],[-0.216806,47.683535],[-0.216193,47.683366],[-0.215415,47.682045],[-0.215571,47.680954],[-0.212032,47.679889],[-0.210571,47.678549],[-0.209921,47.67835],[-0.207647,47.675893],[-0.206475,47.675281],[-0.206392,47.674673],[-0.207956,47.672939],[-0.208482,47.671525],[-0.206008,47.670726],[-0.201909,47.668115],[-0.199711,47.666034],[-0.199374,47.665127],[-0.196671,47.662728]]],"type":"Polygon"},"properties":{"id_edu_college":"29","sc_college_nom":"Collège Les Roches","sc_college_adr":"27, rue de Bellevue","sc_college_com":"DURTAL","sc_college_com_del":null,"sc_college_tel":"02 41 76 31 97","sc_college_web":"http://les-roches.anjou.e-lyco.fr","shape_area":195839150.3955078,"shape_length":96785.64952499299,"geo_point_2d":{"lon":-0.31685924834332235,"lat":47.68015307363261}}},{"type":"Feature","geometry":{"coordinates":[[[-0.293908,47.400704],[-0.291875,47.40019],[-0.289158,47.402794],[-0.288793,47.402763],[-0.285613,47.40535],[-0.282308,47.406643],[-0.28159,47.407469],[-0.281778,47.408544],[-0.281056,47.409714],[-0.280701,47.411143],[-0.281932,47.411756],[-0.280464,47.412694],[-0.280661,47.413156],[-0.272924,47.415022],[-0.269152,47.417419],[-0.268722,47.419419],[-0.271422,47.421735],[-0.271839,47.423252],[-0.271509,47.424012],[-0.272811,47.424372],[-0.272455,47.42492],[-0.274533,47.426198],[-0.276159,47.426343],[-0.275551,47.427797],[-0.273336,47.430602],[-0.270184,47.432812],[-0.265374,47.437057],[-0.264675,47.438649],[-0.263442,47.439988],[-0.264029,47.440713],[-0.263156,47.441233],[-0.262364,47.440509],[-0.261418,47.438749],[-0.258619,47.437256],[-0.253893,47.437006],[-0.253154,47.436697],[-0.252445,47.435846],[-0.252395,47.435336],[-0.254116,47.432291],[-0.254971,47.429554],[-0.24845,47.423616],[-0.241953,47.420843],[-0.235809,47.42035],[-0.231476,47.419431],[-0.230039,47.418688],[-0.229148,47.417632],[-0.227506,47.416644],[-0.22512,47.415849],[-0.220595,47.415007],[-0.21869,47.413908],[-0.214896,47.410709],[-0.212953,47.408412],[-0.209679,47.406181],[-0.204774,47.401204],[-0.202637,47.400331],[-0.199292,47.399725],[-0.197282,47.398687],[-0.196222,47.397765],[-0.196572,47.396236],[-0.198362,47.391999],[-0.196563,47.388551],[-0.19653,47.387421],[-0.197963,47.385598],[-0.197862,47.383484],[-0.196336,47.380584],[-0.195526,47.37976],[-0.191772,47.377869],[-0.190086,47.376066],[-0.189453,47.373462],[-0.188427,47.370988],[-0.18826,47.368264],[-0.188847,47.365526],[-0.188279,47.36445],[-0.185972,47.362891],[-0.184919,47.359311],[-0.182831,47.357832],[-0.178644,47.357567],[-0.176901,47.357044],[-0.171745,47.354039],[-0.169251,47.353256],[-0.166311,47.350937],[-0.163684,47.349389],[-0.160198,47.348368],[-0.158928,47.346515],[-0.154772,47.345481],[-0.152699,47.343732],[-0.154955,47.340598],[-0.157587,47.339062],[-0.15761,47.338489],[-0.162197,47.335202],[-0.163345,47.332478],[-0.164348,47.331241],[-0.166354,47.329715],[-0.172141,47.326733],[-0.177024,47.321821],[-0.173838,47.320513],[-0.174142,47.319632],[-0.169657,47.319631],[-0.167614,47.320799],[-0.163795,47.319075],[-0.160317,47.316782],[-0.15542,47.314415],[-0.150558,47.310852],[-0.146509,47.30656],[-0.141711,47.302862],[-0.137764,47.298907],[-0.135991,47.298068],[-0.139052,47.295927],[-0.143041,47.295291],[-0.144178,47.294258],[-0.145217,47.292107],[-0.146353,47.291314],[-0.147491,47.291073],[-0.147819,47.291331],[-0.148402,47.290785],[-0.149811,47.290639],[-0.149965,47.290852],[-0.157029,47.287292],[-0.158765,47.28659],[-0.158989,47.28689],[-0.161838,47.285644],[-0.163799,47.284048],[-0.164375,47.284396],[-0.166039,47.283503],[-0.167143,47.283852],[-0.168652,47.283405],[-0.169594,47.283503],[-0.169865,47.283194],[-0.174619,47.284439],[-0.177094,47.283495],[-0.180121,47.285196],[-0.183024,47.285834],[-0.185451,47.28455],[-0.188593,47.287891],[-0.190717,47.287291],[-0.191556,47.288529],[-0.191384,47.289322],[-0.191658,47.289715],[-0.191962,47.289264],[-0.194659,47.28826],[-0.195171,47.287684],[-0.201529,47.287063],[-0.20247,47.286407],[-0.203852,47.28633],[-0.210698,47.283543],[-0.218841,47.282686],[-0.220309,47.280047],[-0.224845,47.276694],[-0.228674,47.275672],[-0.230262,47.274755],[-0.231107,47.273398],[-0.232174,47.272631],[-0.235755,47.271207],[-0.238417,47.269614],[-0.239487,47.273428],[-0.24121,47.275613],[-0.248898,47.279484],[-0.251715,47.279452],[-0.255898,47.280713],[-0.257745,47.28204],[-0.258748,47.282328],[-0.258237,47.28362],[-0.261825,47.283418],[-0.263864,47.28242],[-0.267059,47.282242],[-0.269294,47.283246],[-0.268036,47.284221],[-0.282685,47.288149],[-0.281506,47.292553],[-0.277412,47.291904],[-0.27414,47.294755],[-0.273005,47.296647],[-0.27535,47.299094],[-0.274759,47.29974],[-0.2747,47.300456],[-0.273155,47.30194],[-0.2731,47.302626],[-0.271032,47.305792],[-0.269565,47.30514],[-0.2686,47.305719],[-0.267867,47.305264],[-0.266104,47.308059],[-0.265626,47.309758],[-0.263978,47.312983],[-0.265536,47.314028],[-0.268141,47.31268],[-0.271979,47.313991],[-0.272524,47.312963],[-0.27433,47.313],[-0.276315,47.30902],[-0.280533,47.308027],[-0.283585,47.306631],[-0.286995,47.304866],[-0.289181,47.30298],[-0.289126,47.304612],[-0.288368,47.305606],[-0.288962,47.305525],[-0.294596,47.308644],[-0.295429,47.310011],[-0.298814,47.309491],[-0.30197,47.309983],[-0.307782,47.309844],[-0.310985,47.30996],[-0.311119,47.31023],[-0.318709,47.309804],[-0.324454,47.308954],[-0.330722,47.307446],[-0.331789,47.30669],[-0.330791,47.305991],[-0.331968,47.304409],[-0.333891,47.304784],[-0.334436,47.302198],[-0.333854,47.302183],[-0.333954,47.300851],[-0.338535,47.299471],[-0.340791,47.299182],[-0.343296,47.297981],[-0.346325,47.299489],[-0.349129,47.300354],[-0.352944,47.303243],[-0.354288,47.30249],[-0.362398,47.302619],[-0.363578,47.301737],[-0.364888,47.301683],[-0.367843,47.300715],[-0.368688,47.300918],[-0.369869,47.300682],[-0.372157,47.29932],[-0.374541,47.299737],[-0.374516,47.301694],[-0.375368,47.301712],[-0.375424,47.302001],[-0.373676,47.302346],[-0.373979,47.306225],[-0.370168,47.306506],[-0.368983,47.306973],[-0.368337,47.307499],[-0.368735,47.307987],[-0.365706,47.310844],[-0.366696,47.311908],[-0.3647,47.312541],[-0.362955,47.313637],[-0.362886,47.314051],[-0.361187,47.315711],[-0.359911,47.316519],[-0.359957,47.31764],[-0.358343,47.318695],[-0.358731,47.318937],[-0.358495,47.319319],[-0.358643,47.320675],[-0.358096,47.321821],[-0.358276,47.322642],[-0.359795,47.323994],[-0.360853,47.324009],[-0.362744,47.325996],[-0.363263,47.325796],[-0.364132,47.327573],[-0.363758,47.329177],[-0.364201,47.32956],[-0.362424,47.33076],[-0.362312,47.332579],[-0.361531,47.334515],[-0.360138,47.336138],[-0.359826,47.337038],[-0.35796,47.337607],[-0.351258,47.337615],[-0.345542,47.339414],[-0.341054,47.340108],[-0.334197,47.340164],[-0.332761,47.341496],[-0.329565,47.341948],[-0.330731,47.34312],[-0.331422,47.347988],[-0.332239,47.348403],[-0.332496,47.350054],[-0.33226,47.35334],[-0.329307,47.358831],[-0.328379,47.35882],[-0.328498,47.359465],[-0.327733,47.361242],[-0.326988,47.361157],[-0.326278,47.363039],[-0.325354,47.363792],[-0.324659,47.363529],[-0.319773,47.364015],[-0.321777,47.365043],[-0.321859,47.365806],[-0.322595,47.366887],[-0.325603,47.368019],[-0.325341,47.368482],[-0.329527,47.369761],[-0.330035,47.367599],[-0.335074,47.366894],[-0.337824,47.364455],[-0.340268,47.35969],[-0.339138,47.359475],[-0.340674,47.356663],[-0.342205,47.35547],[-0.340667,47.354512],[-0.343372,47.35239],[-0.345107,47.353171],[-0.348819,47.350271],[-0.350128,47.351216],[-0.350909,47.350527],[-0.356144,47.352276],[-0.35844,47.352397],[-0.360157,47.353706],[-0.362257,47.354381],[-0.365686,47.357629],[-0.368666,47.359641],[-0.371062,47.368571],[-0.369929,47.371693],[-0.370094,47.373432],[-0.368454,47.376384],[-0.367447,47.379685],[-0.367016,47.380163],[-0.363152,47.381976],[-0.362037,47.383111],[-0.361274,47.385321],[-0.360126,47.38733],[-0.361188,47.38965],[-0.360387,47.391639],[-0.356392,47.391241],[-0.355288,47.394361],[-0.355445,47.397291],[-0.355014,47.397276],[-0.354939,47.39632],[-0.349575,47.396737],[-0.349158,47.396653],[-0.34917,47.395872],[-0.345544,47.395641],[-0.344931,47.397785],[-0.343093,47.399259],[-0.342478,47.401686],[-0.341077,47.403823],[-0.340332,47.40652],[-0.345927,47.406601],[-0.350432,47.4079],[-0.35187,47.40878],[-0.352394,47.409643],[-0.351931,47.412072],[-0.33956,47.410214],[-0.331845,47.408444],[-0.325202,47.407938],[-0.304747,47.40526],[-0.296684,47.401448],[-0.293908,47.400704]]],"type":"Polygon"},"properties":{"id_edu_college":"34","sc_college_nom":"Collège Paul Eluard","sc_college_adr":"7, rue du Collège","sc_college_com":"GENNES-VAL DE LOIRE","sc_college_com_del":"GENNES","sc_college_tel":"02 41 51 80 52","sc_college_web":"http://paul-eluard.anjou.e-lyco.fr","shape_area":185093632.18676758,"shape_length":90005.70431401252,"geo_point_2d":{"lon":-0.2592922905341427,"lat":47.348293735495105}}},{"type":"Feature","geometry":{"coordinates":[[[-1.075196,47.774297],[-1.066951,47.773104],[-1.063342,47.773267],[-1.061,47.772748],[-1.051745,47.773665],[-1.047344,47.773628],[-1.046216,47.772965],[-1.041348,47.772342],[-1.041476,47.771165],[-1.041103,47.771077],[-1.041004,47.771481],[-1.040751,47.771452],[-1.040765,47.770981],[-1.039317,47.77072],[-1.03927,47.771791],[-1.040572,47.771915],[-1.040524,47.772232],[-1.038705,47.772074],[-1.036802,47.771151],[-1.03152,47.770602],[-1.02979,47.770785],[-1.02792,47.77436],[-1.025481,47.77321],[-1.024676,47.775026],[-1.027802,47.775504],[-1.027196,47.776816],[-1.025798,47.776476],[-1.025444,47.77735],[-1.023373,47.776983],[-1.023245,47.777326],[-1.022371,47.777197],[-1.022355,47.778274],[-1.01964,47.777778],[-1.019831,47.776493],[-1.020647,47.776597],[-1.020803,47.776015],[-1.019612,47.77567],[-1.019485,47.775969],[-1.018111,47.775713],[-1.018432,47.774823],[-1.019878,47.775267],[-1.02108,47.773937],[-1.022721,47.774332],[-1.023376,47.772633],[-1.018033,47.771313],[-1.018485,47.770695],[-1.018046,47.770491],[-1.015626,47.769695],[-1.014246,47.769635],[-1.014522,47.767517],[-1.013367,47.766898],[-1.009062,47.768079],[-1.006187,47.768321],[-1.00653,47.766849],[-1.007158,47.766432],[-0.999756,47.764272],[-0.990846,47.76424],[-0.984215,47.762594],[-0.981536,47.76162],[-0.978853,47.761795],[-0.978572,47.762222],[-0.978037,47.761553],[-0.975179,47.760063],[-0.973818,47.756421],[-0.973345,47.755846],[-0.970121,47.754667],[-0.968414,47.754804],[-0.968261,47.752502],[-0.963667,47.753307],[-0.959197,47.753204],[-0.957385,47.752872],[-0.957058,47.752307],[-0.955201,47.751067],[-0.948681,47.749522],[-0.945588,47.748335],[-0.940181,47.744934],[-0.939584,47.745596],[-0.938333,47.746088],[-0.937226,47.745759],[-0.937266,47.745278],[-0.935737,47.74465],[-0.936662,47.743958],[-0.934608,47.743064],[-0.933606,47.741188],[-0.931928,47.740178],[-0.93253,47.738722],[-0.931457,47.738067],[-0.932274,47.736858],[-0.931963,47.73631],[-0.933219,47.736115],[-0.933928,47.735183],[-0.935363,47.735502],[-0.935709,47.734328],[-0.936262,47.734019],[-0.936879,47.734392],[-0.938413,47.73191],[-0.939868,47.730637],[-0.939688,47.730076],[-0.94011,47.728977],[-0.941349,47.7289],[-0.940701,47.728214],[-0.940519,47.726307],[-0.937822,47.723751],[-0.938877,47.722604],[-0.942427,47.721921],[-0.943952,47.720727],[-0.951001,47.720716],[-0.952553,47.720878],[-0.953012,47.72123],[-0.953181,47.723438],[-0.957498,47.724029],[-0.959606,47.723553],[-0.960355,47.722693],[-0.96071,47.721882],[-0.959599,47.721928],[-0.959767,47.721145],[-0.964049,47.721938],[-0.962996,47.723615],[-0.964829,47.724057],[-0.964578,47.724496],[-0.967567,47.72506],[-0.968229,47.724121],[-0.967862,47.724071],[-0.968348,47.722509],[-0.969962,47.723136],[-0.9708,47.722379],[-0.969987,47.721525],[-0.972296,47.71823],[-0.97397,47.718681],[-0.975641,47.719937],[-0.977504,47.72032],[-0.979094,47.717292],[-0.976263,47.716329],[-0.979224,47.71437],[-0.979557,47.71368],[-0.979032,47.71028],[-0.978545,47.71007],[-0.979145,47.708919],[-0.981437,47.709372],[-0.982029,47.707488],[-0.984845,47.702994],[-0.98441,47.701977],[-0.983456,47.701593],[-0.987613,47.700466],[-0.987458,47.6985],[-0.987921,47.696747],[-0.98793,47.696471],[-0.984053,47.695417],[-0.985134,47.694009],[-0.981302,47.693437],[-0.980682,47.69482],[-0.979685,47.694631],[-0.981573,47.689739],[-0.982278,47.688802],[-0.981031,47.687772],[-0.980984,47.687199],[-0.978954,47.685021],[-0.980108,47.684258],[-0.980943,47.684566],[-0.982069,47.684251],[-0.983807,47.684573],[-0.98462,47.684256],[-0.986062,47.684304],[-0.986862,47.683842],[-0.990839,47.684379],[-0.99142,47.684861],[-0.994281,47.685543],[-0.997484,47.685869],[-0.99998,47.684509],[-1.00082,47.684508],[-1.000762,47.683103],[-1.001133,47.681835],[-1.000249,47.681608],[-1.000466,47.680802],[-1.001043,47.680533],[-1.001205,47.679658],[-1.001878,47.678735],[-1.00246,47.67869],[-1.002483,47.676048],[-1.003738,47.676293],[-1.004463,47.67513],[-1.005662,47.675425],[-1.005672,47.673854],[-1.006408,47.673725],[-1.007484,47.672031],[-1.006645,47.671195],[-1.007929,47.669937],[-1.006249,47.669584],[-1.006953,47.66827],[-1.00852,47.668003],[-1.009316,47.667345],[-1.010206,47.667414],[-1.010334,47.666081],[-1.008462,47.66567],[-1.008122,47.665374],[-1.008428,47.665424],[-1.008521,47.665091],[-1.006983,47.664619],[-1.006771,47.664279],[-1.006939,47.663682],[-1.006525,47.661863],[-1.005443,47.659163],[-1.005466,47.658902],[-1.008396,47.657433],[-1.007876,47.657333],[-1.007251,47.657834],[-1.00547,47.657237],[-1.004713,47.65644],[-1.004496,47.655717],[-1.003974,47.655679],[-1.003967,47.655378],[-1.004312,47.655307],[-1.003795,47.654225],[-1.004815,47.654123],[-1.005279,47.653034],[-1.003538,47.652803],[-1.00467,47.651203],[-1.006471,47.649841],[-1.00914,47.64702],[-1.011164,47.645668],[-1.011062,47.644983],[-1.009123,47.644487],[-1.008646,47.643998],[-1.00783,47.640312],[-1.006234,47.639111],[-1.00571,47.636961],[-1.007676,47.627635],[-1.006781,47.625871],[-1.006518,47.623617],[-1.006962,47.622867],[-1.009631,47.623759],[-1.010059,47.623002],[-1.010327,47.623102],[-1.010387,47.621629],[-1.01079,47.620523],[-1.012267,47.619699],[-1.012392,47.619281],[-1.013504,47.61953],[-1.01605,47.615827],[-1.017718,47.611548],[-1.014404,47.610954],[-1.015907,47.609397],[-1.016159,47.608138],[-1.017262,47.606001],[-1.019188,47.606139],[-1.020847,47.605314],[-1.021407,47.602764],[-1.023162,47.601026],[-1.024683,47.60004],[-1.025145,47.598854],[-1.025872,47.599381],[-1.027872,47.598709],[-1.029277,47.5993],[-1.030502,47.599086],[-1.032074,47.599434],[-1.033538,47.59913],[-1.033642,47.599514],[-1.034329,47.59944],[-1.034844,47.599896],[-1.035737,47.60185],[-1.036215,47.601846],[-1.036657,47.602366],[-1.04141,47.602586],[-1.043254,47.603352],[-1.047637,47.603273],[-1.049274,47.602489],[-1.049262,47.602095],[-1.049953,47.602071],[-1.049919,47.601749],[-1.050315,47.601611],[-1.051641,47.601852],[-1.052421,47.601553],[-1.058449,47.601418],[-1.059653,47.601772],[-1.060658,47.602551],[-1.060622,47.602848],[-1.064366,47.603401],[-1.067439,47.6046],[-1.071284,47.604575],[-1.0717,47.605267],[-1.073162,47.605835],[-1.078208,47.606721],[-1.081049,47.608768],[-1.082811,47.609207],[-1.0852,47.609249],[-1.090208,47.611383],[-1.091905,47.611452],[-1.091868,47.616081],[-1.096145,47.618065],[-1.096172,47.618909],[-1.098446,47.619273],[-1.098641,47.619719],[-1.100745,47.620664],[-1.103214,47.621009],[-1.104545,47.620745],[-1.108924,47.620914],[-1.114664,47.619691],[-1.120242,47.620528],[-1.123861,47.619215],[-1.126497,47.619284],[-1.128178,47.619715],[-1.129863,47.619338],[-1.133967,47.619148],[-1.135473,47.619427],[-1.137699,47.61908],[-1.137961,47.619614],[-1.137159,47.621006],[-1.137057,47.621776],[-1.138642,47.622963],[-1.138944,47.624189],[-1.141564,47.624592],[-1.142116,47.625845],[-1.142869,47.626491],[-1.145383,47.626987],[-1.147982,47.628053],[-1.148166,47.628684],[-1.149401,47.629428],[-1.149752,47.631471],[-1.150753,47.632264],[-1.151574,47.63249],[-1.151734,47.633107],[-1.152681,47.63367],[-1.153372,47.633498],[-1.157511,47.635589],[-1.157411,47.635978],[-1.158257,47.637166],[-1.158348,47.638082],[-1.158041,47.638892],[-1.157255,47.639123],[-1.156759,47.641099],[-1.15685,47.642278],[-1.156196,47.642906],[-1.155967,47.64562],[-1.156153,47.646425],[-1.157839,47.648759],[-1.157665,47.650486],[-1.157885,47.651074],[-1.158448,47.651843],[-1.159933,47.652851],[-1.159601,47.652961],[-1.160397,47.653532],[-1.161506,47.655044],[-1.160548,47.656997],[-1.160519,47.658926],[-1.15965,47.660423],[-1.160289,47.661258],[-1.164179,47.660048],[-1.166846,47.660058],[-1.16966,47.659297],[-1.174021,47.659751],[-1.176522,47.65927],[-1.176898,47.659935],[-1.174891,47.660805],[-1.170235,47.661936],[-1.169666,47.662403],[-1.170443,47.663573],[-1.172907,47.664061],[-1.173975,47.664782],[-1.17608,47.664736],[-1.177156,47.665029],[-1.182092,47.66426],[-1.181861,47.665043],[-1.180897,47.664935],[-1.180753,47.665805],[-1.180262,47.666114],[-1.180814,47.668282],[-1.182431,47.668005],[-1.182929,47.669475],[-1.181603,47.670398],[-1.181928,47.672571],[-1.181759,47.67429],[-1.18033,47.676554],[-1.180188,47.677143],[-1.180511,47.677378],[-1.179193,47.677862],[-1.178032,47.680298],[-1.17465,47.680818],[-1.174472,47.681468],[-1.173208,47.681799],[-1.176167,47.68397],[-1.177318,47.684188],[-1.177423,47.686273],[-1.17815,47.687178],[-1.178442,47.688849],[-1.177748,47.690311],[-1.175261,47.69244],[-1.174909,47.693582],[-1.175173,47.694908],[-1.174918,47.695137],[-1.17593,47.695895],[-1.179419,47.696332],[-1.184041,47.698297],[-1.1895,47.699167],[-1.189121,47.700484],[-1.188137,47.701728],[-1.181731,47.701288],[-1.181586,47.703503],[-1.182982,47.70445],[-1.184618,47.704987],[-1.186227,47.706149],[-1.192861,47.707223],[-1.194989,47.708028],[-1.194998,47.708633],[-1.196217,47.709901],[-1.19617,47.711208],[-1.19544,47.712265],[-1.195862,47.714468],[-1.196373,47.714803],[-1.196816,47.716044],[-1.195375,47.718405],[-1.195281,47.719376],[-1.194246,47.719463],[-1.195356,47.721805],[-1.196816,47.721207],[-1.199292,47.720767],[-1.202962,47.720489],[-1.205391,47.719367],[-1.206605,47.719262],[-1.207155,47.718821],[-1.209104,47.718681],[-1.212073,47.719208],[-1.215248,47.718904],[-1.218399,47.719796],[-1.21945,47.720386],[-1.222878,47.72114],[-1.225038,47.722045],[-1.227155,47.72221],[-1.229681,47.723122],[-1.237329,47.723446],[-1.242079,47.728205],[-1.243501,47.729263],[-1.246283,47.730492],[-1.248317,47.731994],[-1.249954,47.732031],[-1.252037,47.731448],[-1.25229,47.730949],[-1.2532,47.730674],[-1.254983,47.730745],[-1.255441,47.731158],[-1.254369,47.734576],[-1.25345,47.73645],[-1.254887,47.738],[-1.255387,47.739771],[-1.25556,47.742574],[-1.250609,47.742903],[-1.241727,47.742858],[-1.241113,47.74742],[-1.242597,47.747859],[-1.242782,47.748223],[-1.2408,47.751184],[-1.239562,47.752073],[-1.237694,47.752478],[-1.235757,47.753704],[-1.23519,47.754622],[-1.234165,47.75516],[-1.233845,47.756363],[-1.234301,47.757078],[-1.236873,47.756722],[-1.239547,47.757548],[-1.240072,47.758043],[-1.24051,47.757864],[-1.240521,47.758487],[-1.241184,47.75855],[-1.241255,47.759073],[-1.241985,47.759224],[-1.242471,47.758851],[-1.243354,47.758845],[-1.245338,47.760281],[-1.245597,47.761225],[-1.245286,47.762262],[-1.246423,47.763137],[-1.248541,47.763282],[-1.249911,47.765002],[-1.249389,47.765932],[-1.247911,47.766293],[-1.247288,47.766894],[-1.247496,47.769349],[-1.246959,47.771194],[-1.246899,47.773284],[-1.246601,47.773706],[-1.247002,47.774478],[-1.246905,47.77502],[-1.24646,47.775278],[-1.246514,47.775935],[-1.244357,47.779549],[-1.244541,47.782281],[-1.241294,47.790391],[-1.241659,47.791073],[-1.241359,47.791157],[-1.240768,47.793506],[-1.23764,47.795438],[-1.23652,47.79826],[-1.23723,47.799878],[-1.238359,47.799929],[-1.239282,47.800503],[-1.240199,47.802281],[-1.239626,47.803842],[-1.23982,47.804526],[-1.239363,47.804884],[-1.239435,47.806059],[-1.242644,47.807922],[-1.241642,47.808309],[-1.240036,47.809753],[-1.238248,47.809993],[-1.238113,47.809817],[-1.238777,47.809463],[-1.237901,47.809122],[-1.237141,47.808327],[-1.235818,47.808701],[-1.234599,47.808712],[-1.233794,47.808317],[-1.232084,47.808547],[-1.230407,47.808052],[-1.229632,47.807163],[-1.226143,47.805351],[-1.218143,47.80367],[-1.215467,47.803582],[-1.213711,47.802965],[-1.213145,47.80119],[-1.211277,47.800577],[-1.211078,47.79987],[-1.209686,47.799014],[-1.211693,47.796727],[-1.208751,47.796223],[-1.20617,47.795238],[-1.203566,47.795577],[-1.201535,47.795296],[-1.196955,47.795313],[-1.196138,47.793561],[-1.194809,47.791916],[-1.193079,47.788859],[-1.193319,47.785847],[-1.186232,47.784927],[-1.177964,47.784665],[-1.178156,47.783868],[-1.170705,47.782833],[-1.171105,47.779272],[-1.164592,47.778821],[-1.160679,47.778914],[-1.153155,47.778233],[-1.149143,47.775266],[-1.144042,47.774533],[-1.140378,47.774884],[-1.137098,47.775357],[-1.137932,47.778461],[-1.13846,47.778883],[-1.138478,47.77957],[-1.139563,47.782091],[-1.138166,47.782507],[-1.137072,47.782208],[-1.137134,47.782591],[-1.136409,47.782403],[-1.132582,47.783799],[-1.130935,47.78368],[-1.124725,47.784205],[-1.116005,47.783387],[-1.108115,47.781847],[-1.104379,47.782397],[-1.09623,47.781545],[-1.093392,47.782026],[-1.092685,47.781353],[-1.091033,47.780975],[-1.089973,47.780375],[-1.089753,47.779256],[-1.086447,47.777834],[-1.086109,47.777475],[-1.086717,47.776147],[-1.084931,47.776071],[-1.080795,47.774745],[-1.075196,47.774297]]],"type":"Polygon"},"properties":{"id_edu_college":"24","sc_college_nom":"Collège Philippe Cousteau","sc_college_adr":"route de Craon","sc_college_com":"OMBREE D'ANJOU","sc_college_com_del":"POUANCE","sc_college_tel":"02 41 92 43 77","sc_college_web":"www.cousteau.e-lyco.fr","shape_area":299359677.29345703,"shape_length":108136.1292532141,"geo_point_2d":{"lon":-1.0971467229068694,"lat":47.70895638299816}}},{"type":"Feature","geometry":{"coordinates":[[[-0.632976,47.522901],[-0.632224,47.521989],[-0.631192,47.5231],[-0.629495,47.522213],[-0.626714,47.522384],[-0.626199,47.523031],[-0.624139,47.521708],[-0.623212,47.522331],[-0.618318,47.521075],[-0.61762,47.521968],[-0.615075,47.523574],[-0.610641,47.520779],[-0.609203,47.522107],[-0.608252,47.522372],[-0.605723,47.522196],[-0.601945,47.523158],[-0.599783,47.522409],[-0.597706,47.523268],[-0.597269,47.524188],[-0.594129,47.524408],[-0.593198,47.523112],[-0.59016,47.524378],[-0.590524,47.525196],[-0.585217,47.525838],[-0.584298,47.527271],[-0.585037,47.52761],[-0.584408,47.528853],[-0.588891,47.529232],[-0.588717,47.530394],[-0.587755,47.530403],[-0.587736,47.530952],[-0.587227,47.531062],[-0.587573,47.532505],[-0.589071,47.532358],[-0.58909,47.533015],[-0.584592,47.53328],[-0.585184,47.534493],[-0.5851,47.535566],[-0.587988,47.535947],[-0.590787,47.535423],[-0.592528,47.538485],[-0.593771,47.538868],[-0.596236,47.540335],[-0.596455,47.541593],[-0.595544,47.543362],[-0.596115,47.543457],[-0.595864,47.544338],[-0.593949,47.546595],[-0.593021,47.547024],[-0.593793,47.547584],[-0.591123,47.550946],[-0.590307,47.550723],[-0.587563,47.554171],[-0.583686,47.557436],[-0.584717,47.559591],[-0.583046,47.561247],[-0.577509,47.55536],[-0.576935,47.556522],[-0.577182,47.558287],[-0.575736,47.561459],[-0.57423,47.561114],[-0.571667,47.563403],[-0.568991,47.564977],[-0.568001,47.565967],[-0.565005,47.564974],[-0.563221,47.564674],[-0.562948,47.56497],[-0.562058,47.564375],[-0.56134,47.564365],[-0.560725,47.564058],[-0.561118,47.563715],[-0.56102,47.563384],[-0.558621,47.56178],[-0.556744,47.559685],[-0.554944,47.55918],[-0.552811,47.559236],[-0.551195,47.55804],[-0.552092,47.557611],[-0.55153,47.556963],[-0.549235,47.555487],[-0.550539,47.554405],[-0.544259,47.550073],[-0.545668,47.549965],[-0.546512,47.549474],[-0.548172,47.546927],[-0.548769,47.545213],[-0.548837,47.541558],[-0.548085,47.538685],[-0.54847,47.536105],[-0.547259,47.533864],[-0.546089,47.532869],[-0.542735,47.531043],[-0.541716,47.530653],[-0.540513,47.530683],[-0.536173,47.529352],[-0.534042,47.528128],[-0.532395,47.527809],[-0.530585,47.526392],[-0.532418,47.525921],[-0.535231,47.523958],[-0.537313,47.521646],[-0.53879,47.519023],[-0.540069,47.518112],[-0.541984,47.517452],[-0.547581,47.51689],[-0.551895,47.517009],[-0.557967,47.517859],[-0.56203,47.518749],[-0.563177,47.519466],[-0.56379,47.51937],[-0.563852,47.516789],[-0.563005,47.514603],[-0.569374,47.514045],[-0.569548,47.512195],[-0.566182,47.506235],[-0.567597,47.506456],[-0.571107,47.504032],[-0.573844,47.503766],[-0.574524,47.503217],[-0.57412,47.500985],[-0.574466,47.501115],[-0.574471,47.500554],[-0.574216,47.500486],[-0.577648,47.492657],[-0.57717,47.492058],[-0.577629,47.491293],[-0.578893,47.490789],[-0.579832,47.489843],[-0.579868,47.489243],[-0.582441,47.485438],[-0.582718,47.48439],[-0.580592,47.482922],[-0.581622,47.48093],[-0.582132,47.480833],[-0.583256,47.48096],[-0.583117,47.481297],[-0.586012,47.481842],[-0.586566,47.482408],[-0.587325,47.482609],[-0.600245,47.483705],[-0.599958,47.48574],[-0.600293,47.486232],[-0.601291,47.486466],[-0.604048,47.486171],[-0.606049,47.486673],[-0.60774,47.487573],[-0.6077,47.488592],[-0.609931,47.488861],[-0.609497,47.489446],[-0.614717,47.490907],[-0.614218,47.491982],[-0.615328,47.493951],[-0.617596,47.495077],[-0.619918,47.495705],[-0.620277,47.495169],[-0.622575,47.494759],[-0.628307,47.496919],[-0.627517,47.498563],[-0.629005,47.498661],[-0.629497,47.499077],[-0.629252,47.499435],[-0.6302,47.499583],[-0.630193,47.499918],[-0.63081,47.499785],[-0.631018,47.500192],[-0.63185,47.50044],[-0.632893,47.500029],[-0.633056,47.500479],[-0.634427,47.500762],[-0.634242,47.500311],[-0.634768,47.500167],[-0.635245,47.500335],[-0.635136,47.500674],[-0.635736,47.50082],[-0.636563,47.500403],[-0.637037,47.50065],[-0.637399,47.500234],[-0.638129,47.500287],[-0.638401,47.500682],[-0.63956,47.500402],[-0.640436,47.501105],[-0.640471,47.501454],[-0.642096,47.501851],[-0.642477,47.500691],[-0.645748,47.498926],[-0.644345,47.498617],[-0.645258,47.49722],[-0.645252,47.496393],[-0.64779,47.496606],[-0.652999,47.499002],[-0.654239,47.498673],[-0.65468,47.499299],[-0.656001,47.498275],[-0.657615,47.498912],[-0.658627,47.498027],[-0.659448,47.499067],[-0.659521,47.49989],[-0.662171,47.497504],[-0.663162,47.497621],[-0.669626,47.500138],[-0.670784,47.498796],[-0.671122,47.498952],[-0.6714,47.498609],[-0.673377,47.499085],[-0.672661,47.499478],[-0.672211,47.500668],[-0.677711,47.50389],[-0.678496,47.504973],[-0.681152,47.507057],[-0.682103,47.507386],[-0.68299,47.504494],[-0.685136,47.504404],[-0.685984,47.506626],[-0.683671,47.506566],[-0.683283,47.507782],[-0.682744,47.507581],[-0.681757,47.508467],[-0.681904,47.508814],[-0.683119,47.509382],[-0.684968,47.508285],[-0.687858,47.508829],[-0.68946,47.50661],[-0.69132,47.507231],[-0.690631,47.50823],[-0.693262,47.508693],[-0.694617,47.506911],[-0.699714,47.510844],[-0.699398,47.511332],[-0.697327,47.510807],[-0.697102,47.511734],[-0.699356,47.512627],[-0.699239,47.512886],[-0.701088,47.513388],[-0.699138,47.513115],[-0.698649,47.513992],[-0.700016,47.51425],[-0.699761,47.514857],[-0.701361,47.515006],[-0.702634,47.513334],[-0.704629,47.5134],[-0.707314,47.514686],[-0.705868,47.5158],[-0.708497,47.516282],[-0.708228,47.517009],[-0.708351,47.517936],[-0.712924,47.517775],[-0.713086,47.519102],[-0.713601,47.51982],[-0.713343,47.520758],[-0.714042,47.520811],[-0.712449,47.522533],[-0.710541,47.522144],[-0.710185,47.52315],[-0.711507,47.523405],[-0.710432,47.524741],[-0.708679,47.525926],[-0.7112,47.526462],[-0.710708,47.527233],[-0.708781,47.526798],[-0.708324,47.527112],[-0.708018,47.527937],[-0.707349,47.527885],[-0.706884,47.528899],[-0.708762,47.529649],[-0.708356,47.530771],[-0.709266,47.531941],[-0.705261,47.532184],[-0.705061,47.532938],[-0.703736,47.534532],[-0.705238,47.534912],[-0.704257,47.537005],[-0.706293,47.537784],[-0.707942,47.53707],[-0.709351,47.537942],[-0.709424,47.538712],[-0.709929,47.538887],[-0.709766,47.539727],[-0.709292,47.539717],[-0.709182,47.540467],[-0.709716,47.540838],[-0.709725,47.541684],[-0.709141,47.541748],[-0.708043,47.54302],[-0.706012,47.543815],[-0.707948,47.544174],[-0.707833,47.544792],[-0.702822,47.545584],[-0.705772,47.547815],[-0.703552,47.549948],[-0.702893,47.550017],[-0.702532,47.551091],[-0.696335,47.547806],[-0.695462,47.548949],[-0.694797,47.548723],[-0.694917,47.548395],[-0.694644,47.548322],[-0.695202,47.547326],[-0.69452,47.547081],[-0.694964,47.546053],[-0.692763,47.545445],[-0.692341,47.546748],[-0.69143,47.5465],[-0.691747,47.54504],[-0.688852,47.544388],[-0.688172,47.545628],[-0.684683,47.544484],[-0.685223,47.543429],[-0.683993,47.543049],[-0.685658,47.540479],[-0.681889,47.539959],[-0.681332,47.540272],[-0.680698,47.541504],[-0.679741,47.541252],[-0.679941,47.540611],[-0.678353,47.540233],[-0.67819,47.541086],[-0.676756,47.541135],[-0.675545,47.540583],[-0.675047,47.540547],[-0.675,47.540964],[-0.674597,47.540941],[-0.667502,47.539799],[-0.66747,47.538517],[-0.666282,47.538699],[-0.666473,47.536797],[-0.665035,47.537049],[-0.665187,47.535519],[-0.664134,47.535488],[-0.664048,47.537209],[-0.662503,47.536781],[-0.661561,47.537443],[-0.661322,47.538789],[-0.658009,47.53827],[-0.65734,47.539862],[-0.651991,47.539387],[-0.647656,47.538011],[-0.640316,47.536734],[-0.642284,47.533708],[-0.644425,47.531626],[-0.643048,47.529992],[-0.642186,47.530711],[-0.641149,47.533321],[-0.639409,47.533275],[-0.638008,47.533757],[-0.634789,47.532575],[-0.635152,47.532343],[-0.632661,47.53078],[-0.633576,47.52971],[-0.632432,47.528283],[-0.632335,47.526821],[-0.632952,47.526312],[-0.631979,47.525503],[-0.632185,47.525282],[-0.631212,47.524903],[-0.631077,47.524517],[-0.632976,47.522901]]],"type":"Polygon"},"properties":{"id_edu_college":"44","sc_college_nom":"Collège Clément Janequin","sc_college_adr":"1, avenue Pompidou","sc_college_com":"AVRILLE","sc_college_com_del":null,"sc_college_tel":"02 41 69 23 05","sc_college_web":"http://clement-janequin.anjou.e-lyco.fr","shape_area":56459016.74511719,"shape_length":63620.551829879296,"geo_point_2d":{"lon":-0.6200363100231556,"lat":47.52187216626557}}},{"type":"Feature","geometry":{"coordinates":[[[-0.989745,47.065422],[-0.991817,47.066156],[-0.99312,47.066001],[-0.99767,47.06369],[-1.000884,47.065347],[-1.001474,47.067],[-1.003341,47.068531],[-1.004504,47.069043],[-1.005443,47.069051],[-1.005989,47.068531],[-1.005217,47.067586],[-1.005174,47.06712],[-1.005487,47.066876],[-1.008602,47.067782],[-1.010489,47.067981],[-1.012729,47.070102],[-1.013994,47.072374],[-1.014052,47.073443],[-1.014976,47.074774],[-1.016261,47.075023],[-1.015416,47.075495],[-1.014454,47.075277],[-1.013411,47.075481],[-1.013547,47.076173],[-1.012482,47.076852],[-1.012071,47.07765],[-1.00974,47.078532],[-1.008233,47.080038],[-1.004834,47.080101],[-1.003261,47.081846],[-1.001639,47.082483],[-0.996554,47.083192],[-0.99665,47.083873],[-0.997484,47.083966],[-0.998069,47.085131],[-0.997505,47.086696],[-0.998496,47.088622],[-0.997895,47.09084],[-0.993369,47.089569],[-0.99311,47.089019],[-0.9921,47.09038],[-0.990822,47.090295],[-0.989408,47.091092],[-0.984779,47.094839],[-0.983987,47.095096],[-0.983356,47.09493],[-0.981501,47.096255],[-0.979903,47.096908],[-0.978438,47.100071],[-0.969109,47.101294],[-0.969335,47.101652],[-0.966329,47.104755],[-0.96872,47.105441],[-0.970221,47.106302],[-0.970367,47.106898],[-0.968763,47.107958],[-0.967849,47.107754],[-0.96705,47.108872],[-0.967254,47.109873],[-0.966253,47.11061],[-0.965696,47.112247],[-0.964548,47.114124],[-0.964576,47.115293],[-0.965263,47.115767],[-0.964501,47.116207],[-0.961567,47.11614],[-0.958893,47.115652],[-0.957807,47.114632],[-0.953607,47.114428],[-0.950936,47.115496],[-0.949882,47.117637],[-0.946038,47.119935],[-0.945364,47.119435],[-0.943696,47.119453],[-0.943941,47.119087],[-0.943398,47.11911],[-0.942943,47.118678],[-0.945889,47.116767],[-0.943379,47.116497],[-0.946557,47.114183],[-0.951398,47.111856],[-0.950803,47.110184],[-0.952139,47.109909],[-0.951729,47.108922],[-0.950439,47.10879],[-0.950167,47.11035],[-0.949427,47.110803],[-0.948722,47.112031],[-0.946989,47.111179],[-0.947484,47.110818],[-0.946963,47.110374],[-0.947908,47.108652],[-0.93866,47.108176],[-0.939734,47.106565],[-0.934469,47.104446],[-0.934619,47.102811],[-0.933156,47.102084],[-0.935811,47.099545],[-0.934882,47.098081],[-0.933259,47.097195],[-0.932161,47.098913],[-0.929895,47.09817],[-0.929306,47.096557],[-0.929697,47.096145],[-0.926726,47.09527],[-0.926592,47.09432],[-0.916397,47.092629],[-0.914537,47.090553],[-0.911227,47.08829],[-0.911323,47.086511],[-0.910913,47.085591],[-0.908213,47.082935],[-0.91023,47.079409],[-0.910059,47.078695],[-0.910919,47.076034],[-0.911923,47.075789],[-0.914078,47.075927],[-0.923401,47.078606],[-0.924045,47.075677],[-0.925085,47.074439],[-0.926371,47.073713],[-0.92846,47.071629],[-0.929024,47.068097],[-0.929593,47.067651],[-0.924934,47.067188],[-0.924623,47.06685],[-0.924326,47.065049],[-0.925345,47.065126],[-0.925813,47.063491],[-0.925183,47.063247],[-0.925195,47.062638],[-0.924284,47.061092],[-0.924948,47.060065],[-0.926705,47.060584],[-0.926409,47.063114],[-0.927352,47.063475],[-0.928851,47.063501],[-0.929644,47.061856],[-0.932756,47.062089],[-0.933131,47.060125],[-0.906156,47.058913],[-0.89105,47.061229],[-0.888767,47.05838],[-0.887798,47.057787],[-0.890441,47.053325],[-0.891024,47.050062],[-0.934658,47.008674],[-0.934022,47.008172],[-0.935539,47.007348],[-0.934844,47.005633],[-0.936462,47.005257],[-0.936367,47.004668],[-0.937296,47.003048],[-0.938529,47.0034],[-0.938673,47.002401],[-0.939634,47.002783],[-0.939812,47.002193],[-0.940348,47.002647],[-0.940278,47.003189],[-0.941698,47.00358],[-0.943366,47.000604],[-0.944733,46.999796],[-0.944993,46.998988],[-0.945861,46.999043],[-0.947166,46.999717],[-0.948438,47.001507],[-0.947948,47.002407],[-0.948136,47.003073],[-0.947611,47.003399],[-0.948897,47.00394],[-0.948911,47.00336],[-0.952084,47.002668],[-0.953181,47.001709],[-0.953334,47.000764],[-0.95504,46.999919],[-0.955661,46.99757],[-0.954756,46.995966],[-0.956737,46.996404],[-0.958285,46.99543],[-0.957369,46.99515],[-0.957388,46.994887],[-0.959511,46.995151],[-0.960803,46.994723],[-0.960874,46.995261],[-0.959851,46.995287],[-0.960264,46.99571],[-0.962158,46.995809],[-0.961741,46.997277],[-0.962256,46.997434],[-0.962497,46.996568],[-0.963159,46.996458],[-0.964354,46.997292],[-0.963447,46.998099],[-0.964984,46.999584],[-0.963101,47.00063],[-0.963229,47.001985],[-0.964014,47.003068],[-0.965473,47.003277],[-0.966535,47.002838],[-0.968005,47.004208],[-0.967052,47.005199],[-0.965982,47.004729],[-0.966467,47.005599],[-0.968678,47.006687],[-0.967816,47.007355],[-0.96861,47.007782],[-0.970504,47.007588],[-0.972909,47.009056],[-0.973483,47.008101],[-0.975229,47.008652],[-0.974932,47.010525],[-0.974088,47.010915],[-0.973166,47.012531],[-0.975314,47.013218],[-0.973361,47.016124],[-0.97408,47.016586],[-0.975663,47.01687],[-0.976156,47.018317],[-0.977622,47.01885],[-0.981845,47.018147],[-0.981502,47.017046],[-0.982825,47.016521],[-0.982976,47.016083],[-0.982666,47.015791],[-0.980279,47.014309],[-0.981258,47.013449],[-0.980527,47.013364],[-0.980506,47.013064],[-0.981683,47.011811],[-0.982174,47.010593],[-0.986383,47.012421],[-0.995514,47.017676],[-0.99619,47.018469],[-0.999529,47.020687],[-1.002179,47.02152],[-1.002745,47.020066],[-1.006332,47.017472],[-1.007261,47.017172],[-1.007676,47.016042],[-1.007358,47.015225],[-1.006737,47.01481],[-1.00645,47.013029],[-1.011681,47.009634],[-1.012078,47.008613],[-1.011954,47.007569],[-1.014286,47.005874],[-1.014515,47.005167],[-1.016303,47.003558],[-1.017981,47.00493],[-1.019236,47.0052],[-1.021765,47.004837],[-1.022667,47.00409],[-1.023447,47.003969],[-1.027746,47.003939],[-1.028846,47.004478],[-1.032461,47.005115],[-1.035929,47.004355],[-1.038672,47.005238],[-1.038749,47.006262],[-1.039668,47.006587],[-1.041277,47.006276],[-1.042643,47.004515],[-1.043656,47.004309],[-1.046899,47.005194],[-1.047308,47.006999],[-1.047761,47.007258],[-1.050255,47.006237],[-1.050539,47.005448],[-1.051238,47.004927],[-1.054643,47.004386],[-1.055167,47.004546],[-1.055638,47.006122],[-1.056535,47.00738],[-1.05973,47.008998],[-1.062129,47.00898],[-1.063293,47.007897],[-1.064069,47.008009],[-1.064291,47.008749],[-1.063792,47.008966],[-1.06384,47.009509],[-1.06607,47.012525],[-1.066757,47.013039],[-1.068535,47.012943],[-1.070119,47.012194],[-1.071511,47.011072],[-1.071738,47.009684],[-1.072254,47.009089],[-1.073168,47.008545],[-1.074294,47.008476],[-1.076128,47.009273],[-1.078308,47.010789],[-1.080045,47.011456],[-1.081488,47.01329],[-1.082714,47.013324],[-1.083747,47.012026],[-1.085032,47.011768],[-1.086857,47.012608],[-1.089042,47.014462],[-1.091589,47.015558],[-1.090047,47.016203],[-1.087375,47.016471],[-1.086169,47.017483],[-1.085009,47.017842],[-1.084138,47.018703],[-1.083152,47.01801],[-1.081936,47.018747],[-1.080969,47.020964],[-1.08004,47.02104],[-1.079182,47.020536],[-1.078566,47.020894],[-1.075289,47.021321],[-1.074404,47.022296],[-1.072847,47.023156],[-1.071446,47.023301],[-1.071838,47.024369],[-1.070844,47.024874],[-1.070634,47.024637],[-1.069996,47.024853],[-1.069694,47.025188],[-1.06956,47.02555],[-1.070085,47.026782],[-1.068757,47.028056],[-1.0684,47.030363],[-1.067558,47.031128],[-1.068319,47.032218],[-1.068168,47.03261],[-1.06948,47.03397],[-1.069087,47.034958],[-1.069568,47.035788],[-1.069299,47.037005],[-1.069846,47.037735],[-1.068471,47.038582],[-1.068453,47.039169],[-1.067643,47.039787],[-1.06748,47.040616],[-1.0666,47.041316],[-1.066606,47.041916],[-1.065978,47.042439],[-1.065507,47.042413],[-1.065281,47.043484],[-1.065683,47.044244],[-1.06558,47.045083],[-1.062372,47.045481],[-1.06079,47.046291],[-1.059559,47.047607],[-1.057833,47.047881],[-1.054426,47.050414],[-1.053408,47.050935],[-1.052465,47.050853],[-1.05126,47.05158],[-1.049123,47.051529],[-1.046136,47.050767],[-1.045437,47.050873],[-1.044766,47.051823],[-1.043862,47.052359],[-1.041899,47.051018],[-1.041309,47.050274],[-1.040363,47.048076],[-1.040996,47.047222],[-1.039456,47.046614],[-1.038956,47.045773],[-1.036646,47.04498],[-1.033921,47.044428],[-1.031666,47.045682],[-1.028526,47.046577],[-1.028338,47.043193],[-1.023855,47.042567],[-1.023727,47.044304],[-1.022619,47.044506],[-1.020078,47.042246],[-1.020713,47.0395],[-1.020335,47.038904],[-1.019544,47.039165],[-1.018823,47.038146],[-1.020219,47.0374],[-1.01662,47.035581],[-1.01391,47.035146],[-1.011849,47.034329],[-1.011117,47.034892],[-1.012478,47.036518],[-1.011967,47.037263],[-1.010869,47.037089],[-1.010507,47.036397],[-1.008813,47.037094],[-1.005892,47.034645],[-1.004525,47.03398],[-1.003499,47.034155],[-0.99911,47.036608],[-0.99699,47.036703],[-0.993828,47.037768],[-0.991507,47.037109],[-0.989655,47.037268],[-0.989196,47.037731],[-0.987552,47.038136],[-0.986283,47.037956],[-0.985879,47.03888],[-0.98509,47.039421],[-0.984562,47.03901],[-0.983277,47.038857],[-0.97914,47.040221],[-0.977656,47.041078],[-0.977304,47.041809],[-0.976439,47.042312],[-0.974576,47.042266],[-0.974064,47.042782],[-0.974382,47.043746],[-0.973811,47.043926],[-0.973998,47.044189],[-0.973353,47.044678],[-0.972612,47.046973],[-0.971039,47.047712],[-0.970292,47.048722],[-0.970983,47.050796],[-0.971753,47.051653],[-0.973015,47.05209],[-0.972975,47.052778],[-0.973872,47.053612],[-0.974008,47.0546],[-0.974373,47.055021],[-0.975215,47.055203],[-0.975565,47.05583],[-0.976192,47.055757],[-0.976504,47.056181],[-0.977542,47.056392],[-0.978634,47.055592],[-0.979587,47.056385],[-0.981574,47.057099],[-0.981434,47.057407],[-0.982023,47.057551],[-0.98199,47.058033],[-0.982898,47.058459],[-0.982737,47.060772],[-0.983486,47.061327],[-0.984267,47.061292],[-0.986284,47.062285],[-0.988428,47.062524],[-0.988332,47.063654],[-0.989082,47.063802],[-0.98878,47.064093],[-0.989566,47.064548],[-0.989745,47.065422]]],"type":"Polygon"},"properties":{"id_edu_college":"3","sc_college_nom":"Collège Trémolières","sc_college_adr":"18, rue de Chenonceaux","sc_college_com":"CHOLET","sc_college_com_del":null,"sc_college_tel":"02 41 65 08 50","sc_college_web":"http://tremolieres.anjou.e-lyco.fr","shape_area":87497802.09838867,"shape_length":81831.8421066233,"geo_point_2d":{"lon":-0.9750711715907124,"lat":47.048223536748466}}},{"type":"Feature","geometry":{"coordinates":[[[[-0.743705,47.082048],[-0.742817,47.081582],[-0.742656,47.080631],[-0.743741,47.077295],[-0.74353,47.077087],[-0.741323,47.075916],[-0.740139,47.074918],[-0.737618,47.073777],[-0.736457,47.073565],[-0.733559,47.074086],[-0.731774,47.073533],[-0.731332,47.071119],[-0.729448,47.070619],[-0.725699,47.068674],[-0.725139,47.068152],[-0.724893,47.066144],[-0.725225,47.065706],[-0.727209,47.065567],[-0.729198,47.065945],[-0.731935,47.065178],[-0.732561,47.06379],[-0.73364,47.063085],[-0.733823,47.062094],[-0.735601,47.060602],[-0.735937,47.059904],[-0.737533,47.059223],[-0.737187,47.057178],[-0.735288,47.055423],[-0.734874,47.054659],[-0.734449,47.051461],[-0.738161,47.051166],[-0.740936,47.051897],[-0.74189,47.051817],[-0.747734,47.048312],[-0.749756,47.044452],[-0.749876,47.041471],[-0.747394,47.042092],[-0.746778,47.042768],[-0.744698,47.042353],[-0.744507,47.041582],[-0.74811,47.038413],[-0.749827,47.038127],[-0.750077,47.037885],[-0.750046,47.036973],[-0.751162,47.035585],[-0.75254,47.037302],[-0.755527,47.039168],[-0.756838,47.040775],[-0.758321,47.040728],[-0.758322,47.040044],[-0.760567,47.040571],[-0.760919,47.039643],[-0.762698,47.039981],[-0.763618,47.040853],[-0.76392,47.040755],[-0.763461,47.040218],[-0.764967,47.03981],[-0.765536,47.040216],[-0.766205,47.039949],[-0.766566,47.040756],[-0.768454,47.040026],[-0.77286,47.037312],[-0.773862,47.038015],[-0.775631,47.041087],[-0.777127,47.041861],[-0.777827,47.042578],[-0.780372,47.042909],[-0.782337,47.043851],[-0.785027,47.044214],[-0.785013,47.043613],[-0.786029,47.042803],[-0.790437,47.043465],[-0.794932,47.043269],[-0.794397,47.045485],[-0.793813,47.045392],[-0.793298,47.0458],[-0.792911,47.045417],[-0.791848,47.045339],[-0.791899,47.04563],[-0.791495,47.045635],[-0.791907,47.046143],[-0.791557,47.047034],[-0.789377,47.047433],[-0.788813,47.047901],[-0.787569,47.047512],[-0.78632,47.047981],[-0.786193,47.04904],[-0.784817,47.050655],[-0.78481,47.05189],[-0.784078,47.052509],[-0.784172,47.053851],[-0.782585,47.05561],[-0.781171,47.056215],[-0.780722,47.057101],[-0.778911,47.057418],[-0.778623,47.057911],[-0.778795,47.058295],[-0.777777,47.059197],[-0.775873,47.059115],[-0.773448,47.060547],[-0.774043,47.061765],[-0.77369,47.062634],[-0.774126,47.063496],[-0.773993,47.064136],[-0.772665,47.06585],[-0.773296,47.066595],[-0.774952,47.067512],[-0.775315,47.068307],[-0.771907,47.071817],[-0.771834,47.07241],[-0.772305,47.072763],[-0.770718,47.074002],[-0.770836,47.074558],[-0.769523,47.076272],[-0.767951,47.076397],[-0.766941,47.076819],[-0.762918,47.076899],[-0.761075,47.077258],[-0.75853,47.072948],[-0.758069,47.072802],[-0.758765,47.071281],[-0.750489,47.071353],[-0.749501,47.072032],[-0.750837,47.073948],[-0.750461,47.075259],[-0.750329,47.078215],[-0.746348,47.080955],[-0.749095,47.081348],[-0.748348,47.082623],[-0.743705,47.082048]]],[[[-0.989745,47.065422],[-0.989566,47.064548],[-0.98878,47.064093],[-0.989082,47.063802],[-0.988332,47.063654],[-0.988428,47.062524],[-0.986284,47.062285],[-0.984267,47.061292],[-0.983486,47.061327],[-0.982737,47.060772],[-0.982898,47.058459],[-0.98199,47.058033],[-0.982023,47.057551],[-0.981434,47.057407],[-0.981574,47.057099],[-0.979587,47.056385],[-0.978634,47.055592],[-0.977468,47.056396],[-0.976504,47.056181],[-0.976192,47.055757],[-0.975653,47.055873],[-0.975215,47.055203],[-0.974336,47.054991],[-0.973733,47.053962],[-0.973872,47.053612],[-0.972975,47.052778],[-0.973044,47.052127],[-0.971753,47.051653],[-0.970983,47.050796],[-0.970232,47.04907],[-0.971039,47.047712],[-0.972612,47.046973],[-0.973353,47.044678],[-0.973998,47.044189],[-0.973811,47.043926],[-0.974382,47.043746],[-0.974064,47.042782],[-0.974576,47.042266],[-0.976439,47.042312],[-0.977304,47.041809],[-0.977656,47.041078],[-0.97914,47.040221],[-0.983277,47.038857],[-0.984562,47.03901],[-0.98509,47.039421],[-0.985879,47.03888],[-0.986283,47.037956],[-0.987552,47.038136],[-0.989196,47.037731],[-0.989655,47.037268],[-0.991507,47.037109],[-0.993828,47.037768],[-0.99699,47.036703],[-0.998712,47.036704],[-0.999799,47.036414],[-1.003499,47.034155],[-1.004525,47.03398],[-1.005892,47.034645],[-1.008813,47.037094],[-1.010507,47.036397],[-1.010869,47.037089],[-1.011967,47.037263],[-1.012478,47.036518],[-1.011117,47.034892],[-1.011849,47.034329],[-1.01391,47.035146],[-1.01662,47.035581],[-1.020219,47.0374],[-1.018823,47.038146],[-1.019544,47.039165],[-1.020335,47.038904],[-1.020713,47.0395],[-1.020078,47.042246],[-1.022619,47.044506],[-1.023727,47.044304],[-1.023855,47.042567],[-1.028338,47.043193],[-1.028526,47.046577],[-1.031666,47.045682],[-1.033921,47.044428],[-1.038031,47.045406],[-1.039004,47.045809],[-1.039456,47.046614],[-1.040996,47.047222],[-1.040363,47.048076],[-1.041309,47.050274],[-1.041899,47.051018],[-1.043862,47.052359],[-1.042479,47.052727],[-1.040741,47.052037],[-1.036794,47.054111],[-1.031558,47.055852],[-1.033791,47.058074],[-1.03872,47.061387],[-1.04296,47.059505],[-1.042626,47.062442],[-1.042919,47.063977],[-1.046194,47.068615],[-1.042853,47.071418],[-1.041901,47.072711],[-1.041014,47.073183],[-1.039291,47.07315],[-1.037,47.071828],[-1.035791,47.070638],[-1.0382,47.069219],[-1.039566,47.067823],[-1.038371,47.067549],[-1.038363,47.068104],[-1.034275,47.069478],[-1.03396,47.069666],[-1.034061,47.070021],[-1.032856,47.070107],[-1.032601,47.071583],[-1.030644,47.072867],[-1.028065,47.076827],[-1.026835,47.077853],[-1.027122,47.079107],[-1.026615,47.080187],[-1.027064,47.081765],[-1.025746,47.083009],[-1.025743,47.084309],[-1.025244,47.08523],[-1.025186,47.086351],[-1.025762,47.087211],[-1.027089,47.087611],[-1.031046,47.086904],[-1.031664,47.087051],[-1.031752,47.088165],[-1.030546,47.089025],[-1.030317,47.089617],[-1.030943,47.090418],[-1.03279,47.091498],[-1.034318,47.093513],[-1.034518,47.095478],[-1.037374,47.096755],[-1.038716,47.096839],[-1.039202,47.096381],[-1.039849,47.094799],[-1.040755,47.094491],[-1.04264,47.095016],[-1.045036,47.096311],[-1.047709,47.096733],[-1.049147,47.096075],[-1.050374,47.094543],[-1.051537,47.094451],[-1.050098,47.096465],[-1.049951,47.098149],[-1.048019,47.101322],[-1.042632,47.104326],[-1.045198,47.106163],[-1.042907,47.107074],[-1.044227,47.108204],[-1.04147,47.109868],[-1.040769,47.109929],[-1.039909,47.111498],[-1.040613,47.111622],[-1.03928,47.112088],[-1.039055,47.112748],[-1.03927,47.116892],[-1.038193,47.117865],[-1.037794,47.120456],[-1.037184,47.121832],[-1.035845,47.123818],[-1.033982,47.125769],[-1.029243,47.12937],[-1.029396,47.130024],[-1.028554,47.131885],[-1.027873,47.13558],[-1.027009,47.136572],[-1.024333,47.141991],[-1.022585,47.143542],[-1.023237,47.143496],[-1.023834,47.144028],[-1.023847,47.144406],[-1.021966,47.145146],[-1.021577,47.14561],[-1.016815,47.147594],[-1.016349,47.147397],[-1.014865,47.148273],[-1.013367,47.147406],[-1.01354,47.145266],[-1.014112,47.144799],[-1.012722,47.143555],[-1.009914,47.14547],[-1.008032,47.14608],[-1.003883,47.146719],[-1.004508,47.148102],[-1.0058,47.148622],[-1.006465,47.148446],[-1.008731,47.149505],[-1.010217,47.148458],[-1.010588,47.149352],[-1.009422,47.149759],[-1.010013,47.150376],[-1.008013,47.151859],[-1.004793,47.152824],[-1.001681,47.151672],[-1.000004,47.151454],[-0.999056,47.151604],[-0.997534,47.152659],[-0.995604,47.153333],[-0.995079,47.152147],[-0.995238,47.149684],[-0.994089,47.1493],[-0.99047,47.150757],[-0.989214,47.15072],[-0.988195,47.151067],[-0.987326,47.147115],[-0.986014,47.146612],[-0.982792,47.146004],[-0.979792,47.147933],[-0.977283,47.148868],[-0.975082,47.14804],[-0.97056,47.148275],[-0.963055,47.145145],[-0.960689,47.145473],[-0.956461,47.144789],[-0.955593,47.144202],[-0.955045,47.144188],[-0.955456,47.144794],[-0.95464,47.144828],[-0.952877,47.146925],[-0.951461,47.147831],[-0.948285,47.149339],[-0.946789,47.149471],[-0.945588,47.15005],[-0.944708,47.149874],[-0.944425,47.150323],[-0.945098,47.151012],[-0.944796,47.151628],[-0.943869,47.151358],[-0.943484,47.152155],[-0.941596,47.152113],[-0.942047,47.153084],[-0.940044,47.153671],[-0.939881,47.153882],[-0.940798,47.154856],[-0.939553,47.155694],[-0.938397,47.157361],[-0.937325,47.157219],[-0.934669,47.160163],[-0.93277,47.161256],[-0.930579,47.161829],[-0.928656,47.162844],[-0.927214,47.162774],[-0.926071,47.163675],[-0.921388,47.16065],[-0.918746,47.159644],[-0.916587,47.15915],[-0.911496,47.159322],[-0.910135,47.159648],[-0.911297,47.160843],[-0.911119,47.161164],[-0.912301,47.163246],[-0.912727,47.164685],[-0.911125,47.164967],[-0.909666,47.161191],[-0.908851,47.160224],[-0.906819,47.161096],[-0.904825,47.161118],[-0.90419,47.160098],[-0.902938,47.161005],[-0.901241,47.160452],[-0.899084,47.160432],[-0.895814,47.161263],[-0.893905,47.161075],[-0.890975,47.160231],[-0.888682,47.160368],[-0.885042,47.158851],[-0.879756,47.159392],[-0.878988,47.159028],[-0.877381,47.158906],[-0.876222,47.159117],[-0.875957,47.159696],[-0.874066,47.158261],[-0.873458,47.1583],[-0.869743,47.15706],[-0.866803,47.156878],[-0.86696,47.155551],[-0.866248,47.154179],[-0.865168,47.153582],[-0.86342,47.151717],[-0.861676,47.15131],[-0.860253,47.151412],[-0.855811,47.152801],[-0.851464,47.152844],[-0.848024,47.151597],[-0.845019,47.15143],[-0.842867,47.150378],[-0.839548,47.149972],[-0.836781,47.150523],[-0.8323,47.15036],[-0.831657,47.150077],[-0.832282,47.149183],[-0.831988,47.147156],[-0.831054,47.146503],[-0.828533,47.145999],[-0.828692,47.145729],[-0.828115,47.144806],[-0.826874,47.144379],[-0.826856,47.143466],[-0.828278,47.142951],[-0.828871,47.142276],[-0.828458,47.141652],[-0.828928,47.140316],[-0.828905,47.138352],[-0.832784,47.13437],[-0.833271,47.133216],[-0.835234,47.132721],[-0.836424,47.13178],[-0.836173,47.131494],[-0.837557,47.130676],[-0.840025,47.128453],[-0.840796,47.127282],[-0.841828,47.123619],[-0.843678,47.12413],[-0.844662,47.12408],[-0.848797,47.122269],[-0.851476,47.122087],[-0.852057,47.121743],[-0.851693,47.120961],[-0.852203,47.120761],[-0.85178,47.119504],[-0.85293,47.119316],[-0.854365,47.118552],[-0.853631,47.117635],[-0.855006,47.116898],[-0.854824,47.116299],[-0.853796,47.115896],[-0.852694,47.116472],[-0.852253,47.116181],[-0.850752,47.116514],[-0.850017,47.116374],[-0.850032,47.115776],[-0.849568,47.115736],[-0.849323,47.115017],[-0.848837,47.114793],[-0.849317,47.114578],[-0.848813,47.114226],[-0.84916,47.113668],[-0.848428,47.113508],[-0.848359,47.112579],[-0.848841,47.112178],[-0.847933,47.111719],[-0.848342,47.111529],[-0.847819,47.111074],[-0.848033,47.110496],[-0.847765,47.109969],[-0.845839,47.108642],[-0.845193,47.108791],[-0.845325,47.108036],[-0.844565,47.107736],[-0.844904,47.107177],[-0.844668,47.106951],[-0.845222,47.106508],[-0.844967,47.106087],[-0.844314,47.10593],[-0.842748,47.106851],[-0.841872,47.106701],[-0.841693,47.106191],[-0.840276,47.106036],[-0.839702,47.105637],[-0.839604,47.105192],[-0.838208,47.104693],[-0.83815,47.104195],[-0.836316,47.103785],[-0.836575,47.103439],[-0.836003,47.102872],[-0.836249,47.102413],[-0.835627,47.102399],[-0.835517,47.102156],[-0.835894,47.101895],[-0.835439,47.101851],[-0.835515,47.101402],[-0.835022,47.101127],[-0.838872,47.100773],[-0.839409,47.100209],[-0.840387,47.099906],[-0.840775,47.098787],[-0.841419,47.09813],[-0.842728,47.09752],[-0.844733,47.097127],[-0.846647,47.097502],[-0.847956,47.100853],[-0.852214,47.102327],[-0.854649,47.102187],[-0.856785,47.101058],[-0.857499,47.099831],[-0.859145,47.099709],[-0.861859,47.101374],[-0.861565,47.101678],[-0.86185,47.101998],[-0.863651,47.1028],[-0.86433,47.101883],[-0.867015,47.100395],[-0.868354,47.098195],[-0.867526,47.097089],[-0.867749,47.095905],[-0.867328,47.095468],[-0.867946,47.094345],[-0.869696,47.093646],[-0.869325,47.092631],[-0.868018,47.092196],[-0.865677,47.09234],[-0.868115,47.092123],[-0.87007,47.092831],[-0.873165,47.092699],[-0.873134,47.091782],[-0.873967,47.088589],[-0.877872,47.087135],[-0.880534,47.085471],[-0.881986,47.084091],[-0.88337,47.081543],[-0.883813,47.077874],[-0.88292,47.075231],[-0.874211,47.074364],[-0.875331,47.073193],[-0.878365,47.07098],[-0.880863,47.067592],[-0.880587,47.067358],[-0.870804,47.064441],[-0.870105,47.065186],[-0.867891,47.064451],[-0.865976,47.063175],[-0.867383,47.06241],[-0.871986,47.060867],[-0.877616,47.062465],[-0.880506,47.062135],[-0.880137,47.058542],[-0.883207,47.058326],[-0.882905,47.057793],[-0.891024,47.050062],[-0.890441,47.053325],[-0.887798,47.057787],[-0.888767,47.05838],[-0.89105,47.061229],[-0.906156,47.058913],[-0.933131,47.060125],[-0.932756,47.062089],[-0.929644,47.061856],[-0.928851,47.063501],[-0.927352,47.063475],[-0.926409,47.063114],[-0.926705,47.060584],[-0.924948,47.060065],[-0.924284,47.061092],[-0.925195,47.062638],[-0.925183,47.063247],[-0.925813,47.063491],[-0.925345,47.065126],[-0.924326,47.065049],[-0.924623,47.06685],[-0.924934,47.067188],[-0.929593,47.067651],[-0.929024,47.068097],[-0.92846,47.071629],[-0.926371,47.073713],[-0.925085,47.074439],[-0.924045,47.075677],[-0.923401,47.078606],[-0.914078,47.075927],[-0.911923,47.075789],[-0.910919,47.076034],[-0.910059,47.078695],[-0.91023,47.079409],[-0.908213,47.082935],[-0.910913,47.085591],[-0.911323,47.086511],[-0.911227,47.08829],[-0.914537,47.090553],[-0.916397,47.092629],[-0.926592,47.09432],[-0.926726,47.09527],[-0.929697,47.096145],[-0.929306,47.096557],[-0.929895,47.09817],[-0.932161,47.098913],[-0.933259,47.097195],[-0.934882,47.098081],[-0.935811,47.099545],[-0.933156,47.102084],[-0.934619,47.102811],[-0.934469,47.104446],[-0.939734,47.106565],[-0.93866,47.108176],[-0.947908,47.108652],[-0.946963,47.110374],[-0.947484,47.110818],[-0.946989,47.111179],[-0.948722,47.112031],[-0.949427,47.110803],[-0.950167,47.11035],[-0.950439,47.10879],[-0.951729,47.108922],[-0.952139,47.109909],[-0.950803,47.110184],[-0.951398,47.111856],[-0.946557,47.114183],[-0.943379,47.116497],[-0.945889,47.116767],[-0.942943,47.118678],[-0.943398,47.11911],[-0.943941,47.119087],[-0.943696,47.119453],[-0.945364,47.119435],[-0.946038,47.119935],[-0.949882,47.117637],[-0.950936,47.115496],[-0.953607,47.114428],[-0.957807,47.114632],[-0.958893,47.115652],[-0.961567,47.11614],[-0.964501,47.116207],[-0.965263,47.115767],[-0.964576,47.115293],[-0.964548,47.114124],[-0.965696,47.112247],[-0.966253,47.11061],[-0.967254,47.109873],[-0.96705,47.108872],[-0.967849,47.107754],[-0.968763,47.107958],[-0.970367,47.106898],[-0.970221,47.106302],[-0.96872,47.105441],[-0.966329,47.104755],[-0.969335,47.101652],[-0.969109,47.101294],[-0.978438,47.100071],[-0.979903,47.096908],[-0.981501,47.096255],[-0.983356,47.09493],[-0.983987,47.095096],[-0.984779,47.094839],[-0.989408,47.091092],[-0.990822,47.090295],[-0.9921,47.09038],[-0.99311,47.089019],[-0.993369,47.089569],[-0.997895,47.09084],[-0.998496,47.088622],[-0.997505,47.086696],[-0.998069,47.085131],[-0.997484,47.083966],[-0.99665,47.083873],[-0.996554,47.083192],[-1.001639,47.082483],[-1.003261,47.081846],[-1.004834,47.080101],[-1.008233,47.080038],[-1.00974,47.078532],[-1.012071,47.07765],[-1.012482,47.076852],[-1.013547,47.076173],[-1.013411,47.075481],[-1.014454,47.075277],[-1.015416,47.075495],[-1.016261,47.075023],[-1.014976,47.074774],[-1.014052,47.073443],[-1.013994,47.072374],[-1.012729,47.070102],[-1.010489,47.067981],[-1.008602,47.067782],[-1.005487,47.066876],[-1.005174,47.06712],[-1.005217,47.067586],[-1.005989,47.068531],[-1.005443,47.069051],[-1.004504,47.069043],[-1.003341,47.068531],[-1.001474,47.067],[-1.000884,47.065347],[-0.99767,47.06369],[-0.99312,47.066001],[-0.991817,47.066156],[-0.989745,47.065422]]]],"type":"MultiPolygon"},"properties":{"id_edu_college":"4","sc_college_nom":"Collège Colbert","sc_college_adr":"63, rue du Deveau","sc_college_com":"CHOLET","sc_college_com_del":null,"sc_college_tel":"02 41 58 35 42","sc_college_web":"http://colbert.anjou.e-lyco.fr","shape_area":135676576.6826172,"shape_length":130951.46244599797,"geo_point_2d":{"lon":-0.9257586387634124,"lat":47.10484516301512}}},{"type":"Feature","geometry":{"coordinates":[[[-0.568331,47.322828],[-0.56742,47.323163],[-0.567198,47.323813],[-0.565094,47.324407],[-0.563602,47.323994],[-0.56072,47.32435],[-0.560235,47.325172],[-0.561261,47.325776],[-0.561263,47.327036],[-0.557549,47.326794],[-0.557754,47.326386],[-0.556502,47.325896],[-0.555852,47.327352],[-0.556025,47.328037],[-0.555803,47.328365],[-0.551083,47.332252],[-0.547185,47.329989],[-0.546628,47.33057],[-0.546449,47.331502],[-0.545049,47.333849],[-0.546562,47.334958],[-0.544017,47.335524],[-0.542858,47.336119],[-0.540971,47.335539],[-0.538025,47.335674],[-0.536293,47.336565],[-0.533904,47.335497],[-0.531615,47.336282],[-0.52928,47.336377],[-0.528222,47.335955],[-0.525891,47.336211],[-0.525137,47.334476],[-0.525715,47.333188],[-0.527498,47.331677],[-0.527884,47.33035],[-0.52513,47.32904],[-0.523351,47.326947],[-0.519438,47.324646],[-0.517509,47.321769],[-0.516133,47.321504],[-0.514805,47.322383],[-0.512757,47.322944],[-0.511815,47.321213],[-0.511943,47.320636],[-0.503078,47.318969],[-0.504503,47.317953],[-0.502542,47.316951],[-0.49994,47.314503],[-0.499109,47.314179],[-0.495119,47.314504],[-0.490622,47.313378],[-0.48786,47.31467],[-0.483443,47.315798],[-0.478728,47.315837],[-0.477494,47.316318],[-0.47293,47.31576],[-0.466261,47.319379],[-0.461237,47.322613],[-0.458963,47.323478],[-0.457619,47.323249],[-0.457573,47.322818],[-0.456067,47.32154],[-0.455501,47.320381],[-0.454566,47.319851],[-0.453464,47.319368],[-0.449858,47.319425],[-0.448754,47.320419],[-0.448841,47.321386],[-0.448328,47.32197],[-0.445971,47.323417],[-0.444097,47.323516],[-0.443382,47.321535],[-0.442559,47.320321],[-0.442075,47.318448],[-0.44225,47.317998],[-0.440102,47.315463],[-0.442108,47.315151],[-0.441587,47.314754],[-0.440693,47.311603],[-0.443018,47.306651],[-0.442798,47.304861],[-0.441134,47.3049],[-0.430345,47.301321],[-0.427547,47.300876],[-0.427571,47.300298],[-0.428281,47.29919],[-0.424102,47.297613],[-0.42551,47.295482],[-0.424744,47.295163],[-0.42475,47.294566],[-0.425471,47.293233],[-0.424049,47.292592],[-0.428539,47.285215],[-0.427535,47.284002],[-0.421701,47.281339],[-0.419412,47.282181],[-0.416128,47.282194],[-0.415901,47.281557],[-0.410133,47.277333],[-0.40996,47.275871],[-0.406739,47.274958],[-0.406031,47.274106],[-0.405268,47.274133],[-0.402984,47.27303],[-0.401743,47.27294],[-0.405431,47.265231],[-0.396458,47.263258],[-0.393253,47.269193],[-0.392372,47.267952],[-0.392538,47.266277],[-0.39067,47.265094],[-0.390491,47.263976],[-0.388711,47.264005],[-0.387742,47.262891],[-0.387523,47.260398],[-0.388,47.258346],[-0.387925,47.256528],[-0.388727,47.256704],[-0.38874,47.255754],[-0.39055,47.255763],[-0.392231,47.255004],[-0.391936,47.25312],[-0.393779,47.25066],[-0.395697,47.252057],[-0.39671,47.250803],[-0.397307,47.250878],[-0.398119,47.249914],[-0.399189,47.250285],[-0.399832,47.249569],[-0.400829,47.249857],[-0.40355,47.24758],[-0.403952,47.247851],[-0.405086,47.246598],[-0.403437,47.245377],[-0.405588,47.244234],[-0.402059,47.237175],[-0.399784,47.23709],[-0.399351,47.235258],[-0.39681,47.235948],[-0.396709,47.235276],[-0.395966,47.234978],[-0.396993,47.233421],[-0.396027,47.23349],[-0.396937,47.229662],[-0.397753,47.22963],[-0.397783,47.229267],[-0.394343,47.228923],[-0.393403,47.228511],[-0.394734,47.226016],[-0.394459,47.225916],[-0.394004,47.223529],[-0.393137,47.222147],[-0.401054,47.21964],[-0.40396,47.220085],[-0.406889,47.220009],[-0.408697,47.219598],[-0.411744,47.220404],[-0.417328,47.223194],[-0.421213,47.223417],[-0.422073,47.222946],[-0.423234,47.221124],[-0.42749,47.218448],[-0.430493,47.214774],[-0.431164,47.214489],[-0.431305,47.215188],[-0.432012,47.215171],[-0.436489,47.21435],[-0.438742,47.214751],[-0.439494,47.215173],[-0.440399,47.216814],[-0.443709,47.220465],[-0.448277,47.221702],[-0.4502,47.221058],[-0.453583,47.218286],[-0.45715,47.217051],[-0.458179,47.216017],[-0.459014,47.215724],[-0.462246,47.216686],[-0.463668,47.217521],[-0.463905,47.219066],[-0.463421,47.22116],[-0.462221,47.221826],[-0.46153,47.22294],[-0.460836,47.223332],[-0.460771,47.223926],[-0.461409,47.225638],[-0.462505,47.226716],[-0.465921,47.228061],[-0.468835,47.227273],[-0.471706,47.225643],[-0.472595,47.224657],[-0.473389,47.221866],[-0.47404,47.221484],[-0.477018,47.221653],[-0.478253,47.223244],[-0.477902,47.224332],[-0.481814,47.223423],[-0.482431,47.222429],[-0.484657,47.220792],[-0.484515,47.220524],[-0.484894,47.220311],[-0.484629,47.220039],[-0.484759,47.219168],[-0.485078,47.21882],[-0.48557,47.218844],[-0.486445,47.216421],[-0.487332,47.216527],[-0.48736,47.216119],[-0.48801,47.216296],[-0.48891,47.215695],[-0.491505,47.215562],[-0.492759,47.21449],[-0.494387,47.213811],[-0.495148,47.212949],[-0.494871,47.212495],[-0.495241,47.210905],[-0.495629,47.210584],[-0.497523,47.211184],[-0.499603,47.21057],[-0.500894,47.20962],[-0.503618,47.209604],[-0.506408,47.209056],[-0.513005,47.20925],[-0.518344,47.210022],[-0.521985,47.209232],[-0.533786,47.207824],[-0.542087,47.207575],[-0.544078,47.207204],[-0.545619,47.207615],[-0.547078,47.208665],[-0.547899,47.208238],[-0.548387,47.208885],[-0.548236,47.209404],[-0.548834,47.211186],[-0.549442,47.21134],[-0.548398,47.211847],[-0.548082,47.213019],[-0.547528,47.213047],[-0.545371,47.214834],[-0.544975,47.215948],[-0.545407,47.216594],[-0.5448,47.217567],[-0.543699,47.218181],[-0.542627,47.219392],[-0.540821,47.22017],[-0.538969,47.222552],[-0.537159,47.223376],[-0.53527,47.224821],[-0.534525,47.225821],[-0.532824,47.226566],[-0.532818,47.227048],[-0.53216,47.227742],[-0.532446,47.229012],[-0.532098,47.229448],[-0.529256,47.231309],[-0.527738,47.231524],[-0.526455,47.233015],[-0.524443,47.233522],[-0.525528,47.234051],[-0.528604,47.234637],[-0.52932,47.233812],[-0.529913,47.233797],[-0.530263,47.234148],[-0.530593,47.233847],[-0.531624,47.233903],[-0.531922,47.233458],[-0.5314,47.23332],[-0.531601,47.232597],[-0.534623,47.233023],[-0.534459,47.233556],[-0.537561,47.234002],[-0.539503,47.233214],[-0.53933,47.234634],[-0.540401,47.234661],[-0.540716,47.234383],[-0.546716,47.235359],[-0.547067,47.234494],[-0.548197,47.234646],[-0.548792,47.233416],[-0.5498,47.233706],[-0.549506,47.234388],[-0.554488,47.235916],[-0.55944,47.232995],[-0.563594,47.23462],[-0.567106,47.234802],[-0.567208,47.235475],[-0.569992,47.236911],[-0.569869,47.237714],[-0.568773,47.238431],[-0.568183,47.23949],[-0.569898,47.240027],[-0.571729,47.239631],[-0.573031,47.240884],[-0.577161,47.24068],[-0.579706,47.239891],[-0.580537,47.24033],[-0.58045,47.241206],[-0.581891,47.241765],[-0.583674,47.241972],[-0.585016,47.24116],[-0.585424,47.241488],[-0.585571,47.242573],[-0.588751,47.244622],[-0.587333,47.246731],[-0.592095,47.248884],[-0.593806,47.24913],[-0.594737,47.250107],[-0.602149,47.253007],[-0.606415,47.254194],[-0.612279,47.255024],[-0.613835,47.255686],[-0.616332,47.256187],[-0.616985,47.256785],[-0.620046,47.258027],[-0.621873,47.256112],[-0.622906,47.254291],[-0.623745,47.254188],[-0.623605,47.252842],[-0.624011,47.251706],[-0.626332,47.249887],[-0.629327,47.249137],[-0.629499,47.248858],[-0.631148,47.248881],[-0.631951,47.248463],[-0.636775,47.248516],[-0.636931,47.247181],[-0.637582,47.24719],[-0.637377,47.246613],[-0.637659,47.245055],[-0.636596,47.244849],[-0.636537,47.242966],[-0.641199,47.243118],[-0.644886,47.243744],[-0.646369,47.242921],[-0.647776,47.241127],[-0.648182,47.239394],[-0.649705,47.238465],[-0.656306,47.240293],[-0.660219,47.238616],[-0.666882,47.237093],[-0.67022,47.238591],[-0.67224,47.240163],[-0.675021,47.240668],[-0.673805,47.241384],[-0.674322,47.241746],[-0.671434,47.245686],[-0.670355,47.246771],[-0.669259,47.247043],[-0.66889,47.248393],[-0.667198,47.249184],[-0.667473,47.249978],[-0.667114,47.250721],[-0.669312,47.251184],[-0.669911,47.251771],[-0.672465,47.252148],[-0.67624,47.251872],[-0.679084,47.251062],[-0.684519,47.251904],[-0.686225,47.251413],[-0.687966,47.25031],[-0.688343,47.2505],[-0.688429,47.251109],[-0.688979,47.25125],[-0.690172,47.250721],[-0.691755,47.250561],[-0.695874,47.248928],[-0.697785,47.249311],[-0.698619,47.250468],[-0.698923,47.251673],[-0.700813,47.252087],[-0.702977,47.252111],[-0.703602,47.254087],[-0.704434,47.255234],[-0.704303,47.25635],[-0.703301,47.25764],[-0.706058,47.25832],[-0.705082,47.260234],[-0.707512,47.259945],[-0.708346,47.260643],[-0.709463,47.263132],[-0.708629,47.264346],[-0.709717,47.263848],[-0.710417,47.264505],[-0.709385,47.264982],[-0.710979,47.267415],[-0.710802,47.26778],[-0.708994,47.268548],[-0.706248,47.269116],[-0.70623,47.269972],[-0.705434,47.269902],[-0.701205,47.27231],[-0.698521,47.272785],[-0.698755,47.273783],[-0.696919,47.273599],[-0.696961,47.27421],[-0.688292,47.275484],[-0.688258,47.27607],[-0.687666,47.27613],[-0.687833,47.276756],[-0.684221,47.280722],[-0.682665,47.284768],[-0.678928,47.286532],[-0.678208,47.286588],[-0.678371,47.288398],[-0.679998,47.292636],[-0.678099,47.294115],[-0.67684,47.296077],[-0.67609,47.29622],[-0.676016,47.297259],[-0.671696,47.299378],[-0.668112,47.301613],[-0.663614,47.303045],[-0.662176,47.305623],[-0.659567,47.311825],[-0.658668,47.313069],[-0.657318,47.314719],[-0.654976,47.316669],[-0.653523,47.317015],[-0.65141,47.319218],[-0.650529,47.319],[-0.647625,47.316882],[-0.646789,47.31536],[-0.642479,47.315819],[-0.641298,47.316366],[-0.639938,47.31773],[-0.639061,47.317925],[-0.63783,47.319909],[-0.638531,47.321527],[-0.638398,47.322258],[-0.637414,47.324196],[-0.635155,47.326514],[-0.635867,47.327458],[-0.635056,47.328568],[-0.633634,47.329304],[-0.633405,47.330156],[-0.634131,47.330778],[-0.63233,47.332479],[-0.63138,47.332933],[-0.630838,47.334221],[-0.628706,47.333693],[-0.620508,47.332714],[-0.612562,47.332185],[-0.604055,47.333218],[-0.602846,47.33299],[-0.601748,47.333755],[-0.599449,47.334083],[-0.598976,47.333123],[-0.596288,47.332329],[-0.596528,47.331864],[-0.590083,47.330506],[-0.588527,47.331268],[-0.582203,47.328922],[-0.582447,47.328494],[-0.580708,47.328156],[-0.578521,47.328247],[-0.577086,47.328809],[-0.576396,47.328203],[-0.573629,47.327778],[-0.573052,47.326867],[-0.570365,47.325944],[-0.571198,47.32432],[-0.570331,47.323081],[-0.569907,47.322709],[-0.568331,47.322828]]],"type":"Polygon"},"properties":{"id_edu_college":"19","sc_college_nom":"Collège Les Fontaines","sc_college_adr":"rue des Lauriers","sc_college_com":"BELLEVIGNE-SUR-LAYON","sc_college_com_del":"THOUARCE","sc_college_tel":"02 41 54 05 64","sc_college_web":"http://les-fontaines.anjou.e-lyco.fr","shape_area":212128211.70947266,"shape_length":94821.71216656963,"geo_point_2d":{"lon":-0.5391971998718195,"lat":47.273663281443945}}},{"type":"Feature","geometry":{"coordinates":[[[-0.767194,47.669861],[-0.769922,47.672388],[-0.777907,47.676252],[-0.779635,47.67852],[-0.781836,47.679613],[-0.785528,47.679835],[-0.788275,47.67906],[-0.798001,47.678709],[-0.798539,47.676858],[-0.800166,47.675463],[-0.802305,47.672073],[-0.804721,47.672016],[-0.804834,47.670028],[-0.804597,47.669278],[-0.805156,47.667682],[-0.806211,47.667798],[-0.807078,47.667213],[-0.808812,47.664613],[-0.809543,47.662807],[-0.80934,47.661307],[-0.811303,47.66078],[-0.806946,47.657339],[-0.80815,47.656544],[-0.807404,47.655832],[-0.806932,47.655831],[-0.807412,47.655066],[-0.806579,47.654977],[-0.805966,47.655433],[-0.804368,47.655324],[-0.80491,47.65385],[-0.806493,47.654207],[-0.807847,47.653669],[-0.808381,47.652632],[-0.808752,47.650301],[-0.810848,47.650067],[-0.812199,47.650307],[-0.81263,47.649208],[-0.814772,47.648545],[-0.817887,47.64867],[-0.818001,47.648108],[-0.817013,47.648085],[-0.817154,47.646913],[-0.816154,47.64665],[-0.818451,47.644352],[-0.816786,47.643769],[-0.815558,47.642886],[-0.817938,47.640743],[-0.820126,47.641265],[-0.822212,47.641157],[-0.82293,47.640847],[-0.822813,47.640361],[-0.823567,47.640081],[-0.825139,47.64042],[-0.826887,47.640259],[-0.826775,47.639786],[-0.827826,47.639754],[-0.827817,47.638818],[-0.82756,47.638631],[-0.827747,47.637519],[-0.826995,47.637108],[-0.827005,47.634705],[-0.826147,47.633601],[-0.829076,47.634115],[-0.828893,47.633185],[-0.826367,47.633251],[-0.82624,47.63203],[-0.825143,47.632006],[-0.824997,47.630937],[-0.828329,47.630934],[-0.82852,47.632207],[-0.828814,47.631812],[-0.829772,47.631773],[-0.829683,47.63064],[-0.833798,47.630977],[-0.833811,47.630158],[-0.835404,47.630118],[-0.835362,47.628575],[-0.832347,47.627484],[-0.832613,47.626127],[-0.833181,47.626307],[-0.833231,47.626806],[-0.836486,47.626591],[-0.836577,47.627084],[-0.841799,47.627579],[-0.843407,47.627518],[-0.843241,47.627058],[-0.846164,47.627092],[-0.846446,47.626525],[-0.846938,47.62659],[-0.847223,47.626248],[-0.850535,47.626849],[-0.850676,47.626387],[-0.85234,47.626552],[-0.852629,47.625292],[-0.851707,47.623496],[-0.851926,47.621584],[-0.8509,47.620491],[-0.851222,47.620427],[-0.851424,47.619693],[-0.8526,47.619918],[-0.853508,47.61855],[-0.852932,47.618324],[-0.85327,47.617415],[-0.855771,47.616952],[-0.856108,47.61659],[-0.854947,47.615988],[-0.857151,47.615453],[-0.85764,47.614829],[-0.857594,47.613418],[-0.858996,47.612577],[-0.858816,47.611818],[-0.860039,47.611202],[-0.861529,47.608999],[-0.858893,47.608201],[-0.858632,47.60728],[-0.858883,47.607266],[-0.859331,47.606203],[-0.859164,47.605641],[-0.862241,47.605774],[-0.86379,47.604428],[-0.865144,47.603922],[-0.865301,47.601588],[-0.867496,47.602222],[-0.873699,47.601846],[-0.872638,47.600583],[-0.87119,47.600444],[-0.871919,47.598776],[-0.870854,47.59859],[-0.870951,47.598233],[-0.870319,47.598125],[-0.870471,47.597053],[-0.871201,47.596977],[-0.870869,47.596315],[-0.872651,47.595724],[-0.871822,47.593981],[-0.872163,47.593876],[-0.871935,47.593301],[-0.874075,47.592643],[-0.874014,47.592196],[-0.87466,47.592061],[-0.874773,47.590862],[-0.877777,47.589817],[-0.87992,47.588696],[-0.881848,47.590697],[-0.883067,47.591305],[-0.885315,47.591772],[-0.886298,47.590018],[-0.888818,47.590226],[-0.888953,47.58906],[-0.890991,47.588623],[-0.890457,47.587794],[-0.889597,47.587807],[-0.889218,47.587503],[-0.889892,47.585272],[-0.890661,47.584189],[-0.890923,47.584235],[-0.891141,47.583246],[-0.893032,47.581793],[-0.893838,47.580738],[-0.893916,47.579734],[-0.894871,47.57744],[-0.896446,47.578103],[-0.898418,47.576258],[-0.898785,47.575757],[-0.898439,47.575247],[-0.898955,47.574766],[-0.899711,47.57504],[-0.900376,47.574598],[-0.899975,47.572304],[-0.899409,47.571834],[-0.89825,47.57162],[-0.900447,47.570353],[-0.90066,47.570392],[-0.90058,47.571105],[-0.903079,47.572191],[-0.904751,47.573306],[-0.905855,47.571014],[-0.906592,47.570807],[-0.906024,47.572366],[-0.906313,47.572383],[-0.907379,47.575456],[-0.911388,47.578333],[-0.909609,47.578718],[-0.9099,47.583681],[-0.910502,47.585309],[-0.908283,47.58563],[-0.908032,47.587186],[-0.910726,47.587535],[-0.916116,47.586722],[-0.920754,47.586985],[-0.926551,47.589059],[-0.930509,47.589983],[-0.933975,47.591641],[-0.934968,47.592464],[-0.936696,47.592862],[-0.939445,47.594779],[-0.942537,47.595729],[-0.944557,47.595795],[-0.947921,47.59669],[-0.950068,47.597905],[-0.951356,47.598056],[-0.95127,47.598376],[-0.954504,47.598877],[-0.954811,47.599423],[-0.957461,47.599225],[-0.958516,47.599686],[-0.958819,47.600284],[-0.960072,47.600292],[-0.961682,47.600833],[-0.964248,47.600554],[-0.967814,47.601054],[-0.972935,47.602783],[-0.982117,47.603845],[-0.983965,47.603483],[-0.987321,47.603622],[-1.001225,47.606795],[-1.005276,47.608871],[-1.006287,47.609831],[-1.008094,47.610777],[-1.009268,47.611014],[-1.013191,47.61072],[-1.017718,47.611548],[-1.01605,47.615827],[-1.013504,47.61953],[-1.012392,47.619281],[-1.012267,47.619699],[-1.01079,47.620523],[-1.010387,47.621629],[-1.010327,47.623102],[-1.010059,47.623002],[-1.009631,47.623759],[-1.006962,47.622867],[-1.006518,47.623617],[-1.006781,47.625871],[-1.007676,47.627635],[-1.00571,47.636961],[-1.006234,47.639111],[-1.00783,47.640312],[-1.008646,47.643998],[-1.009123,47.644487],[-1.011062,47.644983],[-1.011164,47.645668],[-1.00914,47.64702],[-1.006471,47.649841],[-1.00467,47.651203],[-1.003538,47.652803],[-1.005279,47.653034],[-1.004815,47.654123],[-1.003795,47.654225],[-1.004312,47.655307],[-1.003967,47.655378],[-1.003974,47.655679],[-1.004496,47.655717],[-1.004713,47.65644],[-1.00547,47.657237],[-1.007251,47.657834],[-1.007876,47.657333],[-1.008396,47.657433],[-1.005466,47.658902],[-1.005443,47.659163],[-1.006525,47.661863],[-1.006939,47.663682],[-1.006771,47.664279],[-1.006983,47.664619],[-1.008521,47.665091],[-1.008428,47.665424],[-1.008122,47.665374],[-1.008462,47.66567],[-1.010334,47.666081],[-1.010206,47.667414],[-1.009316,47.667345],[-1.00852,47.668003],[-1.006953,47.66827],[-1.006249,47.669584],[-1.007929,47.669937],[-1.006645,47.671195],[-1.007484,47.672031],[-1.006408,47.673725],[-1.005672,47.673854],[-1.005662,47.675425],[-1.004463,47.67513],[-1.003738,47.676293],[-1.002483,47.676048],[-1.00246,47.67869],[-1.001878,47.678735],[-1.001205,47.679658],[-1.001043,47.680533],[-1.000466,47.680802],[-1.000249,47.681608],[-1.001133,47.681835],[-1.000762,47.683103],[-1.00082,47.684508],[-0.99998,47.684509],[-0.997484,47.685869],[-0.994281,47.685543],[-0.99142,47.684861],[-0.990839,47.684379],[-0.986862,47.683842],[-0.986062,47.684304],[-0.98462,47.684256],[-0.983807,47.684573],[-0.982069,47.684251],[-0.980943,47.684566],[-0.980108,47.684258],[-0.978954,47.685021],[-0.980984,47.687199],[-0.981031,47.687772],[-0.982278,47.688802],[-0.981573,47.689739],[-0.979685,47.694631],[-0.980682,47.69482],[-0.981302,47.693437],[-0.985134,47.694009],[-0.984053,47.695417],[-0.98793,47.696471],[-0.987921,47.696747],[-0.987458,47.6985],[-0.987613,47.700466],[-0.983456,47.701593],[-0.98441,47.701977],[-0.984845,47.702994],[-0.982029,47.707488],[-0.981437,47.709372],[-0.979145,47.708919],[-0.978545,47.71007],[-0.979032,47.71028],[-0.979557,47.71368],[-0.979224,47.71437],[-0.976263,47.716329],[-0.979094,47.717292],[-0.977504,47.72032],[-0.975641,47.719937],[-0.97397,47.718681],[-0.972296,47.71823],[-0.969987,47.721525],[-0.9708,47.722379],[-0.969962,47.723136],[-0.968348,47.722509],[-0.967862,47.724071],[-0.968229,47.724121],[-0.967567,47.72506],[-0.964578,47.724496],[-0.964829,47.724057],[-0.962996,47.723615],[-0.964049,47.721938],[-0.959767,47.721145],[-0.959599,47.721928],[-0.96071,47.721882],[-0.960355,47.722693],[-0.959606,47.723553],[-0.957498,47.724029],[-0.953181,47.723438],[-0.953012,47.72123],[-0.952553,47.720878],[-0.951001,47.720716],[-0.943952,47.720727],[-0.942427,47.721921],[-0.938877,47.722604],[-0.937822,47.723751],[-0.940519,47.726307],[-0.940701,47.728214],[-0.941349,47.7289],[-0.94011,47.728977],[-0.939688,47.730076],[-0.939868,47.730637],[-0.938413,47.73191],[-0.936879,47.734392],[-0.936262,47.734019],[-0.935709,47.734328],[-0.935363,47.735502],[-0.933928,47.735183],[-0.933219,47.736115],[-0.931963,47.73631],[-0.932274,47.736858],[-0.93145,47.737949],[-0.93253,47.738722],[-0.931928,47.740178],[-0.933606,47.741188],[-0.934608,47.743064],[-0.936662,47.743958],[-0.935737,47.74465],[-0.937266,47.745278],[-0.937226,47.745759],[-0.938333,47.746088],[-0.939584,47.745596],[-0.940181,47.744934],[-0.945588,47.748335],[-0.948681,47.749522],[-0.955201,47.751067],[-0.957058,47.752307],[-0.957385,47.752872],[-0.959197,47.753204],[-0.963667,47.753307],[-0.968261,47.752502],[-0.968414,47.754804],[-0.970121,47.754667],[-0.973345,47.755846],[-0.973818,47.756421],[-0.975179,47.760063],[-0.978037,47.761553],[-0.978572,47.762222],[-0.975719,47.764002],[-0.975587,47.766025],[-0.970545,47.765683],[-0.97068,47.766469],[-0.969984,47.766699],[-0.963561,47.76684],[-0.963381,47.767633],[-0.960738,47.767222],[-0.959574,47.76765],[-0.951709,47.766698],[-0.951628,47.767631],[-0.950558,47.76834],[-0.952582,47.77044],[-0.953401,47.773304],[-0.955295,47.776963],[-0.955387,47.779372],[-0.956789,47.779074],[-0.958559,47.779752],[-0.959902,47.77965],[-0.961639,47.780569],[-0.96261,47.780526],[-0.963044,47.78009],[-0.963986,47.780101],[-0.965523,47.77938],[-0.967558,47.779489],[-0.968586,47.780287],[-0.968822,47.781278],[-0.969469,47.782137],[-0.970347,47.782414],[-0.97052,47.782915],[-0.972202,47.783288],[-0.972193,47.784109],[-0.970996,47.784165],[-0.970465,47.785368],[-0.971011,47.785476],[-0.970767,47.786547],[-0.968096,47.787522],[-0.964659,47.790276],[-0.96321,47.792096],[-0.961682,47.792406],[-0.962421,47.793587],[-0.961415,47.794044],[-0.961228,47.795819],[-0.960585,47.796497],[-0.959754,47.796419],[-0.957268,47.795333],[-0.955196,47.794992],[-0.953053,47.796423],[-0.952255,47.796592],[-0.948323,47.795095],[-0.947719,47.794719],[-0.94721,47.793097],[-0.943239,47.791207],[-0.9426,47.789756],[-0.942543,47.788601],[-0.939649,47.787946],[-0.938656,47.78861],[-0.936821,47.788469],[-0.936463,47.788095],[-0.936497,47.787134],[-0.935274,47.786871],[-0.935249,47.785534],[-0.933432,47.786572],[-0.9322,47.786702],[-0.932,47.787116],[-0.930821,47.787152],[-0.930104,47.788215],[-0.930755,47.789517],[-0.931393,47.789958],[-0.931148,47.790286],[-0.931388,47.791],[-0.93258,47.791821],[-0.932578,47.792444],[-0.932033,47.79295],[-0.932123,47.793715],[-0.931195,47.79344],[-0.929145,47.79182],[-0.927567,47.789477],[-0.923167,47.786641],[-0.922156,47.785408],[-0.919011,47.783369],[-0.908796,47.781614],[-0.89776,47.775487],[-0.895242,47.774635],[-0.894273,47.770523],[-0.893384,47.768544],[-0.893489,47.763516],[-0.886938,47.764214],[-0.878473,47.763091],[-0.870282,47.761328],[-0.864985,47.759284],[-0.852003,47.756356],[-0.843612,47.753874],[-0.839481,47.752303],[-0.838535,47.759686],[-0.839735,47.762988],[-0.839177,47.766518],[-0.84006,47.768274],[-0.837297,47.769478],[-0.834017,47.769858],[-0.831304,47.770737],[-0.828589,47.770918],[-0.821999,47.770418],[-0.816133,47.771261],[-0.815934,47.769553],[-0.816334,47.76884],[-0.815714,47.768761],[-0.813944,47.766551],[-0.81111,47.764159],[-0.808302,47.765045],[-0.806374,47.766142],[-0.805211,47.765273],[-0.801491,47.765549],[-0.801305,47.765037],[-0.801611,47.763527],[-0.796562,47.763646],[-0.79671,47.763427],[-0.796133,47.762723],[-0.794964,47.762628],[-0.793846,47.761916],[-0.791014,47.760952],[-0.790345,47.760412],[-0.790074,47.759504],[-0.788769,47.758759],[-0.788071,47.758755],[-0.787672,47.758026],[-0.788779,47.757046],[-0.789419,47.755669],[-0.789873,47.755448],[-0.789099,47.75403],[-0.786367,47.753056],[-0.786112,47.752591],[-0.78532,47.752597],[-0.784594,47.751259],[-0.783385,47.750187],[-0.781764,47.750995],[-0.781994,47.751484],[-0.781009,47.751839],[-0.780326,47.751979],[-0.778652,47.751441],[-0.77673,47.75138],[-0.773163,47.753212],[-0.771185,47.753207],[-0.770451,47.753712],[-0.769853,47.753731],[-0.767977,47.752619],[-0.767439,47.75304],[-0.768113,47.754054],[-0.765802,47.754703],[-0.765313,47.754601],[-0.764946,47.753895],[-0.763938,47.753603],[-0.759475,47.753887],[-0.758985,47.75326],[-0.758003,47.753033],[-0.75712,47.752037],[-0.757799,47.75111],[-0.757437,47.750101],[-0.754918,47.749043],[-0.756172,47.746961],[-0.757591,47.746979],[-0.757787,47.746574],[-0.754299,47.745956],[-0.755504,47.744616],[-0.758108,47.745468],[-0.759027,47.745012],[-0.756636,47.744293],[-0.754344,47.743131],[-0.753294,47.743545],[-0.751868,47.743576],[-0.751304,47.74215],[-0.750676,47.742373],[-0.747908,47.739226],[-0.745464,47.739256],[-0.745489,47.74237],[-0.74374,47.74205],[-0.743793,47.739065],[-0.741882,47.739264],[-0.7419,47.737879],[-0.739397,47.738393],[-0.739352,47.738661],[-0.738853,47.738689],[-0.73879,47.739773],[-0.737637,47.739749],[-0.736741,47.741107],[-0.735928,47.741057],[-0.736497,47.740451],[-0.736466,47.740072],[-0.737261,47.739748],[-0.736323,47.737453],[-0.735335,47.737419],[-0.734923,47.73868],[-0.735459,47.740257],[-0.734452,47.740642],[-0.734903,47.741379],[-0.732989,47.741021],[-0.731642,47.742022],[-0.729103,47.742721],[-0.727737,47.743639],[-0.725327,47.742052],[-0.724114,47.741859],[-0.723899,47.742764],[-0.722814,47.742504],[-0.720513,47.742627],[-0.72011,47.741076],[-0.718664,47.741768],[-0.718023,47.740087],[-0.718254,47.738886],[-0.720112,47.73751],[-0.720562,47.736646],[-0.721211,47.732856],[-0.722545,47.731482],[-0.723826,47.730771],[-0.724257,47.728455],[-0.722496,47.72768],[-0.721241,47.728054],[-0.719503,47.727933],[-0.719822,47.725715],[-0.718992,47.725278],[-0.720288,47.724085],[-0.720091,47.723977],[-0.719197,47.72455],[-0.71812,47.72472],[-0.717882,47.725199],[-0.71723,47.725381],[-0.71693,47.726026],[-0.715465,47.726064],[-0.715398,47.725375],[-0.71479,47.72525],[-0.712298,47.72514],[-0.711457,47.72457],[-0.711676,47.723109],[-0.710776,47.723322],[-0.709051,47.722804],[-0.708235,47.722113],[-0.707372,47.722181],[-0.70712,47.721687],[-0.70658,47.721897],[-0.706382,47.721623],[-0.705091,47.721523],[-0.704682,47.720241],[-0.702019,47.719677],[-0.70237,47.718982],[-0.702123,47.718743],[-0.697756,47.717376],[-0.699952,47.714944],[-0.699632,47.71173],[-0.701236,47.711409],[-0.702543,47.710693],[-0.702791,47.710057],[-0.703985,47.709817],[-0.702882,47.708877],[-0.700247,47.707601],[-0.701405,47.706495],[-0.701746,47.705753],[-0.701844,47.704198],[-0.701267,47.70297],[-0.701143,47.700403],[-0.701878,47.698229],[-0.70257,47.698552],[-0.703632,47.697642],[-0.704508,47.698446],[-0.705402,47.697506],[-0.706092,47.697469],[-0.706231,47.696893],[-0.70718,47.697088],[-0.706696,47.697941],[-0.708138,47.698075],[-0.708948,47.695799],[-0.71057,47.694186],[-0.710819,47.693319],[-0.713276,47.69388],[-0.718001,47.693495],[-0.718156,47.694406],[-0.718484,47.694412],[-0.7185,47.696442],[-0.719434,47.696455],[-0.72044,47.695057],[-0.718316,47.693515],[-0.71871,47.692408],[-0.717094,47.690975],[-0.718965,47.686928],[-0.719153,47.68535],[-0.72011,47.685192],[-0.720983,47.683733],[-0.719727,47.682191],[-0.718226,47.682719],[-0.717392,47.681305],[-0.720469,47.680084],[-0.722311,47.680171],[-0.722339,47.681284],[-0.727259,47.680966],[-0.729389,47.680971],[-0.729474,47.681283],[-0.733339,47.679904],[-0.733264,47.679203],[-0.733804,47.678226],[-0.734467,47.678622],[-0.736307,47.677787],[-0.73998,47.676964],[-0.740764,47.676088],[-0.740878,47.675176],[-0.741338,47.674793],[-0.74147,47.672924],[-0.737841,47.671706],[-0.737113,47.670683],[-0.738617,47.668659],[-0.74064,47.667992],[-0.741434,47.666044],[-0.742257,47.665669],[-0.742497,47.665035],[-0.742299,47.664061],[-0.74256,47.663902],[-0.742284,47.663845],[-0.742266,47.66331],[-0.748746,47.663521],[-0.750049,47.662657],[-0.750879,47.661222],[-0.751547,47.660867],[-0.753179,47.660866],[-0.756932,47.661543],[-0.758372,47.662372],[-0.761715,47.666605],[-0.763063,47.667296],[-0.765225,47.667817],[-0.767194,47.669861]]],"type":"Polygon"},"properties":{"id_edu_college":"25","sc_college_nom":"Collège Georges Gironde","sc_college_adr":"route de Pouancé","sc_college_com":"SEGRE-EN-ANJOU BLEU","sc_college_com_del":"STE-GEMMES-D'ANDIGNE","sc_college_tel":"02 41 94 67 00","sc_college_web":"http://georges-gironde.anjou.e-lyco.fr","shape_area":309802411.89990234,"shape_length":128692.27139051956,"geo_point_2d":{"lon":-0.8766391203186141,"lat":47.68801624901203}}},{"type":"Feature","geometry":{"coordinates":[[[-0.163223,47.210776],[-0.167005,47.212174],[-0.170075,47.211624],[-0.173537,47.210259],[-0.173966,47.209421],[-0.174902,47.208366],[-0.175712,47.207985],[-0.176539,47.206733],[-0.178936,47.209344],[-0.179765,47.211555],[-0.18086,47.212155],[-0.19195,47.208418],[-0.193823,47.209798],[-0.192803,47.210932],[-0.192912,47.211666],[-0.191514,47.213131],[-0.194117,47.214289],[-0.19564,47.214319],[-0.199051,47.21515],[-0.201813,47.21652],[-0.202387,47.216251],[-0.204688,47.216892],[-0.205599,47.216205],[-0.207991,47.217146],[-0.206971,47.218583],[-0.202311,47.218876],[-0.199259,47.219841],[-0.200573,47.222123],[-0.204593,47.22538],[-0.197582,47.227961],[-0.195253,47.231697],[-0.193973,47.231837],[-0.194267,47.232632],[-0.193707,47.237276],[-0.193851,47.238044],[-0.192053,47.240609],[-0.192535,47.242233],[-0.191315,47.242689],[-0.183686,47.243479],[-0.182337,47.242779],[-0.180643,47.243042],[-0.180413,47.243865],[-0.179509,47.244403],[-0.179097,47.245351],[-0.176571,47.247447],[-0.175011,47.248055],[-0.169735,47.252867],[-0.169526,47.253498],[-0.166358,47.250785],[-0.16392,47.251397],[-0.162212,47.251171],[-0.161381,47.252142],[-0.159765,47.257243],[-0.16155,47.258321],[-0.16168,47.258799],[-0.1594,47.261183],[-0.159873,47.261507],[-0.159841,47.262747],[-0.157256,47.262806],[-0.156366,47.263616],[-0.154408,47.266783],[-0.154258,47.268513],[-0.146047,47.269205],[-0.146086,47.268936],[-0.145495,47.268555],[-0.14429,47.268291],[-0.143451,47.26718],[-0.140935,47.265682],[-0.139032,47.261605],[-0.137085,47.260374],[-0.135771,47.260014],[-0.135005,47.259285],[-0.130776,47.257537],[-0.128699,47.255969],[-0.127172,47.255528],[-0.12465,47.253965],[-0.125892,47.253],[-0.125734,47.251598],[-0.124182,47.249506],[-0.115819,47.249694],[-0.115641,47.248294],[-0.11599,47.247495],[-0.114854,47.246383],[-0.113431,47.245615],[-0.112821,47.244701],[-0.111884,47.244311],[-0.107793,47.245033],[-0.102272,47.250309],[-0.100646,47.253547],[-0.098357,47.256729],[-0.09693,47.260635],[-0.095275,47.263068],[-0.093028,47.261805],[-0.092825,47.259947],[-0.090237,47.255332],[-0.088589,47.254205],[-0.086162,47.253086],[-0.085476,47.253657],[-0.077266,47.249357],[-0.077267,47.24961],[-0.073858,47.250674],[-0.073863,47.24935],[-0.072431,47.247928],[-0.070864,47.246968],[-0.069003,47.242873],[-0.066742,47.239951],[-0.064831,47.239144],[-0.063993,47.238059],[-0.061769,47.23686],[-0.059818,47.235063],[-0.059079,47.233267],[-0.058024,47.232795],[-0.053902,47.233074],[-0.052622,47.233532],[-0.048455,47.232783],[-0.046311,47.233343],[-0.045059,47.234039],[-0.045043,47.232928],[-0.046069,47.230736],[-0.047718,47.230805],[-0.047817,47.230507],[-0.050807,47.231118],[-0.052066,47.229799],[-0.052717,47.230094],[-0.056264,47.223886],[-0.054353,47.22348],[-0.055419,47.221784],[-0.052425,47.22091],[-0.053793,47.220235],[-0.050154,47.219466],[-0.052278,47.217076],[-0.051835,47.215134],[-0.048818,47.215419],[-0.046283,47.213394],[-0.044806,47.212942],[-0.04383,47.211237],[-0.043717,47.209759],[-0.052912,47.209099],[-0.051631,47.207803],[-0.05152,47.20716],[-0.047865,47.201858],[-0.049992,47.201829],[-0.050159,47.203585],[-0.052699,47.203662],[-0.052662,47.205578],[-0.058787,47.205796],[-0.063033,47.206521],[-0.063422,47.204751],[-0.069332,47.205341],[-0.069244,47.2057],[-0.071469,47.206146],[-0.080034,47.20683],[-0.080454,47.205544],[-0.081982,47.203803],[-0.082098,47.202932],[-0.081405,47.200317],[-0.079668,47.198565],[-0.078002,47.195962],[-0.07645,47.194348],[-0.076217,47.193504],[-0.07645,47.192897],[-0.079447,47.18971],[-0.08238,47.183137],[-0.067381,47.18544],[-0.066947,47.183778],[-0.065166,47.180583],[-0.067652,47.17893],[-0.077187,47.175044],[-0.080667,47.172753],[-0.082519,47.17412],[-0.083776,47.176389],[-0.084145,47.178688],[-0.083908,47.18304],[-0.083054,47.185153],[-0.083536,47.189369],[-0.085819,47.187921],[-0.087411,47.18758],[-0.092083,47.187014],[-0.094665,47.188156],[-0.096434,47.187791],[-0.098053,47.188285],[-0.101105,47.187158],[-0.104226,47.188045],[-0.108812,47.188479],[-0.1105,47.189513],[-0.110621,47.190298],[-0.110132,47.190915],[-0.111334,47.191128],[-0.111339,47.192205],[-0.114536,47.192822],[-0.11294,47.196429],[-0.114248,47.196699],[-0.113708,47.197854],[-0.115439,47.198257],[-0.113237,47.199969],[-0.112427,47.202673],[-0.111232,47.204727],[-0.110761,47.20651],[-0.107096,47.212176],[-0.115329,47.2102],[-0.122681,47.207414],[-0.127288,47.204909],[-0.130982,47.205344],[-0.135342,47.204881],[-0.139325,47.209018],[-0.143809,47.207602],[-0.143727,47.208143],[-0.144859,47.208863],[-0.146499,47.208039],[-0.151585,47.206722],[-0.153033,47.20684],[-0.157892,47.208204],[-0.158623,47.207885],[-0.160472,47.208516],[-0.161892,47.209223],[-0.162512,47.210091],[-0.163435,47.210604],[-0.163223,47.210776]]],"type":"Polygon"},"properties":{"id_edu_college":"15","sc_college_nom":"Collège Mendès-France","sc_college_adr":"893, rue du Chemin Vert","sc_college_com":"SAUMUR","sc_college_com_del":null,"sc_college_tel":"02 41 50 19 12","sc_college_web":"http://pierre-mendes-france.anjou.e-lyco.fr","shape_area":59795198.86230469,"shape_length":55888.436018959976,"geo_point_2d":{"lon":-0.12155328139973993,"lat":47.22625434479787}}},{"type":"Feature","geometry":{"coordinates":[[[-0.670962,47.059794],[-0.671015,47.058753],[-0.669492,47.058145],[-0.668555,47.056361],[-0.66748,47.056247],[-0.668832,47.055342],[-0.667712,47.0547],[-0.66751,47.05413],[-0.664887,47.053037],[-0.662122,47.053073],[-0.660059,47.052733],[-0.658428,47.051603],[-0.658369,47.051143],[-0.657715,47.050677],[-0.656396,47.050438],[-0.655708,47.049999],[-0.65559,47.049466],[-0.654002,47.048902],[-0.653846,47.048231],[-0.652332,47.047207],[-0.652656,47.046567],[-0.652503,47.046151],[-0.651077,47.045507],[-0.650874,47.044608],[-0.649961,47.04441],[-0.649538,47.043848],[-0.646934,47.044294],[-0.643757,47.042563],[-0.641807,47.043271],[-0.640765,47.043157],[-0.640271,47.042818],[-0.640097,47.042217],[-0.638877,47.042121],[-0.638274,47.041578],[-0.638297,47.041048],[-0.635919,47.038404],[-0.634808,47.038482],[-0.634383,47.037986],[-0.631879,47.037508],[-0.631842,47.037097],[-0.632964,47.036906],[-0.633275,47.037133],[-0.634357,47.036611],[-0.637275,47.037655],[-0.63836,47.037429],[-0.639746,47.037991],[-0.642328,47.037836],[-0.64309,47.037288],[-0.644358,47.037189],[-0.646433,47.035905],[-0.646934,47.036002],[-0.648928,47.035353],[-0.649336,47.032886],[-0.648947,47.032782],[-0.647936,47.031211],[-0.647987,47.029182],[-0.648517,47.027494],[-0.649157,47.026366],[-0.653428,47.022558],[-0.655909,47.020951],[-0.657295,47.018798],[-0.659269,47.016891],[-0.660102,47.016328],[-0.665145,47.015],[-0.667132,47.013971],[-0.668456,47.011389],[-0.673421,47.012649],[-0.675227,47.012603],[-0.678099,47.011712],[-0.681783,47.007021],[-0.68208,47.006439],[-0.681785,47.005602],[-0.682687,47.004396],[-0.683368,47.005002],[-0.685653,47.005919],[-0.687321,47.006211],[-0.687363,47.005295],[-0.687718,47.00486],[-0.690897,47.002448],[-0.688987,47.000622],[-0.690321,47.000263],[-0.690813,46.999525],[-0.689892,46.99958],[-0.687756,46.998575],[-0.686416,46.996315],[-0.684621,46.995922],[-0.683827,46.996251],[-0.683676,46.995894],[-0.684373,46.995426],[-0.684201,46.99471],[-0.679356,46.992767],[-0.678529,46.992114],[-0.677686,46.989976],[-0.677876,46.989449],[-0.680188,46.987659],[-0.682981,46.98842],[-0.684255,46.988056],[-0.684673,46.988261],[-0.685178,46.98788],[-0.686463,46.98797],[-0.688358,46.989033],[-0.689541,46.99032],[-0.689713,46.990808],[-0.689141,46.992204],[-0.689629,46.993058],[-0.690601,46.992844],[-0.691223,46.993131],[-0.693412,46.992411],[-0.694464,46.993251],[-0.694304,46.993567],[-0.696033,46.994745],[-0.698582,46.994648],[-0.702543,46.997521],[-0.705287,46.998356],[-0.705436,46.999114],[-0.704953,46.999811],[-0.703472,47.000319],[-0.702612,47.000198],[-0.701219,47.00078],[-0.702626,47.001056],[-0.702004,47.002534],[-0.703012,47.002978],[-0.705387,47.002949],[-0.706111,47.001838],[-0.708904,47.004196],[-0.712468,47.005653],[-0.714866,47.005998],[-0.718195,47.005971],[-0.727514,47.007024],[-0.727825,47.007169],[-0.726156,47.008927],[-0.725022,47.009233],[-0.723989,47.010272],[-0.728237,47.010765],[-0.730023,47.012063],[-0.730979,47.013538],[-0.732931,47.013752],[-0.732747,47.014013],[-0.733588,47.014819],[-0.736467,47.016724],[-0.733355,47.019407],[-0.732227,47.019411],[-0.73104,47.020067],[-0.731123,47.020872],[-0.731658,47.02111],[-0.73168,47.022149],[-0.72872,47.02369],[-0.729204,47.024198],[-0.731155,47.023819],[-0.732346,47.024241],[-0.731279,47.024507],[-0.731092,47.024962],[-0.731401,47.025179],[-0.730801,47.026126],[-0.733405,47.026518],[-0.734619,47.027127],[-0.735556,47.028931],[-0.735083,47.029439],[-0.737378,47.029821],[-0.73518,47.03414],[-0.738173,47.034377],[-0.737912,47.035686],[-0.740705,47.037371],[-0.743888,47.041207],[-0.744501,47.041538],[-0.744698,47.042353],[-0.746778,47.042768],[-0.747394,47.042092],[-0.749876,47.041471],[-0.749756,47.044452],[-0.747734,47.048312],[-0.742213,47.051709],[-0.740936,47.051897],[-0.738161,47.051166],[-0.734449,47.051461],[-0.734874,47.054659],[-0.735288,47.055423],[-0.737187,47.057178],[-0.737533,47.059223],[-0.735937,47.059904],[-0.735601,47.060602],[-0.733823,47.062094],[-0.73364,47.063085],[-0.732561,47.06379],[-0.731935,47.065178],[-0.729198,47.065945],[-0.727209,47.065567],[-0.725225,47.065706],[-0.724893,47.066144],[-0.725139,47.068152],[-0.725699,47.068674],[-0.729448,47.070619],[-0.731332,47.071119],[-0.731774,47.073533],[-0.733559,47.074086],[-0.736457,47.073565],[-0.737618,47.073777],[-0.740139,47.074918],[-0.741323,47.075916],[-0.74353,47.077087],[-0.743741,47.077295],[-0.742656,47.080631],[-0.742817,47.081582],[-0.743234,47.081856],[-0.744689,47.082325],[-0.748348,47.082623],[-0.749095,47.081348],[-0.746348,47.080955],[-0.750329,47.078215],[-0.750531,47.077719],[-0.750461,47.075259],[-0.750837,47.073948],[-0.749501,47.072032],[-0.750489,47.071353],[-0.753449,47.071141],[-0.758765,47.071281],[-0.758069,47.072802],[-0.75853,47.072948],[-0.761075,47.077258],[-0.762918,47.076899],[-0.766941,47.076819],[-0.767951,47.076397],[-0.769463,47.076305],[-0.769883,47.075936],[-0.771412,47.077392],[-0.771893,47.07818],[-0.771491,47.078639],[-0.774284,47.082385],[-0.77771,47.080867],[-0.782266,47.080408],[-0.78316,47.079668],[-0.78607,47.078351],[-0.787822,47.077905],[-0.78867,47.076891],[-0.789006,47.075499],[-0.791094,47.074607],[-0.794301,47.074414],[-0.796839,47.072343],[-0.794926,47.0685],[-0.794715,47.06738],[-0.798264,47.067235],[-0.799616,47.066574],[-0.801224,47.06473],[-0.803335,47.063776],[-0.8085,47.063046],[-0.811349,47.063444],[-0.811672,47.064037],[-0.81192,47.067737],[-0.810554,47.068099],[-0.80826,47.069313],[-0.808567,47.069611],[-0.807205,47.070665],[-0.807696,47.07093],[-0.808248,47.070529],[-0.809082,47.071198],[-0.809233,47.071752],[-0.806607,47.072244],[-0.807562,47.073797],[-0.806648,47.074354],[-0.808561,47.075627],[-0.808406,47.077156],[-0.809489,47.078711],[-0.806712,47.081886],[-0.80623,47.083338],[-0.805891,47.087049],[-0.804815,47.088267],[-0.80682,47.08989],[-0.807722,47.089561],[-0.808081,47.08902],[-0.810581,47.090361],[-0.812367,47.089477],[-0.815181,47.092151],[-0.814557,47.092492],[-0.814081,47.093362],[-0.812993,47.093066],[-0.812752,47.093913],[-0.813516,47.094049],[-0.813139,47.094283],[-0.814129,47.094946],[-0.814597,47.094816],[-0.81664,47.095555],[-0.817475,47.094838],[-0.821675,47.095041],[-0.822252,47.094633],[-0.82311,47.094645],[-0.828013,47.090472],[-0.82916,47.088944],[-0.830344,47.086203],[-0.830652,47.084557],[-0.830369,47.081697],[-0.831314,47.079664],[-0.865976,47.063175],[-0.867891,47.064451],[-0.870105,47.065186],[-0.870804,47.064441],[-0.880863,47.067592],[-0.878365,47.07098],[-0.875331,47.073193],[-0.874211,47.074364],[-0.88292,47.075231],[-0.883813,47.077874],[-0.883809,47.07949],[-0.882926,47.082578],[-0.881986,47.084091],[-0.880534,47.085471],[-0.877872,47.087135],[-0.873967,47.088589],[-0.873134,47.091782],[-0.873165,47.092699],[-0.87007,47.092831],[-0.868115,47.092123],[-0.865677,47.09234],[-0.868018,47.092196],[-0.869325,47.092631],[-0.869696,47.093646],[-0.867946,47.094345],[-0.867328,47.095468],[-0.867749,47.095905],[-0.867526,47.097089],[-0.868341,47.09802],[-0.868134,47.098941],[-0.867015,47.100395],[-0.86433,47.101883],[-0.863786,47.102768],[-0.86185,47.101998],[-0.861565,47.101678],[-0.861859,47.101374],[-0.859145,47.099709],[-0.857499,47.099831],[-0.856785,47.101058],[-0.854649,47.102187],[-0.853742,47.102431],[-0.850994,47.102032],[-0.847956,47.100853],[-0.846647,47.097502],[-0.844926,47.097131],[-0.842728,47.09752],[-0.841419,47.09813],[-0.840775,47.098787],[-0.840387,47.099906],[-0.839409,47.100209],[-0.838872,47.100773],[-0.835022,47.101127],[-0.835515,47.101402],[-0.835439,47.101851],[-0.835894,47.101895],[-0.835517,47.102156],[-0.835627,47.102399],[-0.836249,47.102413],[-0.836003,47.102872],[-0.836575,47.103439],[-0.836316,47.103785],[-0.83815,47.104195],[-0.838208,47.104693],[-0.839604,47.105192],[-0.839702,47.105637],[-0.840276,47.106036],[-0.841693,47.106191],[-0.841872,47.106701],[-0.842748,47.106851],[-0.844314,47.10593],[-0.844967,47.106087],[-0.845222,47.106508],[-0.844668,47.106951],[-0.844904,47.107177],[-0.844565,47.107736],[-0.845325,47.108036],[-0.845193,47.108791],[-0.845839,47.108642],[-0.847765,47.109969],[-0.848033,47.110496],[-0.847819,47.111074],[-0.848342,47.111529],[-0.847933,47.111719],[-0.848841,47.112178],[-0.848359,47.112579],[-0.848384,47.113425],[-0.84916,47.113668],[-0.848813,47.114226],[-0.849317,47.114578],[-0.848837,47.114793],[-0.849323,47.115017],[-0.849287,47.11546],[-0.850032,47.115776],[-0.849994,47.116339],[-0.85026,47.116486],[-0.851951,47.116182],[-0.852694,47.116472],[-0.853647,47.115882],[-0.854824,47.116299],[-0.854874,47.117146],[-0.853631,47.117635],[-0.854411,47.118476],[-0.85293,47.119316],[-0.85178,47.119504],[-0.852203,47.120761],[-0.851693,47.120961],[-0.852057,47.121743],[-0.851476,47.122087],[-0.848797,47.122269],[-0.844662,47.12408],[-0.843678,47.12413],[-0.841828,47.123619],[-0.840796,47.127282],[-0.840025,47.128453],[-0.837557,47.130676],[-0.836173,47.131494],[-0.836424,47.13178],[-0.835234,47.132721],[-0.833271,47.133216],[-0.832784,47.13437],[-0.828905,47.138352],[-0.828928,47.140316],[-0.828458,47.141652],[-0.828871,47.142276],[-0.828278,47.142951],[-0.826856,47.143466],[-0.826874,47.144379],[-0.828115,47.144806],[-0.828692,47.145729],[-0.828533,47.145999],[-0.831054,47.146503],[-0.831988,47.147156],[-0.832282,47.149183],[-0.830629,47.151071],[-0.830325,47.152719],[-0.827803,47.152363],[-0.827569,47.153708],[-0.825337,47.156855],[-0.823513,47.15681],[-0.821728,47.15623],[-0.818054,47.154176],[-0.815281,47.155392],[-0.809541,47.156699],[-0.808284,47.157468],[-0.805691,47.156591],[-0.802353,47.157038],[-0.8017,47.153203],[-0.7999,47.151605],[-0.798743,47.152046],[-0.79675,47.150273],[-0.796446,47.14782],[-0.79404,47.147693],[-0.792867,47.147932],[-0.792366,47.147384],[-0.790662,47.148312],[-0.789696,47.147616],[-0.78854,47.149139],[-0.788176,47.149197],[-0.786425,47.1479],[-0.786251,47.146968],[-0.785197,47.146892],[-0.784825,47.142603],[-0.780047,47.143427],[-0.779442,47.143262],[-0.779097,47.143643],[-0.776545,47.14425],[-0.775934,47.142725],[-0.76298,47.14355],[-0.764525,47.140684],[-0.765204,47.138177],[-0.764681,47.137155],[-0.765445,47.134108],[-0.765193,47.13241],[-0.764166,47.130843],[-0.759873,47.130233],[-0.757279,47.129441],[-0.756912,47.128934],[-0.756982,47.128399],[-0.755748,47.127182],[-0.755615,47.126224],[-0.754714,47.126406],[-0.753305,47.128401],[-0.748193,47.127567],[-0.747417,47.127342],[-0.747465,47.126936],[-0.747113,47.127309],[-0.743658,47.127853],[-0.741411,47.129576],[-0.740311,47.130005],[-0.729275,47.128534],[-0.727239,47.1286],[-0.726214,47.127882],[-0.723621,47.128301],[-0.722145,47.128122],[-0.719932,47.128783],[-0.720287,47.129475],[-0.719668,47.130166],[-0.719769,47.130794],[-0.715656,47.132769],[-0.714892,47.132367],[-0.712764,47.13287],[-0.709731,47.132601],[-0.706937,47.130723],[-0.705908,47.131881],[-0.703497,47.131179],[-0.701852,47.130356],[-0.702075,47.129332],[-0.70149,47.127601],[-0.699315,47.1292],[-0.697924,47.129176],[-0.696088,47.129613],[-0.695239,47.12993],[-0.694172,47.130908],[-0.692463,47.129899],[-0.689827,47.129918],[-0.686717,47.129421],[-0.681767,47.128092],[-0.68292,47.126585],[-0.684505,47.126526],[-0.684798,47.126087],[-0.684755,47.125494],[-0.682613,47.123098],[-0.677814,47.123619],[-0.678159,47.121801],[-0.677476,47.121176],[-0.675607,47.120755],[-0.675121,47.120315],[-0.67459,47.120744],[-0.6743,47.119667],[-0.674682,47.119355],[-0.67465,47.118855],[-0.673582,47.118446],[-0.672833,47.118594],[-0.672623,47.117902],[-0.673997,47.116833],[-0.67585,47.115941],[-0.681569,47.114958],[-0.681473,47.11469],[-0.680939,47.114711],[-0.680471,47.113357],[-0.681568,47.112307],[-0.680532,47.110944],[-0.679597,47.110353],[-0.677923,47.110927],[-0.678006,47.110185],[-0.679067,47.108147],[-0.678815,47.107512],[-0.6782,47.107043],[-0.677075,47.106982],[-0.676303,47.107318],[-0.67621,47.107911],[-0.675816,47.10794],[-0.675262,47.106471],[-0.678604,47.106087],[-0.679145,47.1057],[-0.679091,47.104686],[-0.679684,47.103813],[-0.67499,47.103154],[-0.67282,47.102233],[-0.671231,47.10215],[-0.669883,47.102271],[-0.668634,47.103776],[-0.667921,47.103545],[-0.667538,47.103896],[-0.665621,47.103771],[-0.665897,47.10273],[-0.665353,47.102744],[-0.665714,47.102213],[-0.662362,47.101923],[-0.660002,47.101126],[-0.658501,47.101356],[-0.657893,47.102373],[-0.656618,47.101965],[-0.656915,47.101223],[-0.655392,47.100941],[-0.653088,47.101799],[-0.651224,47.101455],[-0.651948,47.1],[-0.649229,47.099467],[-0.650125,47.09746],[-0.648378,47.09747],[-0.647565,47.095619],[-0.647649,47.095064],[-0.646957,47.095022],[-0.646575,47.094072],[-0.645273,47.093109],[-0.641813,47.092053],[-0.63786,47.091703],[-0.637651,47.09106],[-0.637652,47.09047],[-0.638183,47.089634],[-0.641338,47.090051],[-0.642257,47.089648],[-0.64237,47.089073],[-0.643172,47.089066],[-0.646129,47.084418],[-0.643347,47.082918],[-0.647562,47.079778],[-0.648445,47.078789],[-0.648951,47.076997],[-0.651561,47.07595],[-0.651984,47.075221],[-0.65292,47.075464],[-0.654833,47.074486],[-0.655541,47.073113],[-0.654881,47.072789],[-0.655853,47.071904],[-0.657089,47.071364],[-0.657393,47.071683],[-0.661263,47.071337],[-0.666043,47.067511],[-0.665827,47.06712],[-0.667864,47.065282],[-0.670996,47.063049],[-0.670983,47.062311],[-0.670305,47.061341],[-0.670274,47.059783],[-0.670962,47.059794]]],"type":"Polygon"},"properties":{"id_edu_college":"5","sc_college_nom":"Collège République","sc_college_adr":"6, place de la République","sc_college_com":"CHOLET","sc_college_com_del":null,"sc_college_tel":"02 41 62 31 62","sc_college_web":"http://republique.anjou.e-lyco.fr","shape_area":147796688.45092773,"shape_length":107662.27301531985,"geo_point_2d":{"lon":-0.7441914825809288,"lat":47.0836054527957}}},{"type":"Feature","geometry":{"coordinates":[[[-0.508143,47.489463],[-0.512905,47.484423],[-0.516073,47.485361],[-0.514305,47.486285],[-0.516429,47.487879],[-0.521951,47.489986],[-0.522288,47.492995],[-0.522565,47.493477],[-0.522989,47.493448],[-0.523228,47.494268],[-0.52519,47.494615],[-0.526791,47.495418],[-0.526547,47.496358],[-0.533912,47.499407],[-0.530951,47.502552],[-0.529218,47.505469],[-0.527041,47.507644],[-0.524354,47.511401],[-0.523569,47.513528],[-0.523557,47.516901],[-0.526055,47.523355],[-0.527142,47.524728],[-0.529952,47.526328],[-0.530585,47.526392],[-0.532395,47.527809],[-0.534042,47.528128],[-0.535329,47.529021],[-0.540513,47.530683],[-0.541716,47.530653],[-0.542735,47.531043],[-0.546089,47.532869],[-0.547259,47.533864],[-0.5485,47.536335],[-0.548085,47.538685],[-0.548817,47.541367],[-0.548886,47.543653],[-0.548769,47.545213],[-0.548172,47.546927],[-0.546758,47.549182],[-0.546016,47.549845],[-0.541886,47.550642],[-0.536856,47.552666],[-0.537246,47.553485],[-0.537227,47.554922],[-0.53583,47.557127],[-0.533731,47.558129],[-0.534223,47.558936],[-0.534359,47.560247],[-0.534069,47.561091],[-0.533485,47.561616],[-0.531078,47.562052],[-0.529499,47.561315],[-0.52642,47.562239],[-0.522147,47.561839],[-0.51519,47.564705],[-0.514894,47.565239],[-0.515817,47.566097],[-0.519309,47.568485],[-0.521047,47.572972],[-0.522153,47.578153],[-0.520307,47.581426],[-0.518653,47.581944],[-0.517743,47.583188],[-0.517483,47.584226],[-0.511908,47.585787],[-0.508667,47.588133],[-0.507879,47.589186],[-0.507934,47.590206],[-0.509736,47.592538],[-0.509443,47.594822],[-0.510545,47.595647],[-0.511109,47.596752],[-0.511025,47.597373],[-0.512051,47.598575],[-0.512147,47.599202],[-0.511497,47.600635],[-0.510447,47.601811],[-0.508184,47.602504],[-0.506749,47.601612],[-0.505952,47.601488],[-0.503888,47.59888],[-0.501483,47.596978],[-0.496956,47.597948],[-0.493477,47.597276],[-0.491986,47.598348],[-0.489943,47.597505],[-0.487644,47.596176],[-0.485814,47.594301],[-0.484122,47.59318],[-0.483459,47.591658],[-0.483977,47.591138],[-0.483079,47.590028],[-0.481203,47.589063],[-0.480304,47.587684],[-0.474965,47.589243],[-0.472529,47.589631],[-0.470221,47.589556],[-0.462622,47.592167],[-0.458499,47.592611],[-0.457142,47.592435],[-0.456498,47.592069],[-0.45661,47.591388],[-0.460401,47.588787],[-0.461958,47.58831],[-0.462837,47.585771],[-0.463901,47.585006],[-0.463532,47.583983],[-0.463784,47.582566],[-0.461914,47.578667],[-0.465068,47.578405],[-0.467207,47.576874],[-0.468152,47.575087],[-0.467858,47.57376],[-0.473958,47.572088],[-0.47582,47.570821],[-0.477433,47.570703],[-0.479119,47.570137],[-0.48119,47.570294],[-0.482701,47.57076],[-0.486948,47.570886],[-0.488405,47.571296],[-0.489189,47.571132],[-0.490167,47.570305],[-0.491707,47.570413],[-0.494162,47.569689],[-0.496943,47.567354],[-0.497441,47.566481],[-0.497376,47.565238],[-0.496281,47.564129],[-0.499023,47.562061],[-0.499192,47.561554],[-0.498898,47.560521],[-0.50044,47.559257],[-0.500979,47.55737],[-0.500149,47.556871],[-0.498357,47.554746],[-0.499015,47.553193],[-0.494989,47.550633],[-0.493666,47.549289],[-0.492427,47.545714],[-0.492286,47.544403],[-0.492613,47.543833],[-0.493911,47.542963],[-0.493285,47.542692],[-0.490782,47.542717],[-0.489772,47.542144],[-0.489293,47.541818],[-0.490285,47.539963],[-0.482549,47.535335],[-0.477659,47.53446],[-0.477601,47.533473],[-0.474652,47.533767],[-0.47402,47.53433],[-0.473148,47.534422],[-0.472096,47.533631],[-0.468383,47.535728],[-0.467061,47.536861],[-0.466364,47.536867],[-0.464931,47.53762],[-0.46482,47.538251],[-0.464,47.538791],[-0.463934,47.539227],[-0.464453,47.540882],[-0.465118,47.541796],[-0.466089,47.545979],[-0.465313,47.547795],[-0.461951,47.548447],[-0.460509,47.549595],[-0.451428,47.543852],[-0.451121,47.541976],[-0.451224,47.540006],[-0.45063,47.53966],[-0.451084,47.53883],[-0.450466,47.538166],[-0.450287,47.537109],[-0.450597,47.536954],[-0.449141,47.536915],[-0.448903,47.536494],[-0.448769,47.536079],[-0.449347,47.534828],[-0.448832,47.533444],[-0.445917,47.533084],[-0.442263,47.533712],[-0.438807,47.533542],[-0.434753,47.533787],[-0.434478,47.531055],[-0.433675,47.529479],[-0.434259,47.527002],[-0.435524,47.524108],[-0.435706,47.521745],[-0.435981,47.521727],[-0.436262,47.515221],[-0.43816,47.515298],[-0.439107,47.514855],[-0.439246,47.514049],[-0.440577,47.513406],[-0.441597,47.512036],[-0.441716,47.51116],[-0.440853,47.511258],[-0.439606,47.510212],[-0.439992,47.509324],[-0.436798,47.507495],[-0.439886,47.504557],[-0.440288,47.504739],[-0.445528,47.498262],[-0.446902,47.498499],[-0.446666,47.49903],[-0.44882,47.499852],[-0.449689,47.498886],[-0.453677,47.498309],[-0.453243,47.497899],[-0.455038,47.496603],[-0.455753,47.49697],[-0.456848,47.496559],[-0.456598,47.496173],[-0.457271,47.496112],[-0.456966,47.49571],[-0.458699,47.494417],[-0.458674,47.492606],[-0.461014,47.491858],[-0.466922,47.488298],[-0.476868,47.486748],[-0.487001,47.486936],[-0.490051,47.487409],[-0.497192,47.487508],[-0.502769,47.489333],[-0.507297,47.489902],[-0.508143,47.489463]]],"type":"Polygon"},"properties":{"id_edu_college":"49","sc_college_nom":"Collège Debussy","sc_college_adr":"4, rue du Colonel Léon Faye","sc_college_com":"ANGERS","sc_college_com_del":null,"sc_college_tel":"02 41 43 58 81","sc_college_web":"http://claude-debussy.anjou.e-lyco.fr","shape_area":58212274.1262207,"shape_length":50974.67496444154,"geo_point_2d":{"lon":-0.49300245284802807,"lat":47.534081138291896}}},{"type":"Feature","geometry":{"coordinates":[[[-0.058214,47.232861],[-0.059204,47.233374],[-0.059818,47.235063],[-0.061769,47.23686],[-0.063993,47.238059],[-0.064831,47.239144],[-0.066742,47.239951],[-0.069003,47.242873],[-0.070864,47.246968],[-0.072431,47.247928],[-0.073863,47.24935],[-0.073858,47.250674],[-0.077267,47.24961],[-0.077266,47.249357],[-0.085476,47.253657],[-0.086162,47.253086],[-0.088589,47.254205],[-0.090237,47.255332],[-0.092825,47.259947],[-0.093028,47.261805],[-0.095275,47.263068],[-0.09693,47.260635],[-0.098357,47.256729],[-0.100646,47.253547],[-0.102272,47.250309],[-0.107793,47.245033],[-0.111884,47.244311],[-0.112821,47.244701],[-0.113431,47.245615],[-0.114854,47.246383],[-0.11599,47.247495],[-0.115641,47.248294],[-0.115819,47.249694],[-0.124182,47.249506],[-0.125734,47.251598],[-0.125892,47.253],[-0.12465,47.253965],[-0.127172,47.255528],[-0.128699,47.255969],[-0.130776,47.257537],[-0.135005,47.259285],[-0.135771,47.260014],[-0.137085,47.260374],[-0.139032,47.261605],[-0.140935,47.265682],[-0.143451,47.26718],[-0.14429,47.268291],[-0.145693,47.268661],[-0.146047,47.269205],[-0.154258,47.268513],[-0.154408,47.266783],[-0.156366,47.263616],[-0.157256,47.262806],[-0.159841,47.262747],[-0.159873,47.261507],[-0.1594,47.261183],[-0.161751,47.258545],[-0.159765,47.257243],[-0.161381,47.252142],[-0.162212,47.251171],[-0.16392,47.251397],[-0.166358,47.250785],[-0.169526,47.253498],[-0.169735,47.252867],[-0.175011,47.248055],[-0.176571,47.247447],[-0.179097,47.245351],[-0.179509,47.244403],[-0.180413,47.243865],[-0.180643,47.243042],[-0.182337,47.242779],[-0.183686,47.243479],[-0.191315,47.242689],[-0.192535,47.242233],[-0.194708,47.243421],[-0.195211,47.244841],[-0.196606,47.24606],[-0.195906,47.246863],[-0.195651,47.248368],[-0.195966,47.250395],[-0.195578,47.250738],[-0.195273,47.251907],[-0.195415,47.254543],[-0.196082,47.255525],[-0.19794,47.261371],[-0.199819,47.262236],[-0.202511,47.262558],[-0.203609,47.261778],[-0.205411,47.262024],[-0.208627,47.261643],[-0.214498,47.263215],[-0.218443,47.263547],[-0.219198,47.264162],[-0.220332,47.264207],[-0.219736,47.268913],[-0.224654,47.269676],[-0.225525,47.270563],[-0.225135,47.271944],[-0.22415,47.273217],[-0.224512,47.2733],[-0.224576,47.274842],[-0.224046,47.27586],[-0.224634,47.276847],[-0.220309,47.280047],[-0.218841,47.282686],[-0.210698,47.283543],[-0.203852,47.28633],[-0.20247,47.286407],[-0.201529,47.287063],[-0.195171,47.287684],[-0.194659,47.28826],[-0.191962,47.289264],[-0.191658,47.289715],[-0.191384,47.289322],[-0.191556,47.288529],[-0.190717,47.287291],[-0.188593,47.287891],[-0.185451,47.28455],[-0.183024,47.285834],[-0.180121,47.285196],[-0.177094,47.283495],[-0.174619,47.284439],[-0.169865,47.283194],[-0.169594,47.283503],[-0.168652,47.283405],[-0.167143,47.283852],[-0.166039,47.283503],[-0.164375,47.284396],[-0.163799,47.284048],[-0.161838,47.285644],[-0.158989,47.28689],[-0.158765,47.28659],[-0.157029,47.287292],[-0.149965,47.290852],[-0.149811,47.290639],[-0.148402,47.290785],[-0.147819,47.291331],[-0.147491,47.291073],[-0.146353,47.291314],[-0.145217,47.292107],[-0.144178,47.294258],[-0.143041,47.295291],[-0.139052,47.295927],[-0.135991,47.298068],[-0.127251,47.293867],[-0.123939,47.293216],[-0.101647,47.27704],[-0.088906,47.26835],[-0.088565,47.268556],[-0.087672,47.270941],[-0.084168,47.272879],[-0.077655,47.270489],[-0.071524,47.266825],[-0.066287,47.262179],[-0.057312,47.257052],[-0.056948,47.255254],[-0.04569,47.253162],[-0.037422,47.250847],[-0.02117,47.249304],[-0.008855,47.246463],[-0.004275,47.245121],[-0.000376,47.243114],[0.001461,47.242496],[0.002932,47.242495],[0.006075,47.24064],[0.008827,47.23817],[0.010216,47.237493],[0.021908,47.233778],[0.030524,47.231895],[0.033703,47.230709],[0.033553,47.230423],[0.048454,47.225092],[0.052824,47.222697],[0.055236,47.22064],[0.059444,47.218548],[0.06095,47.220764],[0.063644,47.221431],[0.066911,47.221225],[0.068612,47.220389],[0.07127,47.219661],[0.072393,47.219994],[0.076692,47.220292],[0.076742,47.219113],[0.07741,47.219232],[0.078023,47.217861],[0.078872,47.217809],[0.079205,47.216763],[0.076237,47.216103],[0.074519,47.214442],[0.068186,47.215783],[0.066566,47.214155],[0.067181,47.213498],[0.065712,47.213336],[0.065618,47.212875],[0.066102,47.212055],[0.067107,47.212001],[0.066936,47.211301],[0.062389,47.207583],[0.060642,47.208555],[0.058938,47.206668],[0.057779,47.203156],[0.056901,47.201601],[0.055366,47.200028],[0.053578,47.199317],[0.05373,47.198288],[0.052739,47.196668],[0.05446,47.194855],[0.055219,47.194461],[0.057983,47.194041],[0.061889,47.190433],[0.066521,47.189663],[0.065104,47.182566],[0.063182,47.176302],[0.061217,47.173799],[0.059571,47.172436],[0.058473,47.168963],[0.055267,47.166058],[0.053907,47.163679],[0.052519,47.166834],[0.051445,47.167173],[0.049201,47.168944],[0.047566,47.16759],[0.046306,47.165704],[0.040137,47.163779],[0.036734,47.160931],[0.036264,47.160045],[0.018884,47.175991],[0.012045,47.181122],[0.006043,47.183853],[-0.003742,47.187563],[-0.010187,47.188543],[-0.011409,47.189247],[-0.014399,47.190144],[-0.014154,47.192765],[-0.011746,47.191984],[-0.011094,47.192527],[-0.009193,47.192348],[-0.0089,47.192623],[-0.01023,47.198566],[-0.014811,47.197306],[-0.018191,47.196875],[-0.021607,47.197434],[-0.030748,47.200087],[-0.03435,47.200469],[-0.038137,47.20214],[-0.041617,47.202808],[-0.045021,47.200231],[-0.046324,47.199644],[-0.05152,47.20716],[-0.051631,47.207803],[-0.052912,47.209099],[-0.043717,47.209759],[-0.04383,47.211237],[-0.044806,47.212942],[-0.046283,47.213394],[-0.048818,47.215419],[-0.051835,47.215134],[-0.052278,47.217076],[-0.050154,47.219466],[-0.053793,47.220235],[-0.052425,47.22091],[-0.055419,47.221784],[-0.054353,47.22348],[-0.056264,47.223886],[-0.052717,47.230094],[-0.052066,47.229799],[-0.050807,47.231118],[-0.047817,47.230507],[-0.047718,47.230805],[-0.046069,47.230736],[-0.045043,47.232928],[-0.045094,47.234188],[-0.046189,47.233388],[-0.048455,47.232783],[-0.052622,47.233532],[-0.054101,47.233049],[-0.058214,47.232861]]],"type":"Polygon"},"properties":{"id_edu_college":"18","sc_college_nom":"Collège Delessert","sc_college_adr":"Boulevard Delessert","sc_college_com":"SAUMUR","sc_college_com_del":null,"sc_college_tel":"02 41 40 26 60","sc_college_web":"http://benjamin-delessert.anjou.e-lyco.fr","shape_area":94594616.42651367,"shape_length":81220.0878897745,"geo_point_2d":{"lon":-0.05650139238977442,"lat":47.23511522102325}}},{"type":"Feature","geometry":{"coordinates":[[[-0.657556,47.469123],[-0.659446,47.470882],[-0.661708,47.472408],[-0.663883,47.47254],[-0.664763,47.472235],[-0.665468,47.471382],[-0.665964,47.471637],[-0.665399,47.472105],[-0.665343,47.472561],[-0.666076,47.473156],[-0.669113,47.473407],[-0.671276,47.472988],[-0.671053,47.473662],[-0.673921,47.473827],[-0.674149,47.47312],[-0.67655,47.473114],[-0.679597,47.473565],[-0.681692,47.473431],[-0.68517,47.471774],[-0.687732,47.470008],[-0.688494,47.469804],[-0.691962,47.470007],[-0.693237,47.470338],[-0.698029,47.473545],[-0.69833,47.473269],[-0.69924,47.473721],[-0.700515,47.474817],[-0.703509,47.475301],[-0.707966,47.476678],[-0.710876,47.478023],[-0.714488,47.478414],[-0.715884,47.479224],[-0.717338,47.480629],[-0.716516,47.480702],[-0.715689,47.481749],[-0.717718,47.481909],[-0.717454,47.482273],[-0.718863,47.482917],[-0.720721,47.482828],[-0.720681,47.483143],[-0.721792,47.483247],[-0.724424,47.483073],[-0.725319,47.48351],[-0.726089,47.482436],[-0.726777,47.482609],[-0.727497,47.48213],[-0.727126,47.48134],[-0.727332,47.480054],[-0.728075,47.47896],[-0.730689,47.480437],[-0.732868,47.482652],[-0.734859,47.483576],[-0.734988,47.484363],[-0.736868,47.486773],[-0.737443,47.492881],[-0.735994,47.494502],[-0.735193,47.494521],[-0.735224,47.495374],[-0.736042,47.496767],[-0.737181,47.496774],[-0.737172,47.497616],[-0.736739,47.498162],[-0.737513,47.499122],[-0.738864,47.499263],[-0.738676,47.500202],[-0.740392,47.500588],[-0.741738,47.50044],[-0.742525,47.502598],[-0.744275,47.50238],[-0.745712,47.503012],[-0.74722,47.502139],[-0.748164,47.502336],[-0.749428,47.501743],[-0.750477,47.504072],[-0.750456,47.505722],[-0.749914,47.506705],[-0.750017,47.507751],[-0.750424,47.507758],[-0.750853,47.506588],[-0.755067,47.507247],[-0.754813,47.508529],[-0.75394,47.510052],[-0.755322,47.5103],[-0.755743,47.509551],[-0.758808,47.510356],[-0.762836,47.510571],[-0.76459,47.511063],[-0.787062,47.520441],[-0.786628,47.523043],[-0.78122,47.530276],[-0.774383,47.528987],[-0.770448,47.529148],[-0.769714,47.531679],[-0.774137,47.532658],[-0.773991,47.53423],[-0.773656,47.534907],[-0.769875,47.534583],[-0.767219,47.53536],[-0.766726,47.53633],[-0.765488,47.537109],[-0.765526,47.538352],[-0.765959,47.538372],[-0.765732,47.540186],[-0.76438,47.539625],[-0.764341,47.541737],[-0.763328,47.5442],[-0.764471,47.544576],[-0.764233,47.547318],[-0.764902,47.549637],[-0.762735,47.550148],[-0.762873,47.552761],[-0.76092,47.552721],[-0.761295,47.553452],[-0.760737,47.554438],[-0.762765,47.554678],[-0.761676,47.556119],[-0.761136,47.557903],[-0.763294,47.558173],[-0.763097,47.55907],[-0.760673,47.558768],[-0.760698,47.559251],[-0.76028,47.559399],[-0.757724,47.559088],[-0.744729,47.562513],[-0.740924,47.562417],[-0.728988,47.559729],[-0.719056,47.556606],[-0.71766,47.556788],[-0.714516,47.555048],[-0.708366,47.55255],[-0.706749,47.551504],[-0.706192,47.550681],[-0.703313,47.550049],[-0.705772,47.547815],[-0.702822,47.545584],[-0.707833,47.544792],[-0.707948,47.544174],[-0.706012,47.543815],[-0.708043,47.54302],[-0.709141,47.541748],[-0.709725,47.541684],[-0.709716,47.540838],[-0.709182,47.540467],[-0.709292,47.539717],[-0.709766,47.539727],[-0.709929,47.538887],[-0.709424,47.538712],[-0.709351,47.537942],[-0.708411,47.53722],[-0.707885,47.537067],[-0.706293,47.537784],[-0.704257,47.537005],[-0.705238,47.534912],[-0.703736,47.534532],[-0.705061,47.532938],[-0.705261,47.532184],[-0.709266,47.531941],[-0.708356,47.530771],[-0.708762,47.529649],[-0.706884,47.528899],[-0.707349,47.527885],[-0.708018,47.527937],[-0.708324,47.527112],[-0.708781,47.526798],[-0.710708,47.527233],[-0.7112,47.526462],[-0.708679,47.525926],[-0.710432,47.524741],[-0.711507,47.523405],[-0.710185,47.52315],[-0.710541,47.522144],[-0.712449,47.522533],[-0.714042,47.520811],[-0.713343,47.520758],[-0.713601,47.51982],[-0.713086,47.519102],[-0.712924,47.517775],[-0.708351,47.517936],[-0.708228,47.517009],[-0.708497,47.516282],[-0.705868,47.5158],[-0.707314,47.514686],[-0.704629,47.5134],[-0.702634,47.513334],[-0.701361,47.515006],[-0.699761,47.514857],[-0.700016,47.51425],[-0.698649,47.513992],[-0.699138,47.513115],[-0.701088,47.513388],[-0.699239,47.512886],[-0.699356,47.512627],[-0.697102,47.511734],[-0.697327,47.510807],[-0.699398,47.511332],[-0.699714,47.510844],[-0.694617,47.506911],[-0.693262,47.508693],[-0.690631,47.50823],[-0.69132,47.507231],[-0.68946,47.50661],[-0.687858,47.508829],[-0.684968,47.508285],[-0.683119,47.509382],[-0.681649,47.508657],[-0.682744,47.507581],[-0.683283,47.507782],[-0.683671,47.506566],[-0.685984,47.506626],[-0.685136,47.504404],[-0.68299,47.504494],[-0.682103,47.507386],[-0.680237,47.506478],[-0.677711,47.50389],[-0.672211,47.500668],[-0.672661,47.499478],[-0.673377,47.499085],[-0.6714,47.498609],[-0.671122,47.498952],[-0.670784,47.498796],[-0.669626,47.500138],[-0.662725,47.497525],[-0.662011,47.497611],[-0.659521,47.49989],[-0.659448,47.499067],[-0.658627,47.498027],[-0.657615,47.498912],[-0.656001,47.498275],[-0.65468,47.499299],[-0.654239,47.498673],[-0.652999,47.499002],[-0.64779,47.496606],[-0.645252,47.496393],[-0.645258,47.49722],[-0.644345,47.498617],[-0.645748,47.498926],[-0.642477,47.500691],[-0.642096,47.501851],[-0.640471,47.501454],[-0.640436,47.501105],[-0.63956,47.500402],[-0.638401,47.500682],[-0.638129,47.500287],[-0.637399,47.500234],[-0.637037,47.50065],[-0.636563,47.500403],[-0.635736,47.50082],[-0.635136,47.500674],[-0.635245,47.500335],[-0.634768,47.500167],[-0.634242,47.500311],[-0.634427,47.500762],[-0.633056,47.500479],[-0.632893,47.500029],[-0.63185,47.50044],[-0.631018,47.500192],[-0.63081,47.499785],[-0.630193,47.499918],[-0.6302,47.499583],[-0.629252,47.499435],[-0.629497,47.499077],[-0.629005,47.498661],[-0.627517,47.498563],[-0.628307,47.496919],[-0.622575,47.494759],[-0.620277,47.495169],[-0.619918,47.495705],[-0.617596,47.495077],[-0.615328,47.493951],[-0.614218,47.491982],[-0.614717,47.490907],[-0.609497,47.489446],[-0.609931,47.488861],[-0.6077,47.488592],[-0.60774,47.487573],[-0.606049,47.486673],[-0.604048,47.486171],[-0.601291,47.486466],[-0.600293,47.486232],[-0.599958,47.48574],[-0.600245,47.483705],[-0.586779,47.482507],[-0.586012,47.481842],[-0.583117,47.481297],[-0.583256,47.48096],[-0.581622,47.48093],[-0.582604,47.479492],[-0.579889,47.478648],[-0.579853,47.478329],[-0.58208,47.476378],[-0.58187,47.476014],[-0.580868,47.475691],[-0.57823,47.47527],[-0.577132,47.474415],[-0.5772,47.473608],[-0.580134,47.473435],[-0.585843,47.472055],[-0.592809,47.472091],[-0.597863,47.472478],[-0.607413,47.4705],[-0.610692,47.469239],[-0.609825,47.467883],[-0.60893,47.467803],[-0.608981,47.465754],[-0.605589,47.465227],[-0.606152,47.463524],[-0.609985,47.463281],[-0.611074,47.463811],[-0.610797,47.464089],[-0.611104,47.464257],[-0.612686,47.464286],[-0.615546,47.463126],[-0.617726,47.460195],[-0.614042,47.456735],[-0.613688,47.455728],[-0.613825,47.454916],[-0.616251,47.453716],[-0.617869,47.452417],[-0.619252,47.450786],[-0.623388,47.450681],[-0.625158,47.449492],[-0.625809,47.447918],[-0.627395,47.44794],[-0.630388,47.446513],[-0.633453,47.447631],[-0.641292,47.448756],[-0.644976,47.451145],[-0.646491,47.452518],[-0.651361,47.454684],[-0.650902,47.455866],[-0.649949,47.45657],[-0.651905,47.457521],[-0.651871,47.4578],[-0.653931,47.458994],[-0.653803,47.459314],[-0.654718,47.459569],[-0.656642,47.461938],[-0.656274,47.462851],[-0.657785,47.463142],[-0.658537,47.464716],[-0.659618,47.465195],[-0.657927,47.467804],[-0.657556,47.469123]]],"type":"Polygon"},"properties":{"id_edu_college":"42","sc_college_nom":"Collège Rabelais","sc_college_adr":"1, rue Pierre Melgrani","sc_college_com":"ANGERS","sc_college_com_del":null,"sc_college_tel":"02 41 48 12 06","sc_college_web":"http://francois-rabelais.anjou.e-lyco.fr","shape_area":68464280.74243164,"shape_length":64543.44014986248,"geo_point_2d":{"lon":-0.6935544781306657,"lat":47.502635285473076}}},{"type":"Feature","geometry":{"coordinates":[[[-0.558346,47.4732],[-0.557186,47.474333],[-0.553856,47.478946],[-0.547824,47.488057],[-0.546482,47.489412],[-0.545556,47.488839],[-0.539518,47.486989],[-0.541243,47.485247],[-0.540848,47.485091],[-0.541319,47.481227],[-0.541172,47.479731],[-0.543636,47.478201],[-0.545087,47.476188],[-0.543118,47.475377],[-0.54152,47.474192],[-0.543465,47.471522],[-0.542072,47.471937],[-0.541302,47.471536],[-0.542483,47.469862],[-0.533413,47.466793],[-0.532067,47.466978],[-0.53087,47.4658],[-0.532021,47.465625],[-0.534765,47.464258],[-0.533642,47.463722],[-0.535779,47.461255],[-0.537148,47.46016],[-0.536646,47.459819],[-0.541222,47.456221],[-0.542491,47.45703],[-0.543371,47.456207],[-0.540833,47.452618],[-0.544869,47.451851],[-0.545418,47.45343],[-0.551263,47.456005],[-0.551758,47.458573],[-0.555321,47.458124],[-0.558476,47.459624],[-0.558518,47.460022],[-0.560311,47.459443],[-0.563694,47.463372],[-0.565584,47.464707],[-0.568798,47.467688],[-0.558346,47.4732]]],"type":"Polygon"},"properties":{"id_edu_college":"46","sc_college_nom":"Collège David d'Angers","sc_college_adr":"1, rue Paul Langevin","sc_college_com":"ANGERS","sc_college_com_del":null,"sc_college_tel":"02 41 88 49 61","sc_college_web":"http://david-angers.paysdelaloire.e-lyco.fr","shape_area":5034905.959716797,"shape_length":12495.215158672561,"geo_point_2d":{"lon":-0.5491975090965322,"lat":47.468828493101945}}},{"type":"Feature","geometry":{"coordinates":[[[-0.59329,47.523237],[-0.594129,47.524408],[-0.597269,47.524188],[-0.597706,47.523268],[-0.599783,47.522409],[-0.601945,47.523158],[-0.605723,47.522196],[-0.608252,47.522372],[-0.609203,47.522107],[-0.610641,47.520779],[-0.615075,47.523574],[-0.61762,47.521968],[-0.618318,47.521075],[-0.623212,47.522331],[-0.624139,47.521708],[-0.626199,47.523031],[-0.626714,47.522384],[-0.629495,47.522213],[-0.631192,47.5231],[-0.632224,47.521989],[-0.63312,47.522966],[-0.631077,47.524517],[-0.631212,47.524903],[-0.632185,47.525282],[-0.631979,47.525503],[-0.632952,47.526312],[-0.632335,47.526821],[-0.632432,47.528283],[-0.633576,47.52971],[-0.632661,47.53078],[-0.635152,47.532343],[-0.634789,47.532575],[-0.638008,47.533757],[-0.639409,47.533275],[-0.641149,47.533321],[-0.642186,47.530711],[-0.643048,47.529992],[-0.644425,47.531626],[-0.642284,47.533708],[-0.640316,47.536734],[-0.647656,47.538011],[-0.651991,47.539387],[-0.65734,47.539862],[-0.658009,47.53827],[-0.661322,47.538789],[-0.661561,47.537443],[-0.662503,47.536781],[-0.664048,47.537209],[-0.664134,47.535488],[-0.665187,47.535519],[-0.665035,47.537049],[-0.666473,47.536797],[-0.666282,47.538699],[-0.66747,47.538517],[-0.667502,47.539799],[-0.674597,47.540941],[-0.675,47.540964],[-0.675047,47.540547],[-0.675545,47.540583],[-0.676756,47.541135],[-0.67819,47.541086],[-0.678353,47.540233],[-0.679941,47.540611],[-0.679741,47.541252],[-0.680698,47.541504],[-0.681332,47.540272],[-0.681889,47.539959],[-0.685501,47.540437],[-0.685732,47.540646],[-0.684965,47.541353],[-0.683993,47.543049],[-0.685223,47.543429],[-0.684683,47.544484],[-0.688172,47.545628],[-0.688852,47.544388],[-0.691747,47.54504],[-0.69143,47.5465],[-0.692341,47.546748],[-0.692763,47.545445],[-0.694964,47.546053],[-0.69452,47.547081],[-0.695202,47.547326],[-0.694644,47.548322],[-0.694917,47.548395],[-0.694797,47.548723],[-0.695462,47.548949],[-0.696335,47.547806],[-0.702411,47.551062],[-0.702893,47.550017],[-0.706069,47.550632],[-0.706749,47.551504],[-0.708366,47.55255],[-0.714516,47.555048],[-0.71766,47.556788],[-0.719056,47.556606],[-0.728988,47.559729],[-0.737338,47.561609],[-0.73314,47.564637],[-0.732053,47.563874],[-0.729587,47.563023],[-0.726453,47.564129],[-0.72534,47.564169],[-0.721758,47.56093],[-0.719283,47.56051],[-0.716776,47.564256],[-0.710638,47.561272],[-0.707397,47.560257],[-0.707683,47.56154],[-0.704929,47.563713],[-0.705039,47.563917],[-0.701588,47.565304],[-0.701069,47.566575],[-0.699707,47.566654],[-0.697966,47.566272],[-0.696583,47.568554],[-0.695494,47.569478],[-0.690859,47.571254],[-0.691594,47.571672],[-0.688916,47.573019],[-0.687487,47.571126],[-0.684831,47.568833],[-0.676789,47.564153],[-0.67421,47.561867],[-0.673271,47.562421],[-0.67229,47.562421],[-0.667005,47.563805],[-0.663345,47.566797],[-0.661485,47.567187],[-0.660162,47.567837],[-0.660336,47.56802],[-0.659839,47.568516],[-0.657406,47.570481],[-0.655488,47.571161],[-0.654621,47.571128],[-0.653934,47.571909],[-0.65212,47.572738],[-0.650942,47.573517],[-0.650983,47.573912],[-0.649681,47.575228],[-0.643885,47.5737],[-0.638161,47.573608],[-0.639483,47.574216],[-0.638148,47.577538],[-0.637321,47.578344],[-0.637945,47.579211],[-0.637241,47.580027],[-0.635886,47.580819],[-0.635606,47.581841],[-0.636566,47.583097],[-0.636889,47.585202],[-0.635032,47.587619],[-0.634476,47.587508],[-0.632955,47.590342],[-0.634843,47.591511],[-0.631134,47.594988],[-0.633625,47.596069],[-0.631081,47.599711],[-0.629015,47.601552],[-0.627591,47.602262],[-0.629554,47.60225],[-0.629407,47.603914],[-0.631993,47.603904],[-0.624658,47.608512],[-0.623555,47.609703],[-0.622196,47.60946],[-0.614462,47.610191],[-0.614036,47.609313],[-0.612215,47.609187],[-0.610193,47.609339],[-0.610035,47.610189],[-0.604335,47.609796],[-0.601707,47.610409],[-0.601131,47.611674],[-0.598865,47.613214],[-0.598634,47.614026],[-0.597329,47.614621],[-0.596553,47.614336],[-0.595402,47.614871],[-0.594056,47.616123],[-0.5934,47.615819],[-0.590675,47.617216],[-0.587457,47.618184],[-0.58647,47.618793],[-0.585002,47.618218],[-0.582813,47.618022],[-0.579372,47.616196],[-0.579667,47.614911],[-0.580721,47.614471],[-0.582465,47.611612],[-0.584722,47.611481],[-0.58441,47.608631],[-0.582028,47.607143],[-0.579587,47.604871],[-0.57761,47.602173],[-0.57309,47.598494],[-0.571158,47.5976],[-0.569377,47.599668],[-0.56753,47.600252],[-0.566345,47.600174],[-0.5648,47.59979],[-0.564424,47.599305],[-0.562176,47.598649],[-0.562035,47.598322],[-0.55908,47.597555],[-0.558515,47.5979],[-0.554272,47.597435],[-0.554206,47.59654],[-0.552569,47.5963],[-0.55,47.594968],[-0.548853,47.595196],[-0.544085,47.593608],[-0.542667,47.593847],[-0.542422,47.601806],[-0.533164,47.602173],[-0.529521,47.600606],[-0.528379,47.600683],[-0.528598,47.600347],[-0.525853,47.600495],[-0.523921,47.601659],[-0.519252,47.601061],[-0.519169,47.600728],[-0.51582,47.599674],[-0.514742,47.599951],[-0.511983,47.599478],[-0.512051,47.598575],[-0.511025,47.597373],[-0.510957,47.596295],[-0.509443,47.594822],[-0.509736,47.592538],[-0.507934,47.590206],[-0.507879,47.589186],[-0.508667,47.588133],[-0.511908,47.585787],[-0.517483,47.584226],[-0.517743,47.583188],[-0.518653,47.581944],[-0.520307,47.581426],[-0.522178,47.577911],[-0.521047,47.572972],[-0.519309,47.568485],[-0.515817,47.566097],[-0.514894,47.565239],[-0.51519,47.564705],[-0.522147,47.561839],[-0.52642,47.562239],[-0.529499,47.561315],[-0.531078,47.562052],[-0.533485,47.561616],[-0.534069,47.561091],[-0.534359,47.560247],[-0.534223,47.558936],[-0.533731,47.558129],[-0.53583,47.557127],[-0.537227,47.554922],[-0.537246,47.553485],[-0.536856,47.552666],[-0.541886,47.550642],[-0.544089,47.550067],[-0.550539,47.554405],[-0.549235,47.555487],[-0.552092,47.557611],[-0.551195,47.55804],[-0.552811,47.559236],[-0.554944,47.55918],[-0.556744,47.559685],[-0.558621,47.56178],[-0.56102,47.563384],[-0.561118,47.563715],[-0.560725,47.564058],[-0.562058,47.564375],[-0.56282,47.564937],[-0.563221,47.564674],[-0.565005,47.564974],[-0.568001,47.565967],[-0.568991,47.564977],[-0.571667,47.563403],[-0.57423,47.561114],[-0.575736,47.561459],[-0.577182,47.558287],[-0.576935,47.556522],[-0.577509,47.55536],[-0.583046,47.561247],[-0.584717,47.559591],[-0.583686,47.557436],[-0.587563,47.554171],[-0.590307,47.550723],[-0.591123,47.550946],[-0.593793,47.547584],[-0.593021,47.547024],[-0.593949,47.546595],[-0.595951,47.544092],[-0.596115,47.543457],[-0.595544,47.543362],[-0.596455,47.541593],[-0.596236,47.540335],[-0.593771,47.538868],[-0.592528,47.538485],[-0.590787,47.535423],[-0.587988,47.535947],[-0.5851,47.535566],[-0.585184,47.534493],[-0.584592,47.53328],[-0.58909,47.533015],[-0.589071,47.532358],[-0.587573,47.532505],[-0.587227,47.531062],[-0.587736,47.530952],[-0.587755,47.530403],[-0.588717,47.530394],[-0.588891,47.529232],[-0.584408,47.528853],[-0.585037,47.52761],[-0.584298,47.527271],[-0.585163,47.525897],[-0.590524,47.525196],[-0.59016,47.524378],[-0.59329,47.523237]]],"type":"Polygon"},"properties":{"id_edu_college":"45","sc_college_nom":"Collège Jean Zay","sc_college_adr":"2, rue David d'Angers","sc_college_com":"MONTREUIL-JUIGNE","sc_college_com_del":null,"sc_college_tel":"02 41 18 29 80","sc_college_web":"http://jean-zay.anjou.e-lyco.fr","shape_area":76576120.35253906,"shape_length":67229.8925580036,"geo_point_2d":{"lon":-0.6056743500135465,"lat":47.56877209959237}}},{"type":"Feature","geometry":{"coordinates":[[[-0.587156,47.451905],[-0.591213,47.450161],[-0.593182,47.448791],[-0.595986,47.444515],[-0.602583,47.436725],[-0.603571,47.435096],[-0.604047,47.433385],[-0.604055,47.429842],[-0.603589,47.426969],[-0.604121,47.424044],[-0.60507,47.422367],[-0.6082,47.420118],[-0.613171,47.414988],[-0.614871,47.411274],[-0.614206,47.409859],[-0.621045,47.40188],[-0.62305,47.400517],[-0.625049,47.398107],[-0.628119,47.398885],[-0.631023,47.398085],[-0.632161,47.398163],[-0.63183,47.398964],[-0.631975,47.400001],[-0.635344,47.399144],[-0.639081,47.402562],[-0.644899,47.405028],[-0.647826,47.40772],[-0.649485,47.408401],[-0.65018,47.411345],[-0.652944,47.414767],[-0.653654,47.416825],[-0.653568,47.417344],[-0.656465,47.418668],[-0.654363,47.419891],[-0.654678,47.421176],[-0.655691,47.421837],[-0.655889,47.422807],[-0.650717,47.425413],[-0.648909,47.427028],[-0.65074,47.427778],[-0.6522,47.429314],[-0.655381,47.431303],[-0.657857,47.433586],[-0.660435,47.436212],[-0.6605,47.43722],[-0.661098,47.438037],[-0.660838,47.438411],[-0.662106,47.438351],[-0.665064,47.439041],[-0.665353,47.441342],[-0.664443,47.441982],[-0.665589,47.442627],[-0.665696,47.444266],[-0.665341,47.444586],[-0.666891,47.44506],[-0.665991,47.446263],[-0.666547,47.446418],[-0.666745,47.447685],[-0.667792,47.449765],[-0.667152,47.45019],[-0.66826,47.450822],[-0.671782,47.451824],[-0.680969,47.447278],[-0.681978,47.447663],[-0.682213,47.448794],[-0.683982,47.450084],[-0.686008,47.450559],[-0.690137,47.450507],[-0.693746,47.449644],[-0.695335,47.450203],[-0.695876,47.44964],[-0.696609,47.449646],[-0.698422,47.450569],[-0.699135,47.451566],[-0.699933,47.455313],[-0.700676,47.455761],[-0.699832,47.458029],[-0.699157,47.458167],[-0.698292,47.459972],[-0.697209,47.460976],[-0.698402,47.46124],[-0.698295,47.461627],[-0.696534,47.462452],[-0.695426,47.462525],[-0.695265,47.463528],[-0.693804,47.465525],[-0.693543,47.466052],[-0.69601,47.466838],[-0.694713,47.469027],[-0.693372,47.470449],[-0.691962,47.470007],[-0.688385,47.469815],[-0.687389,47.470145],[-0.684235,47.472285],[-0.681358,47.473485],[-0.674149,47.47312],[-0.673921,47.473827],[-0.671053,47.473662],[-0.671276,47.472988],[-0.669113,47.473407],[-0.666516,47.473263],[-0.665343,47.472561],[-0.665399,47.472105],[-0.665964,47.471637],[-0.665468,47.471382],[-0.664763,47.472235],[-0.663883,47.47254],[-0.661708,47.472408],[-0.659446,47.470882],[-0.657556,47.469123],[-0.657927,47.467804],[-0.659618,47.465195],[-0.658537,47.464716],[-0.657785,47.463142],[-0.656274,47.462851],[-0.656642,47.461938],[-0.654718,47.459569],[-0.653803,47.459314],[-0.653931,47.458994],[-0.651871,47.4578],[-0.651905,47.457521],[-0.649949,47.45657],[-0.650902,47.455866],[-0.651361,47.454684],[-0.646491,47.452518],[-0.644976,47.451145],[-0.641292,47.448756],[-0.633453,47.447631],[-0.630388,47.446513],[-0.627395,47.44794],[-0.625809,47.447918],[-0.625158,47.449492],[-0.623388,47.450681],[-0.619252,47.450786],[-0.617869,47.452417],[-0.616251,47.453716],[-0.613825,47.454916],[-0.613688,47.455728],[-0.614042,47.456735],[-0.617726,47.460195],[-0.615546,47.463126],[-0.612686,47.464286],[-0.611104,47.464257],[-0.610797,47.464089],[-0.611074,47.463811],[-0.609985,47.463281],[-0.606152,47.463524],[-0.605589,47.465227],[-0.608981,47.465754],[-0.60893,47.467803],[-0.609885,47.467942],[-0.610692,47.469239],[-0.610424,47.469391],[-0.607413,47.4705],[-0.597863,47.472478],[-0.592809,47.472091],[-0.585843,47.472055],[-0.580134,47.473435],[-0.5772,47.473608],[-0.576903,47.472839],[-0.574332,47.471736],[-0.568091,47.469998],[-0.566555,47.469068],[-0.572022,47.466191],[-0.575692,47.463083],[-0.577074,47.460667],[-0.578047,47.45813],[-0.579368,47.456222],[-0.581459,47.454532],[-0.583635,47.453288],[-0.587156,47.451905]]],"type":"Polygon"},"properties":{"id_edu_college":"41","sc_college_nom":"Collège Jean Monnet","sc_college_adr":"48, rue de la Chambre aux Deniers","sc_college_com":"ANGERS","sc_college_com_del":null,"sc_college_tel":"02 41 73 20 99","sc_college_web":"http://jmonnet.anjou.e-lyco.fr","shape_area":34658525.66772461,"shape_length":39465.31840498944,"geo_point_2d":{"lon":-0.634047502905544,"lat":47.44261551825296}}},{"type":"Feature","geometry":{"coordinates":[[[[-0.26735,47.606083],[-0.250749,47.612383],[-0.23844,47.611344],[-0.237371,47.611557],[-0.237245,47.611097],[-0.235314,47.609345],[-0.236299,47.607508],[-0.236251,47.606566],[-0.233855,47.605758],[-0.233657,47.605444],[-0.234239,47.604852],[-0.237045,47.603545],[-0.238944,47.601685],[-0.242507,47.599501],[-0.241653,47.598574],[-0.240122,47.597919],[-0.239229,47.595196],[-0.240563,47.594991],[-0.240518,47.59392],[-0.241237,47.590693],[-0.238664,47.58776],[-0.234159,47.589261],[-0.22987,47.591947],[-0.217969,47.591034],[-0.2179,47.586711],[-0.211528,47.584842],[-0.206905,47.582749],[-0.2075,47.581823],[-0.206945,47.578261],[-0.204474,47.576233],[-0.201845,47.575237],[-0.200403,47.573224],[-0.199282,47.572733],[-0.201174,47.571282],[-0.200586,47.569368],[-0.201656,47.568046],[-0.201422,47.56596],[-0.204391,47.564971],[-0.20289,47.562692],[-0.203632,47.562337],[-0.202891,47.561627],[-0.203237,47.561469],[-0.20226,47.560803],[-0.201854,47.561111],[-0.199755,47.559571],[-0.203433,47.557346],[-0.205007,47.554458],[-0.205475,47.553876],[-0.20585,47.553873],[-0.206977,47.551913],[-0.208058,47.548107],[-0.206454,47.546687],[-0.206728,47.546],[-0.205862,47.545998],[-0.204983,47.545557],[-0.204688,47.544689],[-0.203724,47.544092],[-0.200261,47.543605],[-0.198397,47.542896],[-0.197954,47.542341],[-0.196141,47.541436],[-0.195331,47.539513],[-0.19519,47.537847],[-0.19297,47.537436],[-0.192579,47.536258],[-0.190955,47.535777],[-0.18919,47.532281],[-0.190524,47.53033],[-0.191112,47.527939],[-0.195248,47.528545],[-0.199239,47.528655],[-0.203105,47.53052],[-0.203923,47.529994],[-0.204537,47.531051],[-0.214455,47.533306],[-0.214213,47.533862],[-0.218315,47.535317],[-0.219136,47.535462],[-0.21975,47.534782],[-0.221178,47.535074],[-0.222092,47.536633],[-0.223503,47.537381],[-0.224386,47.535652],[-0.223867,47.535438],[-0.224435,47.534314],[-0.225066,47.534452],[-0.225913,47.533324],[-0.228708,47.533479],[-0.229696,47.532678],[-0.231177,47.533008],[-0.231151,47.532465],[-0.232114,47.532399],[-0.23232,47.531987],[-0.234799,47.53212],[-0.235016,47.531685],[-0.235856,47.531871],[-0.236085,47.531246],[-0.236979,47.530434],[-0.237525,47.528751],[-0.238502,47.527233],[-0.238736,47.526096],[-0.240054,47.525051],[-0.236667,47.523683],[-0.235306,47.522744],[-0.2329,47.522129],[-0.233275,47.521376],[-0.235299,47.521275],[-0.239989,47.520285],[-0.241293,47.520645],[-0.242375,47.520448],[-0.2434,47.519272],[-0.24401,47.519338],[-0.244574,47.517],[-0.246561,47.515807],[-0.24729,47.516328],[-0.249685,47.516013],[-0.252398,47.518348],[-0.254581,47.519307],[-0.256084,47.518672],[-0.255748,47.518405],[-0.25711,47.518615],[-0.264255,47.515566],[-0.264099,47.514872],[-0.264932,47.514423],[-0.266186,47.512912],[-0.266534,47.512967],[-0.267492,47.512192],[-0.269999,47.512157],[-0.27028,47.511399],[-0.270959,47.511298],[-0.273241,47.509938],[-0.273918,47.510271],[-0.275055,47.509588],[-0.27473,47.508994],[-0.27449,47.505301],[-0.273775,47.503126],[-0.274013,47.501389],[-0.274788,47.500463],[-0.274835,47.499053],[-0.274313,47.498136],[-0.27434,47.497313],[-0.275237,47.495181],[-0.276631,47.493666],[-0.279984,47.49374],[-0.28075,47.491286],[-0.281392,47.49138],[-0.281403,47.490746],[-0.282313,47.490472],[-0.284687,47.491745],[-0.287573,47.491693],[-0.28876,47.490395],[-0.291207,47.490712],[-0.292273,47.490407],[-0.292546,47.490703],[-0.293147,47.489863],[-0.295501,47.490199],[-0.295743,47.48989],[-0.297485,47.48944],[-0.297467,47.489168],[-0.298154,47.489108],[-0.298668,47.483941],[-0.298223,47.481876],[-0.298516,47.48085],[-0.299523,47.479319],[-0.301225,47.478186],[-0.301351,47.474557],[-0.309108,47.473738],[-0.312351,47.474139],[-0.314938,47.473834],[-0.315668,47.47407],[-0.315809,47.473518],[-0.31961,47.474112],[-0.320012,47.475012],[-0.321523,47.476042],[-0.327173,47.475647],[-0.331832,47.47667],[-0.334025,47.4767],[-0.33407,47.478472],[-0.337331,47.478408],[-0.337479,47.482329],[-0.336703,47.486127],[-0.337242,47.486257],[-0.337692,47.485343],[-0.33928,47.485474],[-0.339838,47.484733],[-0.342286,47.485042],[-0.344793,47.486096],[-0.346157,47.486339],[-0.349894,47.486582],[-0.351668,47.486106],[-0.351986,47.486654],[-0.354761,47.486696],[-0.356918,47.486375],[-0.357529,47.489333],[-0.358087,47.489662],[-0.35793,47.490357],[-0.358721,47.490917],[-0.35766,47.493052],[-0.358054,47.493622],[-0.35737,47.495594],[-0.359346,47.495932],[-0.361251,47.495786],[-0.362552,47.494852],[-0.363195,47.495429],[-0.362798,47.496265],[-0.361244,47.497422],[-0.36197,47.497807],[-0.360942,47.498168],[-0.362296,47.49883],[-0.362801,47.499448],[-0.362043,47.501217],[-0.36579,47.501306],[-0.36702,47.501712],[-0.367744,47.503425],[-0.368986,47.503478],[-0.368779,47.50455],[-0.373431,47.504425],[-0.376394,47.504845],[-0.376279,47.505054],[-0.378139,47.50496],[-0.381566,47.505541],[-0.383378,47.507299],[-0.383616,47.509],[-0.388536,47.511935],[-0.394699,47.512875],[-0.396455,47.511478],[-0.400624,47.512907],[-0.402784,47.514158],[-0.404568,47.514306],[-0.40448,47.514549],[-0.406157,47.515208],[-0.407782,47.515159],[-0.408703,47.514769],[-0.409296,47.514855],[-0.409227,47.515126],[-0.410424,47.516053],[-0.411322,47.515911],[-0.411631,47.515226],[-0.413944,47.513602],[-0.414639,47.512302],[-0.416789,47.511087],[-0.418141,47.509674],[-0.417604,47.509481],[-0.417757,47.508344],[-0.418343,47.507988],[-0.419915,47.505182],[-0.421241,47.503566],[-0.422329,47.50398],[-0.42423,47.503515],[-0.426783,47.505162],[-0.42613,47.50586],[-0.426379,47.505873],[-0.425892,47.508851],[-0.424493,47.512651],[-0.424183,47.515241],[-0.426437,47.516002],[-0.426602,47.515513],[-0.428873,47.515786],[-0.43006,47.515464],[-0.430675,47.515819],[-0.436193,47.515866],[-0.435981,47.521727],[-0.435706,47.521745],[-0.435524,47.524108],[-0.434259,47.527002],[-0.433675,47.529479],[-0.434478,47.531055],[-0.434753,47.533787],[-0.438807,47.533542],[-0.442263,47.533712],[-0.445917,47.533084],[-0.448832,47.533444],[-0.449347,47.534828],[-0.448769,47.536079],[-0.448903,47.536494],[-0.449141,47.536915],[-0.450597,47.536954],[-0.450287,47.537109],[-0.450466,47.538166],[-0.451084,47.53883],[-0.45063,47.53966],[-0.451224,47.540006],[-0.451121,47.541976],[-0.451428,47.543852],[-0.460509,47.549595],[-0.461951,47.548447],[-0.465313,47.547795],[-0.466089,47.545979],[-0.465118,47.541796],[-0.464453,47.540882],[-0.463934,47.539227],[-0.464,47.538791],[-0.46482,47.538251],[-0.464931,47.53762],[-0.466364,47.536867],[-0.467061,47.536861],[-0.468383,47.535728],[-0.472096,47.533631],[-0.473148,47.534422],[-0.47402,47.53433],[-0.474652,47.533767],[-0.477601,47.533473],[-0.477659,47.53446],[-0.482549,47.535335],[-0.490285,47.539963],[-0.489293,47.541818],[-0.489772,47.542144],[-0.490782,47.542717],[-0.493285,47.542692],[-0.493911,47.542963],[-0.492613,47.543833],[-0.492286,47.544403],[-0.492427,47.545714],[-0.493666,47.549289],[-0.494989,47.550633],[-0.499015,47.553193],[-0.498357,47.554746],[-0.500755,47.557293],[-0.500979,47.55737],[-0.504993,47.55101],[-0.508729,47.5494],[-0.512476,47.549533],[-0.514813,47.549127],[-0.518045,47.550208],[-0.520522,47.54995],[-0.521872,47.550334],[-0.524156,47.552904],[-0.524495,47.554939],[-0.5265,47.556249],[-0.526669,47.558106],[-0.528047,47.558015],[-0.531705,47.558582],[-0.533731,47.558129],[-0.534223,47.558936],[-0.534255,47.560686],[-0.533485,47.561616],[-0.531078,47.562052],[-0.529499,47.561315],[-0.52642,47.562239],[-0.522147,47.561839],[-0.515166,47.564747],[-0.514894,47.565239],[-0.515817,47.566097],[-0.519309,47.568485],[-0.521047,47.572972],[-0.522153,47.578153],[-0.520307,47.581426],[-0.518653,47.581944],[-0.517743,47.583188],[-0.517483,47.584226],[-0.511908,47.585787],[-0.508667,47.588133],[-0.507879,47.589186],[-0.507934,47.590206],[-0.509736,47.592538],[-0.509443,47.594822],[-0.510545,47.595647],[-0.511109,47.596752],[-0.511025,47.597373],[-0.512051,47.598575],[-0.512147,47.599202],[-0.511497,47.600635],[-0.510447,47.601811],[-0.508184,47.602504],[-0.506749,47.601612],[-0.505952,47.601488],[-0.503888,47.59888],[-0.501483,47.596978],[-0.496956,47.597948],[-0.493477,47.597276],[-0.491986,47.598348],[-0.489943,47.597505],[-0.487644,47.596176],[-0.485952,47.594435],[-0.484122,47.59318],[-0.483459,47.591658],[-0.483977,47.591138],[-0.483079,47.590028],[-0.481203,47.589063],[-0.480304,47.587684],[-0.474965,47.589243],[-0.472529,47.589631],[-0.470221,47.589556],[-0.462622,47.592167],[-0.457634,47.592601],[-0.456498,47.592069],[-0.451841,47.595542],[-0.436244,47.604369],[-0.430087,47.609545],[-0.427737,47.610786],[-0.426975,47.611503],[-0.426134,47.614485],[-0.425175,47.616485],[-0.419227,47.62236],[-0.417839,47.624599],[-0.414826,47.624352],[-0.413583,47.624921],[-0.411062,47.624642],[-0.410778,47.626126],[-0.410144,47.627055],[-0.407707,47.628258],[-0.406072,47.630099],[-0.400554,47.632747],[-0.3942,47.633303],[-0.389657,47.632477],[-0.386631,47.632586],[-0.383456,47.631603],[-0.379798,47.631601],[-0.376385,47.630609],[-0.374529,47.629647],[-0.369956,47.626737],[-0.368437,47.624926],[-0.366152,47.623808],[-0.355788,47.623126],[-0.349159,47.624209],[-0.345846,47.625234],[-0.345036,47.625653],[-0.34331,47.627385],[-0.341116,47.628274],[-0.338937,47.630153],[-0.33392,47.631927],[-0.332211,47.633305],[-0.330002,47.633582],[-0.329001,47.63224],[-0.32814,47.631938],[-0.327156,47.630647],[-0.326078,47.630003],[-0.325105,47.629876],[-0.322494,47.627845],[-0.320914,47.626163],[-0.320563,47.625174],[-0.318092,47.623319],[-0.318795,47.622882],[-0.317596,47.622294],[-0.314937,47.62417],[-0.305312,47.621461],[-0.304028,47.62072],[-0.303773,47.619586],[-0.300944,47.62018],[-0.300458,47.619616],[-0.299769,47.620166],[-0.298384,47.619365],[-0.297608,47.620772],[-0.299158,47.621362],[-0.298143,47.622299],[-0.297079,47.621703],[-0.296102,47.621961],[-0.293573,47.619823],[-0.291208,47.619152],[-0.287389,47.619886],[-0.287329,47.621705],[-0.286067,47.622249],[-0.284354,47.62405],[-0.281832,47.625013],[-0.28206,47.626905],[-0.281125,47.6282],[-0.281234,47.628607],[-0.281456,47.628992],[-0.281744,47.628823],[-0.282932,47.629463],[-0.282337,47.629934],[-0.282811,47.630629],[-0.283423,47.630491],[-0.28414,47.630944],[-0.280733,47.633086],[-0.277047,47.631091],[-0.275054,47.629361],[-0.273806,47.628014],[-0.273493,47.626104],[-0.272247,47.624905],[-0.264053,47.623295],[-0.263569,47.622433],[-0.250086,47.619218],[-0.25552,47.615747],[-0.264967,47.614117],[-0.271115,47.612087],[-0.271123,47.610567],[-0.268581,47.605618],[-0.26735,47.606083]],[[-0.239204,47.587077],[-0.238385,47.587342],[-0.238427,47.587404],[-0.239204,47.587077]]]],"type":"MultiPolygon"},"properties":{"id_edu_college":"28","sc_college_nom":"Collège Vallée du Loir","sc_college_adr":"12, rue Henri Régnier","sc_college_com":"SEICHES-SUR-LE-LOIR","sc_college_com_del":null,"sc_college_tel":"02 41 21 01 60","sc_college_web":"http://vallee-du-loir.anjou.e-lyco.fr","shape_area":259163391.87036133,"shape_length":104557.64444769941,"geo_point_2d":{"lon":-0.3489413763215982,"lat":47.561601567976524}}},{"type":"Feature","geometry":{"coordinates":[[[-0.558346,47.4732],[-0.557186,47.474333],[-0.553856,47.478946],[-0.547824,47.488057],[-0.546482,47.489412],[-0.545556,47.488839],[-0.539518,47.486989],[-0.541243,47.485247],[-0.540848,47.485091],[-0.541319,47.481227],[-0.541172,47.479731],[-0.543636,47.478201],[-0.545087,47.476188],[-0.543118,47.475377],[-0.54152,47.474192],[-0.543465,47.471522],[-0.542072,47.471937],[-0.541302,47.471536],[-0.542483,47.469862],[-0.533413,47.466793],[-0.532067,47.466978],[-0.53087,47.4658],[-0.532021,47.465625],[-0.534765,47.464258],[-0.533642,47.463722],[-0.535779,47.461255],[-0.537148,47.46016],[-0.536646,47.459819],[-0.541222,47.456221],[-0.542491,47.45703],[-0.543371,47.456207],[-0.540833,47.452618],[-0.544869,47.451851],[-0.545418,47.45343],[-0.551263,47.456005],[-0.551758,47.458573],[-0.555321,47.458124],[-0.558476,47.459624],[-0.558518,47.460022],[-0.560311,47.459443],[-0.563694,47.463372],[-0.565584,47.464707],[-0.568798,47.467688],[-0.558346,47.4732]]],"type":"Polygon"},"properties":{"id_edu_college":"47","sc_college_nom":"Collège Chevreul","sc_college_adr":"4, rue Prébaudelle","sc_college_com":"ANGERS","sc_college_com_del":null,"sc_college_tel":"02 41 25 33 03","sc_college_web":"http://chevreul.anjou.e-lyco.fr","shape_area":5034905.959716797,"shape_length":12495.215158672561,"geo_point_2d":{"lon":-0.5491975090965322,"lat":47.468828493101945}}},{"type":"Feature","geometry":{"coordinates":[[[0.145192,47.403942],[0.148699,47.400114],[0.151976,47.398439],[0.157344,47.399009],[0.166408,47.397292],[0.16951,47.395892],[0.169175,47.392551],[0.167979,47.386901],[0.167238,47.385513],[0.170633,47.385325],[0.173047,47.38583],[0.1733,47.385233],[0.174556,47.385344],[0.17926,47.384445],[0.180119,47.383472],[0.182358,47.38304],[0.182674,47.381656],[0.183122,47.381074],[0.182957,47.38042],[0.175762,47.376716],[0.176001,47.376649],[0.17431,47.375531],[0.170203,47.374218],[0.167456,47.372194],[0.163737,47.370454],[0.162683,47.368278],[0.154286,47.363859],[0.15175,47.362845],[0.144716,47.361468],[0.140655,47.36204],[0.138512,47.360847],[0.135688,47.361563],[0.133376,47.361414],[0.133335,47.360416],[0.118718,47.363051],[0.115014,47.363012],[0.11384,47.361444],[0.11244,47.360249],[0.110473,47.356678],[0.106981,47.35937],[0.105785,47.360679],[0.098705,47.365545],[0.098611,47.366423],[0.090693,47.367516],[0.08035,47.367845],[0.078622,47.365025],[0.075354,47.365211],[0.070754,47.364965],[0.069107,47.367491],[0.066637,47.367938],[0.063939,47.369099],[0.062905,47.368775],[0.060283,47.369387],[0.05495,47.371084],[0.049813,47.369983],[0.048315,47.369979],[0.048043,47.36921],[0.046321,47.367797],[0.042623,47.366438],[0.039844,47.366548],[0.03732,47.366135],[0.029745,47.362471],[0.0293,47.361886],[0.028203,47.361447],[0.026744,47.360284],[0.017205,47.351299],[0.017231,47.350251],[0.01605,47.348352],[0.015502,47.351309],[0.014155,47.351867],[0.013907,47.352987],[0.013371,47.353524],[0.010518,47.352929],[0.008217,47.352014],[-0.000107,47.351118],[-0.007757,47.34951],[-0.009334,47.348842],[-0.012455,47.352488],[-0.013687,47.35272],[-0.015032,47.353729],[-0.015528,47.355249],[-0.019963,47.35642],[-0.025633,47.353379],[-0.026318,47.353727],[-0.028028,47.353557],[-0.02805,47.354049],[-0.02944,47.35371],[-0.031821,47.354722],[-0.033008,47.354612],[-0.033221,47.353952],[-0.033036,47.353199],[-0.035601,47.352463],[-0.040362,47.348683],[-0.041996,47.347859],[-0.043095,47.348314],[-0.044864,47.347075],[-0.0451,47.347217],[-0.045816,47.346263],[-0.044872,47.345874],[-0.04643,47.345699],[-0.047353,47.34494],[-0.04863,47.342708],[-0.048127,47.342351],[-0.05096,47.339699],[-0.050729,47.339591],[-0.051128,47.339197],[-0.052031,47.339459],[-0.055312,47.339421],[-0.055827,47.338895],[-0.057638,47.338877],[-0.06092,47.338203],[-0.064409,47.34064],[-0.062702,47.342623],[-0.062063,47.344429],[-0.062206,47.347476],[-0.063478,47.347244],[-0.069769,47.349363],[-0.073287,47.349887],[-0.077625,47.348707],[-0.07908,47.348129],[-0.079641,47.347546],[-0.082818,47.347173],[-0.082911,47.346775],[-0.085806,47.347908],[-0.085661,47.348104],[-0.086747,47.34859],[-0.088667,47.348804],[-0.089263,47.346458],[-0.088871,47.345579],[-0.090057,47.343841],[-0.093001,47.341194],[-0.094954,47.338348],[-0.099152,47.339122],[-0.1003,47.339852],[-0.100555,47.339649],[-0.104765,47.340983],[-0.107138,47.342034],[-0.109738,47.340042],[-0.108353,47.334409],[-0.107774,47.333463],[-0.11233,47.328452],[-0.112179,47.327981],[-0.112564,47.327464],[-0.114646,47.325324],[-0.115684,47.32479],[-0.11786,47.322299],[-0.119952,47.324153],[-0.119874,47.325955],[-0.120192,47.3269],[-0.122592,47.328944],[-0.127317,47.330639],[-0.131288,47.333328],[-0.135073,47.335103],[-0.138927,47.336433],[-0.142622,47.339093],[-0.144069,47.339801],[-0.144973,47.340806],[-0.149496,47.34189],[-0.152884,47.343852],[-0.154772,47.345481],[-0.158928,47.346515],[-0.160198,47.348368],[-0.163684,47.349389],[-0.166311,47.350937],[-0.169251,47.353256],[-0.171745,47.354039],[-0.176901,47.357044],[-0.178644,47.357567],[-0.182575,47.357768],[-0.183923,47.358377],[-0.185318,47.359965],[-0.185972,47.362891],[-0.188279,47.36445],[-0.188847,47.365526],[-0.18826,47.368264],[-0.188427,47.370988],[-0.189453,47.373462],[-0.190086,47.376066],[-0.191772,47.377869],[-0.195526,47.37976],[-0.196336,47.380584],[-0.197862,47.383484],[-0.197963,47.385598],[-0.19653,47.387421],[-0.196563,47.388551],[-0.198362,47.391999],[-0.196572,47.396236],[-0.196222,47.397765],[-0.194395,47.396025],[-0.193299,47.395398],[-0.188453,47.394717],[-0.186318,47.393953],[-0.184325,47.393959],[-0.179907,47.395396],[-0.176835,47.395766],[-0.175979,47.396341],[-0.175193,47.39749],[-0.170361,47.396648],[-0.164497,47.402125],[-0.159898,47.403519],[-0.15948,47.404557],[-0.159721,47.404978],[-0.15937,47.405384],[-0.159722,47.405706],[-0.15802,47.406965],[-0.155176,47.407756],[-0.153389,47.408606],[-0.150677,47.410956],[-0.148586,47.411698],[-0.149719,47.412504],[-0.149374,47.41289],[-0.138509,47.418206],[-0.138775,47.4185],[-0.138717,47.419525],[-0.136914,47.420349],[-0.137093,47.420859],[-0.136705,47.421245],[-0.133227,47.422565],[-0.132814,47.422571],[-0.132621,47.422176],[-0.129867,47.423623],[-0.128296,47.424836],[-0.127114,47.424694],[-0.126434,47.424959],[-0.123767,47.429538],[-0.117566,47.438847],[-0.117803,47.442211],[-0.116871,47.443357],[-0.108066,47.447825],[-0.105841,47.449373],[-0.103125,47.450221],[-0.102411,47.449832],[-0.101419,47.44995],[-0.096979,47.453068],[-0.095663,47.455073],[-0.092959,47.456525],[-0.084524,47.457502],[-0.084837,47.458101],[-0.084367,47.458225],[-0.084743,47.459883],[-0.08516,47.460065],[-0.085523,47.46412],[-0.078707,47.46478],[-0.076765,47.465792],[-0.074113,47.469164],[-0.069542,47.47167],[-0.068435,47.471725],[-0.063454,47.470163],[-0.060139,47.469981],[-0.051894,47.470232],[-0.045768,47.469131],[-0.041618,47.468994],[-0.042629,47.46781],[-0.040987,47.467464],[-0.039401,47.464726],[-0.038794,47.464959],[-0.038567,47.464584],[-0.037273,47.464875],[-0.035501,47.46585],[-0.034519,47.464557],[-0.033114,47.46387],[-0.032558,47.464627],[-0.033184,47.464824],[-0.032622,47.465742],[-0.031016,47.466512],[-0.031272,47.467111],[-0.034039,47.469337],[-0.034846,47.469509],[-0.034504,47.47007],[-0.031473,47.471853],[-0.025649,47.473672],[-0.02399,47.475827],[-0.018647,47.481453],[-0.014373,47.48011],[-0.01227,47.478928],[-0.007721,47.477753],[-0.004133,47.476042],[-0.001765,47.47576],[0.00186,47.47407],[0.002901,47.474952],[0.006381,47.471818],[0.008356,47.473967],[0.01053,47.475104],[0.013881,47.478613],[0.015066,47.478455],[0.017313,47.475568],[0.018137,47.477495],[0.019517,47.483153],[0.020139,47.484502],[0.025513,47.482961],[0.026784,47.486394],[0.026816,47.488538],[0.030035,47.491334],[0.033887,47.491985],[0.034545,47.490654],[0.037289,47.488127],[0.036752,47.486636],[0.037593,47.485414],[0.037746,47.486639],[0.038737,47.489152],[0.043043,47.490505],[0.044041,47.490057],[0.047947,47.489762],[0.057265,47.488158],[0.057904,47.488297],[0.063147,47.486133],[0.062776,47.485765],[0.063555,47.485165],[0.070066,47.482154],[0.066732,47.479389],[0.068342,47.479017],[0.06716,47.477148],[0.061989,47.472368],[0.062035,47.471289],[0.061458,47.470571],[0.060938,47.466985],[0.059638,47.467687],[0.059232,47.467203],[0.06103,47.465164],[0.05947,47.462959],[0.059453,47.462534],[0.057972,47.462692],[0.057925,47.460886],[0.056828,47.459734],[0.056515,47.458942],[0.052571,47.457116],[0.049285,47.456298],[0.048889,47.455474],[0.045318,47.454804],[0.045241,47.454254],[0.043972,47.453792],[0.042406,47.453733],[0.040229,47.452969],[0.03893,47.453202],[0.036502,47.451858],[0.035605,47.450635],[0.036424,47.450441],[0.037069,47.448445],[0.037139,47.446823],[0.036767,47.446105],[0.035298,47.44544],[0.035943,47.444657],[0.040608,47.444313],[0.043213,47.443754],[0.052874,47.440286],[0.058314,47.436285],[0.057704,47.434363],[0.065629,47.435281],[0.067628,47.431234],[0.069149,47.433541],[0.070708,47.434395],[0.07343,47.434813],[0.077242,47.436556],[0.078041,47.43665],[0.078048,47.436103],[0.083343,47.435467],[0.083285,47.435858],[0.085898,47.436272],[0.089824,47.437688],[0.087867,47.435344],[0.085528,47.433749],[0.084418,47.433401],[0.084696,47.43309],[0.08332,47.432469],[0.086332,47.430397],[0.095545,47.426436],[0.095423,47.425997],[0.101656,47.423941],[0.105699,47.422185],[0.105892,47.421687],[0.113778,47.421264],[0.123154,47.418601],[0.124069,47.418862],[0.128113,47.418469],[0.132476,47.419155],[0.133118,47.418087],[0.138519,47.412663],[0.14218,47.407145],[0.145192,47.403942]]],"type":"Polygon"},"properties":{"id_edu_college":"32","sc_college_nom":"Collège François Truffaut","sc_college_adr":"7 rue de la tête noire","sc_college_com":"LONGUE-JUMELLES","sc_college_com_del":null,"sc_college_tel":"02 41 53 06 40","sc_college_web":"http://francois-truffaut.anjou.e-lyco.fr","shape_area":269792488.09106445,"shape_length":100256.33247493948,"geo_point_2d":{"lon":-0.020612263862004297,"lat":47.40290202951898}}},{"type":"Feature","geometry":{"coordinates":[[[-0.535779,47.461255],[-0.533642,47.463722],[-0.534765,47.464258],[-0.532021,47.465625],[-0.53087,47.4658],[-0.530142,47.467076],[-0.529311,47.467807],[-0.523909,47.466127],[-0.51953,47.46587],[-0.519766,47.465015],[-0.519522,47.463698],[-0.516648,47.463086],[-0.51429,47.46195],[-0.516237,47.459719],[-0.51603,47.458336],[-0.514954,47.457785],[-0.515126,47.456803],[-0.516757,47.455099],[-0.517582,47.453251],[-0.515145,47.452976],[-0.515258,47.452529],[-0.511087,47.451849],[-0.509868,47.451354],[-0.509244,47.450728],[-0.509498,47.447583],[-0.520183,47.451267],[-0.521614,47.450644],[-0.524056,47.450287],[-0.524892,47.449099],[-0.525939,47.446555],[-0.526892,47.445641],[-0.527895,47.44603],[-0.531657,47.443701],[-0.53522,47.442729],[-0.536147,47.445089],[-0.543371,47.456207],[-0.542491,47.45703],[-0.541222,47.456221],[-0.536646,47.459819],[-0.537184,47.460108],[-0.535779,47.461255]]],"type":"Polygon"},"properties":{"id_edu_college":"37","sc_college_nom":"Collège Félix Landreau","sc_college_adr":"51, rue Jean-Jaurès","sc_college_com":"ANGERS","sc_college_com_del":null,"sc_college_tel":"02 41 66 73 43","sc_college_web":"http://felix-landreau.anjou.e-lyco.fr","shape_area":3674394.897216797,"shape_length":9883.19601181659,"geo_point_2d":{"lon":-0.5275696756751982,"lat":47.45556193907015}}},{"type":"Feature","geometry":{"coordinates":[[[-0.363543,47.355462],[-0.362257,47.354381],[-0.360157,47.353706],[-0.35844,47.352397],[-0.356144,47.352276],[-0.350909,47.350527],[-0.350128,47.351216],[-0.348757,47.35028],[-0.345107,47.353171],[-0.343372,47.35239],[-0.340667,47.354512],[-0.342205,47.35547],[-0.340674,47.356663],[-0.339138,47.359475],[-0.340268,47.35969],[-0.337824,47.364455],[-0.335074,47.366894],[-0.330035,47.367599],[-0.329527,47.369761],[-0.325341,47.368482],[-0.325603,47.368019],[-0.322595,47.366887],[-0.321859,47.365806],[-0.321777,47.365043],[-0.319773,47.364015],[-0.324659,47.363529],[-0.325354,47.363792],[-0.326278,47.363039],[-0.326988,47.361157],[-0.327733,47.361242],[-0.328498,47.359465],[-0.328379,47.35882],[-0.329307,47.358831],[-0.33226,47.35334],[-0.332496,47.350054],[-0.332239,47.348403],[-0.331422,47.347988],[-0.330731,47.34312],[-0.329565,47.341948],[-0.332761,47.341496],[-0.334197,47.340164],[-0.341054,47.340108],[-0.345542,47.339414],[-0.351258,47.337615],[-0.35796,47.337607],[-0.359826,47.337038],[-0.360138,47.336138],[-0.361531,47.334515],[-0.362312,47.332579],[-0.362424,47.33076],[-0.364201,47.32956],[-0.363758,47.329177],[-0.364132,47.327573],[-0.363263,47.325796],[-0.362744,47.325996],[-0.360853,47.324009],[-0.359795,47.323994],[-0.358276,47.322642],[-0.358096,47.321821],[-0.358643,47.320675],[-0.358495,47.319319],[-0.358731,47.318937],[-0.358343,47.318695],[-0.359957,47.31764],[-0.359911,47.316519],[-0.361187,47.315711],[-0.362886,47.314051],[-0.362955,47.313637],[-0.3647,47.312541],[-0.366696,47.311908],[-0.365706,47.310844],[-0.368735,47.307987],[-0.368337,47.307499],[-0.368983,47.306973],[-0.370168,47.306506],[-0.373979,47.306225],[-0.373676,47.302346],[-0.375213,47.302235],[-0.375426,47.301888],[-0.374516,47.301694],[-0.374541,47.299737],[-0.372766,47.299295],[-0.371863,47.299414],[-0.369869,47.300682],[-0.368688,47.300918],[-0.367843,47.300715],[-0.364888,47.301683],[-0.363578,47.301737],[-0.362398,47.302619],[-0.354288,47.30249],[-0.352944,47.303243],[-0.349961,47.300931],[-0.352343,47.297992],[-0.356379,47.2995],[-0.35694,47.298764],[-0.358912,47.297382],[-0.359394,47.297554],[-0.35927,47.296984],[-0.360039,47.297057],[-0.360222,47.296226],[-0.361084,47.296583],[-0.36141,47.296119],[-0.362215,47.296466],[-0.364005,47.294616],[-0.362182,47.293676],[-0.362676,47.293073],[-0.361789,47.292837],[-0.361744,47.291734],[-0.359265,47.290994],[-0.361042,47.288613],[-0.36559,47.286039],[-0.368738,47.286055],[-0.371554,47.283768],[-0.374642,47.285451],[-0.375392,47.284311],[-0.3794,47.280748],[-0.380414,47.27941],[-0.378537,47.277886],[-0.379935,47.27605],[-0.383189,47.277143],[-0.386422,47.275997],[-0.388608,47.275905],[-0.390012,47.273669],[-0.391966,47.27149],[-0.392777,47.26978],[-0.39402,47.268147],[-0.396458,47.263258],[-0.405431,47.265231],[-0.401743,47.27294],[-0.402984,47.27303],[-0.405268,47.274133],[-0.406031,47.274106],[-0.406739,47.274958],[-0.40996,47.275871],[-0.410133,47.277333],[-0.415901,47.281557],[-0.416128,47.282194],[-0.419412,47.282181],[-0.421701,47.281339],[-0.427068,47.283718],[-0.428539,47.285215],[-0.424049,47.292592],[-0.425471,47.293233],[-0.42475,47.294566],[-0.424744,47.295163],[-0.42551,47.295482],[-0.424102,47.297613],[-0.428281,47.29919],[-0.427571,47.300298],[-0.427547,47.300876],[-0.430345,47.301321],[-0.441134,47.3049],[-0.442798,47.304861],[-0.443018,47.306651],[-0.440693,47.311603],[-0.441587,47.314754],[-0.442108,47.315151],[-0.440102,47.315463],[-0.44225,47.317998],[-0.442075,47.318448],[-0.442559,47.320321],[-0.443382,47.321535],[-0.444097,47.323516],[-0.446077,47.323374],[-0.448557,47.321772],[-0.448904,47.32103],[-0.448754,47.320419],[-0.449476,47.319704],[-0.450781,47.319358],[-0.453464,47.319368],[-0.454566,47.319851],[-0.455501,47.320381],[-0.456067,47.32154],[-0.457573,47.322818],[-0.457619,47.323249],[-0.458963,47.323478],[-0.461237,47.322613],[-0.466261,47.319379],[-0.47293,47.31576],[-0.477494,47.316318],[-0.478728,47.315837],[-0.483443,47.315798],[-0.48786,47.31467],[-0.490622,47.313378],[-0.495119,47.314504],[-0.498849,47.314168],[-0.499729,47.314376],[-0.502542,47.316951],[-0.504503,47.317953],[-0.503078,47.318969],[-0.511943,47.320636],[-0.511815,47.321213],[-0.512757,47.322944],[-0.514805,47.322383],[-0.516133,47.321504],[-0.517509,47.321769],[-0.519438,47.324646],[-0.523351,47.326947],[-0.52513,47.32904],[-0.527884,47.33035],[-0.527498,47.331677],[-0.525715,47.333188],[-0.525137,47.334476],[-0.522352,47.33496],[-0.518368,47.334344],[-0.516965,47.334946],[-0.516406,47.335851],[-0.514972,47.336066],[-0.513607,47.336884],[-0.512914,47.33692],[-0.512776,47.337401],[-0.509264,47.337169],[-0.504592,47.338783],[-0.504886,47.339621],[-0.506003,47.340366],[-0.506588,47.342246],[-0.50536,47.344846],[-0.504884,47.348123],[-0.502615,47.349556],[-0.503155,47.3501],[-0.503185,47.35092],[-0.501988,47.351371],[-0.502678,47.352053],[-0.503219,47.354104],[-0.502511,47.355871],[-0.501319,47.357438],[-0.501127,47.359143],[-0.501984,47.361444],[-0.500559,47.362572],[-0.498461,47.362363],[-0.497673,47.362077],[-0.499518,47.361171],[-0.498245,47.360547],[-0.497106,47.361662],[-0.497514,47.362147],[-0.496687,47.362665],[-0.497257,47.364796],[-0.495336,47.365926],[-0.493334,47.365927],[-0.491528,47.367585],[-0.490255,47.366571],[-0.489784,47.36688],[-0.48905,47.366243],[-0.488743,47.366633],[-0.486052,47.365803],[-0.484903,47.365939],[-0.48505,47.365253],[-0.48276,47.365287],[-0.483184,47.363137],[-0.486288,47.361765],[-0.485477,47.359439],[-0.483904,47.358048],[-0.482698,47.357496],[-0.48161,47.357686],[-0.481594,47.356392],[-0.483093,47.35419],[-0.482792,47.351758],[-0.480941,47.35282],[-0.479866,47.353942],[-0.476176,47.353377],[-0.474695,47.352727],[-0.467044,47.352519],[-0.466993,47.353098],[-0.467494,47.35311],[-0.467554,47.353708],[-0.467028,47.355383],[-0.465637,47.35508],[-0.464777,47.356425],[-0.466658,47.356701],[-0.472265,47.358419],[-0.474723,47.358558],[-0.474409,47.362108],[-0.472953,47.361446],[-0.473512,47.36351],[-0.474678,47.363081],[-0.47494,47.363331],[-0.472386,47.364405],[-0.469461,47.364769],[-0.46581,47.36694],[-0.464772,47.366747],[-0.464281,47.366019],[-0.464385,47.364672],[-0.464924,47.363701],[-0.464659,47.361823],[-0.464075,47.361256],[-0.461591,47.361081],[-0.461471,47.361536],[-0.460772,47.36147],[-0.460325,47.361963],[-0.459207,47.362041],[-0.459329,47.362288],[-0.458603,47.362889],[-0.457171,47.363082],[-0.455105,47.362322],[-0.454055,47.361053],[-0.453639,47.359989],[-0.454197,47.359622],[-0.453982,47.358839],[-0.4528,47.3587],[-0.45001,47.359796],[-0.450181,47.36289],[-0.451303,47.366455],[-0.453126,47.368935],[-0.454473,47.372588],[-0.453449,47.373597],[-0.452881,47.375793],[-0.451754,47.377508],[-0.450824,47.380865],[-0.451041,47.382443],[-0.444769,47.381822],[-0.444273,47.382659],[-0.44068,47.3853],[-0.437921,47.385238],[-0.437687,47.385612],[-0.432896,47.385382],[-0.432799,47.386219],[-0.433494,47.388757],[-0.433974,47.388892],[-0.433744,47.389739],[-0.434059,47.389729],[-0.434162,47.392901],[-0.436762,47.393854],[-0.439113,47.394147],[-0.438997,47.394843],[-0.439808,47.394883],[-0.439687,47.395614],[-0.440215,47.395788],[-0.440157,47.396919],[-0.439742,47.396886],[-0.439676,47.399856],[-0.439098,47.401857],[-0.439517,47.403464],[-0.43941,47.404677],[-0.442787,47.404931],[-0.443845,47.405471],[-0.44271,47.409737],[-0.444167,47.410375],[-0.444294,47.415162],[-0.439919,47.414501],[-0.437423,47.414653],[-0.429247,47.41399],[-0.426698,47.412805],[-0.424401,47.412605],[-0.417245,47.413184],[-0.413288,47.41402],[-0.414602,47.417173],[-0.402886,47.417724],[-0.393381,47.417806],[-0.389891,47.417535],[-0.388768,47.416759],[-0.386046,47.416428],[-0.38533,47.416951],[-0.384426,47.41698],[-0.377326,47.416497],[-0.351931,47.412072],[-0.352394,47.409643],[-0.35187,47.40878],[-0.350432,47.4079],[-0.345927,47.406601],[-0.340332,47.40652],[-0.341077,47.403823],[-0.342478,47.401686],[-0.343093,47.399259],[-0.344931,47.397785],[-0.345544,47.395641],[-0.34917,47.395872],[-0.349158,47.396653],[-0.349575,47.396737],[-0.354939,47.39632],[-0.355014,47.397276],[-0.355445,47.397291],[-0.355288,47.394361],[-0.356392,47.391241],[-0.360387,47.391639],[-0.361188,47.38965],[-0.360126,47.38733],[-0.361274,47.385321],[-0.362037,47.383111],[-0.363152,47.381976],[-0.367016,47.380163],[-0.367831,47.379092],[-0.368444,47.376409],[-0.37004,47.373634],[-0.369929,47.371693],[-0.371062,47.368571],[-0.368666,47.359641],[-0.365686,47.357629],[-0.363543,47.355462]]],"type":"Polygon"},"properties":{"id_edu_college":"20","sc_college_nom":"Collège L'Aubance","sc_college_adr":"rue de la Valière","sc_college_com":"BRISSAC-LOIRE-AUBANCE","sc_college_com_del":"BRISSAC-QUINCE","sc_college_tel":"02 41 74 15 30","sc_college_web":"http://aubance.anjou.e-lyco.fr","shape_area":121055303.34179688,"shape_length":86835.17503409403,"geo_point_2d":{"lon":-0.4143439598285532,"lat":47.3477004878567}}},{"type":"Feature","geometry":{"coordinates":[[[-1.071814,47.178356],[-1.071708,47.17759],[-1.067467,47.179564],[-1.066341,47.181354],[-1.065018,47.184983],[-1.063502,47.184724],[-1.060871,47.184892],[-1.057072,47.183293],[-1.054554,47.183142],[-1.050513,47.186097],[-1.04491,47.187297],[-1.039411,47.187008],[-1.03719,47.186352],[-1.032559,47.186218],[-1.032407,47.185445],[-1.030881,47.185342],[-1.029205,47.18462],[-1.029696,47.184363],[-1.029241,47.182962],[-1.029916,47.182468],[-1.029021,47.180819],[-1.029377,47.180476],[-1.028209,47.179758],[-1.028328,47.179007],[-1.027625,47.178324],[-1.027582,47.1775],[-1.027215,47.177029],[-1.027403,47.175601],[-1.027969,47.175339],[-1.027838,47.174247],[-1.028436,47.174018],[-1.028591,47.172964],[-1.029877,47.172383],[-1.029941,47.171783],[-1.03144,47.171699],[-1.030869,47.171259],[-1.030621,47.170367],[-1.030713,47.169684],[-1.031073,47.169671],[-1.029876,47.168794],[-1.026332,47.16852],[-1.025571,47.167989],[-1.027079,47.167304],[-1.030768,47.163979],[-1.034809,47.16245],[-1.032518,47.162555],[-1.030472,47.161069],[-1.026179,47.161225],[-1.022961,47.162019],[-1.022501,47.161763],[-1.019127,47.16365],[-1.01638,47.16301],[-1.013921,47.163146],[-1.012197,47.165508],[-1.011714,47.164406],[-1.010572,47.164865],[-1.010207,47.164584],[-1.009742,47.164796],[-1.009193,47.164209],[-1.009231,47.163758],[-1.008753,47.163501],[-1.008042,47.163747],[-1.006864,47.162836],[-1.004999,47.162575],[-1.004218,47.163813],[-1.000903,47.163383],[-0.999112,47.167639],[-0.998355,47.167179],[-0.997303,47.167255],[-0.996722,47.167451],[-0.99633,47.168589],[-0.99378,47.168977],[-0.993728,47.169204],[-0.993122,47.169232],[-0.992899,47.168542],[-0.992165,47.168505],[-0.991448,47.167477],[-0.990581,47.164558],[-0.992748,47.164228],[-0.994323,47.163452],[-0.993883,47.162132],[-0.994234,47.157535],[-0.99305,47.157626],[-0.991826,47.158685],[-0.990869,47.157758],[-0.992148,47.156844],[-0.993614,47.154643],[-0.994016,47.154454],[-0.993983,47.153],[-0.995176,47.152684],[-0.995604,47.153333],[-0.997534,47.152659],[-0.999056,47.151604],[-1.000133,47.151445],[-1.001681,47.151672],[-1.004793,47.152824],[-1.008013,47.151859],[-1.009858,47.150602],[-1.010013,47.150376],[-1.009422,47.149759],[-1.010588,47.149352],[-1.010217,47.148458],[-1.008731,47.149505],[-1.006465,47.148446],[-1.0058,47.148622],[-1.004508,47.148102],[-1.003883,47.146719],[-1.008032,47.14608],[-1.009914,47.14547],[-1.012722,47.143555],[-1.014112,47.144799],[-1.01354,47.145266],[-1.013367,47.147406],[-1.014865,47.148273],[-1.016349,47.147397],[-1.016815,47.147594],[-1.023783,47.144505],[-1.023834,47.144028],[-1.023237,47.143496],[-1.022585,47.143542],[-1.024333,47.141991],[-1.027009,47.136572],[-1.027873,47.13558],[-1.028554,47.131885],[-1.029396,47.130024],[-1.029243,47.12937],[-1.033982,47.125769],[-1.036046,47.123565],[-1.0377,47.120709],[-1.038223,47.117801],[-1.03927,47.116892],[-1.039055,47.112748],[-1.03928,47.112088],[-1.040613,47.111622],[-1.039909,47.111498],[-1.040769,47.109929],[-1.04147,47.109868],[-1.044227,47.108204],[-1.042907,47.107074],[-1.045198,47.106163],[-1.042632,47.104326],[-1.048019,47.101322],[-1.049951,47.098149],[-1.050098,47.096465],[-1.051503,47.094542],[-1.050374,47.094543],[-1.049147,47.096075],[-1.047709,47.096733],[-1.045036,47.096311],[-1.04264,47.095016],[-1.040755,47.094491],[-1.039849,47.094799],[-1.039202,47.096381],[-1.038716,47.096839],[-1.037374,47.096755],[-1.034518,47.095478],[-1.034318,47.093513],[-1.03279,47.091498],[-1.030943,47.090418],[-1.030317,47.089617],[-1.030546,47.089025],[-1.031752,47.088165],[-1.031664,47.087051],[-1.031046,47.086904],[-1.027089,47.087611],[-1.025762,47.087211],[-1.025234,47.086572],[-1.025746,47.083009],[-1.027064,47.081765],[-1.026615,47.080187],[-1.027122,47.079107],[-1.026835,47.077853],[-1.028065,47.076827],[-1.030644,47.072867],[-1.032601,47.071583],[-1.032856,47.070107],[-1.034061,47.070021],[-1.03396,47.069666],[-1.034275,47.069478],[-1.038363,47.068104],[-1.038371,47.067549],[-1.039566,47.067823],[-1.0382,47.069219],[-1.035791,47.070638],[-1.037,47.071828],[-1.039291,47.07315],[-1.041014,47.073183],[-1.041901,47.072711],[-1.042853,47.071418],[-1.046194,47.068615],[-1.042919,47.063977],[-1.042626,47.062442],[-1.04296,47.059505],[-1.03872,47.061387],[-1.033791,47.058074],[-1.031562,47.055793],[-1.03268,47.055647],[-1.036794,47.054111],[-1.040741,47.052037],[-1.042479,47.052727],[-1.043968,47.052333],[-1.044766,47.051823],[-1.045437,47.050873],[-1.046292,47.050769],[-1.050333,47.051616],[-1.05126,47.05158],[-1.052592,47.050809],[-1.053408,47.050935],[-1.055826,47.049433],[-1.056521,47.048611],[-1.058108,47.047787],[-1.059559,47.047607],[-1.06079,47.046291],[-1.062372,47.045481],[-1.06558,47.045083],[-1.065683,47.044244],[-1.065281,47.043484],[-1.065507,47.042413],[-1.065978,47.042439],[-1.066606,47.041916],[-1.0666,47.041316],[-1.06748,47.040616],[-1.067643,47.039787],[-1.068453,47.039169],[-1.068471,47.038582],[-1.069846,47.037735],[-1.069299,47.037005],[-1.069568,47.035788],[-1.069087,47.034958],[-1.06948,47.03397],[-1.068168,47.03261],[-1.068319,47.032218],[-1.067558,47.031128],[-1.0684,47.030363],[-1.068757,47.028056],[-1.070085,47.026782],[-1.069564,47.025458],[-1.069996,47.024853],[-1.070634,47.024637],[-1.070844,47.024874],[-1.071781,47.024451],[-1.071446,47.023301],[-1.072847,47.023156],[-1.074404,47.022296],[-1.07521,47.021341],[-1.078566,47.020894],[-1.079182,47.020536],[-1.08004,47.02104],[-1.080969,47.020964],[-1.081936,47.018747],[-1.083258,47.017959],[-1.084138,47.018703],[-1.085009,47.017842],[-1.086169,47.017483],[-1.087375,47.016471],[-1.090047,47.016203],[-1.091589,47.015558],[-1.092722,47.015764],[-1.094448,47.015387],[-1.095942,47.0141],[-1.097355,47.013535],[-1.098481,47.014371],[-1.100387,47.014816],[-1.105467,47.014958],[-1.105699,47.01527],[-1.107444,47.015627],[-1.111022,47.015809],[-1.111596,47.016414],[-1.112839,47.016851],[-1.113996,47.018691],[-1.118761,47.020817],[-1.123287,47.021523],[-1.126518,47.02177],[-1.128132,47.021399],[-1.129301,47.021651],[-1.131579,47.022603],[-1.13311,47.022727],[-1.134633,47.023725],[-1.134626,47.024489],[-1.137072,47.025053],[-1.137923,47.025078],[-1.13822,47.024648],[-1.139668,47.024427],[-1.143464,47.024747],[-1.14423,47.025174],[-1.145813,47.026781],[-1.145819,47.027729],[-1.148372,47.029454],[-1.146733,47.02964],[-1.145036,47.030433],[-1.144271,47.03116],[-1.142571,47.031241],[-1.140082,47.032059],[-1.1375,47.033626],[-1.136414,47.034965],[-1.134408,47.034899],[-1.132884,47.034409],[-1.131772,47.036062],[-1.131293,47.036319],[-1.12948,47.035683],[-1.128465,47.036054],[-1.12673,47.03608],[-1.126284,47.036386],[-1.126199,47.037378],[-1.124455,47.038422],[-1.121594,47.038252],[-1.117777,47.040083],[-1.117363,47.039949],[-1.117075,47.041282],[-1.11668,47.041436],[-1.117119,47.042347],[-1.117271,47.044484],[-1.117765,47.045186],[-1.117595,47.045982],[-1.118806,47.04708],[-1.119398,47.048253],[-1.120525,47.053223],[-1.120957,47.056857],[-1.120024,47.057741],[-1.11803,47.058476],[-1.114905,47.06134],[-1.114761,47.061788],[-1.115292,47.062746],[-1.118285,47.063466],[-1.118719,47.064189],[-1.119387,47.064411],[-1.120727,47.064431],[-1.122177,47.064023],[-1.123646,47.064524],[-1.125651,47.064606],[-1.127746,47.063772],[-1.12911,47.063824],[-1.130386,47.064303],[-1.132255,47.06558],[-1.135275,47.066449],[-1.136418,47.067241],[-1.13932,47.068151],[-1.141324,47.067801],[-1.142399,47.068271],[-1.14296,47.068006],[-1.143905,47.068108],[-1.148878,47.069838],[-1.150473,47.069819],[-1.150909,47.070519],[-1.152276,47.071277],[-1.154232,47.071799],[-1.155332,47.072507],[-1.158032,47.075396],[-1.158971,47.076883],[-1.159171,47.078508],[-1.161297,47.078763],[-1.161454,47.079249],[-1.162169,47.079645],[-1.162321,47.081072],[-1.163115,47.081934],[-1.163618,47.08206],[-1.163381,47.083056],[-1.163985,47.084007],[-1.16407,47.084948],[-1.163819,47.086086],[-1.166825,47.087749],[-1.168127,47.088908],[-1.168576,47.089537],[-1.16823,47.090451],[-1.168637,47.092259],[-1.169584,47.093295],[-1.170428,47.09327],[-1.171517,47.092748],[-1.172516,47.092825],[-1.176528,47.093809],[-1.177789,47.094362],[-1.179115,47.095505],[-1.180968,47.094774],[-1.18497,47.095647],[-1.186208,47.095365],[-1.188284,47.095581],[-1.189825,47.095107],[-1.193574,47.095272],[-1.195458,47.094928],[-1.199838,47.096152],[-1.201402,47.097399],[-1.201955,47.097513],[-1.206304,47.09692],[-1.209442,47.09712],[-1.213917,47.097869],[-1.218661,47.099525],[-1.225505,47.099412],[-1.228911,47.100648],[-1.232654,47.099637],[-1.232687,47.09834],[-1.233978,47.096491],[-1.239076,47.096149],[-1.239574,47.095645],[-1.239727,47.094708],[-1.240811,47.094183],[-1.244757,47.094433],[-1.245988,47.095867],[-1.247808,47.097246],[-1.249361,47.097786],[-1.248984,47.098844],[-1.248061,47.100032],[-1.246169,47.100804],[-1.242306,47.101416],[-1.240043,47.103087],[-1.234978,47.107988],[-1.232334,47.109872],[-1.229641,47.109967],[-1.227751,47.113534],[-1.226377,47.115003],[-1.229584,47.11528],[-1.227501,47.116753],[-1.226444,47.116997],[-1.225748,47.117955],[-1.224546,47.118713],[-1.227071,47.119986],[-1.228464,47.122104],[-1.230756,47.122667],[-1.230652,47.123337],[-1.232917,47.123],[-1.232449,47.123266],[-1.232618,47.12437],[-1.232032,47.124765],[-1.232229,47.128111],[-1.231849,47.130329],[-1.23099,47.131301],[-1.233534,47.132439],[-1.23449,47.132395],[-1.234859,47.131582],[-1.235362,47.131763],[-1.238171,47.134969],[-1.237515,47.135025],[-1.237304,47.135355],[-1.238638,47.13617],[-1.238981,47.137115],[-1.238617,47.137303],[-1.236152,47.136981],[-1.233782,47.13751],[-1.233592,47.137961],[-1.235098,47.13873],[-1.23531,47.139554],[-1.235041,47.14014],[-1.234132,47.1406],[-1.233351,47.140193],[-1.232622,47.140457],[-1.230418,47.13817],[-1.229393,47.13812],[-1.228654,47.138973],[-1.228618,47.142017],[-1.228234,47.142265],[-1.227644,47.142242],[-1.226371,47.140847],[-1.223832,47.140313],[-1.221733,47.142156],[-1.220259,47.142264],[-1.219425,47.142773],[-1.218917,47.14404],[-1.219713,47.145513],[-1.219074,47.145761],[-1.217378,47.145302],[-1.217438,47.144177],[-1.217134,47.143597],[-1.215753,47.142995],[-1.214814,47.143027],[-1.214057,47.14377],[-1.213664,47.14496],[-1.21217,47.145428],[-1.211843,47.145302],[-1.211821,47.144713],[-1.209852,47.143942],[-1.209566,47.143138],[-1.208603,47.143171],[-1.207897,47.14456],[-1.207204,47.144714],[-1.207221,47.144363],[-1.206813,47.144091],[-1.203965,47.145526],[-1.203969,47.146195],[-1.204307,47.146553],[-1.203624,47.146713],[-1.203679,47.147015],[-1.205834,47.147249],[-1.20574,47.147651],[-1.20611,47.148003],[-1.206937,47.147545],[-1.207208,47.147996],[-1.207096,47.148827],[-1.206372,47.14906],[-1.205994,47.150201],[-1.205095,47.150371],[-1.205181,47.15006],[-1.204162,47.14967],[-1.20392,47.149992],[-1.203052,47.149902],[-1.203167,47.149428],[-1.201674,47.149475],[-1.200649,47.148584],[-1.199687,47.148673],[-1.199496,47.149251],[-1.199773,47.149578],[-1.199171,47.149819],[-1.19857,47.149046],[-1.197997,47.149104],[-1.198262,47.150124],[-1.197247,47.150292],[-1.197211,47.150685],[-1.196486,47.151182],[-1.198244,47.152678],[-1.197896,47.153436],[-1.198,47.154085],[-1.193886,47.155341],[-1.192371,47.15514],[-1.192038,47.154717],[-1.191302,47.154905],[-1.191146,47.154525],[-1.190652,47.154876],[-1.190005,47.15468],[-1.189651,47.155046],[-1.189872,47.155406],[-1.18948,47.155656],[-1.189689,47.156181],[-1.189233,47.156462],[-1.189121,47.157188],[-1.188283,47.156937],[-1.188346,47.15796],[-1.187818,47.158706],[-1.187452,47.1583],[-1.186495,47.158513],[-1.186594,47.159201],[-1.18583,47.159557],[-1.184828,47.159246],[-1.185061,47.159738],[-1.184445,47.160056],[-1.183778,47.159185],[-1.183369,47.159419],[-1.182204,47.159088],[-1.182497,47.159583],[-1.181807,47.15959],[-1.181629,47.159906],[-1.182187,47.160437],[-1.181198,47.160432],[-1.181428,47.160789],[-1.180542,47.161282],[-1.181278,47.162767],[-1.181049,47.163033],[-1.181838,47.163364],[-1.181756,47.16373],[-1.182294,47.164177],[-1.182304,47.164735],[-1.181474,47.16545],[-1.180465,47.165476],[-1.180063,47.164948],[-1.179476,47.165338],[-1.178547,47.165122],[-1.178365,47.164207],[-1.178618,47.163789],[-1.177357,47.162933],[-1.175278,47.163479],[-1.176067,47.163686],[-1.176201,47.164238],[-1.175939,47.164727],[-1.175121,47.164567],[-1.174818,47.165388],[-1.174345,47.16517],[-1.173364,47.165767],[-1.173401,47.166499],[-1.172775,47.166613],[-1.172279,47.167168],[-1.171313,47.167159],[-1.171756,47.16729],[-1.17146,47.167926],[-1.172122,47.168057],[-1.172218,47.16848],[-1.171763,47.168677],[-1.172255,47.169607],[-1.17085,47.169783],[-1.170802,47.170116],[-1.17109,47.170196],[-1.170804,47.170511],[-1.170089,47.170429],[-1.169509,47.17076],[-1.169494,47.17146],[-1.168907,47.171939],[-1.168751,47.172682],[-1.166516,47.173937],[-1.167169,47.175075],[-1.167938,47.175657],[-1.167685,47.175923],[-1.16799,47.176299],[-1.16743,47.177005],[-1.166555,47.176813],[-1.165517,47.177443],[-1.165195,47.17734],[-1.165395,47.177035],[-1.165134,47.17674],[-1.165001,47.17703],[-1.163654,47.176882],[-1.16169,47.177853],[-1.161808,47.17854],[-1.163192,47.178664],[-1.164695,47.179518],[-1.164243,47.180106],[-1.164797,47.180635],[-1.164662,47.181193],[-1.163964,47.181087],[-1.162075,47.181584],[-1.160873,47.183145],[-1.161416,47.183227],[-1.161298,47.183718],[-1.161888,47.183896],[-1.161981,47.184329],[-1.163382,47.184835],[-1.163512,47.185451],[-1.162676,47.185973],[-1.161267,47.185831],[-1.161081,47.185208],[-1.160678,47.185023],[-1.159933,47.185582],[-1.158925,47.185503],[-1.158704,47.187919],[-1.157629,47.187899],[-1.157499,47.188472],[-1.157027,47.188412],[-1.156186,47.187141],[-1.154273,47.187113],[-1.154249,47.188141],[-1.1537,47.188362],[-1.154031,47.188866],[-1.155297,47.18889],[-1.155395,47.189299],[-1.152843,47.190474],[-1.151763,47.191464],[-1.15183,47.19189],[-1.150238,47.19241],[-1.150075,47.192709],[-1.148928,47.19285],[-1.148614,47.19202],[-1.147931,47.192232],[-1.146954,47.191743],[-1.146499,47.191042],[-1.146069,47.191141],[-1.145624,47.191923],[-1.143949,47.193217],[-1.144086,47.194546],[-1.143386,47.195296],[-1.143542,47.196259],[-1.142183,47.197454],[-1.142313,47.197748],[-1.141732,47.198234],[-1.141039,47.199767],[-1.139255,47.201594],[-1.138173,47.202089],[-1.137068,47.203709],[-1.135895,47.204478],[-1.134683,47.206011],[-1.134622,47.207466],[-1.13403,47.209339],[-1.134518,47.21001],[-1.134307,47.210568],[-1.134614,47.211389],[-1.135676,47.211775],[-1.13551,47.212868],[-1.133909,47.213901],[-1.133885,47.214724],[-1.132125,47.214774],[-1.131828,47.215866],[-1.130824,47.216268],[-1.12973,47.217808],[-1.128838,47.218072],[-1.126966,47.217913],[-1.126682,47.218143],[-1.126795,47.218558],[-1.12523,47.219357],[-1.123294,47.219031],[-1.122607,47.220383],[-1.115775,47.217026],[-1.116129,47.216385],[-1.114908,47.215882],[-1.11536,47.214698],[-1.114147,47.2151],[-1.113663,47.215673],[-1.111457,47.214635],[-1.10486,47.215823],[-1.102595,47.21553],[-1.09941,47.214319],[-1.097105,47.214433],[-1.094961,47.213956],[-1.094,47.214435],[-1.093822,47.211649],[-1.09289,47.210193],[-1.092535,47.208886],[-1.094681,47.208562],[-1.094291,47.207628],[-1.095109,47.206123],[-1.094617,47.205552],[-1.088379,47.206065],[-1.089035,47.205032],[-1.082842,47.203196],[-1.080416,47.202177],[-1.078396,47.201965],[-1.079725,47.199912],[-1.078852,47.198632],[-1.076187,47.197992],[-1.075502,47.196127],[-1.077141,47.195621],[-1.080069,47.193724],[-1.07902,47.191826],[-1.076556,47.191112],[-1.075872,47.18814],[-1.075893,47.18528],[-1.072578,47.185176],[-1.071765,47.181733],[-1.071814,47.178356]]],"type":"Polygon"},"properties":{"id_edu_college":"1","sc_college_nom":"Collège Le Pont de Moine","sc_college_adr":"rue des champs de fleurs","sc_college_com":"SEVREMOINE","sc_college_com_del":"MONTFAUCON-MONTIGNE","sc_college_tel":"02 41 64 78 76","sc_college_web":"http://le-pont-de-moine.anjou.e-lyco.fr","shape_area":211388015.96533203,"shape_length":109296.95707495151,"geo_point_2d":{"lon":-1.11159400091186,"lat":47.121489394200474}}},{"type":"Feature","geometry":{"coordinates":[[[-0.947121,47.254593],[-0.94502,47.253296],[-0.941855,47.253417],[-0.939742,47.253232],[-0.938754,47.252751],[-0.930316,47.253522],[-0.923264,47.247499],[-0.925238,47.246749],[-0.925012,47.246305],[-0.927733,47.246453],[-0.931301,47.244118],[-0.932641,47.24368],[-0.927553,47.24187],[-0.928947,47.239219],[-0.92781,47.238432],[-0.930168,47.237351],[-0.930876,47.236527],[-0.930601,47.234983],[-0.931599,47.234009],[-0.935503,47.234473],[-0.937431,47.232777],[-0.936635,47.232508],[-0.935968,47.232805],[-0.934429,47.232713],[-0.928763,47.229768],[-0.928334,47.228865],[-0.92978,47.22802],[-0.931502,47.226055],[-0.932011,47.224914],[-0.931978,47.223591],[-0.933308,47.223021],[-0.933124,47.222171],[-0.933693,47.221749],[-0.931947,47.220071],[-0.931369,47.220663],[-0.930015,47.218882],[-0.928504,47.219016],[-0.927358,47.218643],[-0.926955,47.216359],[-0.925872,47.214859],[-0.922896,47.212646],[-0.924797,47.212413],[-0.925487,47.211808],[-0.925053,47.210947],[-0.925748,47.210758],[-0.929496,47.212949],[-0.930656,47.211396],[-0.931599,47.210676],[-0.931997,47.209997],[-0.931917,47.209015],[-0.933962,47.207109],[-0.934331,47.205578],[-0.935726,47.204013],[-0.935792,47.20289],[-0.936405,47.201835],[-0.936165,47.201445],[-0.935227,47.201478],[-0.9352,47.200998],[-0.935629,47.200446],[-0.936269,47.200503],[-0.938174,47.197959],[-0.935576,47.197795],[-0.934963,47.200375],[-0.933112,47.200338],[-0.932759,47.199987],[-0.93481,47.196778],[-0.935988,47.19661],[-0.93668,47.193888],[-0.938945,47.193977],[-0.93803,47.192875],[-0.938036,47.191993],[-0.937057,47.191047],[-0.936946,47.190275],[-0.937674,47.18783],[-0.936303,47.183963],[-0.934279,47.18207],[-0.931736,47.180497],[-0.93462,47.178551],[-0.934542,47.178328],[-0.931581,47.176341],[-0.929953,47.175622],[-0.929278,47.17429],[-0.927783,47.173613],[-0.928138,47.172927],[-0.924864,47.171219],[-0.922863,47.170871],[-0.921087,47.169885],[-0.916921,47.168775],[-0.916306,47.16959],[-0.915663,47.169585],[-0.915969,47.16823],[-0.916494,47.167567],[-0.918588,47.166176],[-0.921474,47.163285],[-0.925013,47.162985],[-0.926071,47.163675],[-0.927214,47.162774],[-0.92893,47.162757],[-0.934443,47.160325],[-0.937325,47.157219],[-0.938325,47.157414],[-0.939553,47.155694],[-0.940798,47.154856],[-0.939881,47.153882],[-0.942047,47.153084],[-0.941596,47.152113],[-0.943484,47.152155],[-0.943869,47.151358],[-0.944796,47.151628],[-0.945098,47.151012],[-0.944425,47.150323],[-0.944708,47.149874],[-0.945588,47.15005],[-0.946789,47.149471],[-0.948285,47.149339],[-0.951461,47.147831],[-0.952877,47.146925],[-0.95464,47.144828],[-0.955456,47.144794],[-0.955045,47.144188],[-0.955593,47.144202],[-0.956461,47.144789],[-0.960689,47.145473],[-0.963055,47.145145],[-0.97056,47.148275],[-0.975082,47.14804],[-0.977283,47.148868],[-0.979792,47.147933],[-0.982792,47.146004],[-0.984234,47.146215],[-0.987326,47.147115],[-0.988195,47.151067],[-0.989214,47.15072],[-0.99047,47.150757],[-0.994089,47.1493],[-0.995238,47.149684],[-0.995,47.151238],[-0.995176,47.152684],[-0.993983,47.153],[-0.994016,47.154454],[-0.993614,47.154643],[-0.992148,47.156844],[-0.990869,47.157758],[-0.991826,47.158685],[-0.99305,47.157626],[-0.994234,47.157535],[-0.993883,47.162132],[-0.994323,47.163452],[-0.992748,47.164228],[-0.990581,47.164558],[-0.99141,47.167408],[-0.992165,47.168505],[-0.992899,47.168542],[-0.993122,47.169232],[-0.99633,47.168589],[-0.996722,47.167451],[-0.997303,47.167255],[-0.998355,47.167179],[-0.999112,47.167639],[-1.000805,47.163463],[-1.004218,47.163813],[-1.004999,47.162575],[-1.006864,47.162836],[-1.008042,47.163747],[-1.008753,47.163501],[-1.009231,47.163758],[-1.009193,47.164209],[-1.009742,47.164796],[-1.010207,47.164584],[-1.010572,47.164865],[-1.011714,47.164406],[-1.012197,47.165508],[-1.013921,47.163146],[-1.01638,47.16301],[-1.019127,47.16365],[-1.022501,47.161763],[-1.022961,47.162019],[-1.026179,47.161225],[-1.030472,47.161069],[-1.032518,47.162555],[-1.034809,47.16245],[-1.030768,47.163979],[-1.027079,47.167304],[-1.025571,47.167989],[-1.026332,47.16852],[-1.029876,47.168794],[-1.031073,47.169671],[-1.030713,47.169684],[-1.030621,47.170367],[-1.030869,47.171259],[-1.03144,47.171699],[-1.029941,47.171783],[-1.029877,47.172383],[-1.028591,47.172964],[-1.028436,47.174018],[-1.027838,47.174247],[-1.027969,47.175339],[-1.027403,47.175601],[-1.027215,47.177029],[-1.027582,47.1775],[-1.027625,47.178324],[-1.028328,47.179007],[-1.028209,47.179758],[-1.029377,47.180476],[-1.029021,47.180819],[-1.029916,47.182468],[-1.029241,47.182962],[-1.029696,47.184363],[-1.029205,47.18462],[-1.030881,47.185342],[-1.032407,47.185445],[-1.032559,47.186218],[-1.03719,47.186352],[-1.039411,47.187008],[-1.04491,47.187297],[-1.050513,47.186097],[-1.054554,47.183142],[-1.057072,47.183293],[-1.060871,47.184892],[-1.063502,47.184724],[-1.065018,47.184983],[-1.066341,47.181354],[-1.067467,47.179564],[-1.071708,47.17759],[-1.071765,47.181733],[-1.072578,47.185176],[-1.075893,47.18528],[-1.075872,47.18814],[-1.076556,47.191112],[-1.07902,47.191826],[-1.080069,47.193724],[-1.077141,47.195621],[-1.075502,47.196127],[-1.076187,47.197992],[-1.078852,47.198632],[-1.079725,47.199912],[-1.078396,47.201965],[-1.080416,47.202177],[-1.082842,47.203196],[-1.089035,47.205032],[-1.088379,47.206065],[-1.094617,47.205552],[-1.095109,47.206123],[-1.094291,47.207628],[-1.094681,47.208562],[-1.092535,47.208886],[-1.09289,47.210193],[-1.093822,47.211649],[-1.094,47.214435],[-1.094961,47.213956],[-1.097105,47.214433],[-1.09941,47.214319],[-1.102595,47.21553],[-1.10486,47.215823],[-1.111457,47.214635],[-1.113663,47.215673],[-1.114147,47.2151],[-1.11536,47.214698],[-1.114908,47.215882],[-1.116129,47.216385],[-1.115775,47.217026],[-1.122607,47.220383],[-1.123294,47.219031],[-1.12523,47.219357],[-1.126795,47.218558],[-1.126682,47.218143],[-1.126966,47.217913],[-1.128838,47.218072],[-1.12973,47.217808],[-1.130824,47.216268],[-1.131828,47.215866],[-1.132125,47.214774],[-1.133885,47.214724],[-1.133909,47.213901],[-1.13551,47.212868],[-1.135676,47.211775],[-1.134614,47.211389],[-1.134307,47.210568],[-1.134518,47.21001],[-1.13403,47.209339],[-1.134622,47.207466],[-1.134683,47.206011],[-1.135895,47.204478],[-1.137068,47.203709],[-1.138173,47.202089],[-1.139255,47.201594],[-1.141039,47.199767],[-1.141732,47.198234],[-1.142313,47.197748],[-1.142183,47.197454],[-1.143542,47.196259],[-1.143386,47.195296],[-1.144086,47.194546],[-1.143949,47.193217],[-1.145624,47.191923],[-1.146069,47.191141],[-1.146499,47.191042],[-1.146954,47.191743],[-1.147931,47.192232],[-1.148614,47.19202],[-1.148981,47.192864],[-1.151263,47.19224],[-1.152843,47.190474],[-1.155395,47.189299],[-1.155297,47.18889],[-1.154031,47.188866],[-1.1537,47.188362],[-1.154249,47.188141],[-1.154273,47.187113],[-1.156186,47.187141],[-1.157027,47.188412],[-1.157499,47.188472],[-1.157629,47.187899],[-1.158704,47.187919],[-1.159053,47.186115],[-1.158833,47.18555],[-1.159933,47.185582],[-1.16056,47.18503],[-1.161081,47.185208],[-1.161267,47.185831],[-1.162093,47.18579],[-1.161746,47.186201],[-1.162224,47.187415],[-1.165688,47.187906],[-1.167564,47.188606],[-1.168632,47.188511],[-1.170533,47.18672],[-1.172232,47.188486],[-1.173682,47.191116],[-1.178434,47.193621],[-1.178425,47.194676],[-1.177686,47.196067],[-1.175723,47.197163],[-1.176799,47.198389],[-1.173584,47.198712],[-1.173612,47.199162],[-1.175424,47.200592],[-1.17676,47.202819],[-1.180489,47.207374],[-1.180466,47.207958],[-1.179598,47.208839],[-1.176915,47.210227],[-1.174977,47.211907],[-1.174508,47.212821],[-1.174478,47.214409],[-1.176914,47.214711],[-1.177264,47.215724],[-1.178656,47.21678],[-1.18019,47.217431],[-1.181106,47.217471],[-1.18424,47.218837],[-1.188173,47.21949],[-1.188764,47.220129],[-1.188025,47.221688],[-1.188368,47.223205],[-1.187073,47.224789],[-1.186806,47.226908],[-1.187061,47.227397],[-1.186789,47.228037],[-1.185142,47.228655],[-1.183646,47.231316],[-1.182245,47.232055],[-1.181567,47.232902],[-1.181792,47.234928],[-1.181424,47.236193],[-1.1822,47.237044],[-1.181849,47.237988],[-1.182137,47.238328],[-1.181906,47.238791],[-1.18228,47.239197],[-1.181185,47.240345],[-1.181395,47.240896],[-1.180904,47.241697],[-1.179378,47.242706],[-1.179062,47.243756],[-1.178269,47.244536],[-1.178145,47.245514],[-1.177706,47.245932],[-1.177862,47.246362],[-1.176547,47.247112],[-1.175363,47.248762],[-1.174753,47.248967],[-1.174516,47.249763],[-1.174132,47.249945],[-1.174106,47.251381],[-1.172831,47.252331],[-1.172843,47.252918],[-1.172403,47.253398],[-1.172617,47.253655],[-1.171209,47.254653],[-1.17142,47.254889],[-1.170596,47.255416],[-1.170186,47.255318],[-1.168218,47.256186],[-1.166871,47.256307],[-1.164328,47.257238],[-1.16123,47.257068],[-1.159293,47.257572],[-1.155724,47.259705],[-1.154625,47.26083],[-1.154012,47.260978],[-1.153804,47.261506],[-1.146412,47.262855],[-1.147865,47.266397],[-1.149855,47.268199],[-1.148956,47.270387],[-1.146802,47.271873],[-1.144597,47.27563],[-1.141544,47.277264],[-1.140334,47.278436],[-1.140005,47.282323],[-1.13684,47.285053],[-1.135592,47.285181],[-1.13404,47.286696],[-1.134924,47.289089],[-1.137494,47.293173],[-1.137965,47.296621],[-1.138594,47.298077],[-1.136938,47.297851],[-1.133948,47.298265],[-1.129199,47.301224],[-1.127095,47.302128],[-1.126352,47.303716],[-1.125006,47.304966],[-1.124651,47.306443],[-1.124864,47.307763],[-1.125342,47.308404],[-1.125126,47.308859],[-1.125312,47.309644],[-1.126948,47.312189],[-1.124751,47.312241],[-1.121167,47.311778],[-1.121219,47.314606],[-1.120796,47.315956],[-1.119081,47.315959],[-1.117523,47.316471],[-1.115943,47.316382],[-1.111856,47.315322],[-1.110821,47.314375],[-1.108269,47.312922],[-1.106761,47.312503],[-1.102538,47.312909],[-1.100411,47.316847],[-1.099901,47.317057],[-1.095115,47.316961],[-1.08501,47.31597],[-1.084117,47.317294],[-1.082976,47.317005],[-1.08274,47.317462],[-1.082341,47.317429],[-1.081934,47.317261],[-1.081971,47.31681],[-1.077995,47.317782],[-1.078138,47.316923],[-1.076181,47.315621],[-1.080874,47.312788],[-1.078124,47.311233],[-1.076565,47.309337],[-1.076547,47.308103],[-1.075667,47.306445],[-1.074715,47.305833],[-1.074772,47.305208],[-1.073974,47.30436],[-1.074136,47.30309],[-1.073231,47.30216],[-1.072697,47.302901],[-1.071262,47.303294],[-1.069918,47.303093],[-1.067877,47.303562],[-1.065659,47.30347],[-1.063905,47.303986],[-1.062112,47.304758],[-1.059936,47.306492],[-1.058621,47.306175],[-1.058576,47.305265],[-1.057987,47.304387],[-1.05658,47.303954],[-1.055066,47.304038],[-1.054467,47.304589],[-1.053577,47.306491],[-1.05344,47.308824],[-1.05176,47.310331],[-1.051264,47.311655],[-1.049959,47.312161],[-1.048671,47.313176],[-1.045837,47.313792],[-1.043918,47.314978],[-1.041992,47.316991],[-1.042959,47.31745],[-1.042746,47.318635],[-1.042953,47.320008],[-1.04172,47.321116],[-1.039978,47.321192],[-1.037542,47.318043],[-1.037288,47.31663],[-1.037569,47.315556],[-1.039775,47.314306],[-1.039958,47.31373],[-1.039594,47.312561],[-1.038508,47.31236],[-1.037621,47.311752],[-1.037275,47.310924],[-1.037389,47.309815],[-1.03651,47.308776],[-1.035699,47.308532],[-1.035916,47.307744],[-1.034307,47.307434],[-1.03259,47.308162],[-1.031032,47.308374],[-1.030571,47.30796],[-1.031312,47.307413],[-1.030837,47.307233],[-1.03126,47.307085],[-1.031008,47.306944],[-1.031476,47.306512],[-1.031278,47.306234],[-1.032171,47.304354],[-1.031852,47.303681],[-1.032382,47.301295],[-1.031162,47.299945],[-1.030351,47.299535],[-1.030505,47.297716],[-1.031753,47.296508],[-1.030696,47.295488],[-1.030751,47.295197],[-1.029042,47.294443],[-1.027837,47.294277],[-1.026934,47.294867],[-1.026669,47.296032],[-1.026205,47.296336],[-1.024266,47.295403],[-1.023998,47.294812],[-1.020504,47.292052],[-1.017015,47.291884],[-1.015118,47.28923],[-1.01182,47.288303],[-1.010519,47.287139],[-1.009142,47.28777],[-1.008057,47.28752],[-1.008286,47.28574],[-1.008761,47.28461],[-1.009259,47.284244],[-1.008972,47.28286],[-1.010187,47.282704],[-1.01218,47.283211],[-1.013325,47.282918],[-1.013936,47.28212],[-1.012611,47.279975],[-1.012756,47.279489],[-1.01413,47.278514],[-1.016413,47.278654],[-1.016719,47.277065],[-1.016523,47.276744],[-1.017051,47.276631],[-1.017007,47.276079],[-1.018027,47.275394],[-1.017792,47.274085],[-1.015626,47.27306],[-1.014853,47.272054],[-1.014523,47.270769],[-1.014962,47.270089],[-1.014204,47.269463],[-1.013982,47.268767],[-1.010495,47.26842],[-1.007267,47.268996],[-1.005582,47.268611],[-1.005552,47.269629],[-1.003372,47.26966],[-1.003296,47.268691],[-0.999993,47.268741],[-0.997578,47.269261],[-0.997817,47.269822],[-0.995637,47.270341],[-0.995081,47.26844],[-0.992598,47.268955],[-0.992831,47.270569],[-0.988968,47.271106],[-0.988472,47.27272],[-0.987463,47.273657],[-0.986839,47.273127],[-0.9868,47.272498],[-0.981875,47.27201],[-0.979938,47.272786],[-0.978112,47.272118],[-0.979067,47.269389],[-0.978688,47.269066],[-0.979168,47.267089],[-0.978685,47.266189],[-0.976699,47.266396],[-0.975965,47.267362],[-0.973559,47.267131],[-0.973646,47.266018],[-0.973156,47.26546],[-0.97206,47.265124],[-0.970876,47.265628],[-0.969836,47.265588],[-0.967771,47.26482],[-0.968834,47.261587],[-0.968708,47.260729],[-0.968029,47.259599],[-0.966239,47.257759],[-0.965573,47.257576],[-0.963285,47.259082],[-0.956687,47.260396],[-0.955947,47.259112],[-0.956642,47.258597],[-0.959177,47.258541],[-0.959168,47.258283],[-0.957163,47.25621],[-0.955899,47.256187],[-0.955745,47.255832],[-0.953517,47.255085],[-0.953369,47.254818],[-0.954498,47.25168],[-0.953012,47.250525],[-0.950545,47.252669],[-0.95075,47.253156],[-0.95008,47.253484],[-0.949872,47.253958],[-0.94865,47.253816],[-0.947121,47.254593]]],"type":"Polygon"},"properties":{"id_edu_college":"8","sc_college_nom":"Collège de l'Evre","sc_college_adr":"15, allée du Rocher","sc_college_com":"MONTREVAULT SUR EVRE","sc_college_com_del":"MONTREVAULT","sc_college_tel":"02 41 30 10 46","sc_college_web":"http://evre.anjou.e-lyco.fr","shape_area":219037040.2631836,"shape_length":108151.6514887301,"geo_point_2d":{"lon":-1.0468857582113646,"lat":47.233049970785935}}},{"type":"Feature","geometry":{"coordinates":[[[-0.361042,47.288613],[-0.359265,47.290994],[-0.361744,47.291734],[-0.361789,47.292837],[-0.362676,47.293073],[-0.362182,47.293676],[-0.364005,47.294616],[-0.362215,47.296466],[-0.36141,47.296119],[-0.361084,47.296583],[-0.360222,47.296226],[-0.360039,47.297057],[-0.35927,47.296984],[-0.359394,47.297554],[-0.358912,47.297382],[-0.35694,47.298764],[-0.356379,47.2995],[-0.352343,47.297992],[-0.349961,47.300931],[-0.343296,47.297981],[-0.340791,47.299182],[-0.338535,47.299471],[-0.333954,47.300851],[-0.333854,47.302183],[-0.334436,47.302198],[-0.333891,47.304784],[-0.331968,47.304409],[-0.330791,47.305991],[-0.331789,47.30669],[-0.330722,47.307446],[-0.329432,47.307837],[-0.324454,47.308954],[-0.318484,47.309829],[-0.311119,47.31023],[-0.310985,47.30996],[-0.307782,47.309844],[-0.30197,47.309983],[-0.298814,47.309491],[-0.295429,47.310011],[-0.294596,47.308644],[-0.288962,47.305525],[-0.288368,47.305606],[-0.289126,47.304612],[-0.289181,47.30298],[-0.286995,47.304866],[-0.283585,47.306631],[-0.280533,47.308027],[-0.276315,47.30902],[-0.27433,47.313],[-0.272524,47.312963],[-0.271979,47.313991],[-0.268141,47.31268],[-0.265536,47.314028],[-0.263978,47.312983],[-0.265626,47.309758],[-0.266104,47.308059],[-0.267867,47.305264],[-0.2686,47.305719],[-0.269565,47.30514],[-0.271032,47.305792],[-0.2731,47.302626],[-0.273155,47.30194],[-0.2747,47.300456],[-0.274759,47.29974],[-0.27535,47.299094],[-0.273005,47.296647],[-0.27414,47.294755],[-0.277412,47.291904],[-0.281506,47.292553],[-0.282685,47.288149],[-0.268036,47.284221],[-0.269294,47.283246],[-0.267059,47.282242],[-0.263864,47.28242],[-0.261825,47.283418],[-0.258237,47.28362],[-0.258748,47.282328],[-0.257745,47.28204],[-0.255898,47.280713],[-0.251715,47.279452],[-0.248898,47.279484],[-0.24121,47.275613],[-0.239487,47.273428],[-0.238417,47.269614],[-0.235755,47.271207],[-0.232174,47.272631],[-0.231107,47.273398],[-0.230262,47.274755],[-0.228674,47.275672],[-0.224634,47.276847],[-0.224046,47.27586],[-0.224576,47.274842],[-0.224512,47.2733],[-0.22415,47.273217],[-0.225135,47.271944],[-0.225525,47.270563],[-0.224654,47.269676],[-0.219736,47.268913],[-0.220332,47.264207],[-0.219198,47.264162],[-0.218443,47.263547],[-0.214498,47.263215],[-0.208627,47.261643],[-0.205411,47.262024],[-0.203609,47.261778],[-0.202511,47.262558],[-0.200787,47.262459],[-0.198523,47.261778],[-0.197723,47.261006],[-0.196082,47.255525],[-0.195456,47.254721],[-0.19533,47.253437],[-0.195304,47.251715],[-0.195966,47.250395],[-0.195633,47.24872],[-0.195906,47.246863],[-0.196606,47.24606],[-0.195211,47.244841],[-0.194708,47.243421],[-0.192535,47.242233],[-0.192033,47.240716],[-0.193851,47.238044],[-0.193707,47.237276],[-0.194267,47.232632],[-0.193973,47.231837],[-0.195253,47.231697],[-0.197582,47.227961],[-0.204593,47.22538],[-0.200573,47.222123],[-0.199259,47.219841],[-0.202311,47.218876],[-0.206971,47.218583],[-0.207991,47.217146],[-0.210447,47.214982],[-0.210949,47.212826],[-0.214967,47.2062],[-0.215516,47.206259],[-0.215885,47.205822],[-0.216632,47.203658],[-0.216286,47.203567],[-0.216614,47.203083],[-0.212178,47.201586],[-0.209545,47.202496],[-0.210111,47.200538],[-0.208499,47.199648],[-0.209107,47.195694],[-0.20902,47.193615],[-0.209886,47.191326],[-0.207424,47.190812],[-0.204445,47.19094],[-0.203387,47.187578],[-0.201237,47.187577],[-0.201254,47.184663],[-0.201855,47.180019],[-0.201369,47.178315],[-0.20125,47.1762],[-0.200498,47.173759],[-0.202374,47.173639],[-0.203104,47.174025],[-0.203763,47.174993],[-0.211084,47.176767],[-0.211004,47.177063],[-0.214041,47.178079],[-0.217589,47.177766],[-0.218627,47.177938],[-0.218881,47.17809],[-0.218719,47.179132],[-0.21834,47.179523],[-0.217356,47.179484],[-0.216725,47.180764],[-0.21772,47.180929],[-0.21759,47.181429],[-0.218957,47.181908],[-0.218919,47.182175],[-0.219806,47.182332],[-0.220961,47.18192],[-0.222239,47.182116],[-0.222369,47.181902],[-0.223855,47.182365],[-0.226056,47.17746],[-0.227812,47.177698],[-0.228919,47.174695],[-0.230684,47.171742],[-0.231637,47.169015],[-0.231959,47.168948],[-0.234202,47.163913],[-0.232954,47.162097],[-0.233191,47.161665],[-0.238945,47.162423],[-0.244206,47.162557],[-0.248014,47.163737],[-0.256754,47.167379],[-0.257462,47.168701],[-0.261138,47.169147],[-0.26098,47.168177],[-0.261222,47.166388],[-0.261715,47.165653],[-0.261671,47.16382],[-0.262422,47.162373],[-0.261327,47.162143],[-0.262151,47.161779],[-0.261401,47.161547],[-0.262081,47.161138],[-0.262725,47.161876],[-0.263161,47.160912],[-0.262869,47.159844],[-0.263957,47.155844],[-0.263896,47.154194],[-0.264929,47.15003],[-0.251562,47.144177],[-0.251163,47.143008],[-0.250623,47.142456],[-0.250814,47.140238],[-0.250608,47.139229],[-0.251051,47.137574],[-0.246667,47.135331],[-0.260605,47.130371],[-0.266107,47.129235],[-0.267467,47.130172],[-0.270866,47.129693],[-0.27411,47.12831],[-0.276617,47.127648],[-0.27789,47.126295],[-0.279126,47.125566],[-0.281048,47.125721],[-0.283471,47.125123],[-0.286504,47.126786],[-0.287731,47.128112],[-0.289909,47.129252],[-0.291304,47.13047],[-0.291626,47.131286],[-0.293858,47.133801],[-0.294323,47.134772],[-0.296815,47.132402],[-0.297289,47.13137],[-0.301215,47.127391],[-0.303322,47.123733],[-0.305179,47.124736],[-0.306784,47.126065],[-0.308032,47.125491],[-0.307739,47.125018],[-0.30926,47.124088],[-0.314313,47.121609],[-0.316141,47.122482],[-0.316669,47.121768],[-0.318372,47.121193],[-0.319366,47.120468],[-0.325581,47.123121],[-0.327816,47.122427],[-0.330002,47.123199],[-0.329301,47.125218],[-0.329691,47.126009],[-0.330249,47.126144],[-0.332498,47.125027],[-0.334314,47.125902],[-0.33536,47.125446],[-0.33722,47.12614],[-0.338209,47.125162],[-0.339118,47.125369],[-0.339153,47.12661],[-0.340907,47.127883],[-0.340678,47.128352],[-0.341232,47.128987],[-0.337955,47.130561],[-0.335003,47.130917],[-0.33382,47.130432],[-0.332489,47.131577],[-0.333202,47.131624],[-0.334297,47.132289],[-0.333255,47.133742],[-0.338095,47.134994],[-0.342742,47.134635],[-0.348137,47.136163],[-0.350256,47.137297],[-0.353369,47.141311],[-0.3497,47.144933],[-0.349273,47.145089],[-0.348616,47.144665],[-0.347823,47.145302],[-0.348226,47.145623],[-0.347566,47.146139],[-0.348841,47.146936],[-0.350786,47.146715],[-0.350341,47.148346],[-0.350726,47.149434],[-0.351791,47.150161],[-0.352047,47.151282],[-0.351485,47.152225],[-0.353323,47.152762],[-0.354149,47.150779],[-0.35578,47.149185],[-0.36114,47.151223],[-0.366432,47.151314],[-0.369563,47.153469],[-0.370852,47.152572],[-0.371896,47.153177],[-0.373949,47.152541],[-0.375187,47.151642],[-0.377651,47.153213],[-0.381255,47.154727],[-0.384412,47.156495],[-0.386661,47.157293],[-0.388383,47.157432],[-0.392061,47.15838],[-0.394766,47.159666],[-0.396127,47.159938],[-0.399628,47.159767],[-0.399643,47.1588],[-0.400209,47.157593],[-0.40023,47.155858],[-0.404906,47.160023],[-0.410125,47.158827],[-0.406273,47.163637],[-0.406628,47.163987],[-0.405383,47.164763],[-0.404656,47.16466],[-0.399176,47.168755],[-0.394179,47.171043],[-0.390425,47.174598],[-0.38967,47.175879],[-0.390827,47.176182],[-0.394587,47.176119],[-0.396209,47.17506],[-0.397269,47.174935],[-0.397697,47.17509],[-0.398605,47.176722],[-0.399488,47.177426],[-0.400516,47.176952],[-0.401479,47.177419],[-0.402195,47.177222],[-0.407773,47.179534],[-0.408282,47.179647],[-0.408398,47.179388],[-0.411007,47.18028],[-0.411015,47.179865],[-0.413784,47.180231],[-0.411807,47.183143],[-0.411996,47.185065],[-0.412716,47.185433],[-0.412285,47.187333],[-0.413439,47.187417],[-0.413413,47.18875],[-0.414043,47.188603],[-0.413958,47.190365],[-0.41521,47.190279],[-0.415152,47.190958],[-0.417619,47.190956],[-0.418248,47.193134],[-0.418511,47.195844],[-0.417371,47.197103],[-0.412792,47.200155],[-0.412285,47.201901],[-0.409833,47.204575],[-0.41171,47.205248],[-0.410264,47.206932],[-0.409558,47.206496],[-0.408976,47.207093],[-0.407826,47.206784],[-0.405048,47.210537],[-0.40383,47.213639],[-0.401814,47.215326],[-0.401103,47.217383],[-0.401168,47.219627],[-0.393137,47.222147],[-0.394004,47.223529],[-0.394459,47.225916],[-0.394734,47.226016],[-0.393403,47.228511],[-0.394343,47.228923],[-0.397783,47.229267],[-0.397753,47.22963],[-0.396937,47.229662],[-0.396027,47.23349],[-0.396993,47.233421],[-0.395966,47.234978],[-0.396709,47.235276],[-0.39681,47.235948],[-0.399351,47.235258],[-0.399784,47.23709],[-0.402059,47.237175],[-0.405588,47.244234],[-0.403381,47.245558],[-0.405094,47.246733],[-0.403952,47.247851],[-0.40355,47.24758],[-0.400829,47.249857],[-0.399832,47.249569],[-0.399189,47.250285],[-0.398119,47.249914],[-0.397307,47.250878],[-0.39671,47.250803],[-0.395697,47.252057],[-0.393779,47.25066],[-0.391936,47.25312],[-0.392231,47.255004],[-0.39055,47.255763],[-0.38874,47.255754],[-0.388727,47.256704],[-0.387925,47.256528],[-0.388,47.258346],[-0.387523,47.260398],[-0.387742,47.262891],[-0.388711,47.264005],[-0.390491,47.263976],[-0.39067,47.265094],[-0.392538,47.266277],[-0.392372,47.267952],[-0.393253,47.269193],[-0.391966,47.27149],[-0.390012,47.273669],[-0.388608,47.275905],[-0.386422,47.275997],[-0.383189,47.277143],[-0.379935,47.27605],[-0.378537,47.277886],[-0.380414,47.27941],[-0.3794,47.280748],[-0.375392,47.284311],[-0.374642,47.285451],[-0.371554,47.283768],[-0.368738,47.286055],[-0.36559,47.286039],[-0.361042,47.288613]]],"type":"Polygon"},"properties":{"id_edu_college":"13","sc_college_nom":"Collège Lucien Millet","sc_college_adr":"34, avenue Saint-Exupéry","sc_college_com":"DOUE-EN-ANJOU","sc_college_com_del":"DOUE-LA-FONTAINE","sc_college_tel":"02 41 59 15 06","sc_college_web":"http://lucien-millet.anjou.e-lyco.fr","shape_area":238763596.1052246,"shape_length":94794.89092354094,"geo_point_2d":{"lon":-0.306839581181586,"lat":47.21709513131738}}},{"type":"Feature","geometry":{"coordinates":[[[-0.188621,47.61718],[-0.190256,47.618738],[-0.19308,47.62314],[-0.193422,47.623046],[-0.197142,47.625577],[-0.198023,47.625843],[-0.197334,47.628354],[-0.198471,47.631308],[-0.199646,47.633286],[-0.199975,47.634733],[-0.198324,47.637953],[-0.198457,47.640082],[-0.196376,47.641858],[-0.195416,47.643794],[-0.193991,47.645426],[-0.192969,47.647893],[-0.185493,47.646945],[-0.181635,47.64532],[-0.171888,47.644803],[-0.159413,47.646451],[-0.158748,47.646842],[-0.152647,47.642113],[-0.147851,47.635767],[-0.145605,47.635936],[-0.14503,47.635632],[-0.144553,47.636103],[-0.143471,47.636118],[-0.143114,47.636677],[-0.141506,47.635578],[-0.134671,47.632423],[-0.133407,47.634561],[-0.134055,47.634979],[-0.133571,47.635314],[-0.132613,47.634865],[-0.131423,47.636053],[-0.130283,47.63567],[-0.130039,47.636474],[-0.128225,47.636377],[-0.125687,47.637522],[-0.123364,47.636414],[-0.122824,47.636549],[-0.121445,47.634716],[-0.119084,47.634081],[-0.117809,47.633398],[-0.114429,47.635199],[-0.114298,47.634994],[-0.113216,47.635281],[-0.112997,47.6349],[-0.111409,47.63536],[-0.112359,47.637549],[-0.113748,47.638963],[-0.114084,47.640469],[-0.114492,47.64096],[-0.115179,47.641078],[-0.114835,47.64474],[-0.113332,47.64486],[-0.113116,47.646495],[-0.114306,47.646591],[-0.114288,47.648222],[-0.111657,47.648881],[-0.111749,47.649272],[-0.110502,47.649509],[-0.109443,47.650278],[-0.109092,47.651279],[-0.1056,47.653451],[-0.108336,47.65451],[-0.103161,47.659346],[-0.101672,47.662083],[-0.098998,47.661376],[-0.096918,47.662203],[-0.094526,47.662237],[-0.092185,47.653005],[-0.092545,47.651237],[-0.089758,47.650456],[-0.085631,47.65563],[-0.08446,47.65513],[-0.083971,47.655662],[-0.082806,47.655206],[-0.081175,47.653774],[-0.078102,47.654393],[-0.076074,47.657394],[-0.075349,47.657658],[-0.074472,47.659692],[-0.073439,47.6602],[-0.07347,47.660564],[-0.072115,47.659905],[-0.072042,47.659323],[-0.071273,47.658803],[-0.071809,47.658589],[-0.072004,47.658072],[-0.071598,47.656082],[-0.07109,47.655463],[-0.068823,47.654953],[-0.065251,47.655286],[-0.063846,47.654585],[-0.061972,47.652746],[-0.061162,47.65263],[-0.060858,47.65187],[-0.059886,47.650963],[-0.057363,47.649454],[-0.054664,47.648493],[-0.051814,47.648213],[-0.051577,47.648558],[-0.04893,47.64832],[-0.04778,47.648577],[-0.043606,47.64806],[-0.037233,47.64691],[-0.037205,47.646087],[-0.032343,47.646748],[-0.03166,47.646377],[-0.030524,47.646294],[-0.030353,47.646682],[-0.029492,47.646473],[-0.029503,47.646972],[-0.028463,47.646963],[-0.028189,47.647844],[-0.025798,47.646442],[-0.024801,47.646967],[-0.02033,47.636799],[-0.004746,47.647634],[-0.001663,47.646646],[-0.000673,47.644207],[0.002416,47.64251],[0.007995,47.637581],[0.010263,47.634961],[0.008678,47.63312],[0.005649,47.630656],[0.012539,47.629312],[0.012965,47.62869],[0.012301,47.628677],[0.011861,47.628083],[0.011127,47.628114],[0.011145,47.627709],[0.009804,47.627181],[0.009749,47.626703],[0.008523,47.625905],[0.00992,47.62377],[0.009222,47.622991],[0.009245,47.622452],[0.010474,47.621757],[0.012117,47.61918],[0.012627,47.616671],[0.014006,47.616047],[0.013882,47.615287],[0.01155,47.613586],[0.009857,47.612838],[0.007838,47.612528],[0.004836,47.611094],[0.005796,47.609945],[0.007603,47.608817],[0.006043,47.607451],[0.006619,47.606472],[0.005501,47.60618],[0.004729,47.602565],[0.003012,47.600731],[0.002353,47.600582],[0.001364,47.598898],[0.004188,47.59819],[0.002934,47.596455],[0.003059,47.595245],[0.001852,47.594624],[0.004371,47.59071],[0.003322,47.588104],[0.001963,47.587991],[0.001277,47.58376],[-0.004101,47.586367],[-0.00626,47.586969],[-0.00661,47.587685],[-0.011395,47.587352],[-0.013133,47.58575],[-0.013222,47.584782],[-0.014816,47.583037],[-0.01638,47.58176],[-0.017905,47.581329],[-0.019395,47.580005],[-0.022129,47.578378],[-0.02201,47.573674],[-0.024154,47.571051],[-0.025858,47.567151],[-0.025511,47.564692],[-0.023721,47.563119],[-0.021227,47.561939],[-0.020148,47.563154],[-0.017517,47.561909],[-0.01672,47.561713],[-0.016018,47.562286],[-0.014547,47.561667],[-0.014982,47.560941],[-0.014987,47.558502],[-0.014728,47.558393],[-0.015188,47.556803],[-0.015707,47.55686],[-0.018174,47.554642],[-0.019509,47.552692],[-0.020104,47.552809],[-0.020596,47.552497],[-0.023223,47.548797],[-0.024714,47.548189],[-0.027038,47.54581],[-0.027745,47.544561],[-0.028079,47.543006],[-0.029198,47.541273],[-0.024259,47.540079],[-0.024027,47.539328],[-0.021183,47.538147],[-0.016832,47.537586],[-0.016653,47.536434],[-0.017025,47.534695],[-0.015992,47.533053],[-0.016335,47.532497],[-0.016733,47.528896],[-0.017534,47.527785],[-0.019082,47.526629],[-0.019172,47.526161],[-0.020417,47.525867],[-0.019185,47.524989],[-0.018632,47.523593],[-0.014649,47.522917],[-0.013227,47.522017],[-0.010397,47.519415],[-0.009786,47.517694],[-0.008583,47.516912],[-0.005826,47.51652],[-0.004341,47.517318],[-0.000649,47.516752],[-0.003716,47.514862],[-0.005204,47.513476],[-0.005752,47.512408],[-0.005926,47.510967],[-0.007081,47.50895],[-0.010034,47.506288],[-0.013073,47.504113],[-0.016132,47.502413],[-0.021487,47.500392],[-0.02251,47.498008],[-0.023886,47.496359],[-0.027944,47.494394],[-0.025196,47.492346],[-0.02002,47.489713],[-0.015185,47.487694],[-0.013536,47.486493],[-0.023841,47.475988],[-0.025649,47.473672],[-0.031473,47.471853],[-0.034504,47.47007],[-0.034846,47.469509],[-0.034039,47.469337],[-0.031272,47.467111],[-0.031016,47.466512],[-0.032622,47.465742],[-0.033184,47.464824],[-0.032558,47.464627],[-0.033114,47.46387],[-0.034519,47.464557],[-0.035501,47.46585],[-0.037273,47.464875],[-0.038567,47.464584],[-0.038794,47.464959],[-0.039401,47.464726],[-0.040987,47.467464],[-0.042629,47.46781],[-0.041618,47.468994],[-0.045768,47.469131],[-0.051894,47.470232],[-0.060139,47.469981],[-0.063801,47.470197],[-0.069099,47.471766],[-0.074113,47.469164],[-0.076765,47.465792],[-0.078707,47.46478],[-0.085523,47.46412],[-0.08516,47.460065],[-0.084743,47.459883],[-0.084367,47.458225],[-0.084837,47.458101],[-0.084524,47.457502],[-0.086375,47.457339],[-0.087636,47.459146],[-0.090114,47.460642],[-0.091963,47.462326],[-0.094248,47.460902],[-0.098196,47.459365],[-0.102604,47.458729],[-0.102522,47.460462],[-0.101466,47.46238],[-0.100521,47.465043],[-0.105914,47.466647],[-0.106415,47.46728],[-0.106236,47.468518],[-0.106654,47.468491],[-0.107156,47.469831],[-0.107441,47.469698],[-0.108097,47.470499],[-0.112328,47.473691],[-0.118508,47.474562],[-0.121404,47.475579],[-0.124264,47.473099],[-0.125733,47.472417],[-0.12674,47.473046],[-0.122712,47.477288],[-0.124488,47.477672],[-0.125327,47.477263],[-0.126161,47.477751],[-0.129638,47.47603],[-0.129836,47.476219],[-0.131063,47.475864],[-0.131459,47.477103],[-0.131723,47.477008],[-0.132559,47.478049],[-0.13241,47.478546],[-0.137213,47.478934],[-0.14413,47.481539],[-0.147854,47.480939],[-0.151952,47.481494],[-0.150711,47.483563],[-0.149949,47.484276],[-0.143749,47.487953],[-0.141431,47.488516],[-0.137606,47.490624],[-0.141713,47.492574],[-0.144624,47.494874],[-0.145917,47.495236],[-0.147183,47.496618],[-0.148132,47.498386],[-0.150876,47.499789],[-0.152474,47.501464],[-0.152995,47.501597],[-0.153396,47.502417],[-0.15484,47.50291],[-0.157431,47.501779],[-0.158525,47.501902],[-0.159302,47.501633],[-0.162706,47.502203],[-0.162977,47.502741],[-0.166116,47.503305],[-0.165692,47.504463],[-0.16594,47.505327],[-0.166968,47.506199],[-0.165937,47.507603],[-0.170641,47.509309],[-0.169949,47.510294],[-0.170937,47.510868],[-0.172197,47.509903],[-0.172553,47.510169],[-0.173079,47.509826],[-0.173887,47.510401],[-0.176011,47.509258],[-0.179921,47.507846],[-0.181084,47.507031],[-0.182386,47.507735],[-0.183168,47.507002],[-0.18291,47.506871],[-0.184595,47.505437],[-0.189768,47.508069],[-0.190063,47.507288],[-0.195743,47.505239],[-0.197023,47.504209],[-0.199022,47.506157],[-0.198762,47.507055],[-0.199333,47.507644],[-0.198532,47.508877],[-0.19859,47.509507],[-0.199607,47.509332],[-0.199715,47.509734],[-0.203006,47.510381],[-0.202758,47.510764],[-0.203853,47.511162],[-0.204065,47.510852],[-0.205391,47.51128],[-0.204917,47.511764],[-0.20514,47.512483],[-0.20991,47.512068],[-0.211357,47.511266],[-0.212601,47.511396],[-0.212667,47.510891],[-0.215039,47.50765],[-0.22002,47.507835],[-0.224749,47.509593],[-0.22453,47.51092],[-0.224929,47.512562],[-0.226879,47.514231],[-0.227218,47.515425],[-0.229684,47.515422],[-0.230192,47.514836],[-0.230575,47.514911],[-0.233912,47.516426],[-0.235801,47.517791],[-0.235548,47.518352],[-0.234933,47.518202],[-0.233897,47.519875],[-0.232048,47.520228],[-0.23266,47.520627],[-0.23527,47.520507],[-0.236,47.521079],[-0.233381,47.521327],[-0.2329,47.522129],[-0.235306,47.522744],[-0.236667,47.523683],[-0.240101,47.525074],[-0.241452,47.525924],[-0.242068,47.527023],[-0.247031,47.527553],[-0.247376,47.527168],[-0.248536,47.528208],[-0.248396,47.528958],[-0.250501,47.529016],[-0.251355,47.528642],[-0.254778,47.529065],[-0.253954,47.530434],[-0.252596,47.530684],[-0.251473,47.532826],[-0.26226,47.535961],[-0.262056,47.537709],[-0.264294,47.537409],[-0.264095,47.538638],[-0.265284,47.538565],[-0.265335,47.539606],[-0.265965,47.539524],[-0.266079,47.539959],[-0.268003,47.540415],[-0.266076,47.544043],[-0.26682,47.544835],[-0.26953,47.545512],[-0.270468,47.546519],[-0.271992,47.54711],[-0.273736,47.547321],[-0.277022,47.546894],[-0.276873,47.547766],[-0.278668,47.549519],[-0.278984,47.551199],[-0.281331,47.551154],[-0.288471,47.550099],[-0.2901,47.552787],[-0.298578,47.554938],[-0.301724,47.55486],[-0.299108,47.555848],[-0.297997,47.559361],[-0.29224,47.563259],[-0.291721,47.563481],[-0.290637,47.562993],[-0.289138,47.565026],[-0.287018,47.566623],[-0.286593,47.566649],[-0.286238,47.569487],[-0.285791,47.570262],[-0.284707,47.571302],[-0.284252,47.571101],[-0.283252,47.57226],[-0.282125,47.5718],[-0.281137,47.570772],[-0.280284,47.571656],[-0.27953,47.57105],[-0.279654,47.571668],[-0.275596,47.574078],[-0.274647,47.573429],[-0.272611,47.57286],[-0.271297,47.572001],[-0.269058,47.574366],[-0.268375,47.574334],[-0.268082,47.575299],[-0.264805,47.574501],[-0.264482,47.575778],[-0.262708,47.575025],[-0.26225,47.575186],[-0.262268,47.574725],[-0.261431,47.574631],[-0.260569,47.575068],[-0.259837,47.574508],[-0.258892,47.574318],[-0.258053,47.574594],[-0.258149,47.575059],[-0.257814,47.57521],[-0.256174,47.574832],[-0.255274,47.575412],[-0.254029,47.57482],[-0.252248,47.574724],[-0.252419,47.57556],[-0.25125,47.575365],[-0.250757,47.577189],[-0.249329,47.578241],[-0.24827,47.579557],[-0.247483,47.581938],[-0.247124,47.581829],[-0.246301,47.582671],[-0.246232,47.583148],[-0.245114,47.583249],[-0.244479,47.585566],[-0.242408,47.585867],[-0.241755,47.586346],[-0.238427,47.587404],[-0.241263,47.590791],[-0.240725,47.592624],[-0.240563,47.594991],[-0.239229,47.595196],[-0.239498,47.596488],[-0.240122,47.597919],[-0.241653,47.598574],[-0.242524,47.599463],[-0.238944,47.601685],[-0.237045,47.603545],[-0.233717,47.605248],[-0.233855,47.605758],[-0.236313,47.606669],[-0.236299,47.607508],[-0.235314,47.609345],[-0.237245,47.611097],[-0.237279,47.611962],[-0.233473,47.612034],[-0.228568,47.6145],[-0.226383,47.614169],[-0.222529,47.614997],[-0.219645,47.613737],[-0.217061,47.611879],[-0.215282,47.611185],[-0.209529,47.610089],[-0.202258,47.6097],[-0.198594,47.610913],[-0.196557,47.612763],[-0.194329,47.612683],[-0.194082,47.613157],[-0.192845,47.612761],[-0.191995,47.612849],[-0.191327,47.61345],[-0.190231,47.616767],[-0.188621,47.61718]]],"type":"Polygon"},"properties":{"id_edu_college":"30","sc_college_nom":"Collège Châteaucoin","sc_college_adr":"2 avenue de Paris","sc_college_com":"BAUGE EN ANJOU","sc_college_com_del":"BAUGE","sc_college_tel":"02 41 89 18 65","sc_college_web":"http://chateaucoin.anjou.e-lyco.fr","shape_area":310882064.6726074,"shape_length":111639.25032067567,"geo_point_2d":{"lon":-0.11968532749801152,"lat":47.56430798962551}}},{"type":"Feature","geometry":{"coordinates":[[[-0.536147,47.445089],[-0.53522,47.442729],[-0.538596,47.442295],[-0.539533,47.441473],[-0.54083,47.441224],[-0.546168,47.441441],[-0.549351,47.44104],[-0.551846,47.441101],[-0.552262,47.441232],[-0.551641,47.444319],[-0.553983,47.443662],[-0.556202,47.443624],[-0.557884,47.442649],[-0.559204,47.440356],[-0.561522,47.4374],[-0.564132,47.438633],[-0.565284,47.437507],[-0.569258,47.440176],[-0.572329,47.441753],[-0.571266,47.442724],[-0.569793,47.44655],[-0.568668,47.447126],[-0.567856,47.446721],[-0.566004,47.44848],[-0.56494,47.448979],[-0.563252,47.448157],[-0.560526,47.450651],[-0.558535,47.450078],[-0.553633,47.454406],[-0.554005,47.457047],[-0.548293,47.454879],[-0.545418,47.45343],[-0.544869,47.451851],[-0.540833,47.452618],[-0.536147,47.445089]]],"type":"Polygon"},"properties":{"id_edu_college":"39","sc_college_nom":"Collège Jean Vilar","sc_college_adr":"21, rue François Mauriac","sc_college_com":"ANGERS","sc_college_com_del":null,"sc_college_tel":"02 41 54 58 40","sc_college_web":"http://jean-vilar.anjou.e-lyco.fr","shape_area":2986079.8388671875,"shape_length":9104.334858190807,"geo_point_2d":{"lon":-0.5532883501131923,"lat":47.446345477430285}}},{"type":"Feature","geometry":{"coordinates":[[[-0.125638,47.472459],[-0.124264,47.473099],[-0.121404,47.475579],[-0.118508,47.474562],[-0.112328,47.473691],[-0.108097,47.470499],[-0.107441,47.469698],[-0.107156,47.469831],[-0.106654,47.468491],[-0.106236,47.468518],[-0.106415,47.46728],[-0.105914,47.466647],[-0.100521,47.465043],[-0.101466,47.46238],[-0.102522,47.460462],[-0.102604,47.458729],[-0.098196,47.459365],[-0.094248,47.460902],[-0.091963,47.462326],[-0.090114,47.460642],[-0.087636,47.459146],[-0.086375,47.457339],[-0.08808,47.456897],[-0.092959,47.456525],[-0.095663,47.455073],[-0.096979,47.453068],[-0.101419,47.44995],[-0.102411,47.449832],[-0.103125,47.450221],[-0.105841,47.449373],[-0.108066,47.447825],[-0.117065,47.4432],[-0.117803,47.442211],[-0.117566,47.438847],[-0.123767,47.429538],[-0.126434,47.424959],[-0.127114,47.424694],[-0.128296,47.424836],[-0.129867,47.423623],[-0.132621,47.422176],[-0.132814,47.422571],[-0.133227,47.422565],[-0.136705,47.421245],[-0.137093,47.420859],[-0.136914,47.420349],[-0.138717,47.419525],[-0.138775,47.4185],[-0.138509,47.418206],[-0.149374,47.41289],[-0.149719,47.412504],[-0.148586,47.411698],[-0.150677,47.410956],[-0.153389,47.408606],[-0.155176,47.407756],[-0.15802,47.406965],[-0.159722,47.405706],[-0.15937,47.405384],[-0.159721,47.404978],[-0.15948,47.404557],[-0.159898,47.403519],[-0.164497,47.402125],[-0.170361,47.396648],[-0.175193,47.39749],[-0.175979,47.396341],[-0.176835,47.395766],[-0.179907,47.395396],[-0.184325,47.393959],[-0.186318,47.393953],[-0.188453,47.394717],[-0.193299,47.395398],[-0.194395,47.396025],[-0.19557,47.397392],[-0.197282,47.398687],[-0.199292,47.399725],[-0.204412,47.400966],[-0.209679,47.406181],[-0.212953,47.408412],[-0.215435,47.411179],[-0.21869,47.413908],[-0.220595,47.415007],[-0.22512,47.415849],[-0.227506,47.416644],[-0.229148,47.417632],[-0.230039,47.418688],[-0.231476,47.419431],[-0.235809,47.42035],[-0.241953,47.420843],[-0.248132,47.423401],[-0.254971,47.429554],[-0.254116,47.432291],[-0.252395,47.435336],[-0.252888,47.43648],[-0.253893,47.437006],[-0.258769,47.437315],[-0.261418,47.438749],[-0.262364,47.440509],[-0.263156,47.441233],[-0.264029,47.440713],[-0.263442,47.439988],[-0.264675,47.438649],[-0.265374,47.437057],[-0.270184,47.432812],[-0.272918,47.430988],[-0.274616,47.42917],[-0.275867,47.427286],[-0.276121,47.426395],[-0.277107,47.42559],[-0.277818,47.422518],[-0.280789,47.421604],[-0.283361,47.422313],[-0.285312,47.424702],[-0.288451,47.425425],[-0.28888,47.426046],[-0.289784,47.426422],[-0.289927,47.427247],[-0.292385,47.428285],[-0.294317,47.429866],[-0.302559,47.431499],[-0.305792,47.432859],[-0.306343,47.43246],[-0.30788,47.433157],[-0.307601,47.43337],[-0.312606,47.435176],[-0.311448,47.436589],[-0.312205,47.436655],[-0.31243,47.437255],[-0.315563,47.438306],[-0.31656,47.439542],[-0.316979,47.439383],[-0.316772,47.439898],[-0.319762,47.440216],[-0.322411,47.441403],[-0.32623,47.442183],[-0.329245,47.441537],[-0.331741,47.439981],[-0.332538,47.438978],[-0.328745,47.448444],[-0.329246,47.448823],[-0.328573,47.448797],[-0.327975,47.451049],[-0.329437,47.455934],[-0.329549,47.457249],[-0.329274,47.458468],[-0.328825,47.458769],[-0.329343,47.459414],[-0.329029,47.460371],[-0.326632,47.461751],[-0.31952,47.467767],[-0.315668,47.47407],[-0.314938,47.473834],[-0.312351,47.474139],[-0.309108,47.473738],[-0.301351,47.474557],[-0.301225,47.478186],[-0.299523,47.479319],[-0.298516,47.48085],[-0.298223,47.481876],[-0.298668,47.483941],[-0.298154,47.489108],[-0.297467,47.489168],[-0.297485,47.48944],[-0.295743,47.48989],[-0.295501,47.490199],[-0.293147,47.489863],[-0.292546,47.490703],[-0.292273,47.490407],[-0.291207,47.490712],[-0.28876,47.490395],[-0.287573,47.491693],[-0.284687,47.491745],[-0.282313,47.490472],[-0.281403,47.490746],[-0.281392,47.49138],[-0.28075,47.491286],[-0.279984,47.49374],[-0.276631,47.493666],[-0.275237,47.495181],[-0.274469,47.49676],[-0.274296,47.498069],[-0.274835,47.499053],[-0.274788,47.500463],[-0.274087,47.501233],[-0.273834,47.502296],[-0.273802,47.503536],[-0.27449,47.505301],[-0.27473,47.508994],[-0.275055,47.509588],[-0.273918,47.510271],[-0.273241,47.509938],[-0.270959,47.511298],[-0.27028,47.511399],[-0.269999,47.512157],[-0.267492,47.512192],[-0.266534,47.512967],[-0.266186,47.512912],[-0.264932,47.514423],[-0.264099,47.514872],[-0.264255,47.515566],[-0.257713,47.51843],[-0.255748,47.518405],[-0.256084,47.518672],[-0.254581,47.519307],[-0.252398,47.518348],[-0.249685,47.516013],[-0.24729,47.516328],[-0.246561,47.515807],[-0.244574,47.517],[-0.24401,47.519338],[-0.2434,47.519272],[-0.242375,47.520448],[-0.241293,47.520645],[-0.239989,47.520285],[-0.236,47.521079],[-0.23527,47.520507],[-0.232456,47.520577],[-0.232048,47.520228],[-0.233897,47.519875],[-0.234933,47.518202],[-0.235548,47.518352],[-0.235801,47.517791],[-0.233912,47.516426],[-0.230575,47.514911],[-0.230192,47.514836],[-0.229684,47.515422],[-0.227218,47.515425],[-0.226879,47.514231],[-0.224929,47.512562],[-0.22453,47.51092],[-0.224749,47.509593],[-0.22002,47.507835],[-0.215052,47.507647],[-0.212667,47.510891],[-0.212601,47.511396],[-0.211357,47.511266],[-0.20991,47.512068],[-0.20514,47.512483],[-0.204917,47.511764],[-0.205391,47.51128],[-0.204065,47.510852],[-0.203853,47.511162],[-0.202758,47.510764],[-0.203006,47.510381],[-0.199715,47.509734],[-0.199607,47.509332],[-0.19859,47.509507],[-0.198532,47.508877],[-0.199333,47.507644],[-0.198762,47.507055],[-0.199022,47.506157],[-0.197023,47.504209],[-0.195743,47.505239],[-0.190063,47.507288],[-0.189768,47.508069],[-0.184595,47.505437],[-0.18291,47.506871],[-0.183168,47.507002],[-0.182386,47.507735],[-0.181084,47.507031],[-0.179921,47.507846],[-0.176011,47.509258],[-0.173887,47.510401],[-0.173079,47.509826],[-0.172553,47.510169],[-0.172197,47.509903],[-0.170937,47.510868],[-0.169949,47.510294],[-0.170641,47.509309],[-0.165937,47.507603],[-0.166968,47.506199],[-0.16594,47.505327],[-0.165692,47.504463],[-0.166116,47.503305],[-0.162977,47.502741],[-0.162706,47.502203],[-0.159302,47.501633],[-0.158525,47.501902],[-0.157431,47.501779],[-0.15484,47.50291],[-0.153396,47.502417],[-0.152995,47.501597],[-0.152474,47.501464],[-0.150876,47.499789],[-0.148132,47.498386],[-0.147183,47.496618],[-0.145917,47.495236],[-0.144624,47.494874],[-0.141713,47.492574],[-0.137606,47.490624],[-0.141431,47.488516],[-0.143749,47.487953],[-0.149949,47.484276],[-0.150711,47.483563],[-0.151952,47.481494],[-0.147854,47.480939],[-0.14413,47.481539],[-0.137213,47.478934],[-0.13241,47.478546],[-0.132559,47.478049],[-0.131723,47.477008],[-0.131459,47.477103],[-0.131063,47.475864],[-0.129836,47.476219],[-0.129638,47.47603],[-0.126161,47.477751],[-0.125327,47.477263],[-0.124488,47.477672],[-0.122712,47.477288],[-0.12674,47.473046],[-0.125638,47.472459]]],"type":"Polygon"},"properties":{"id_edu_college":"33","sc_college_nom":"Collège Molière","sc_college_adr":"7, rue de la Tannerie","sc_college_com":"BEAUFORT-EN-ANJOU","sc_college_com_del":"BEAUFORT-EN-VALLEE","sc_college_tel":"02 41 45 98 50","sc_college_web":"http://moliere-49.anjou.e-lyco.fr","shape_area":144195168.21704102,"shape_length":66543.2133339071,"geo_point_2d":{"lon":-0.21186228966672954,"lat":47.459075918585114}}},{"type":"Feature","geometry":{"coordinates":[[[-0.819782,47.575164],[-0.820675,47.573965],[-0.822192,47.573807],[-0.823128,47.572664],[-0.824671,47.574882],[-0.825332,47.574021],[-0.8249,47.573869],[-0.825123,47.573551],[-0.827312,47.574557],[-0.827774,47.573668],[-0.827175,47.573385],[-0.827445,47.572642],[-0.826629,47.572552],[-0.827142,47.571901],[-0.828896,47.572832],[-0.829444,47.572154],[-0.828618,47.571139],[-0.829991,47.570657],[-0.829698,47.570107],[-0.828373,47.569691],[-0.830854,47.568335],[-0.831614,47.568363],[-0.832665,47.566385],[-0.833311,47.56648],[-0.835368,47.565638],[-0.837021,47.565854],[-0.837177,47.567396],[-0.839015,47.567888],[-0.839481,47.566469],[-0.841236,47.56695],[-0.841962,47.565171],[-0.845165,47.566088],[-0.845617,47.565485],[-0.846715,47.565598],[-0.847079,47.563841],[-0.847846,47.564112],[-0.848032,47.563751],[-0.848398,47.563774],[-0.85126,47.564414],[-0.852787,47.563201],[-0.852343,47.562822],[-0.852916,47.560786],[-0.852161,47.560515],[-0.852649,47.558807],[-0.852293,47.558835],[-0.852447,47.557787],[-0.853013,47.556379],[-0.8526,47.556089],[-0.853242,47.554946],[-0.854041,47.555016],[-0.855061,47.553644],[-0.85434,47.553194],[-0.854437,47.55225],[-0.855517,47.551846],[-0.857233,47.552626],[-0.857442,47.553249],[-0.858358,47.553627],[-0.861055,47.553516],[-0.862227,47.552785],[-0.864048,47.552779],[-0.865721,47.551935],[-0.867366,47.552831],[-0.867853,47.553398],[-0.867647,47.55393],[-0.86885,47.554717],[-0.872109,47.554508],[-0.873316,47.5553],[-0.87549,47.55519],[-0.877055,47.556167],[-0.878132,47.555753],[-0.878463,47.554901],[-0.87901,47.554872],[-0.879758,47.555051],[-0.880573,47.555959],[-0.884896,47.556197],[-0.886995,47.557088],[-0.889798,47.557217],[-0.892179,47.556776],[-0.89297,47.556336],[-0.894169,47.556783],[-0.898007,47.557114],[-0.898184,47.557347],[-0.900387,47.556756],[-0.900783,47.557076],[-0.900942,47.556488],[-0.902572,47.555869],[-0.903113,47.556729],[-0.903446,47.55863],[-0.904945,47.559902],[-0.905258,47.561591],[-0.906934,47.564138],[-0.907215,47.567183],[-0.906843,47.568161],[-0.907125,47.569109],[-0.906592,47.570807],[-0.905855,47.571014],[-0.904751,47.573306],[-0.903079,47.572191],[-0.90058,47.571105],[-0.90066,47.570392],[-0.898355,47.571454],[-0.899975,47.572304],[-0.900376,47.574598],[-0.899711,47.57504],[-0.898955,47.574766],[-0.898439,47.575247],[-0.898785,47.575757],[-0.898418,47.576258],[-0.896446,47.578103],[-0.894871,47.57744],[-0.893916,47.579734],[-0.893838,47.580738],[-0.893032,47.581793],[-0.891141,47.583246],[-0.890923,47.584235],[-0.890208,47.584743],[-0.889351,47.58639],[-0.889218,47.587503],[-0.889597,47.587807],[-0.890457,47.587794],[-0.890991,47.588623],[-0.888953,47.58906],[-0.888818,47.590226],[-0.886298,47.590018],[-0.885315,47.591772],[-0.883067,47.591305],[-0.881848,47.590697],[-0.87992,47.588696],[-0.877777,47.589817],[-0.874773,47.590862],[-0.87466,47.592061],[-0.874014,47.592196],[-0.874075,47.592643],[-0.871935,47.593301],[-0.872163,47.593876],[-0.871822,47.593981],[-0.872651,47.595724],[-0.870869,47.596315],[-0.871201,47.596977],[-0.870471,47.597053],[-0.870319,47.598125],[-0.870951,47.598233],[-0.870854,47.59859],[-0.871919,47.598776],[-0.87119,47.600444],[-0.872638,47.600583],[-0.873699,47.601846],[-0.867496,47.602222],[-0.865301,47.601588],[-0.865144,47.603922],[-0.86379,47.604428],[-0.862241,47.605774],[-0.859164,47.605641],[-0.859331,47.606203],[-0.858883,47.607266],[-0.858632,47.60728],[-0.858893,47.608201],[-0.861529,47.608999],[-0.860039,47.611202],[-0.858816,47.611818],[-0.858996,47.612577],[-0.857594,47.613418],[-0.85764,47.614829],[-0.857151,47.615453],[-0.854947,47.615988],[-0.856108,47.61659],[-0.855771,47.616952],[-0.85327,47.617415],[-0.852932,47.618324],[-0.853508,47.61855],[-0.8526,47.619918],[-0.851424,47.619693],[-0.851222,47.620427],[-0.8509,47.620491],[-0.851926,47.621584],[-0.851707,47.623496],[-0.852629,47.625292],[-0.85234,47.626552],[-0.850676,47.626387],[-0.850535,47.626849],[-0.847223,47.626248],[-0.846938,47.62659],[-0.846446,47.626525],[-0.846164,47.627092],[-0.843241,47.627058],[-0.843407,47.627518],[-0.841799,47.627579],[-0.836577,47.627084],[-0.836486,47.626591],[-0.833231,47.626806],[-0.833181,47.626307],[-0.832613,47.626127],[-0.832347,47.627484],[-0.835362,47.628575],[-0.835404,47.630118],[-0.833811,47.630158],[-0.833798,47.630977],[-0.829683,47.63064],[-0.829772,47.631773],[-0.828814,47.631812],[-0.82852,47.632207],[-0.828329,47.630934],[-0.824997,47.630937],[-0.825143,47.632006],[-0.82624,47.63203],[-0.826367,47.633251],[-0.828893,47.633185],[-0.829076,47.634115],[-0.826147,47.633601],[-0.827005,47.634705],[-0.826995,47.637108],[-0.827747,47.637519],[-0.82756,47.638631],[-0.827817,47.638818],[-0.827826,47.639754],[-0.826775,47.639786],[-0.826887,47.640259],[-0.825139,47.64042],[-0.823567,47.640081],[-0.822813,47.640361],[-0.82293,47.640847],[-0.822212,47.641157],[-0.820126,47.641265],[-0.817938,47.640743],[-0.815558,47.642886],[-0.816786,47.643769],[-0.818451,47.644352],[-0.816154,47.64665],[-0.817154,47.646913],[-0.817013,47.648085],[-0.818001,47.648108],[-0.817887,47.64867],[-0.814772,47.648545],[-0.81263,47.649208],[-0.812199,47.650307],[-0.810848,47.650067],[-0.808752,47.650301],[-0.808381,47.652632],[-0.807847,47.653669],[-0.806493,47.654207],[-0.80491,47.65385],[-0.804368,47.655324],[-0.805966,47.655433],[-0.806579,47.654977],[-0.807412,47.655066],[-0.806932,47.655831],[-0.807404,47.655832],[-0.80815,47.656544],[-0.806946,47.657339],[-0.811303,47.66078],[-0.80934,47.661307],[-0.809543,47.662807],[-0.808812,47.664613],[-0.807078,47.667213],[-0.806211,47.667798],[-0.805156,47.667682],[-0.804597,47.669278],[-0.804834,47.670028],[-0.804721,47.672016],[-0.802305,47.672073],[-0.800166,47.675463],[-0.798539,47.676858],[-0.798001,47.678709],[-0.788275,47.67906],[-0.785528,47.679835],[-0.78263,47.679763],[-0.781185,47.6794],[-0.779635,47.67852],[-0.777907,47.676252],[-0.769058,47.671764],[-0.765225,47.667817],[-0.763063,47.667296],[-0.761715,47.666605],[-0.757714,47.661833],[-0.752354,47.660803],[-0.750879,47.661222],[-0.750049,47.662657],[-0.748746,47.663521],[-0.742266,47.66331],[-0.742284,47.663845],[-0.74256,47.663902],[-0.742299,47.664061],[-0.742497,47.665035],[-0.742257,47.665669],[-0.741434,47.666044],[-0.74064,47.667992],[-0.738617,47.668659],[-0.737113,47.670683],[-0.737841,47.671706],[-0.74147,47.672924],[-0.741338,47.674793],[-0.740878,47.675176],[-0.740764,47.676088],[-0.73998,47.676964],[-0.736307,47.677787],[-0.734467,47.678622],[-0.733804,47.678226],[-0.733264,47.679203],[-0.733339,47.679904],[-0.729474,47.681283],[-0.729389,47.680971],[-0.727259,47.680966],[-0.722339,47.681284],[-0.722311,47.680171],[-0.720469,47.680084],[-0.717392,47.681305],[-0.718226,47.682719],[-0.719727,47.682191],[-0.720968,47.683645],[-0.72011,47.685192],[-0.719153,47.68535],[-0.718965,47.686928],[-0.717094,47.690975],[-0.71871,47.692408],[-0.718316,47.693515],[-0.72044,47.695057],[-0.719434,47.696455],[-0.7185,47.696442],[-0.718484,47.694412],[-0.718156,47.694406],[-0.718001,47.693495],[-0.713276,47.69388],[-0.710819,47.693319],[-0.71057,47.694186],[-0.708948,47.695799],[-0.708138,47.698075],[-0.706696,47.697941],[-0.70718,47.697088],[-0.706231,47.696893],[-0.706092,47.697469],[-0.705402,47.697506],[-0.704508,47.698446],[-0.703632,47.697642],[-0.70257,47.698552],[-0.701917,47.698173],[-0.701143,47.700403],[-0.701267,47.70297],[-0.701844,47.704198],[-0.701746,47.705753],[-0.701405,47.706495],[-0.700247,47.707601],[-0.702882,47.708877],[-0.703985,47.709817],[-0.702791,47.710057],[-0.702543,47.710693],[-0.701236,47.711409],[-0.699632,47.71173],[-0.699952,47.714944],[-0.697756,47.717376],[-0.702123,47.718743],[-0.70237,47.718982],[-0.702019,47.719677],[-0.704682,47.720241],[-0.705091,47.721523],[-0.706382,47.721623],[-0.70658,47.721897],[-0.70712,47.721687],[-0.707372,47.722181],[-0.708235,47.722113],[-0.709051,47.722804],[-0.710776,47.723322],[-0.711676,47.723109],[-0.711457,47.72457],[-0.712298,47.72514],[-0.71479,47.72525],[-0.715398,47.725375],[-0.715465,47.726064],[-0.71693,47.726026],[-0.71723,47.725381],[-0.717882,47.725199],[-0.71812,47.72472],[-0.719197,47.72455],[-0.720091,47.723977],[-0.720288,47.724085],[-0.718992,47.725278],[-0.719822,47.725715],[-0.719503,47.727933],[-0.721241,47.728054],[-0.722496,47.72768],[-0.724257,47.728455],[-0.723826,47.730771],[-0.722545,47.731482],[-0.721211,47.732856],[-0.720562,47.736646],[-0.720112,47.73751],[-0.718254,47.738886],[-0.717999,47.739883],[-0.718504,47.741182],[-0.715687,47.74113],[-0.71538,47.74201],[-0.714648,47.742244],[-0.713513,47.743644],[-0.711719,47.743264],[-0.711192,47.743522],[-0.711147,47.743903],[-0.710291,47.743976],[-0.710298,47.744641],[-0.705984,47.744232],[-0.70604,47.743801],[-0.704995,47.743791],[-0.705803,47.742601],[-0.702412,47.742603],[-0.702305,47.742354],[-0.700483,47.743067],[-0.698416,47.740927],[-0.690587,47.7403],[-0.688579,47.739421],[-0.686153,47.739024],[-0.685198,47.738413],[-0.684507,47.738498],[-0.682555,47.740016],[-0.679114,47.74077],[-0.67771,47.74065],[-0.671412,47.741333],[-0.670067,47.741124],[-0.668867,47.741464],[-0.667118,47.740623],[-0.667044,47.739926],[-0.666246,47.739395],[-0.666534,47.73899],[-0.666303,47.73798],[-0.664664,47.737613],[-0.662811,47.735899],[-0.660763,47.735368],[-0.659127,47.736086],[-0.656938,47.736109],[-0.654073,47.735049],[-0.654502,47.734292],[-0.653642,47.733399],[-0.656911,47.73143],[-0.665823,47.727764],[-0.668212,47.725838],[-0.668559,47.724921],[-0.665925,47.719485],[-0.664633,47.715864],[-0.663825,47.712736],[-0.662152,47.70831],[-0.662681,47.707589],[-0.658996,47.706103],[-0.658113,47.706132],[-0.656253,47.707362],[-0.655696,47.707003],[-0.651777,47.706149],[-0.651256,47.705677],[-0.651421,47.705429],[-0.646692,47.703319],[-0.647125,47.702882],[-0.646321,47.702402],[-0.645832,47.702817],[-0.642028,47.700874],[-0.643162,47.700844],[-0.6425,47.69993],[-0.642516,47.699193],[-0.64143,47.698099],[-0.641818,47.697426],[-0.643208,47.696315],[-0.643371,47.694666],[-0.644433,47.694103],[-0.645228,47.692423],[-0.643744,47.691075],[-0.640439,47.689123],[-0.640521,47.688009],[-0.635902,47.686759],[-0.634457,47.685978],[-0.633322,47.684653],[-0.631114,47.683708],[-0.63177,47.683088],[-0.631562,47.682525],[-0.631829,47.682151],[-0.631363,47.681422],[-0.632349,47.676061],[-0.632156,47.67569],[-0.631496,47.675552],[-0.632774,47.674583],[-0.635114,47.673554],[-0.634424,47.673316],[-0.634734,47.672483],[-0.632973,47.670658],[-0.633136,47.67034],[-0.632857,47.670361],[-0.632452,47.668139],[-0.634948,47.66409],[-0.637324,47.661261],[-0.635721,47.660198],[-0.634744,47.658732],[-0.633354,47.658004],[-0.631885,47.652516],[-0.614316,47.649463],[-0.609412,47.649828],[-0.606521,47.650538],[-0.604234,47.650688],[-0.604708,47.649622],[-0.601347,47.648878],[-0.599053,47.648814],[-0.596175,47.649467],[-0.59456,47.649325],[-0.593105,47.648831],[-0.593275,47.648551],[-0.591801,47.648226],[-0.59142,47.648697],[-0.583343,47.647228],[-0.582572,47.646591],[-0.579761,47.646262],[-0.572312,47.644241],[-0.572684,47.643161],[-0.572505,47.642704],[-0.574198,47.640604],[-0.572814,47.639686],[-0.57117,47.639162],[-0.571605,47.638293],[-0.572879,47.638085],[-0.573204,47.638527],[-0.573656,47.63823],[-0.575766,47.638405],[-0.575842,47.637999],[-0.57484,47.63792],[-0.574794,47.637521],[-0.576891,47.637976],[-0.577393,47.636841],[-0.576812,47.636624],[-0.577508,47.635469],[-0.578403,47.635663],[-0.580097,47.633966],[-0.58246,47.634405],[-0.583919,47.631675],[-0.585034,47.631007],[-0.584568,47.630145],[-0.584339,47.628086],[-0.585758,47.627516],[-0.58674,47.625791],[-0.58657,47.625078],[-0.587691,47.623714],[-0.585021,47.623219],[-0.584798,47.622223],[-0.585174,47.621306],[-0.583415,47.620141],[-0.583887,47.6182],[-0.585002,47.618218],[-0.58647,47.618793],[-0.587457,47.618184],[-0.590675,47.617216],[-0.5934,47.615819],[-0.594056,47.616123],[-0.595402,47.614871],[-0.596553,47.614336],[-0.597329,47.614621],[-0.598634,47.614026],[-0.598865,47.613214],[-0.601131,47.611674],[-0.601707,47.610409],[-0.604335,47.609796],[-0.610035,47.610189],[-0.610193,47.609339],[-0.612215,47.609187],[-0.614036,47.609313],[-0.614462,47.610191],[-0.622196,47.60946],[-0.623555,47.609703],[-0.624658,47.608512],[-0.631993,47.603904],[-0.629407,47.603914],[-0.629554,47.60225],[-0.627591,47.602262],[-0.629015,47.601552],[-0.631081,47.599711],[-0.633625,47.596069],[-0.631134,47.594988],[-0.634843,47.591511],[-0.632955,47.590342],[-0.634476,47.587508],[-0.635032,47.587619],[-0.636889,47.585202],[-0.636566,47.583097],[-0.635606,47.581841],[-0.635886,47.580819],[-0.637241,47.580027],[-0.637945,47.579211],[-0.637321,47.578344],[-0.638148,47.577538],[-0.639483,47.574216],[-0.638161,47.573608],[-0.643885,47.5737],[-0.649681,47.575228],[-0.650983,47.573912],[-0.650942,47.573517],[-0.65212,47.572738],[-0.653934,47.571909],[-0.654621,47.571128],[-0.655488,47.571161],[-0.657406,47.570481],[-0.659839,47.568516],[-0.660336,47.56802],[-0.660162,47.567837],[-0.661485,47.567187],[-0.663345,47.566797],[-0.667005,47.563805],[-0.67229,47.562421],[-0.673271,47.562421],[-0.67421,47.561867],[-0.676789,47.564153],[-0.684831,47.568833],[-0.687487,47.571126],[-0.688916,47.573019],[-0.691594,47.571672],[-0.690859,47.571254],[-0.695494,47.569478],[-0.696583,47.568554],[-0.697966,47.566272],[-0.699707,47.566654],[-0.701069,47.566575],[-0.701588,47.565304],[-0.705039,47.563917],[-0.704929,47.563713],[-0.707683,47.56154],[-0.707397,47.560257],[-0.710638,47.561272],[-0.716776,47.564256],[-0.719283,47.56051],[-0.721758,47.56093],[-0.72534,47.564169],[-0.726453,47.564129],[-0.729587,47.563023],[-0.732053,47.563874],[-0.73314,47.564637],[-0.737338,47.561609],[-0.740924,47.562417],[-0.744729,47.562513],[-0.757724,47.559088],[-0.762772,47.559699],[-0.772469,47.562137],[-0.774082,47.562843],[-0.774039,47.563316],[-0.773643,47.563863],[-0.772264,47.564183],[-0.77142,47.565035],[-0.777274,47.566267],[-0.780841,47.567661],[-0.783215,47.568299],[-0.784516,47.568277],[-0.78589,47.568804],[-0.787878,47.569113],[-0.78995,47.566777],[-0.790853,47.566328],[-0.790962,47.56581],[-0.800007,47.56732],[-0.806096,47.570182],[-0.806631,47.56808],[-0.807992,47.568297],[-0.807676,47.5693],[-0.808083,47.569388],[-0.807327,47.57093],[-0.807627,47.571103],[-0.80934,47.568472],[-0.810398,47.568661],[-0.811076,47.568104],[-0.812086,47.568284],[-0.812022,47.568612],[-0.811452,47.56854],[-0.810308,47.570222],[-0.813691,47.571407],[-0.812326,47.573106],[-0.813633,47.573432],[-0.81415,47.573433],[-0.815139,47.571964],[-0.814065,47.5705],[-0.815504,47.568482],[-0.818327,47.569798],[-0.818803,47.569319],[-0.819343,47.57037],[-0.815155,47.571987],[-0.815611,47.572587],[-0.818162,47.572879],[-0.817419,47.574248],[-0.819782,47.575164]]],"type":"Polygon"},"properties":{"id_edu_college":"26","sc_college_nom":"Collège Val d'Oudon","sc_college_adr":"30 rue Henri et Robert de Cholet","sc_college_com":"LE LION D'ANGERS","sc_college_com_del":"LE-LION-D'ANGERS","sc_college_tel":"02 41 95 31 49","sc_college_web":"http://val-oudon.anjou.e-lyco.fr","shape_area":248445915.45654297,"shape_length":117691.0632232982,"geo_point_2d":{"lon":-0.7293870102321365,"lat":47.62742333379994}}},{"type":"Feature","geometry":{"coordinates":[[[-0.54232,47.49307],[-0.537353,47.496465],[-0.533912,47.499407],[-0.526547,47.496358],[-0.526791,47.495418],[-0.52519,47.494615],[-0.523228,47.494268],[-0.522989,47.493448],[-0.522565,47.493477],[-0.522288,47.492995],[-0.521951,47.489986],[-0.515535,47.487369],[-0.514305,47.486285],[-0.516073,47.485361],[-0.512905,47.484423],[-0.513519,47.483752],[-0.512146,47.48296],[-0.514658,47.47804],[-0.521397,47.479401],[-0.52228,47.482094],[-0.530487,47.47775],[-0.533546,47.478005],[-0.538032,47.479348],[-0.539402,47.48026],[-0.541172,47.479731],[-0.541319,47.481227],[-0.540848,47.485091],[-0.541243,47.485247],[-0.539518,47.486989],[-0.545556,47.488839],[-0.546482,47.489412],[-0.543761,47.491437],[-0.54232,47.49307]]],"type":"Polygon"},"properties":{"id_edu_college":"50","sc_college_nom":"Collège Jean Lurçat","sc_college_adr":"boulevard  Robert Schuman","sc_college_com":"ANGERS","sc_college_com_del":null,"sc_college_tel":"02 41 43 96 61","sc_college_web":"http://jean-lurcat.anjou.e-lyco.fr","shape_area":3544431.1010742188,"shape_length":8987.240096772517,"geo_point_2d":{"lon":-0.5297054772412653,"lat":47.487252305690554}}},{"type":"Feature","geometry":{"coordinates":[[[-0.456904,47.416762],[-0.451298,47.414665],[-0.444294,47.415162],[-0.444167,47.410375],[-0.44271,47.409737],[-0.443845,47.405471],[-0.442787,47.404931],[-0.43941,47.404677],[-0.439517,47.403464],[-0.439098,47.401857],[-0.439676,47.399856],[-0.439742,47.396886],[-0.440157,47.396919],[-0.440215,47.395788],[-0.439687,47.395614],[-0.439808,47.394883],[-0.438997,47.394843],[-0.439113,47.394147],[-0.436762,47.393854],[-0.434162,47.392901],[-0.434059,47.389729],[-0.433744,47.389739],[-0.433974,47.388892],[-0.433494,47.388757],[-0.432869,47.38687],[-0.432896,47.385382],[-0.437687,47.385612],[-0.437921,47.385238],[-0.44068,47.3853],[-0.444273,47.382659],[-0.444769,47.381822],[-0.451041,47.382443],[-0.450824,47.380865],[-0.451754,47.377508],[-0.452881,47.375793],[-0.453449,47.373597],[-0.454473,47.372588],[-0.453126,47.368935],[-0.451303,47.366455],[-0.450181,47.36289],[-0.45001,47.359796],[-0.4528,47.3587],[-0.453982,47.358839],[-0.454197,47.359622],[-0.453639,47.359989],[-0.454055,47.361053],[-0.455105,47.362322],[-0.457171,47.363082],[-0.458603,47.362889],[-0.459329,47.362288],[-0.459207,47.362041],[-0.460325,47.361963],[-0.460772,47.36147],[-0.461471,47.361536],[-0.461591,47.361081],[-0.464075,47.361256],[-0.464659,47.361823],[-0.464924,47.363701],[-0.464385,47.364672],[-0.464281,47.366019],[-0.464772,47.366747],[-0.46581,47.36694],[-0.469461,47.364769],[-0.472386,47.364405],[-0.47494,47.363331],[-0.474678,47.363081],[-0.473512,47.36351],[-0.472953,47.361446],[-0.474409,47.362108],[-0.474723,47.358558],[-0.472265,47.358419],[-0.466658,47.356701],[-0.464777,47.356425],[-0.465637,47.35508],[-0.467028,47.355383],[-0.467554,47.353708],[-0.467494,47.35311],[-0.466993,47.353098],[-0.467044,47.352519],[-0.474695,47.352727],[-0.476176,47.353377],[-0.479866,47.353942],[-0.480941,47.35282],[-0.482792,47.351758],[-0.483093,47.35419],[-0.481594,47.356392],[-0.48161,47.357686],[-0.482698,47.357496],[-0.483904,47.358048],[-0.485477,47.359439],[-0.486288,47.361765],[-0.483184,47.363137],[-0.48276,47.365287],[-0.48505,47.365253],[-0.484903,47.365939],[-0.486052,47.365803],[-0.488743,47.366633],[-0.48905,47.366243],[-0.489784,47.36688],[-0.490255,47.366571],[-0.491528,47.367585],[-0.493334,47.365927],[-0.495336,47.365926],[-0.497257,47.364796],[-0.496687,47.362665],[-0.497514,47.362147],[-0.497106,47.361662],[-0.498245,47.360547],[-0.499518,47.361171],[-0.497673,47.362077],[-0.498461,47.362363],[-0.500559,47.362572],[-0.501984,47.361444],[-0.501127,47.359143],[-0.501319,47.357438],[-0.502511,47.355871],[-0.503219,47.354104],[-0.502678,47.352053],[-0.501988,47.351371],[-0.503185,47.35092],[-0.503155,47.3501],[-0.502615,47.349556],[-0.504884,47.348123],[-0.50536,47.344846],[-0.506588,47.342246],[-0.506003,47.340366],[-0.504886,47.339621],[-0.504592,47.338783],[-0.509264,47.337169],[-0.512776,47.337401],[-0.512914,47.33692],[-0.513607,47.336884],[-0.514972,47.336066],[-0.516406,47.335851],[-0.516965,47.334946],[-0.518368,47.334344],[-0.522352,47.33496],[-0.525137,47.334476],[-0.525891,47.336211],[-0.528222,47.335955],[-0.52928,47.336377],[-0.531615,47.336282],[-0.533904,47.335497],[-0.536293,47.336565],[-0.537432,47.335827],[-0.538955,47.335543],[-0.541554,47.335606],[-0.542858,47.336119],[-0.544017,47.335524],[-0.54676,47.334866],[-0.545049,47.333849],[-0.546449,47.331502],[-0.546628,47.33057],[-0.547185,47.329989],[-0.551083,47.332252],[-0.555803,47.328365],[-0.556025,47.328037],[-0.555852,47.327352],[-0.556502,47.325896],[-0.557754,47.326386],[-0.557549,47.326794],[-0.561263,47.327036],[-0.561261,47.325776],[-0.560235,47.325172],[-0.56072,47.32435],[-0.563602,47.323994],[-0.565094,47.324407],[-0.567198,47.323813],[-0.56742,47.323163],[-0.567966,47.322906],[-0.569907,47.322709],[-0.571195,47.324245],[-0.570365,47.325944],[-0.573052,47.326867],[-0.573629,47.327778],[-0.576396,47.328203],[-0.577086,47.328809],[-0.579865,47.32811],[-0.582196,47.328436],[-0.582447,47.328494],[-0.582203,47.328922],[-0.588527,47.331268],[-0.589747,47.330487],[-0.590367,47.33055],[-0.596528,47.331864],[-0.596288,47.332329],[-0.598976,47.333123],[-0.599449,47.334083],[-0.601748,47.333755],[-0.602196,47.336439],[-0.600077,47.339555],[-0.598453,47.341317],[-0.600805,47.341884],[-0.601123,47.342516],[-0.602786,47.343503],[-0.605322,47.343897],[-0.605832,47.344716],[-0.605781,47.345315],[-0.606534,47.345678],[-0.60591,47.346655],[-0.602646,47.347721],[-0.600988,47.348934],[-0.601517,47.349021],[-0.601248,47.349417],[-0.601495,47.352039],[-0.600397,47.352256],[-0.599682,47.352041],[-0.599534,47.352595],[-0.597843,47.354098],[-0.597679,47.355167],[-0.594649,47.356564],[-0.596721,47.357162],[-0.599683,47.355268],[-0.600304,47.355284],[-0.601125,47.352695],[-0.603233,47.352986],[-0.605016,47.353739],[-0.60559,47.352741],[-0.606275,47.354678],[-0.608363,47.356665],[-0.614082,47.360055],[-0.61622,47.360565],[-0.6185,47.361963],[-0.620835,47.364242],[-0.622197,47.364626],[-0.62302,47.365417],[-0.624189,47.367581],[-0.627728,47.370689],[-0.632059,47.372037],[-0.633113,47.372142],[-0.632897,47.37127],[-0.635163,47.372317],[-0.635642,47.371603],[-0.637834,47.373805],[-0.640195,47.374773],[-0.642347,47.37672],[-0.638009,47.378691],[-0.636115,47.380119],[-0.634124,47.382204],[-0.632817,47.384639],[-0.631134,47.389949],[-0.629624,47.393218],[-0.62305,47.400517],[-0.621045,47.40188],[-0.614206,47.409859],[-0.609332,47.412973],[-0.607162,47.413918],[-0.604752,47.414711],[-0.60038,47.415389],[-0.594323,47.415264],[-0.585616,47.415582],[-0.582622,47.415385],[-0.572069,47.41332],[-0.567761,47.413124],[-0.558461,47.414697],[-0.544807,47.418826],[-0.533208,47.419394],[-0.524904,47.421118],[-0.536531,47.42505],[-0.541907,47.42476],[-0.544786,47.423946],[-0.543992,47.42696],[-0.544787,47.428328],[-0.546895,47.430586],[-0.546288,47.431029],[-0.54789,47.433087],[-0.547718,47.433278],[-0.551597,47.435035],[-0.554041,47.435282],[-0.552262,47.441232],[-0.549351,47.44104],[-0.545181,47.441443],[-0.54083,47.441224],[-0.539533,47.441473],[-0.538334,47.442363],[-0.532765,47.443275],[-0.530917,47.444064],[-0.527895,47.44603],[-0.526892,47.445641],[-0.525939,47.446555],[-0.524892,47.449099],[-0.524056,47.450287],[-0.521614,47.450644],[-0.520183,47.451267],[-0.509498,47.447583],[-0.509858,47.446313],[-0.505843,47.444813],[-0.503773,47.444463],[-0.504211,47.443203],[-0.503569,47.442225],[-0.50355,47.441664],[-0.50036,47.441075],[-0.500311,47.440794],[-0.499594,47.440575],[-0.498067,47.440888],[-0.497227,47.439235],[-0.495582,47.439116],[-0.496318,47.438191],[-0.494636,47.438342],[-0.494169,47.43902],[-0.49222,47.43868],[-0.492048,47.439062],[-0.491144,47.438869],[-0.490025,47.439138],[-0.489224,47.440523],[-0.489755,47.440742],[-0.489428,47.442187],[-0.48618,47.44216],[-0.484909,47.441789],[-0.485132,47.44173],[-0.484879,47.441227],[-0.484198,47.441542],[-0.482178,47.440807],[-0.480563,47.43974],[-0.47972,47.438579],[-0.472812,47.436487],[-0.470938,47.435624],[-0.470576,47.435077],[-0.468993,47.434064],[-0.470412,47.432867],[-0.471522,47.430338],[-0.478157,47.428061],[-0.476483,47.42598],[-0.476637,47.425078],[-0.477461,47.424028],[-0.477163,47.423162],[-0.475166,47.422821],[-0.472159,47.423478],[-0.469785,47.423477],[-0.468442,47.422838],[-0.468078,47.420956],[-0.469365,47.419045],[-0.468938,47.418561],[-0.468718,47.416501],[-0.464504,47.416457],[-0.461262,47.41731],[-0.459228,47.417338],[-0.456904,47.416762]]],"type":"Polygon"},"properties":{"id_edu_college":"38","sc_college_nom":"Collège François Villon","sc_college_adr":"avenue François Villon","sc_college_com":"LES PONTS-DE-CE","sc_college_com_del":null,"sc_college_tel":"02 41 44 90 52","sc_college_web":"http://francois-villon.anjou.e-lyco.fr","shape_area":123974479.14086914,"shape_length":71812.83565753186,"geo_point_2d":{"lon":-0.5358969526294008,"lat":47.38558507703343}}},{"type":"Feature","geometry":{"coordinates":[[[-0.782021,47.529112],[-0.786628,47.523043],[-0.787062,47.520441],[-0.76459,47.511063],[-0.762836,47.510571],[-0.758808,47.510356],[-0.755743,47.509551],[-0.755322,47.5103],[-0.75394,47.510052],[-0.754813,47.508529],[-0.755067,47.507247],[-0.750853,47.506588],[-0.750424,47.507758],[-0.750017,47.507751],[-0.749914,47.506705],[-0.750456,47.505722],[-0.750477,47.504072],[-0.749428,47.501743],[-0.748164,47.502336],[-0.74722,47.502139],[-0.745712,47.503012],[-0.744275,47.50238],[-0.742525,47.502598],[-0.741738,47.50044],[-0.740392,47.500588],[-0.738676,47.500202],[-0.738864,47.499263],[-0.737513,47.499122],[-0.736739,47.498162],[-0.737172,47.497616],[-0.737181,47.496774],[-0.736042,47.496767],[-0.735259,47.495505],[-0.735193,47.494521],[-0.735994,47.494502],[-0.737443,47.492881],[-0.736868,47.486773],[-0.734988,47.484363],[-0.734743,47.483476],[-0.736186,47.482045],[-0.735602,47.481955],[-0.736592,47.480739],[-0.738773,47.481126],[-0.738712,47.481781],[-0.740483,47.482248],[-0.740868,47.481693],[-0.739697,47.480289],[-0.739576,47.479155],[-0.738848,47.478685],[-0.737946,47.477212],[-0.738336,47.476718],[-0.742751,47.476116],[-0.742917,47.473822],[-0.74456,47.473864],[-0.745317,47.471737],[-0.746812,47.471904],[-0.746991,47.471523],[-0.748759,47.472044],[-0.749091,47.471806],[-0.749006,47.470306],[-0.749281,47.470277],[-0.749302,47.470984],[-0.750563,47.470929],[-0.750893,47.471254],[-0.750004,47.472607],[-0.75152,47.472631],[-0.753842,47.473576],[-0.754178,47.472804],[-0.755905,47.473065],[-0.756983,47.472052],[-0.756549,47.472001],[-0.757239,47.469693],[-0.758629,47.469733],[-0.758805,47.468637],[-0.761482,47.468099],[-0.764174,47.469348],[-0.767998,47.469584],[-0.773453,47.470624],[-0.7742,47.470529],[-0.775073,47.471112],[-0.782875,47.473179],[-0.785824,47.474722],[-0.789452,47.474731],[-0.790182,47.474463],[-0.791165,47.47311],[-0.79303,47.472852],[-0.79405,47.473047],[-0.794596,47.474494],[-0.796202,47.475416],[-0.797501,47.474932],[-0.79845,47.474101],[-0.800332,47.474002],[-0.803907,47.474557],[-0.803876,47.47483],[-0.805761,47.475855],[-0.805814,47.47615],[-0.806715,47.476147],[-0.808193,47.474833],[-0.809239,47.474571],[-0.810184,47.474785],[-0.813689,47.477226],[-0.815395,47.477317],[-0.818052,47.478175],[-0.821257,47.477219],[-0.821916,47.477847],[-0.822584,47.477997],[-0.822797,47.478534],[-0.823608,47.478553],[-0.824566,47.477802],[-0.824715,47.477281],[-0.824381,47.477168],[-0.824582,47.475929],[-0.82426,47.474731],[-0.824442,47.473714],[-0.824862,47.473378],[-0.826352,47.472998],[-0.832087,47.47374],[-0.834504,47.473025],[-0.835269,47.473154],[-0.834823,47.471942],[-0.835539,47.471407],[-0.83908,47.471752],[-0.840149,47.471443],[-0.841869,47.469967],[-0.842461,47.468529],[-0.842926,47.468544],[-0.842493,47.46809],[-0.843035,47.466726],[-0.843959,47.465714],[-0.843643,47.46529],[-0.844292,47.464875],[-0.844828,47.464998],[-0.8451,47.464428],[-0.846205,47.464518],[-0.847092,47.463986],[-0.848095,47.464112],[-0.849424,47.464774],[-0.850048,47.464503],[-0.850115,47.464026],[-0.850657,47.464319],[-0.85133,47.46395],[-0.851351,47.463516],[-0.850643,47.463445],[-0.850544,47.462109],[-0.850116,47.461799],[-0.850663,47.461448],[-0.8502,47.461052],[-0.85042,47.460648],[-0.852365,47.460638],[-0.852797,47.460304],[-0.852399,47.459906],[-0.852632,47.459693],[-0.853796,47.459962],[-0.854288,47.459611],[-0.855643,47.459686],[-0.855898,47.459912],[-0.857049,47.459285],[-0.85686,47.45858],[-0.857637,47.458415],[-0.857526,47.457787],[-0.859371,47.456136],[-0.859122,47.45467],[-0.85962,47.454266],[-0.859653,47.453818],[-0.863391,47.452211],[-0.863706,47.451211],[-0.864259,47.450834],[-0.865158,47.450871],[-0.86644,47.451496],[-0.869407,47.45326],[-0.869052,47.453572],[-0.869246,47.453757],[-0.869739,47.453643],[-0.869797,47.454088],[-0.870846,47.454366],[-0.871481,47.454177],[-0.871073,47.453718],[-0.872221,47.452856],[-0.873166,47.452885],[-0.873678,47.453433],[-0.876179,47.454206],[-0.879379,47.454271],[-0.880306,47.455642],[-0.880147,47.455929],[-0.880633,47.4562],[-0.880409,47.45675],[-0.880762,47.457088],[-0.886959,47.456833],[-0.887804,47.457675],[-0.886952,47.458423],[-0.887183,47.459042],[-0.890262,47.459297],[-0.890771,47.460701],[-0.89136,47.461224],[-0.893307,47.460943],[-0.896159,47.459847],[-0.897322,47.460954],[-0.897066,47.461264],[-0.897521,47.461326],[-0.900224,47.460847],[-0.900849,47.46038],[-0.901209,47.460617],[-0.902571,47.460073],[-0.903615,47.460148],[-0.903568,47.459329],[-0.904437,47.456918],[-0.903446,47.455537],[-0.903382,47.454903],[-0.905132,47.45306],[-0.905707,47.450731],[-0.906784,47.450054],[-0.908249,47.449694],[-0.90961,47.451767],[-0.909758,47.453012],[-0.909652,47.453779],[-0.907906,47.454855],[-0.911423,47.455462],[-0.911734,47.45638],[-0.912477,47.456883],[-0.911968,47.4584],[-0.90981,47.459506],[-0.909122,47.460386],[-0.909314,47.4605],[-0.909955,47.46065],[-0.910467,47.460317],[-0.910719,47.460776],[-0.911579,47.460968],[-0.911939,47.460671],[-0.912568,47.461241],[-0.913304,47.461016],[-0.913862,47.461457],[-0.914713,47.461038],[-0.914921,47.461589],[-0.91558,47.461758],[-0.915439,47.462033],[-0.91719,47.46263],[-0.91807,47.462298],[-0.917982,47.462682],[-0.919908,47.462135],[-0.920343,47.461739],[-0.921356,47.46187],[-0.922515,47.461528],[-0.924444,47.463224],[-0.9257,47.46338],[-0.925727,47.463766],[-0.926217,47.463864],[-0.92681,47.463687],[-0.92783,47.463953],[-0.930086,47.463613],[-0.930271,47.463318],[-0.931189,47.463656],[-0.931809,47.463178],[-0.931941,47.463527],[-0.935016,47.463955],[-0.935532,47.463424],[-0.936456,47.463164],[-0.93722,47.463453],[-0.939297,47.46531],[-0.941433,47.464797],[-0.942558,47.465353],[-0.943247,47.46619],[-0.947051,47.466296],[-0.948056,47.466636],[-0.948546,47.466276],[-0.950397,47.466441],[-0.950625,47.466635],[-0.949992,47.467655],[-0.94963,47.469242],[-0.946053,47.471734],[-0.943756,47.472283],[-0.942353,47.475609],[-0.94353,47.476295],[-0.947053,47.476944],[-0.948098,47.478958],[-0.94762,47.478971],[-0.94745,47.480129],[-0.948258,47.480026],[-0.948561,47.479689],[-0.949201,47.479807],[-0.952048,47.481125],[-0.954801,47.480381],[-0.958312,47.480885],[-0.958311,47.480518],[-0.962408,47.485137],[-0.964818,47.489644],[-0.965526,47.491627],[-0.966631,47.492562],[-0.972002,47.492742],[-0.975049,47.4916],[-0.978031,47.491072],[-0.980794,47.490029],[-0.980688,47.489844],[-0.989763,47.489922],[-0.991961,47.490541],[-0.995978,47.490905],[-0.997283,47.490579],[-0.997357,47.490132],[-0.998839,47.489641],[-1.004183,47.488924],[-1.00636,47.488039],[-1.009326,47.489879],[-1.012769,47.489394],[-1.013006,47.490285],[-1.014896,47.491961],[-1.017839,47.493233],[-1.021391,47.495973],[-1.023122,47.499376],[-1.024147,47.5005],[-1.02603,47.50041],[-1.030192,47.501194],[-1.035242,47.504336],[-1.040155,47.505457],[-1.044462,47.505567],[-1.044802,47.508478],[-1.045951,47.512372],[-1.042999,47.51983],[-1.042056,47.519729],[-1.042249,47.524603],[-1.040817,47.524654],[-1.040836,47.525198],[-1.039317,47.525137],[-1.038904,47.525571],[-1.03935,47.525592],[-1.03915,47.526559],[-1.039959,47.526629],[-1.039834,47.528868],[-1.03958,47.528754],[-1.03918,47.530767],[-1.038351,47.530817],[-1.0384,47.531999],[-1.039022,47.532057],[-1.038411,47.534247],[-1.039678,47.534422],[-1.03915,47.535548],[-1.038234,47.535337],[-1.037877,47.536905],[-1.038082,47.538434],[-1.038801,47.538467],[-1.039019,47.539494],[-1.039619,47.540239],[-1.038738,47.540538],[-1.039973,47.542463],[-1.04054,47.542777],[-1.040362,47.543588],[-1.039032,47.543722],[-1.039084,47.54435],[-1.038089,47.544617],[-1.038546,47.547491],[-1.038945,47.548214],[-1.038696,47.548269],[-1.039058,47.549174],[-1.040573,47.548695],[-1.041501,47.548882],[-1.044315,47.547204],[-1.04509,47.548595],[-1.045875,47.547866],[-1.050339,47.547223],[-1.051373,47.547768],[-1.050726,47.548853],[-1.050594,47.550242],[-1.052541,47.55036],[-1.052771,47.550937],[-1.052632,47.552184],[-1.052276,47.552434],[-1.053907,47.552412],[-1.053871,47.552155],[-1.057231,47.55191],[-1.058489,47.551534],[-1.058972,47.554125],[-1.059813,47.554102],[-1.060378,47.555939],[-1.05386,47.556957],[-1.053386,47.557129],[-1.053563,47.557621],[-1.052346,47.557829],[-1.052142,47.558901],[-1.052787,47.559083],[-1.052794,47.560108],[-1.054213,47.560367],[-1.053823,47.563413],[-1.05598,47.564342],[-1.055559,47.565323],[-1.050209,47.564125],[-1.048871,47.56412],[-1.04669,47.563373],[-1.046283,47.563572],[-1.041867,47.562301],[-1.041352,47.562658],[-1.040506,47.564212],[-1.042335,47.56611],[-1.04457,47.567592],[-1.042674,47.568329],[-1.042651,47.569162],[-1.040823,47.569917],[-1.038999,47.569685],[-1.037932,47.56999],[-1.036795,47.570686],[-1.036472,47.571343],[-1.033609,47.571787],[-1.032167,47.572631],[-1.03045,47.572621],[-1.0297,47.573228],[-1.028235,47.573053],[-1.027532,47.573913],[-1.026321,47.574068],[-1.026209,47.574513],[-1.025653,47.574639],[-1.024979,47.575395],[-1.022451,47.576414],[-1.019142,47.576716],[-1.0192,47.577919],[-1.017603,47.579463],[-1.017761,47.580402],[-1.017134,47.580551],[-1.016622,47.581254],[-1.017119,47.581874],[-1.013071,47.585033],[-1.009168,47.586114],[-1.006791,47.588863],[-1.007286,47.589384],[-1.008026,47.589412],[-1.008864,47.590248],[-1.008671,47.591069],[-1.009935,47.591701],[-1.010419,47.593317],[-1.012573,47.593313],[-1.020148,47.595423],[-1.020975,47.596838],[-1.023815,47.597261],[-1.024616,47.597895],[-1.025145,47.598854],[-1.024683,47.60004],[-1.023162,47.601026],[-1.021407,47.602764],[-1.020847,47.605314],[-1.019188,47.606139],[-1.017262,47.606001],[-1.016159,47.608138],[-1.015907,47.609397],[-1.014345,47.611008],[-1.012784,47.610695],[-1.009268,47.611014],[-1.006834,47.610197],[-1.005276,47.608871],[-1.001225,47.606795],[-0.987653,47.603686],[-0.98434,47.60347],[-0.982117,47.603845],[-0.972935,47.602783],[-0.967814,47.601054],[-0.964248,47.600554],[-0.961682,47.600833],[-0.960072,47.600292],[-0.958819,47.600284],[-0.958516,47.599686],[-0.957461,47.599225],[-0.954811,47.599423],[-0.954504,47.598877],[-0.95127,47.598376],[-0.951356,47.598056],[-0.950068,47.597905],[-0.947921,47.59669],[-0.944557,47.595795],[-0.942537,47.595729],[-0.939445,47.594779],[-0.936696,47.592862],[-0.934968,47.592464],[-0.933975,47.591641],[-0.930509,47.589983],[-0.926131,47.588928],[-0.921853,47.587237],[-0.916116,47.586722],[-0.910726,47.587535],[-0.908032,47.587186],[-0.908283,47.58563],[-0.910502,47.585309],[-0.9099,47.583681],[-0.909609,47.578718],[-0.911388,47.578333],[-0.907379,47.575456],[-0.906313,47.572383],[-0.906024,47.572366],[-0.907125,47.569109],[-0.906843,47.568161],[-0.907215,47.567183],[-0.907003,47.56443],[-0.905258,47.561591],[-0.904945,47.559902],[-0.903446,47.55863],[-0.903113,47.556729],[-0.902572,47.555869],[-0.900942,47.556488],[-0.900783,47.557076],[-0.900387,47.556756],[-0.898184,47.557347],[-0.898007,47.557114],[-0.894169,47.556783],[-0.89297,47.556336],[-0.892179,47.556776],[-0.889798,47.557217],[-0.886995,47.557088],[-0.884896,47.556197],[-0.880573,47.555959],[-0.879758,47.555051],[-0.87901,47.554872],[-0.878463,47.554901],[-0.878132,47.555753],[-0.877055,47.556167],[-0.87549,47.55519],[-0.873316,47.5553],[-0.872109,47.554508],[-0.86885,47.554717],[-0.867647,47.55393],[-0.867853,47.553398],[-0.867366,47.552831],[-0.865721,47.551935],[-0.864048,47.552779],[-0.862227,47.552785],[-0.861055,47.553516],[-0.858358,47.553627],[-0.857442,47.553249],[-0.857233,47.552626],[-0.855517,47.551846],[-0.854437,47.55225],[-0.85434,47.553194],[-0.855061,47.553644],[-0.854041,47.555016],[-0.853242,47.554946],[-0.8526,47.556089],[-0.853013,47.556379],[-0.852447,47.557787],[-0.852293,47.558835],[-0.852649,47.558807],[-0.852161,47.560515],[-0.852916,47.560786],[-0.852343,47.562822],[-0.852787,47.563201],[-0.85126,47.564414],[-0.848398,47.563774],[-0.848032,47.563751],[-0.847846,47.564112],[-0.847079,47.563841],[-0.846715,47.565598],[-0.845617,47.565485],[-0.845165,47.566088],[-0.841962,47.565171],[-0.841236,47.56695],[-0.839481,47.566469],[-0.839015,47.567888],[-0.837177,47.567396],[-0.837021,47.565854],[-0.835368,47.565638],[-0.833311,47.56648],[-0.832665,47.566385],[-0.831614,47.568363],[-0.830854,47.568335],[-0.828373,47.569691],[-0.829698,47.570107],[-0.829991,47.570657],[-0.828618,47.571139],[-0.829444,47.572154],[-0.828896,47.572832],[-0.827142,47.571901],[-0.826629,47.572552],[-0.827445,47.572642],[-0.827175,47.573385],[-0.827774,47.573668],[-0.827312,47.574557],[-0.825123,47.573551],[-0.8249,47.573869],[-0.825332,47.574021],[-0.824671,47.574882],[-0.823128,47.572664],[-0.822192,47.573807],[-0.820675,47.573965],[-0.819782,47.575164],[-0.817419,47.574248],[-0.818162,47.572879],[-0.815611,47.572587],[-0.815155,47.571987],[-0.819343,47.57037],[-0.818803,47.569319],[-0.818327,47.569798],[-0.815504,47.568482],[-0.814065,47.5705],[-0.815139,47.571964],[-0.81415,47.573433],[-0.813633,47.573432],[-0.812326,47.573106],[-0.813691,47.571407],[-0.810308,47.570222],[-0.811452,47.56854],[-0.812022,47.568612],[-0.812086,47.568284],[-0.811076,47.568104],[-0.810398,47.568661],[-0.80934,47.568472],[-0.807627,47.571103],[-0.807327,47.57093],[-0.808083,47.569388],[-0.807676,47.5693],[-0.807992,47.568297],[-0.807514,47.568199],[-0.806631,47.56808],[-0.806096,47.570182],[-0.800007,47.56732],[-0.790962,47.56581],[-0.790853,47.566328],[-0.78995,47.566777],[-0.787878,47.569113],[-0.784516,47.568277],[-0.783215,47.568299],[-0.777274,47.566267],[-0.77142,47.565035],[-0.772264,47.564183],[-0.773643,47.563863],[-0.774082,47.562843],[-0.768437,47.561104],[-0.762772,47.559699],[-0.76028,47.559399],[-0.760698,47.559251],[-0.760673,47.558768],[-0.763097,47.55907],[-0.763294,47.558173],[-0.761136,47.557903],[-0.761676,47.556119],[-0.762765,47.554678],[-0.760737,47.554438],[-0.761295,47.553452],[-0.76092,47.552721],[-0.762873,47.552761],[-0.762735,47.550148],[-0.764902,47.549637],[-0.764233,47.547318],[-0.764471,47.544576],[-0.763328,47.5442],[-0.764341,47.541737],[-0.76438,47.539625],[-0.765732,47.540186],[-0.765959,47.538372],[-0.765526,47.538352],[-0.765488,47.537109],[-0.766726,47.53633],[-0.767305,47.535314],[-0.769875,47.534583],[-0.773656,47.534907],[-0.773812,47.53464],[-0.774137,47.532658],[-0.769714,47.531679],[-0.770448,47.529148],[-0.774383,47.528987],[-0.78122,47.530276],[-0.782021,47.529112]]],"type":"Polygon"},"properties":{"id_edu_college":"23","sc_college_nom":"Collège Camille Claudel","sc_college_adr":"6, rue de l'Aulnaye","sc_college_com":"VAL D'ERDRE-AUXENCE","sc_college_com_del":"LE-LOUROUX-BECONNAIS","sc_college_tel":"02 41 77 42 37","sc_college_web":"http://camille-claudel.anjou.e-lyco.fr","shape_area":246653601.0366211,"shape_length":108879.93432669637,"geo_point_2d":{"lon":-0.903267381413447,"lat":47.52592875934478}}},{"type":"Feature","geometry":{"coordinates":[[[-0.794397,47.045485],[-0.794872,47.045515],[-0.794772,47.045818],[-0.797094,47.045698],[-0.797948,47.045978],[-0.798497,47.047154],[-0.79937,47.047771],[-0.800071,47.047866],[-0.801377,47.046695],[-0.803374,47.047242],[-0.804126,47.046761],[-0.80385,47.046364],[-0.804431,47.046302],[-0.804198,47.045641],[-0.804506,47.045397],[-0.809652,47.04559],[-0.809996,47.04492],[-0.809805,47.044412],[-0.809048,47.044159],[-0.809469,47.043518],[-0.809249,47.043058],[-0.809654,47.042877],[-0.809567,47.042481],[-0.810104,47.042399],[-0.810391,47.041817],[-0.810121,47.041515],[-0.811029,47.040515],[-0.813947,47.040951],[-0.814609,47.039893],[-0.81513,47.039764],[-0.816453,47.040554],[-0.819764,47.039214],[-0.820104,47.039466],[-0.82054,47.039096],[-0.820837,47.039243],[-0.82046,47.038792],[-0.821288,47.039034],[-0.822155,47.039938],[-0.8232,47.04027],[-0.82339,47.040607],[-0.82458,47.040448],[-0.825463,47.040018],[-0.825858,47.039372],[-0.825553,47.039028],[-0.82617,47.038996],[-0.826071,47.03835],[-0.826696,47.037896],[-0.828922,47.038763],[-0.828616,47.039238],[-0.829026,47.039291],[-0.828797,47.039658],[-0.829125,47.039855],[-0.830004,47.039561],[-0.83036,47.040011],[-0.830282,47.040489],[-0.831105,47.040403],[-0.831931,47.039878],[-0.832012,47.03947],[-0.832599,47.039589],[-0.832703,47.038292],[-0.833743,47.037746],[-0.833059,47.037213],[-0.833083,47.036879],[-0.833755,47.036639],[-0.834706,47.037247],[-0.835859,47.036852],[-0.836489,47.03709],[-0.837947,47.036202],[-0.838614,47.035071],[-0.838637,47.034422],[-0.838207,47.034262],[-0.838902,47.033904],[-0.839017,47.033298],[-0.839589,47.032744],[-0.83957,47.03243],[-0.838838,47.032061],[-0.841241,47.031519],[-0.843765,47.031656],[-0.844762,47.031169],[-0.846095,47.029431],[-0.843717,47.028389],[-0.843539,47.027395],[-0.84472,47.026228],[-0.847476,47.025854],[-0.847829,47.024017],[-0.849604,47.023319],[-0.852293,47.024063],[-0.852736,47.024421],[-0.852738,47.025108],[-0.85412,47.025562],[-0.854459,47.026173],[-0.85412,47.026465],[-0.85444,47.027246],[-0.855624,47.028005],[-0.85517,47.0287],[-0.855629,47.029243],[-0.854943,47.029655],[-0.855516,47.030209],[-0.854533,47.030675],[-0.854898,47.031481],[-0.856629,47.0332],[-0.857301,47.033178],[-0.857179,47.033853],[-0.858926,47.034717],[-0.858905,47.035197],[-0.860178,47.034943],[-0.860285,47.035669],[-0.859852,47.035875],[-0.860185,47.036228],[-0.859894,47.03647],[-0.860499,47.037485],[-0.861003,47.037844],[-0.861497,47.037746],[-0.861348,47.038683],[-0.862298,47.039094],[-0.862572,47.04016],[-0.862084,47.04079],[-0.862968,47.041778],[-0.863541,47.041912],[-0.863245,47.042517],[-0.864014,47.043048],[-0.864114,47.044042],[-0.863835,47.044454],[-0.864105,47.045098],[-0.863663,47.045592],[-0.863736,47.046412],[-0.86309,47.046609],[-0.86389,47.047196],[-0.865429,47.047126],[-0.866231,47.046964],[-0.866091,47.046566],[-0.867466,47.046436],[-0.867255,47.045951],[-0.867528,47.045865],[-0.870719,47.046617],[-0.870599,47.047374],[-0.871894,47.04783],[-0.872296,47.048719],[-0.874022,47.049688],[-0.874285,47.051699],[-0.876026,47.052585],[-0.876251,47.052966],[-0.876086,47.053797],[-0.877142,47.054908],[-0.876784,47.055112],[-0.876885,47.055344],[-0.878477,47.056074],[-0.871986,47.060867],[-0.867383,47.06241],[-0.831314,47.079664],[-0.830369,47.081697],[-0.830652,47.084557],[-0.830344,47.086203],[-0.82916,47.088944],[-0.828013,47.090472],[-0.82311,47.094645],[-0.822252,47.094633],[-0.821675,47.095041],[-0.817475,47.094838],[-0.81664,47.095555],[-0.814597,47.094816],[-0.814129,47.094946],[-0.813139,47.094283],[-0.813516,47.094049],[-0.812752,47.093913],[-0.812993,47.093066],[-0.814081,47.093362],[-0.814557,47.092492],[-0.815181,47.092151],[-0.812367,47.089477],[-0.810581,47.090361],[-0.808081,47.08902],[-0.807722,47.089561],[-0.80682,47.08989],[-0.804815,47.088267],[-0.805891,47.087049],[-0.80623,47.083338],[-0.806712,47.081886],[-0.809489,47.078711],[-0.808406,47.077156],[-0.808561,47.075627],[-0.806648,47.074354],[-0.807562,47.073797],[-0.806607,47.072244],[-0.809233,47.071752],[-0.809082,47.071198],[-0.808248,47.070529],[-0.807696,47.07093],[-0.807205,47.070665],[-0.808567,47.069611],[-0.80826,47.069313],[-0.810554,47.068099],[-0.81192,47.067737],[-0.811672,47.064037],[-0.811349,47.063444],[-0.8085,47.063046],[-0.803467,47.063739],[-0.801224,47.06473],[-0.799616,47.066574],[-0.798264,47.067235],[-0.794715,47.06738],[-0.794926,47.0685],[-0.796839,47.072343],[-0.794301,47.074414],[-0.791094,47.074607],[-0.789006,47.075499],[-0.78867,47.076891],[-0.787822,47.077905],[-0.78607,47.078351],[-0.78316,47.079668],[-0.782266,47.080408],[-0.77771,47.080867],[-0.774284,47.082385],[-0.771491,47.078639],[-0.771893,47.07818],[-0.771412,47.077392],[-0.769972,47.076184],[-0.770043,47.075535],[-0.770878,47.074475],[-0.770718,47.074002],[-0.772305,47.072763],[-0.771834,47.07241],[-0.771907,47.071817],[-0.775315,47.068307],[-0.774952,47.067512],[-0.773296,47.066595],[-0.772665,47.06585],[-0.773993,47.064136],[-0.774126,47.063496],[-0.77369,47.062634],[-0.774043,47.061765],[-0.773448,47.060547],[-0.775873,47.059115],[-0.777777,47.059197],[-0.778795,47.058295],[-0.778623,47.057911],[-0.778911,47.057418],[-0.780722,47.057101],[-0.781171,47.056215],[-0.782585,47.05561],[-0.784172,47.053851],[-0.784078,47.052509],[-0.78481,47.05189],[-0.784817,47.050655],[-0.786193,47.04904],[-0.78632,47.047981],[-0.787569,47.047512],[-0.788813,47.047901],[-0.789377,47.047433],[-0.791557,47.047034],[-0.791907,47.046143],[-0.791495,47.045635],[-0.791899,47.04563],[-0.791848,47.045339],[-0.792911,47.045417],[-0.793298,47.0458],[-0.793813,47.045392],[-0.794397,47.045485]]],"type":"Polygon"},"properties":{"id_edu_college":"2","sc_college_nom":"Collège Clemenceau","sc_college_adr":"110, rue Porte Baron","sc_college_com":"CHOLET","sc_college_com_del":null,"sc_college_tel":"02 41 62 06 46","sc_college_web":"http://georges-clemenceau.anjou.e-lyco.fr","shape_area":29395693.075683594,"shape_length":36992.50682502246,"geo_point_2d":{"lon":-0.8249924806282308,"lat":47.05956087653998}}},{"type":"Feature","geometry":{"coordinates":[[[-1.23142,47.239655],[-1.232903,47.240402],[-1.237615,47.241467],[-1.239002,47.242383],[-1.238895,47.24266],[-1.239448,47.243053],[-1.242325,47.243195],[-1.243129,47.243585],[-1.24337,47.24486],[-1.242739,47.24537],[-1.242872,47.247016],[-1.244634,47.247515],[-1.247124,47.247596],[-1.251199,47.246934],[-1.254486,47.24805],[-1.255154,47.24871],[-1.25508,47.249178],[-1.254273,47.24979],[-1.253979,47.250556],[-1.252791,47.250839],[-1.25336,47.251551],[-1.254182,47.251851],[-1.254674,47.253248],[-1.25676,47.253608],[-1.256937,47.254214],[-1.257938,47.254633],[-1.258146,47.255378],[-1.258735,47.255484],[-1.258777,47.256155],[-1.260005,47.25686],[-1.261413,47.25893],[-1.268049,47.259692],[-1.268439,47.260001],[-1.268325,47.261106],[-1.270039,47.262262],[-1.270507,47.263348],[-1.272483,47.263766],[-1.272989,47.264377],[-1.273202,47.265823],[-1.274587,47.267052],[-1.274539,47.26828],[-1.274931,47.269187],[-1.27649,47.269642],[-1.278101,47.270728],[-1.27816,47.272329],[-1.279119,47.274027],[-1.279824,47.274505],[-1.278743,47.275765],[-1.275568,47.277146],[-1.275955,47.277871],[-1.277343,47.278863],[-1.277631,47.28078],[-1.278893,47.280967],[-1.279321,47.281459],[-1.279073,47.281795],[-1.278166,47.281531],[-1.277535,47.282688],[-1.276833,47.28327],[-1.276805,47.283699],[-1.278173,47.285439],[-1.27821,47.286722],[-1.276777,47.288581],[-1.275116,47.289383],[-1.27482,47.290519],[-1.27582,47.291321],[-1.278586,47.291157],[-1.280284,47.291975],[-1.280756,47.292628],[-1.280376,47.293145],[-1.280642,47.293722],[-1.279875,47.294568],[-1.280992,47.295791],[-1.28274,47.29608],[-1.285042,47.295266],[-1.285731,47.295348],[-1.286275,47.295931],[-1.287196,47.295992],[-1.287216,47.296803],[-1.288262,47.296922],[-1.287393,47.297861],[-1.287461,47.29831],[-1.289001,47.298842],[-1.289551,47.298745],[-1.290791,47.299359],[-1.290985,47.299928],[-1.292324,47.300098],[-1.2928,47.299828],[-1.294355,47.300377],[-1.294684,47.300749],[-1.294594,47.301297],[-1.295482,47.302346],[-1.2953,47.302961],[-1.295604,47.303391],[-1.295014,47.303652],[-1.295689,47.304167],[-1.294908,47.304553],[-1.295615,47.305225],[-1.29576,47.306017],[-1.296211,47.306271],[-1.297151,47.305944],[-1.297337,47.304985],[-1.299276,47.303266],[-1.303626,47.303162],[-1.304269,47.302772],[-1.307076,47.304186],[-1.308058,47.304328],[-1.308602,47.304045],[-1.308591,47.303656],[-1.31034,47.302879],[-1.314424,47.303163],[-1.315069,47.303479],[-1.315658,47.303181],[-1.316176,47.303315],[-1.315775,47.3019],[-1.318404,47.301143],[-1.31907,47.302342],[-1.318668,47.302912],[-1.317612,47.302967],[-1.318532,47.303442],[-1.318004,47.303828],[-1.318872,47.303755],[-1.319569,47.304306],[-1.319664,47.305062],[-1.320526,47.304986],[-1.320527,47.305895],[-1.321991,47.305723],[-1.322262,47.305586],[-1.32251,47.303775],[-1.323222,47.303152],[-1.327128,47.30344],[-1.328346,47.302744],[-1.329969,47.302551],[-1.331475,47.303195],[-1.331979,47.303117],[-1.334442,47.302056],[-1.335164,47.302058],[-1.33499,47.300986],[-1.336324,47.300854],[-1.337199,47.300224],[-1.339035,47.300904],[-1.341179,47.300922],[-1.341809,47.300364],[-1.343657,47.300999],[-1.344875,47.300933],[-1.345204,47.301151],[-1.345326,47.301986],[-1.346734,47.301862],[-1.34881,47.302254],[-1.354199,47.304154],[-1.349388,47.307236],[-1.34251,47.313531],[-1.335078,47.319169],[-1.331004,47.319001],[-1.330819,47.319397],[-1.327662,47.319707],[-1.319991,47.321522],[-1.317359,47.326099],[-1.314821,47.328105],[-1.311851,47.32941],[-1.311276,47.330652],[-1.311439,47.331114],[-1.310596,47.332046],[-1.306555,47.334483],[-1.302642,47.336363],[-1.296901,47.338614],[-1.291639,47.339752],[-1.270222,47.341522],[-1.267774,47.341596],[-1.261305,47.340885],[-1.257628,47.341193],[-1.233828,47.34727],[-1.227406,47.35025],[-1.217213,47.349083],[-1.216997,47.35027],[-1.216634,47.350577],[-1.21451,47.351366],[-1.213106,47.351444],[-1.209492,47.350727],[-1.208904,47.34987],[-1.208329,47.349861],[-1.208169,47.349035],[-1.201958,47.350045],[-1.198061,47.351469],[-1.195979,47.350932],[-1.193148,47.351707],[-1.188663,47.352291],[-1.182977,47.354311],[-1.183826,47.355006],[-1.177752,47.358922],[-1.179585,47.360858],[-1.175173,47.36221],[-1.171031,47.364614],[-1.165789,47.366499],[-1.164419,47.365296],[-1.157334,47.365574],[-1.154862,47.365913],[-1.151596,47.367159],[-1.144563,47.369031],[-1.144145,47.368095],[-1.139117,47.367552],[-1.139011,47.36678],[-1.13869,47.367105],[-1.136331,47.367532],[-1.135265,47.36861],[-1.131827,47.367363],[-1.128024,47.366872],[-1.114118,47.367575],[-1.114055,47.36635],[-1.111621,47.366156],[-1.112485,47.364326],[-1.113995,47.363968],[-1.115505,47.362944],[-1.11638,47.362726],[-1.117083,47.362032],[-1.118251,47.361754],[-1.118448,47.360359],[-1.12255,47.35979],[-1.123155,47.359465],[-1.1227,47.357305],[-1.127145,47.355991],[-1.128336,47.356108],[-1.130978,47.355527],[-1.133077,47.354974],[-1.135891,47.353727],[-1.14145,47.352568],[-1.140562,47.351801],[-1.139693,47.349788],[-1.138363,47.349002],[-1.138141,47.348407],[-1.134826,47.348147],[-1.133692,47.347577],[-1.133314,47.346275],[-1.13266,47.345356],[-1.133144,47.345152],[-1.132881,47.344476],[-1.132153,47.343702],[-1.131292,47.343598],[-1.131228,47.34328],[-1.131582,47.341954],[-1.132726,47.340726],[-1.132879,47.339706],[-1.12786,47.335662],[-1.128315,47.335238],[-1.128335,47.334517],[-1.129383,47.333315],[-1.129533,47.33052],[-1.127894,47.326696],[-1.127317,47.325904],[-1.126707,47.325625],[-1.127249,47.325107],[-1.125469,47.32426],[-1.125776,47.323654],[-1.126719,47.323284],[-1.12908,47.321351],[-1.128661,47.320146],[-1.12893,47.3194],[-1.129824,47.318604],[-1.131521,47.318044],[-1.132212,47.317432],[-1.129378,47.312837],[-1.126739,47.311922],[-1.125312,47.309644],[-1.125126,47.308859],[-1.125342,47.308404],[-1.124864,47.307763],[-1.124651,47.306443],[-1.12504,47.304908],[-1.126242,47.303862],[-1.1273,47.301972],[-1.129199,47.301224],[-1.133948,47.298265],[-1.136938,47.297851],[-1.138594,47.298077],[-1.137965,47.296621],[-1.137494,47.293173],[-1.134924,47.289089],[-1.13404,47.286696],[-1.135592,47.285181],[-1.13684,47.285053],[-1.140005,47.282323],[-1.140334,47.278436],[-1.141544,47.277264],[-1.144597,47.27563],[-1.146802,47.271873],[-1.148956,47.270387],[-1.149855,47.268199],[-1.147865,47.266397],[-1.146412,47.262855],[-1.153804,47.261506],[-1.154012,47.260978],[-1.154625,47.26083],[-1.155724,47.259705],[-1.159293,47.257572],[-1.16123,47.257068],[-1.164328,47.257238],[-1.17074,47.25535],[-1.17142,47.254889],[-1.171209,47.254653],[-1.172617,47.253655],[-1.172403,47.253398],[-1.172843,47.252918],[-1.172831,47.252331],[-1.174106,47.251381],[-1.174132,47.249945],[-1.174516,47.249763],[-1.174753,47.248967],[-1.175363,47.248762],[-1.176547,47.247112],[-1.177862,47.246362],[-1.177706,47.245932],[-1.178145,47.245514],[-1.178269,47.244536],[-1.179062,47.243756],[-1.179378,47.242706],[-1.180823,47.24177],[-1.181395,47.240896],[-1.184859,47.242542],[-1.186982,47.242931],[-1.188959,47.243721],[-1.190085,47.244453],[-1.192477,47.247105],[-1.195025,47.248486],[-1.194975,47.249824],[-1.194133,47.252155],[-1.198025,47.253001],[-1.207378,47.253193],[-1.212836,47.249739],[-1.212895,47.245866],[-1.214341,47.244894],[-1.217995,47.24429],[-1.219368,47.243382],[-1.221128,47.242887],[-1.222596,47.241804],[-1.2266,47.240729],[-1.228184,47.239854],[-1.230159,47.239468],[-1.23142,47.239655]]],"type":"Polygon"},"properties":{"id_edu_college":"7","sc_college_nom":"Collège Georges Pompidou","sc_college_adr":"10 avenue de Verwoo","sc_college_com":"OREE D'ANJOU","sc_college_com_del":"CHAMPTOCEAUX","sc_college_tel":"02 40 83 52 27","sc_college_web":"http://0490057w.e-lyco.fr","shape_area":139162888.68310547,"shape_length":67093.28016264373,"geo_point_2d":{"lon":-1.2138140086075029,"lat":47.30560792898237}}},{"type":"Feature","geometry":{"coordinates":[[[-0.919499,47.320289],[-0.918839,47.321849],[-0.918291,47.326292],[-0.917697,47.327219],[-0.917674,47.328305],[-0.917152,47.329361],[-0.9175,47.330998],[-0.91493,47.331621],[-0.915789,47.334027],[-0.915064,47.334953],[-0.915873,47.336281],[-0.915667,47.337551],[-0.915385,47.33913],[-0.91418,47.340804],[-0.91283,47.344255],[-0.910023,47.34763],[-0.907569,47.349424],[-0.906644,47.349419],[-0.903814,47.351125],[-0.900687,47.351546],[-0.898485,47.3524],[-0.897106,47.352261],[-0.896527,47.352726],[-0.896895,47.353942],[-0.896314,47.355578],[-0.896455,47.356138],[-0.897473,47.357303],[-0.899529,47.358119],[-0.900078,47.358999],[-0.901456,47.359476],[-0.902747,47.36078],[-0.903201,47.361671],[-0.903124,47.362733],[-0.903889,47.364156],[-0.905305,47.364824],[-0.905257,47.366022],[-0.906945,47.367425],[-0.907453,47.369161],[-0.906987,47.370447],[-0.907231,47.371095],[-0.905847,47.370789],[-0.903356,47.370919],[-0.90199,47.371314],[-0.899758,47.371203],[-0.895322,47.370478],[-0.88995,47.370975],[-0.887892,47.370438],[-0.883822,47.3718],[-0.881568,47.372096],[-0.877865,47.371576],[-0.87523,47.372316],[-0.870138,47.372551],[-0.866484,47.372361],[-0.86503,47.372681],[-0.852251,47.371723],[-0.848987,47.371924],[-0.844865,47.371628],[-0.839742,47.37203],[-0.834479,47.371417],[-0.835041,47.368464],[-0.834101,47.368193],[-0.833816,47.368546],[-0.833095,47.368357],[-0.833911,47.366752],[-0.833363,47.36665],[-0.832942,47.366939],[-0.831807,47.366351],[-0.831858,47.365721],[-0.830701,47.365273],[-0.830694,47.364955],[-0.831159,47.364918],[-0.831048,47.364658],[-0.829772,47.364163],[-0.829824,47.362413],[-0.823679,47.362531],[-0.82332,47.361448],[-0.82518,47.361077],[-0.825,47.360172],[-0.821696,47.360711],[-0.821098,47.360513],[-0.820999,47.360762],[-0.819603,47.360981],[-0.818194,47.362325],[-0.816276,47.362355],[-0.812289,47.364272],[-0.810178,47.364009],[-0.809204,47.36462],[-0.809077,47.36483],[-0.811133,47.365743],[-0.811132,47.366719],[-0.811816,47.367319],[-0.811696,47.368133],[-0.812979,47.369444],[-0.811589,47.37111],[-0.814224,47.37331],[-0.81684,47.374574],[-0.827429,47.377374],[-0.82915,47.378484],[-0.831681,47.381117],[-0.833797,47.382662],[-0.838838,47.383988],[-0.837708,47.385565],[-0.837241,47.385707],[-0.834272,47.388735],[-0.823624,47.383064],[-0.817501,47.381914],[-0.806461,47.38058],[-0.796918,47.380289],[-0.789488,47.37874],[-0.781034,47.375645],[-0.776971,47.373647],[-0.770574,47.373713],[-0.766282,47.372344],[-0.76032,47.369533],[-0.743336,47.366151],[-0.738794,47.364705],[-0.733802,47.362513],[-0.731522,47.361982],[-0.725356,47.361395],[-0.723977,47.36074],[-0.723732,47.360241],[-0.715982,47.361289],[-0.709142,47.362611],[-0.703858,47.363136],[-0.691324,47.365421],[-0.686648,47.367084],[-0.680901,47.369971],[-0.676306,47.369939],[-0.66912,47.36892],[-0.664266,47.369388],[-0.662041,47.370013],[-0.656484,47.372369],[-0.648718,47.374163],[-0.642347,47.37672],[-0.640195,47.374773],[-0.637834,47.373805],[-0.635642,47.371603],[-0.635163,47.372317],[-0.632897,47.37127],[-0.633113,47.372142],[-0.632059,47.372037],[-0.627728,47.370689],[-0.624189,47.367581],[-0.62302,47.365417],[-0.622197,47.364626],[-0.620835,47.364242],[-0.6185,47.361963],[-0.61622,47.360565],[-0.614082,47.360055],[-0.608363,47.356665],[-0.606275,47.354678],[-0.60559,47.352741],[-0.605016,47.353739],[-0.603233,47.352986],[-0.601125,47.352695],[-0.600304,47.355284],[-0.599683,47.355268],[-0.596721,47.357162],[-0.594649,47.356564],[-0.597679,47.355167],[-0.597843,47.354098],[-0.599534,47.352595],[-0.599682,47.352041],[-0.600397,47.352256],[-0.601495,47.352039],[-0.601248,47.349417],[-0.601517,47.349021],[-0.600988,47.348934],[-0.602646,47.347721],[-0.60591,47.346655],[-0.606534,47.345678],[-0.605781,47.345315],[-0.605832,47.344716],[-0.605322,47.343897],[-0.602786,47.343503],[-0.601123,47.342516],[-0.600805,47.341884],[-0.598453,47.341317],[-0.600077,47.339555],[-0.602196,47.336439],[-0.601748,47.333755],[-0.602846,47.33299],[-0.604055,47.333218],[-0.612562,47.332185],[-0.620508,47.332714],[-0.628706,47.333693],[-0.630838,47.334221],[-0.63138,47.332933],[-0.63233,47.332479],[-0.634131,47.330778],[-0.633405,47.330156],[-0.633634,47.329304],[-0.635056,47.328568],[-0.635867,47.327458],[-0.635155,47.326514],[-0.637414,47.324196],[-0.638398,47.322258],[-0.638531,47.321527],[-0.63783,47.319909],[-0.639061,47.317925],[-0.639938,47.31773],[-0.641298,47.316366],[-0.642479,47.315819],[-0.646789,47.31536],[-0.647625,47.316882],[-0.650529,47.319],[-0.65141,47.319218],[-0.653523,47.317015],[-0.654976,47.316669],[-0.657318,47.314719],[-0.658668,47.313069],[-0.659567,47.311825],[-0.662176,47.305623],[-0.663614,47.303045],[-0.668112,47.301613],[-0.671696,47.299378],[-0.675843,47.297409],[-0.67609,47.29622],[-0.67684,47.296077],[-0.678099,47.294115],[-0.679998,47.292636],[-0.680145,47.292969],[-0.682373,47.292972],[-0.682188,47.292302],[-0.684393,47.29222],[-0.68491,47.2932],[-0.687354,47.295929],[-0.689125,47.296649],[-0.69074,47.296774],[-0.692251,47.29992],[-0.695085,47.299657],[-0.696839,47.302582],[-0.700573,47.304239],[-0.703191,47.307231],[-0.706604,47.307906],[-0.707972,47.308549],[-0.709842,47.308707],[-0.709784,47.309128],[-0.711404,47.309671],[-0.712238,47.31045],[-0.714822,47.310044],[-0.716183,47.313024],[-0.717133,47.313994],[-0.718308,47.313659],[-0.718719,47.313931],[-0.719384,47.313826],[-0.722312,47.312938],[-0.723564,47.312385],[-0.724147,47.311389],[-0.726638,47.311347],[-0.728011,47.311721],[-0.728237,47.31216],[-0.729236,47.312271],[-0.729233,47.3128],[-0.728476,47.313679],[-0.728394,47.314723],[-0.729464,47.315323],[-0.729228,47.315914],[-0.735496,47.313173],[-0.738318,47.31406],[-0.738385,47.313346],[-0.739583,47.311369],[-0.740728,47.312089],[-0.742677,47.312622],[-0.747927,47.310681],[-0.751086,47.310372],[-0.755787,47.310426],[-0.758816,47.308995],[-0.767023,47.306749],[-0.768361,47.306983],[-0.768644,47.308018],[-0.769551,47.307095],[-0.769398,47.305709],[-0.770506,47.305388],[-0.771005,47.304768],[-0.770168,47.303887],[-0.768881,47.304439],[-0.768566,47.304222],[-0.769082,47.301457],[-0.769464,47.301236],[-0.76974,47.300049],[-0.769455,47.298841],[-0.769898,47.298307],[-0.77038,47.296618],[-0.770155,47.295698],[-0.769495,47.295372],[-0.769224,47.294818],[-0.770845,47.293269],[-0.770813,47.292313],[-0.771842,47.291795],[-0.77393,47.288194],[-0.774828,47.287647],[-0.776416,47.287205],[-0.776825,47.286698],[-0.780605,47.286932],[-0.78112,47.286648],[-0.781681,47.28696],[-0.783522,47.28562],[-0.785904,47.285676],[-0.788265,47.284402],[-0.789246,47.284663],[-0.790657,47.284415],[-0.792976,47.283234],[-0.794575,47.281982],[-0.796116,47.282299],[-0.797203,47.282085],[-0.798393,47.281265],[-0.799785,47.281331],[-0.801728,47.280843],[-0.801915,47.281032],[-0.802629,47.280615],[-0.803591,47.280671],[-0.803628,47.280957],[-0.804218,47.281159],[-0.80652,47.280933],[-0.806955,47.280733],[-0.8068,47.280081],[-0.807688,47.279847],[-0.808772,47.278794],[-0.810987,47.278929],[-0.811705,47.279257],[-0.81336,47.278627],[-0.814037,47.278044],[-0.819874,47.277207],[-0.82203,47.275981],[-0.822234,47.275329],[-0.823983,47.27467],[-0.825584,47.274849],[-0.826682,47.275446],[-0.831605,47.274812],[-0.836212,47.27518],[-0.836975,47.274736],[-0.838346,47.274705],[-0.840992,47.274874],[-0.84263,47.275607],[-0.846103,47.27535],[-0.847528,47.27548],[-0.847749,47.275838],[-0.84856,47.275968],[-0.850854,47.275525],[-0.852097,47.275885],[-0.852746,47.276679],[-0.8527,47.278543],[-0.853772,47.279558],[-0.852348,47.280915],[-0.852242,47.281746],[-0.85252,47.281811],[-0.852114,47.282162],[-0.852477,47.282738],[-0.852763,47.284857],[-0.852126,47.285907],[-0.852843,47.288632],[-0.852469,47.290062],[-0.853676,47.291151],[-0.854826,47.291045],[-0.855173,47.291457],[-0.854823,47.291674],[-0.855591,47.291974],[-0.856153,47.292908],[-0.858213,47.293184],[-0.859218,47.293987],[-0.860847,47.293947],[-0.862693,47.294799],[-0.865426,47.29514],[-0.866448,47.295708],[-0.868217,47.29553],[-0.868616,47.294908],[-0.870077,47.294385],[-0.874957,47.293451],[-0.876556,47.292679],[-0.877328,47.2927],[-0.878772,47.293359],[-0.886009,47.292121],[-0.886648,47.292803],[-0.886574,47.293943],[-0.887049,47.295115],[-0.888061,47.295014],[-0.888106,47.296206],[-0.888624,47.296727],[-0.890763,47.297165],[-0.891666,47.29876],[-0.894592,47.300888],[-0.896025,47.300465],[-0.898928,47.301419],[-0.90037,47.302279],[-0.902981,47.304951],[-0.902505,47.305821],[-0.904318,47.306265],[-0.906765,47.307412],[-0.905136,47.310606],[-0.905277,47.311829],[-0.906481,47.31308],[-0.907293,47.31331],[-0.911703,47.312359],[-0.911751,47.315561],[-0.913485,47.317036],[-0.919499,47.320289]]],"type":"Polygon"},"properties":{"id_edu_college":"21","sc_college_nom":"Collège Saint-Exupéry","sc_college_adr":"avenue du 8 mai 1945","sc_college_com":"CHALONNES-SUR-LOIRE","sc_college_com_del":null,"sc_college_tel":"02 41 78 01 56","sc_college_web":"http://saint-exupery.anjou.e-lyco.fr","shape_area":176908602.10473633,"shape_length":84937.50954147107,"geo_point_2d":{"lon":-0.774787182048812,"lat":47.33350992018918}}},{"type":"Feature","geometry":{"coordinates":[[[-0.919499,47.320289],[-0.913485,47.317036],[-0.911751,47.315561],[-0.911703,47.312359],[-0.907293,47.31331],[-0.906481,47.31308],[-0.905277,47.311829],[-0.905136,47.310606],[-0.906765,47.307412],[-0.904318,47.306265],[-0.902505,47.305821],[-0.902981,47.304951],[-0.90037,47.302279],[-0.898928,47.301419],[-0.896025,47.300465],[-0.894592,47.300888],[-0.891666,47.29876],[-0.890763,47.297165],[-0.888624,47.296727],[-0.888106,47.296206],[-0.888061,47.295014],[-0.887049,47.295115],[-0.886574,47.293943],[-0.886648,47.292803],[-0.886009,47.292121],[-0.878772,47.293359],[-0.877328,47.2927],[-0.876556,47.292679],[-0.874957,47.293451],[-0.870077,47.294385],[-0.868616,47.294908],[-0.868217,47.29553],[-0.866448,47.295708],[-0.865426,47.29514],[-0.862693,47.294799],[-0.860847,47.293947],[-0.859218,47.293987],[-0.858213,47.293184],[-0.856153,47.292908],[-0.855591,47.291974],[-0.854823,47.291674],[-0.855173,47.291457],[-0.854826,47.291045],[-0.853676,47.291151],[-0.852469,47.290062],[-0.852843,47.288632],[-0.852126,47.285907],[-0.852763,47.284857],[-0.852477,47.282738],[-0.852114,47.282162],[-0.85252,47.281811],[-0.852242,47.281746],[-0.852348,47.280915],[-0.853772,47.279558],[-0.8527,47.278543],[-0.852558,47.277298],[-0.855943,47.276828],[-0.858593,47.276045],[-0.861618,47.274371],[-0.862318,47.273456],[-0.862594,47.271579],[-0.861952,47.269225],[-0.863114,47.268019],[-0.866524,47.268472],[-0.869682,47.267974],[-0.871503,47.26856],[-0.872177,47.268088],[-0.873306,47.268147],[-0.87343,47.266143],[-0.874179,47.265875],[-0.878603,47.266151],[-0.88083,47.266813],[-0.880447,47.268129],[-0.881354,47.268913],[-0.882884,47.271099],[-0.884819,47.270086],[-0.884948,47.267103],[-0.887078,47.264936],[-0.888079,47.265157],[-0.887915,47.26585],[-0.889836,47.266945],[-0.887501,47.269452],[-0.886786,47.272157],[-0.888539,47.271819],[-0.891944,47.272354],[-0.895545,47.269552],[-0.896983,47.270367],[-0.898571,47.270368],[-0.902841,47.272094],[-0.903375,47.272169],[-0.904183,47.271291],[-0.907287,47.27341],[-0.907947,47.273391],[-0.908596,47.271989],[-0.908139,47.271641],[-0.908688,47.271434],[-0.909108,47.271828],[-0.909153,47.272546],[-0.909886,47.273265],[-0.9118,47.271907],[-0.91551,47.27088],[-0.916049,47.27085],[-0.916938,47.271756],[-0.91695,47.2727],[-0.917764,47.272663],[-0.918258,47.272408],[-0.917256,47.270601],[-0.919452,47.269864],[-0.92048,47.270898],[-0.922964,47.274735],[-0.923882,47.274611],[-0.922448,47.271538],[-0.920732,47.270165],[-0.920118,47.269135],[-0.923771,47.268314],[-0.925081,47.267669],[-0.927151,47.267363],[-0.930306,47.265769],[-0.931373,47.264619],[-0.932488,47.26436],[-0.937005,47.266178],[-0.939084,47.266659],[-0.940457,47.267456],[-0.94344,47.265531],[-0.947374,47.263908],[-0.94788,47.263176],[-0.948251,47.261425],[-0.947548,47.259539],[-0.946295,47.258821],[-0.941981,47.258815],[-0.942432,47.257956],[-0.942199,47.256257],[-0.943484,47.255477],[-0.946493,47.254899],[-0.948606,47.253828],[-0.949872,47.253958],[-0.95008,47.253484],[-0.95075,47.253156],[-0.950545,47.252669],[-0.953012,47.250525],[-0.954498,47.25168],[-0.953369,47.254818],[-0.953517,47.255085],[-0.955745,47.255832],[-0.955899,47.256187],[-0.957163,47.25621],[-0.959168,47.258283],[-0.959177,47.258541],[-0.956642,47.258597],[-0.955947,47.259112],[-0.956687,47.260396],[-0.963285,47.259082],[-0.965573,47.257576],[-0.966239,47.257759],[-0.968029,47.259599],[-0.968708,47.260729],[-0.968834,47.261587],[-0.967771,47.26482],[-0.969836,47.265588],[-0.970876,47.265628],[-0.97206,47.265124],[-0.973156,47.26546],[-0.973646,47.266018],[-0.973559,47.267131],[-0.975965,47.267362],[-0.976699,47.266396],[-0.978685,47.266189],[-0.979168,47.267089],[-0.978688,47.269066],[-0.979067,47.269389],[-0.978112,47.272118],[-0.979938,47.272786],[-0.981875,47.27201],[-0.9868,47.272498],[-0.986839,47.273127],[-0.987463,47.273657],[-0.988472,47.27272],[-0.988968,47.271106],[-0.992831,47.270569],[-0.992598,47.268955],[-0.995081,47.26844],[-0.995637,47.270341],[-0.997817,47.269822],[-0.997578,47.269261],[-0.999993,47.268741],[-1.003296,47.268691],[-1.003372,47.26966],[-1.005552,47.269629],[-1.005582,47.268611],[-1.007267,47.268996],[-1.010495,47.26842],[-1.013982,47.268767],[-1.014204,47.269463],[-1.014962,47.270089],[-1.014523,47.270769],[-1.014853,47.272054],[-1.015626,47.27306],[-1.017792,47.274085],[-1.018027,47.275394],[-1.017007,47.276079],[-1.017051,47.276631],[-1.016523,47.276744],[-1.016719,47.277065],[-1.016413,47.278654],[-1.01413,47.278514],[-1.012756,47.279489],[-1.012611,47.279975],[-1.013936,47.28212],[-1.013325,47.282918],[-1.01218,47.283211],[-1.010187,47.282704],[-1.008972,47.28286],[-1.009259,47.284244],[-1.008761,47.28461],[-1.008286,47.28574],[-1.008057,47.28752],[-1.009142,47.28777],[-1.010519,47.287139],[-1.01182,47.288303],[-1.015118,47.28923],[-1.017015,47.291884],[-1.020504,47.292052],[-1.023998,47.294812],[-1.024266,47.295403],[-1.026205,47.296336],[-1.026669,47.296032],[-1.026934,47.294867],[-1.027837,47.294277],[-1.029042,47.294443],[-1.030751,47.295197],[-1.030696,47.295488],[-1.031753,47.296508],[-1.030505,47.297716],[-1.030351,47.299535],[-1.031162,47.299945],[-1.032382,47.301295],[-1.031852,47.303681],[-1.032171,47.304354],[-1.031278,47.306234],[-1.031476,47.306512],[-1.031008,47.306944],[-1.03126,47.307085],[-1.030837,47.307233],[-1.031312,47.307413],[-1.030571,47.30796],[-1.031032,47.308374],[-1.03259,47.308162],[-1.034307,47.307434],[-1.035916,47.307744],[-1.035699,47.308532],[-1.03651,47.308776],[-1.037389,47.309815],[-1.037275,47.310924],[-1.037621,47.311752],[-1.038508,47.31236],[-1.039594,47.312561],[-1.039958,47.31373],[-1.039775,47.314306],[-1.037569,47.315556],[-1.037288,47.31663],[-1.037542,47.318043],[-1.039978,47.321192],[-1.04172,47.321116],[-1.042953,47.320008],[-1.042746,47.318635],[-1.042959,47.31745],[-1.041992,47.316991],[-1.043918,47.314978],[-1.045837,47.313792],[-1.048671,47.313176],[-1.049959,47.312161],[-1.051264,47.311655],[-1.05176,47.310331],[-1.05344,47.308824],[-1.053577,47.306491],[-1.054467,47.304589],[-1.055066,47.304038],[-1.05658,47.303954],[-1.057987,47.304387],[-1.058576,47.305265],[-1.058621,47.306175],[-1.059936,47.306492],[-1.062112,47.304758],[-1.063905,47.303986],[-1.065659,47.30347],[-1.067877,47.303562],[-1.069918,47.303093],[-1.071262,47.303294],[-1.072697,47.302901],[-1.073231,47.30216],[-1.074136,47.30309],[-1.073974,47.30436],[-1.074772,47.305208],[-1.074715,47.305833],[-1.075667,47.306445],[-1.076547,47.308103],[-1.076565,47.309337],[-1.078124,47.311233],[-1.080874,47.312788],[-1.076181,47.315621],[-1.078138,47.316923],[-1.077995,47.317782],[-1.081971,47.31681],[-1.081934,47.317261],[-1.082341,47.317429],[-1.08274,47.317462],[-1.082976,47.317005],[-1.084117,47.317294],[-1.08501,47.31597],[-1.095115,47.316961],[-1.099901,47.317057],[-1.100411,47.316847],[-1.102538,47.312909],[-1.106761,47.312503],[-1.108269,47.312922],[-1.110821,47.314375],[-1.111856,47.315322],[-1.115943,47.316382],[-1.117523,47.316471],[-1.119081,47.315959],[-1.120796,47.315956],[-1.121219,47.314606],[-1.121167,47.311778],[-1.124751,47.312241],[-1.126736,47.312161],[-1.129178,47.312699],[-1.132212,47.317432],[-1.131521,47.318044],[-1.129824,47.318604],[-1.12893,47.3194],[-1.128661,47.320146],[-1.12908,47.321351],[-1.126719,47.323284],[-1.125776,47.323654],[-1.125469,47.32426],[-1.127249,47.325107],[-1.126707,47.325625],[-1.127317,47.325904],[-1.127894,47.326696],[-1.129533,47.33052],[-1.129383,47.333315],[-1.128335,47.334517],[-1.128315,47.335238],[-1.12786,47.335662],[-1.132879,47.339706],[-1.132726,47.340726],[-1.131582,47.341954],[-1.131228,47.34328],[-1.131292,47.343598],[-1.132153,47.343702],[-1.132881,47.344476],[-1.133144,47.345152],[-1.13266,47.345356],[-1.133314,47.346275],[-1.133692,47.347577],[-1.134826,47.348147],[-1.138141,47.348407],[-1.138363,47.349002],[-1.139693,47.349788],[-1.140562,47.351801],[-1.14145,47.352568],[-1.135891,47.353727],[-1.133077,47.354974],[-1.130978,47.355527],[-1.128336,47.356108],[-1.127145,47.355991],[-1.1227,47.357305],[-1.123155,47.359465],[-1.12255,47.35979],[-1.118448,47.360359],[-1.118251,47.361754],[-1.117083,47.362032],[-1.11638,47.362726],[-1.115505,47.362944],[-1.113995,47.363968],[-1.112485,47.364326],[-1.111621,47.366156],[-1.107632,47.365832],[-1.09802,47.36731],[-1.09343,47.36889],[-1.084672,47.370167],[-1.071795,47.370647],[-1.063654,47.370378],[-1.057568,47.369451],[-1.050696,47.3669],[-1.045824,47.365488],[-1.041591,47.364888],[-1.032591,47.365042],[-1.02887,47.365583],[-1.020656,47.365424],[-1.016536,47.365004],[-1.014087,47.365299],[-1.010495,47.366346],[-1.007615,47.368313],[-1.005927,47.36904],[-1.004196,47.369164],[-1.0021,47.368665],[-0.999042,47.369713],[-0.997261,47.369493],[-0.995715,47.369725],[-0.993676,47.370827],[-0.993878,47.370955],[-0.993441,47.372077],[-0.992259,47.372856],[-0.991199,47.372842],[-0.990144,47.371966],[-0.987948,47.371005],[-0.985302,47.371342],[-0.97966,47.37071],[-0.974856,47.371343],[-0.972793,47.372179],[-0.970161,47.373993],[-0.968116,47.376506],[-0.962214,47.378046],[-0.958169,47.380218],[-0.95255,47.382608],[-0.948236,47.38551],[-0.946661,47.386978],[-0.944439,47.386946],[-0.943372,47.387253],[-0.940733,47.38911],[-0.939117,47.388139],[-0.943831,47.383644],[-0.942565,47.382543],[-0.937914,47.384866],[-0.936696,47.385826],[-0.92893,47.394469],[-0.925681,47.39739],[-0.92322,47.399141],[-0.916191,47.401975],[-0.90746,47.395535],[-0.906749,47.393501],[-0.905529,47.391403],[-0.904646,47.388371],[-0.904766,47.38505],[-0.903966,47.381408],[-0.904245,47.378207],[-0.903937,47.377661],[-0.905367,47.37724],[-0.905644,47.375885],[-0.906157,47.37581],[-0.905964,47.373937],[-0.906057,47.373518],[-0.906632,47.373348],[-0.906909,47.371236],[-0.907231,47.371095],[-0.906987,47.370447],[-0.907453,47.369161],[-0.907236,47.368241],[-0.906897,47.367356],[-0.905257,47.366022],[-0.905305,47.364824],[-0.903889,47.364156],[-0.903124,47.362733],[-0.903201,47.361671],[-0.902637,47.360644],[-0.901456,47.359476],[-0.900078,47.358999],[-0.899529,47.358119],[-0.897317,47.357183],[-0.896314,47.355578],[-0.89687,47.354106],[-0.896509,47.352908],[-0.896804,47.352414],[-0.898485,47.3524],[-0.900687,47.351546],[-0.903337,47.35126],[-0.904746,47.350761],[-0.906889,47.349312],[-0.907569,47.349424],[-0.910023,47.34763],[-0.913217,47.343677],[-0.914039,47.341098],[-0.915385,47.33913],[-0.915873,47.336281],[-0.915064,47.334953],[-0.915789,47.334027],[-0.91493,47.331621],[-0.9175,47.330998],[-0.917152,47.329361],[-0.917674,47.328305],[-0.917697,47.327219],[-0.918291,47.326292],[-0.918839,47.321849],[-0.919499,47.320289]]],"type":"Polygon"},"properties":{"id_edu_college":"9","sc_college_nom":"Collège Anjou Bretagne","sc_college_adr":"route de Beaupreau","sc_college_com":"MAUGES-SUR-LOIRE","sc_college_com_del":"ST-FLORENT-LE-VIEIL","sc_college_tel":"02 41 72 57 70","sc_college_web":"www.anjou-bretagne.e-lyco.fr","shape_area":169750608.98046875,"shape_length":93565.20994533472,"geo_point_2d":{"lon":-0.9892512958918735,"lat":47.32591351576069}}},{"type":"Feature","geometry":{"coordinates":[[[-0.547824,47.488057],[-0.557186,47.474333],[-0.558346,47.4732],[-0.566555,47.469068],[-0.568091,47.469998],[-0.572059,47.470942],[-0.576903,47.472839],[-0.577419,47.474731],[-0.57823,47.47527],[-0.58187,47.476014],[-0.58208,47.476378],[-0.579853,47.478329],[-0.579889,47.478648],[-0.582604,47.479492],[-0.580592,47.482922],[-0.582718,47.48439],[-0.582441,47.485438],[-0.579868,47.489243],[-0.579832,47.489843],[-0.578893,47.490789],[-0.577629,47.491293],[-0.57717,47.492058],[-0.577648,47.492657],[-0.574216,47.500486],[-0.574471,47.500554],[-0.574466,47.501115],[-0.57412,47.500985],[-0.574524,47.503217],[-0.573844,47.503766],[-0.571107,47.504032],[-0.567597,47.506456],[-0.566245,47.50618],[-0.56412,47.506408],[-0.563208,47.505486],[-0.560029,47.503584],[-0.558727,47.502063],[-0.556807,47.501783],[-0.555343,47.502337],[-0.553791,47.500823],[-0.547313,47.498208],[-0.546282,47.496815],[-0.544799,47.495774],[-0.54232,47.49307],[-0.543704,47.491466],[-0.547824,47.488057]]],"type":"Polygon"},"properties":{"id_edu_college":"43","sc_college_nom":"Collège Auguste et Jean Renoir","sc_college_adr":"15, impasse Ampère","sc_college_com":"ANGERS","sc_college_com_del":null,"sc_college_tel":"02 41 72 10 50","sc_college_web":"http://citescolaire-renoir.e-lyco.fr","shape_area":7700789.4765625,"shape_length":11693.044086609038,"geo_point_2d":{"lon":-0.5644527015190938,"lat":47.48793168020346}}},{"type":"Feature","geometry":{"coordinates":[[[-0.844517,47.393611],[-0.83954,47.391507],[-0.834272,47.388735],[-0.837241,47.385707],[-0.837708,47.385565],[-0.838838,47.383988],[-0.833797,47.382662],[-0.831681,47.381117],[-0.82915,47.378484],[-0.827429,47.377374],[-0.816175,47.37436],[-0.814224,47.37331],[-0.811589,47.37111],[-0.812979,47.369444],[-0.811696,47.368133],[-0.811816,47.367319],[-0.811132,47.366719],[-0.811133,47.365743],[-0.809077,47.36483],[-0.809204,47.36462],[-0.810178,47.364009],[-0.812289,47.364272],[-0.816276,47.362355],[-0.818194,47.362325],[-0.819603,47.360981],[-0.820999,47.360762],[-0.821165,47.360497],[-0.821696,47.360711],[-0.825,47.360172],[-0.82518,47.361077],[-0.82332,47.361448],[-0.823679,47.362531],[-0.829824,47.362413],[-0.829772,47.364163],[-0.831048,47.364658],[-0.831159,47.364918],[-0.830694,47.364955],[-0.830701,47.365273],[-0.831858,47.365721],[-0.831807,47.366351],[-0.832942,47.366939],[-0.833363,47.36665],[-0.833911,47.366752],[-0.833095,47.368357],[-0.833816,47.368546],[-0.834101,47.368193],[-0.835041,47.368464],[-0.834479,47.371417],[-0.839742,47.37203],[-0.844865,47.371628],[-0.848987,47.371924],[-0.852251,47.371723],[-0.86503,47.372681],[-0.866484,47.372361],[-0.870138,47.372551],[-0.87523,47.372316],[-0.877865,47.371576],[-0.881568,47.372096],[-0.883822,47.3718],[-0.887892,47.370438],[-0.88995,47.370975],[-0.895322,47.370478],[-0.899758,47.371203],[-0.90199,47.371314],[-0.903356,47.370919],[-0.905847,47.370789],[-0.906938,47.371192],[-0.906632,47.373348],[-0.906057,47.373518],[-0.905964,47.373937],[-0.906157,47.37581],[-0.905644,47.375885],[-0.905367,47.37724],[-0.903937,47.377661],[-0.904245,47.378207],[-0.903966,47.381408],[-0.904695,47.384148],[-0.904633,47.388212],[-0.904999,47.38993],[-0.90746,47.395535],[-0.916191,47.401975],[-0.92322,47.399141],[-0.925681,47.39739],[-0.92893,47.394469],[-0.936696,47.385826],[-0.937914,47.384866],[-0.942565,47.382543],[-0.943831,47.383644],[-0.939117,47.388139],[-0.940733,47.38911],[-0.942706,47.387583],[-0.944135,47.386983],[-0.948906,47.386855],[-0.950851,47.389602],[-0.951141,47.393115],[-0.951128,47.393666],[-0.94814,47.394926],[-0.948068,47.395461],[-0.94833,47.397102],[-0.949218,47.398978],[-0.948609,47.398985],[-0.948658,47.399469],[-0.949361,47.399495],[-0.95091,47.403902],[-0.949541,47.404278],[-0.950094,47.406369],[-0.950476,47.406895],[-0.95198,47.407627],[-0.953247,47.409337],[-0.956555,47.410716],[-0.95707,47.413725],[-0.958868,47.415705],[-0.958908,47.416714],[-0.961284,47.41833],[-0.961056,47.419141],[-0.961152,47.422978],[-0.957542,47.423154],[-0.956007,47.423808],[-0.95522,47.422985],[-0.954381,47.42319],[-0.953572,47.424142],[-0.948312,47.422671],[-0.9485,47.424463],[-0.94819,47.425713],[-0.946967,47.427197],[-0.946742,47.428068],[-0.947179,47.429478],[-0.948866,47.430681],[-0.950291,47.432434],[-0.952464,47.433842],[-0.953059,47.435697],[-0.952824,47.438405],[-0.953497,47.439757],[-0.954121,47.442666],[-0.953867,47.442641],[-0.952784,47.449082],[-0.952675,47.451947],[-0.954533,47.453528],[-0.955853,47.455891],[-0.959458,47.458401],[-0.961156,47.461896],[-0.965037,47.465233],[-0.966134,47.466771],[-0.966481,47.468295],[-0.967801,47.467994],[-0.968258,47.470158],[-0.967356,47.472367],[-0.967369,47.474445],[-0.966047,47.475951],[-0.962072,47.479359],[-0.958916,47.48121],[-0.958311,47.480518],[-0.958312,47.480885],[-0.954801,47.480381],[-0.952048,47.481125],[-0.949201,47.479807],[-0.948561,47.479689],[-0.948258,47.480026],[-0.94745,47.480129],[-0.94762,47.478971],[-0.948098,47.478958],[-0.947053,47.476944],[-0.943224,47.476207],[-0.942302,47.475367],[-0.943756,47.472283],[-0.946053,47.471734],[-0.94963,47.469242],[-0.949992,47.467655],[-0.950625,47.466635],[-0.950397,47.466441],[-0.948546,47.466276],[-0.948056,47.466636],[-0.947051,47.466296],[-0.943247,47.46619],[-0.942558,47.465353],[-0.941433,47.464797],[-0.939297,47.46531],[-0.93722,47.463453],[-0.936456,47.463164],[-0.935532,47.463424],[-0.935016,47.463955],[-0.931941,47.463527],[-0.931809,47.463178],[-0.931189,47.463656],[-0.930271,47.463318],[-0.930086,47.463613],[-0.92783,47.463953],[-0.92681,47.463687],[-0.926217,47.463864],[-0.925727,47.463766],[-0.9257,47.46338],[-0.924444,47.463224],[-0.922515,47.461528],[-0.921356,47.46187],[-0.920343,47.461739],[-0.919908,47.462135],[-0.917982,47.462682],[-0.91807,47.462298],[-0.91719,47.46263],[-0.915439,47.462033],[-0.91558,47.461758],[-0.914921,47.461589],[-0.914713,47.461038],[-0.913862,47.461457],[-0.913304,47.461016],[-0.912568,47.461241],[-0.911939,47.460671],[-0.911579,47.460968],[-0.910719,47.460776],[-0.910467,47.460317],[-0.909955,47.46065],[-0.909314,47.4605],[-0.909122,47.460386],[-0.90981,47.459506],[-0.911968,47.4584],[-0.912477,47.456883],[-0.911734,47.45638],[-0.911423,47.455462],[-0.907906,47.454855],[-0.909652,47.453779],[-0.909758,47.453012],[-0.90961,47.451767],[-0.908249,47.449694],[-0.906784,47.450054],[-0.905707,47.450731],[-0.905132,47.45306],[-0.903382,47.454903],[-0.903446,47.455537],[-0.904437,47.456918],[-0.903568,47.459329],[-0.903615,47.460148],[-0.902571,47.460073],[-0.901209,47.460617],[-0.900849,47.46038],[-0.900224,47.460847],[-0.897521,47.461326],[-0.897066,47.461264],[-0.897322,47.460954],[-0.896159,47.459847],[-0.893307,47.460943],[-0.891427,47.46123],[-0.890771,47.460701],[-0.890262,47.459297],[-0.887183,47.459042],[-0.886952,47.458423],[-0.887804,47.457675],[-0.886959,47.456833],[-0.880762,47.457088],[-0.880409,47.45675],[-0.880633,47.4562],[-0.880147,47.455929],[-0.880306,47.455642],[-0.879379,47.454271],[-0.876456,47.45425],[-0.874832,47.453916],[-0.873166,47.452885],[-0.872221,47.452856],[-0.871506,47.453222],[-0.871073,47.453718],[-0.871481,47.454177],[-0.870846,47.454366],[-0.86988,47.454125],[-0.869739,47.453643],[-0.869054,47.453621],[-0.869407,47.45326],[-0.864981,47.450832],[-0.862333,47.45144],[-0.860169,47.450304],[-0.859802,47.450603],[-0.858271,47.450724],[-0.857773,47.449675],[-0.856293,47.449604],[-0.85055,47.451219],[-0.847495,47.451666],[-0.847191,47.45126],[-0.841629,47.449959],[-0.839962,47.449259],[-0.833034,47.448526],[-0.832707,47.448944],[-0.828175,47.447637],[-0.827989,47.448065],[-0.826419,47.447884],[-0.825805,47.444536],[-0.824549,47.444967],[-0.823563,47.443923],[-0.824714,47.443021],[-0.823623,47.442337],[-0.824252,47.441877],[-0.825005,47.440515],[-0.826729,47.439646],[-0.825978,47.438884],[-0.8258,47.437872],[-0.825386,47.438064],[-0.823948,47.436754],[-0.824375,47.436513],[-0.821469,47.435199],[-0.825001,47.433006],[-0.824299,47.43211],[-0.824196,47.431273],[-0.82465,47.42887],[-0.82597,47.428329],[-0.827994,47.425935],[-0.830754,47.423783],[-0.832196,47.423226],[-0.832445,47.42283],[-0.83227,47.421499],[-0.833335,47.420786],[-0.836572,47.420066],[-0.836331,47.419929],[-0.83697,47.419403],[-0.83832,47.417217],[-0.838479,47.416112],[-0.839164,47.414692],[-0.838158,47.411831],[-0.838182,47.411321],[-0.838464,47.411314],[-0.837671,47.40931],[-0.842666,47.396804],[-0.844517,47.393611]]],"type":"Polygon"},"properties":{"id_edu_college":"10","sc_college_nom":"Collège Maryse Bastié","sc_college_adr":"route de la Riottière","sc_college_com":"INGRANDES - LE FRESNE SUR LOIRE","sc_college_com_del":"INGRANDES-SUR-LOIRE","sc_college_tel":"02 41 39 21 02","sc_college_web":"http://maryse-bastie.anjou.e-lyco.fr","shape_area":82495752.15478516,"shape_length":62113.613951751235,"geo_point_2d":{"lon":-0.8922073890445312,"lat":47.41947811316284}}},{"type":"Feature","geometry":{"coordinates":[[[0.193053,47.538123],[0.202084,47.534915],[0.20563,47.534632],[0.206509,47.533642],[0.206552,47.532491],[0.202591,47.527959],[0.205873,47.526572],[0.20661,47.526405],[0.208327,47.526738],[0.210142,47.526405],[0.211817,47.525637],[0.214064,47.523875],[0.215099,47.523513],[0.21697,47.526832],[0.217453,47.529381],[0.222811,47.528231],[0.226065,47.526581],[0.22481,47.524714],[0.223648,47.521864],[0.221992,47.52151],[0.219967,47.519727],[0.222078,47.517789],[0.221012,47.512942],[0.219174,47.509213],[0.220006,47.501895],[0.216973,47.499691],[0.214433,47.498475],[0.209548,47.494479],[0.209328,47.493297],[0.208621,47.492699],[0.20771,47.490514],[0.206428,47.489464],[0.203376,47.485686],[0.201757,47.485746],[0.199617,47.483451],[0.200733,47.482693],[0.198384,47.481488],[0.198416,47.481059],[0.19891,47.481146],[0.199373,47.479917],[0.199432,47.478253],[0.198902,47.477782],[0.198774,47.476545],[0.198088,47.475775],[0.195922,47.475054],[0.194942,47.475133],[0.193534,47.470866],[0.193974,47.470699],[0.190374,47.461202],[0.187645,47.458374],[0.18112,47.453324],[0.181875,47.450565],[0.181873,47.448294],[0.182622,47.443737],[0.182576,47.44062],[0.183182,47.433593],[0.18403,47.430693],[0.184965,47.428746],[0.185356,47.425043],[0.18503,47.423585],[0.18121,47.417775],[0.180875,47.416311],[0.179183,47.41719],[0.178089,47.41529],[0.17734,47.415553],[0.176482,47.41444],[0.1746,47.415034],[0.170503,47.409147],[0.166163,47.403913],[0.162457,47.404778],[0.162146,47.404475],[0.160645,47.404406],[0.159498,47.403496],[0.159168,47.403664],[0.156427,47.401363],[0.156716,47.401165],[0.153735,47.399315],[0.153457,47.398763],[0.152299,47.398473],[0.148699,47.400114],[0.14218,47.407145],[0.138519,47.412663],[0.133118,47.418087],[0.132476,47.419155],[0.128113,47.418469],[0.124069,47.418862],[0.123154,47.418601],[0.113778,47.421264],[0.105892,47.421687],[0.105699,47.422185],[0.101656,47.423941],[0.095423,47.425997],[0.095545,47.426436],[0.086332,47.430397],[0.08332,47.432469],[0.084696,47.43309],[0.084418,47.433401],[0.085528,47.433749],[0.087867,47.435344],[0.089824,47.437688],[0.085898,47.436272],[0.083285,47.435858],[0.083343,47.435467],[0.078048,47.436103],[0.078041,47.43665],[0.077242,47.436556],[0.07343,47.434813],[0.070708,47.434395],[0.069149,47.433541],[0.067628,47.431234],[0.065629,47.435281],[0.057704,47.434363],[0.058314,47.436285],[0.052874,47.440286],[0.043213,47.443754],[0.040608,47.444313],[0.035879,47.444708],[0.035298,47.44544],[0.036767,47.446105],[0.037139,47.446823],[0.037069,47.448445],[0.036424,47.450441],[0.035605,47.450635],[0.036156,47.451598],[0.03893,47.453202],[0.040229,47.452969],[0.042406,47.453733],[0.044249,47.453865],[0.045241,47.454254],[0.045264,47.454783],[0.048889,47.455474],[0.049285,47.456298],[0.051592,47.456772],[0.055581,47.458372],[0.056001,47.458867],[0.056515,47.458942],[0.056828,47.459734],[0.057925,47.460886],[0.057972,47.462692],[0.059453,47.462534],[0.05947,47.462959],[0.06103,47.465164],[0.059232,47.467203],[0.059638,47.467687],[0.060938,47.466985],[0.061458,47.470571],[0.062035,47.471289],[0.061989,47.472368],[0.06716,47.477148],[0.068342,47.479017],[0.066732,47.479389],[0.070066,47.482154],[0.063555,47.485165],[0.062776,47.485765],[0.063147,47.486133],[0.057904,47.488297],[0.057265,47.488158],[0.047947,47.489762],[0.044041,47.490057],[0.043043,47.490505],[0.038737,47.489152],[0.037746,47.486639],[0.037593,47.485414],[0.036752,47.486636],[0.037289,47.488127],[0.034545,47.490654],[0.033887,47.491985],[0.030035,47.491334],[0.026816,47.488538],[0.026784,47.486394],[0.025513,47.482961],[0.020139,47.484502],[0.019517,47.483153],[0.018137,47.477495],[0.017313,47.475568],[0.015066,47.478455],[0.013881,47.478613],[0.01053,47.475104],[0.008356,47.473967],[0.006381,47.471818],[0.002901,47.474952],[0.00186,47.47407],[-0.001765,47.47576],[-0.004133,47.476042],[-0.007721,47.477753],[-0.01227,47.478928],[-0.014373,47.48011],[-0.018647,47.481453],[-0.013536,47.486493],[-0.015185,47.487694],[-0.02002,47.489713],[-0.025196,47.492346],[-0.027944,47.494394],[-0.023886,47.496359],[-0.02251,47.498008],[-0.021487,47.500392],[-0.016132,47.502413],[-0.013073,47.504113],[-0.010034,47.506288],[-0.007081,47.50895],[-0.005926,47.510967],[-0.005752,47.512408],[-0.005204,47.513476],[-0.003716,47.514862],[-0.000649,47.516752],[-0.004341,47.517318],[-0.005826,47.51652],[-0.008583,47.516912],[-0.009786,47.517694],[-0.010397,47.519415],[-0.013227,47.522017],[-0.014649,47.522917],[-0.018632,47.523593],[-0.019185,47.524989],[-0.020417,47.525867],[-0.019172,47.526161],[-0.019082,47.526629],[-0.017534,47.527785],[-0.016733,47.528896],[-0.016335,47.532497],[-0.015992,47.533053],[-0.017025,47.534695],[-0.016653,47.536434],[-0.016832,47.537586],[-0.021183,47.538147],[-0.024027,47.539328],[-0.024259,47.540079],[-0.029198,47.541273],[-0.028079,47.543006],[-0.027745,47.544561],[-0.027038,47.54581],[-0.024714,47.548189],[-0.023223,47.548797],[-0.020596,47.552497],[-0.020104,47.552809],[-0.019509,47.552692],[-0.018174,47.554642],[-0.015707,47.55686],[-0.015188,47.556803],[-0.014728,47.558393],[-0.014987,47.558502],[-0.014982,47.560941],[-0.014547,47.561667],[-0.016018,47.562286],[-0.01672,47.561713],[-0.017517,47.561909],[-0.020148,47.563154],[-0.021227,47.561939],[-0.023721,47.563119],[-0.025511,47.564692],[-0.025858,47.567151],[-0.024154,47.571051],[-0.02201,47.573674],[-0.022129,47.578378],[-0.019395,47.580005],[-0.017905,47.581329],[-0.01638,47.58176],[-0.014816,47.583037],[-0.013222,47.584782],[-0.013133,47.58575],[-0.011395,47.587352],[-0.00661,47.587685],[-0.00626,47.586969],[-0.004101,47.586367],[0.001277,47.58376],[0.001963,47.587991],[0.003322,47.588104],[0.004371,47.59071],[0.001852,47.594624],[0.003059,47.595245],[0.002934,47.596455],[0.004188,47.59819],[0.001364,47.598898],[0.002353,47.600582],[0.003012,47.600731],[0.004729,47.602565],[0.005501,47.60618],[0.006619,47.606472],[0.006043,47.607451],[0.007603,47.608817],[0.005796,47.609945],[0.004836,47.611094],[0.007838,47.612528],[0.009857,47.612838],[0.01155,47.613586],[0.013882,47.615287],[0.014006,47.616047],[0.012627,47.616671],[0.012117,47.61918],[0.010474,47.621757],[0.009245,47.622452],[0.009222,47.622991],[0.00992,47.62377],[0.013725,47.622002],[0.016783,47.622063],[0.018208,47.621417],[0.018295,47.620969],[0.021537,47.621393],[0.021999,47.619962],[0.02033,47.620064],[0.020367,47.61921],[0.022173,47.619329],[0.026408,47.620903],[0.026629,47.620316],[0.035829,47.618662],[0.036539,47.617641],[0.037731,47.617755],[0.040165,47.613799],[0.039651,47.613384],[0.039874,47.612848],[0.041025,47.612377],[0.043418,47.610345],[0.046528,47.609353],[0.053026,47.605806],[0.056426,47.605436],[0.059256,47.604591],[0.064598,47.604299],[0.068996,47.607076],[0.070011,47.608221],[0.074715,47.607143],[0.079377,47.607009],[0.087424,47.6055],[0.095765,47.603322],[0.096285,47.603585],[0.096405,47.604153],[0.09596,47.604415],[0.096674,47.604829],[0.098404,47.604374],[0.100282,47.605074],[0.10346,47.605405],[0.105861,47.605271],[0.10784,47.605668],[0.110306,47.605581],[0.110624,47.605902],[0.115688,47.605729],[0.118658,47.601512],[0.118066,47.601044],[0.11919,47.600429],[0.119064,47.600102],[0.119883,47.59924],[0.121092,47.598949],[0.120134,47.597986],[0.120219,47.597582],[0.118662,47.596962],[0.119994,47.595383],[0.120536,47.595172],[0.121469,47.595527],[0.122258,47.594824],[0.123423,47.594396],[0.124054,47.594911],[0.126218,47.595672],[0.128077,47.595752],[0.129336,47.59744],[0.1323,47.596552],[0.131542,47.595593],[0.131682,47.595416],[0.133726,47.59424],[0.134527,47.594165],[0.13555,47.593554],[0.136212,47.593602],[0.138015,47.590894],[0.139952,47.590949],[0.139702,47.586576],[0.140017,47.586261],[0.139658,47.584274],[0.14253,47.583969],[0.144506,47.584411],[0.145334,47.583244],[0.144738,47.58299],[0.145175,47.582065],[0.145913,47.581525],[0.146693,47.581725],[0.148358,47.581282],[0.148347,47.581523],[0.151361,47.581726],[0.151306,47.582554],[0.153126,47.58591],[0.153495,47.585865],[0.153428,47.587347],[0.153939,47.587971],[0.157938,47.58921],[0.158654,47.590589],[0.159305,47.590835],[0.162062,47.594173],[0.164954,47.593976],[0.16921,47.593072],[0.172985,47.59304],[0.175686,47.594428],[0.176514,47.594518],[0.179289,47.59577],[0.182668,47.596566],[0.184686,47.59917],[0.184906,47.600149],[0.184876,47.602914],[0.183931,47.608144],[0.184275,47.609971],[0.185997,47.613898],[0.185729,47.616554],[0.189481,47.616789],[0.192495,47.617507],[0.193041,47.616407],[0.194442,47.615283],[0.199441,47.615542],[0.199495,47.614865],[0.200394,47.614788],[0.200779,47.614808],[0.200884,47.615528],[0.201904,47.615577],[0.201281,47.614531],[0.201829,47.614072],[0.20208,47.611154],[0.201627,47.609639],[0.202164,47.60838],[0.201554,47.608026],[0.201857,47.607608],[0.202491,47.607682],[0.204629,47.6067],[0.205756,47.605821],[0.206029,47.605244],[0.205764,47.605106],[0.205965,47.604517],[0.205524,47.604144],[0.205769,47.60364],[0.206924,47.603702],[0.209766,47.604929],[0.211357,47.607535],[0.210529,47.611484],[0.209675,47.611764],[0.214429,47.612863],[0.219674,47.613018],[0.224372,47.612477],[0.225007,47.611559],[0.22988,47.60846],[0.232432,47.605787],[0.232743,47.600848],[0.232176,47.598809],[0.232386,47.597109],[0.231943,47.596286],[0.231997,47.594937],[0.233738,47.592944],[0.233372,47.592127],[0.233926,47.589888],[0.231454,47.58512],[0.229619,47.584651],[0.233908,47.580545],[0.234555,47.578092],[0.231524,47.578328],[0.230008,47.576321],[0.227513,47.575511],[0.227112,47.574644],[0.22541,47.574109],[0.218334,47.573781],[0.21516,47.573184],[0.215909,47.571812],[0.214915,47.571322],[0.215103,47.569976],[0.214347,47.568927],[0.212121,47.567668],[0.211101,47.565951],[0.209399,47.565076],[0.207999,47.563848],[0.208057,47.562847],[0.208554,47.562523],[0.206354,47.560998],[0.20683,47.559991],[0.209078,47.557718],[0.204748,47.55187],[0.203445,47.547224],[0.199526,47.545278],[0.199424,47.543671],[0.199772,47.54228],[0.199375,47.540976],[0.198453,47.540967],[0.197678,47.540413],[0.193346,47.539118],[0.193053,47.538123]]],"type":"Polygon"},"properties":{"id_edu_college":"31","sc_college_nom":"Collège Porte d'Anjou","sc_college_adr":"21, route de Genneteil","sc_college_com":"NOYANT-VILLAGES","sc_college_com_del":"NOYANT","sc_college_tel":"02 41 89 51 64","sc_college_web":"http://porte-anjou.anjou.e-lyco.fr","shape_area":305823417.3991699,"shape_length":113691.332036827,"geo_point_2d":{"lon":0.10504780702858227,"lat":47.523114108025744}}},{"type":"Feature","geometry":{"coordinates":[[[-0.413235,47.18011],[-0.411015,47.179865],[-0.411007,47.18028],[-0.408398,47.179388],[-0.408282,47.179647],[-0.407773,47.179534],[-0.402195,47.177222],[-0.401479,47.177419],[-0.400516,47.176952],[-0.399488,47.177426],[-0.398605,47.176722],[-0.397697,47.17509],[-0.397269,47.174935],[-0.396209,47.17506],[-0.394587,47.176119],[-0.390827,47.176182],[-0.38967,47.175879],[-0.390425,47.174598],[-0.394179,47.171043],[-0.399176,47.168755],[-0.404656,47.16466],[-0.405383,47.164763],[-0.406628,47.163987],[-0.406273,47.163637],[-0.410125,47.158827],[-0.404906,47.160023],[-0.40023,47.155858],[-0.400209,47.157593],[-0.399643,47.1588],[-0.399628,47.159767],[-0.396127,47.159938],[-0.394766,47.159666],[-0.392061,47.15838],[-0.388383,47.157432],[-0.386661,47.157293],[-0.384412,47.156495],[-0.381255,47.154727],[-0.377651,47.153213],[-0.375187,47.151642],[-0.373949,47.152541],[-0.371896,47.153177],[-0.370852,47.152572],[-0.369563,47.153469],[-0.366432,47.151314],[-0.36114,47.151223],[-0.35578,47.149185],[-0.354149,47.150779],[-0.353323,47.152762],[-0.351485,47.152225],[-0.352047,47.151282],[-0.351791,47.150161],[-0.350726,47.149434],[-0.350341,47.148346],[-0.350786,47.146715],[-0.348841,47.146936],[-0.347566,47.146139],[-0.348226,47.145623],[-0.347823,47.145302],[-0.348616,47.144665],[-0.349273,47.145089],[-0.3497,47.144933],[-0.353369,47.141311],[-0.350256,47.137297],[-0.348137,47.136163],[-0.342742,47.134635],[-0.338095,47.134994],[-0.333255,47.133742],[-0.334297,47.132289],[-0.333202,47.131624],[-0.332489,47.131577],[-0.33382,47.130432],[-0.335003,47.130917],[-0.337955,47.130561],[-0.341232,47.128987],[-0.340678,47.128352],[-0.340907,47.127883],[-0.339153,47.12661],[-0.339118,47.125369],[-0.338209,47.125162],[-0.33722,47.12614],[-0.33536,47.125446],[-0.334314,47.125902],[-0.332498,47.125027],[-0.330249,47.126144],[-0.3293,47.12564],[-0.330002,47.123199],[-0.327816,47.122427],[-0.325581,47.123121],[-0.321459,47.121283],[-0.323874,47.116436],[-0.322166,47.113341],[-0.322738,47.108762],[-0.322018,47.108344],[-0.318197,47.107497],[-0.317185,47.108012],[-0.314916,47.106305],[-0.3159,47.105763],[-0.315605,47.105394],[-0.314571,47.104721],[-0.311854,47.104175],[-0.312632,47.094987],[-0.312555,47.092257],[-0.314144,47.091639],[-0.316819,47.091673],[-0.320436,47.091209],[-0.335462,47.088016],[-0.337941,47.087969],[-0.341764,47.087377],[-0.342071,47.089257],[-0.341728,47.09023],[-0.341058,47.090578],[-0.340917,47.092061],[-0.345409,47.091648],[-0.346198,47.091871],[-0.349764,47.091708],[-0.350164,47.09192],[-0.350595,47.093069],[-0.353789,47.095386],[-0.356586,47.094824],[-0.358283,47.093668],[-0.359044,47.093679],[-0.359845,47.093259],[-0.360883,47.093512],[-0.36328,47.09244],[-0.36371,47.092698],[-0.365347,47.092584],[-0.366364,47.092389],[-0.367044,47.09165],[-0.368792,47.091703],[-0.370208,47.090979],[-0.370858,47.090185],[-0.376022,47.089114],[-0.376532,47.088641],[-0.379013,47.089058],[-0.380109,47.09001],[-0.380763,47.089722],[-0.381368,47.08822],[-0.38227,47.08844],[-0.383695,47.087519],[-0.384549,47.087401],[-0.386349,47.087343],[-0.387129,47.089575],[-0.387114,47.092276],[-0.396159,47.091638],[-0.396656,47.088392],[-0.396735,47.08308],[-0.397487,47.08079],[-0.398723,47.078888],[-0.400268,47.074938],[-0.401197,47.070748],[-0.402737,47.069057],[-0.407124,47.066498],[-0.409291,47.066201],[-0.410643,47.067264],[-0.417558,47.070664],[-0.418326,47.071955],[-0.418782,47.0717],[-0.419131,47.072093],[-0.419867,47.071592],[-0.419581,47.071221],[-0.423197,47.069714],[-0.424254,47.071464],[-0.425664,47.07098],[-0.426051,47.071741],[-0.4257,47.072169],[-0.425819,47.072494],[-0.426981,47.072988],[-0.42855,47.072715],[-0.434829,47.070538],[-0.435912,47.070818],[-0.437186,47.069987],[-0.438973,47.069898],[-0.439206,47.068855],[-0.440427,47.068599],[-0.441123,47.067722],[-0.446138,47.067565],[-0.450235,47.067825],[-0.453105,47.067311],[-0.45469,47.067357],[-0.457035,47.068111],[-0.458225,47.068988],[-0.460605,47.06816],[-0.461078,47.068813],[-0.465024,47.066888],[-0.471237,47.059795],[-0.472096,47.057572],[-0.472563,47.057695],[-0.476341,47.054362],[-0.48032,47.053338],[-0.480575,47.054591],[-0.482267,47.056752],[-0.483789,47.061171],[-0.485332,47.063885],[-0.485443,47.064779],[-0.484992,47.065973],[-0.480083,47.070582],[-0.478094,47.071911],[-0.472027,47.072332],[-0.469805,47.073652],[-0.468249,47.073194],[-0.467719,47.073563],[-0.464185,47.074359],[-0.463973,47.076088],[-0.460983,47.078141],[-0.458991,47.079943],[-0.459657,47.082135],[-0.460772,47.081737],[-0.461179,47.082183],[-0.464243,47.081932],[-0.465938,47.082372],[-0.467712,47.083685],[-0.468364,47.083816],[-0.470318,47.08326],[-0.471206,47.082482],[-0.473271,47.081777],[-0.473848,47.081879],[-0.475228,47.082932],[-0.476073,47.083041],[-0.477094,47.082304],[-0.478752,47.081727],[-0.479842,47.082053],[-0.483761,47.081331],[-0.484783,47.081687],[-0.487739,47.080881],[-0.489668,47.081784],[-0.490683,47.082485],[-0.490791,47.082896],[-0.493101,47.083353],[-0.496106,47.081798],[-0.498023,47.081627],[-0.499338,47.080958],[-0.500472,47.080999],[-0.504174,47.079332],[-0.507317,47.079241],[-0.509612,47.077977],[-0.511785,47.077466],[-0.514264,47.077513],[-0.51525,47.078035],[-0.519108,47.076035],[-0.525741,47.073919],[-0.530173,47.073549],[-0.535313,47.0722],[-0.538552,47.070292],[-0.544635,47.068135],[-0.546309,47.066274],[-0.550642,47.065018],[-0.557553,47.06409],[-0.559461,47.061813],[-0.5567,47.060691],[-0.554371,47.05726],[-0.556825,47.056237],[-0.558239,47.056069],[-0.557988,47.055261],[-0.558275,47.053228],[-0.556006,47.044378],[-0.556265,47.042695],[-0.553767,47.041893],[-0.551036,47.041561],[-0.548737,47.04057],[-0.546836,47.038721],[-0.544559,47.03753],[-0.542042,47.034972],[-0.542108,47.034356],[-0.542997,47.033622],[-0.542222,47.033037],[-0.542336,47.032532],[-0.54533,47.030668],[-0.54581,47.029103],[-0.547006,47.028835],[-0.547134,47.029381],[-0.547693,47.029639],[-0.550863,47.029069],[-0.552365,47.029189],[-0.555679,47.030902],[-0.55876,47.030552],[-0.561308,47.030647],[-0.561697,47.030171],[-0.562422,47.030453],[-0.562563,47.029396],[-0.563143,47.029181],[-0.562792,47.028962],[-0.562791,47.028289],[-0.564087,47.026005],[-0.5637,47.025452],[-0.564024,47.024412],[-0.563775,47.02414],[-0.564574,47.023068],[-0.564869,47.020141],[-0.566584,47.019064],[-0.568872,47.018621],[-0.569053,47.018291],[-0.574987,47.017828],[-0.575063,47.017361],[-0.579401,47.015456],[-0.580122,47.014723],[-0.580904,47.014612],[-0.580939,47.014187],[-0.582254,47.012979],[-0.58294,47.012837],[-0.583869,47.01211],[-0.587014,47.009192],[-0.587446,47.007884],[-0.587415,47.007315],[-0.586937,47.006767],[-0.587195,47.006228],[-0.589374,47.006348],[-0.591093,47.0077],[-0.59474,47.00948],[-0.596219,47.008484],[-0.600916,47.009374],[-0.599532,47.008896],[-0.599244,47.007755],[-0.5977,47.007345],[-0.599497,47.005722],[-0.599945,47.005417],[-0.602158,47.005482],[-0.604324,47.004602],[-0.606534,47.004678],[-0.608856,47.002893],[-0.61025,47.003917],[-0.611429,47.005765],[-0.612674,47.006553],[-0.611492,47.007923],[-0.609932,47.008553],[-0.608098,47.010115],[-0.608127,47.011136],[-0.608535,47.011395],[-0.615641,47.012741],[-0.617052,47.014745],[-0.619783,47.016448],[-0.622198,47.014721],[-0.627315,47.016906],[-0.636578,47.01747],[-0.638284,47.018551],[-0.644644,47.019147],[-0.648431,47.021124],[-0.649009,47.021858],[-0.652033,47.023925],[-0.649157,47.026366],[-0.6483,47.027998],[-0.647936,47.031211],[-0.648947,47.032782],[-0.649336,47.032886],[-0.648928,47.035353],[-0.646934,47.036002],[-0.646433,47.035905],[-0.644358,47.037189],[-0.64309,47.037288],[-0.642328,47.037836],[-0.639746,47.037991],[-0.63836,47.037429],[-0.637275,47.037655],[-0.634357,47.036611],[-0.633275,47.037133],[-0.632964,47.036906],[-0.631967,47.037042],[-0.631837,47.037456],[-0.634383,47.037986],[-0.634808,47.038482],[-0.635919,47.038404],[-0.638297,47.041048],[-0.638274,47.041578],[-0.638877,47.042121],[-0.640097,47.042217],[-0.640271,47.042818],[-0.640765,47.043157],[-0.641807,47.043271],[-0.643757,47.042563],[-0.646934,47.044294],[-0.649348,47.043744],[-0.649961,47.04441],[-0.650874,47.044608],[-0.651077,47.045507],[-0.652503,47.046151],[-0.652656,47.046567],[-0.652332,47.047207],[-0.653846,47.048231],[-0.654002,47.048902],[-0.65559,47.049466],[-0.655708,47.049999],[-0.656396,47.050438],[-0.657715,47.050677],[-0.658369,47.051143],[-0.658428,47.051603],[-0.660059,47.052733],[-0.662122,47.053073],[-0.664887,47.053037],[-0.66751,47.05413],[-0.667712,47.0547],[-0.668832,47.055342],[-0.66748,47.056247],[-0.668555,47.056361],[-0.669492,47.058145],[-0.671015,47.058753],[-0.671071,47.059643],[-0.670274,47.059783],[-0.670305,47.061341],[-0.671098,47.062858],[-0.667864,47.065282],[-0.665827,47.06712],[-0.666043,47.067511],[-0.661263,47.071337],[-0.657393,47.071683],[-0.657089,47.071364],[-0.655853,47.071904],[-0.654881,47.072789],[-0.655541,47.073113],[-0.654833,47.074486],[-0.65292,47.075464],[-0.651984,47.075221],[-0.651561,47.07595],[-0.648951,47.076997],[-0.648445,47.078789],[-0.647562,47.079778],[-0.643347,47.082918],[-0.646129,47.084418],[-0.643172,47.089066],[-0.64237,47.089073],[-0.642257,47.089648],[-0.641338,47.090051],[-0.638183,47.089634],[-0.637622,47.090612],[-0.637809,47.091562],[-0.641813,47.092053],[-0.645789,47.09348],[-0.646575,47.094072],[-0.646957,47.095022],[-0.647649,47.095064],[-0.647565,47.095619],[-0.648378,47.09747],[-0.650125,47.09746],[-0.649229,47.099467],[-0.651948,47.1],[-0.651224,47.101455],[-0.653088,47.101799],[-0.655392,47.100941],[-0.656915,47.101223],[-0.656618,47.101965],[-0.657893,47.102373],[-0.658501,47.101356],[-0.660002,47.101126],[-0.662362,47.101923],[-0.665714,47.102213],[-0.665353,47.102744],[-0.665897,47.10273],[-0.665621,47.103771],[-0.667538,47.103896],[-0.667921,47.103545],[-0.668634,47.103776],[-0.669883,47.102271],[-0.671231,47.10215],[-0.67282,47.102233],[-0.67499,47.103154],[-0.679684,47.103813],[-0.679091,47.104686],[-0.679145,47.1057],[-0.678604,47.106087],[-0.675262,47.106471],[-0.675816,47.10794],[-0.67621,47.107911],[-0.676303,47.107318],[-0.677075,47.106982],[-0.6782,47.107043],[-0.678815,47.107512],[-0.679067,47.108147],[-0.678006,47.110185],[-0.677923,47.110927],[-0.679597,47.110353],[-0.680532,47.110944],[-0.681568,47.112307],[-0.680471,47.113357],[-0.680939,47.114711],[-0.681473,47.11469],[-0.681569,47.114958],[-0.67585,47.115941],[-0.673997,47.116833],[-0.672623,47.117902],[-0.672833,47.118594],[-0.673582,47.118446],[-0.674607,47.118795],[-0.674682,47.119355],[-0.6743,47.119667],[-0.67459,47.120744],[-0.675121,47.120315],[-0.675607,47.120755],[-0.677877,47.121501],[-0.678249,47.121977],[-0.677814,47.123619],[-0.682613,47.123098],[-0.684755,47.125494],[-0.684798,47.126087],[-0.684505,47.126526],[-0.68292,47.126585],[-0.681767,47.128092],[-0.685177,47.129096],[-0.688837,47.129736],[-0.687771,47.130453],[-0.685009,47.131849],[-0.6807,47.130547],[-0.679654,47.130824],[-0.678609,47.129982],[-0.676046,47.131292],[-0.67423,47.131132],[-0.671374,47.132367],[-0.670484,47.132987],[-0.670494,47.133809],[-0.670074,47.134202],[-0.666837,47.133182],[-0.664819,47.134615],[-0.662763,47.135173],[-0.659606,47.136733],[-0.661117,47.137602],[-0.660788,47.138781],[-0.662358,47.13973],[-0.661645,47.142495],[-0.660958,47.141474],[-0.659167,47.141034],[-0.658529,47.14103],[-0.658637,47.141812],[-0.657647,47.141996],[-0.657742,47.141094],[-0.65679,47.140824],[-0.655244,47.141967],[-0.655575,47.142154],[-0.655204,47.144456],[-0.650964,47.14514],[-0.650943,47.144014],[-0.650229,47.144351],[-0.648071,47.146159],[-0.648412,47.147565],[-0.648111,47.148068],[-0.645837,47.148712],[-0.644552,47.150036],[-0.642901,47.150853],[-0.641321,47.15116],[-0.637368,47.149049],[-0.636791,47.151277],[-0.634778,47.151401],[-0.627599,47.150578],[-0.621292,47.149341],[-0.614066,47.148949],[-0.611255,47.147944],[-0.608714,47.151739],[-0.608264,47.15159],[-0.607215,47.152414],[-0.607102,47.153079],[-0.606431,47.153063],[-0.606321,47.153981],[-0.60299,47.157147],[-0.601443,47.158274],[-0.60096,47.158251],[-0.598875,47.159885],[-0.598666,47.160504],[-0.596746,47.162506],[-0.596559,47.163645],[-0.593306,47.166566],[-0.591142,47.169356],[-0.59139,47.171355],[-0.590855,47.171663],[-0.590948,47.173115],[-0.589552,47.175159],[-0.588852,47.175415],[-0.588575,47.175915],[-0.586321,47.176705],[-0.584434,47.178155],[-0.583724,47.178307],[-0.583356,47.179013],[-0.581188,47.180057],[-0.578653,47.182371],[-0.578339,47.183214],[-0.576405,47.18457],[-0.57559,47.185924],[-0.574776,47.186539],[-0.574183,47.186532],[-0.572611,47.187908],[-0.572335,47.188659],[-0.571555,47.189365],[-0.569481,47.189929],[-0.56926,47.190431],[-0.565961,47.191731],[-0.565194,47.192525],[-0.564467,47.192306],[-0.562223,47.192931],[-0.561775,47.193611],[-0.561056,47.193619],[-0.559833,47.194222],[-0.558835,47.194163],[-0.558627,47.194416],[-0.558856,47.194778],[-0.558092,47.195266],[-0.557256,47.197598],[-0.556143,47.198959],[-0.555665,47.199108],[-0.555524,47.199551],[-0.556042,47.200146],[-0.555934,47.200523],[-0.553993,47.201712],[-0.553962,47.202132],[-0.55336,47.202199],[-0.550243,47.20432],[-0.550387,47.204799],[-0.549437,47.205197],[-0.548556,47.207172],[-0.547944,47.207617],[-0.547899,47.208238],[-0.547078,47.208665],[-0.545619,47.207615],[-0.544078,47.207204],[-0.542087,47.207575],[-0.533786,47.207824],[-0.521985,47.209232],[-0.518344,47.210022],[-0.513005,47.20925],[-0.506408,47.209056],[-0.503618,47.209604],[-0.500894,47.20962],[-0.499603,47.21057],[-0.497523,47.211184],[-0.495629,47.210584],[-0.495241,47.210905],[-0.494871,47.212495],[-0.495148,47.212949],[-0.494387,47.213811],[-0.492759,47.21449],[-0.491505,47.215562],[-0.48891,47.215695],[-0.48801,47.216296],[-0.48736,47.216119],[-0.487332,47.216527],[-0.486445,47.216421],[-0.48557,47.218844],[-0.485078,47.21882],[-0.484759,47.219168],[-0.484629,47.220039],[-0.484894,47.220311],[-0.484515,47.220524],[-0.484657,47.220792],[-0.482431,47.222429],[-0.481814,47.223423],[-0.477902,47.224332],[-0.478253,47.223244],[-0.477018,47.221653],[-0.47404,47.221484],[-0.473389,47.221866],[-0.472595,47.224657],[-0.471706,47.225643],[-0.468961,47.22722],[-0.466069,47.228045],[-0.465338,47.228008],[-0.464499,47.227308],[-0.462505,47.226716],[-0.461409,47.225638],[-0.460771,47.223926],[-0.460836,47.223332],[-0.46153,47.22294],[-0.462221,47.221826],[-0.463421,47.22116],[-0.463905,47.219066],[-0.463668,47.217521],[-0.462246,47.216686],[-0.459239,47.215752],[-0.458179,47.216017],[-0.45715,47.217051],[-0.453583,47.218286],[-0.4502,47.221058],[-0.448277,47.221702],[-0.443709,47.220465],[-0.440399,47.216814],[-0.439494,47.215173],[-0.438742,47.214751],[-0.436489,47.21435],[-0.432012,47.215171],[-0.431305,47.215188],[-0.431164,47.214489],[-0.430493,47.214774],[-0.42749,47.218448],[-0.423234,47.221124],[-0.422073,47.222946],[-0.421213,47.223417],[-0.417328,47.223194],[-0.411744,47.220404],[-0.408793,47.219609],[-0.406889,47.220009],[-0.40396,47.220085],[-0.401168,47.219627],[-0.401096,47.217429],[-0.401716,47.215508],[-0.403895,47.213541],[-0.405144,47.210384],[-0.407826,47.206784],[-0.408976,47.207093],[-0.409558,47.206496],[-0.410453,47.206853],[-0.41171,47.205248],[-0.409833,47.204575],[-0.412285,47.201901],[-0.412792,47.200155],[-0.417371,47.197103],[-0.418569,47.195737],[-0.417619,47.190956],[-0.415152,47.190958],[-0.41521,47.190279],[-0.413958,47.190365],[-0.414043,47.188603],[-0.413413,47.18875],[-0.413439,47.187417],[-0.412285,47.187333],[-0.412716,47.185433],[-0.411996,47.185065],[-0.411807,47.183143],[-0.413784,47.180231],[-0.413235,47.18011]]],"type":"Polygon"},"properties":{"id_edu_college":"12","sc_college_nom":"Collège Vallée du Lys","sc_college_adr":"30, rue des Courtils","sc_college_com":"LYS-HAUT-LAYON","sc_college_com_del":"VIHIERS","sc_college_tel":"02 41 75 81 31","sc_college_web":"http://vallee-du-lys.anjou.e-lyco.fr","shape_area":351656828.5810547,"shape_length":136745.7153960405,"geo_point_2d":{"lon":-0.5126612955347098,"lat":47.12139932462646}}},{"type":"Feature","geometry":{"coordinates":[[[-0.067381,47.18544],[-0.08238,47.183137],[-0.079447,47.18971],[-0.07645,47.192897],[-0.076217,47.193504],[-0.07638,47.194251],[-0.078002,47.195962],[-0.079668,47.198565],[-0.081331,47.200206],[-0.08178,47.201202],[-0.08205,47.203608],[-0.080454,47.205544],[-0.080034,47.20683],[-0.071469,47.206146],[-0.069244,47.2057],[-0.069332,47.205341],[-0.063422,47.204751],[-0.063033,47.206521],[-0.058787,47.205796],[-0.052662,47.205578],[-0.052699,47.203662],[-0.050159,47.203585],[-0.049992,47.201829],[-0.047865,47.201858],[-0.046324,47.199644],[-0.045021,47.200231],[-0.041617,47.202808],[-0.038137,47.20214],[-0.03435,47.200469],[-0.030748,47.200087],[-0.021607,47.197434],[-0.018191,47.196875],[-0.014811,47.197306],[-0.01023,47.198566],[-0.0089,47.192623],[-0.009193,47.192348],[-0.011094,47.192527],[-0.011746,47.191984],[-0.014154,47.192765],[-0.014399,47.190144],[-0.011409,47.189247],[-0.010187,47.188543],[-0.003742,47.187563],[0.006043,47.183853],[0.012045,47.181122],[0.018884,47.175991],[0.01055,47.169609],[0.00839,47.169254],[0.006759,47.167528],[-0.001815,47.163756],[-0.008767,47.15937],[-0.010878,47.157697],[-0.013334,47.154898],[-0.016634,47.150114],[-0.018695,47.148308],[-0.018984,47.147462],[-0.021773,47.143591],[-0.023098,47.142316],[-0.023036,47.141788],[-0.029784,47.133518],[-0.032127,47.129444],[-0.036095,47.125176],[-0.035811,47.120395],[-0.034382,47.121134],[-0.034436,47.120531],[-0.035543,47.118646],[-0.041107,47.113655],[-0.040626,47.112797],[-0.04007,47.112765],[-0.039524,47.11183],[-0.039603,47.110924],[-0.038832,47.110758],[-0.039175,47.109672],[-0.038399,47.109462],[-0.039318,47.107996],[-0.033282,47.106783],[-0.026525,47.10609],[-0.027498,47.101158],[-0.029338,47.095549],[-0.031945,47.092023],[-0.034085,47.089893],[-0.035504,47.086741],[-0.039672,47.087014],[-0.040954,47.08771],[-0.039945,47.089703],[-0.040856,47.091549],[-0.041386,47.093875],[-0.042808,47.093786],[-0.044253,47.093272],[-0.056978,47.095221],[-0.057261,47.094536],[-0.060581,47.095403],[-0.067712,47.093561],[-0.069445,47.094152],[-0.069472,47.095346],[-0.067409,47.099607],[-0.072784,47.098992],[-0.082719,47.099194],[-0.085909,47.10101],[-0.088879,47.09873],[-0.088634,47.098658],[-0.089655,47.097422],[-0.09036,47.097828],[-0.093939,47.095547],[-0.095117,47.095181],[-0.097222,47.091662],[-0.098786,47.090285],[-0.101284,47.085782],[-0.100674,47.084766],[-0.101589,47.082873],[-0.10009,47.081978],[-0.099875,47.081523],[-0.09958,47.08051],[-0.099876,47.078185],[-0.103125,47.077365],[-0.103282,47.075837],[-0.101919,47.072353],[-0.105027,47.0713],[-0.104102,47.0686],[-0.1021,47.065172],[-0.107795,47.063382],[-0.110961,47.061773],[-0.114697,47.061221],[-0.118091,47.060123],[-0.120283,47.058639],[-0.122764,47.055889],[-0.125521,47.055947],[-0.128788,47.054424],[-0.137203,47.056704],[-0.135381,47.059046],[-0.138418,47.060586],[-0.13674,47.063996],[-0.138114,47.064382],[-0.138536,47.065743],[-0.139202,47.066575],[-0.139404,47.066266],[-0.141023,47.066835],[-0.14482,47.068582],[-0.145429,47.068028],[-0.147259,47.068315],[-0.147417,47.069991],[-0.14959,47.070326],[-0.152555,47.069642],[-0.154017,47.070368],[-0.154546,47.070991],[-0.155927,47.069481],[-0.157338,47.070237],[-0.162756,47.066343],[-0.163279,47.066316],[-0.164341,47.065493],[-0.164965,47.065661],[-0.16601,47.064699],[-0.168648,47.065788],[-0.17295,47.066831],[-0.179203,47.070157],[-0.174403,47.073803],[-0.173189,47.075175],[-0.170341,47.077373],[-0.169166,47.079019],[-0.164912,47.082746],[-0.162685,47.084227],[-0.160531,47.085106],[-0.160968,47.085632],[-0.158581,47.086561],[-0.157833,47.086637],[-0.157457,47.08632],[-0.152825,47.087932],[-0.14573,47.09164],[-0.140143,47.097817],[-0.140789,47.098971],[-0.141401,47.104127],[-0.145311,47.103423],[-0.149142,47.101647],[-0.151973,47.101021],[-0.153114,47.10108],[-0.156746,47.10163],[-0.161357,47.103311],[-0.167332,47.104008],[-0.171617,47.104945],[-0.174564,47.105914],[-0.17629,47.107022],[-0.179679,47.108125],[-0.184553,47.108549],[-0.185265,47.108408],[-0.184722,47.107218],[-0.184846,47.106546],[-0.186773,47.1065],[-0.187712,47.105705],[-0.187631,47.104961],[-0.186498,47.103284],[-0.186276,47.101922],[-0.186649,47.1014],[-0.190313,47.099475],[-0.192807,47.098596],[-0.196953,47.097538],[-0.199384,47.097372],[-0.202228,47.096026],[-0.203638,47.09424],[-0.206142,47.093167],[-0.207059,47.093726],[-0.207168,47.094957],[-0.207452,47.095249],[-0.210535,47.096705],[-0.21491,47.097444],[-0.215688,47.098639],[-0.218593,47.098367],[-0.221621,47.099738],[-0.222973,47.100018],[-0.226764,47.099666],[-0.229313,47.099792],[-0.230237,47.101208],[-0.232262,47.102103],[-0.23407,47.103604],[-0.237567,47.104673],[-0.237969,47.105172],[-0.238995,47.105044],[-0.241084,47.105564],[-0.244254,47.10573],[-0.247415,47.105076],[-0.250011,47.103737],[-0.250564,47.102502],[-0.251377,47.102711],[-0.252153,47.102359],[-0.254786,47.100888],[-0.255681,47.100002],[-0.257419,47.100541],[-0.257663,47.100175],[-0.259662,47.100153],[-0.26173,47.099161],[-0.262905,47.09901],[-0.263051,47.10158],[-0.2621,47.101503],[-0.261877,47.103049],[-0.263086,47.102992],[-0.263215,47.103505],[-0.26262,47.105698],[-0.26573,47.105492],[-0.265281,47.103452],[-0.2675,47.10368],[-0.26739,47.101811],[-0.269407,47.101117],[-0.275044,47.100437],[-0.277887,47.100704],[-0.280443,47.10012],[-0.280982,47.09955],[-0.281389,47.099541],[-0.282283,47.101329],[-0.282256,47.102336],[-0.282829,47.103491],[-0.28482,47.102409],[-0.287383,47.101596],[-0.301312,47.099119],[-0.302244,47.098432],[-0.305764,47.097225],[-0.306852,47.096023],[-0.308313,47.095514],[-0.309711,47.09371],[-0.312555,47.092257],[-0.312632,47.094987],[-0.311854,47.104175],[-0.314571,47.104721],[-0.315605,47.105394],[-0.3159,47.105763],[-0.314916,47.106305],[-0.317185,47.108012],[-0.318197,47.107497],[-0.322018,47.108344],[-0.322738,47.108762],[-0.322166,47.113341],[-0.323874,47.116436],[-0.321459,47.121283],[-0.319366,47.120468],[-0.318372,47.121193],[-0.316669,47.121768],[-0.316141,47.122482],[-0.314313,47.121609],[-0.30926,47.124088],[-0.307739,47.125018],[-0.308032,47.125491],[-0.306784,47.126065],[-0.305179,47.124736],[-0.303322,47.123733],[-0.301215,47.127391],[-0.294459,47.134725],[-0.291626,47.131286],[-0.291304,47.13047],[-0.289909,47.129252],[-0.287731,47.128112],[-0.286504,47.126786],[-0.283471,47.125123],[-0.281048,47.125721],[-0.279126,47.125566],[-0.27789,47.126295],[-0.276617,47.127648],[-0.27411,47.12831],[-0.270866,47.129693],[-0.267467,47.130172],[-0.266107,47.129235],[-0.260605,47.130371],[-0.246667,47.135331],[-0.251051,47.137574],[-0.250608,47.139229],[-0.250814,47.140238],[-0.250623,47.142456],[-0.251163,47.143008],[-0.251562,47.144177],[-0.264929,47.15003],[-0.263896,47.154194],[-0.263957,47.155844],[-0.262869,47.159844],[-0.263161,47.160912],[-0.262725,47.161876],[-0.262081,47.161138],[-0.261401,47.161547],[-0.262151,47.161779],[-0.261327,47.162143],[-0.262422,47.162373],[-0.261671,47.16382],[-0.261715,47.165653],[-0.261222,47.166388],[-0.26098,47.168177],[-0.261138,47.169147],[-0.257462,47.168701],[-0.256754,47.167379],[-0.248014,47.163737],[-0.244206,47.162557],[-0.238945,47.162423],[-0.233191,47.161665],[-0.232954,47.162097],[-0.234202,47.163913],[-0.231959,47.168948],[-0.231637,47.169015],[-0.230684,47.171742],[-0.228919,47.174695],[-0.227812,47.177698],[-0.226056,47.17746],[-0.223855,47.182365],[-0.222369,47.181902],[-0.222239,47.182116],[-0.220961,47.18192],[-0.219806,47.182332],[-0.218919,47.182175],[-0.218957,47.181908],[-0.21759,47.181429],[-0.21772,47.180929],[-0.216725,47.180764],[-0.217356,47.179484],[-0.21834,47.179523],[-0.218719,47.179132],[-0.218881,47.17809],[-0.218627,47.177938],[-0.217589,47.177766],[-0.214041,47.178079],[-0.211004,47.177063],[-0.211084,47.176767],[-0.203763,47.174993],[-0.203104,47.174025],[-0.202374,47.173639],[-0.200498,47.173759],[-0.20125,47.1762],[-0.201369,47.178315],[-0.201855,47.180019],[-0.201254,47.184663],[-0.201237,47.187577],[-0.203387,47.187578],[-0.204445,47.19094],[-0.207424,47.190812],[-0.209886,47.191326],[-0.20902,47.193615],[-0.209107,47.195694],[-0.208499,47.199648],[-0.210111,47.200538],[-0.209545,47.202496],[-0.212178,47.201586],[-0.216614,47.203083],[-0.215885,47.205822],[-0.215516,47.206259],[-0.214967,47.2062],[-0.211691,47.211573],[-0.210695,47.213409],[-0.210534,47.214846],[-0.207991,47.217146],[-0.205599,47.216205],[-0.204688,47.216892],[-0.202387,47.216251],[-0.201813,47.21652],[-0.199051,47.21515],[-0.19564,47.214319],[-0.194117,47.214289],[-0.191514,47.213131],[-0.192912,47.211666],[-0.192803,47.210932],[-0.193823,47.209798],[-0.19195,47.208418],[-0.18086,47.212155],[-0.179765,47.211555],[-0.178936,47.209344],[-0.176539,47.206733],[-0.173451,47.210322],[-0.170147,47.211603],[-0.167442,47.212223],[-0.163409,47.210891],[-0.163435,47.210604],[-0.162512,47.210091],[-0.161892,47.209223],[-0.160472,47.208516],[-0.158623,47.207885],[-0.157892,47.208204],[-0.153033,47.20684],[-0.151585,47.206722],[-0.146499,47.208039],[-0.144859,47.208863],[-0.143727,47.208143],[-0.143809,47.207602],[-0.139325,47.209018],[-0.135342,47.204881],[-0.130982,47.205344],[-0.127271,47.20491],[-0.122681,47.207414],[-0.115329,47.2102],[-0.107096,47.212176],[-0.110761,47.20651],[-0.111232,47.204727],[-0.112427,47.202673],[-0.113237,47.199969],[-0.115439,47.198257],[-0.113708,47.197854],[-0.114248,47.196699],[-0.11294,47.196429],[-0.114536,47.192822],[-0.111339,47.192205],[-0.111334,47.191128],[-0.110132,47.190915],[-0.110664,47.190114],[-0.110224,47.189214],[-0.108812,47.188479],[-0.104226,47.188045],[-0.101105,47.187158],[-0.098053,47.188285],[-0.096434,47.187791],[-0.094665,47.188156],[-0.092083,47.187014],[-0.085819,47.187921],[-0.083536,47.189369],[-0.083054,47.185153],[-0.083908,47.18304],[-0.084145,47.178688],[-0.083776,47.176389],[-0.082519,47.17412],[-0.080667,47.172753],[-0.077187,47.175044],[-0.067652,47.17893],[-0.065166,47.180583],[-0.066947,47.183778],[-0.067381,47.18544]]],"type":"Polygon"},"properties":{"id_edu_college":"14","sc_college_nom":"Collège Calypso","sc_college_adr":"130 rue des vignes","sc_college_com":"MONTREUIL-BELLAY","sc_college_com_del":null,"sc_college_tel":"02 41 40 51 00","sc_college_web":"http://calypso.anjou.e-lyco.fr/","shape_area":229936324.99658203,"shape_length":120610.95209842402,"geo_point_2d":{"lon":-0.14008245325093768,"lat":47.1429313066734}}},{"type":"Feature","geometry":{"coordinates":[[[-0.863706,47.451211],[-0.863391,47.452211],[-0.859653,47.453818],[-0.85962,47.454266],[-0.859122,47.45467],[-0.859371,47.456136],[-0.857526,47.457787],[-0.857637,47.458415],[-0.85686,47.45858],[-0.857049,47.459285],[-0.855898,47.459912],[-0.855643,47.459686],[-0.854288,47.459611],[-0.853796,47.459962],[-0.852632,47.459693],[-0.852399,47.459906],[-0.852797,47.460304],[-0.852365,47.460638],[-0.85042,47.460648],[-0.8502,47.461052],[-0.850663,47.461448],[-0.850116,47.461799],[-0.850544,47.462109],[-0.850643,47.463445],[-0.851351,47.463516],[-0.85133,47.46395],[-0.850657,47.464319],[-0.850115,47.464026],[-0.850048,47.464503],[-0.849424,47.464774],[-0.848095,47.464112],[-0.847092,47.463986],[-0.846205,47.464518],[-0.8451,47.464428],[-0.844828,47.464998],[-0.844292,47.464875],[-0.843643,47.46529],[-0.843959,47.465714],[-0.843035,47.466726],[-0.842493,47.46809],[-0.842926,47.468544],[-0.842461,47.468529],[-0.841869,47.469967],[-0.840149,47.471443],[-0.83908,47.471752],[-0.835539,47.471407],[-0.834823,47.471942],[-0.835269,47.473154],[-0.834504,47.473025],[-0.832087,47.47374],[-0.826352,47.472998],[-0.824862,47.473378],[-0.824442,47.473714],[-0.82426,47.474731],[-0.824582,47.475929],[-0.824381,47.477168],[-0.824715,47.477281],[-0.824566,47.477802],[-0.823608,47.478553],[-0.822797,47.478534],[-0.822584,47.477997],[-0.821916,47.477847],[-0.821257,47.477219],[-0.818052,47.478175],[-0.815395,47.477317],[-0.813689,47.477226],[-0.810184,47.474785],[-0.809239,47.474571],[-0.808193,47.474833],[-0.806715,47.476147],[-0.805814,47.47615],[-0.805761,47.475855],[-0.803876,47.47483],[-0.803907,47.474557],[-0.800332,47.474002],[-0.79845,47.474101],[-0.797501,47.474932],[-0.796202,47.475416],[-0.794596,47.474494],[-0.79405,47.473047],[-0.79303,47.472852],[-0.791165,47.47311],[-0.790182,47.474463],[-0.789452,47.474731],[-0.785824,47.474722],[-0.782875,47.473179],[-0.775073,47.471112],[-0.7742,47.470529],[-0.773453,47.470624],[-0.767998,47.469584],[-0.764174,47.469348],[-0.76208,47.468268],[-0.76108,47.468112],[-0.758805,47.468637],[-0.758629,47.469733],[-0.757239,47.469693],[-0.756549,47.472001],[-0.756983,47.472052],[-0.755905,47.473065],[-0.754178,47.472804],[-0.753842,47.473576],[-0.75152,47.472631],[-0.750004,47.472607],[-0.750893,47.471254],[-0.750563,47.470929],[-0.749302,47.470984],[-0.749281,47.470277],[-0.749006,47.470306],[-0.749091,47.471806],[-0.748759,47.472044],[-0.746991,47.471523],[-0.746812,47.471904],[-0.745317,47.471737],[-0.74456,47.473864],[-0.742917,47.473822],[-0.742751,47.476116],[-0.738336,47.476718],[-0.737946,47.477212],[-0.738848,47.478685],[-0.739576,47.479155],[-0.739697,47.480289],[-0.740868,47.481693],[-0.740483,47.482248],[-0.738712,47.481781],[-0.738773,47.481126],[-0.736592,47.480739],[-0.735602,47.481955],[-0.736186,47.482045],[-0.734743,47.483476],[-0.732868,47.482652],[-0.730689,47.480437],[-0.728075,47.47896],[-0.727332,47.480054],[-0.727126,47.48134],[-0.727497,47.48213],[-0.726777,47.482609],[-0.726089,47.482436],[-0.725319,47.48351],[-0.724424,47.483073],[-0.721792,47.483247],[-0.720681,47.483143],[-0.720721,47.482828],[-0.718863,47.482917],[-0.717454,47.482273],[-0.717718,47.481909],[-0.715689,47.481749],[-0.716516,47.480702],[-0.717338,47.480629],[-0.715884,47.479224],[-0.714488,47.478414],[-0.710876,47.478023],[-0.707966,47.476678],[-0.703509,47.475301],[-0.700515,47.474817],[-0.69924,47.473721],[-0.69833,47.473269],[-0.698029,47.473545],[-0.693372,47.470449],[-0.694713,47.469027],[-0.69601,47.466838],[-0.693543,47.466052],[-0.693804,47.465525],[-0.695265,47.463528],[-0.695426,47.462525],[-0.696534,47.462452],[-0.698295,47.461627],[-0.698402,47.46124],[-0.697209,47.460976],[-0.698292,47.459972],[-0.699157,47.458167],[-0.699832,47.458029],[-0.7006,47.456144],[-0.700676,47.455761],[-0.699911,47.455252],[-0.699388,47.451975],[-0.698422,47.450569],[-0.696609,47.449646],[-0.695876,47.44964],[-0.695335,47.450203],[-0.693746,47.449644],[-0.690549,47.45045],[-0.687154,47.450658],[-0.684305,47.450265],[-0.682213,47.448794],[-0.681978,47.447663],[-0.680969,47.447278],[-0.671782,47.451824],[-0.66826,47.450822],[-0.667152,47.45019],[-0.667792,47.449765],[-0.666745,47.447685],[-0.666547,47.446418],[-0.665991,47.446263],[-0.666891,47.44506],[-0.665341,47.444586],[-0.665696,47.444266],[-0.665589,47.442627],[-0.664443,47.441982],[-0.665353,47.441342],[-0.665064,47.439041],[-0.662106,47.438351],[-0.660838,47.438411],[-0.661098,47.438037],[-0.6605,47.43722],[-0.660435,47.436212],[-0.657857,47.433586],[-0.655381,47.431303],[-0.6522,47.429314],[-0.65074,47.427778],[-0.648909,47.427028],[-0.650717,47.425413],[-0.655889,47.422807],[-0.655691,47.421837],[-0.654678,47.421176],[-0.654363,47.419891],[-0.656465,47.418668],[-0.653568,47.417344],[-0.653654,47.416825],[-0.652944,47.414767],[-0.65018,47.411345],[-0.649485,47.408401],[-0.647826,47.40772],[-0.644899,47.405028],[-0.639081,47.402562],[-0.635344,47.399144],[-0.631975,47.400001],[-0.63183,47.398964],[-0.632161,47.398163],[-0.630217,47.398133],[-0.628119,47.398885],[-0.625049,47.398107],[-0.629624,47.393218],[-0.631134,47.389949],[-0.633304,47.383611],[-0.634124,47.382204],[-0.636115,47.380119],[-0.639704,47.377702],[-0.648197,47.374358],[-0.656484,47.372369],[-0.662041,47.370013],[-0.665062,47.36923],[-0.66912,47.36892],[-0.676306,47.369939],[-0.680901,47.369971],[-0.686648,47.367084],[-0.691324,47.365421],[-0.703858,47.363136],[-0.709142,47.362611],[-0.715982,47.361289],[-0.723732,47.360241],[-0.723977,47.36074],[-0.725356,47.361395],[-0.731522,47.361982],[-0.733802,47.362513],[-0.738794,47.364705],[-0.743336,47.366151],[-0.76032,47.369533],[-0.766282,47.372344],[-0.770574,47.373713],[-0.776971,47.373647],[-0.781034,47.375645],[-0.789488,47.37874],[-0.796918,47.380289],[-0.806461,47.38058],[-0.817501,47.381914],[-0.823624,47.383064],[-0.83954,47.391507],[-0.844517,47.393611],[-0.842666,47.396804],[-0.837671,47.40931],[-0.838464,47.411314],[-0.838182,47.411321],[-0.838158,47.411831],[-0.839164,47.414692],[-0.838479,47.416112],[-0.83832,47.417217],[-0.83697,47.419403],[-0.836331,47.419929],[-0.836572,47.420066],[-0.833335,47.420786],[-0.83227,47.421499],[-0.832445,47.42283],[-0.832196,47.423226],[-0.830754,47.423783],[-0.827994,47.425935],[-0.82597,47.428329],[-0.82465,47.42887],[-0.824196,47.431273],[-0.824299,47.43211],[-0.825001,47.433006],[-0.821469,47.435199],[-0.824375,47.436513],[-0.823948,47.436754],[-0.825386,47.438064],[-0.8258,47.437872],[-0.825978,47.438884],[-0.826729,47.439646],[-0.825005,47.440515],[-0.824252,47.441877],[-0.823623,47.442337],[-0.824714,47.443021],[-0.823563,47.443923],[-0.824549,47.444967],[-0.825805,47.444536],[-0.826419,47.447884],[-0.827989,47.448065],[-0.828175,47.447637],[-0.832707,47.448944],[-0.833034,47.448526],[-0.839962,47.449259],[-0.841629,47.449959],[-0.847191,47.45126],[-0.847495,47.451666],[-0.85055,47.451219],[-0.856293,47.449604],[-0.857773,47.449675],[-0.858271,47.450724],[-0.859802,47.450603],[-0.860169,47.450304],[-0.862333,47.45144],[-0.863706,47.451211]]],"type":"Polygon"},"properties":{"id_edu_college":"22","sc_college_nom":"Collège Jean Racine","sc_college_adr":"rue du stade","sc_college_com":"SAINT-GEORGES-SUR-LOIRE","sc_college_com_del":null,"sc_college_tel":"02 41 39 13 92","sc_college_web":"http://jean-racine.anjou.e-lyco.fr","shape_area":154728188.4543457,"shape_length":66127.88773171061,"geo_point_2d":{"lon":-0.7440533246306573,"lat":47.41983586806931}}},{"type":"Feature","geometry":{"coordinates":[[[-0.572329,47.441753],[-0.569258,47.440176],[-0.565284,47.437507],[-0.564132,47.438633],[-0.561522,47.4374],[-0.559204,47.440356],[-0.557884,47.442649],[-0.556202,47.443624],[-0.553983,47.443662],[-0.551641,47.444319],[-0.552097,47.441628],[-0.552781,47.440109],[-0.554041,47.435282],[-0.551597,47.435035],[-0.547718,47.433278],[-0.54789,47.433087],[-0.546288,47.431029],[-0.546895,47.430586],[-0.544787,47.428328],[-0.543992,47.42696],[-0.544786,47.423946],[-0.541907,47.42476],[-0.536531,47.42505],[-0.524904,47.421118],[-0.533208,47.419394],[-0.544807,47.418826],[-0.558461,47.414697],[-0.567761,47.413124],[-0.572069,47.41332],[-0.583955,47.415542],[-0.594323,47.415264],[-0.59875,47.415473],[-0.602341,47.415156],[-0.604752,47.414711],[-0.609332,47.412973],[-0.614206,47.409859],[-0.614871,47.411274],[-0.613171,47.414988],[-0.6082,47.420118],[-0.60507,47.422367],[-0.604567,47.42304],[-0.603629,47.425966],[-0.604055,47.429842],[-0.604047,47.433385],[-0.603571,47.435096],[-0.601635,47.438131],[-0.59704,47.443164],[-0.593182,47.448791],[-0.590013,47.450727],[-0.583635,47.453288],[-0.581459,47.454532],[-0.579368,47.456222],[-0.578034,47.458114],[-0.577074,47.460667],[-0.575692,47.463083],[-0.572022,47.466191],[-0.568798,47.467688],[-0.565584,47.464707],[-0.563694,47.463372],[-0.560311,47.459443],[-0.558518,47.460022],[-0.558476,47.459624],[-0.555321,47.458124],[-0.551758,47.458573],[-0.551263,47.456005],[-0.554005,47.457047],[-0.553633,47.454406],[-0.558535,47.450078],[-0.560526,47.450651],[-0.563252,47.448157],[-0.56494,47.448979],[-0.566004,47.44848],[-0.567856,47.446721],[-0.568668,47.447126],[-0.569793,47.44655],[-0.571266,47.442724],[-0.572329,47.441753]]],"type":"Polygon"},"properties":{"id_edu_college":"40","sc_college_nom":"Collège Jean Mermoz","sc_college_adr":"24 et 26, rue du Maréchal Juin","sc_college_com":"ANGERS","sc_college_com_del":null,"sc_college_tel":"02 41 74 12 00","sc_college_web":"http://mermoz.anjou.e-lyco.fr","shape_area":18213064.623779297,"shape_length":26523.891171197436,"geo_point_2d":{"lon":-0.5746645885743548,"lat":47.433522248199765}}},{"type":"Feature","geometry":{"coordinates":[[[-0.453555,47.756365],[-0.453647,47.756739],[-0.45299,47.757343],[-0.452329,47.757085],[-0.450075,47.757207],[-0.449079,47.758323],[-0.440516,47.764625],[-0.439459,47.763794],[-0.438389,47.76373],[-0.438011,47.763389],[-0.435376,47.764461],[-0.433478,47.765735],[-0.430785,47.765895],[-0.430603,47.766067],[-0.431032,47.766256],[-0.430713,47.766945],[-0.428871,47.767825],[-0.424889,47.766966],[-0.42336,47.765723],[-0.421101,47.765302],[-0.419008,47.765024],[-0.413173,47.765467],[-0.40989,47.765334],[-0.40832,47.764605],[-0.407951,47.763774],[-0.407708,47.759545],[-0.407087,47.758577],[-0.408542,47.75764],[-0.409941,47.756008],[-0.414347,47.7565],[-0.423181,47.755934],[-0.42488,47.755286],[-0.427027,47.752731],[-0.427333,47.751531],[-0.426629,47.750885],[-0.426398,47.749636],[-0.420513,47.74612],[-0.421755,47.746115],[-0.422944,47.744906],[-0.422999,47.74348],[-0.425668,47.741562],[-0.425723,47.740837],[-0.428487,47.739959],[-0.430683,47.736651],[-0.431953,47.735793],[-0.441273,47.73278],[-0.443892,47.731499],[-0.44604,47.727309],[-0.446483,47.724759],[-0.446198,47.722191],[-0.444405,47.720541],[-0.439724,47.718356],[-0.436599,47.714957],[-0.436391,47.713229],[-0.437608,47.7107],[-0.439525,47.708513],[-0.442091,47.706974],[-0.448661,47.704442],[-0.449367,47.703661],[-0.449266,47.702656],[-0.446688,47.699896],[-0.446647,47.699413],[-0.444672,47.697528],[-0.44317,47.694896],[-0.439433,47.692882],[-0.437253,47.69126],[-0.437095,47.690092],[-0.437694,47.688034],[-0.438438,47.68636],[-0.439496,47.685407],[-0.437028,47.684412],[-0.425462,47.683549],[-0.424716,47.683047],[-0.424223,47.682224],[-0.424391,47.681771],[-0.420127,47.679189],[-0.417347,47.67588],[-0.417052,47.675188],[-0.41862,47.671056],[-0.419923,47.671163],[-0.421462,47.669473],[-0.422085,47.66809],[-0.421723,47.667993],[-0.422026,47.667269],[-0.421557,47.667167],[-0.421562,47.666902],[-0.423008,47.666867],[-0.423218,47.665806],[-0.422592,47.662216],[-0.421599,47.662547],[-0.418656,47.662242],[-0.417226,47.663042],[-0.413663,47.663026],[-0.413651,47.661269],[-0.411527,47.661667],[-0.409608,47.660148],[-0.408595,47.660228],[-0.407792,47.659713],[-0.404374,47.659373],[-0.403296,47.658719],[-0.4023,47.659005],[-0.398944,47.658504],[-0.39206,47.660268],[-0.389204,47.660663],[-0.386896,47.661644],[-0.386111,47.660583],[-0.386355,47.660136],[-0.384499,47.659116],[-0.383577,47.659301],[-0.383354,47.65866],[-0.381674,47.658441],[-0.382473,47.65588],[-0.382109,47.654621],[-0.382964,47.6531],[-0.38252,47.652751],[-0.382544,47.652209],[-0.383228,47.652058],[-0.383794,47.650322],[-0.384489,47.649481],[-0.384403,47.648578],[-0.384948,47.646545],[-0.384888,47.641424],[-0.386555,47.637617],[-0.386298,47.636649],[-0.387361,47.632589],[-0.389657,47.632477],[-0.3942,47.633303],[-0.401173,47.632585],[-0.406072,47.630099],[-0.407707,47.628258],[-0.410144,47.627055],[-0.410778,47.626126],[-0.411062,47.624642],[-0.413583,47.624921],[-0.414826,47.624352],[-0.417839,47.624599],[-0.419227,47.62236],[-0.425175,47.616485],[-0.426134,47.614485],[-0.426975,47.611503],[-0.427737,47.610786],[-0.430087,47.609545],[-0.436244,47.604369],[-0.451841,47.595542],[-0.456498,47.592069],[-0.457634,47.592601],[-0.462622,47.592167],[-0.470221,47.589556],[-0.472529,47.589631],[-0.474965,47.589243],[-0.480304,47.587684],[-0.481203,47.589063],[-0.483079,47.590028],[-0.483977,47.591138],[-0.483459,47.591658],[-0.484122,47.59318],[-0.489152,47.597113],[-0.491986,47.598348],[-0.493477,47.597276],[-0.496956,47.597948],[-0.501483,47.596973],[-0.503888,47.59888],[-0.505952,47.601488],[-0.506746,47.60161],[-0.508184,47.602504],[-0.510935,47.601458],[-0.511983,47.599478],[-0.514742,47.599951],[-0.51582,47.599674],[-0.519169,47.600728],[-0.519252,47.601061],[-0.523921,47.601659],[-0.525853,47.600495],[-0.528598,47.600347],[-0.528379,47.600683],[-0.529521,47.600606],[-0.533164,47.602173],[-0.542422,47.601806],[-0.542667,47.593847],[-0.544085,47.593608],[-0.548853,47.595196],[-0.55,47.594968],[-0.552569,47.5963],[-0.554206,47.59654],[-0.554272,47.597435],[-0.558515,47.5979],[-0.55908,47.597555],[-0.562035,47.598322],[-0.562176,47.598649],[-0.564424,47.599305],[-0.5648,47.59979],[-0.566345,47.600174],[-0.56753,47.600252],[-0.569377,47.599668],[-0.571158,47.5976],[-0.57309,47.598494],[-0.57777,47.60232],[-0.578739,47.603973],[-0.582028,47.607143],[-0.584512,47.608778],[-0.584722,47.611481],[-0.582465,47.611612],[-0.580721,47.614471],[-0.579667,47.614911],[-0.579372,47.616196],[-0.58135,47.617431],[-0.583887,47.6182],[-0.583415,47.620141],[-0.585174,47.621306],[-0.584798,47.622223],[-0.585021,47.623219],[-0.587691,47.623714],[-0.58657,47.625078],[-0.58674,47.625791],[-0.585758,47.627516],[-0.584339,47.628086],[-0.584568,47.630145],[-0.585034,47.631007],[-0.583919,47.631675],[-0.58246,47.634405],[-0.580097,47.633966],[-0.578403,47.635663],[-0.577508,47.635469],[-0.576812,47.636624],[-0.577393,47.636841],[-0.576891,47.637976],[-0.574794,47.637521],[-0.57484,47.63792],[-0.575842,47.637999],[-0.575766,47.638405],[-0.573656,47.63823],[-0.573204,47.638527],[-0.572879,47.638085],[-0.571605,47.638293],[-0.57117,47.639162],[-0.572814,47.639686],[-0.574198,47.640604],[-0.572505,47.642704],[-0.572684,47.643161],[-0.572312,47.644241],[-0.579761,47.646262],[-0.582572,47.646591],[-0.583343,47.647228],[-0.59142,47.648697],[-0.591801,47.648226],[-0.593275,47.648551],[-0.593105,47.648831],[-0.59456,47.649325],[-0.596175,47.649467],[-0.599053,47.648814],[-0.601347,47.648878],[-0.604708,47.649622],[-0.604234,47.650688],[-0.606521,47.650538],[-0.609412,47.649828],[-0.614316,47.649463],[-0.631885,47.652516],[-0.633354,47.658004],[-0.634744,47.658732],[-0.635721,47.660198],[-0.637324,47.661261],[-0.634948,47.66409],[-0.632452,47.668139],[-0.632857,47.670361],[-0.633136,47.67034],[-0.632973,47.670658],[-0.634734,47.672483],[-0.634424,47.673316],[-0.635114,47.673554],[-0.632774,47.674583],[-0.631496,47.675552],[-0.632156,47.67569],[-0.632349,47.676061],[-0.631363,47.681422],[-0.631829,47.682151],[-0.631562,47.682525],[-0.63177,47.683088],[-0.631114,47.683708],[-0.633322,47.684653],[-0.634457,47.685978],[-0.635902,47.686759],[-0.640521,47.688009],[-0.640439,47.689123],[-0.643744,47.691075],[-0.645228,47.692423],[-0.644433,47.694103],[-0.643371,47.694666],[-0.643208,47.696315],[-0.641818,47.697426],[-0.64143,47.698099],[-0.642516,47.699193],[-0.6425,47.69993],[-0.643162,47.700844],[-0.642028,47.700874],[-0.645832,47.702817],[-0.646321,47.702402],[-0.647125,47.702882],[-0.646692,47.703319],[-0.651421,47.705429],[-0.651256,47.705677],[-0.651777,47.706149],[-0.655696,47.707003],[-0.656253,47.707362],[-0.658113,47.706132],[-0.658996,47.706103],[-0.662681,47.707589],[-0.662152,47.70831],[-0.663825,47.712736],[-0.664633,47.715864],[-0.665925,47.719485],[-0.668559,47.724921],[-0.668212,47.725838],[-0.665823,47.727764],[-0.656911,47.73143],[-0.652276,47.734078],[-0.648979,47.734748],[-0.645976,47.737159],[-0.645299,47.736718],[-0.645235,47.736249],[-0.643907,47.735598],[-0.642585,47.735997],[-0.64157,47.737092],[-0.640342,47.736084],[-0.637215,47.735925],[-0.635921,47.735224],[-0.635893,47.735597],[-0.635157,47.735789],[-0.634891,47.736913],[-0.634441,47.737252],[-0.633064,47.737565],[-0.632167,47.736915],[-0.629718,47.73699],[-0.628208,47.73852],[-0.626868,47.737684],[-0.623171,47.737785],[-0.620882,47.736864],[-0.620681,47.736508],[-0.61082,47.735691],[-0.610087,47.736924],[-0.607739,47.737883],[-0.607155,47.739363],[-0.606255,47.740046],[-0.604148,47.743206],[-0.60281,47.742826],[-0.601902,47.743782],[-0.600212,47.743111],[-0.59965,47.743884],[-0.598134,47.744797],[-0.597357,47.745908],[-0.596375,47.74591],[-0.596549,47.746905],[-0.595759,47.747742],[-0.595234,47.747846],[-0.594594,47.749287],[-0.592638,47.750146],[-0.592144,47.750655],[-0.591973,47.751228],[-0.592399,47.751934],[-0.591989,47.752786],[-0.591574,47.752694],[-0.591201,47.753505],[-0.588721,47.756034],[-0.586316,47.756889],[-0.58488,47.758912],[-0.582679,47.756433],[-0.580976,47.756836],[-0.579925,47.755516],[-0.57905,47.755589],[-0.578951,47.754612],[-0.574618,47.75318],[-0.572901,47.753054],[-0.572815,47.753792],[-0.570966,47.755048],[-0.570809,47.756102],[-0.567329,47.756154],[-0.567231,47.756438],[-0.565522,47.756263],[-0.564973,47.757166],[-0.563864,47.757082],[-0.56319,47.757631],[-0.56092,47.757787],[-0.553905,47.755027],[-0.551759,47.753594],[-0.550151,47.754087],[-0.547066,47.753641],[-0.546737,47.75317],[-0.539638,47.752178],[-0.535604,47.750859],[-0.532859,47.750822],[-0.531346,47.751945],[-0.531081,47.752624],[-0.525586,47.756802],[-0.523595,47.759706],[-0.519551,47.764116],[-0.517697,47.769483],[-0.517869,47.770611],[-0.518927,47.771288],[-0.518796,47.771756],[-0.519393,47.772223],[-0.519763,47.773261],[-0.519835,47.773821],[-0.518849,47.774432],[-0.52118,47.774536],[-0.521221,47.774943],[-0.520623,47.77505],[-0.521181,47.775317],[-0.52131,47.77671],[-0.520406,47.777683],[-0.52079,47.777788],[-0.521628,47.780947],[-0.522783,47.782666],[-0.519305,47.787506],[-0.518434,47.787042],[-0.517796,47.786101],[-0.516041,47.785376],[-0.510504,47.785702],[-0.509787,47.786278],[-0.509073,47.786329],[-0.506435,47.784667],[-0.503694,47.784407],[-0.501868,47.783695],[-0.500496,47.782681],[-0.498029,47.781992],[-0.497283,47.781449],[-0.494516,47.780975],[-0.494199,47.781272],[-0.492579,47.780386],[-0.492246,47.778446],[-0.487491,47.778085],[-0.484561,47.780202],[-0.484257,47.780063],[-0.482915,47.779348],[-0.478926,47.775975],[-0.477611,47.774191],[-0.476957,47.774248],[-0.470798,47.76958],[-0.466432,47.768194],[-0.46461,47.768906],[-0.46401,47.768036],[-0.460103,47.76495],[-0.456351,47.759187],[-0.454189,47.757122],[-0.454615,47.75646],[-0.453555,47.756365]]],"type":"Polygon"},"properties":{"id_edu_college":"27","sc_college_nom":"Collège Jacques Prévert","sc_college_adr":"4 rue des Fontaines","sc_college_com":"CHATEAUNEUF-SUR-SARTHE","sc_college_com_del":null,"sc_college_tel":"02 41 96 19 50","sc_college_web":"http://jacques-prevert.anjou.e-lyco.fr","shape_area":273016217.46533203,"shape_length":96643.33592212161,"geo_point_2d":{"lon":-0.5196472892314609,"lat":47.683574172686974}}},{"type":"Feature","geometry":{"coordinates":[[[-0.414602,47.417173],[-0.413288,47.41402],[-0.417245,47.413184],[-0.424401,47.412605],[-0.426698,47.412805],[-0.428725,47.41384],[-0.431621,47.414249],[-0.437423,47.414653],[-0.439919,47.414501],[-0.444294,47.415162],[-0.451298,47.414665],[-0.457885,47.417105],[-0.459228,47.417338],[-0.461262,47.41731],[-0.464931,47.416419],[-0.468718,47.416501],[-0.468938,47.418561],[-0.469365,47.419045],[-0.468078,47.420956],[-0.468442,47.422838],[-0.469287,47.423421],[-0.471383,47.423514],[-0.475166,47.422821],[-0.476923,47.422961],[-0.477461,47.424028],[-0.476637,47.425078],[-0.476559,47.426307],[-0.478157,47.428061],[-0.471522,47.430338],[-0.470412,47.432867],[-0.468995,47.434065],[-0.470576,47.435077],[-0.470938,47.435624],[-0.472812,47.436487],[-0.47972,47.438579],[-0.480563,47.43974],[-0.482178,47.440807],[-0.484198,47.441542],[-0.484879,47.441227],[-0.485132,47.44173],[-0.484909,47.441789],[-0.48618,47.44216],[-0.489428,47.442187],[-0.489755,47.440742],[-0.489224,47.440523],[-0.490025,47.439138],[-0.491144,47.438869],[-0.492048,47.439062],[-0.49222,47.43868],[-0.494169,47.43902],[-0.494636,47.438342],[-0.496318,47.438191],[-0.495582,47.439116],[-0.497227,47.439235],[-0.498067,47.440888],[-0.499594,47.440575],[-0.500311,47.440794],[-0.50036,47.441075],[-0.50355,47.441664],[-0.503569,47.442225],[-0.504211,47.443203],[-0.503773,47.444463],[-0.505843,47.444813],[-0.509858,47.446313],[-0.509288,47.448583],[-0.50935,47.450987],[-0.511087,47.451849],[-0.515258,47.452529],[-0.515145,47.452976],[-0.517582,47.453251],[-0.516757,47.455099],[-0.515199,47.456666],[-0.515029,47.457977],[-0.513535,47.4588],[-0.511092,47.45877],[-0.505421,47.457477],[-0.503895,47.45686],[-0.503031,47.457702],[-0.502932,47.458087],[-0.503411,47.458186],[-0.503231,47.458617],[-0.501975,47.45936],[-0.493109,47.458235],[-0.492948,47.458558],[-0.491841,47.45826],[-0.490993,47.45734],[-0.490286,47.457082],[-0.49143,47.456037],[-0.489427,47.455527],[-0.48572,47.457161],[-0.473786,47.460464],[-0.472362,47.461447],[-0.470897,47.463109],[-0.467825,47.462559],[-0.467737,47.463334],[-0.46799,47.4635],[-0.467685,47.464086],[-0.465909,47.464064],[-0.465258,47.465104],[-0.464057,47.465397],[-0.463594,47.464813],[-0.461943,47.46519],[-0.462967,47.466283],[-0.458463,47.466408],[-0.458312,47.468446],[-0.456774,47.468822],[-0.457174,47.46969],[-0.455064,47.469509],[-0.45501,47.470398],[-0.452522,47.46938],[-0.452048,47.469844],[-0.450567,47.469354],[-0.447959,47.467858],[-0.44698,47.465718],[-0.44558,47.464756],[-0.444747,47.462093],[-0.44482,47.460714],[-0.445711,47.45955],[-0.446314,47.457257],[-0.442594,47.457064],[-0.442456,47.454144],[-0.441198,47.454306],[-0.438457,47.450653],[-0.442781,47.448735],[-0.444394,47.44753],[-0.445384,47.447459],[-0.446218,47.44651],[-0.445192,47.446125],[-0.446685,47.444553],[-0.448778,47.444744],[-0.449076,47.44317],[-0.448315,47.442391],[-0.446619,47.443099],[-0.445009,47.443223],[-0.435346,47.44131],[-0.432071,47.441618],[-0.427906,47.441218],[-0.426001,47.441336],[-0.421722,47.440223],[-0.421046,47.439493],[-0.420465,47.439396],[-0.420341,47.438505],[-0.419589,47.4377],[-0.417723,47.437946],[-0.415709,47.436448],[-0.410487,47.436345],[-0.409702,47.435554],[-0.406771,47.436528],[-0.403346,47.436191],[-0.402665,47.436425],[-0.402266,47.436022],[-0.399678,47.435794],[-0.398898,47.437144],[-0.397695,47.437008],[-0.397351,47.437463],[-0.395146,47.438051],[-0.393562,47.437554],[-0.389643,47.438798],[-0.389327,47.438074],[-0.38805,47.437644],[-0.387417,47.436966],[-0.383848,47.436893],[-0.380972,47.437686],[-0.379951,47.437649],[-0.375055,47.43678],[-0.373728,47.436267],[-0.373747,47.436612],[-0.372462,47.435974],[-0.371525,47.43644],[-0.370478,47.435106],[-0.365543,47.432591],[-0.362326,47.431511],[-0.359129,47.437212],[-0.3559,47.436354],[-0.35477,47.436604],[-0.352727,47.445168],[-0.351394,47.445789],[-0.351218,47.445339],[-0.348147,47.444014],[-0.345553,47.443759],[-0.342548,47.442993],[-0.336678,47.440891],[-0.332565,47.438976],[-0.331741,47.439981],[-0.329245,47.441537],[-0.32623,47.442183],[-0.322411,47.441403],[-0.319762,47.440216],[-0.316772,47.439898],[-0.316979,47.439383],[-0.31656,47.439542],[-0.315563,47.438306],[-0.31243,47.437255],[-0.312205,47.436655],[-0.311448,47.436589],[-0.312606,47.435176],[-0.307601,47.43337],[-0.30788,47.433157],[-0.306343,47.43246],[-0.305792,47.432859],[-0.302559,47.431499],[-0.294121,47.42978],[-0.292385,47.428285],[-0.289927,47.427247],[-0.289784,47.426422],[-0.28888,47.426046],[-0.288451,47.425425],[-0.285312,47.424702],[-0.283833,47.422687],[-0.282909,47.422095],[-0.280789,47.421604],[-0.277978,47.42242],[-0.277461,47.42319],[-0.277008,47.425751],[-0.276159,47.426343],[-0.274533,47.426198],[-0.272455,47.42492],[-0.272811,47.424372],[-0.271509,47.424012],[-0.271839,47.423252],[-0.271422,47.421735],[-0.270665,47.420918],[-0.269126,47.420019],[-0.268666,47.419104],[-0.269152,47.417419],[-0.271874,47.415495],[-0.27423,47.414561],[-0.280661,47.413156],[-0.280464,47.412694],[-0.281932,47.411756],[-0.280705,47.411218],[-0.281056,47.409714],[-0.281778,47.408544],[-0.281604,47.407437],[-0.282308,47.406643],[-0.285613,47.40535],[-0.288793,47.402763],[-0.289158,47.402794],[-0.291875,47.40019],[-0.296684,47.401448],[-0.304747,47.40526],[-0.325202,47.407938],[-0.331845,47.408444],[-0.33956,47.410214],[-0.351931,47.412072],[-0.376796,47.41644],[-0.383822,47.416982],[-0.38533,47.416951],[-0.386046,47.416428],[-0.388768,47.416759],[-0.389891,47.417535],[-0.393381,47.417806],[-0.402886,47.417724],[-0.414602,47.417173]]],"type":"Polygon"},"properties":{"id_edu_college":"36","sc_college_nom":"Collège Jean Rostand","sc_college_adr":"142, avenue de la République","sc_college_com":"TRELAZE","sc_college_com_del":null,"sc_college_tel":"02 41 69 01 80","sc_college_web":"http://jean-rostand.anjou.e-lyco.fr","shape_area":53443711.974365234,"shape_length":57071.98915821118,"geo_point_2d":{"lon":-0.3944643916565393,"lat":47.43083704057685}}},{"type":"Feature","geometry":{"coordinates":[[[0.117468,47.332306],[0.11843,47.326063],[0.114097,47.320039],[0.11396,47.318286],[0.108952,47.313271],[0.103435,47.310546],[0.101063,47.309888],[0.099388,47.308825],[0.098463,47.30745],[0.098174,47.305987],[0.099342,47.303264],[0.095499,47.304128],[0.092267,47.300466],[0.088721,47.295775],[0.086587,47.292612],[0.086065,47.290496],[0.085563,47.289696],[0.082165,47.287635],[0.080373,47.285281],[0.078502,47.283737],[0.078349,47.282917],[0.089318,47.282967],[0.089569,47.281597],[0.088489,47.278879],[0.08855,47.27538],[0.086494,47.27556],[0.085853,47.275048],[0.0834,47.274958],[0.081811,47.27319],[0.081216,47.27308],[0.08061,47.272034],[0.079901,47.271683],[0.080624,47.270769],[0.080438,47.270402],[0.08157,47.269594],[0.081476,47.26912],[0.080471,47.267459],[0.079503,47.266815],[0.080683,47.265651],[0.080689,47.265145],[0.076811,47.263844],[0.074841,47.262293],[0.074695,47.261597],[0.077351,47.253815],[0.076962,47.251817],[0.075006,47.250281],[0.074956,47.248175],[0.067892,47.24751],[0.067969,47.245179],[0.069379,47.242948],[0.069919,47.241018],[0.072923,47.237332],[0.073704,47.237074],[0.073843,47.236664],[0.073827,47.232232],[0.074266,47.229933],[0.073709,47.229612],[0.074362,47.227708],[0.074102,47.226691],[0.072931,47.22645],[0.073266,47.223948],[0.0715,47.223229],[0.071651,47.221786],[0.072519,47.22064],[0.072473,47.22],[0.07127,47.219661],[0.068612,47.220389],[0.066911,47.221225],[0.063515,47.221417],[0.06095,47.220764],[0.059444,47.218548],[0.055236,47.22064],[0.052824,47.222697],[0.048454,47.225092],[0.033553,47.230423],[0.033706,47.230715],[0.030524,47.231895],[0.022363,47.233638],[0.010216,47.237493],[0.008827,47.23817],[0.006075,47.24064],[0.002932,47.242495],[0.001461,47.242496],[-0.000376,47.243114],[-0.004275,47.245121],[-0.008855,47.246463],[-0.02117,47.249304],[-0.037422,47.250847],[-0.04569,47.253162],[-0.056948,47.255254],[-0.057312,47.257052],[-0.066287,47.262179],[-0.071524,47.266825],[-0.077655,47.270489],[-0.084168,47.272879],[-0.087672,47.270941],[-0.088565,47.268556],[-0.088906,47.26835],[-0.101647,47.27704],[-0.123939,47.293216],[-0.127251,47.293867],[-0.137764,47.298907],[-0.141711,47.302862],[-0.146509,47.30656],[-0.150558,47.310852],[-0.15542,47.314415],[-0.160317,47.316782],[-0.163795,47.319075],[-0.167614,47.320799],[-0.169657,47.319631],[-0.174142,47.319632],[-0.173838,47.320513],[-0.177024,47.321821],[-0.172141,47.326733],[-0.166354,47.329715],[-0.164348,47.331241],[-0.163345,47.332478],[-0.162197,47.335202],[-0.15761,47.338489],[-0.157587,47.339062],[-0.154955,47.340598],[-0.152699,47.343732],[-0.149496,47.34189],[-0.144822,47.340732],[-0.144069,47.339801],[-0.142622,47.339093],[-0.138927,47.336433],[-0.135073,47.335103],[-0.131288,47.333328],[-0.127317,47.330639],[-0.122592,47.328944],[-0.120192,47.3269],[-0.119874,47.325955],[-0.119952,47.324153],[-0.11786,47.322299],[-0.115684,47.32479],[-0.114646,47.325324],[-0.112564,47.327464],[-0.112179,47.327981],[-0.11233,47.328452],[-0.107774,47.333463],[-0.108353,47.334409],[-0.109738,47.340042],[-0.107138,47.342034],[-0.104765,47.340983],[-0.100555,47.339649],[-0.1003,47.339852],[-0.099152,47.339122],[-0.094954,47.338348],[-0.093001,47.341194],[-0.090057,47.343841],[-0.088871,47.345579],[-0.089263,47.346458],[-0.088667,47.348804],[-0.086747,47.34859],[-0.085661,47.348104],[-0.085806,47.347908],[-0.082911,47.346775],[-0.082818,47.347173],[-0.079641,47.347546],[-0.07908,47.348129],[-0.077625,47.348707],[-0.073287,47.349887],[-0.069769,47.349363],[-0.063478,47.347244],[-0.062206,47.347476],[-0.062063,47.344429],[-0.062702,47.342623],[-0.064409,47.34064],[-0.06092,47.338203],[-0.057638,47.338877],[-0.055827,47.338895],[-0.055312,47.339421],[-0.052031,47.339459],[-0.051128,47.339197],[-0.050729,47.339591],[-0.05096,47.339699],[-0.048127,47.342351],[-0.04863,47.342708],[-0.047353,47.34494],[-0.04643,47.345699],[-0.044872,47.345874],[-0.045816,47.346263],[-0.0451,47.347217],[-0.044864,47.347075],[-0.043095,47.348314],[-0.041996,47.347859],[-0.040362,47.348683],[-0.035601,47.352463],[-0.033036,47.353199],[-0.033221,47.353952],[-0.033008,47.354612],[-0.031821,47.354722],[-0.02944,47.35371],[-0.02805,47.354049],[-0.028028,47.353557],[-0.026318,47.353727],[-0.025633,47.353379],[-0.019963,47.35642],[-0.015528,47.355249],[-0.015032,47.353729],[-0.013687,47.35272],[-0.012455,47.352488],[-0.009334,47.348842],[-0.007757,47.34951],[-0.000107,47.351118],[0.008217,47.352014],[0.010518,47.352929],[0.013371,47.353524],[0.013907,47.352987],[0.014155,47.351867],[0.015502,47.351309],[0.01605,47.348352],[0.017231,47.350251],[0.017205,47.351299],[0.026744,47.360284],[0.028203,47.361447],[0.0293,47.361886],[0.029745,47.362471],[0.03732,47.366135],[0.039844,47.366548],[0.042623,47.366438],[0.046321,47.367797],[0.048043,47.36921],[0.048315,47.369979],[0.049813,47.369983],[0.05495,47.371084],[0.060283,47.369387],[0.062905,47.368775],[0.063939,47.369099],[0.066637,47.367938],[0.069107,47.367491],[0.070754,47.364965],[0.075354,47.365211],[0.078622,47.365025],[0.08035,47.367845],[0.090693,47.367516],[0.098611,47.366423],[0.098705,47.365545],[0.105785,47.360679],[0.106981,47.35937],[0.110473,47.356678],[0.11244,47.360249],[0.11384,47.361444],[0.115014,47.363012],[0.118718,47.363051],[0.133335,47.360416],[0.133376,47.361414],[0.135688,47.361563],[0.138512,47.360847],[0.140415,47.361807],[0.142136,47.36005],[0.142227,47.359425],[0.143828,47.35761],[0.146753,47.352184],[0.146964,47.350421],[0.147845,47.347639],[0.147454,47.345994],[0.14265,47.342267],[0.139978,47.339632],[0.138616,47.338016],[0.137976,47.336051],[0.126408,47.332561],[0.119987,47.332152],[0.117468,47.332306]]],"type":"Polygon"},"properties":{"id_edu_college":"17","sc_college_nom":"Collège Honoré de Balzac","sc_college_adr":"19 rue de la prévoté","sc_college_com":"SAUMUR","sc_college_com_del":"SAINT-LAMBERT-DES-LEVEES","sc_college_tel":"02 41 67 39 05","sc_college_web":"http://honore-balzac.e-lyco.fr","shape_area":209601246.27856445,"shape_length":81478.89267219414,"geo_point_2d":{"lon":0.0003815279589308673,"lat":47.30544295928027}}},{"type":"Feature","geometry":{"coordinates":[[[[-0.84766,46.986228],[-0.847915,46.982014],[-0.849203,46.982131],[-0.852226,46.980938],[-0.853824,46.979929],[-0.85643,46.979073],[-0.857176,46.978144],[-0.85654,46.977397],[-0.855274,46.977116],[-0.85046,46.973974],[-0.849242,46.97382],[-0.851523,46.971566],[-0.8526,46.971008],[-0.85353,46.97085],[-0.853971,46.971197],[-0.854617,46.971188],[-0.858258,46.969281],[-0.860658,46.968886],[-0.860947,46.969361],[-0.861437,46.969427],[-0.861013,46.969954],[-0.861169,46.970234],[-0.862803,46.970306],[-0.862643,46.970842],[-0.862043,46.971125],[-0.863063,46.971487],[-0.862631,46.972212],[-0.863054,46.972617],[-0.864042,46.972856],[-0.865056,46.972695],[-0.866704,46.973134],[-0.867244,46.972902],[-0.866871,46.972663],[-0.867239,46.972541],[-0.868013,46.972796],[-0.868179,46.973273],[-0.869896,46.972059],[-0.870414,46.972274],[-0.87059,46.972897],[-0.871639,46.972761],[-0.871464,46.973387],[-0.872356,46.973921],[-0.873024,46.974041],[-0.873395,46.973735],[-0.873697,46.974036],[-0.876047,46.974265],[-0.876433,46.974575],[-0.877306,46.973998],[-0.877939,46.974806],[-0.87925,46.974666],[-0.880167,46.975259],[-0.879569,46.976065],[-0.880691,46.976365],[-0.880738,46.977058],[-0.881875,46.977025],[-0.882064,46.977455],[-0.882594,46.977196],[-0.882176,46.976556],[-0.884937,46.977334],[-0.885156,46.976298],[-0.886918,46.976492],[-0.888462,46.975566],[-0.88977,46.976132],[-0.892187,46.976082],[-0.89268,46.977473],[-0.892484,46.978577],[-0.89469,46.979395],[-0.895071,46.979177],[-0.894874,46.980231],[-0.896843,46.980815],[-0.89488,46.98279],[-0.89505,46.982986],[-0.893065,46.984496],[-0.895414,46.985393],[-0.895727,46.985249],[-0.89623,46.985842],[-0.895404,46.986335],[-0.898933,46.988627],[-0.897542,46.989873],[-0.90103,46.991734],[-0.900889,46.992293],[-0.902118,46.993637],[-0.904396,46.994915],[-0.907873,46.994955],[-0.908013,46.993961],[-0.908721,46.993784],[-0.908442,46.993064],[-0.908708,46.99287],[-0.910136,46.993697],[-0.910316,46.994396],[-0.9117,46.995997],[-0.912372,46.995659],[-0.911471,46.994439],[-0.910853,46.994271],[-0.912311,46.992815],[-0.91297,46.992366],[-0.915289,46.992611],[-0.915649,46.993302],[-0.914227,46.994688],[-0.916525,46.996111],[-0.918747,46.995522],[-0.918685,46.996536],[-0.921435,46.998028],[-0.91993,46.998618],[-0.917958,46.998454],[-0.916957,46.999858],[-0.91566,46.999812],[-0.914871,47.000633],[-0.915853,47.001637],[-0.919365,47.002324],[-0.919063,47.002974],[-0.91961,47.003338],[-0.920686,47.003007],[-0.920992,47.003543],[-0.922894,47.0031],[-0.923051,47.002413],[-0.924316,47.00293],[-0.925021,47.002535],[-0.9253,47.002205],[-0.924907,47.001657],[-0.925042,46.999834],[-0.928445,47.000682],[-0.928231,47.001508],[-0.928661,47.002451],[-0.930144,47.002025],[-0.932392,47.002206],[-0.932632,47.00195],[-0.933984,47.002852],[-0.934643,47.002132],[-0.935226,47.002345],[-0.934372,47.003757],[-0.93278,47.00456],[-0.931063,47.003357],[-0.931039,47.004519],[-0.930319,47.003907],[-0.929018,47.003499],[-0.928248,47.00382],[-0.928311,47.004452],[-0.927821,47.004826],[-0.927819,47.006037],[-0.927473,47.006346],[-0.929074,47.00803],[-0.930279,47.007656],[-0.93073,47.006873],[-0.931992,47.005996],[-0.932389,47.006069],[-0.93192,47.0066],[-0.932015,47.007985],[-0.93295,47.007838],[-0.933399,47.009041],[-0.934022,47.008172],[-0.934658,47.008674],[-0.883344,47.057332],[-0.882905,47.057793],[-0.883207,47.058326],[-0.880137,47.058542],[-0.880506,47.062135],[-0.877616,47.062465],[-0.871986,47.060867],[-0.878477,47.056074],[-0.876885,47.055344],[-0.876784,47.055112],[-0.877142,47.054908],[-0.876086,47.053797],[-0.876251,47.052966],[-0.876026,47.052585],[-0.874285,47.051699],[-0.874022,47.049688],[-0.872296,47.048719],[-0.871894,47.04783],[-0.870599,47.047374],[-0.870719,47.046617],[-0.867528,47.045865],[-0.867255,47.045951],[-0.867466,47.046436],[-0.866091,47.046566],[-0.866231,47.046964],[-0.865429,47.047126],[-0.86389,47.047196],[-0.86309,47.046609],[-0.863736,47.046412],[-0.863663,47.045592],[-0.864105,47.045098],[-0.863835,47.044454],[-0.864114,47.044042],[-0.864014,47.043048],[-0.863245,47.042517],[-0.863541,47.041912],[-0.862968,47.041778],[-0.862086,47.040791],[-0.862572,47.04016],[-0.862298,47.039094],[-0.861348,47.038683],[-0.861497,47.037746],[-0.861003,47.037844],[-0.860499,47.037485],[-0.859894,47.03647],[-0.860185,47.036228],[-0.859852,47.035875],[-0.860285,47.035669],[-0.860178,47.034943],[-0.858905,47.035197],[-0.858926,47.034717],[-0.857179,47.033853],[-0.857301,47.033178],[-0.856629,47.0332],[-0.854898,47.031481],[-0.854533,47.030675],[-0.855516,47.030209],[-0.854943,47.029655],[-0.855629,47.029243],[-0.85517,47.0287],[-0.855624,47.028005],[-0.85444,47.027246],[-0.85412,47.026465],[-0.854459,47.026173],[-0.85412,47.025562],[-0.852738,47.025108],[-0.852736,47.024421],[-0.852293,47.024063],[-0.849604,47.023319],[-0.847829,47.024017],[-0.847476,47.025854],[-0.84472,47.026228],[-0.843539,47.027395],[-0.843717,47.028389],[-0.846095,47.029431],[-0.844762,47.031169],[-0.843765,47.031656],[-0.841241,47.031519],[-0.838838,47.032061],[-0.83957,47.03243],[-0.839589,47.032744],[-0.839017,47.033298],[-0.838902,47.033904],[-0.838207,47.034262],[-0.838637,47.034422],[-0.838614,47.035071],[-0.837947,47.036202],[-0.836489,47.03709],[-0.835859,47.036852],[-0.834706,47.037247],[-0.833755,47.036639],[-0.833083,47.036879],[-0.833059,47.037213],[-0.833743,47.037746],[-0.832703,47.038292],[-0.832599,47.039589],[-0.832012,47.03947],[-0.831931,47.039878],[-0.831105,47.040403],[-0.830282,47.040489],[-0.83036,47.040011],[-0.830004,47.039561],[-0.829125,47.039855],[-0.828797,47.039658],[-0.829026,47.039291],[-0.828616,47.039238],[-0.828922,47.038763],[-0.826696,47.037896],[-0.826071,47.03835],[-0.82617,47.038996],[-0.825553,47.039028],[-0.825858,47.039372],[-0.825463,47.040018],[-0.82458,47.040448],[-0.82339,47.040607],[-0.8232,47.04027],[-0.822155,47.039938],[-0.821288,47.039034],[-0.82046,47.038792],[-0.820837,47.039243],[-0.82054,47.039096],[-0.820104,47.039466],[-0.819764,47.039214],[-0.816453,47.040554],[-0.81513,47.039764],[-0.814609,47.039893],[-0.813947,47.040951],[-0.811029,47.040515],[-0.810121,47.041515],[-0.810391,47.041817],[-0.810104,47.042399],[-0.809567,47.042481],[-0.809654,47.042877],[-0.809249,47.043058],[-0.809469,47.043518],[-0.809048,47.044159],[-0.809805,47.044412],[-0.809996,47.04492],[-0.809652,47.04559],[-0.804506,47.045397],[-0.804198,47.045641],[-0.804431,47.046302],[-0.80385,47.046364],[-0.804126,47.046761],[-0.803374,47.047242],[-0.801377,47.046695],[-0.800071,47.047866],[-0.79937,47.047771],[-0.798497,47.047154],[-0.797948,47.045978],[-0.797094,47.045698],[-0.794718,47.045797],[-0.794872,47.045515],[-0.794317,47.045326],[-0.794932,47.043269],[-0.790437,47.043465],[-0.786029,47.042803],[-0.785013,47.043613],[-0.785027,47.044214],[-0.784504,47.044216],[-0.782337,47.043851],[-0.780372,47.042909],[-0.777827,47.042578],[-0.775488,47.040949],[-0.773862,47.038015],[-0.77286,47.037312],[-0.768454,47.040026],[-0.766566,47.040756],[-0.766205,47.039949],[-0.765536,47.040216],[-0.764967,47.03981],[-0.763461,47.040218],[-0.76392,47.040755],[-0.763618,47.040853],[-0.762698,47.039981],[-0.760919,47.039643],[-0.760567,47.040571],[-0.758322,47.040044],[-0.758321,47.040728],[-0.756838,47.040775],[-0.755527,47.039168],[-0.75254,47.037302],[-0.751255,47.035534],[-0.750046,47.036973],[-0.750077,47.037885],[-0.749827,47.038127],[-0.74811,47.038413],[-0.744507,47.041582],[-0.743888,47.041207],[-0.740705,47.037371],[-0.737912,47.035686],[-0.738173,47.034377],[-0.73518,47.03414],[-0.737378,47.029821],[-0.735083,47.029439],[-0.735556,47.028931],[-0.734619,47.027127],[-0.733405,47.026518],[-0.730801,47.026126],[-0.731401,47.025179],[-0.731092,47.024962],[-0.731279,47.024507],[-0.732346,47.024241],[-0.731155,47.023819],[-0.729204,47.024198],[-0.72872,47.02369],[-0.73168,47.022149],[-0.731658,47.02111],[-0.731123,47.020872],[-0.73104,47.020067],[-0.732227,47.019411],[-0.733355,47.019407],[-0.736467,47.016724],[-0.733588,47.014819],[-0.732747,47.014013],[-0.732931,47.013752],[-0.730979,47.013538],[-0.730023,47.012063],[-0.728237,47.010765],[-0.723989,47.010272],[-0.725022,47.009233],[-0.726156,47.008927],[-0.727825,47.007169],[-0.725622,47.006702],[-0.712468,47.005653],[-0.708904,47.004196],[-0.706111,47.001838],[-0.705387,47.002949],[-0.702724,47.002902],[-0.702004,47.002534],[-0.702626,47.001056],[-0.701219,47.00078],[-0.702612,47.000198],[-0.703472,47.000319],[-0.704953,46.999811],[-0.705436,46.999114],[-0.705371,46.998511],[-0.702543,46.997521],[-0.698582,46.994648],[-0.699642,46.993216],[-0.700696,46.992576],[-0.702231,46.992246],[-0.703282,46.992539],[-0.70435,46.992196],[-0.703637,46.991424],[-0.704682,46.990212],[-0.706509,46.989022],[-0.712202,46.986674],[-0.713859,46.985145],[-0.715947,46.98402],[-0.718107,46.987193],[-0.723719,46.992209],[-0.726677,46.993382],[-0.72926,46.995934],[-0.732543,46.997508],[-0.736484,46.997961],[-0.739475,46.998787],[-0.743405,47.000992],[-0.743626,46.994335],[-0.74298,46.992012],[-0.747754,46.991537],[-0.750554,46.992744],[-0.753551,46.992972],[-0.756819,46.991958],[-0.757656,46.992214],[-0.761515,46.992264],[-0.76411,46.992997],[-0.765475,46.994016],[-0.76528,46.994815],[-0.767098,46.995785],[-0.768062,46.99516],[-0.768885,46.995031],[-0.768693,46.998337],[-0.767998,46.99898],[-0.768472,47.001449],[-0.768847,47.001562],[-0.769335,47.002974],[-0.771352,47.003471],[-0.772347,47.004161],[-0.772268,47.004577],[-0.773718,47.004606],[-0.773889,47.004394],[-0.773548,47.004215],[-0.775295,47.003965],[-0.77521,47.003652],[-0.776458,47.003002],[-0.77756,47.003762],[-0.778047,47.003757],[-0.778001,47.00428],[-0.779699,47.004275],[-0.779971,47.003385],[-0.781021,47.003138],[-0.781774,47.002141],[-0.783438,47.001813],[-0.784541,47.002807],[-0.784226,47.003024],[-0.784603,47.003138],[-0.784486,47.004214],[-0.784968,47.004748],[-0.786168,47.004982],[-0.786724,47.005452],[-0.78967,47.003752],[-0.789635,47.002406],[-0.791189,47.0001],[-0.79344,46.998081],[-0.794844,46.997696],[-0.796264,46.996051],[-0.800662,46.994378],[-0.80338,46.994287],[-0.804104,46.99387],[-0.805517,46.994451],[-0.806226,46.994169],[-0.807032,46.994405],[-0.809165,46.993135],[-0.810151,46.991958],[-0.810871,46.991732],[-0.81103,46.991511],[-0.809145,46.99059],[-0.808373,46.991571],[-0.806324,46.990554],[-0.805102,46.989541],[-0.807346,46.988608],[-0.808467,46.987583],[-0.808091,46.986954],[-0.808466,46.986718],[-0.809551,46.988562],[-0.81035,46.988427],[-0.810992,46.989415],[-0.812299,46.989251],[-0.812597,46.990568],[-0.815701,46.989765],[-0.811339,46.991774],[-0.811501,46.994372],[-0.811747,46.994549],[-0.815426,46.993264],[-0.817527,46.993124],[-0.81869,46.994079],[-0.826568,46.992643],[-0.828933,46.99147],[-0.831333,46.989756],[-0.831489,46.988715],[-0.834276,46.987467],[-0.836343,46.985762],[-0.839504,46.985428],[-0.842993,46.990173],[-0.843997,46.989672],[-0.846592,46.986729],[-0.847436,46.986872],[-0.84766,46.986228]]],[[[-0.652033,47.023925],[-0.649009,47.021858],[-0.648431,47.021124],[-0.644644,47.019147],[-0.638284,47.018551],[-0.636578,47.01747],[-0.627315,47.016906],[-0.622198,47.014721],[-0.619783,47.016448],[-0.617052,47.014745],[-0.615641,47.012741],[-0.608535,47.011395],[-0.608127,47.011136],[-0.608098,47.010115],[-0.609932,47.008553],[-0.611492,47.007923],[-0.612674,47.006553],[-0.611429,47.005765],[-0.61025,47.003917],[-0.608856,47.002893],[-0.606534,47.004678],[-0.604324,47.004602],[-0.602158,47.005482],[-0.599945,47.005417],[-0.599497,47.005722],[-0.5977,47.007345],[-0.599244,47.007755],[-0.599532,47.008896],[-0.600916,47.009374],[-0.596219,47.008484],[-0.59474,47.00948],[-0.591093,47.0077],[-0.589374,47.006348],[-0.58718,47.006091],[-0.58775,47.005337],[-0.589206,47.004511],[-0.590324,47.004531],[-0.591247,47.00394],[-0.5927,47.003709],[-0.594036,47.002878],[-0.594749,47.002794],[-0.597171,47.000769],[-0.595709,46.999711],[-0.595348,46.999885],[-0.593961,46.998759],[-0.595493,46.99791],[-0.599647,46.997558],[-0.601611,46.997764],[-0.605809,46.996664],[-0.606965,46.995884],[-0.608485,46.995579],[-0.611707,46.994055],[-0.61453,46.993537],[-0.61564,46.992889],[-0.61796,46.992751],[-0.618781,46.992342],[-0.620603,46.993759],[-0.621938,46.993911],[-0.62494,46.992792],[-0.624561,46.994115],[-0.625647,46.994812],[-0.62635,46.994855],[-0.626537,46.994548],[-0.627917,46.995691],[-0.626743,46.996879],[-0.629751,46.996798],[-0.63266,46.997508],[-0.633867,46.997307],[-0.635438,46.995724],[-0.638994,46.995527],[-0.640352,46.996116],[-0.641046,46.994672],[-0.642167,46.994818],[-0.645504,46.99212],[-0.646962,46.992308],[-0.646391,46.99368],[-0.646963,46.994091],[-0.649992,46.994917],[-0.648025,46.996594],[-0.650398,46.997689],[-0.651846,46.998122],[-0.653462,46.997772],[-0.657311,46.999199],[-0.657708,46.9986],[-0.659127,46.998856],[-0.659373,46.998488],[-0.660979,46.998839],[-0.661627,46.997686],[-0.669937,47.000802],[-0.670346,47.001061],[-0.670368,47.002636],[-0.671196,47.003207],[-0.672793,47.002831],[-0.672988,47.002432],[-0.674719,47.001621],[-0.675502,47.001555],[-0.676179,47.001885],[-0.676831,47.000296],[-0.67555,46.99998],[-0.674732,46.999172],[-0.676007,46.997074],[-0.675567,46.996648],[-0.67725,46.995118],[-0.68038,46.993238],[-0.680836,46.993359],[-0.684201,46.99471],[-0.684373,46.995426],[-0.683676,46.995894],[-0.683827,46.996251],[-0.684621,46.995922],[-0.686416,46.996315],[-0.687756,46.998575],[-0.689892,46.99958],[-0.690813,46.999525],[-0.690321,47.000263],[-0.688987,47.000622],[-0.690897,47.002448],[-0.687718,47.00486],[-0.687363,47.005295],[-0.687321,47.006211],[-0.685653,47.005919],[-0.683368,47.005002],[-0.682687,47.004396],[-0.681785,47.005602],[-0.68208,47.006439],[-0.681783,47.007021],[-0.678099,47.011712],[-0.675227,47.012603],[-0.673421,47.012649],[-0.668456,47.011389],[-0.667132,47.013971],[-0.664558,47.015215],[-0.659843,47.016468],[-0.657295,47.018798],[-0.656792,47.01994],[-0.655619,47.021235],[-0.654416,47.021729],[-0.652033,47.023925]]]],"type":"MultiPolygon"},"properties":{"id_edu_college":"6","sc_college_nom":"Collège Joachim du Bellay","sc_college_adr":"3, square de Liré","sc_college_com":"CHOLET","sc_college_com_del":null,"sc_college_tel":"02 41 62 37 39","sc_college_web":"http://joachim-du-bellay.anjou.e-lyco.fr","shape_area":99529276.94042969,"shape_length":104969.13308281495,"geo_point_2d":{"lon":-0.8025572009795313,"lat":47.01267409243554}}}]}