{"type":"FeatureCollection","features":[{"type":"Feature","geometry":{"coordinates":[[[[2.360903,48.886344],[2.36042,48.885004],[2.359538,48.884979],[2.359766,48.886768],[2.360933,48.886729],[2.360903,48.886344]]],[[[2.364903,48.885716],[2.364196,48.884584],[2.361546,48.884598],[2.362157,48.884772],[2.362304,48.885325],[2.364414,48.885238],[2.364903,48.885716]]],[[[2.361106,48.885854],[2.361353,48.884635],[2.360867,48.884603],[2.360562,48.884887],[2.360953,48.886019],[2.361106,48.885854]]],[[[2.360748,48.887684],[2.360908,48.886847],[2.359789,48.886876],[2.360406,48.887058],[2.360223,48.88768],[2.360748,48.887684]]],[[[2.362725,48.886522],[2.362656,48.886405],[2.361669,48.886657],[2.36157,48.886682],[2.36137,48.886733],[2.361315,48.886814],[2.361336,48.886849],[2.361684,48.886873],[2.361682,48.88687],[2.361675,48.886858],[2.361773,48.886832],[2.362754,48.886573],[2.362725,48.886522]]],[[[2.365143,48.885441],[2.364573,48.8848],[2.364801,48.884587],[2.3643,48.884593],[2.364991,48.885694],[2.365143,48.885441]]],[[[2.360475,48.884639],[2.360458,48.884613],[2.359614,48.884617],[2.359584,48.884637],[2.359587,48.8847],[2.35959,48.884804],[2.359619,48.884821],[2.360309,48.884809],[2.360383,48.884734],[2.360475,48.884639]]]],"type":"MultiPolygon"},"properties":{"id_projet":"MATERNELLES (année scolaire 2020/2021)","libelle":"PAJOL (11) POLY","annee_scol":"2020-2021","zone_commune":0,"etiquette":"Secteur de l'école 11 bis RUE PAJOL","lib_etab_1":"PAJOL (11) POLY","lib_etab_2":null,"lib_etab_3":null,"lib_etab_4":null,"adr_etab_1":"11 bis RUE PAJOL","adr_etab_2":null,"adr_etab_3":null,"adr_etab_4":null,"type_etabl":null,"geo_point_2d":{"lon":2.3615739824534376,"lat":48.88559386558},"st_area_shape":44464.216296363964,"st_perimeter_shape":2744.4946958639084}},{"type":"Feature","geometry":{"coordinates":[[[[2.355926,48.88817],[2.353572,48.887861],[2.353645,48.888418],[2.355946,48.888627],[2.355926,48.88817]]],[[[2.35071,48.889519],[2.350488,48.888865],[2.351181,48.888944],[2.351469,48.888355],[2.349788,48.88842],[2.349817,48.88953],[2.35071,48.889519]]],[[[2.353701,48.890292],[2.354469,48.890302],[2.354472,48.88896],[2.353669,48.889003],[2.353419,48.890273],[2.353701,48.890292]]],[[[2.355181,48.889105],[2.355803,48.88914],[2.355868,48.888755],[2.354643,48.888665],[2.354633,48.890304],[2.355139,48.890313],[2.355181,48.889105]]],[[[2.351959,48.889005],[2.353503,48.888922],[2.353504,48.888558],[2.351682,48.888375],[2.352108,48.888612],[2.351959,48.889005]]],[[[2.352007,48.891373],[2.355012,48.890918],[2.354916,48.890671],[2.352007,48.891373]]],[[[2.355183,48.887588],[2.353831,48.887496],[2.353568,48.887742],[2.356088,48.88796],[2.355183,48.887588]]],[[[2.355385,48.889176],[2.355218,48.890314],[2.355707,48.890299],[2.355856,48.889213],[2.355385,48.889176]]],[[[2.35348,48.888187],[2.35341,48.887676],[2.353177,48.888026],[2.351587,48.888228],[2.353464,48.888402],[2.35348,48.888187]]],[[[2.35427,48.890605],[2.354437,48.890574],[2.354462,48.890552],[2.354463,48.890499],[2.354465,48.890429],[2.354437,48.89041],[2.354228,48.890407],[2.354004,48.890404],[2.353812,48.890401],[2.353696,48.890399],[2.353683,48.8904],[2.353504,48.890409],[2.35344,48.890412],[2.353389,48.890444],[2.35336,48.890593],[2.353359,48.890595],[2.353363,48.890595],[2.353412,48.890763],[2.353638,48.890721],[2.353865,48.890679],[2.354054,48.890644],[2.35427,48.890605]]],[[[2.353814,48.888569],[2.353694,48.888912],[2.354503,48.88885],[2.353814,48.888569]]],[[[2.352487,48.889235],[2.353416,48.889016],[2.351754,48.889105],[2.352487,48.889235]]]],"type":"MultiPolygon"},"properties":{"id_projet":"MATERNELLES (année scolaire 2021/2022)","libelle":"EMILE DUPLOYE (27) MAT","annee_scol":"2021-2022","zone_commune":0,"etiquette":"Secteur de l'école 27 RUE EMILE DUPLOYE","lib_etab_1":"EMILE DUPLOYE (27) MAT","lib_etab_2":null,"lib_etab_3":null,"lib_etab_4":null,"adr_etab_1":"27 RUE EMILE DUPLOYE","adr_etab_2":null,"adr_etab_3":null,"adr_etab_4":null,"type_etabl":"Maternelle","geo_point_2d":{"lon":2.353648898903894,"lat":48.889087619772624},"st_area_shape":74374.1215675427,"st_perimeter_shape":4851.409079110254}},{"type":"Feature","geometry":{"coordinates":[[[[2.333883,48.899307],[2.333897,48.899028],[2.330915,48.898968],[2.330902,48.899246],[2.329986,48.899312],[2.330287,48.900143],[2.334579,48.900232],[2.334623,48.899324],[2.333883,48.899307]]],[[[2.339907,48.900575],[2.33992,48.89944],[2.336539,48.899362],[2.335789,48.900491],[2.339907,48.900575]]],[[[2.343236,48.900705],[2.343292,48.899504],[2.340215,48.899457],[2.340212,48.900613],[2.343236,48.900705]]],[[[2.346117,48.900782],[2.34753,48.900772],[2.34759,48.89959],[2.345625,48.89955],[2.345578,48.900569],[2.344531,48.900689],[2.346117,48.900782]]],[[[2.335248,48.898175],[2.33451,48.89905],[2.336076,48.899082],[2.335248,48.898175]]],[[[2.338103,48.897996],[2.337489,48.898028],[2.336609,48.899017],[2.337405,48.899064],[2.338103,48.897996]]],[[[2.334931,48.899329],[2.33479,48.900411],[2.335238,48.90042],[2.335802,48.899418],[2.334931,48.899329]]],[[[2.345432,48.900443],[2.345472,48.899563],[2.344585,48.899549],[2.344577,48.900434],[2.345432,48.900443]]],[[[2.338414,48.898341],[2.337732,48.899117],[2.338964,48.899063],[2.338414,48.898341]]],[[[2.341141,48.897685],[2.338469,48.89727],[2.338498,48.897501],[2.337733,48.897615],[2.341141,48.897685]]],[[[2.335814,48.898087],[2.336385,48.898734],[2.336573,48.898174],[2.335814,48.898087]]]],"type":"MultiPolygon"},"properties":{"id_projet":"MATERNELLES (année scolaire 2022/2023)","libelle":"FRANCOISE DORLEAC (2) MAT","annee_scol":"2022-2023","zone_commune":0,"etiquette":"Secteur de l'école 2 PLACE FRANCOISE DORLEAC","lib_etab_1":"FRANCOISE DORLEAC (2) MAT","lib_etab_2":null,"lib_etab_3":null,"lib_etab_4":null,"adr_etab_1":"2 PLACE FRANCOISE DORLEAC","adr_etab_2":null,"adr_etab_3":null,"adr_etab_4":null,"type_etabl":"Maternelle","geo_point_2d":{"lon":2.3383773549519646,"lat":48.89970061408831},"st_area_shape":168018.87030652727,"st_perimeter_shape":5699.336927864808}},{"type":"Feature","geometry":{"coordinates":[[[[2.351467,48.88985],[2.351469,48.888355],[2.351181,48.888944],[2.350488,48.888865],[2.350697,48.88961],[2.349825,48.889535],[2.351348,48.890337],[2.351467,48.88985]]],[[[2.351777,48.889015],[2.352108,48.888612],[2.351653,48.888416],[2.351777,48.889015]]],[[[2.353289,48.889708],[2.353422,48.889016],[2.351717,48.889124],[2.351633,48.889703],[2.353289,48.889708]]],[[[2.353269,48.890041],[2.353284,48.889783],[2.351623,48.889774],[2.351824,48.890056],[2.351533,48.890396],[2.353253,48.890316],[2.353269,48.890041]]],[[[2.349401,48.890419],[2.349375,48.889846],[2.348666,48.890383],[2.349401,48.890419]]],[[[2.350134,48.889814],[2.349802,48.889668],[2.349837,48.890466],[2.351283,48.890439],[2.350134,48.889814]]],[[[2.353156,48.890785],[2.353176,48.890427],[2.351558,48.890536],[2.351716,48.891076],[2.353156,48.890785]]],[[[2.35147,48.890739],[2.351405,48.890529],[2.349842,48.890574],[2.34982,48.891365],[2.351501,48.891115],[2.35147,48.890739]]],[[[2.349412,48.89147],[2.349402,48.890567],[2.348578,48.890511],[2.349012,48.890656],[2.349087,48.891386],[2.349412,48.89147]]],[[[2.35155,48.891311],[2.351514,48.891298],[2.351319,48.891334],[2.351124,48.89137],[2.350927,48.891407],[2.35073,48.891443],[2.350533,48.891479],[2.350267,48.891528],[2.350138,48.891552],[2.350103,48.891558],[2.350053,48.891568],[2.35005,48.891568],[2.349955,48.891586],[2.34992,48.891625],[2.349959,48.891717],[2.350018,48.89174],[2.350114,48.891722],[2.350202,48.891706],[2.350332,48.891682],[2.350597,48.891633],[2.350801,48.891595],[2.350991,48.891561],[2.351188,48.891524],[2.351386,48.891488],[2.351482,48.89147],[2.351592,48.89145],[2.35161,48.891426],[2.351574,48.891357],[2.35155,48.891311]]],[[[2.351555,48.892154],[2.351269,48.891716],[2.351646,48.891552],[2.349957,48.89188],[2.350564,48.892123],[2.351032,48.892784],[2.351821,48.89256],[2.351555,48.892154]]]],"type":"MultiPolygon"},"properties":{"id_projet":"MATERNELLES (année scolaire 2023/2024)","libelle":"MARCADET (29) MAT","annee_scol":"2023-2024","zone_commune":0,"etiquette":"Secteur de l'école 29 RUE MARCADET","lib_etab_1":"MARCADET (29) MAT","lib_etab_2":null,"lib_etab_3":null,"lib_etab_4":null,"adr_etab_1":"29 RUE MARCADET","adr_etab_2":null,"adr_etab_3":null,"adr_etab_4":null,"type_etabl":"Maternelle","geo_point_2d":{"lon":2.3512481843067823,"lat":48.89043480853913},"st_area_shape":63364.84277384983,"st_perimeter_shape":4128.774106652769}},{"type":"Feature","geometry":{"coordinates":[[[[2.344278,48.892628],[2.343952,48.892785],[2.344519,48.894468],[2.345238,48.894304],[2.344278,48.892628]]],[[[2.344687,48.892361],[2.34456,48.891754],[2.344052,48.891872],[2.344302,48.89235],[2.344687,48.892361]]],[[[2.344154,48.892431],[2.343907,48.89193],[2.343139,48.892123],[2.343566,48.892383],[2.343361,48.892574],[2.344154,48.892431]]],[[[2.343643,48.892764],[2.342203,48.892942],[2.342722,48.893282],[2.343643,48.892764]]],[[[2.345064,48.892696],[2.344578,48.892821],[2.345279,48.893538],[2.345064,48.892696]]],[[[2.34638,48.892479],[2.346131,48.892598],[2.346397,48.893161],[2.346089,48.893589],[2.346986,48.893304],[2.34638,48.892479]]],[[[2.34604,48.89234],[2.345139,48.892508],[2.345737,48.893609],[2.346256,48.893182],[2.34604,48.89234]]],[[[2.347736,48.893646],[2.347354,48.893539],[2.346901,48.892153],[2.346336,48.892255],[2.347378,48.893731],[2.347736,48.893646]]],[[[2.347068,48.893413],[2.345842,48.893801],[2.346031,48.894093],[2.347272,48.893767],[2.347068,48.893413]]],[[[2.345563,48.893609],[2.345119,48.893706],[2.345442,48.894249],[2.345842,48.894123],[2.345563,48.893609]]],[[[2.343814,48.892875],[2.343038,48.893281],[2.34307,48.893555],[2.344261,48.894398],[2.343814,48.892875]]],[[[2.347576,48.893827],[2.346069,48.89422],[2.346397,48.894767],[2.34691,48.894632],[2.347576,48.893827]]],[[[2.343327,48.893895],[2.343112,48.893781],[2.343292,48.894752],[2.34423,48.894567],[2.343327,48.893895]]],[[[2.342939,48.893739],[2.342568,48.894012],[2.342634,48.894548],[2.343113,48.894818],[2.342939,48.893739]]],[[[2.346757,48.894816],[2.34673,48.894795],[2.34651,48.894853],[2.346452,48.894869],[2.346435,48.894894],[2.346519,48.895048],[2.34656,48.89505],[2.346653,48.89494],[2.346757,48.894816]]]],"type":"MultiPolygon"},"properties":{"id_projet":"MATERNELLES (année scolaire 2024/2025)","libelle":"MONT CENIS (77) MAT","annee_scol":"2024-2025","zone_commune":0,"etiquette":"Secteur de l'école 77 RUE DU MONT CENIS","lib_etab_1":"MONT CENIS (77) MAT","lib_etab_2":null,"lib_etab_3":null,"lib_etab_4":null,"adr_etab_1":"77 RUE DU MONT CENIS","adr_etab_2":null,"adr_etab_3":null,"adr_etab_4":null,"type_etabl":"Maternelle","geo_point_2d":{"lon":2.3449563840272187,"lat":48.89345109774022},"st_area_shape":61707.0832290406,"st_perimeter_shape":4524.5796867322115}},{"type":"Feature","geometry":{"coordinates":[[[2.356344,48.898684],[2.355561,48.898617],[2.355483,48.899194],[2.35633,48.899285],[2.356344,48.898684]]],"type":"Polygon"},"properties":{"id_projet":"MATERNELLES (année scolaire 2024/2025)","libelle":"ZM.POISSONNIERS (142)/KOTCHEVER(4)","annee_scol":"2024-2025","zone_commune":1,"etiquette":"Secteur commun des écoles \n142 RUE DES POISSONNIERS \n4 RUE EVA KOTCHEVER","lib_etab_1":"POISSONNIERS (142) POLY","lib_etab_2":"EVA KOTCHEVER (4) POLY","lib_etab_3":null,"lib_etab_4":null,"adr_etab_1":"142 RUE DES POISSONNIERS","adr_etab_2":"4 RUE EVA KOTCHEVER","adr_etab_3":null,"adr_etab_4":null,"type_etabl":"Maternelle","geo_point_2d":{"lon":2.355931232114319,"lat":48.89894867662327},"st_area_shape":3952.9821970785074,"st_perimeter_shape":252.0838802161361}},{"type":"Feature","geometry":{"coordinates":[[[[2.335968,48.884709],[2.336885,48.884301],[2.33616,48.882942],[2.335727,48.883071],[2.335989,48.883485],[2.335485,48.883144],[2.336007,48.883963],[2.335438,48.883157],[2.334435,48.883468],[2.333676,48.884645],[2.334298,48.884716],[2.334102,48.885063],[2.335291,48.884631],[2.33418,48.885109],[2.334555,48.885118],[2.334377,48.885329],[2.335968,48.884709]],[[2.336113,48.884207],[2.336223,48.884178],[2.336328,48.884151],[2.336399,48.884132],[2.33649,48.884108],[2.336615,48.884076],[2.336671,48.884061],[2.336684,48.884085],[2.336581,48.884112],[2.3365,48.884133],[2.336364,48.884166],[2.336258,48.884194],[2.336039,48.884253],[2.33595,48.884277],[2.335888,48.884293],[2.335813,48.884313],[2.335798,48.884288],[2.335812,48.884284],[2.335848,48.884275],[2.335933,48.884253],[2.336113,48.884207]]],[[[2.341666,48.883372],[2.341797,48.882612],[2.34119,48.882493],[2.341174,48.88281],[2.341136,48.882483],[2.339726,48.882306],[2.33976,48.882815],[2.340365,48.882801],[2.339764,48.882889],[2.339849,48.883525],[2.341666,48.883372]]],[[[2.343422,48.883549],[2.3431,48.883115],[2.343752,48.882994],[2.341954,48.882661],[2.341858,48.88316],[2.342717,48.883326],[2.342211,48.883469],[2.343422,48.883549]]],[[[2.3379,48.882511],[2.337319,48.882595],[2.337981,48.883706],[2.338674,48.883523],[2.3379,48.882511]]],[[[2.339591,48.88253],[2.339511,48.882261],[2.338041,48.882497],[2.339116,48.883853],[2.339642,48.88362],[2.339591,48.88253]]],[[[2.341629,48.883524],[2.339831,48.883616],[2.339809,48.884109],[2.341402,48.883942],[2.341629,48.883524]]],[[[2.334204,48.883563],[2.333028,48.883873],[2.333844,48.884111],[2.334204,48.883563]]],[[[2.339664,48.883822],[2.338821,48.884225],[2.339644,48.884156],[2.339664,48.883822]]],[[[2.342766,48.884126],[2.343483,48.88378],[2.342658,48.883633],[2.341757,48.883551],[2.341556,48.883923],[2.342766,48.884126]]],[[[2.337889,48.883732],[2.337218,48.882625],[2.336971,48.882698],[2.337429,48.883666],[2.336904,48.882721],[2.336272,48.882919],[2.336974,48.884297],[2.337889,48.883732]]],[[[2.333775,48.88429],[2.333011,48.883971],[2.333594,48.884541],[2.333775,48.88429]]],[[[2.338767,48.883991],[2.338999,48.883898],[2.338708,48.88356],[2.337432,48.883907],[2.337853,48.884571],[2.338767,48.883991]]],[[[2.339692,48.884621],[2.339654,48.884244],[2.33882,48.884358],[2.339692,48.884621]]],[[[2.341142,48.884415],[2.341282,48.884048],[2.33981,48.884224],[2.339823,48.884603],[2.340573,48.884355],[2.340556,48.88491],[2.341142,48.884415]]],[[[2.337298,48.884485],[2.337797,48.884613],[2.337529,48.884175],[2.337025,48.884359],[2.337218,48.884892],[2.337298,48.884485]]],[[[2.34184,48.884187],[2.341636,48.884163],[2.341879,48.884908],[2.342395,48.884784],[2.342424,48.884336],[2.34184,48.884187]]],[[[2.336357,48.884951],[2.336627,48.884735],[2.337142,48.884924],[2.33693,48.884407],[2.335846,48.884842],[2.336357,48.884951]]],[[[2.340757,48.885094],[2.341748,48.884947],[2.34151,48.884205],[2.340545,48.884998],[2.340757,48.885094]]],[[[2.343331,48.884867],[2.342779,48.884416],[2.342518,48.885173],[2.343331,48.884867]]],[[[2.335348,48.885201],[2.335435,48.885168],[2.335442,48.885175],[2.335459,48.885168],[2.335548,48.885133],[2.335552,48.885131],[2.335589,48.885117],[2.335607,48.88511],[2.335617,48.885106],[2.335622,48.885104],[2.335613,48.885092],[2.335675,48.884935],[2.335659,48.884933],[2.335519,48.884987],[2.335337,48.885058],[2.335249,48.885092],[2.335137,48.885135],[2.335135,48.88514],[2.335261,48.885176],[2.335305,48.885158],[2.33531,48.885157],[2.335323,48.885172],[2.335348,48.885201]]],[[[2.34238,48.884908],[2.341938,48.885008],[2.342017,48.885315],[2.34238,48.884908]]],[[[2.341846,48.885222],[2.341796,48.885077],[2.341683,48.885168],[2.341688,48.885175],[2.34171,48.885206],[2.341727,48.885231],[2.341666,48.885248],[2.341694,48.885293],[2.341695,48.885294],[2.341697,48.885298],[2.341883,48.885329],[2.341846,48.885222]]],[[[2.334759,48.885368],[2.334763,48.885367],[2.334781,48.885386],[2.334815,48.885376],[2.334832,48.885371],[2.334841,48.885369],[2.334912,48.885348],[2.334951,48.885336],[2.334944,48.885328],[2.334943,48.885328],[2.334988,48.885204],[2.334972,48.885201],[2.334867,48.885241],[2.334703,48.885304],[2.334554,48.88536],[2.334545,48.885351],[2.334446,48.885395],[2.334449,48.885397],[2.334654,48.885419],[2.334688,48.885402],[2.334759,48.885368]]],[[[2.338425,48.885527],[2.337948,48.88477],[2.338477,48.885484],[2.339044,48.885147],[2.338712,48.885163],[2.33872,48.884641],[2.338061,48.884626],[2.337866,48.885063],[2.338425,48.885527]]],[[[2.342294,48.88565],[2.342325,48.885349],[2.342048,48.885404],[2.342294,48.88565]]],[[[2.341922,48.885444],[2.341921,48.885441],[2.341754,48.88549],[2.34183,48.885603],[2.341911,48.885722],[2.341985,48.885709],[2.342006,48.885685],[2.341946,48.885511],[2.341922,48.885444]]]],"type":"MultiPolygon"},"properties":{"id_projet":"MATERNELLES (année scolaire 2025/2026)","libelle":"ORSEL (56) MAT","annee_scol":"2025-2026","zone_commune":0,"etiquette":"Secteur de l'école 56 RUE D'ORSEL","lib_etab_1":"ORSEL (56) MAT","lib_etab_2":null,"lib_etab_3":null,"lib_etab_4":null,"adr_etab_1":"56 RUE D'ORSEL","adr_etab_2":null,"adr_etab_3":null,"adr_etab_4":null,"type_etabl":"Maternelle","geo_point_2d":{"lon":2.338606409889436,"lat":48.8837880305014},"st_area_shape":138878.23502199026,"st_perimeter_shape":9170.827172928604}},{"type":"Feature","geometry":{"coordinates":[[[[2.351467,48.88985],[2.351469,48.888355],[2.351181,48.888944],[2.350488,48.888865],[2.350697,48.88961],[2.349825,48.889535],[2.351348,48.890337],[2.351467,48.88985]]],[[[2.349401,48.890419],[2.349375,48.889846],[2.348666,48.890383],[2.349401,48.890419]]],[[[2.351777,48.889015],[2.352108,48.888612],[2.351653,48.888416],[2.351777,48.889015]]],[[[2.35155,48.891311],[2.351514,48.891298],[2.351319,48.891334],[2.351124,48.89137],[2.350927,48.891407],[2.35073,48.891443],[2.350533,48.891479],[2.350267,48.891528],[2.350138,48.891552],[2.350103,48.891558],[2.350053,48.891568],[2.35005,48.891568],[2.349955,48.891586],[2.34992,48.891625],[2.349959,48.891717],[2.350018,48.89174],[2.350114,48.891722],[2.350202,48.891706],[2.350332,48.891682],[2.350597,48.891633],[2.350801,48.891595],[2.350991,48.891561],[2.351188,48.891524],[2.351386,48.891488],[2.351482,48.89147],[2.351592,48.89145],[2.35161,48.891426],[2.351574,48.891357],[2.35155,48.891311]]],[[[2.349412,48.89147],[2.349402,48.890567],[2.348578,48.890511],[2.349012,48.890656],[2.349087,48.891386],[2.349412,48.89147]]],[[[2.350134,48.889814],[2.349802,48.889668],[2.349837,48.890466],[2.351283,48.890439],[2.350134,48.889814]]],[[[2.353156,48.890785],[2.353176,48.890427],[2.351558,48.890536],[2.351716,48.891076],[2.353156,48.890785]]],[[[2.353289,48.889708],[2.353422,48.889016],[2.351717,48.889124],[2.351633,48.889703],[2.353289,48.889708]]],[[[2.353269,48.890041],[2.353284,48.889783],[2.351623,48.889774],[2.351824,48.890056],[2.351533,48.890396],[2.353253,48.890316],[2.353269,48.890041]]],[[[2.351555,48.892154],[2.351269,48.891716],[2.351646,48.891552],[2.349957,48.89188],[2.350564,48.892123],[2.351032,48.892784],[2.351821,48.89256],[2.351555,48.892154]]],[[[2.35147,48.890739],[2.351405,48.890529],[2.349842,48.890574],[2.34982,48.891365],[2.351501,48.891115],[2.35147,48.890739]]]],"type":"MultiPolygon"},"properties":{"id_projet":"MATERNELLES (année scolaire 2026/2027)","libelle":"MARCADET (29) MAT","annee_scol":"2026-2027","zone_commune":0,"etiquette":"Secteur de l'école 29 MARCADET (29) MAT","lib_etab_1":"MARCADET (29) MAT","lib_etab_2":null,"lib_etab_3":null,"lib_etab_4":null,"adr_etab_1":"29 MARCADET (29) MAT","adr_etab_2":null,"adr_etab_3":null,"adr_etab_4":null,"type_etabl":"Maternelle","geo_point_2d":{"lon":2.3512481843067796,"lat":48.89043480853913},"st_area_shape":63364.842773849836,"st_perimeter_shape":4128.774106652769}},{"type":"Feature","geometry":{"coordinates":[[[[2.332731,48.886486],[2.333713,48.886126],[2.333158,48.885575],[2.332638,48.885721],[2.333139,48.885528],[2.332492,48.885355],[2.333622,48.884819],[2.332691,48.883995],[2.333255,48.884521],[2.331931,48.885331],[2.332202,48.885677],[2.331841,48.885908],[2.332731,48.886486]]],[[[2.336778,48.887261],[2.337251,48.887219],[2.337001,48.88689],[2.337904,48.886254],[2.337739,48.885796],[2.336428,48.886248],[2.336748,48.886819],[2.336332,48.886313],[2.335687,48.886589],[2.336173,48.8873],[2.336778,48.887261]]],[[[2.344095,48.886125],[2.344268,48.885824],[2.343344,48.884883],[2.342518,48.885173],[2.342452,48.885695],[2.344095,48.886125]]],[[[2.334996,48.885851],[2.333947,48.886496],[2.334007,48.887065],[2.335534,48.886587],[2.334996,48.885851]]],[[[2.339867,48.885109],[2.340332,48.884972],[2.340269,48.884725],[2.338653,48.884624],[2.338712,48.885163],[2.339044,48.885147],[2.338477,48.885484],[2.339867,48.885109]]],[[[2.33595,48.887154],[2.335567,48.886632],[2.334035,48.887116],[2.334231,48.887352],[2.335017,48.887102],[2.335314,48.887454],[2.33595,48.887154]]],[[[2.335358,48.888376],[2.335654,48.888096],[2.335268,48.887721],[2.337165,48.887329],[2.333852,48.887913],[2.335358,48.888376]]],[[[2.339948,48.885917],[2.340563,48.885743],[2.340439,48.885433],[2.33806,48.886176],[2.339948,48.885917]]],[[[2.33741,48.884999],[2.335947,48.885581],[2.336389,48.886156],[2.33741,48.884999]]],[[[2.339013,48.887975],[2.33962,48.887067],[2.337668,48.887738],[2.339013,48.887975]]],[[[2.333788,48.886411],[2.334103,48.886133],[2.332805,48.886603],[2.33341,48.887362],[2.333796,48.887119],[2.333788,48.886411]]],[[[2.333984,48.885172],[2.333341,48.885516],[2.333842,48.886106],[2.33462,48.885788],[2.333984,48.885172]]],[[[2.340461,48.885028],[2.338611,48.885552],[2.33857,48.885854],[2.340542,48.885329],[2.340461,48.885028]]],[[[2.341171,48.886599],[2.341233,48.885954],[2.341911,48.885722],[2.341754,48.88549],[2.340392,48.88588],[2.340555,48.886359],[2.340967,48.886303],[2.341171,48.886599]]],[[[2.338068,48.886341],[2.337097,48.886954],[2.337294,48.887213],[2.338467,48.886718],[2.338068,48.886341]]],[[[2.337959,48.887433],[2.339252,48.886995],[2.338365,48.886884],[2.337357,48.8873],[2.337562,48.887552],[2.337959,48.887433]]],[[[2.34246,48.886946],[2.342558,48.886135],[2.341453,48.886254],[2.341491,48.886681],[2.3423,48.886668],[2.34246,48.886946]]],[[[2.339559,48.887005],[2.33985,48.886974],[2.3395,48.886529],[2.340415,48.886182],[2.340306,48.885934],[2.338926,48.886317],[2.339559,48.887005]]],[[[2.335822,48.885617],[2.335084,48.885809],[2.33559,48.8865],[2.336239,48.886204],[2.335822,48.885617]]],[[[2.343066,48.886953],[2.343345,48.886283],[2.3428,48.886261],[2.342598,48.886957],[2.343066,48.886953]]],[[[2.340108,48.886796],[2.340615,48.886706],[2.34046,48.886296],[2.339671,48.886553],[2.339941,48.886949],[2.340108,48.886796]]],[[[2.341891,48.885351],[2.341767,48.885057],[2.340649,48.885397],[2.340764,48.885683],[2.341891,48.885351]]],[[[2.336864,48.885039],[2.337142,48.884924],[2.336627,48.884735],[2.335811,48.88493],[2.336149,48.885333],[2.336864,48.885039]]],[[[2.332483,48.887194],[2.33201,48.888352],[2.33263,48.887931],[2.332483,48.887194]]],[[[2.337553,48.885218],[2.336943,48.885907],[2.337862,48.885683],[2.337553,48.885218]]],[[[2.333638,48.885237],[2.333901,48.88509],[2.333649,48.884877],[2.332951,48.885243],[2.333217,48.885481],[2.333638,48.885237]]],[[[2.332951,48.887169],[2.332618,48.886908],[2.332794,48.887795],[2.333215,48.887532],[2.332951,48.887169]]],[[[2.340641,48.887143],[2.341197,48.88694],[2.339752,48.887138],[2.34002,48.88737],[2.340707,48.887339],[2.340641,48.887143]]],[[[2.33593,48.885243],[2.335675,48.884935],[2.335125,48.885162],[2.335484,48.885546],[2.33593,48.885243]]],[[[2.333894,48.887215],[2.333512,48.887453],[2.333789,48.887834],[2.334216,48.887645],[2.333894,48.887215]]],[[[2.334975,48.887236],[2.334274,48.887457],[2.335138,48.887507],[2.334975,48.887236]]],[[[2.335239,48.885477],[2.334988,48.885204],[2.334449,48.885397],[2.334823,48.885736],[2.335239,48.885477]]],[[[2.339796,48.887083],[2.341208,48.886906],[2.341115,48.88668],[2.339796,48.887083]]],[[[2.340602,48.88447],[2.339824,48.884634],[2.340378,48.884448],[2.340502,48.884925],[2.340602,48.88447]]],[[[2.341279,48.885103],[2.341586,48.884902],[2.340522,48.885022],[2.340593,48.8853],[2.341279,48.885103]]],[[[2.338425,48.885527],[2.337939,48.885192],[2.337916,48.884747],[2.337646,48.885022],[2.338056,48.885639],[2.338425,48.885527]]],[[[2.338485,48.885659],[2.338099,48.885703],[2.338042,48.886027],[2.338485,48.885659]]],[[[2.33438,48.884798],[2.333688,48.884657],[2.334091,48.885053],[2.33438,48.884798]]],[[[2.339692,48.884621],[2.339477,48.884481],[2.339475,48.884481],[2.339448,48.884484],[2.339418,48.884487],[2.339398,48.88449],[2.339375,48.884492],[2.339358,48.884494],[2.339354,48.884495],[2.339324,48.884498],[2.339316,48.884499],[2.33927,48.884504],[2.339229,48.884509],[2.339207,48.884511],[2.339173,48.884515],[2.339084,48.884526],[2.339063,48.884451],[2.33882,48.884358],[2.338812,48.884365],[2.338877,48.88454],[2.338878,48.884542],[2.338975,48.884595],[2.339197,48.884606],[2.33936,48.884614],[2.339464,48.884619],[2.339692,48.88463],[2.339692,48.884621]]],[[[2.333547,48.88426],[2.332994,48.88398],[2.333572,48.884542],[2.333547,48.88426]]],[[[2.33779,48.884619],[2.337298,48.884485],[2.337229,48.884887],[2.33779,48.884619]]],[[[2.338711,48.886392],[2.33841,48.886376],[2.338512,48.886696],[2.338711,48.886392]]],[[[2.334552,48.885114],[2.334179,48.885112],[2.334172,48.88513],[2.334268,48.885223],[2.334368,48.88532],[2.334429,48.885196],[2.334409,48.885178],[2.334442,48.885165],[2.334525,48.885132],[2.334527,48.885132],[2.334551,48.88512],[2.334555,48.885118],[2.334552,48.885114]]],[[[2.342265,48.885667],[2.342189,48.885618],[2.342153,48.885665],[2.342188,48.885683],[2.342246,48.885678],[2.342265,48.885667]]]],"type":"MultiPolygon"},"properties":{"id_projet":"MATERNELLES (année scolaire 2021/2022)","libelle":"JEAN-BAPTISTE CLEMENT (4) MAT","annee_scol":"2021-2022","zone_commune":0,"etiquette":"Secteur de l'école 4 PLACE JEAN-BAPTISTE CLEMENT","lib_etab_1":"JEAN-BAPTISTE CLEMENT (4) MAT","lib_etab_2":null,"lib_etab_3":null,"lib_etab_4":null,"adr_etab_1":"4 PLACE JEAN-BAPTISTE CLEMENT","adr_etab_2":null,"adr_etab_3":null,"adr_etab_4":null,"type_etabl":"Maternelle","geo_point_2d":{"lon":2.337273358654981,"lat":48.8861913016091},"st_area_shape":174025.84711800067,"st_perimeter_shape":13414.96738593554}},{"type":"Feature","geometry":{"coordinates":[[[[2.335968,48.884709],[2.336885,48.884301],[2.33616,48.882942],[2.335727,48.883071],[2.335989,48.883485],[2.335485,48.883144],[2.336007,48.883963],[2.335438,48.883157],[2.334435,48.883468],[2.333676,48.884645],[2.334298,48.884716],[2.334102,48.885063],[2.335291,48.884631],[2.33418,48.885109],[2.334555,48.885118],[2.334377,48.885329],[2.335968,48.884709]],[[2.336113,48.884207],[2.336223,48.884178],[2.336328,48.884151],[2.336399,48.884132],[2.33649,48.884108],[2.336615,48.884076],[2.336671,48.884061],[2.336684,48.884085],[2.336581,48.884112],[2.3365,48.884133],[2.336364,48.884166],[2.336258,48.884194],[2.336039,48.884253],[2.33595,48.884277],[2.335888,48.884293],[2.335813,48.884313],[2.335798,48.884288],[2.335812,48.884284],[2.335848,48.884275],[2.335933,48.884253],[2.336113,48.884207]]],[[[2.341666,48.883372],[2.341797,48.882612],[2.34119,48.882493],[2.341174,48.88281],[2.341136,48.882483],[2.339726,48.882306],[2.33976,48.882815],[2.340365,48.882801],[2.339764,48.882889],[2.339849,48.883525],[2.341666,48.883372]]],[[[2.339591,48.88253],[2.339511,48.882261],[2.338041,48.882497],[2.339116,48.883853],[2.339642,48.88362],[2.339591,48.88253]]],[[[2.337889,48.883732],[2.337218,48.882625],[2.336971,48.882698],[2.337429,48.883666],[2.336904,48.882721],[2.336272,48.882919],[2.336974,48.884297],[2.337889,48.883732]]],[[[2.343422,48.883549],[2.3431,48.883115],[2.343752,48.882994],[2.341954,48.882661],[2.341858,48.88316],[2.342717,48.883326],[2.342211,48.883469],[2.343422,48.883549]]],[[[2.341629,48.883524],[2.339831,48.883616],[2.339809,48.884109],[2.341402,48.883942],[2.341629,48.883524]]],[[[2.342766,48.884126],[2.343483,48.88378],[2.342658,48.883633],[2.341757,48.883551],[2.341556,48.883923],[2.342766,48.884126]]],[[[2.3379,48.882511],[2.337319,48.882595],[2.337981,48.883706],[2.338674,48.883523],[2.3379,48.882511]]],[[[2.338767,48.883991],[2.338999,48.883898],[2.338708,48.88356],[2.337432,48.883907],[2.337853,48.884571],[2.338767,48.883991]]],[[[2.341142,48.884415],[2.341282,48.884048],[2.33981,48.884224],[2.339823,48.884603],[2.340573,48.884355],[2.340556,48.88491],[2.341142,48.884415]]],[[[2.338425,48.885527],[2.337948,48.88477],[2.338477,48.885484],[2.339044,48.885147],[2.338712,48.885163],[2.33872,48.884641],[2.338061,48.884626],[2.337866,48.885063],[2.338425,48.885527]]],[[[2.34184,48.884187],[2.341636,48.884163],[2.341879,48.884908],[2.342395,48.884784],[2.342424,48.884336],[2.34184,48.884187]]],[[[2.340757,48.885094],[2.341748,48.884947],[2.34151,48.884205],[2.340545,48.884998],[2.340757,48.885094]]],[[[2.336357,48.884951],[2.336627,48.884735],[2.337142,48.884924],[2.33693,48.884407],[2.335846,48.884842],[2.336357,48.884951]]],[[[2.343331,48.884867],[2.342779,48.884416],[2.342518,48.885173],[2.343331,48.884867]]],[[[2.334204,48.883563],[2.333028,48.883873],[2.333844,48.884111],[2.334204,48.883563]]],[[[2.337298,48.884485],[2.337797,48.884613],[2.337529,48.884175],[2.337025,48.884359],[2.337218,48.884892],[2.337298,48.884485]]],[[[2.339664,48.883822],[2.338821,48.884225],[2.339644,48.884156],[2.339664,48.883822]]],[[[2.339692,48.884621],[2.339654,48.884244],[2.33882,48.884358],[2.339692,48.884621]]],[[[2.34238,48.884908],[2.341938,48.885008],[2.342017,48.885315],[2.34238,48.884908]]],[[[2.333775,48.88429],[2.333011,48.883971],[2.333594,48.884541],[2.333775,48.88429]]],[[[2.342294,48.88565],[2.342325,48.885349],[2.342048,48.885404],[2.342294,48.88565]]],[[[2.335348,48.885201],[2.335435,48.885168],[2.335442,48.885175],[2.335459,48.885168],[2.335548,48.885133],[2.335552,48.885131],[2.335589,48.885117],[2.335607,48.88511],[2.335617,48.885106],[2.335622,48.885104],[2.335613,48.885092],[2.335675,48.884935],[2.335659,48.884933],[2.335519,48.884987],[2.335337,48.885058],[2.335249,48.885092],[2.335137,48.885135],[2.335135,48.88514],[2.335261,48.885176],[2.335305,48.885158],[2.33531,48.885157],[2.335323,48.885172],[2.335348,48.885201]]],[[[2.334759,48.885368],[2.334763,48.885367],[2.334781,48.885386],[2.334815,48.885376],[2.334832,48.885371],[2.334841,48.885369],[2.334912,48.885348],[2.334951,48.885336],[2.334944,48.885328],[2.334943,48.885328],[2.334988,48.885204],[2.334972,48.885201],[2.334867,48.885241],[2.334703,48.885304],[2.334554,48.88536],[2.334545,48.885351],[2.334446,48.885395],[2.334449,48.885397],[2.334654,48.885419],[2.334688,48.885402],[2.334759,48.885368]]],[[[2.341922,48.885444],[2.341921,48.885441],[2.341754,48.88549],[2.34183,48.885603],[2.341911,48.885722],[2.341985,48.885709],[2.342006,48.885685],[2.341946,48.885511],[2.341922,48.885444]]],[[[2.341846,48.885222],[2.341796,48.885077],[2.341683,48.885168],[2.341688,48.885175],[2.34171,48.885206],[2.341727,48.885231],[2.341666,48.885248],[2.341694,48.885293],[2.341695,48.885294],[2.341697,48.885298],[2.341883,48.885329],[2.341846,48.885222]]]],"type":"MultiPolygon"},"properties":{"id_projet":"MATERNELLES (année scolaire 2022/2023)","libelle":"ORSEL (56) MAT","annee_scol":"2022-2023","zone_commune":0,"etiquette":"Secteur de l'école 56 RUE D'ORSEL","lib_etab_1":"ORSEL (56) MAT","lib_etab_2":null,"lib_etab_3":null,"lib_etab_4":null,"adr_etab_1":"56 RUE D'ORSEL","adr_etab_2":null,"adr_etab_3":null,"adr_etab_4":null,"type_etabl":"Maternelle","geo_point_2d":{"lon":2.338606409889433,"lat":48.88378803050134},"st_area_shape":138878.23502199026,"st_perimeter_shape":9170.827172928606}},{"type":"Feature","geometry":{"coordinates":[[[2.356344,48.898684],[2.355561,48.898617],[2.355483,48.899194],[2.35633,48.899285],[2.356344,48.898684]]],"type":"Polygon"},"properties":{"id_projet":"MATERNELLES (année scolaire 2023/2024)","libelle":"ZM POISSONNIERS (142) / EVA KOTCHEVER (4)","annee_scol":"2023-2024","zone_commune":1,"etiquette":"Secteur commun des écoles \n142 RUE DES POISSONNIERS \n4 RUE EVA KOTCHEVER","lib_etab_1":"POISSONNIERS (142) POLY","lib_etab_2":"EVA KOTCHEVER (4) POLY","lib_etab_3":null,"lib_etab_4":null,"adr_etab_1":"142 RUE DES POISSONNIERS","adr_etab_2":"4 RUE EVA KOTCHEVER","adr_etab_3":null,"adr_etab_4":null,"type_etabl":"Maternelle","geo_point_2d":{"lon":2.355931232114319,"lat":48.89894867662327},"st_area_shape":3952.9821970785074,"st_perimeter_shape":252.0838802161361}},{"type":"Feature","geometry":{"coordinates":[[[[2.36886,48.891591],[2.367959,48.889768],[2.363895,48.889982],[2.363982,48.890563],[2.364794,48.890538],[2.364043,48.890638],[2.364069,48.891137],[2.365425,48.891039],[2.365527,48.891614],[2.366184,48.891566],[2.366112,48.892303],[2.36886,48.891591]]],[[[2.362497,48.89024],[2.362454,48.890017],[2.361378,48.890122],[2.361343,48.890623],[2.362511,48.890654],[2.362497,48.89024]]],[[[2.363018,48.889996],[2.362599,48.890015],[2.362693,48.890655],[2.363104,48.890639],[2.363018,48.889996]]],[[[2.36121,48.890484],[2.361185,48.890141],[2.36028,48.890231],[2.360159,48.890839],[2.361166,48.891129],[2.36121,48.890484]]],[[[2.361744,48.890735],[2.361339,48.89073],[2.361327,48.891191],[2.361734,48.891195],[2.361744,48.890735]]],[[[2.363732,48.889983],[2.363181,48.889992],[2.363373,48.891209],[2.363908,48.89115],[2.363732,48.889983]]],[[[2.362061,48.890739],[2.361893,48.89124],[2.362208,48.891243],[2.362061,48.890739]]],[[[2.362483,48.890743],[2.362371,48.891244],[2.363178,48.891197],[2.363129,48.890826],[2.362483,48.890743]]],[[[2.359596,48.891062],[2.357495,48.890984],[2.359653,48.890992],[2.359193,48.890805],[2.357269,48.890776],[2.357234,48.89121],[2.359596,48.891062]]],[[[2.365242,48.891182],[2.363482,48.89131],[2.363427,48.891862],[2.365371,48.891681],[2.365242,48.891182]]],[[[2.363212,48.891468],[2.361323,48.891551],[2.361932,48.892035],[2.363239,48.8919],[2.363212,48.891468]]],[[[2.360767,48.891349],[2.360825,48.891148],[2.360126,48.89097],[2.359981,48.891951],[2.361366,48.891819],[2.360767,48.891349]]],[[[2.36324,48.892057],[2.363162,48.892017],[2.362892,48.892045],[2.362584,48.892077],[2.362025,48.892134],[2.362018,48.892149],[2.36263,48.892255],[2.362631,48.892259],[2.362787,48.892252],[2.362813,48.892251],[2.362846,48.89225],[2.362942,48.892245],[2.362942,48.892242],[2.36324,48.892057]]],[[[2.363752,48.892269],[2.365396,48.891792],[2.363471,48.891985],[2.363752,48.892269]]],[[[2.36309,48.893055],[2.361726,48.892467],[2.361959,48.893181],[2.36309,48.893055]]],[[[2.361528,48.892205],[2.361264,48.892221],[2.361467,48.893167],[2.36171,48.893173],[2.361528,48.892205]]],[[[2.360338,48.893241],[2.361333,48.893205],[2.361125,48.89223],[2.359973,48.892097],[2.359799,48.893239],[2.360338,48.893241]]],[[[2.359283,48.893701],[2.359525,48.892761],[2.358644,48.892662],[2.35958,48.892613],[2.358563,48.892243],[2.358442,48.893461],[2.359283,48.893701]],[[2.359113,48.893021],[2.359028,48.893018],[2.35924,48.893027],[2.359113,48.893021]]],[[[2.361973,48.8937],[2.363059,48.893251],[2.3615,48.893307],[2.361771,48.89397],[2.361973,48.8937]]],[[[2.361437,48.894003],[2.361661,48.894041],[2.361304,48.893313],[2.359789,48.893402],[2.360267,48.893595],[2.359972,48.893776],[2.36052,48.89374],[2.360582,48.894142],[2.361437,48.894003]]]],"type":"MultiPolygon"},"properties":{"id_projet":"MATERNELLES (année scolaire 2023/2024)","libelle":"TORCY (10-12) MAT","annee_scol":"2023-2024","zone_commune":0,"etiquette":"Secteur de l'école 10 RUE DE TORCY","lib_etab_1":"TORCY (10-12) MAT","lib_etab_2":null,"lib_etab_3":null,"lib_etab_4":null,"adr_etab_1":"10 RUE DE TORCY","adr_etab_2":null,"adr_etab_3":null,"adr_etab_4":null,"type_etabl":"Maternelle","geo_point_2d":{"lon":2.3634707932621764,"lat":48.89145537151065},"st_area_shape":164777.41020227777,"st_perimeter_shape":7886.42015108126}},{"type":"Feature","geometry":{"coordinates":[[[[2.328741,48.891251],[2.327062,48.891413],[2.327572,48.892931],[2.329495,48.892558],[2.328741,48.891251]]],[[[2.327016,48.890467],[2.327463,48.890231],[2.327678,48.890118],[2.327892,48.890005],[2.327975,48.889961],[2.328156,48.889865],[2.328292,48.889794],[2.328404,48.889735],[2.328535,48.889666],[2.328531,48.889661],[2.328312,48.889642],[2.328336,48.889662],[2.328337,48.889663],[2.328207,48.889726],[2.328208,48.889727],[2.328211,48.889729],[2.328212,48.88973],[2.328073,48.889798],[2.328064,48.889791],[2.327912,48.889906],[2.327889,48.889888],[2.327757,48.889982],[2.327782,48.890002],[2.327748,48.890021],[2.327646,48.890075],[2.327634,48.890082],[2.327583,48.890109],[2.327546,48.890128],[2.327453,48.890177],[2.327443,48.890182],[2.327418,48.890195],[2.327337,48.890237],[2.327323,48.890244],[2.327309,48.890251],[2.32719,48.890313],[2.327066,48.890379],[2.32697,48.89043],[2.326917,48.890458],[2.326774,48.89039],[2.326726,48.890416],[2.326766,48.890533],[2.326778,48.890569],[2.32681,48.890576],[2.327016,48.890467]]],[[[2.330895,48.890941],[2.329756,48.890712],[2.329247,48.890143],[2.328971,48.890322],[2.329491,48.891061],[2.330895,48.890941]]],[[[2.327515,48.890881],[2.329023,48.890146],[2.328537,48.89003],[2.328507,48.889748],[2.32682,48.890635],[2.326981,48.891173],[2.327515,48.890881]]],[[[2.328844,48.8904],[2.327216,48.891213],[2.329227,48.891085],[2.328844,48.8904]]],[[[2.331496,48.891356],[2.331075,48.89107],[2.330636,48.892329],[2.332336,48.892034],[2.331496,48.891356]]],[[[2.330878,48.891069],[2.329538,48.891202],[2.330308,48.892398],[2.330878,48.891069]]],[[[2.329365,48.891208],[2.328912,48.891242],[2.329701,48.892466],[2.330072,48.892444],[2.329365,48.891208]]],[[[2.333491,48.89235],[2.333444,48.891936],[2.332041,48.892238],[2.332218,48.892515],[2.333491,48.89235]]],[[[2.330076,48.893481],[2.330192,48.89257],[2.327989,48.893004],[2.330076,48.893481]]],[[[2.332509,48.893796],[2.33184,48.892912],[2.333594,48.892921],[2.333539,48.892502],[2.331831,48.892734],[2.331785,48.892255],[2.33057,48.89252],[2.33026,48.893429],[2.330782,48.893354],[2.330221,48.893549],[2.332542,48.894069],[2.332509,48.893796]]]],"type":"MultiPolygon"},"properties":{"id_projet":"MATERNELLES (année scolaire 2023/2024)","libelle":"JOSEPH DE MAISTRE (94) MAT","annee_scol":"2023-2024","zone_commune":0,"etiquette":"Secteur de l'école 94 RUE JOSEPH DE MAISTRE","lib_etab_1":"JOSEPH DE MAISTRE (94) MAT","lib_etab_2":null,"lib_etab_3":null,"lib_etab_4":null,"adr_etab_1":"94 RUE JOSEPH DE MAISTRE","adr_etab_2":null,"adr_etab_3":null,"adr_etab_4":null,"type_etabl":"Maternelle","geo_point_2d":{"lon":2.3297720089222245,"lat":48.89198750704195},"st_area_shape":100509.75703986807,"st_perimeter_shape":5257.54617266056}},{"type":"Feature","geometry":{"coordinates":[[[[2.36409,48.887512],[2.364407,48.88743],[2.364749,48.888003],[2.365658,48.887767],[2.366764,48.889728],[2.367965,48.889624],[2.366675,48.886643],[2.365755,48.885614],[2.361336,48.886849],[2.363132,48.889832],[2.364132,48.88985],[2.363124,48.888039],[2.364233,48.887752],[2.36409,48.887512]]],[[[2.365522,48.885372],[2.364804,48.884588],[2.364573,48.8848],[2.365187,48.885498],[2.364995,48.885693],[2.365665,48.885523],[2.365522,48.885372]]],[[[2.363248,48.886136],[2.364903,48.885716],[2.364414,48.885238],[2.362304,48.885325],[2.362157,48.884772],[2.361494,48.884608],[2.361212,48.886026],[2.363248,48.886136]]],[[[2.361336,48.886161],[2.361222,48.886655],[2.362727,48.886271],[2.361336,48.886161]]],[[[2.362399,48.889835],[2.362966,48.889849],[2.361049,48.886824],[2.360317,48.890096],[2.362399,48.889835]],[[2.361057,48.888376],[2.361058,48.888343],[2.361207,48.888343],[2.361247,48.888343],[2.361515,48.888342],[2.361717,48.888341],[2.36192,48.88834],[2.361922,48.888373],[2.361754,48.888374],[2.361697,48.888374],[2.361692,48.888378],[2.361632,48.888379],[2.361629,48.888374],[2.361557,48.888375],[2.361372,48.888375],[2.361191,48.888376],[2.361103,48.888376],[2.361057,48.888376]]]],"type":"MultiPolygon"},"properties":{"id_projet":"MATERNELLES (année scolaire 2023/2024)","libelle":"DEPARTEMENT (51) MAT","annee_scol":"2023-2024","zone_commune":0,"etiquette":"Secteur de l'école 51 RUE DU DEPARTEMENT","lib_etab_1":"DEPARTEMENT (51) MAT","lib_etab_2":null,"lib_etab_3":null,"lib_etab_4":null,"adr_etab_1":"51 RUE DU DEPARTEMENT","adr_etab_2":null,"adr_etab_3":null,"adr_etab_4":null,"type_etabl":"Maternelle","geo_point_2d":{"lon":2.3636766727814966,"lat":48.88748626724899},"st_area_shape":172068.39997386886,"st_perimeter_shape":4665.956826419884}},{"type":"Feature","geometry":{"coordinates":[[[[2.334639,48.888127],[2.335398,48.888429],[2.337357,48.887582],[2.337165,48.887329],[2.335725,48.887536],[2.335268,48.887721],[2.335654,48.888096],[2.335358,48.888376],[2.333858,48.887919],[2.334922,48.889239],[2.33565,48.889415],[2.335379,48.888502],[2.334639,48.888127]]],[[[2.341332,48.886548],[2.341258,48.886325],[2.341178,48.886337],[2.341243,48.886543],[2.341332,48.886548]]],[[[2.341262,48.886894],[2.341232,48.886839],[2.341184,48.886751],[2.341152,48.886693],[2.341134,48.886687],[2.341056,48.886767],[2.341055,48.886767],[2.341084,48.88682],[2.341091,48.886831],[2.341104,48.886855],[2.341107,48.886854],[2.34115,48.886849],[2.341208,48.886906],[2.341262,48.886894]]],[[[2.342299,48.88669],[2.341491,48.886681],[2.34141,48.887096],[2.342431,48.886965],[2.342299,48.88669]]],[[[2.344095,48.887124],[2.343994,48.886363],[2.343345,48.886283],[2.342715,48.887136],[2.344406,48.887431],[2.344095,48.887124]]],[[[2.33753,48.887544],[2.337627,48.887366],[2.337582,48.887373],[2.337346,48.887316],[2.337341,48.887325],[2.33741,48.887418],[2.337498,48.887537],[2.33753,48.887544]]],[[[2.340083,48.887666],[2.341485,48.88755],[2.341238,48.886931],[2.340707,48.887339],[2.339755,48.887159],[2.339833,48.887679],[2.340083,48.887666]]],[[[2.342739,48.887303],[2.342306,48.887041],[2.341514,48.887198],[2.341872,48.88729],[2.342032,48.887661],[2.34172,48.887714],[2.34201,48.888261],[2.34323,48.888124],[2.343321,48.887402],[2.342739,48.887303]]],[[[2.33908,48.888129],[2.33963,48.887837],[2.339624,48.887067],[2.339013,48.887975],[2.337658,48.887756],[2.33803,48.887889],[2.338118,48.888383],[2.33908,48.888129]]],[[[2.34127,48.887658],[2.339843,48.887801],[2.339887,48.888429],[2.341739,48.88831],[2.341539,48.887687],[2.34127,48.887658]]],[[[2.337005,48.888533],[2.337951,48.888426],[2.33751,48.887797],[2.335911,48.888249],[2.335649,48.888583],[2.337005,48.888533]]],[[[2.343344,48.8883],[2.34233,48.888375],[2.343538,48.888764],[2.343344,48.8883]]],[[[2.33853,48.888758],[2.339664,48.888519],[2.339687,48.887942],[2.338142,48.888617],[2.338147,48.888881],[2.33853,48.888758]]],[[[2.3415,48.888704],[2.341975,48.88861],[2.341826,48.888405],[2.339882,48.888585],[2.34005,48.888993],[2.3415,48.888704]]],[[[2.34285,48.888662],[2.34202,48.888472],[2.342576,48.889112],[2.343502,48.888941],[2.34285,48.888662]]],[[[2.342083,48.888719],[2.341565,48.888824],[2.341845,48.889229],[2.342378,48.889127],[2.342083,48.888719]]],[[[2.337966,48.888729],[2.335808,48.888814],[2.33781,48.889361],[2.337966,48.888729]]],[[[2.341405,48.888853],[2.340746,48.888937],[2.340771,48.889423],[2.341668,48.88928],[2.341405,48.888853]]],[[[2.336038,48.889169],[2.335878,48.889421],[2.336832,48.88946],[2.336038,48.889169]]],[[[2.340629,48.889131],[2.340062,48.88903],[2.340263,48.889542],[2.340629,48.889131]]],[[[2.340035,48.889397],[2.339741,48.888598],[2.33827,48.888979],[2.338483,48.889443],[2.338965,48.889359],[2.338754,48.889516],[2.340035,48.889397]]],[[[2.341782,48.889387],[2.340725,48.889615],[2.34193,48.889663],[2.341782,48.889387]]],[[[2.34397,48.889053],[2.342637,48.889237],[2.343006,48.88968],[2.344405,48.889295],[2.34397,48.889053]]],[[[2.342474,48.889261],[2.341939,48.889364],[2.342719,48.889694],[2.342474,48.889261]]],[[[2.338797,48.889718],[2.338692,48.889713],[2.338668,48.889736],[2.338725,48.88981],[2.338769,48.889869],[2.338785,48.889874],[2.338805,48.88988],[2.338887,48.889869],[2.339044,48.889848],[2.339213,48.889825],[2.339478,48.889789],[2.339473,48.889745],[2.339207,48.889734],[2.339032,48.889727],[2.338854,48.88972],[2.338797,48.889718]]],[[[2.336983,48.889966],[2.33863,48.889882],[2.335838,48.889598],[2.336121,48.889957],[2.336983,48.889966]]],[[[2.340153,48.889825],[2.338876,48.890003],[2.339054,48.890194],[2.340153,48.889825]]],[[[2.342059,48.889962],[2.34258,48.889869],[2.341528,48.889844],[2.341681,48.890281],[2.342059,48.889962]]],[[[2.34082,48.890493],[2.340716,48.890156],[2.341524,48.890359],[2.341365,48.889821],[2.340291,48.88981],[2.340562,48.890728],[2.34082,48.890493]]],[[[2.339663,48.891097],[2.33979,48.890811],[2.340421,48.8908],[2.34025,48.890136],[2.339122,48.890315],[2.339663,48.891097]]]],"type":"MultiPolygon"},"properties":{"id_projet":"MATERNELLES (année scolaire 2023/2024)","libelle":"CONSTANTIN PECQUEUR (1) MAT","annee_scol":"2023-2024","zone_commune":0,"etiquette":"Secteur de l'école 1 PLACE CONSTANTIN PECQUEUR","lib_etab_1":"CONSTANTIN PECQUEUR (1) MAT","lib_etab_2":null,"lib_etab_3":null,"lib_etab_4":null,"adr_etab_1":"1 PLACE CONSTANTIN PECQUEUR","adr_etab_2":null,"adr_etab_3":null,"adr_etab_4":null,"type_etabl":"Maternelle","geo_point_2d":{"lon":2.3396894330544376,"lat":48.888581275039634},"st_area_shape":142938.86376922234,"st_perimeter_shape":9776.648791807653}},{"type":"Feature","geometry":{"coordinates":[[[[2.36074,48.89802],[2.361835,48.89759],[2.367495,48.897536],[2.368463,48.896548],[2.371009,48.895772],[2.366011,48.894469],[2.365742,48.894926],[2.365042,48.895],[2.365208,48.89569],[2.365934,48.896051],[2.364972,48.89556],[2.363631,48.895852],[2.363337,48.89547],[2.36275,48.895532],[2.362534,48.895966],[2.362042,48.895422],[2.360823,48.89555],[2.362077,48.895218],[2.361699,48.894183],[2.36017,48.895318],[2.361302,48.896093],[2.360775,48.896148],[2.360463,48.896944],[2.360416,48.898009],[2.36074,48.89802]],[[2.360844,48.895666],[2.360852,48.895553],[2.361133,48.895564],[2.361156,48.895636],[2.361168,48.895677],[2.360844,48.895666]]],[[[2.365357,48.894157],[2.364713,48.893997],[2.364995,48.89484],[2.365781,48.894411],[2.365357,48.894157]]],[[[2.364289,48.893635],[2.363704,48.893383],[2.363714,48.893846],[2.363175,48.893915],[2.363599,48.89501],[2.364793,48.894864],[2.364289,48.893635]]],[[[2.363458,48.895148],[2.362942,48.893569],[2.362581,48.893892],[2.362707,48.894219],[2.361823,48.894107],[2.362275,48.895213],[2.362654,48.895395],[2.363458,48.895148]]],[[[2.364958,48.895508],[2.364837,48.895007],[2.363532,48.895352],[2.3638,48.89563],[2.364958,48.895508]]],[[[2.369751,48.893663],[2.368861,48.891594],[2.366117,48.892305],[2.365644,48.892892],[2.364388,48.893511],[2.36383,48.893303],[2.366262,48.894358],[2.371404,48.89572],[2.371731,48.895457],[2.370427,48.89467],[2.369751,48.893663]]]],"type":"MultiPolygon"},"properties":{"id_projet":"MATERNELLES (année scolaire 2025/2026)","libelle":"TCHAIKOVSKI (7) MAT","annee_scol":"2025-2026","zone_commune":0,"etiquette":"Secteur de l'école 7 RUE TCHAIKOVSKI","lib_etab_1":"TCHAIKOVSKI (7) MAT","lib_etab_2":null,"lib_etab_3":null,"lib_etab_4":null,"adr_etab_1":"7 RUE TCHAIKOVSKI","adr_etab_2":null,"adr_etab_3":null,"adr_etab_4":null,"type_etabl":"Maternelle","geo_point_2d":{"lon":2.365756327268512,"lat":48.89517351397765},"st_area_shape":310507.5031892993,"st_perimeter_shape":6287.149670013381}},{"type":"Feature","geometry":{"coordinates":[[[[2.332951,48.893634],[2.333597,48.892943],[2.333539,48.892502],[2.331831,48.892734],[2.331785,48.892255],[2.33057,48.89252],[2.33026,48.893429],[2.330782,48.893354],[2.330221,48.893549],[2.332542,48.894069],[2.332951,48.893634]]],[[[2.327515,48.890881],[2.329115,48.890086],[2.328612,48.889992],[2.327325,48.890721],[2.326814,48.89065],[2.326981,48.891173],[2.327515,48.890881]]],[[[2.328844,48.8904],[2.327216,48.891213],[2.329227,48.891085],[2.328844,48.8904]]],[[[2.332765,48.891946],[2.333257,48.89182],[2.332213,48.891763],[2.331075,48.89107],[2.330636,48.892329],[2.332765,48.891946]]],[[[2.330878,48.891069],[2.329538,48.891202],[2.330308,48.892398],[2.330878,48.891069]]],[[[2.329365,48.891208],[2.328912,48.891242],[2.329701,48.892466],[2.330072,48.892444],[2.329365,48.891208]]],[[[2.333444,48.891936],[2.332041,48.892238],[2.332218,48.892515],[2.333491,48.89235],[2.333444,48.891936]]],[[[2.328741,48.891251],[2.327062,48.891413],[2.327572,48.892931],[2.329495,48.892558],[2.328741,48.891251]]],[[[2.330254,48.892589],[2.327989,48.89305],[2.330016,48.893503],[2.330254,48.892589]]],[[[2.332944,48.89399],[2.334323,48.893265],[2.333773,48.893062],[2.332944,48.89399]]]],"type":"MultiPolygon"},"properties":{"id_projet":"MATERNELLES (année scolaire 2025/2026)","libelle":"JOSEPH DE MAISTRE (94) MAT","annee_scol":"2025-2026","zone_commune":0,"etiquette":"Secteur de l'école 94 RUE JOSEPH DE MAISTRE","lib_etab_1":"JOSEPH DE MAISTRE (94) MAT","lib_etab_2":null,"lib_etab_3":null,"lib_etab_4":null,"adr_etab_1":"94 RUE JOSEPH DE MAISTRE","adr_etab_2":null,"adr_etab_3":null,"adr_etab_4":null,"type_etabl":"Maternelle","geo_point_2d":{"lon":2.3302821001206624,"lat":48.892300826262854},"st_area_shape":107173.04103575839,"st_perimeter_shape":4719.750409778157}},{"type":"Feature","geometry":{"coordinates":[[[[2.337114,48.894831],[2.336258,48.893751],[2.335549,48.894795],[2.33733,48.895193],[2.337114,48.894831]]],[[[2.338314,48.894912],[2.337533,48.894193],[2.336894,48.894218],[2.33765,48.895264],[2.338455,48.895443],[2.338314,48.894912]]],[[[2.341823,48.895174],[2.341823,48.895174],[2.341434,48.895324],[2.341436,48.895327],[2.341424,48.895331],[2.341416,48.895622],[2.341485,48.895624],[2.341541,48.89555],[2.341607,48.895461],[2.3417,48.895338],[2.34177,48.895245],[2.341823,48.895174]]],[[[2.339377,48.894709],[2.33927,48.89446],[2.338341,48.894582],[2.338642,48.895476],[2.339389,48.895647],[2.339656,48.895367],[2.339377,48.894709]]],[[[2.342164,48.895354],[2.342008,48.895233],[2.342007,48.895234],[2.341868,48.895419],[2.341795,48.895515],[2.341704,48.895634],[2.341752,48.895686],[2.341759,48.895683],[2.342164,48.895354]]],[[[2.340811,48.8954],[2.339831,48.89566],[2.341191,48.895709],[2.340811,48.8954]]],[[[2.339349,48.895837],[2.338703,48.895657],[2.338892,48.896225],[2.339349,48.895837]]],[[[2.338712,48.896104],[2.33852,48.895591],[2.337764,48.895448],[2.33822,48.896091],[2.338601,48.89603],[2.338232,48.896108],[2.338547,48.896553],[2.338712,48.896104]]],[[[2.337993,48.897074],[2.337106,48.897108],[2.337182,48.897313],[2.337993,48.897074]]],[[[2.337057,48.897144],[2.336509,48.89721],[2.33659,48.897406],[2.337057,48.897144]]],[[[2.336239,48.897579],[2.336476,48.897413],[2.335895,48.897421],[2.336239,48.897579]]],[[[2.337619,48.897454],[2.337621,48.897453],[2.337611,48.897454],[2.337685,48.897379],[2.337735,48.897329],[2.33771,48.89731],[2.337442,48.897353],[2.337322,48.897372],[2.337205,48.897391],[2.337083,48.89741],[2.336845,48.897448],[2.336723,48.897467],[2.336651,48.897478],[2.336587,48.897488],[2.336322,48.897573],[2.336329,48.8976],[2.336706,48.897607],[2.336777,48.897608],[2.336904,48.897611],[2.337149,48.897617],[2.337313,48.897621],[2.337388,48.897622],[2.337485,48.897589],[2.337619,48.897454]]]],"type":"MultiPolygon"},"properties":{"id_projet":"MATERNELLES (année scolaire 2025/2026)","libelle":"CHAMPIONNET (113) POLY","annee_scol":"2025-2026","zone_commune":0,"etiquette":"Secteur de l'école 113 , RUE CHAMPIONNET","lib_etab_1":"CHAMPIONNET (113) POLY","lib_etab_2":null,"lib_etab_3":null,"lib_etab_4":null,"adr_etab_1":"113 , RUE CHAMPIONNET","adr_etab_2":null,"adr_etab_3":null,"adr_etab_4":null,"type_etabl":"Maternelle","geo_point_2d":{"lon":2.3379917430881805,"lat":48.89535723095556},"st_area_shape":38812.73087983349,"st_perimeter_shape":2983.7676500379207}},{"type":"Feature","geometry":{"coordinates":[[[[2.35877,48.89677],[2.358854,48.895739],[2.358519,48.895259],[2.359027,48.894806],[2.359056,48.894202],[2.35645,48.894148],[2.356371,48.895164],[2.358458,48.895224],[2.358098,48.89789],[2.35868,48.89791],[2.35877,48.89677]]],[[[2.360465,48.89732],[2.360647,48.896825],[2.360313,48.896814],[2.360331,48.896375],[2.359743,48.895929],[2.359651,48.897087],[2.360386,48.89716],[2.359651,48.897159],[2.360465,48.89732]]],[[[2.360509,48.89464],[2.359774,48.894241],[2.360202,48.894205],[2.360571,48.894602],[2.36056,48.893968],[2.36005,48.894002],[2.360014,48.893773],[2.360522,48.893551],[2.359789,48.893402],[2.359587,48.894788],[2.360509,48.89464]]]],"type":"MultiPolygon"},"properties":{"id_projet":"MATERNELLES (année scolaire 2026/2027)","libelle":"MAURICE GENEVOIX (3) POLY","annee_scol":"2026-2027","zone_commune":0,"etiquette":"Secteur de l'école 3 MAURICE GENEVOIX (3) POLY","lib_etab_1":"MAURICE GENEVOIX (3) POLY","lib_etab_2":null,"lib_etab_3":null,"lib_etab_4":null,"adr_etab_1":"3 MAURICE GENEVOIX (3) POLY","adr_etab_2":null,"adr_etab_3":null,"adr_etab_4":null,"type_etabl":"Maternelle","geo_point_2d":{"lon":2.3585776640574347,"lat":48.89535421909899},"st_area_shape":44770.93199642526,"st_perimeter_shape":2472.8612435910286}},{"type":"Feature","geometry":{"coordinates":[[[2.356344,48.898684],[2.355561,48.898617],[2.355483,48.899194],[2.35633,48.899285],[2.356344,48.898684]]],"type":"Polygon"},"properties":{"id_projet":"MATERNELLES (année scolaire 2026/2027)","libelle":"ZM POISSONNIERS (142) / EVA KOTCHEVER (4)","annee_scol":"2026-2027","zone_commune":1,"etiquette":"Secteur commun des écoles \n142 POISSONNIERS (142) POLY \n4 EVA KOTCHEVER (4) POLY","lib_etab_1":"POISSONNIERS (142) POLY","lib_etab_2":"EVA KOTCHEVER (4) POLY","lib_etab_3":null,"lib_etab_4":null,"adr_etab_1":"142 POISSONNIERS (142) POLY","adr_etab_2":"4 EVA KOTCHEVER (4) POLY","adr_etab_3":null,"adr_etab_4":null,"type_etabl":"Maternelle","geo_point_2d":{"lon":2.355931232114319,"lat":48.89894867662327},"st_area_shape":3952.9821970785074,"st_perimeter_shape":252.0838802161361}},{"type":"Feature","geometry":{"coordinates":[[[[2.336451,48.896393],[2.338036,48.896125],[2.337554,48.896012],[2.337865,48.895885],[2.337473,48.895355],[2.332605,48.894311],[2.333116,48.896041],[2.336451,48.896393]]],[[[2.333516,48.893932],[2.336163,48.893522],[2.334657,48.893031],[2.332944,48.89399],[2.333516,48.893932]]],[[[2.334347,48.894019],[2.333014,48.894229],[2.334511,48.894564],[2.334347,48.894019]]],[[[2.335076,48.89392],[2.334453,48.894006],[2.334674,48.8946],[2.335382,48.894757],[2.335076,48.89392]]],[[[2.335684,48.894628],[2.336258,48.893751],[2.335182,48.893906],[2.335549,48.894795],[2.335684,48.894628]]],[[[2.338095,48.896212],[2.336457,48.896463],[2.33838,48.896705],[2.338095,48.896212]]],[[[2.33406,48.896444],[2.333226,48.896365],[2.333514,48.896763],[2.334474,48.896513],[2.33406,48.896444]]],[[[2.334671,48.89652],[2.333537,48.896796],[2.333782,48.897023],[2.33539,48.896648],[2.334671,48.89652]]],[[[2.331095,48.896052],[2.331187,48.89636],[2.330892,48.896469],[2.331305,48.896919],[2.331965,48.897019],[2.331095,48.896052]]],[[[2.336057,48.896693],[2.335496,48.896705],[2.335755,48.8972],[2.336281,48.897008],[2.336057,48.896693]]],[[[2.335523,48.897014],[2.335371,48.896734],[2.333748,48.897089],[2.333977,48.89738],[2.335523,48.897014]]],[[[2.332133,48.897454],[2.331935,48.897166],[2.331518,48.89741],[2.330939,48.897111],[2.329584,48.897439],[2.332133,48.897454]]],[[[2.333558,48.897076],[2.333007,48.896311],[2.332425,48.896232],[2.332853,48.896815],[2.332399,48.896229],[2.332002,48.896192],[2.332415,48.896957],[2.331799,48.896147],[2.331337,48.896102],[2.332371,48.897516],[2.333858,48.897547],[2.333558,48.897076]]],[[[2.335543,48.897052],[2.333984,48.897416],[2.334417,48.897558],[2.335638,48.897231],[2.335543,48.897052]]],[[[2.335989,48.897593],[2.336413,48.897243],[2.33659,48.897406],[2.336509,48.89721],[2.338069,48.896965],[2.33631,48.896723],[2.33644,48.897165],[2.334742,48.897538],[2.335989,48.897593]]],[[[2.334203,48.897914],[2.333719,48.898014],[2.333991,48.898265],[2.334203,48.897914]]],[[[2.334933,48.897929],[2.33443,48.898131],[2.334796,48.898293],[2.334933,48.897929]]],[[[2.334403,48.898301],[2.334065,48.898361],[2.334209,48.898656],[2.33462,48.898459],[2.334403,48.898301]]],[[[2.336185,48.897955],[2.335715,48.898002],[2.336573,48.898174],[2.336238,48.898545],[2.336386,48.898733],[2.336995,48.89805],[2.336185,48.897955]]],[[[2.334136,48.898919],[2.333275,48.897894],[2.329624,48.897817],[2.329415,48.898054],[2.329907,48.898947],[2.334136,48.898919]]]],"type":"MultiPolygon"},"properties":{"id_projet":"MATERNELLES (année scolaire 2024/2025)","libelle":"PAUL ABADIE (1) MAT","annee_scol":"2024-2025","zone_commune":0,"etiquette":"Secteur de l'école 1 RUE PAUL ABADIE","lib_etab_1":"PAUL ABADIE (1) MAT","lib_etab_2":null,"lib_etab_3":null,"lib_etab_4":null,"adr_etab_1":"1 RUE PAUL ABADIE","adr_etab_2":null,"adr_etab_3":null,"adr_etab_4":null,"type_etabl":"Maternelle","geo_point_2d":{"lon":2.3339716162448356,"lat":48.896489345915654},"st_area_shape":170199.35376090166,"st_perimeter_shape":8147.348422298802}},{"type":"Feature","geometry":{"coordinates":[[[[2.335968,48.884709],[2.336885,48.884301],[2.33616,48.882942],[2.335727,48.883071],[2.335989,48.883485],[2.335485,48.883144],[2.336007,48.883963],[2.335438,48.883157],[2.334435,48.883468],[2.333676,48.884645],[2.334298,48.884716],[2.334102,48.885063],[2.335291,48.884631],[2.33418,48.885109],[2.334555,48.885118],[2.334377,48.885329],[2.335968,48.884709]],[[2.336113,48.884207],[2.336223,48.884178],[2.336328,48.884151],[2.336399,48.884132],[2.33649,48.884108],[2.336615,48.884076],[2.336671,48.884061],[2.336684,48.884085],[2.336581,48.884112],[2.3365,48.884133],[2.336364,48.884166],[2.336258,48.884194],[2.336039,48.884253],[2.33595,48.884277],[2.335888,48.884293],[2.335813,48.884313],[2.335798,48.884288],[2.335812,48.884284],[2.335848,48.884275],[2.335933,48.884253],[2.336113,48.884207]]],[[[2.341666,48.883372],[2.341797,48.882612],[2.34119,48.882493],[2.341174,48.88281],[2.341136,48.882483],[2.339726,48.882306],[2.33976,48.882815],[2.340365,48.882801],[2.339764,48.882889],[2.339849,48.883525],[2.341666,48.883372]]],[[[2.343422,48.883549],[2.3431,48.883115],[2.343752,48.882994],[2.341954,48.882661],[2.341858,48.88316],[2.342717,48.883326],[2.342211,48.883469],[2.343422,48.883549]]],[[[2.3379,48.882511],[2.337319,48.882595],[2.337981,48.883706],[2.338674,48.883523],[2.3379,48.882511]]],[[[2.339591,48.88253],[2.339511,48.882261],[2.338041,48.882497],[2.339116,48.883853],[2.339642,48.88362],[2.339591,48.88253]]],[[[2.341629,48.883524],[2.339831,48.883616],[2.339809,48.884109],[2.341402,48.883942],[2.341629,48.883524]]],[[[2.334204,48.883563],[2.333028,48.883873],[2.333844,48.884111],[2.334204,48.883563]]],[[[2.339664,48.883822],[2.338821,48.884225],[2.339644,48.884156],[2.339664,48.883822]]],[[[2.342766,48.884126],[2.343483,48.88378],[2.342658,48.883633],[2.341757,48.883551],[2.341556,48.883923],[2.342766,48.884126]]],[[[2.337889,48.883732],[2.337218,48.882625],[2.336971,48.882698],[2.337429,48.883666],[2.336904,48.882721],[2.336272,48.882919],[2.336974,48.884297],[2.337889,48.883732]]],[[[2.333775,48.88429],[2.333011,48.883971],[2.333594,48.884541],[2.333775,48.88429]]],[[[2.338767,48.883991],[2.338999,48.883898],[2.338708,48.88356],[2.337432,48.883907],[2.337853,48.884571],[2.338767,48.883991]]],[[[2.339692,48.884621],[2.339654,48.884244],[2.33882,48.884358],[2.339692,48.884621]]],[[[2.341142,48.884415],[2.341282,48.884048],[2.33981,48.884224],[2.339823,48.884603],[2.340573,48.884355],[2.340556,48.88491],[2.341142,48.884415]]],[[[2.337298,48.884485],[2.337797,48.884613],[2.337529,48.884175],[2.337025,48.884359],[2.337218,48.884892],[2.337298,48.884485]]],[[[2.34184,48.884187],[2.341636,48.884163],[2.341879,48.884908],[2.342395,48.884784],[2.342424,48.884336],[2.34184,48.884187]]],[[[2.336357,48.884951],[2.336627,48.884735],[2.337142,48.884924],[2.33693,48.884407],[2.335846,48.884842],[2.336357,48.884951]]],[[[2.340757,48.885094],[2.341748,48.884947],[2.34151,48.884205],[2.340545,48.884998],[2.340757,48.885094]]],[[[2.343331,48.884867],[2.342779,48.884416],[2.342518,48.885173],[2.343331,48.884867]]],[[[2.335348,48.885201],[2.335435,48.885168],[2.335442,48.885175],[2.335459,48.885168],[2.335548,48.885133],[2.335552,48.885131],[2.335589,48.885117],[2.335607,48.88511],[2.335617,48.885106],[2.335622,48.885104],[2.335613,48.885092],[2.335675,48.884935],[2.335659,48.884933],[2.335519,48.884987],[2.335337,48.885058],[2.335249,48.885092],[2.335137,48.885135],[2.335135,48.88514],[2.335261,48.885176],[2.335305,48.885158],[2.33531,48.885157],[2.335323,48.885172],[2.335348,48.885201]]],[[[2.34238,48.884908],[2.341938,48.885008],[2.342017,48.885315],[2.34238,48.884908]]],[[[2.341846,48.885222],[2.341796,48.885077],[2.341683,48.885168],[2.341688,48.885175],[2.34171,48.885206],[2.341727,48.885231],[2.341666,48.885248],[2.341694,48.885293],[2.341695,48.885294],[2.341697,48.885298],[2.341883,48.885329],[2.341846,48.885222]]],[[[2.334759,48.885368],[2.334763,48.885367],[2.334781,48.885386],[2.334815,48.885376],[2.334832,48.885371],[2.334841,48.885369],[2.334912,48.885348],[2.334951,48.885336],[2.334944,48.885328],[2.334943,48.885328],[2.334988,48.885204],[2.334972,48.885201],[2.334867,48.885241],[2.334703,48.885304],[2.334554,48.88536],[2.334545,48.885351],[2.334446,48.885395],[2.334449,48.885397],[2.334654,48.885419],[2.334688,48.885402],[2.334759,48.885368]]],[[[2.338425,48.885527],[2.337948,48.88477],[2.338477,48.885484],[2.339044,48.885147],[2.338712,48.885163],[2.33872,48.884641],[2.338061,48.884626],[2.337866,48.885063],[2.338425,48.885527]]],[[[2.342294,48.88565],[2.342325,48.885349],[2.342048,48.885404],[2.342294,48.88565]]],[[[2.341922,48.885444],[2.341921,48.885441],[2.341754,48.88549],[2.34183,48.885603],[2.341911,48.885722],[2.341985,48.885709],[2.342006,48.885685],[2.341946,48.885511],[2.341922,48.885444]]]],"type":"MultiPolygon"},"properties":{"id_projet":"MATERNELLES (année scolaire 2024/2025)","libelle":"ORSEL (56) MAT","annee_scol":"2024-2025","zone_commune":0,"etiquette":"Secteur de l'école 56 RUE D'ORSEL","lib_etab_1":"ORSEL (56) MAT","lib_etab_2":null,"lib_etab_3":null,"lib_etab_4":null,"adr_etab_1":"56 RUE D'ORSEL","adr_etab_2":null,"adr_etab_3":null,"adr_etab_4":null,"type_etabl":"Maternelle","geo_point_2d":{"lon":2.338606409889436,"lat":48.8837880305014},"st_area_shape":138878.23502199026,"st_perimeter_shape":9170.827172928604}},{"type":"Feature","geometry":{"coordinates":[[[[2.35877,48.89677],[2.358854,48.895739],[2.358519,48.895259],[2.359027,48.894806],[2.359056,48.894202],[2.35645,48.894148],[2.356371,48.895164],[2.358458,48.895224],[2.358098,48.89789],[2.35868,48.89791],[2.35877,48.89677]]],[[[2.360509,48.89464],[2.359774,48.894241],[2.360202,48.894205],[2.360571,48.894602],[2.36056,48.893968],[2.36005,48.894002],[2.360014,48.893773],[2.360522,48.893551],[2.359789,48.893402],[2.359587,48.894788],[2.360509,48.89464]]],[[[2.360465,48.89732],[2.360647,48.896825],[2.360313,48.896814],[2.360331,48.896375],[2.359743,48.895929],[2.359651,48.897087],[2.360386,48.89716],[2.359651,48.897159],[2.360465,48.89732]]]],"type":"MultiPolygon"},"properties":{"id_projet":"MATERNELLES (année scolaire 2024/2025)","libelle":"MAURICE GENEVOIX (3) POLY","annee_scol":"2024-2025","zone_commune":0,"etiquette":"Secteur de l'école 3 RUE MAURICE GENEVOIX","lib_etab_1":"MAURICE GENEVOIX (3) POLY","lib_etab_2":null,"lib_etab_3":null,"lib_etab_4":null,"adr_etab_1":"3 RUE MAURICE GENEVOIX","adr_etab_2":null,"adr_etab_3":null,"adr_etab_4":null,"type_etabl":"Maternelle","geo_point_2d":{"lon":2.358577664057434,"lat":48.89535421909899},"st_area_shape":44770.93199642525,"st_perimeter_shape":2472.8612435910286}},{"type":"Feature","geometry":{"coordinates":[[[[2.338025,48.892112],[2.339292,48.891929],[2.339561,48.891259],[2.336616,48.891558],[2.337729,48.893016],[2.337271,48.892358],[2.338025,48.892112]],[[2.337798,48.891739],[2.338025,48.892112],[2.337868,48.891854],[2.337798,48.891739]]],[[[2.336098,48.893399],[2.334976,48.891818],[2.333773,48.893062],[2.336098,48.893399]]],[[[2.334453,48.890971],[2.334228,48.890626],[2.333444,48.890745],[2.333577,48.891766],[2.334815,48.891631],[2.334453,48.890971]]],[[[2.337628,48.894404],[2.338201,48.894582],[2.338631,48.893875],[2.337842,48.893995],[2.337938,48.89443],[2.337335,48.8936],[2.33656,48.89375],[2.336895,48.894223],[2.337628,48.894404]]],[[[2.335582,48.89205],[2.335253,48.891915],[2.336346,48.893452],[2.336913,48.893328],[2.336719,48.892633],[2.335582,48.89205]]],[[[2.333286,48.890783],[2.331722,48.891032],[2.333347,48.891718],[2.333286,48.890783]]],[[[2.335808,48.891495],[2.337754,48.89132],[2.33529,48.891452],[2.334454,48.890596],[2.335016,48.891567],[2.335808,48.891495]]],[[[2.333163,48.891768],[2.331143,48.891063],[2.332213,48.891763],[2.333163,48.891768]]],[[[2.333929,48.892588],[2.334788,48.891768],[2.333647,48.891887],[2.333747,48.892835],[2.333929,48.892588]]],[[[2.338459,48.893847],[2.338784,48.893693],[2.338333,48.893463],[2.337418,48.893591],[2.337652,48.893971],[2.338459,48.893847]]],[[[2.3366,48.89174],[2.336051,48.891616],[2.337314,48.892769],[2.3366,48.89174]]],[[[2.336384,48.892051],[2.336018,48.891619],[2.335218,48.891699],[2.336715,48.892495],[2.336384,48.892051]]],[[[2.338341,48.894582],[2.339269,48.894461],[2.338997,48.893802],[2.338551,48.894282],[2.339163,48.894288],[2.338341,48.894582]]],[[[2.336994,48.893184],[2.337597,48.893084],[2.336873,48.892712],[2.336994,48.893184]]],[[[2.338589,48.891249],[2.338777,48.89123],[2.338898,48.891218],[2.339113,48.891196],[2.339289,48.891178],[2.339294,48.891153],[2.339276,48.891152],[2.3391,48.891146],[2.3391,48.891147],[2.338876,48.891127],[2.338745,48.891112],[2.338745,48.89111],[2.338579,48.891094],[2.33858,48.89109],[2.338451,48.891075],[2.338438,48.891093],[2.338414,48.891085],[2.338154,48.891132],[2.338147,48.891122],[2.337965,48.891177],[2.33796,48.89117],[2.337951,48.891176],[2.337888,48.891319],[2.337893,48.89132],[2.338058,48.891304],[2.338201,48.89129],[2.338258,48.891284],[2.33841,48.891267],[2.338589,48.891249]]],[[[2.337789,48.893183],[2.337749,48.89318],[2.337694,48.893198],[2.337639,48.893215],[2.337505,48.893258],[2.337414,48.893287],[2.337259,48.893336],[2.337076,48.893394],[2.337099,48.893439],[2.337295,48.893412],[2.33746,48.893388],[2.337565,48.893374],[2.337719,48.893353],[2.337772,48.893345],[2.337864,48.893333],[2.337987,48.893315],[2.337997,48.893289],[2.337848,48.893213],[2.337789,48.893183]]]],"type":"MultiPolygon"},"properties":{"id_projet":"MATERNELLES (année scolaire 2025/2026)","libelle":"VAUVENARGUES (4) MAT","annee_scol":"2025-2026","zone_commune":0,"etiquette":"Secteur de l'école 4 RUE VAUVENARGUES","lib_etab_1":"VAUVENARGUES (4) MAT","lib_etab_2":null,"lib_etab_3":null,"lib_etab_4":null,"adr_etab_1":"4 RUE VAUVENARGUES","adr_etab_2":null,"adr_etab_3":null,"adr_etab_4":null,"type_etabl":"Maternelle","geo_point_2d":{"lon":2.335863716961072,"lat":48.89229302931411},"st_area_shape":90439.08020584856,"st_perimeter_shape":6538.428011766661}},{"type":"Feature","geometry":{"coordinates":[[[[2.344278,48.892628],[2.343952,48.892785],[2.344519,48.894468],[2.345238,48.894304],[2.344278,48.892628]]],[[[2.344687,48.892361],[2.34456,48.891754],[2.344052,48.891872],[2.344302,48.89235],[2.344687,48.892361]]],[[[2.344154,48.892431],[2.343907,48.89193],[2.343139,48.892123],[2.343566,48.892383],[2.343361,48.892574],[2.344154,48.892431]]],[[[2.343643,48.892764],[2.342203,48.892942],[2.342722,48.893282],[2.343643,48.892764]]],[[[2.345064,48.892696],[2.344578,48.892821],[2.345279,48.893538],[2.345064,48.892696]]],[[[2.34638,48.892479],[2.346131,48.892598],[2.346397,48.893161],[2.346089,48.893589],[2.346986,48.893304],[2.34638,48.892479]]],[[[2.34604,48.89234],[2.345139,48.892508],[2.345737,48.893609],[2.346256,48.893182],[2.34604,48.89234]]],[[[2.347736,48.893646],[2.347354,48.893539],[2.346901,48.892153],[2.346336,48.892255],[2.347378,48.893731],[2.347736,48.893646]]],[[[2.347068,48.893413],[2.345842,48.893801],[2.346031,48.894093],[2.347272,48.893767],[2.347068,48.893413]]],[[[2.345563,48.893609],[2.345119,48.893706],[2.345442,48.894249],[2.345842,48.894123],[2.345563,48.893609]]],[[[2.343814,48.892875],[2.343038,48.893281],[2.34307,48.893555],[2.344261,48.894398],[2.343814,48.892875]]],[[[2.347576,48.893827],[2.346069,48.89422],[2.346397,48.894767],[2.34691,48.894632],[2.347576,48.893827]]],[[[2.343327,48.893895],[2.343112,48.893781],[2.343292,48.894752],[2.34423,48.894567],[2.343327,48.893895]]],[[[2.342939,48.893739],[2.342568,48.894012],[2.342634,48.894548],[2.343113,48.894818],[2.342939,48.893739]]],[[[2.346757,48.894816],[2.34673,48.894795],[2.34651,48.894853],[2.346452,48.894869],[2.346435,48.894894],[2.346519,48.895048],[2.34656,48.89505],[2.346653,48.89494],[2.346757,48.894816]]]],"type":"MultiPolygon"},"properties":{"id_projet":"MATERNELLES (année scolaire 2025/2026)","libelle":"MONT CENIS (77) MAT","annee_scol":"2025-2026","zone_commune":0,"etiquette":"Secteur de l'école 77 RUE DU MONT CENIS","lib_etab_1":"MONT CENIS (77) MAT","lib_etab_2":null,"lib_etab_3":null,"lib_etab_4":null,"adr_etab_1":"77 RUE DU MONT CENIS","adr_etab_2":null,"adr_etab_3":null,"adr_etab_4":null,"type_etabl":"Maternelle","geo_point_2d":{"lon":2.3449563840272187,"lat":48.89345109774022},"st_area_shape":61707.0832290406,"st_perimeter_shape":4524.5796867322115}},{"type":"Feature","geometry":{"coordinates":[[[[2.36074,48.89802],[2.361835,48.89759],[2.367495,48.897536],[2.368463,48.896548],[2.371009,48.895772],[2.366011,48.894469],[2.365742,48.894926],[2.365042,48.895],[2.365208,48.89569],[2.365934,48.896051],[2.364972,48.89556],[2.363631,48.895852],[2.363337,48.89547],[2.36275,48.895532],[2.362534,48.895966],[2.362042,48.895422],[2.360823,48.89555],[2.362077,48.895218],[2.361699,48.894183],[2.36017,48.895318],[2.361302,48.896093],[2.360775,48.896148],[2.360463,48.896944],[2.360416,48.898009],[2.36074,48.89802]],[[2.360844,48.895666],[2.360852,48.895553],[2.361133,48.895564],[2.361156,48.895636],[2.361168,48.895677],[2.360844,48.895666]]],[[[2.365357,48.894157],[2.364713,48.893997],[2.364995,48.89484],[2.365781,48.894411],[2.365357,48.894157]]],[[[2.364958,48.895508],[2.364837,48.895007],[2.363532,48.895352],[2.3638,48.89563],[2.364958,48.895508]]],[[[2.364289,48.893635],[2.363704,48.893383],[2.363714,48.893846],[2.363175,48.893915],[2.363599,48.89501],[2.364793,48.894864],[2.364289,48.893635]]],[[[2.363458,48.895148],[2.362942,48.893569],[2.362581,48.893892],[2.362707,48.894219],[2.361823,48.894107],[2.362275,48.895213],[2.362654,48.895395],[2.363458,48.895148]]],[[[2.369751,48.893663],[2.368861,48.891594],[2.366117,48.892305],[2.365644,48.892892],[2.364388,48.893511],[2.36383,48.893303],[2.366262,48.894358],[2.371404,48.89572],[2.371731,48.895457],[2.370427,48.89467],[2.369751,48.893663]]]],"type":"MultiPolygon"},"properties":{"id_projet":"MATERNELLES (année scolaire 2026/2027)","libelle":"TCHAIKOVSKI (7) MAT","annee_scol":"2026-2027","zone_commune":0,"etiquette":"Secteur de l'école 7 TCHAIKOVSKI (7) MAT","lib_etab_1":"TCHAIKOVSKI (7) MAT","lib_etab_2":null,"lib_etab_3":null,"lib_etab_4":null,"adr_etab_1":"7 TCHAIKOVSKI (7) MAT","adr_etab_2":null,"adr_etab_3":null,"adr_etab_4":null,"type_etabl":"Maternelle","geo_point_2d":{"lon":2.365756327268512,"lat":48.89517351397765},"st_area_shape":310507.50318929926,"st_perimeter_shape":6287.149670013381}},{"type":"Feature","geometry":{"coordinates":[[[[2.35774,48.886096],[2.359293,48.886009],[2.359143,48.884885],[2.357353,48.884964],[2.358221,48.884784],[2.358238,48.884552],[2.356511,48.884235],[2.356643,48.88444],[2.356305,48.884442],[2.356886,48.885156],[2.356712,48.88597],[2.35774,48.886096]]],[[[2.357824,48.88732],[2.357879,48.886421],[2.358932,48.886462],[2.359311,48.886195],[2.356662,48.886206],[2.35646,48.887166],[2.357824,48.88732]]],[[[2.354352,48.885754],[2.35407,48.885539],[2.352948,48.886274],[2.353375,48.88667],[2.354268,48.886252],[2.354352,48.885754]]],[[[2.353829,48.887511],[2.355824,48.887687],[2.356174,48.88741],[2.353565,48.88717],[2.35356,48.887736],[2.353829,48.887511]]],[[[2.354638,48.885119],[2.352618,48.885085],[2.353017,48.885645],[2.354638,48.885119]]],[[[2.356033,48.884398],[2.354426,48.884634],[2.356595,48.884869],[2.356033,48.884398]]],[[[2.356689,48.885233],[2.356707,48.884993],[2.355906,48.88505],[2.355775,48.885821],[2.35654,48.885942],[2.356689,48.885233]]],[[[2.353661,48.88678],[2.353598,48.887082],[2.355406,48.887202],[2.355414,48.886809],[2.353661,48.88678]]],[[[2.355716,48.885204],[2.355234,48.885087],[2.355128,48.885766],[2.355614,48.885804],[2.355716,48.885204]]],[[[2.355058,48.885166],[2.354209,48.885481],[2.354933,48.885774],[2.355058,48.885166]]],[[[2.355783,48.886815],[2.355566,48.887234],[2.356273,48.88721],[2.35635,48.886846],[2.355783,48.886815]]],[[[2.354668,48.886307],[2.353721,48.886649],[2.354779,48.886709],[2.354668,48.886307]]],[[[2.355559,48.885944],[2.354489,48.886068],[2.355521,48.886245],[2.355559,48.885944]]],[[[2.35256,48.885772],[2.352895,48.885679],[2.352504,48.88509],[2.35214,48.885596],[2.352219,48.885867],[2.35256,48.885772]]],[[[2.352787,48.88639],[2.352924,48.885761],[2.352236,48.885931],[2.352787,48.88639]]],[[[2.356446,48.88639],[2.355681,48.886376],[2.355628,48.886703],[2.356345,48.886735],[2.356446,48.88639]]],[[[2.35549,48.886368],[2.35503,48.886353],[2.354973,48.886693],[2.355463,48.886702],[2.35549,48.886368]]],[[[2.354327,48.884709],[2.353924,48.884679],[2.354167,48.884945],[2.355138,48.884923],[2.354327,48.884709]]],[[[2.356375,48.886247],[2.355782,48.885988],[2.355757,48.886252],[2.356375,48.886247]]],[[[2.358822,48.884595],[2.358314,48.88456],[2.358298,48.884783],[2.359049,48.884744],[2.358822,48.884595]]],[[[2.353372,48.8869],[2.352811,48.886651],[2.352674,48.886937],[2.353372,48.8869]]],[[[2.353426,48.887546],[2.353336,48.887155],[2.353074,48.887334],[2.353426,48.887546]]],[[[2.35497,48.884404],[2.355185,48.884367],[2.355183,48.884337],[2.355102,48.884331],[2.35497,48.884384],[2.35497,48.884384],[2.354857,48.88437],[2.354857,48.884369],[2.354709,48.884375],[2.35471,48.88438],[2.354528,48.88438],[2.354528,48.884381],[2.354431,48.884386],[2.354431,48.884385],[2.354417,48.884385],[2.354317,48.884378],[2.354317,48.884377],[2.354132,48.88453],[2.354138,48.884536],[2.354204,48.884537],[2.354329,48.884515],[2.354416,48.8845],[2.354507,48.884484],[2.354716,48.884448],[2.354863,48.884423],[2.35497,48.884404]]],[[[2.353163,48.887848],[2.35341,48.887676],[2.352906,48.887711],[2.353045,48.888028],[2.353163,48.887848]]],[[[2.352649,48.886725],[2.352685,48.886638],[2.352676,48.886627],[2.352522,48.886678],[2.352512,48.886703],[2.352439,48.886691],[2.352422,48.886735],[2.352417,48.886746],[2.352395,48.886805],[2.352425,48.88681],[2.35246,48.886816],[2.352534,48.886937],[2.352569,48.886924],[2.352603,48.88684],[2.352649,48.886725]]]],"type":"MultiPolygon"},"properties":{"id_projet":"MATERNELLES (année scolaire 2020/2021)","libelle":"ST LUC (3) MAT","annee_scol":"2020-2021","zone_commune":0,"etiquette":"Secteur de l'école 3 RUE SAINT-LUC","lib_etab_1":"ST LUC (3) MAT","lib_etab_2":null,"lib_etab_3":null,"lib_etab_4":null,"adr_etab_1":"3 RUE SAINT-LUC","adr_etab_2":null,"adr_etab_3":null,"adr_etab_4":null,"type_etabl":null,"geo_point_2d":{"lon":2.355872297222621,"lat":48.88591860566462},"st_area_shape":108038.634051829,"st_perimeter_shape":7004.264147556626}},{"type":"Feature","geometry":{"coordinates":[[[[2.35877,48.89677],[2.358854,48.895739],[2.358519,48.895259],[2.359027,48.894806],[2.359056,48.894202],[2.35645,48.894148],[2.356371,48.895164],[2.358458,48.895224],[2.358098,48.89789],[2.35868,48.89791],[2.35877,48.89677]]],[[[2.360509,48.89464],[2.359778,48.894296],[2.360639,48.894411],[2.36056,48.893968],[2.36005,48.894002],[2.359981,48.893695],[2.360267,48.893595],[2.359789,48.893402],[2.359587,48.894788],[2.360509,48.89464]]],[[[2.360465,48.89732],[2.360647,48.896825],[2.360313,48.896814],[2.360331,48.896375],[2.360025,48.89639],[2.359746,48.895888],[2.359651,48.897087],[2.360386,48.89716],[2.359651,48.897159],[2.360465,48.89732]]]],"type":"MultiPolygon"},"properties":{"id_projet":"MATERNELLES (année scolaire 2020/2021)","libelle":"MAURICE GENEVOIX (3) POLY","annee_scol":"2020-2021","zone_commune":0,"etiquette":"Secteur de l'école 3 RUE MAURICE GENEVOIX","lib_etab_1":"MAURICE GENEVOIX (3) POLY","lib_etab_2":null,"lib_etab_3":null,"lib_etab_4":null,"adr_etab_1":"3 RUE MAURICE GENEVOIX","adr_etab_2":null,"adr_etab_3":null,"adr_etab_4":null,"type_etabl":null,"geo_point_2d":{"lon":2.3585535237607926,"lat":48.8953797586781},"st_area_shape":44173.73287473737,"st_perimeter_shape":2441.3830267209023}},{"type":"Feature","geometry":{"coordinates":[[[[2.333883,48.899307],[2.333897,48.899028],[2.330915,48.898968],[2.330902,48.899246],[2.329986,48.899312],[2.330287,48.900143],[2.334579,48.900232],[2.334623,48.899324],[2.333883,48.899307]]],[[[2.339907,48.900575],[2.33992,48.89944],[2.336539,48.899362],[2.335789,48.900491],[2.339907,48.900575]]],[[[2.343236,48.900705],[2.343292,48.899504],[2.340215,48.899457],[2.340212,48.900613],[2.343236,48.900705]]],[[[2.346117,48.900782],[2.34753,48.900772],[2.34759,48.89959],[2.345625,48.89955],[2.345578,48.900569],[2.344531,48.900689],[2.346117,48.900782]]],[[[2.335248,48.898175],[2.33451,48.89905],[2.336076,48.899082],[2.335248,48.898175]]],[[[2.338103,48.897996],[2.337489,48.898028],[2.336609,48.899017],[2.337405,48.899064],[2.338103,48.897996]]],[[[2.334931,48.899329],[2.33479,48.900411],[2.335238,48.90042],[2.335802,48.899418],[2.334931,48.899329]]],[[[2.345432,48.900443],[2.345472,48.899563],[2.344585,48.899549],[2.344577,48.900434],[2.345432,48.900443]]],[[[2.338414,48.898341],[2.337732,48.899117],[2.338964,48.899063],[2.338414,48.898341]]],[[[2.341141,48.897685],[2.338469,48.89727],[2.338498,48.897501],[2.337733,48.897615],[2.341141,48.897685]]],[[[2.335814,48.898087],[2.336385,48.898734],[2.336573,48.898174],[2.335814,48.898087]]]],"type":"MultiPolygon"},"properties":{"id_projet":"MATERNELLES (année scolaire 2020/2021)","libelle":"F. DORLEAC (2) MAT","annee_scol":"2020-2021","zone_commune":0,"etiquette":"Secteur de l'école 60 RUE RENE BINET","lib_etab_1":"FRANCOISE DORLEAC (2) MAT","lib_etab_2":null,"lib_etab_3":null,"lib_etab_4":null,"adr_etab_1":"60 RUE RENE BINET","adr_etab_2":null,"adr_etab_3":null,"adr_etab_4":null,"type_etabl":null,"geo_point_2d":{"lon":2.3383773549519646,"lat":48.89970061408831},"st_area_shape":168018.87030652727,"st_perimeter_shape":5699.336927864808}},{"type":"Feature","geometry":{"coordinates":[[[[2.332202,48.886581],[2.332488,48.886442],[2.331841,48.885908],[2.332202,48.885677],[2.331931,48.885331],[2.333255,48.884521],[2.332688,48.883995],[2.331881,48.884183],[2.332294,48.884835],[2.331848,48.884191],[2.330731,48.884451],[2.331221,48.885342],[2.330785,48.885435],[2.332202,48.886581]]],[[[2.329266,48.88519],[2.329324,48.884753],[2.327899,48.883849],[2.327419,48.88389],[2.327113,48.884549],[2.327836,48.884918],[2.328425,48.884576],[2.327858,48.885015],[2.327092,48.884594],[2.326928,48.884942],[2.328815,48.885732],[2.329266,48.88519]]],[[[2.327931,48.886447],[2.32875,48.885767],[2.326903,48.884997],[2.326512,48.885837],[2.327697,48.886615],[2.327931,48.886447]]],[[[2.330689,48.885499],[2.329489,48.884874],[2.329253,48.885614],[2.328291,48.886331],[2.328927,48.886817],[2.329362,48.88652],[2.328992,48.886222],[2.330689,48.885499]]],[[[2.328458,48.886591],[2.328176,48.886413],[2.327855,48.886719],[2.328445,48.887072],[2.328821,48.886873],[2.328458,48.886591]]],[[[2.330512,48.884677],[2.329913,48.884745],[2.330832,48.885272],[2.330512,48.884677]]],[[[2.328563,48.883507],[2.328445,48.883487],[2.328419,48.883544],[2.328348,48.883606],[2.328384,48.88363],[2.328563,48.883507]]]],"type":"MultiPolygon"},"properties":{"id_projet":"MATERNELLES (année scolaire 2021/2022)","libelle":"FOREST (14) POLY","annee_scol":"2021-2022","zone_commune":0,"etiquette":"Secteur de l'école 14 RUE FOREST","lib_etab_1":"FOREST (14) POLY","lib_etab_2":null,"lib_etab_3":null,"lib_etab_4":null,"adr_etab_1":"14 RUE FOREST","adr_etab_2":null,"adr_etab_3":null,"adr_etab_4":null,"type_etabl":"Maternelle","geo_point_2d":{"lon":2.329430530483117,"lat":48.88528913409388},"st_area_shape":77351.0335198431,"st_perimeter_shape":3554.328644280314}},{"type":"Feature","geometry":{"coordinates":[[[[2.341988,48.891565],[2.341859,48.891328],[2.339831,48.891266],[2.341565,48.892431],[2.342269,48.892214],[2.341988,48.891565]]],[[[2.343349,48.89117],[2.343472,48.89073],[2.342968,48.889942],[2.342113,48.890251],[2.342282,48.891187],[2.343349,48.89117]]],[[[2.340511,48.891901],[2.339784,48.891425],[2.340143,48.892598],[2.341211,48.892491],[2.340511,48.891901]]],[[[2.344601,48.889809],[2.345531,48.889937],[2.345193,48.889859],[2.345316,48.889542],[2.345987,48.88953],[2.344788,48.889385],[2.344011,48.889612],[2.344164,48.890128],[2.344601,48.889809]]],[[[2.341018,48.893497],[2.341946,48.893356],[2.342004,48.89296],[2.340349,48.893173],[2.341018,48.893497]]],[[[2.342621,48.891319],[2.342061,48.891342],[2.342456,48.892181],[2.342928,48.892029],[2.342621,48.891319]]],[[[2.344007,48.890264],[2.343447,48.890321],[2.343756,48.891126],[2.344197,48.891025],[2.344007,48.890264]]],[[[2.341472,48.892582],[2.340188,48.892741],[2.340294,48.892996],[2.34173,48.892799],[2.341472,48.892582]]],[[[2.341061,48.891175],[2.341471,48.891129],[2.341299,48.890609],[2.340605,48.890881],[2.340727,48.891226],[2.341061,48.891175]]],[[[2.341841,48.891216],[2.342118,48.891193],[2.342016,48.890626],[2.341453,48.89058],[2.341841,48.891216]]],[[[2.343855,48.889664],[2.343106,48.889882],[2.34336,48.890184],[2.343944,48.890142],[2.343855,48.889664]]],[[[2.342987,48.892171],[2.342498,48.892286],[2.34263,48.892656],[2.343165,48.892581],[2.342987,48.892171]]],[[[2.341064,48.890446],[2.341525,48.890363],[2.341213,48.890092],[2.340716,48.890156],[2.340577,48.890733],[2.341064,48.890446]]],[[[2.34601,48.889442],[2.346323,48.888961],[2.345082,48.889303],[2.34601,48.889442]]],[[[2.34233,48.892355],[2.341665,48.892559],[2.342447,48.892701],[2.34233,48.892355]]],[[[2.343236,48.891415],[2.342791,48.891318],[2.343108,48.891995],[2.343236,48.891415]]],[[[2.342386,48.890013],[2.342631,48.889913],[2.342615,48.88987],[2.34258,48.889869],[2.342339,48.889962],[2.342338,48.889961],[2.342307,48.889951],[2.342282,48.889962],[2.342276,48.889959],[2.342277,48.889946],[2.342103,48.889982],[2.342099,48.889962],[2.342059,48.889962],[2.342058,48.889986],[2.342005,48.889987],[2.34194,48.89],[2.341983,48.890022],[2.341825,48.890066],[2.341823,48.890077],[2.341816,48.890126],[2.341812,48.890149],[2.341812,48.89015],[2.341681,48.890281],[2.34171,48.890289],[2.341877,48.890221],[2.342182,48.890096],[2.342386,48.890013]]],[[[2.343478,48.892209],[2.343137,48.892126],[2.343326,48.89256],[2.343478,48.892209]]],[[[2.339864,48.891039],[2.340421,48.8908],[2.33979,48.890811],[2.339663,48.891097],[2.339864,48.891039]]],[[[2.340485,48.890939],[2.339983,48.891146],[2.340527,48.891206],[2.340485,48.890939]]],[[[2.344401,48.890401],[2.344168,48.890255],[2.344239,48.890536],[2.344401,48.890401]]],[[[2.344571,48.890749],[2.344262,48.890626],[2.344344,48.890953],[2.344571,48.890749]]],[[[2.341964,48.890334],[2.341933,48.890324],[2.341749,48.890399],[2.341558,48.890477],[2.341565,48.890499],[2.341861,48.890523],[2.341967,48.890532],[2.341997,48.890513],[2.34198,48.890423],[2.341964,48.890334]]]],"type":"MultiPolygon"},"properties":{"id_projet":"MATERNELLES (année scolaire 2021/2022)","libelle":"RUISSEAU (6) MAT","annee_scol":"2021-2022","zone_commune":0,"etiquette":"Secteur de l'école 6 RUE DU RUISSEAU","lib_etab_1":"RUISSEAU (6) MAT","lib_etab_2":null,"lib_etab_3":null,"lib_etab_4":null,"adr_etab_1":"6 RUE DU RUISSEAU","adr_etab_2":null,"adr_etab_3":null,"adr_etab_4":null,"type_etabl":"Maternelle","geo_point_2d":{"lon":2.3422354290972542,"lat":48.89129396782645},"st_area_shape":71184.9597177439,"st_perimeter_shape":5474.235113220623}},{"type":"Feature","geometry":{"coordinates":[[[[2.355926,48.88817],[2.353572,48.887861],[2.353645,48.888418],[2.355946,48.888627],[2.355926,48.88817]]],[[[2.35071,48.889519],[2.350488,48.888865],[2.351181,48.888944],[2.351469,48.888355],[2.349788,48.88842],[2.349817,48.88953],[2.35071,48.889519]]],[[[2.353701,48.890292],[2.354469,48.890302],[2.354472,48.88896],[2.353669,48.889003],[2.353419,48.890273],[2.353701,48.890292]]],[[[2.355181,48.889105],[2.355803,48.88914],[2.355868,48.888755],[2.354643,48.888665],[2.354633,48.890304],[2.355139,48.890313],[2.355181,48.889105]]],[[[2.351959,48.889005],[2.353503,48.888922],[2.353504,48.888558],[2.351682,48.888375],[2.352108,48.888612],[2.351959,48.889005]]],[[[2.352007,48.891373],[2.355012,48.890918],[2.354916,48.890671],[2.352007,48.891373]]],[[[2.355183,48.887588],[2.353831,48.887496],[2.353568,48.887742],[2.356088,48.88796],[2.355183,48.887588]]],[[[2.355385,48.889176],[2.355218,48.890314],[2.355707,48.890299],[2.355856,48.889213],[2.355385,48.889176]]],[[[2.35348,48.888187],[2.35341,48.887676],[2.353177,48.888026],[2.351587,48.888228],[2.353464,48.888402],[2.35348,48.888187]]],[[[2.35427,48.890605],[2.354437,48.890574],[2.354462,48.890552],[2.354463,48.890499],[2.354465,48.890429],[2.354437,48.89041],[2.354228,48.890407],[2.354004,48.890404],[2.353812,48.890401],[2.353696,48.890399],[2.353683,48.8904],[2.353504,48.890409],[2.35344,48.890412],[2.353389,48.890444],[2.35336,48.890593],[2.353359,48.890595],[2.353363,48.890595],[2.353412,48.890763],[2.353638,48.890721],[2.353865,48.890679],[2.354054,48.890644],[2.35427,48.890605]]],[[[2.353814,48.888569],[2.353694,48.888912],[2.354503,48.88885],[2.353814,48.888569]]],[[[2.352487,48.889235],[2.353416,48.889016],[2.351754,48.889105],[2.352487,48.889235]]]],"type":"MultiPolygon"},"properties":{"id_projet":"MATERNELLES (année scolaire 2022/2023)","libelle":"EMILE DUPLOYE (27) MAT","annee_scol":"2022-2023","zone_commune":0,"etiquette":"Secteur de l'école 27 RUE EMILE DUPLOYE","lib_etab_1":"EMILE DUPLOYE (27) MAT","lib_etab_2":null,"lib_etab_3":null,"lib_etab_4":null,"adr_etab_1":"27 RUE EMILE DUPLOYE","adr_etab_2":null,"adr_etab_3":null,"adr_etab_4":null,"type_etabl":"Maternelle","geo_point_2d":{"lon":2.353648898903894,"lat":48.889087619772624},"st_area_shape":74374.1215675427,"st_perimeter_shape":4851.409079110254}},{"type":"Feature","geometry":{"coordinates":[[[[2.335311,48.896318],[2.338036,48.896125],[2.337554,48.896012],[2.337865,48.895885],[2.337501,48.895374],[2.332605,48.894311],[2.33304,48.89599],[2.335311,48.896318]]],[[[2.329907,48.898947],[2.334136,48.898919],[2.333275,48.897894],[2.329624,48.897817],[2.329415,48.898054],[2.329907,48.898947]]],[[[2.333558,48.897076],[2.333007,48.896311],[2.332425,48.896232],[2.332853,48.896815],[2.332399,48.896229],[2.332002,48.896192],[2.332415,48.896957],[2.331799,48.896147],[2.331337,48.896102],[2.332371,48.897516],[2.333858,48.897547],[2.333558,48.897076]]],[[[2.332944,48.89399],[2.336163,48.893522],[2.335422,48.89346],[2.334965,48.892572],[2.332944,48.89399]]],[[[2.338095,48.896212],[2.336457,48.896463],[2.33838,48.896705],[2.338095,48.896212]]],[[[2.335678,48.89461],[2.336285,48.893762],[2.335182,48.893906],[2.335549,48.894795],[2.335678,48.89461]]],[[[2.334763,48.897194],[2.335523,48.897014],[2.335371,48.896734],[2.333748,48.897089],[2.333977,48.89738],[2.334763,48.897194]]],[[[2.335076,48.89392],[2.334453,48.894006],[2.334674,48.8946],[2.335382,48.894757],[2.335076,48.89392]]],[[[2.331553,48.897498],[2.3321,48.897485],[2.331935,48.897166],[2.331518,48.89741],[2.330939,48.897111],[2.329584,48.897439],[2.331553,48.897498]]],[[[2.331095,48.896052],[2.331187,48.89636],[2.330892,48.896469],[2.331305,48.896919],[2.331965,48.897019],[2.331095,48.896052]]],[[[2.334671,48.89652],[2.333537,48.896796],[2.333782,48.897023],[2.33539,48.896648],[2.334671,48.89652]]],[[[2.334347,48.894019],[2.333014,48.894229],[2.334511,48.894564],[2.334347,48.894019]]],[[[2.336408,48.89709],[2.338069,48.896965],[2.33631,48.896723],[2.336408,48.89709]]],[[[2.336437,48.897155],[2.334742,48.897538],[2.335989,48.897593],[2.336413,48.897243],[2.336551,48.897412],[2.336437,48.897155]]],[[[2.335543,48.897052],[2.333984,48.897416],[2.334417,48.897558],[2.335638,48.897231],[2.335543,48.897052]]],[[[2.336057,48.896693],[2.335496,48.896705],[2.335755,48.8972],[2.336281,48.897008],[2.336057,48.896693]]],[[[2.33406,48.896444],[2.333226,48.896365],[2.333514,48.896763],[2.334474,48.896513],[2.33406,48.896444]]],[[[2.335715,48.898002],[2.335814,48.898087],[2.335869,48.898149],[2.336573,48.898174],[2.336725,48.898116],[2.3368,48.898119],[2.336961,48.898008],[2.33693,48.897971],[2.336493,48.897961],[2.336185,48.897955],[2.335766,48.897946],[2.335715,48.898002]]],[[[2.334933,48.897929],[2.33443,48.898131],[2.334796,48.898293],[2.334933,48.897929]]],[[[2.334403,48.898301],[2.334065,48.898361],[2.334209,48.898656],[2.33462,48.898459],[2.334403,48.898301]]],[[[2.334203,48.897914],[2.333719,48.898014],[2.333991,48.898265],[2.334203,48.897914]]]],"type":"MultiPolygon"},"properties":{"id_projet":"MATERNELLES (année scolaire 2022/2023)","libelle":"PAUL ABADIE (1) MAT","annee_scol":"2022-2023","zone_commune":0,"etiquette":"Secteur de l'école 1 RUE PAUL ABADIE","lib_etab_1":"PAUL ABADIE (1) MAT","lib_etab_2":null,"lib_etab_3":null,"lib_etab_4":null,"adr_etab_1":"1 RUE PAUL ABADIE","adr_etab_2":null,"adr_etab_3":null,"adr_etab_4":null,"type_etabl":"Maternelle","geo_point_2d":{"lon":2.3339630717088444,"lat":48.896404688143356},"st_area_shape":172024.13825200437,"st_perimeter_shape":8183.959455293212}},{"type":"Feature","geometry":{"coordinates":[[[[2.358545,48.899627],[2.360856,48.898336],[2.369965,48.898437],[2.370151,48.896572],[2.371039,48.895847],[2.368463,48.896548],[2.367495,48.897536],[2.361835,48.89759],[2.360416,48.898009],[2.360465,48.89732],[2.359647,48.897159],[2.359665,48.898311],[2.360649,48.898331],[2.358555,48.899505],[2.358483,48.899119],[2.357873,48.898876],[2.357645,48.899249],[2.355483,48.899194],[2.355159,48.901551],[2.358395,48.901615],[2.358545,48.899627]]],[[[2.365622,48.900396],[2.370021,48.900328],[2.370037,48.899975],[2.366664,48.899842],[2.365649,48.899417],[2.365382,48.899593],[2.365408,48.899313],[2.364129,48.898763],[2.362369,48.898759],[2.362304,48.900198],[2.365622,48.900396]]],[[[2.369968,48.901458],[2.369986,48.901091],[2.364412,48.901116],[2.364355,48.901738],[2.370016,48.901854],[2.369968,48.901458]]],[[[2.360469,48.899798],[2.362194,48.899822],[2.362262,48.898764],[2.359879,48.898995],[2.359854,48.899582],[2.360469,48.899798]]],[[[2.370052,48.899714],[2.369939,48.899263],[2.369166,48.899615],[2.368415,48.899087],[2.367495,48.89958],[2.366594,48.899088],[2.366097,48.899316],[2.366706,48.899711],[2.370052,48.899714]]],[[[2.366785,48.898779],[2.366641,48.898925],[2.367316,48.899398],[2.368203,48.898956],[2.366785,48.898779]]],[[[2.368661,48.898815],[2.368515,48.898961],[2.369191,48.899434],[2.370086,48.898988],[2.368661,48.898815]]],[[[2.363545,48.901722],[2.363587,48.901209],[2.362306,48.901419],[2.362295,48.901697],[2.363545,48.901722]]],[[[2.366438,48.898921],[2.365752,48.898759],[2.365667,48.899263],[2.366438,48.898921]]],[[[2.364763,48.89874],[2.36551,48.899142],[2.365465,48.898754],[2.364763,48.89874]]]],"type":"MultiPolygon"},"properties":{"id_projet":"MATERNELLES (année scolaire 2022/2023)","libelle":"CHARLES HERMITE (2) MAT","annee_scol":"2022-2023","zone_commune":0,"etiquette":"Secteur de l'école 2 RUE CHARLES HERMITE","lib_etab_1":"CHARLES HERMITE (2) MAT","lib_etab_2":null,"lib_etab_3":null,"lib_etab_4":null,"adr_etab_1":"2 RUE CHARLES HERMITE","adr_etab_2":null,"adr_etab_3":null,"adr_etab_4":null,"type_etabl":"Maternelle","geo_point_2d":{"lon":2.3638675277711934,"lat":48.89937762727833},"st_area_shape":290714.604332973,"st_perimeter_shape":8698.558779800172}},{"type":"Feature","geometry":{"coordinates":[[[[2.339087,48.896423],[2.33872,48.896749],[2.342138,48.897124],[2.341669,48.896456],[2.339087,48.896423]]],[[[2.342934,48.896505],[2.343478,48.896313],[2.343307,48.895862],[2.341503,48.895861],[2.34209,48.896706],[2.342934,48.896505]]],[[[2.343857,48.896903],[2.343685,48.896634],[2.342997,48.896815],[2.343675,48.896617],[2.343544,48.896454],[2.342138,48.896848],[2.342452,48.897185],[2.344045,48.897418],[2.343857,48.896903]]],[[[2.341527,48.896347],[2.341245,48.895836],[2.339727,48.895816],[2.339114,48.896261],[2.341527,48.896347]]],[[[2.338439,48.897275],[2.342445,48.897602],[2.338359,48.896962],[2.337733,48.897615],[2.338498,48.897501],[2.338439,48.897275]]],[[[2.343138,48.895007],[2.342008,48.895233],[2.342174,48.895363],[2.341752,48.895686],[2.343278,48.895736],[2.343138,48.895007]]],[[[2.34417,48.897734],[2.344557,48.897655],[2.344203,48.897529],[2.342472,48.897332],[2.342793,48.897735],[2.34417,48.897734]]],[[[2.341746,48.895027],[2.341482,48.89452],[2.340868,48.894876],[2.341348,48.89562],[2.341746,48.895027]]],[[[2.341018,48.895384],[2.340697,48.894944],[2.339808,48.895627],[2.340753,48.895462],[2.340678,48.895178],[2.341201,48.8957],[2.341018,48.895384]]],[[[2.340978,48.897536],[2.340842,48.897527],[2.340797,48.897524],[2.34074,48.89752],[2.340654,48.897515],[2.340624,48.897513],[2.340575,48.89751],[2.340563,48.897509],[2.340467,48.897503],[2.34037,48.897496],[2.340274,48.89749],[2.340244,48.897488],[2.340147,48.897482],[2.340132,48.897481],[2.340108,48.897479],[2.34001,48.897473],[2.33995,48.897469],[2.33982,48.897461],[2.339833,48.897527],[2.33986,48.897529],[2.339861,48.897526],[2.339911,48.89753],[2.340001,48.897536],[2.340122,48.897544],[2.340264,48.897554],[2.340363,48.897561],[2.340459,48.897568],[2.340553,48.897574],[2.340645,48.897581],[2.340728,48.897586],[2.340791,48.897591],[2.34083,48.897594],[2.340962,48.897603],[2.341083,48.897611],[2.341195,48.897619],[2.34132,48.897627],[2.341439,48.897636],[2.341543,48.897643],[2.341675,48.897652],[2.341821,48.897663],[2.342042,48.897677],[2.342152,48.897685],[2.342282,48.897694],[2.342464,48.897707],[2.342476,48.897708],[2.342503,48.897693],[2.342463,48.897631],[2.342429,48.89763],[2.342396,48.897628],[2.342294,48.897621],[2.342271,48.89762],[2.342203,48.897615],[2.342161,48.897612],[2.342051,48.897605],[2.341826,48.897591],[2.341683,48.897582],[2.341559,48.897574],[2.34145,48.897566],[2.341335,48.897559],[2.34121,48.897551],[2.341145,48.897547],[2.34111,48.897544],[2.341092,48.897543],[2.340978,48.897536]]],[[[2.343236,48.898105],[2.342612,48.898092],[2.342513,48.898153],[2.342512,48.89816],[2.342563,48.898205],[2.343766,48.898238],[2.343882,48.89817],[2.343806,48.898117],[2.343236,48.898105]]],[[[2.341142,48.897668],[2.340213,48.897604],[2.340036,48.897592],[2.339841,48.897578],[2.339844,48.897593],[2.339849,48.897623],[2.340033,48.897634],[2.340033,48.897634],[2.340201,48.89765],[2.340202,48.897649],[2.341141,48.897685],[2.341142,48.897668]]],[[[2.338838,48.895529],[2.338725,48.895196],[2.338721,48.895197],[2.338742,48.895258],[2.338745,48.895267],[2.338769,48.895337],[2.33878,48.895369],[2.338798,48.895421],[2.338834,48.895528],[2.338838,48.895529]]]],"type":"MultiPolygon"},"properties":{"id_projet":"MATERNELLES (année scolaire 2020/2021)","libelle":"GUSTAVE ROUANET (1) MAT","annee_scol":"2020-2021","zone_commune":0,"etiquette":"Secteur de l'école 1 RUE GUSTAVE ROUANET","lib_etab_1":"GUSTAVE ROUANET (1) MAT","lib_etab_2":null,"lib_etab_3":null,"lib_etab_4":null,"adr_etab_1":"1 RUE GUSTAVE ROUANET","adr_etab_2":null,"adr_etab_3":null,"adr_etab_4":null,"type_etabl":null,"geo_point_2d":{"lon":2.3415046383096985,"lat":48.89651176889331},"st_area_shape":69727.27438868264,"st_perimeter_shape":5055.696606609331}},{"type":"Feature","geometry":{"coordinates":[[[[2.335311,48.896318],[2.338036,48.896125],[2.337554,48.896012],[2.337865,48.895885],[2.337501,48.895374],[2.332605,48.894311],[2.33304,48.89599],[2.335311,48.896318]]],[[[2.329907,48.898947],[2.334136,48.898919],[2.333275,48.897894],[2.329624,48.897817],[2.329415,48.898054],[2.329907,48.898947]]],[[[2.333558,48.897076],[2.333007,48.896311],[2.332425,48.896232],[2.332853,48.896815],[2.332399,48.896229],[2.332002,48.896192],[2.332415,48.896957],[2.331799,48.896147],[2.331337,48.896102],[2.332371,48.897516],[2.333858,48.897547],[2.333558,48.897076]]],[[[2.332944,48.89399],[2.336163,48.893522],[2.335422,48.89346],[2.334965,48.892572],[2.332944,48.89399]]],[[[2.338095,48.896212],[2.336457,48.896463],[2.33838,48.896705],[2.338095,48.896212]]],[[[2.335678,48.89461],[2.336285,48.893762],[2.335182,48.893906],[2.335549,48.894795],[2.335678,48.89461]]],[[[2.334763,48.897194],[2.335523,48.897014],[2.335371,48.896734],[2.333748,48.897089],[2.333977,48.89738],[2.334763,48.897194]]],[[[2.335076,48.89392],[2.334453,48.894006],[2.334674,48.8946],[2.335382,48.894757],[2.335076,48.89392]]],[[[2.331553,48.897498],[2.3321,48.897485],[2.331935,48.897166],[2.331518,48.89741],[2.330939,48.897111],[2.329584,48.897439],[2.331553,48.897498]]],[[[2.331095,48.896052],[2.331187,48.89636],[2.330892,48.896469],[2.331305,48.896919],[2.331965,48.897019],[2.331095,48.896052]]],[[[2.334671,48.89652],[2.333537,48.896796],[2.333782,48.897023],[2.33539,48.896648],[2.334671,48.89652]]],[[[2.334347,48.894019],[2.333014,48.894229],[2.334511,48.894564],[2.334347,48.894019]]],[[[2.336408,48.89709],[2.338069,48.896965],[2.33631,48.896723],[2.336408,48.89709]]],[[[2.336437,48.897155],[2.334742,48.897538],[2.335989,48.897593],[2.336413,48.897243],[2.336551,48.897412],[2.336437,48.897155]]],[[[2.335543,48.897052],[2.333984,48.897416],[2.334417,48.897558],[2.335638,48.897231],[2.335543,48.897052]]],[[[2.336057,48.896693],[2.335496,48.896705],[2.335755,48.8972],[2.336281,48.897008],[2.336057,48.896693]]],[[[2.33406,48.896444],[2.333226,48.896365],[2.333514,48.896763],[2.334474,48.896513],[2.33406,48.896444]]],[[[2.335715,48.898002],[2.335814,48.898087],[2.335869,48.898149],[2.336573,48.898174],[2.336725,48.898116],[2.3368,48.898119],[2.336961,48.898008],[2.33693,48.897971],[2.336493,48.897961],[2.336185,48.897955],[2.335766,48.897946],[2.335715,48.898002]]],[[[2.334933,48.897929],[2.33443,48.898131],[2.334796,48.898293],[2.334933,48.897929]]],[[[2.334403,48.898301],[2.334065,48.898361],[2.334209,48.898656],[2.33462,48.898459],[2.334403,48.898301]]],[[[2.334203,48.897914],[2.333719,48.898014],[2.333991,48.898265],[2.334203,48.897914]]]],"type":"MultiPolygon"},"properties":{"id_projet":"MATERNELLES (année scolaire 2021/2022)","libelle":"PAUL ABADIE (1) MAT","annee_scol":"2021-2022","zone_commune":0,"etiquette":"Secteur de l'école 1 RUE PAUL ABADIE","lib_etab_1":"PAUL ABADIE (1) MAT","lib_etab_2":null,"lib_etab_3":null,"lib_etab_4":null,"adr_etab_1":"1 RUE PAUL ABADIE","adr_etab_2":null,"adr_etab_3":null,"adr_etab_4":null,"type_etabl":"Maternelle","geo_point_2d":{"lon":2.3339630717088444,"lat":48.896404688143356},"st_area_shape":172024.13825200437,"st_perimeter_shape":8183.959455293212}},{"type":"Feature","geometry":{"coordinates":[[[[2.332202,48.886581],[2.332488,48.886442],[2.331841,48.885908],[2.332202,48.885677],[2.331931,48.885331],[2.333255,48.884521],[2.332688,48.883995],[2.331881,48.884183],[2.332294,48.884835],[2.331848,48.884191],[2.330731,48.884451],[2.331221,48.885342],[2.330785,48.885435],[2.332202,48.886581]]],[[[2.329266,48.88519],[2.329324,48.884753],[2.327899,48.883849],[2.327419,48.88389],[2.327113,48.884549],[2.327836,48.884918],[2.328425,48.884576],[2.327858,48.885015],[2.327092,48.884594],[2.326928,48.884942],[2.328815,48.885732],[2.329266,48.88519]]],[[[2.327931,48.886447],[2.32875,48.885767],[2.326903,48.884997],[2.326512,48.885837],[2.327697,48.886615],[2.327931,48.886447]]],[[[2.330689,48.885499],[2.329489,48.884874],[2.329253,48.885614],[2.328291,48.886331],[2.328927,48.886817],[2.329362,48.88652],[2.328992,48.886222],[2.330689,48.885499]]],[[[2.328458,48.886591],[2.328176,48.886413],[2.327855,48.886719],[2.328445,48.887072],[2.328821,48.886873],[2.328458,48.886591]]],[[[2.330512,48.884677],[2.329913,48.884745],[2.330832,48.885272],[2.330512,48.884677]]],[[[2.328563,48.883507],[2.328445,48.883487],[2.328419,48.883544],[2.328348,48.883606],[2.328384,48.88363],[2.328563,48.883507]]]],"type":"MultiPolygon"},"properties":{"id_projet":"MATERNELLES (année scolaire 2020/2021)","libelle":"FOREST (14) POLY","annee_scol":"2020-2021","zone_commune":0,"etiquette":"Secteur de l'école 14 RUE FOREST","lib_etab_1":"FOREST (14) POLY","lib_etab_2":null,"lib_etab_3":null,"lib_etab_4":null,"adr_etab_1":"14 RUE FOREST","adr_etab_2":null,"adr_etab_3":null,"adr_etab_4":null,"type_etabl":null,"geo_point_2d":{"lon":2.329430530483117,"lat":48.88528913409388},"st_area_shape":77351.0335198431,"st_perimeter_shape":3554.328644280314}},{"type":"Feature","geometry":{"coordinates":[[[[2.335968,48.884709],[2.336885,48.884301],[2.33616,48.882942],[2.335727,48.883071],[2.335989,48.883485],[2.335485,48.883144],[2.336007,48.883963],[2.335438,48.883157],[2.334435,48.883468],[2.333676,48.884645],[2.334298,48.884716],[2.334102,48.885063],[2.335291,48.884631],[2.33418,48.885109],[2.334555,48.885118],[2.334377,48.885329],[2.335968,48.884709]],[[2.336113,48.884207],[2.336223,48.884178],[2.336328,48.884151],[2.336399,48.884132],[2.33649,48.884108],[2.336615,48.884076],[2.336671,48.884061],[2.336684,48.884085],[2.336581,48.884112],[2.3365,48.884133],[2.336364,48.884166],[2.336258,48.884194],[2.336039,48.884253],[2.33595,48.884277],[2.335888,48.884293],[2.335813,48.884313],[2.335798,48.884288],[2.335812,48.884284],[2.335848,48.884275],[2.335933,48.884253],[2.336113,48.884207]]],[[[2.341666,48.883372],[2.341797,48.882612],[2.34119,48.882493],[2.341174,48.88281],[2.341136,48.882483],[2.339726,48.882306],[2.33976,48.882815],[2.340365,48.882801],[2.339764,48.882889],[2.339849,48.883525],[2.341666,48.883372]]],[[[2.339591,48.88253],[2.339511,48.882261],[2.338041,48.882497],[2.339116,48.883853],[2.339642,48.88362],[2.339591,48.88253]]],[[[2.337889,48.883732],[2.337218,48.882625],[2.336971,48.882698],[2.337429,48.883666],[2.336904,48.882721],[2.336272,48.882919],[2.336974,48.884297],[2.337889,48.883732]]],[[[2.343422,48.883549],[2.3431,48.883115],[2.343752,48.882994],[2.341954,48.882661],[2.341858,48.88316],[2.342717,48.883326],[2.342211,48.883469],[2.343422,48.883549]]],[[[2.341629,48.883524],[2.339831,48.883616],[2.339809,48.884109],[2.341402,48.883942],[2.341629,48.883524]]],[[[2.342766,48.884126],[2.343483,48.88378],[2.342658,48.883633],[2.341757,48.883551],[2.341556,48.883923],[2.342766,48.884126]]],[[[2.3379,48.882511],[2.337319,48.882595],[2.337981,48.883706],[2.338674,48.883523],[2.3379,48.882511]]],[[[2.338767,48.883991],[2.338999,48.883898],[2.338708,48.88356],[2.337432,48.883907],[2.337853,48.884571],[2.338767,48.883991]]],[[[2.341142,48.884415],[2.341282,48.884048],[2.33981,48.884224],[2.339823,48.884603],[2.340573,48.884355],[2.340556,48.88491],[2.341142,48.884415]]],[[[2.338425,48.885527],[2.337948,48.88477],[2.338477,48.885484],[2.339044,48.885147],[2.338712,48.885163],[2.33872,48.884641],[2.338061,48.884626],[2.337866,48.885063],[2.338425,48.885527]]],[[[2.34184,48.884187],[2.341636,48.884163],[2.341879,48.884908],[2.342395,48.884784],[2.342424,48.884336],[2.34184,48.884187]]],[[[2.340757,48.885094],[2.341748,48.884947],[2.34151,48.884205],[2.340545,48.884998],[2.340757,48.885094]]],[[[2.336357,48.884951],[2.336627,48.884735],[2.337142,48.884924],[2.33693,48.884407],[2.335846,48.884842],[2.336357,48.884951]]],[[[2.343331,48.884867],[2.342779,48.884416],[2.342518,48.885173],[2.343331,48.884867]]],[[[2.334204,48.883563],[2.333028,48.883873],[2.333844,48.884111],[2.334204,48.883563]]],[[[2.337298,48.884485],[2.337797,48.884613],[2.337529,48.884175],[2.337025,48.884359],[2.337218,48.884892],[2.337298,48.884485]]],[[[2.339664,48.883822],[2.338821,48.884225],[2.339644,48.884156],[2.339664,48.883822]]],[[[2.339692,48.884621],[2.339654,48.884244],[2.33882,48.884358],[2.339692,48.884621]]],[[[2.34238,48.884908],[2.341938,48.885008],[2.342017,48.885315],[2.34238,48.884908]]],[[[2.333775,48.88429],[2.333011,48.883971],[2.333594,48.884541],[2.333775,48.88429]]],[[[2.342294,48.88565],[2.342325,48.885349],[2.342048,48.885404],[2.342294,48.88565]]],[[[2.335348,48.885201],[2.335435,48.885168],[2.335442,48.885175],[2.335459,48.885168],[2.335548,48.885133],[2.335552,48.885131],[2.335589,48.885117],[2.335607,48.88511],[2.335617,48.885106],[2.335622,48.885104],[2.335613,48.885092],[2.335675,48.884935],[2.335659,48.884933],[2.335519,48.884987],[2.335337,48.885058],[2.335249,48.885092],[2.335137,48.885135],[2.335135,48.88514],[2.335261,48.885176],[2.335305,48.885158],[2.33531,48.885157],[2.335323,48.885172],[2.335348,48.885201]]],[[[2.334759,48.885368],[2.334763,48.885367],[2.334781,48.885386],[2.334815,48.885376],[2.334832,48.885371],[2.334841,48.885369],[2.334912,48.885348],[2.334951,48.885336],[2.334944,48.885328],[2.334943,48.885328],[2.334988,48.885204],[2.334972,48.885201],[2.334867,48.885241],[2.334703,48.885304],[2.334554,48.88536],[2.334545,48.885351],[2.334446,48.885395],[2.334449,48.885397],[2.334654,48.885419],[2.334688,48.885402],[2.334759,48.885368]]],[[[2.341922,48.885444],[2.341921,48.885441],[2.341754,48.88549],[2.34183,48.885603],[2.341911,48.885722],[2.341985,48.885709],[2.342006,48.885685],[2.341946,48.885511],[2.341922,48.885444]]],[[[2.341846,48.885222],[2.341796,48.885077],[2.341683,48.885168],[2.341688,48.885175],[2.34171,48.885206],[2.341727,48.885231],[2.341666,48.885248],[2.341694,48.885293],[2.341695,48.885294],[2.341697,48.885298],[2.341883,48.885329],[2.341846,48.885222]]]],"type":"MultiPolygon"},"properties":{"id_projet":"MATERNELLES (année scolaire 2020/2021)","libelle":"ORSEL (56) MAT","annee_scol":"2020-2021","zone_commune":0,"etiquette":"Secteur de l'école 56 RUE D' ORSEL","lib_etab_1":"ORSEL (56) MAT","lib_etab_2":null,"lib_etab_3":null,"lib_etab_4":null,"adr_etab_1":"56 RUE D' ORSEL","adr_etab_2":null,"adr_etab_3":null,"adr_etab_4":null,"type_etabl":null,"geo_point_2d":{"lon":2.338606409889433,"lat":48.88378803050134},"st_area_shape":138878.23502199026,"st_perimeter_shape":9170.827172928606}},{"type":"Feature","geometry":{"coordinates":[[[[2.355833,48.895797],[2.355869,48.895272],[2.356362,48.895284],[2.356519,48.893259],[2.355122,48.893213],[2.355577,48.892369],[2.355012,48.890918],[2.351738,48.891278],[2.352353,48.892511],[2.353376,48.892415],[2.353684,48.893745],[2.354348,48.893386],[2.354605,48.894588],[2.354112,48.895746],[2.355833,48.895797]]],[[[2.351486,48.892786],[2.352237,48.892623],[2.351656,48.891555],[2.351269,48.891716],[2.351821,48.89256],[2.350682,48.89294],[2.351486,48.892786]]],[[[2.350856,48.893081],[2.350931,48.893067],[2.350931,48.893068],[2.351043,48.893047],[2.351042,48.893046],[2.351148,48.893026],[2.351257,48.893005],[2.35135,48.892987],[2.351485,48.892961],[2.351559,48.892947],[2.351622,48.892935],[2.351728,48.892915],[2.351844,48.892893],[2.351952,48.892872],[2.352044,48.892855],[2.352192,48.892826],[2.352239,48.892818],[2.352199,48.892701],[2.352134,48.892713],[2.351996,48.892739],[2.351905,48.892756],[2.351797,48.892777],[2.351679,48.892799],[2.351576,48.892819],[2.351508,48.892832],[2.351435,48.892846],[2.351303,48.892871],[2.351209,48.892888],[2.351165,48.892896],[2.351127,48.892903],[2.351096,48.892909],[2.351002,48.892927],[2.351003,48.892929],[2.350989,48.892932],[2.350881,48.892952],[2.350804,48.892967],[2.350715,48.892983],[2.350786,48.893094],[2.350856,48.893081]]],[[[2.352512,48.893217],[2.352325,48.893148],[2.35226,48.893161],[2.35211,48.893191],[2.352076,48.893197],[2.352057,48.893201],[2.351891,48.893233],[2.351838,48.893244],[2.351759,48.893259],[2.351758,48.89326],[2.35167,48.893278],[2.351471,48.893316],[2.35128,48.893353],[2.351155,48.893377],[2.351073,48.893524],[2.351087,48.893528],[2.351343,48.893472],[2.351529,48.893431],[2.351728,48.893388],[2.35211,48.893305],[2.35231,48.893261],[2.352512,48.893217]]],[[[2.351069,48.893151],[2.351187,48.893128],[2.351188,48.89313],[2.351307,48.893107],[2.351384,48.893092],[2.351396,48.89309],[2.351409,48.893087],[2.351441,48.893081],[2.351528,48.893064],[2.351645,48.893042],[2.351678,48.893036],[2.35171,48.893029],[2.351775,48.893017],[2.351877,48.892997],[2.351986,48.892976],[2.352076,48.892959],[2.352099,48.892955],[2.35216,48.892943],[2.352187,48.892938],[2.352186,48.892936],[2.352225,48.892929],[2.352238,48.892927],[2.352271,48.892921],[2.352311,48.892913],[2.352286,48.892844],[2.352233,48.892854],[2.352215,48.892858],[2.352153,48.89287],[2.352065,48.892887],[2.351974,48.892905],[2.351962,48.892907],[2.351963,48.892909],[2.351959,48.892909],[2.351846,48.892931],[2.35174,48.89295],[2.351614,48.892974],[2.351604,48.892976],[2.351495,48.892996],[2.351378,48.893018],[2.351275,48.893037],[2.351158,48.893059],[2.351053,48.893079],[2.351038,48.893082],[2.350806,48.893126],[2.350792,48.893139],[2.351003,48.893164],[2.351041,48.893157],[2.351069,48.893151]]],[[[2.351879,48.893563],[2.351838,48.893477],[2.351834,48.893478],[2.351876,48.893564],[2.351879,48.893563]]]],"type":"MultiPolygon"},"properties":{"id_projet":"MATERNELLES (année scolaire 2021/2022)","libelle":"SIMPLON (14) POLY","annee_scol":"2021-2022","zone_commune":0,"etiquette":"Secteur de l'école 14 RUE DU SIMPLON","lib_etab_1":"SIMPLON (14) POLY","lib_etab_2":null,"lib_etab_3":null,"lib_etab_4":null,"adr_etab_1":"14 RUE DU SIMPLON","adr_etab_2":null,"adr_etab_3":null,"adr_etab_4":null,"type_etabl":"Maternelle","geo_point_2d":{"lon":2.3543160005634984,"lat":48.893113843789706},"st_area_shape":96897.49548616559,"st_perimeter_shape":3037.193301900458}},{"type":"Feature","geometry":{"coordinates":[[[2.358209,48.896789],[2.358458,48.895224],[2.355869,48.895272],[2.355688,48.89794],[2.358652,48.898292],[2.35868,48.89791],[2.358098,48.89789],[2.358209,48.896789]]],"type":"Polygon"},"properties":{"id_projet":"MATERNELLES (année scolaire 2021/2022)","libelle":"EVA KOTCHEVER","annee_scol":"2021-2022","zone_commune":0,"etiquette":"Secteur de l'école 4 RUE EVA KOTCHEVER","lib_etab_1":"EVA KOTCHEVER (4) POLY","lib_etab_2":null,"lib_etab_3":null,"lib_etab_4":null,"adr_etab_1":"4 RUE EVA KOTCHEVER","adr_etab_2":null,"adr_etab_3":null,"adr_etab_4":null,"type_etabl":"Maternelle","geo_point_2d":{"lon":2.357081102875634,"lat":48.89670545690078},"st_area_shape":60617.572582559165,"st_perimeter_shape":1135.7348553108488}},{"type":"Feature","geometry":{"coordinates":[[[[2.347853,48.884831],[2.348712,48.884618],[2.348209,48.883771],[2.347115,48.883636],[2.347352,48.884966],[2.347853,48.884831]]],[[[2.351019,48.885063],[2.352157,48.8849],[2.352342,48.884265],[2.350829,48.884046],[2.351019,48.885063]]],[[[2.350379,48.885621],[2.351532,48.885892],[2.352504,48.88509],[2.349744,48.885288],[2.350379,48.885621]],[[2.351349,48.885598],[2.35135,48.885592],[2.351351,48.885586],[2.351354,48.885581],[2.351359,48.885575],[2.351364,48.88557],[2.35137,48.885566],[2.35136,48.885499],[2.35135,48.885426],[2.351339,48.885357],[2.351328,48.885286],[2.351324,48.88526],[2.35132,48.885237],[2.351315,48.885221],[2.351357,48.885216],[2.351391,48.885443],[2.351393,48.885461],[2.351409,48.885566],[2.351417,48.885569],[2.351423,48.885573],[2.351429,48.885577],[2.351435,48.885581],[2.351439,48.885586],[2.351442,48.885591],[2.351444,48.885597],[2.351444,48.885599],[2.351444,48.885602],[2.351444,48.885608],[2.351442,48.885613],[2.35144,48.885619],[2.351436,48.885624],[2.351431,48.885628],[2.351426,48.885633],[2.351419,48.885636],[2.35143,48.885707],[2.35144,48.885778],[2.351449,48.885839],[2.351455,48.885882],[2.351419,48.885884],[2.351413,48.885843],[2.351403,48.88578],[2.35139,48.885706],[2.35138,48.885637],[2.351373,48.885633],[2.351366,48.885629],[2.351361,48.885624],[2.351356,48.885619],[2.351353,48.885613],[2.35135,48.885607],[2.351349,48.885603],[2.351349,48.885598]]],[[[2.350505,48.885098],[2.350745,48.884018],[2.34968,48.883959],[2.349716,48.885179],[2.350505,48.885098]]],[[[2.349304,48.88547],[2.349214,48.884621],[2.347374,48.885075],[2.349304,48.88547]]],[[[2.352322,48.884847],[2.353732,48.884573],[2.352505,48.88429],[2.352322,48.884847]]],[[[2.352331,48.884956],[2.354167,48.884945],[2.354178,48.884741],[2.352331,48.884956]]],[[[2.352742,48.884163],[2.354045,48.884518],[2.354048,48.884254],[2.352742,48.884163]]],[[[2.348523,48.883807],[2.348404,48.883793],[2.348381,48.883812],[2.34843,48.883897],[2.348462,48.883951],[2.348585,48.883966],[2.348697,48.883979],[2.348803,48.883992],[2.348912,48.884005],[2.349019,48.884018],[2.349243,48.884045],[2.349272,48.884028],[2.349272,48.883951],[2.349272,48.883944],[2.349272,48.88394],[2.349271,48.883937],[2.349268,48.88393],[2.349264,48.883924],[2.349262,48.883921],[2.349256,48.883915],[2.349249,48.883908],[2.349241,48.883903],[2.349235,48.8839],[2.349226,48.883896],[2.349216,48.883893],[2.349205,48.883891],[2.349191,48.883889],[2.349188,48.883889],[2.34906,48.883873],[2.348953,48.88386],[2.348849,48.883847],[2.348739,48.883834],[2.348628,48.88382],[2.348523,48.883807]]],[[[2.347012,48.88426],[2.346916,48.883894],[2.346734,48.88418],[2.347054,48.884562],[2.347012,48.88426]]],[[[2.348879,48.88411],[2.348579,48.884098],[2.348755,48.88434],[2.349245,48.884212],[2.348879,48.88411]]],[[[2.354124,48.884523],[2.355102,48.884331],[2.354167,48.884264],[2.354124,48.884523]]],[[[2.349282,48.884344],[2.349247,48.884328],[2.349113,48.884363],[2.348999,48.884393],[2.348907,48.884416],[2.348757,48.884455],[2.348836,48.884586],[2.349005,48.884543],[2.349075,48.884525],[2.349189,48.884496],[2.349263,48.884477],[2.349286,48.884455],[2.349282,48.884344]]],[[[2.350388,48.885664],[2.350323,48.885672],[2.350197,48.885687],[2.350163,48.88569],[2.350185,48.885758],[2.350218,48.885754],[2.350345,48.885739],[2.35037,48.885736],[2.35041,48.885731],[2.350396,48.885687],[2.350388,48.885664]]],[[[2.346885,48.883627],[2.346885,48.883626],[2.346795,48.883662],[2.346821,48.883759],[2.346915,48.88378],[2.346885,48.883627]]]],"type":"MultiPolygon"},"properties":{"id_projet":"MATERNELLES (année scolaire 2022/2023)","libelle":"GOUTTE D'OR (57) MAT","annee_scol":"2022-2023","zone_commune":0,"etiquette":"Secteur de l'école 57 RUE DE LA GOUTTE D'OR","lib_etab_1":"GOUTTE D'OR (57) POLY","lib_etab_2":null,"lib_etab_3":null,"lib_etab_4":null,"adr_etab_1":"57 RUE DE LA GOUTTE D'OR","adr_etab_2":null,"adr_etab_3":null,"adr_etab_4":null,"type_etabl":"Maternelle","geo_point_2d":{"lon":2.3502958494826958,"lat":48.88468245970268},"st_area_shape":60679.76967479494,"st_perimeter_shape":4130.227111787172}},{"type":"Feature","geometry":{"coordinates":[[[[2.355926,48.88817],[2.353572,48.887861],[2.353645,48.888418],[2.355946,48.888627],[2.355926,48.88817]]],[[[2.355183,48.887588],[2.353831,48.887496],[2.353568,48.887742],[2.356088,48.88796],[2.355183,48.887588]]],[[[2.35348,48.888187],[2.35341,48.887676],[2.353177,48.888026],[2.351587,48.888228],[2.353464,48.888402],[2.35348,48.888187]]],[[[2.353814,48.888569],[2.353694,48.888912],[2.354503,48.88885],[2.353814,48.888569]]],[[[2.351959,48.889005],[2.353503,48.888922],[2.353504,48.888558],[2.351682,48.888375],[2.352108,48.888612],[2.351959,48.889005]]],[[[2.352487,48.889235],[2.353416,48.889016],[2.351754,48.889105],[2.352487,48.889235]]],[[[2.35071,48.889519],[2.350488,48.888865],[2.351181,48.888944],[2.351469,48.888355],[2.349788,48.88842],[2.349817,48.88953],[2.35071,48.889519]]],[[[2.355181,48.889105],[2.355803,48.88914],[2.355868,48.888755],[2.354643,48.888665],[2.354633,48.890304],[2.355139,48.890313],[2.355181,48.889105]]],[[[2.353701,48.890292],[2.354469,48.890302],[2.354472,48.88896],[2.353669,48.889003],[2.353419,48.890273],[2.353701,48.890292]]],[[[2.355385,48.889176],[2.355218,48.890314],[2.355707,48.890299],[2.355856,48.889213],[2.355385,48.889176]]],[[[2.35427,48.890605],[2.354437,48.890574],[2.354462,48.890552],[2.354463,48.890499],[2.354465,48.890429],[2.354437,48.89041],[2.354228,48.890407],[2.354004,48.890404],[2.353812,48.890401],[2.353696,48.890399],[2.353683,48.8904],[2.353504,48.890409],[2.35344,48.890412],[2.353389,48.890444],[2.35336,48.890593],[2.353359,48.890595],[2.353363,48.890595],[2.353412,48.890763],[2.353638,48.890721],[2.353865,48.890679],[2.354054,48.890644],[2.35427,48.890605]]],[[[2.352007,48.891373],[2.355012,48.890918],[2.354916,48.890671],[2.352007,48.891373]]]],"type":"MultiPolygon"},"properties":{"id_projet":"MATERNELLES (année scolaire 2023/2024)","libelle":"EMILE DUPLOYE (27) MAT","annee_scol":"2023-2024","zone_commune":0,"etiquette":"Secteur de l'école 27 RUE EMILE DUPLOYE","lib_etab_1":"EMILE DUPLOYE (27) MAT","lib_etab_2":null,"lib_etab_3":null,"lib_etab_4":null,"adr_etab_1":"27 RUE EMILE DUPLOYE","adr_etab_2":null,"adr_etab_3":null,"adr_etab_4":null,"type_etabl":"Maternelle","geo_point_2d":{"lon":2.3536488989038946,"lat":48.889087619772624},"st_area_shape":74374.1215675427,"st_perimeter_shape":4851.409079110254}},{"type":"Feature","geometry":{"coordinates":[[[[2.35774,48.886096],[2.359293,48.886009],[2.359143,48.884885],[2.357353,48.884964],[2.358221,48.884784],[2.358238,48.884552],[2.356511,48.884235],[2.356643,48.88444],[2.356305,48.884442],[2.356886,48.885156],[2.356712,48.88597],[2.35774,48.886096]]],[[[2.35497,48.884404],[2.355185,48.884367],[2.355183,48.884337],[2.355102,48.884331],[2.35497,48.884384],[2.35497,48.884384],[2.354857,48.88437],[2.354857,48.884369],[2.354709,48.884375],[2.35471,48.88438],[2.354528,48.88438],[2.354528,48.884381],[2.354431,48.884386],[2.354431,48.884385],[2.354417,48.884385],[2.354317,48.884378],[2.354317,48.884377],[2.354132,48.88453],[2.354138,48.884536],[2.354204,48.884537],[2.354329,48.884515],[2.354416,48.8845],[2.354507,48.884484],[2.354716,48.884448],[2.354863,48.884423],[2.35497,48.884404]]],[[[2.358822,48.884595],[2.358314,48.88456],[2.358298,48.884783],[2.359049,48.884744],[2.358822,48.884595]]],[[[2.356033,48.884398],[2.354426,48.884634],[2.356595,48.884869],[2.356033,48.884398]]],[[[2.354327,48.884709],[2.353924,48.884679],[2.354167,48.884945],[2.355138,48.884923],[2.354327,48.884709]]],[[[2.354638,48.885119],[2.352618,48.885085],[2.353017,48.885645],[2.354638,48.885119]]],[[[2.355058,48.885166],[2.354209,48.885481],[2.354933,48.885774],[2.355058,48.885166]]],[[[2.355716,48.885204],[2.355234,48.885087],[2.355128,48.885766],[2.355614,48.885804],[2.355716,48.885204]]],[[[2.35256,48.885772],[2.352895,48.885679],[2.352504,48.88509],[2.35214,48.885596],[2.352219,48.885867],[2.35256,48.885772]]],[[[2.356689,48.885233],[2.356707,48.884993],[2.355906,48.88505],[2.355775,48.885821],[2.35654,48.885942],[2.356689,48.885233]]],[[[2.355559,48.885944],[2.354489,48.886068],[2.355521,48.886245],[2.355559,48.885944]]],[[[2.356375,48.886247],[2.355782,48.885988],[2.355757,48.886252],[2.356375,48.886247]]],[[[2.352787,48.88639],[2.352924,48.885761],[2.352236,48.885931],[2.352787,48.88639]]],[[[2.354352,48.885754],[2.35407,48.885539],[2.352948,48.886274],[2.353375,48.88667],[2.354268,48.886252],[2.354352,48.885754]]],[[[2.354668,48.886307],[2.353721,48.886649],[2.354779,48.886709],[2.354668,48.886307]]],[[[2.35549,48.886368],[2.35503,48.886353],[2.354973,48.886693],[2.355463,48.886702],[2.35549,48.886368]]],[[[2.356446,48.88639],[2.355681,48.886376],[2.355628,48.886703],[2.356345,48.886735],[2.356446,48.88639]]],[[[2.352649,48.886725],[2.352685,48.886638],[2.352676,48.886627],[2.352522,48.886678],[2.352512,48.886703],[2.352439,48.886691],[2.352422,48.886735],[2.352417,48.886746],[2.352395,48.886805],[2.352425,48.88681],[2.35246,48.886816],[2.352534,48.886937],[2.352569,48.886924],[2.352603,48.88684],[2.352649,48.886725]]],[[[2.353372,48.8869],[2.352811,48.886651],[2.352674,48.886937],[2.353372,48.8869]]],[[[2.353661,48.88678],[2.353598,48.887082],[2.355406,48.887202],[2.355414,48.886809],[2.353661,48.88678]]],[[[2.355783,48.886815],[2.355566,48.887234],[2.356273,48.88721],[2.35635,48.886846],[2.355783,48.886815]]],[[[2.357824,48.88732],[2.357879,48.886421],[2.358932,48.886462],[2.359311,48.886195],[2.356662,48.886206],[2.35646,48.887166],[2.357824,48.88732]]],[[[2.353426,48.887546],[2.353336,48.887155],[2.353074,48.887334],[2.353426,48.887546]]],[[[2.353829,48.887511],[2.355824,48.887687],[2.356174,48.88741],[2.353565,48.88717],[2.35356,48.887736],[2.353829,48.887511]]],[[[2.353163,48.887848],[2.35341,48.887676],[2.352906,48.887711],[2.353045,48.888028],[2.353163,48.887848]]]],"type":"MultiPolygon"},"properties":{"id_projet":"MATERNELLES (année scolaire 2023/2024)","libelle":"ST LUC (3) MAT","annee_scol":"2023-2024","zone_commune":0,"etiquette":"Secteur de l'école 3 RUE SAINT LUC","lib_etab_1":"ST LUC (3) MAT","lib_etab_2":null,"lib_etab_3":null,"lib_etab_4":null,"adr_etab_1":"3 RUE SAINT LUC","adr_etab_2":null,"adr_etab_3":null,"adr_etab_4":null,"type_etabl":"Maternelle","geo_point_2d":{"lon":2.3558722972226254,"lat":48.88591860566468},"st_area_shape":108038.63405182901,"st_perimeter_shape":7004.264147556628}},{"type":"Feature","geometry":{"coordinates":[[[[2.331349,48.895331],[2.332421,48.89423],[2.329587,48.893623],[2.329937,48.894251],[2.330399,48.894114],[2.330072,48.894389],[2.331018,48.895566],[2.331349,48.895331]]],[[[2.327852,48.89321],[2.328198,48.894789],[2.329774,48.894269],[2.329373,48.893549],[2.327852,48.89321]]],[[[2.32879,48.895077],[2.328737,48.895064],[2.328358,48.895194],[2.328337,48.895219],[2.328392,48.895367],[2.328429,48.895379],[2.328454,48.89537],[2.32852,48.895347],[2.328853,48.895231],[2.328872,48.895194],[2.32879,48.895077]]],[[[2.328855,48.8953],[2.328433,48.895488],[2.329013,48.895548],[2.328855,48.8953]]],[[[2.329563,48.895375],[2.329113,48.894681],[2.32826,48.894973],[2.328797,48.895004],[2.329188,48.895561],[2.32968,48.895603],[2.329563,48.895375]]],[[[2.330219,48.894963],[2.329856,48.894449],[2.329577,48.89451],[2.329711,48.894875],[2.329483,48.894542],[2.32916,48.894663],[2.329819,48.895618],[2.330873,48.895667],[2.330219,48.894963]]],[[[2.332647,48.895112],[2.332405,48.89458],[2.331193,48.895754],[2.332845,48.896006],[2.332647,48.895112]]],[[[2.330254,48.895743],[2.329986,48.89571],[2.329717,48.89568],[2.329447,48.895654],[2.329177,48.895634],[2.328777,48.895611],[2.328773,48.895611],[2.328773,48.895609],[2.328554,48.895601],[2.328554,48.895599],[2.328504,48.895599],[2.328473,48.895619],[2.328532,48.895794],[2.328581,48.895803],[2.328991,48.89573],[2.329005,48.895728],[2.329014,48.895728],[2.329018,48.895728],[2.329032,48.895728],[2.329036,48.895728],[2.329307,48.895746],[2.329577,48.895771],[2.329764,48.89579],[2.329846,48.895799],[2.330115,48.895831],[2.330835,48.895925],[2.331005,48.895949],[2.331408,48.896004],[2.331439,48.895898],[2.331098,48.895854],[2.330923,48.89583],[2.330254,48.895743]]],[[[2.329584,48.897439],[2.330939,48.897111],[2.331518,48.89741],[2.332048,48.897129],[2.331305,48.896919],[2.330892,48.896469],[2.331187,48.89636],[2.330972,48.896066],[2.329584,48.897439]]],[[[2.330094,48.896613],[2.330587,48.896108],[2.329869,48.896242],[2.330499,48.895974],[2.328577,48.895914],[2.328777,48.896507],[2.329516,48.89631],[2.328812,48.89661],[2.329137,48.897447],[2.330094,48.896613]]]],"type":"MultiPolygon"},"properties":{"id_projet":"MATERNELLES (année scolaire 2024/2025)","libelle":"VAUVENARGUES (52) MAT","annee_scol":"2024-2025","zone_commune":0,"etiquette":"Secteur de l'école 52 RUE VAUVENARGUES","lib_etab_1":"VAUVENARGUES (52) MAT","lib_etab_2":null,"lib_etab_3":null,"lib_etab_4":null,"adr_etab_1":"52 RUE VAUVENARGUES","adr_etab_2":null,"adr_etab_3":null,"adr_etab_4":null,"type_etabl":"Maternelle","geo_point_2d":{"lon":2.3301634605375647,"lat":48.89525256659441},"st_area_shape":89710.76169217263,"st_perimeter_shape":4679.572279094192}},{"type":"Feature","geometry":{"coordinates":[[[[2.334639,48.888127],[2.335398,48.888429],[2.337357,48.887582],[2.337165,48.887329],[2.335725,48.887536],[2.335268,48.887721],[2.335654,48.888096],[2.335358,48.888376],[2.333858,48.887919],[2.334922,48.889239],[2.33565,48.889415],[2.335379,48.888502],[2.334639,48.888127]]],[[[2.341332,48.886548],[2.341258,48.886325],[2.341178,48.886337],[2.341243,48.886543],[2.341332,48.886548]]],[[[2.341262,48.886894],[2.341232,48.886839],[2.341184,48.886751],[2.341152,48.886693],[2.341134,48.886687],[2.341056,48.886767],[2.341055,48.886767],[2.341084,48.88682],[2.341091,48.886831],[2.341104,48.886855],[2.341107,48.886854],[2.34115,48.886849],[2.341208,48.886906],[2.341262,48.886894]]],[[[2.342299,48.88669],[2.341491,48.886681],[2.34141,48.887096],[2.342431,48.886965],[2.342299,48.88669]]],[[[2.344095,48.887124],[2.343994,48.886363],[2.343345,48.886283],[2.342715,48.887136],[2.344406,48.887431],[2.344095,48.887124]]],[[[2.33753,48.887544],[2.337627,48.887366],[2.337582,48.887373],[2.337346,48.887316],[2.337341,48.887325],[2.33741,48.887418],[2.337498,48.887537],[2.33753,48.887544]]],[[[2.340083,48.887666],[2.341485,48.88755],[2.341238,48.886931],[2.340707,48.887339],[2.339755,48.887159],[2.339833,48.887679],[2.340083,48.887666]]],[[[2.342739,48.887303],[2.342306,48.887041],[2.341514,48.887198],[2.341872,48.88729],[2.342032,48.887661],[2.34172,48.887714],[2.34201,48.888261],[2.34323,48.888124],[2.343321,48.887402],[2.342739,48.887303]]],[[[2.33908,48.888129],[2.33963,48.887837],[2.339624,48.887067],[2.339013,48.887975],[2.337658,48.887756],[2.33803,48.887889],[2.338118,48.888383],[2.33908,48.888129]]],[[[2.34127,48.887658],[2.339843,48.887801],[2.339887,48.888429],[2.341739,48.88831],[2.341539,48.887687],[2.34127,48.887658]]],[[[2.337005,48.888533],[2.337951,48.888426],[2.33751,48.887797],[2.335911,48.888249],[2.335649,48.888583],[2.337005,48.888533]]],[[[2.343344,48.8883],[2.34233,48.888375],[2.343538,48.888764],[2.343344,48.8883]]],[[[2.33853,48.888758],[2.339664,48.888519],[2.339687,48.887942],[2.338142,48.888617],[2.338147,48.888881],[2.33853,48.888758]]],[[[2.3415,48.888704],[2.341975,48.88861],[2.341826,48.888405],[2.339882,48.888585],[2.34005,48.888993],[2.3415,48.888704]]],[[[2.34285,48.888662],[2.34202,48.888472],[2.342576,48.889112],[2.343502,48.888941],[2.34285,48.888662]]],[[[2.342083,48.888719],[2.341565,48.888824],[2.341845,48.889229],[2.342378,48.889127],[2.342083,48.888719]]],[[[2.337966,48.888729],[2.335808,48.888814],[2.33781,48.889361],[2.337966,48.888729]]],[[[2.341405,48.888853],[2.340746,48.888937],[2.340771,48.889423],[2.341668,48.88928],[2.341405,48.888853]]],[[[2.336038,48.889169],[2.335878,48.889421],[2.336832,48.88946],[2.336038,48.889169]]],[[[2.340629,48.889131],[2.340062,48.88903],[2.340263,48.889542],[2.340629,48.889131]]],[[[2.340035,48.889397],[2.339741,48.888598],[2.33827,48.888979],[2.338483,48.889443],[2.338965,48.889359],[2.338754,48.889516],[2.340035,48.889397]]],[[[2.341782,48.889387],[2.340725,48.889615],[2.34193,48.889663],[2.341782,48.889387]]],[[[2.34397,48.889053],[2.342637,48.889237],[2.343006,48.88968],[2.344405,48.889295],[2.34397,48.889053]]],[[[2.342474,48.889261],[2.341939,48.889364],[2.342719,48.889694],[2.342474,48.889261]]],[[[2.338797,48.889718],[2.338692,48.889713],[2.338668,48.889736],[2.338725,48.88981],[2.338769,48.889869],[2.338785,48.889874],[2.338805,48.88988],[2.338887,48.889869],[2.339044,48.889848],[2.339213,48.889825],[2.339478,48.889789],[2.339473,48.889745],[2.339207,48.889734],[2.339032,48.889727],[2.338854,48.88972],[2.338797,48.889718]]],[[[2.336983,48.889966],[2.33863,48.889882],[2.335838,48.889598],[2.336121,48.889957],[2.336983,48.889966]]],[[[2.344556,48.889645],[2.344779,48.889387],[2.344016,48.889605],[2.344132,48.890111],[2.344556,48.889645]]],[[[2.343855,48.889664],[2.343106,48.889882],[2.34336,48.890184],[2.343944,48.890142],[2.343855,48.889664]]],[[[2.335453,48.889934],[2.335671,48.889611],[2.33481,48.889423],[2.333733,48.888143],[2.333507,48.888301],[2.334683,48.890175],[2.335453,48.889934]]],[[[2.341745,48.889836],[2.341528,48.889844],[2.34171,48.890289],[2.342631,48.889913],[2.341745,48.889836]]],[[[2.341964,48.890334],[2.341933,48.890324],[2.341749,48.890399],[2.341558,48.890477],[2.341565,48.890499],[2.341861,48.890523],[2.341967,48.890532],[2.341997,48.890513],[2.34198,48.890423],[2.341964,48.890334]]],[[[2.343371,48.89052],[2.342968,48.889942],[2.342113,48.890251],[2.342177,48.890608],[2.343371,48.89052]]]],"type":"MultiPolygon"},"properties":{"id_projet":"MATERNELLES (année scolaire 2024/2025)","libelle":"CONSTANTIN PECQUEUR (1) MAT","annee_scol":"2024-2025","zone_commune":0,"etiquette":"Secteur de l'école 1 PLACE CONSTANTIN PECQUEUR","lib_etab_1":"CONSTANTIN PECQUEUR (1) MAT","lib_etab_2":null,"lib_etab_3":null,"lib_etab_4":null,"adr_etab_1":"1 PLACE CONSTANTIN PECQUEUR","adr_etab_2":null,"adr_etab_3":null,"adr_etab_4":null,"type_etabl":"Maternelle","geo_point_2d":{"lon":2.3395616815232176,"lat":48.888593446013154},"st_area_shape":150066.4288874271,"st_perimeter_shape":10172.874742329848}},{"type":"Feature","geometry":{"coordinates":[[[[2.347711,48.886462],[2.348071,48.888204],[2.349274,48.887243],[2.347711,48.886462]]],[[[2.347682,48.88618],[2.34931,48.885548],[2.347382,48.885113],[2.347682,48.88618]]],[[[2.349326,48.88646],[2.348963,48.885993],[2.349283,48.885699],[2.347984,48.886275],[2.349326,48.88646]]],[[[2.347547,48.886824],[2.347321,48.885752],[2.346742,48.885941],[2.347171,48.886734],[2.347547,48.886824]]],[[[2.349345,48.887124],[2.349075,48.886754],[2.347891,48.886416],[2.349345,48.887124]]],[[[2.347307,48.887318],[2.34735,48.887242],[2.347395,48.887162],[2.347445,48.887074],[2.347478,48.887013],[2.347503,48.886969],[2.347506,48.886963],[2.347492,48.886946],[2.347268,48.887035],[2.347264,48.887041],[2.347265,48.887041],[2.347225,48.887132],[2.34725,48.887136],[2.347198,48.887225],[2.347193,48.887225],[2.347162,48.887311],[2.347156,48.887311],[2.347212,48.887421],[2.347235,48.887422],[2.347246,48.887425],[2.347307,48.887318]]],[[[2.347074,48.887462],[2.346996,48.88746],[2.346995,48.887484],[2.346995,48.887496],[2.346969,48.887507],[2.346959,48.887541],[2.346945,48.88759],[2.34695,48.88759],[2.346927,48.887658],[2.346928,48.887658],[2.346899,48.887745],[2.346903,48.887745],[2.346922,48.887843],[2.346935,48.887845],[2.34698,48.887828],[2.347028,48.887809],[2.347054,48.887764],[2.347104,48.887676],[2.347153,48.887589],[2.347209,48.887489],[2.34712,48.887468],[2.347074,48.887462]]],[[[2.346957,48.887932],[2.34694,48.88791],[2.346641,48.888049],[2.346691,48.888055],[2.346687,48.888066],[2.346775,48.888181],[2.346787,48.888183],[2.346823,48.888171],[2.346876,48.888077],[2.346957,48.887932]]],[[[2.351235,48.888228],[2.350182,48.888025],[2.349779,48.887582],[2.349816,48.888293],[2.351235,48.888228]]],[[[2.349311,48.887563],[2.348302,48.88834],[2.349381,48.888287],[2.349311,48.887563]]],[[[2.347647,48.887141],[2.34681,48.888633],[2.347895,48.888333],[2.347647,48.887141]]],[[[2.345401,48.888083],[2.345669,48.888676],[2.34595,48.888177],[2.345401,48.888083]]],[[[2.346552,48.888651],[2.346738,48.888266],[2.346169,48.888188],[2.345813,48.888675],[2.346552,48.888651]]]],"type":"MultiPolygon"},"properties":{"id_projet":"MATERNELLES (année scolaire 2025/2026)","libelle":"CHRISTIANI (8) MAT","annee_scol":"2025-2026","zone_commune":0,"etiquette":"Secteur de l'école 8 RUE CHRISTIANI","lib_etab_1":"CHRISTIANI (8) MAT","lib_etab_2":null,"lib_etab_3":null,"lib_etab_4":null,"adr_etab_1":"8 RUE CHRISTIANI","adr_etab_2":null,"adr_etab_3":null,"adr_etab_4":null,"type_etabl":"Maternelle","geo_point_2d":{"lon":2.3480627252351267,"lat":48.887103605356096},"st_area_shape":46736.63815693137,"st_perimeter_shape":3595.3142505126716}},{"type":"Feature","geometry":{"coordinates":[[[[2.36409,48.887512],[2.364407,48.88743],[2.364749,48.888003],[2.365658,48.887767],[2.366764,48.889728],[2.367965,48.889624],[2.366675,48.886643],[2.365755,48.885614],[2.361336,48.886849],[2.363132,48.889832],[2.364132,48.88985],[2.363124,48.888039],[2.364233,48.887752],[2.36409,48.887512]]],[[[2.365522,48.885372],[2.364804,48.884588],[2.364573,48.8848],[2.365187,48.885498],[2.364995,48.885693],[2.365665,48.885523],[2.365522,48.885372]]],[[[2.361336,48.886161],[2.361222,48.886655],[2.362727,48.886271],[2.361336,48.886161]]],[[[2.363248,48.886136],[2.364903,48.885716],[2.364414,48.885238],[2.362304,48.885325],[2.362157,48.884772],[2.361494,48.884608],[2.361212,48.886026],[2.363248,48.886136]]],[[[2.362399,48.889835],[2.362966,48.889849],[2.361049,48.886824],[2.360317,48.890096],[2.362399,48.889835]],[[2.361057,48.888376],[2.361058,48.888343],[2.361207,48.888343],[2.361247,48.888343],[2.361515,48.888342],[2.361717,48.888341],[2.36192,48.88834],[2.361922,48.888373],[2.361754,48.888374],[2.361697,48.888374],[2.361692,48.888378],[2.361632,48.888379],[2.361629,48.888374],[2.361557,48.888375],[2.361372,48.888375],[2.361191,48.888376],[2.361103,48.888376],[2.361057,48.888376]]]],"type":"MultiPolygon"},"properties":{"id_projet":"MATERNELLES (année scolaire 2026/2027)","libelle":"DEPARTEMENT (51) MAT","annee_scol":"2026-2027","zone_commune":0,"etiquette":"Secteur de l'école 51 DEPARTEMENT (51) MAT","lib_etab_1":"DEPARTEMENT (51) MAT","lib_etab_2":null,"lib_etab_3":null,"lib_etab_4":null,"adr_etab_1":"51 DEPARTEMENT (51) MAT","adr_etab_2":null,"adr_etab_3":null,"adr_etab_4":null,"type_etabl":"Maternelle","geo_point_2d":{"lon":2.3636766727814957,"lat":48.887486267248974},"st_area_shape":172068.39997386886,"st_perimeter_shape":4665.956826419884}},{"type":"Feature","geometry":{"coordinates":[[[[2.354112,48.895746],[2.354605,48.894588],[2.354348,48.893386],[2.353684,48.893745],[2.353376,48.892415],[2.352353,48.892511],[2.352855,48.893824],[2.353681,48.893745],[2.353742,48.894003],[2.35295,48.894289],[2.353145,48.895933],[2.352691,48.898062],[2.356667,48.898252],[2.356685,48.897973],[2.355728,48.897933],[2.355817,48.895786],[2.354112,48.895746]],[[2.354099,48.895782],[2.354112,48.895746],[2.354079,48.895843],[2.354099,48.895782]],[[2.353876,48.896732],[2.353897,48.896597],[2.353931,48.896378],[2.353876,48.896732]]],[[[2.354999,48.898576],[2.355033,48.898284],[2.353753,48.898254],[2.353711,48.898554],[2.352627,48.898597],[2.352132,48.901496],[2.355159,48.901551],[2.355561,48.898617],[2.354999,48.898576]]],[[[2.349736,48.899632],[2.34759,48.89959],[2.34753,48.900772],[2.351911,48.900858],[2.352137,48.89968],[2.349736,48.899632]]],[[[2.352678,48.895308],[2.352192,48.895372],[2.352313,48.895811],[2.351665,48.897092],[2.348044,48.897277],[2.347529,48.897369],[2.347424,48.897784],[2.35228,48.897887],[2.352678,48.895308]]],[[[2.34973,48.899478],[2.352165,48.899527],[2.352287,48.898588],[2.351264,48.899356],[2.349638,48.899325],[2.349719,48.898899],[2.347603,48.8989],[2.347548,48.89932],[2.34973,48.899478]]],[[[2.356301,48.899487],[2.357645,48.899249],[2.357873,48.898876],[2.356344,48.898684],[2.356301,48.899487]]],[[[2.352715,48.893961],[2.35258,48.893337],[2.352242,48.893578],[2.352632,48.893727],[2.351573,48.893946],[2.352095,48.894325],[2.352738,48.894193],[2.352715,48.893961]]],[[[2.352777,48.8943],[2.352186,48.894417],[2.35278,48.894875],[2.352777,48.8943]]],[[[2.352057,48.893201],[2.352538,48.893191],[2.352348,48.892832],[2.351678,48.893036],[2.352057,48.893201]]],[[[2.352199,48.892701],[2.352239,48.892818],[2.352332,48.8928],[2.352276,48.892686],[2.352199,48.892701]]],[[[2.35285,48.895216],[2.352799,48.895188],[2.35278,48.89519],[2.352729,48.895299],[2.352747,48.895296],[2.352855,48.895282],[2.35285,48.895216]]]],"type":"MultiPolygon"},"properties":{"id_projet":"MATERNELLES (année scolaire 2026/2027)","libelle":"POISSONNIERS (142) POLY","annee_scol":"2026-2027","zone_commune":0,"etiquette":"Secteur de l'école 142 POISSONNIERS (142) POLY","lib_etab_1":"POISSONNIERS (142) POLY","lib_etab_2":null,"lib_etab_3":null,"lib_etab_4":null,"adr_etab_1":"142 POISSONNIERS (142) POLY","adr_etab_2":null,"adr_etab_3":null,"adr_etab_4":null,"type_etabl":"Maternelle","geo_point_2d":{"lon":2.3527311090946608,"lat":48.89813326835785},"st_area_shape":270358.10082911246,"st_perimeter_shape":7674.639003270114}},{"type":"Feature","geometry":{"coordinates":[[[[2.358545,48.899627],[2.360856,48.898336],[2.369965,48.898437],[2.370151,48.896572],[2.371039,48.895847],[2.368463,48.896548],[2.367495,48.897536],[2.361835,48.89759],[2.360416,48.898009],[2.360465,48.89732],[2.359647,48.897159],[2.359665,48.898311],[2.360649,48.898331],[2.358555,48.899505],[2.358483,48.899119],[2.357873,48.898876],[2.357645,48.899249],[2.356788,48.899511],[2.355483,48.899194],[2.355159,48.901551],[2.358395,48.901615],[2.358545,48.899627]]],[[[2.364763,48.89874],[2.36551,48.899142],[2.365465,48.898754],[2.364763,48.89874]]],[[[2.366438,48.898921],[2.365752,48.898759],[2.365667,48.899263],[2.366438,48.898921]]],[[[2.366785,48.898779],[2.366641,48.898925],[2.367316,48.899398],[2.368203,48.898956],[2.366785,48.898779]]],[[[2.368661,48.898815],[2.368515,48.898961],[2.369191,48.899434],[2.370086,48.898988],[2.368661,48.898815]]],[[[2.370052,48.899714],[2.369939,48.899263],[2.369166,48.899615],[2.368415,48.899087],[2.367495,48.89958],[2.366594,48.899088],[2.366097,48.899316],[2.366706,48.899711],[2.370052,48.899714]]],[[[2.360469,48.899798],[2.362194,48.899822],[2.362262,48.898764],[2.359879,48.898995],[2.359854,48.899582],[2.360469,48.899798]]],[[[2.365622,48.900396],[2.370021,48.900328],[2.370037,48.899975],[2.366664,48.899842],[2.365649,48.899417],[2.365382,48.899593],[2.365408,48.899313],[2.364129,48.898763],[2.362369,48.898759],[2.362304,48.900198],[2.365622,48.900396]]],[[[2.363545,48.901722],[2.363587,48.901209],[2.362306,48.901419],[2.362295,48.901697],[2.363545,48.901722]]],[[[2.369968,48.901458],[2.369986,48.901091],[2.364412,48.901116],[2.364355,48.901738],[2.370016,48.901854],[2.369968,48.901458]]]],"type":"MultiPolygon"},"properties":{"id_projet":"MATERNELLES (année scolaire 2024/2025)","libelle":"CHARLES HERMITE (2) MAT","annee_scol":"2024-2025","zone_commune":0,"etiquette":"Secteur de l'école 2 RUE CHARLES HERMITE","lib_etab_1":"CHARLES HERMITE (2) MAT","lib_etab_2":null,"lib_etab_3":null,"lib_etab_4":null,"adr_etab_1":"2 RUE CHARLES HERMITE","adr_etab_2":null,"adr_etab_3":null,"adr_etab_4":null,"type_etabl":"Maternelle","geo_point_2d":{"lon":2.3638867491552813,"lat":48.89937755963903},"st_area_shape":289952.99981367623,"st_perimeter_shape":8742.630424493396}},{"type":"Feature","geometry":{"coordinates":[[[[2.359071,48.893595],[2.358442,48.893461],[2.358511,48.89268],[2.358041,48.892671],[2.358026,48.892953],[2.356549,48.892904],[2.35645,48.894148],[2.359158,48.894201],[2.359071,48.893595]]],[[[2.365421,48.891805],[2.363752,48.892269],[2.363721,48.893002],[2.365336,48.892187],[2.365421,48.891805]]],[[[2.366169,48.891716],[2.365527,48.891614],[2.36547,48.892255],[2.363809,48.893293],[2.364388,48.893511],[2.365644,48.892892],[2.366169,48.891716]]],[[[2.363608,48.893483],[2.363016,48.893505],[2.363175,48.893915],[2.363714,48.893846],[2.363608,48.893483]]],[[[2.363109,48.893318],[2.361951,48.893628],[2.361783,48.893972],[2.363109,48.893318]]],[[[2.362581,48.893892],[2.362903,48.893559],[2.361825,48.894106],[2.362707,48.894219],[2.362581,48.893892]]],[[[2.361661,48.894041],[2.360582,48.894142],[2.360571,48.894602],[2.361661,48.894041]]],[[[2.360273,48.89476],[2.3605,48.894644],[2.360266,48.894675],[2.359996,48.894687],[2.359936,48.894916],[2.359962,48.894918],[2.360273,48.89476]]],[[[2.36046,48.895327],[2.361699,48.894183],[2.360056,48.895003],[2.36046,48.895327]]],[[[2.360155,48.895832],[2.360765,48.895556],[2.360156,48.89541],[2.359772,48.895767],[2.360155,48.895832]]],[[[2.359888,48.895892],[2.359891,48.895858],[2.359918,48.895859],[2.359919,48.895836],[2.359892,48.895835],[2.359892,48.895824],[2.359846,48.895823],[2.359848,48.8958],[2.359824,48.8958],[2.359825,48.895791],[2.359754,48.895789],[2.359746,48.895888],[2.359743,48.895929],[2.359934,48.895934],[2.359936,48.895913],[2.359925,48.895913],[2.359887,48.895911],[2.359888,48.895892]]]],"type":"MultiPolygon"},"properties":{"id_projet":"MATERNELLES (année scolaire 2025/2026)","libelle":"CUGNOT (30) POLY","annee_scol":"2025-2026","zone_commune":0,"etiquette":"Secteur de l'école 30 RUE CUGNOT","lib_etab_1":"CUGNOT (30) POLY","lib_etab_2":null,"lib_etab_3":null,"lib_etab_4":null,"adr_etab_1":"30 RUE CUGNOT","adr_etab_2":null,"adr_etab_3":null,"adr_etab_4":null,"type_etabl":"Maternelle","geo_point_2d":{"lon":2.3609795795859707,"lat":48.89341968537619},"st_area_shape":56405.108153905196,"st_perimeter_shape":3551.531029877593}},{"type":"Feature","geometry":{"coordinates":[[[[2.3278,48.887716],[2.326908,48.887522],[2.325949,48.888017],[2.326405,48.889451],[2.32776,48.888805],[2.327392,48.8883],[2.3278,48.887716]]],[[[2.327007,48.887155],[2.326941,48.887114],[2.326867,48.887129],[2.326865,48.887133],[2.32684,48.887207],[2.326861,48.887251],[2.326934,48.887402],[2.327023,48.887399],[2.327012,48.887236],[2.327007,48.887155]]],[[[2.328132,48.887637],[2.328481,48.887309],[2.327152,48.887292],[2.327196,48.887546],[2.328132,48.887637]]],[[[2.326234,48.886698],[2.325749,48.887489],[2.325918,48.887907],[2.326849,48.887433],[2.326815,48.886997],[2.326234,48.886698]]],[[[2.333322,48.887625],[2.332845,48.887937],[2.333091,48.888368],[2.333583,48.887954],[2.333322,48.887625]]],[[[2.332434,48.888898],[2.332956,48.888484],[2.332703,48.888062],[2.331929,48.88858],[2.332223,48.889011],[2.332434,48.888898]]],[[[2.332901,48.889355],[2.333361,48.889264],[2.33303,48.888607],[2.332326,48.889158],[2.332531,48.88944],[2.332901,48.889355]]],[[[2.332947,48.889463],[2.332626,48.889572],[2.333013,48.890077],[2.333268,48.889503],[2.332947,48.889463]]],[[[2.327868,48.888888],[2.326464,48.889562],[2.326686,48.890293],[2.328324,48.88944],[2.327868,48.888888]]],[[[2.328531,48.889661],[2.328397,48.889515],[2.328253,48.889593],[2.328125,48.889662],[2.327993,48.889733],[2.327814,48.889829],[2.327665,48.88991],[2.32753,48.889982],[2.327466,48.890017],[2.327338,48.890086],[2.327213,48.890154],[2.327084,48.890223],[2.326959,48.89029],[2.326774,48.89039],[2.326726,48.890416],[2.326766,48.890533],[2.326778,48.890569],[2.32681,48.890576],[2.327016,48.890467],[2.327463,48.890231],[2.327678,48.890118],[2.327892,48.890005],[2.327975,48.889961],[2.328156,48.889865],[2.328292,48.889794],[2.328404,48.889735],[2.328535,48.889666],[2.328531,48.889661]]],[[[2.331655,48.888926],[2.32946,48.890076],[2.331034,48.890697],[2.331655,48.888926]]],[[[2.327325,48.890721],[2.328612,48.889992],[2.329115,48.89005],[2.328507,48.889748],[2.32682,48.890635],[2.327325,48.890721]]],[[[2.332008,48.888963],[2.331184,48.890761],[2.333164,48.890653],[2.332008,48.888963]]],[[[2.329383,48.89017],[2.328971,48.890322],[2.329432,48.891039],[2.330895,48.890941],[2.329383,48.89017]]]],"type":"MultiPolygon"},"properties":{"id_projet":"MATERNELLES (année scolaire 2025/2026)","libelle":"CARPEAUX (5-7) MAT","annee_scol":"2025-2026","zone_commune":0,"etiquette":"Secteur de l'école 5 RUE CARPEAUX","lib_etab_1":"CARPEAUX (5-7) MAT","lib_etab_2":null,"lib_etab_3":null,"lib_etab_4":null,"adr_etab_1":"5 RUE CARPEAUX","adr_etab_2":null,"adr_etab_3":null,"adr_etab_4":null,"type_etabl":"Maternelle","geo_point_2d":{"lon":2.3294347284230574,"lat":48.88930977447341},"st_area_shape":97711.07310645387,"st_perimeter_shape":4959.347188313323}},{"type":"Feature","geometry":{"coordinates":[[[[2.336451,48.896393],[2.338036,48.896125],[2.337554,48.896012],[2.337865,48.895885],[2.337473,48.895355],[2.332605,48.894311],[2.333116,48.896041],[2.336451,48.896393]]],[[[2.333516,48.893932],[2.336163,48.893522],[2.334657,48.893031],[2.332944,48.89399],[2.333516,48.893932]]],[[[2.334347,48.894019],[2.333014,48.894229],[2.334511,48.894564],[2.334347,48.894019]]],[[[2.335076,48.89392],[2.334453,48.894006],[2.334674,48.8946],[2.335382,48.894757],[2.335076,48.89392]]],[[[2.335684,48.894628],[2.336258,48.893751],[2.335182,48.893906],[2.335549,48.894795],[2.335684,48.894628]]],[[[2.338095,48.896212],[2.336457,48.896463],[2.33838,48.896705],[2.338095,48.896212]]],[[[2.33406,48.896444],[2.333226,48.896365],[2.333514,48.896763],[2.334474,48.896513],[2.33406,48.896444]]],[[[2.334671,48.89652],[2.333537,48.896796],[2.333782,48.897023],[2.33539,48.896648],[2.334671,48.89652]]],[[[2.331095,48.896052],[2.331187,48.89636],[2.330892,48.896469],[2.331305,48.896919],[2.331965,48.897019],[2.331095,48.896052]]],[[[2.336057,48.896693],[2.335496,48.896705],[2.335755,48.8972],[2.336281,48.897008],[2.336057,48.896693]]],[[[2.335523,48.897014],[2.335371,48.896734],[2.333748,48.897089],[2.333977,48.89738],[2.335523,48.897014]]],[[[2.332133,48.897454],[2.331935,48.897166],[2.331518,48.89741],[2.330939,48.897111],[2.329584,48.897439],[2.332133,48.897454]]],[[[2.333558,48.897076],[2.333007,48.896311],[2.332425,48.896232],[2.332853,48.896815],[2.332399,48.896229],[2.332002,48.896192],[2.332415,48.896957],[2.331799,48.896147],[2.331337,48.896102],[2.332371,48.897516],[2.333858,48.897547],[2.333558,48.897076]]],[[[2.335543,48.897052],[2.333984,48.897416],[2.334417,48.897558],[2.335638,48.897231],[2.335543,48.897052]]],[[[2.335989,48.897593],[2.336413,48.897243],[2.33659,48.897406],[2.336509,48.89721],[2.338069,48.896965],[2.33631,48.896723],[2.33644,48.897165],[2.334742,48.897538],[2.335989,48.897593]]],[[[2.334203,48.897914],[2.333719,48.898014],[2.333991,48.898265],[2.334203,48.897914]]],[[[2.334933,48.897929],[2.33443,48.898131],[2.334796,48.898293],[2.334933,48.897929]]],[[[2.334403,48.898301],[2.334065,48.898361],[2.334209,48.898656],[2.33462,48.898459],[2.334403,48.898301]]],[[[2.336185,48.897955],[2.335715,48.898002],[2.336573,48.898174],[2.336238,48.898545],[2.336386,48.898733],[2.336995,48.89805],[2.336185,48.897955]]],[[[2.334136,48.898919],[2.333275,48.897894],[2.329624,48.897817],[2.329415,48.898054],[2.329907,48.898947],[2.334136,48.898919]]]],"type":"MultiPolygon"},"properties":{"id_projet":"MATERNELLES (année scolaire 2025/2026)","libelle":"PAUL ABADIE (1) MAT","annee_scol":"2025-2026","zone_commune":0,"etiquette":"Secteur de l'école 1 RUE PAUL ABADIE","lib_etab_1":"PAUL ABADIE (1) MAT","lib_etab_2":null,"lib_etab_3":null,"lib_etab_4":null,"adr_etab_1":"1 RUE PAUL ABADIE","adr_etab_2":null,"adr_etab_3":null,"adr_etab_4":null,"type_etabl":"Maternelle","geo_point_2d":{"lon":2.3339716162448356,"lat":48.896489345915654},"st_area_shape":170199.35376090166,"st_perimeter_shape":8147.348422298802}},{"type":"Feature","geometry":{"coordinates":[[[[2.3278,48.887716],[2.326908,48.887522],[2.325949,48.888017],[2.326405,48.889451],[2.32776,48.888805],[2.327392,48.8883],[2.3278,48.887716]]],[[[2.327007,48.887155],[2.326941,48.887114],[2.326867,48.887129],[2.326865,48.887133],[2.32684,48.887207],[2.326861,48.887251],[2.326934,48.887402],[2.327023,48.887399],[2.327012,48.887236],[2.327007,48.887155]]],[[[2.332947,48.889463],[2.332626,48.889572],[2.333013,48.890077],[2.333268,48.889503],[2.332947,48.889463]]],[[[2.328132,48.887637],[2.328481,48.887309],[2.327152,48.887292],[2.327196,48.887546],[2.328132,48.887637]]],[[[2.333322,48.887625],[2.332845,48.887937],[2.333091,48.888368],[2.333583,48.887954],[2.333322,48.887625]]],[[[2.328531,48.889661],[2.328397,48.889515],[2.328253,48.889593],[2.328125,48.889662],[2.327993,48.889733],[2.327814,48.889829],[2.327665,48.88991],[2.32753,48.889982],[2.327466,48.890017],[2.327338,48.890086],[2.327213,48.890154],[2.327084,48.890223],[2.326959,48.89029],[2.326774,48.89039],[2.326726,48.890416],[2.326766,48.890533],[2.326778,48.890569],[2.32681,48.890576],[2.327016,48.890467],[2.327463,48.890231],[2.327678,48.890118],[2.327892,48.890005],[2.327975,48.889961],[2.328156,48.889865],[2.328292,48.889794],[2.328404,48.889735],[2.328535,48.889666],[2.328531,48.889661]]],[[[2.332434,48.888898],[2.332956,48.888484],[2.332703,48.888062],[2.331929,48.88858],[2.332223,48.889011],[2.332434,48.888898]]],[[[2.332901,48.889355],[2.333361,48.889264],[2.33303,48.888607],[2.332326,48.889158],[2.332531,48.88944],[2.332901,48.889355]]],[[[2.327325,48.890721],[2.328612,48.889992],[2.329115,48.89005],[2.328507,48.889748],[2.32682,48.890635],[2.327325,48.890721]]],[[[2.326234,48.886698],[2.325749,48.887489],[2.325918,48.887907],[2.326849,48.887433],[2.326815,48.886997],[2.326234,48.886698]]],[[[2.329383,48.89017],[2.328971,48.890322],[2.329432,48.891039],[2.330895,48.890941],[2.329383,48.89017]]],[[[2.327868,48.888888],[2.326464,48.889562],[2.326686,48.890293],[2.328324,48.88944],[2.327868,48.888888]]],[[[2.331655,48.888926],[2.32946,48.890076],[2.331034,48.890697],[2.331655,48.888926]]],[[[2.332008,48.888963],[2.331184,48.890761],[2.333164,48.890653],[2.332008,48.888963]]]],"type":"MultiPolygon"},"properties":{"id_projet":"MATERNELLES (année scolaire 2026/2027)","libelle":"CARPEAUX (5-7) MAT","annee_scol":"2026-2027","zone_commune":0,"etiquette":"Secteur de l'école 5 CARPEAUX (5-7) MAT","lib_etab_1":"CARPEAUX (5-7) MAT","lib_etab_2":null,"lib_etab_3":null,"lib_etab_4":null,"adr_etab_1":"5 CARPEAUX (5-7) MAT","adr_etab_2":null,"adr_etab_3":null,"adr_etab_4":null,"type_etabl":"Maternelle","geo_point_2d":{"lon":2.3294347284230597,"lat":48.8893097744734},"st_area_shape":97711.07310645386,"st_perimeter_shape":4959.347188313324}},{"type":"Feature","geometry":{"coordinates":[[[[2.33713,48.891226],[2.33776,48.891313],[2.337352,48.890531],[2.3366,48.890293],[2.335686,48.890422],[2.335718,48.890895],[2.335497,48.89045],[2.334454,48.890596],[2.33529,48.891452],[2.33713,48.891226]]],[[[2.340485,48.890939],[2.339983,48.891146],[2.340527,48.891206],[2.340485,48.890939]]],[[[2.334228,48.890626],[2.333458,48.890733],[2.333737,48.890898],[2.334228,48.890626]]],[[[2.342364,48.891171],[2.342889,48.890507],[2.342177,48.890608],[2.342364,48.891171]]],[[[2.340153,48.889825],[2.338876,48.890003],[2.339054,48.890194],[2.340153,48.889825]]],[[[2.341841,48.891216],[2.342118,48.891193],[2.342016,48.890626],[2.341453,48.89058],[2.341841,48.891216]]],[[[2.341061,48.891175],[2.341471,48.891129],[2.341299,48.890609],[2.340605,48.890881],[2.340727,48.891226],[2.341061,48.891175]]],[[[2.34158,48.891639],[2.341859,48.891328],[2.339838,48.891259],[2.34158,48.891639]]],[[[2.337951,48.891176],[2.339295,48.891151],[2.337521,48.890585],[2.337951,48.891176]]],[[[2.337781,48.890021],[2.338503,48.889831],[2.336586,48.890012],[2.335807,48.889617],[2.335877,48.890284],[2.337781,48.890021]]],[[[2.334168,48.890496],[2.333462,48.88944],[2.333283,48.890486],[2.334168,48.890496]],[[2.333615,48.890242],[2.333746,48.890207],[2.333841,48.890367],[2.333886,48.890362],[2.333883,48.890364],[2.333897,48.890409],[2.333821,48.890419],[2.333808,48.890421],[2.33378,48.890425],[2.333766,48.890427],[2.333764,48.890427],[2.333744,48.89043],[2.333634,48.890269],[2.333615,48.890242]]],[[[2.341293,48.890353],[2.341525,48.890363],[2.341365,48.889821],[2.340291,48.88981],[2.340562,48.890728],[2.341293,48.890353]]],[[[2.34025,48.890136],[2.339122,48.890315],[2.339702,48.891105],[2.340437,48.890774],[2.34025,48.890136]]],[[[2.338713,48.890011],[2.336926,48.890275],[2.339468,48.891086],[2.338713,48.890011]]],[[[2.33571,48.890287],[2.335671,48.889611],[2.33544,48.890054],[2.334683,48.890175],[2.333507,48.888301],[2.333653,48.888042],[2.33315,48.888466],[2.334357,48.890474],[2.33571,48.890287]]]],"type":"MultiPolygon"},"properties":{"id_projet":"MATERNELLES (année scolaire 2026/2027)","libelle":"LAMARCK (4) MAT","annee_scol":"2026-2027","zone_commune":0,"etiquette":"Secteur de l'école 4 LAMARCK (4) MAT","lib_etab_1":"LAMARCK (4) MAT","lib_etab_2":null,"lib_etab_3":null,"lib_etab_4":null,"adr_etab_1":"4 LAMARCK (4) MAT","adr_etab_2":null,"adr_etab_3":null,"adr_etab_4":null,"type_etabl":"Maternelle","geo_point_2d":{"lon":2.337611146379183,"lat":48.89046264852504},"st_area_shape":80600.56441519425,"st_perimeter_shape":5526.447860745319}},{"type":"Feature","geometry":{"coordinates":[[[[2.351467,48.88985],[2.351469,48.888355],[2.351181,48.888944],[2.350488,48.888865],[2.350697,48.88961],[2.349825,48.889535],[2.351348,48.890337],[2.351467,48.88985]]],[[[2.35147,48.890739],[2.351405,48.890529],[2.349842,48.890574],[2.34982,48.891365],[2.351501,48.891115],[2.35147,48.890739]]],[[[2.351555,48.892154],[2.351269,48.891716],[2.351646,48.891552],[2.349957,48.89188],[2.350564,48.892123],[2.351032,48.892784],[2.351821,48.89256],[2.351555,48.892154]]],[[[2.353269,48.890041],[2.353284,48.889783],[2.351623,48.889774],[2.351824,48.890056],[2.351533,48.890396],[2.353253,48.890316],[2.353269,48.890041]]],[[[2.353289,48.889708],[2.353422,48.889016],[2.351717,48.889124],[2.351633,48.889703],[2.353289,48.889708]]],[[[2.353156,48.890785],[2.353176,48.890427],[2.351558,48.890536],[2.351716,48.891076],[2.353156,48.890785]]],[[[2.350134,48.889814],[2.349802,48.889668],[2.349837,48.890466],[2.351283,48.890439],[2.350134,48.889814]]],[[[2.349412,48.89147],[2.349402,48.890567],[2.348578,48.890511],[2.349012,48.890656],[2.349087,48.891386],[2.349412,48.89147]]],[[[2.35155,48.891311],[2.351514,48.891298],[2.351319,48.891334],[2.351124,48.89137],[2.350927,48.891407],[2.35073,48.891443],[2.350533,48.891479],[2.350267,48.891528],[2.350138,48.891552],[2.350103,48.891558],[2.350053,48.891568],[2.35005,48.891568],[2.349955,48.891586],[2.34992,48.891625],[2.349959,48.891717],[2.350018,48.89174],[2.350114,48.891722],[2.350202,48.891706],[2.350332,48.891682],[2.350597,48.891633],[2.350801,48.891595],[2.350991,48.891561],[2.351188,48.891524],[2.351386,48.891488],[2.351482,48.89147],[2.351592,48.89145],[2.35161,48.891426],[2.351574,48.891357],[2.35155,48.891311]]],[[[2.351777,48.889015],[2.352108,48.888612],[2.351653,48.888416],[2.351777,48.889015]]],[[[2.349401,48.890419],[2.349375,48.889846],[2.348666,48.890383],[2.349401,48.890419]]]],"type":"MultiPolygon"},"properties":{"id_projet":"MATERNELLES (année scolaire 2020/2021)","libelle":"MARCADET (29) MAT","annee_scol":"2020-2021","zone_commune":0,"etiquette":"Secteur de l'école 29 RUE MARCADET","lib_etab_1":"MARCADET (29) MAT","lib_etab_2":null,"lib_etab_3":null,"lib_etab_4":null,"adr_etab_1":"29 RUE MARCADET","adr_etab_2":null,"adr_etab_3":null,"adr_etab_4":null,"type_etabl":null,"geo_point_2d":{"lon":2.351248184306779,"lat":48.89043480853912},"st_area_shape":63364.84277384983,"st_perimeter_shape":4128.77410665277}},{"type":"Feature","geometry":{"coordinates":[[[[2.36409,48.887512],[2.364407,48.88743],[2.364749,48.888003],[2.365658,48.887767],[2.366764,48.889728],[2.367965,48.889624],[2.366675,48.886643],[2.365755,48.885614],[2.361336,48.886849],[2.363132,48.889832],[2.364132,48.88985],[2.363124,48.888039],[2.364233,48.887752],[2.36409,48.887512]]],[[[2.362399,48.889835],[2.362966,48.889849],[2.361049,48.886824],[2.360317,48.890096],[2.362399,48.889835]],[[2.361057,48.888376],[2.361058,48.888343],[2.361207,48.888343],[2.361247,48.888343],[2.361515,48.888342],[2.361717,48.888341],[2.36192,48.88834],[2.361922,48.888373],[2.361754,48.888374],[2.361697,48.888374],[2.361692,48.888378],[2.361632,48.888379],[2.361629,48.888374],[2.361557,48.888375],[2.361372,48.888375],[2.361191,48.888376],[2.361103,48.888376],[2.361057,48.888376]]],[[[2.363248,48.886136],[2.364903,48.885716],[2.364414,48.885238],[2.362304,48.885325],[2.362157,48.884772],[2.361494,48.884608],[2.361212,48.886026],[2.363248,48.886136]]],[[[2.361336,48.886161],[2.361222,48.886655],[2.362727,48.886271],[2.361336,48.886161]]],[[[2.365522,48.885372],[2.364804,48.884588],[2.364573,48.8848],[2.365187,48.885498],[2.364995,48.885693],[2.365665,48.885523],[2.365522,48.885372]]]],"type":"MultiPolygon"},"properties":{"id_projet":"MATERNELLES (année scolaire 2021/2022)","libelle":"DEPARTEMENT (51) MAT","annee_scol":"2021-2022","zone_commune":0,"etiquette":"Secteur de l'école 51 RUE DU DEPARTEMENT","lib_etab_1":"DEPARTEMENT (51) MAT","lib_etab_2":null,"lib_etab_3":null,"lib_etab_4":null,"adr_etab_1":"51 RUE DU DEPARTEMENT","adr_etab_2":null,"adr_etab_3":null,"adr_etab_4":null,"type_etabl":"Maternelle","geo_point_2d":{"lon":2.3636766727814953,"lat":48.88748626724901},"st_area_shape":172068.3999738689,"st_perimeter_shape":4665.956826419884}},{"type":"Feature","geometry":{"coordinates":[[[[2.344953,48.894193],[2.345253,48.894276],[2.344278,48.892628],[2.343965,48.89276],[2.344516,48.89446],[2.344953,48.894193]]],[[[2.343814,48.892875],[2.343038,48.893281],[2.34307,48.893555],[2.344261,48.894398],[2.343814,48.892875]]],[[[2.34604,48.89234],[2.345139,48.892508],[2.345737,48.893609],[2.346256,48.893182],[2.34604,48.89234]]],[[[2.347576,48.893827],[2.346069,48.89422],[2.346397,48.894767],[2.34691,48.894632],[2.347576,48.893827]]],[[[2.345113,48.890751],[2.345655,48.890163],[2.344344,48.890222],[2.344643,48.890582],[2.344262,48.890625],[2.344566,48.890727],[2.344355,48.890994],[2.345113,48.890751]]],[[[2.342939,48.893739],[2.342468,48.893805],[2.342347,48.894643],[2.343113,48.894818],[2.342939,48.893739]]],[[[2.34638,48.892479],[2.346131,48.892598],[2.346397,48.893161],[2.346089,48.893589],[2.346986,48.893304],[2.34638,48.892479]]],[[[2.347068,48.893413],[2.345842,48.893801],[2.346031,48.894093],[2.347272,48.893767],[2.347068,48.893413]]],[[[2.347736,48.893646],[2.347354,48.893539],[2.346901,48.892153],[2.346336,48.892255],[2.347378,48.893731],[2.347736,48.893646]]],[[[2.343563,48.89443],[2.344238,48.894541],[2.343112,48.893781],[2.343292,48.894752],[2.343563,48.89443]]],[[[2.345064,48.892696],[2.344578,48.892821],[2.345279,48.893538],[2.345064,48.892696]]],[[[2.344154,48.892431],[2.343907,48.89193],[2.343163,48.892098],[2.343566,48.892383],[2.343361,48.892574],[2.344154,48.892431]]],[[[2.343643,48.892764],[2.342203,48.892942],[2.342722,48.893282],[2.343643,48.892764]]],[[[2.343587,48.891459],[2.343187,48.891284],[2.343108,48.891995],[2.3438,48.89181],[2.343587,48.891459]]],[[[2.344687,48.892361],[2.34456,48.891754],[2.344052,48.891872],[2.344302,48.89235],[2.344687,48.892361]]],[[[2.343991,48.891749],[2.34448,48.891591],[2.344254,48.891165],[2.343748,48.891259],[2.343991,48.891749]]],[[[2.345579,48.894125],[2.345842,48.894123],[2.345563,48.893609],[2.345138,48.893681],[2.345404,48.894238],[2.345579,48.894125]]],[[[2.345751,48.890016],[2.345812,48.889921],[2.345858,48.88985],[2.345829,48.889833],[2.345517,48.889846],[2.345526,48.889901],[2.345531,48.889937],[2.345279,48.889955],[2.345279,48.889957],[2.345281,48.889968],[2.344755,48.889925],[2.344664,48.889802],[2.344601,48.889809],[2.344543,48.889815],[2.344483,48.889821],[2.344476,48.889822],[2.34443,48.889827],[2.344435,48.889855],[2.344451,48.88994],[2.344388,48.889946],[2.344283,48.889956],[2.344296,48.89003],[2.344311,48.890117],[2.344481,48.890105],[2.344651,48.890094],[2.344869,48.890078],[2.345292,48.890049],[2.345546,48.890031],[2.345751,48.890016]]],[[[2.345142,48.890935],[2.344438,48.891131],[2.344648,48.891584],[2.345142,48.890935]]],[[[2.345307,48.891823],[2.34477,48.891815],[2.345015,48.892279],[2.345461,48.892047],[2.345307,48.891823]]],[[[2.345975,48.889656],[2.345316,48.889542],[2.345371,48.889798],[2.345975,48.889656]]],[[[2.346164,48.889329],[2.346338,48.888957],[2.345964,48.889283],[2.346164,48.889329]]],[[[2.346757,48.894816],[2.34673,48.894795],[2.34651,48.894853],[2.346452,48.894869],[2.346435,48.894894],[2.346519,48.895048],[2.34656,48.89505],[2.346653,48.89494],[2.346757,48.894816]]]],"type":"MultiPolygon"},"properties":{"id_projet":"MATERNELLES (année scolaire 2021/2022)","libelle":"MONT CENIS (77) MAT","annee_scol":"2021-2022","zone_commune":0,"etiquette":"Secteur de l'école 77 RUE DU MONT CENIS","lib_etab_1":"MONT CENIS (77) MAT","lib_etab_2":null,"lib_etab_3":null,"lib_etab_4":null,"adr_etab_1":"77 RUE DU MONT CENIS","adr_etab_2":null,"adr_etab_3":null,"adr_etab_4":null,"type_etabl":"Maternelle","geo_point_2d":{"lon":2.344880267635038,"lat":48.89285975932499},"st_area_shape":77595.5623117053,"st_perimeter_shape":6434.156026352185}},{"type":"Feature","geometry":{"coordinates":[[[[2.356519,48.893259],[2.356549,48.892904],[2.358026,48.892953],[2.358041,48.892671],[2.358512,48.89268],[2.358598,48.89223],[2.359013,48.892613],[2.35958,48.892613],[2.359682,48.891115],[2.357234,48.89121],[2.357269,48.890776],[2.359668,48.890983],[2.359705,48.890407],[2.354916,48.890671],[2.355577,48.892369],[2.355122,48.893213],[2.356519,48.893259]]],[[[2.359716,48.888972],[2.359563,48.887255],[2.358229,48.887336],[2.358013,48.887797],[2.35808,48.886684],[2.359425,48.886649],[2.359311,48.886195],[2.358932,48.886462],[2.357879,48.886421],[2.357824,48.88732],[2.35646,48.887166],[2.356178,48.888648],[2.359716,48.888972]]],[[[2.358168,48.889294],[2.358123,48.888961],[2.356315,48.888795],[2.355921,48.890206],[2.358201,48.890207],[2.358168,48.889294]]],[[[2.359717,48.890056],[2.359719,48.889108],[2.358284,48.888994],[2.358363,48.890183],[2.359717,48.890056]]],[[[2.360264,48.889823],[2.36074,48.887684],[2.360223,48.88768],[2.360406,48.887058],[2.359789,48.886878],[2.360264,48.889823]]],[[[2.359275,48.887184],[2.359543,48.887185],[2.359442,48.886721],[2.358239,48.886751],[2.358201,48.887222],[2.359275,48.887184]]],[[[2.356201,48.887552],[2.355808,48.887774],[2.356119,48.887943],[2.356201,48.887552]]],[[[2.356075,48.888159],[2.356094,48.88807],[2.356078,48.888056],[2.355931,48.888147],[2.35593,48.888147],[2.355926,48.88817],[2.355925,48.888177],[2.355918,48.888211],[2.355911,48.888213],[2.355897,48.888213],[2.355888,48.888256],[2.355886,48.888267],[2.355878,48.888308],[2.355867,48.888361],[2.355864,48.888376],[2.355848,48.888458],[2.355844,48.888477],[2.355841,48.888492],[2.35597,48.888615],[2.355979,48.888611],[2.356004,48.888493],[2.356029,48.888375],[2.356051,48.888271],[2.356075,48.888159]]],[[[2.356235,48.888789],[2.35615,48.888781],[2.356117,48.888797],[2.356093,48.88891],[2.356067,48.889034],[2.356065,48.889045],[2.356052,48.889133],[2.356085,48.889148],[2.356094,48.889148],[2.356157,48.88915],[2.356178,48.889138],[2.356194,48.889041],[2.356214,48.888917],[2.356235,48.888789]]],[[[2.355918,48.88876],[2.355868,48.888755],[2.35585,48.888852],[2.355842,48.888895],[2.355816,48.88904],[2.355813,48.889065],[2.355807,48.889109],[2.355805,48.889126],[2.355804,48.889137],[2.355807,48.889137],[2.355837,48.889139],[2.355873,48.889121],[2.355875,48.889114],[2.355943,48.888782],[2.355918,48.88876]]]],"type":"MultiPolygon"},"properties":{"id_projet":"MATERNELLES (année scolaire 2022/2023)","libelle":"MARX DORMOY (53B) MAT","annee_scol":"2022-2023","zone_commune":0,"etiquette":"Secteur de l'école 53 bis RUE MARX DORMOY","lib_etab_1":"MARX DORMOY (53B) MAT","lib_etab_2":null,"lib_etab_3":null,"lib_etab_4":null,"adr_etab_1":"53 bis RUE MARX DORMOY","adr_etab_2":null,"adr_etab_3":null,"adr_etab_4":null,"type_etabl":"Maternelle","geo_point_2d":{"lon":2.3577716568112703,"lat":48.88993312307199},"st_area_shape":179974.06192722768,"st_perimeter_shape":5821.92541218205}},{"type":"Feature","geometry":{"coordinates":[[[[2.337761,48.892971],[2.337227,48.892298],[2.337736,48.892219],[2.337779,48.89195],[2.338066,48.89218],[2.337798,48.891739],[2.338617,48.892321],[2.33851,48.892128],[2.339532,48.89161],[2.339566,48.891258],[2.336616,48.891558],[2.337761,48.892971]]],[[[2.332944,48.89399],[2.334965,48.892572],[2.335422,48.89346],[2.336174,48.893507],[2.334935,48.891817],[2.332944,48.89399]]],[[[2.332813,48.893782],[2.333594,48.892921],[2.33184,48.892912],[2.332574,48.894063],[2.332813,48.893782]]],[[[2.335582,48.89205],[2.335253,48.891915],[2.336346,48.893452],[2.336913,48.893328],[2.336719,48.892633],[2.335582,48.89205]]],[[[2.334357,48.892128],[2.334765,48.891746],[2.333624,48.89191],[2.333747,48.892835],[2.334357,48.892128]]],[[[2.334649,48.891298],[2.334228,48.890626],[2.333992,48.891133],[2.334352,48.891379],[2.333792,48.891411],[2.333728,48.891758],[2.334815,48.891631],[2.334649,48.891298]]],[[[2.335141,48.891215],[2.335519,48.891073],[2.335249,48.890774],[2.334454,48.890596],[2.335016,48.891567],[2.335141,48.891215]]],[[[2.3366,48.89174],[2.336051,48.891616],[2.337314,48.892769],[2.3366,48.89174]]],[[[2.336384,48.892051],[2.336018,48.891619],[2.335218,48.891699],[2.336715,48.892495],[2.336384,48.892051]]],[[[2.332374,48.892316],[2.333444,48.891936],[2.332073,48.892198],[2.332374,48.892316]]],[[[2.33722,48.89323],[2.337597,48.893084],[2.33682,48.89275],[2.33722,48.89323]]],[[[2.332765,48.891946],[2.333258,48.891816],[2.3322,48.891736],[2.332336,48.892034],[2.332765,48.891946]]]],"type":"MultiPolygon"},"properties":{"id_projet":"MATERNELLES (année scolaire 2022/2023)","libelle":"VAUVENARGUES (4) MAT","annee_scol":"2022-2023","zone_commune":0,"etiquette":"Secteur de l'école 4 RUE VAUVENARGUES","lib_etab_1":"VAUVENARGUES (4) MAT","lib_etab_2":null,"lib_etab_3":null,"lib_etab_4":null,"adr_etab_1":"4 RUE VAUVENARGUES","adr_etab_2":null,"adr_etab_3":null,"adr_etab_4":null,"type_etabl":"Maternelle","geo_point_2d":{"lon":2.3353773112780742,"lat":48.89233184947554},"st_area_shape":67935.99010068976,"st_perimeter_shape":5291.112805390847}},{"type":"Feature","geometry":{"coordinates":[[[[2.345565,48.88573],[2.347303,48.885673],[2.347096,48.884681],[2.34502,48.884851],[2.34507,48.885761],[2.345565,48.88573]]],[[[2.344624,48.883166],[2.344259,48.883352],[2.34516,48.883293],[2.344624,48.883166]]],[[[2.343777,48.883018],[2.343089,48.883219],[2.343521,48.883682],[2.343777,48.883018]]],[[[2.343995,48.883042],[2.343623,48.883702],[2.343993,48.883769],[2.344271,48.883116],[2.343995,48.883042]]],[[[2.3445,48.883444],[2.344218,48.883403],[2.344061,48.88378],[2.344567,48.883858],[2.344912,48.883529],[2.3445,48.883444]]],[[[2.346821,48.883759],[2.345686,48.883373],[2.345418,48.883716],[2.345574,48.883366],[2.345322,48.883301],[2.344683,48.883877],[2.345949,48.884123],[2.346821,48.883759]]],[[[2.343361,48.884106],[2.343483,48.88378],[2.342717,48.884276],[2.343361,48.884106]]],[[[2.343759,48.883831],[2.343416,48.884315],[2.344063,48.884335],[2.344451,48.883968],[2.343759,48.883831]]],[[[2.344776,48.884009],[2.344217,48.884354],[2.345607,48.884203],[2.344776,48.884009]]],[[[2.346866,48.88446],[2.346898,48.883889],[2.344937,48.884507],[2.345013,48.88476],[2.346866,48.88446]]],[[[2.344723,48.885135],[2.344739,48.884543],[2.344329,48.88448],[2.344302,48.885104],[2.344723,48.885135]]],[[[2.344857,48.885293],[2.344587,48.885347],[2.344847,48.88557],[2.344857,48.885293]]],[[[2.34488,48.886257],[2.344971,48.885882],[2.344142,48.88514],[2.344054,48.884491],[2.34278,48.884406],[2.344268,48.885824],[2.344095,48.886125],[2.34488,48.886257]]],[[[2.346396,48.88583],[2.345083,48.88589],[2.345131,48.886331],[2.346527,48.886634],[2.346396,48.88583]]],[[[2.347547,48.886824],[2.347171,48.886734],[2.346758,48.886013],[2.347303,48.885753],[2.346526,48.885815],[2.346702,48.886673],[2.347547,48.886824]]],[[[2.345446,48.886524],[2.345759,48.886866],[2.346345,48.88699],[2.346493,48.886759],[2.345446,48.886524]]],[[[2.343996,48.886363],[2.343863,48.886662],[2.344438,48.887416],[2.343996,48.886363]]],[[[2.345399,48.887376],[2.347212,48.887421],[2.347492,48.886946],[2.346657,48.886773],[2.346459,48.887109],[2.345204,48.886632],[2.345399,48.887376]]],[[[2.344307,48.886261],[2.344087,48.886236],[2.344637,48.887481],[2.345102,48.887561],[2.344993,48.886497],[2.344307,48.886261]]],[[[2.346131,48.887755],[2.346211,48.887444],[2.345246,48.887657],[2.346131,48.887755]]],[[[2.346995,48.887484],[2.346383,48.887458],[2.346242,48.887734],[2.346922,48.887843],[2.346995,48.887484]]],[[[2.345354,48.888166],[2.345023,48.888532],[2.345602,48.88868],[2.345354,48.888166]]],[[[2.344099,48.88744],[2.3435,48.887264],[2.343763,48.88879],[2.344419,48.887592],[2.344099,48.88744]]],[[[2.346155,48.888634],[2.34606,48.888613],[2.346035,48.888657],[2.345813,48.888675],[2.345798,48.888702],[2.345816,48.888727],[2.345975,48.888762],[2.346067,48.888783],[2.346178,48.888807],[2.346248,48.888788],[2.346373,48.888753],[2.346408,48.888744],[2.346479,48.888724],[2.346151,48.888639],[2.346155,48.888634]]],[[[2.345933,48.888847],[2.345777,48.888813],[2.345736,48.888817],[2.345665,48.888852],[2.345429,48.888965],[2.345462,48.889005],[2.3457,48.888939],[2.345935,48.888874],[2.345933,48.888847]]],[[[2.345183,48.888014],[2.346775,48.888181],[2.34694,48.88791],[2.34457,48.887634],[2.343951,48.8889],[2.344466,48.889162],[2.345183,48.888014]]],[[[2.345004,48.888641],[2.344619,48.889211],[2.345565,48.888789],[2.345004,48.888641]]]],"type":"MultiPolygon"},"properties":{"id_projet":"MATERNELLES (année scolaire 2023/2024)","libelle":"ANDRE DEL SARTE (11) MAT","annee_scol":"2023-2024","zone_commune":0,"etiquette":"Secteur de l'école 11 RUE ANDRE DEL SARTE","lib_etab_1":"ANDRE DEL SARTE (11) MAT","lib_etab_2":null,"lib_etab_3":null,"lib_etab_4":null,"adr_etab_1":"11 RUE ANDRE DEL SARTE","adr_etab_2":null,"adr_etab_3":null,"adr_etab_4":null,"type_etabl":"Maternelle","geo_point_2d":{"lon":2.3452163012684584,"lat":48.88590361746408},"st_area_shape":118042.25985312335,"st_perimeter_shape":8046.039691409686}},{"type":"Feature","geometry":{"coordinates":[[[[2.335968,48.884709],[2.336885,48.884301],[2.33616,48.882942],[2.335727,48.883071],[2.335989,48.883485],[2.335485,48.883144],[2.336007,48.883963],[2.335438,48.883157],[2.334435,48.883468],[2.333676,48.884645],[2.334298,48.884716],[2.334102,48.885063],[2.335291,48.884631],[2.33418,48.885109],[2.334555,48.885118],[2.334377,48.885329],[2.335968,48.884709]],[[2.336113,48.884207],[2.336223,48.884178],[2.336328,48.884151],[2.336399,48.884132],[2.33649,48.884108],[2.336615,48.884076],[2.336671,48.884061],[2.336684,48.884085],[2.336581,48.884112],[2.3365,48.884133],[2.336364,48.884166],[2.336258,48.884194],[2.336039,48.884253],[2.33595,48.884277],[2.335888,48.884293],[2.335813,48.884313],[2.335798,48.884288],[2.335812,48.884284],[2.335848,48.884275],[2.335933,48.884253],[2.336113,48.884207]]],[[[2.341666,48.883372],[2.341797,48.882612],[2.34119,48.882493],[2.341174,48.88281],[2.341136,48.882483],[2.339726,48.882306],[2.33976,48.882815],[2.340365,48.882801],[2.339764,48.882889],[2.339849,48.883525],[2.341666,48.883372]]],[[[2.343422,48.883549],[2.3431,48.883115],[2.343752,48.882994],[2.341954,48.882661],[2.341858,48.88316],[2.342717,48.883326],[2.342211,48.883469],[2.343422,48.883549]]],[[[2.3379,48.882511],[2.337319,48.882595],[2.337981,48.883706],[2.338674,48.883523],[2.3379,48.882511]]],[[[2.339591,48.88253],[2.339511,48.882261],[2.338041,48.882497],[2.339116,48.883853],[2.339642,48.88362],[2.339591,48.88253]]],[[[2.341629,48.883524],[2.339831,48.883616],[2.339809,48.884109],[2.341402,48.883942],[2.341629,48.883524]]],[[[2.334204,48.883563],[2.333028,48.883873],[2.333844,48.884111],[2.334204,48.883563]]],[[[2.339664,48.883822],[2.338821,48.884225],[2.339644,48.884156],[2.339664,48.883822]]],[[[2.342766,48.884126],[2.343483,48.88378],[2.342658,48.883633],[2.341757,48.883551],[2.341556,48.883923],[2.342766,48.884126]]],[[[2.337889,48.883732],[2.337218,48.882625],[2.336971,48.882698],[2.337429,48.883666],[2.336904,48.882721],[2.336272,48.882919],[2.336974,48.884297],[2.337889,48.883732]]],[[[2.333775,48.88429],[2.333011,48.883971],[2.333594,48.884541],[2.333775,48.88429]]],[[[2.338767,48.883991],[2.338999,48.883898],[2.338708,48.88356],[2.337432,48.883907],[2.337853,48.884571],[2.338767,48.883991]]],[[[2.339692,48.884621],[2.339654,48.884244],[2.33882,48.884358],[2.339692,48.884621]]],[[[2.341142,48.884415],[2.341282,48.884048],[2.33981,48.884224],[2.339823,48.884603],[2.340573,48.884355],[2.340556,48.88491],[2.341142,48.884415]]],[[[2.337298,48.884485],[2.337797,48.884613],[2.337529,48.884175],[2.337025,48.884359],[2.337218,48.884892],[2.337298,48.884485]]],[[[2.34184,48.884187],[2.341636,48.884163],[2.341879,48.884908],[2.342395,48.884784],[2.342424,48.884336],[2.34184,48.884187]]],[[[2.336357,48.884951],[2.336627,48.884735],[2.337142,48.884924],[2.33693,48.884407],[2.335846,48.884842],[2.336357,48.884951]]],[[[2.340757,48.885094],[2.341748,48.884947],[2.34151,48.884205],[2.340545,48.884998],[2.340757,48.885094]]],[[[2.343331,48.884867],[2.342779,48.884416],[2.342518,48.885173],[2.343331,48.884867]]],[[[2.335348,48.885201],[2.335435,48.885168],[2.335442,48.885175],[2.335459,48.885168],[2.335548,48.885133],[2.335552,48.885131],[2.335589,48.885117],[2.335607,48.88511],[2.335617,48.885106],[2.335622,48.885104],[2.335613,48.885092],[2.335675,48.884935],[2.335659,48.884933],[2.335519,48.884987],[2.335337,48.885058],[2.335249,48.885092],[2.335137,48.885135],[2.335135,48.88514],[2.335261,48.885176],[2.335305,48.885158],[2.33531,48.885157],[2.335323,48.885172],[2.335348,48.885201]]],[[[2.34238,48.884908],[2.341938,48.885008],[2.342017,48.885315],[2.34238,48.884908]]],[[[2.341846,48.885222],[2.341796,48.885077],[2.341683,48.885168],[2.341688,48.885175],[2.34171,48.885206],[2.341727,48.885231],[2.341666,48.885248],[2.341694,48.885293],[2.341695,48.885294],[2.341697,48.885298],[2.341883,48.885329],[2.341846,48.885222]]],[[[2.334759,48.885368],[2.334763,48.885367],[2.334781,48.885386],[2.334815,48.885376],[2.334832,48.885371],[2.334841,48.885369],[2.334912,48.885348],[2.334951,48.885336],[2.334944,48.885328],[2.334943,48.885328],[2.334988,48.885204],[2.334972,48.885201],[2.334867,48.885241],[2.334703,48.885304],[2.334554,48.88536],[2.334545,48.885351],[2.334446,48.885395],[2.334449,48.885397],[2.334654,48.885419],[2.334688,48.885402],[2.334759,48.885368]]],[[[2.338425,48.885527],[2.337948,48.88477],[2.338477,48.885484],[2.339044,48.885147],[2.338712,48.885163],[2.33872,48.884641],[2.338061,48.884626],[2.337866,48.885063],[2.338425,48.885527]]],[[[2.342294,48.88565],[2.342325,48.885349],[2.342048,48.885404],[2.342294,48.88565]]],[[[2.341922,48.885444],[2.341921,48.885441],[2.341754,48.88549],[2.34183,48.885603],[2.341911,48.885722],[2.341985,48.885709],[2.342006,48.885685],[2.341946,48.885511],[2.341922,48.885444]]]],"type":"MultiPolygon"},"properties":{"id_projet":"MATERNELLES (année scolaire 2023/2024)","libelle":"ORSEL (56) MAT","annee_scol":"2023-2024","zone_commune":0,"etiquette":"Secteur de l'école 56 RUE D'ORSEL","lib_etab_1":"ORSEL (56) MAT","lib_etab_2":null,"lib_etab_3":null,"lib_etab_4":null,"adr_etab_1":"56 RUE D'ORSEL","adr_etab_2":null,"adr_etab_3":null,"adr_etab_4":null,"type_etabl":"Maternelle","geo_point_2d":{"lon":2.338606409889436,"lat":48.8837880305014},"st_area_shape":138878.23502199026,"st_perimeter_shape":9170.827172928604}},{"type":"Feature","geometry":{"coordinates":[[[[2.348044,48.897277],[2.351665,48.897092],[2.352313,48.895811],[2.352192,48.895372],[2.35278,48.89519],[2.351738,48.895302],[2.351827,48.895732],[2.351305,48.895795],[2.351629,48.895627],[2.351517,48.895326],[2.348323,48.895668],[2.348388,48.895887],[2.346486,48.896253],[2.347776,48.896621],[2.348044,48.897277]]],[[[2.350505,48.895308],[2.352763,48.895025],[2.351945,48.894449],[2.349561,48.894891],[2.349758,48.895388],[2.350505,48.895308]]],[[[2.348486,48.892749],[2.348788,48.892389],[2.348668,48.891844],[2.347098,48.892127],[2.347403,48.892165],[2.347932,48.893412],[2.348486,48.892749]]],[[[2.350471,48.894363],[2.351347,48.893993],[2.351011,48.893677],[2.349359,48.894116],[2.349627,48.894766],[2.350519,48.89461],[2.350471,48.894363]]],[[[2.349887,48.89309],[2.35049,48.892961],[2.349682,48.891877],[2.349371,48.892249],[2.349627,48.892691],[2.349314,48.892317],[2.349036,48.892648],[2.34916,48.893208],[2.349887,48.89309]]],[[[2.348894,48.892873],[2.347541,48.894436],[2.349146,48.89402],[2.348894,48.892873]]],[[[2.350538,48.893029],[2.349201,48.893271],[2.349326,48.893968],[2.350881,48.893579],[2.350538,48.893029]]],[[[2.349319,48.894809],[2.349143,48.894156],[2.347878,48.894511],[2.348221,48.895039],[2.349319,48.894809]]],[[[2.349406,48.895204],[2.349314,48.894873],[2.348173,48.895114],[2.348411,48.895531],[2.349425,48.895423],[2.349406,48.895204]]],[[[2.351886,48.89388],[2.352632,48.893727],[2.352242,48.893578],[2.35258,48.893337],[2.351193,48.893618],[2.351886,48.89388]]],[[[2.347972,48.894872],[2.347385,48.894624],[2.346829,48.895283],[2.347962,48.895089],[2.347972,48.894872]]],[[[2.348325,48.895809],[2.346543,48.895956],[2.346883,48.896133],[2.348325,48.895809]]],[[[2.351001,48.892739],[2.349957,48.89188],[2.35065,48.892933],[2.351001,48.892739]]],[[[2.351543,48.894088],[2.350626,48.894327],[2.350774,48.894572],[2.351825,48.894362],[2.351543,48.894088]]],[[[2.353037,48.894281],[2.353052,48.89405],[2.353742,48.894003],[2.353681,48.893745],[2.352855,48.893824],[2.353056,48.895046],[2.353037,48.894281]]],[[[2.351759,48.893259],[2.351678,48.893036],[2.350791,48.89314],[2.351073,48.893524],[2.351759,48.893259]]],[[[2.347422,48.89532],[2.346516,48.895661],[2.34746,48.895526],[2.347422,48.89532]]],[[[2.34806,48.895195],[2.347545,48.895488],[2.348138,48.895387],[2.34806,48.895195]]],[[[2.349326,48.891745],[2.348874,48.891785],[2.348924,48.892137],[2.349326,48.891745]]],[[[2.348207,48.895532],[2.348158,48.895429],[2.348058,48.89545],[2.347927,48.895477],[2.347798,48.895504],[2.347781,48.895507],[2.34771,48.895522],[2.347582,48.895548],[2.347569,48.895566],[2.347585,48.89562],[2.347836,48.895593],[2.347972,48.895578],[2.348108,48.895564],[2.348185,48.895555],[2.348207,48.895532]]],[[[2.347507,48.895578],[2.347482,48.895568],[2.347361,48.895593],[2.34723,48.89562],[2.347091,48.895649],[2.347105,48.895676],[2.347248,48.89566],[2.347385,48.895646],[2.347383,48.895641],[2.347387,48.895641],[2.34752,48.895627],[2.347507,48.895578]]],[[[2.346686,48.896167],[2.346529,48.896085],[2.346475,48.896215],[2.346684,48.896173],[2.346686,48.896167]]],[[[2.350786,48.893094],[2.350715,48.892983],[2.350708,48.892985],[2.350696,48.893001],[2.350763,48.893099],[2.350786,48.893094]]]],"type":"MultiPolygon"},"properties":{"id_projet":"MATERNELLES (année scolaire 2020/2021)","libelle":"AMIRAUX (19) MAT","annee_scol":"2020-2021","zone_commune":0,"etiquette":"Secteur de l'école 19 RUE DES AMIRAUX","lib_etab_1":"AMIRAUX (19) MAT","lib_etab_2":null,"lib_etab_3":null,"lib_etab_4":null,"adr_etab_1":"19 RUE DES AMIRAUX","adr_etab_2":null,"adr_etab_3":null,"adr_etab_4":null,"type_etabl":null,"geo_point_2d":{"lon":2.349729748370575,"lat":48.89488697697666},"st_area_shape":154899.00549538672,"st_perimeter_shape":7611.797865521647}},{"type":"Feature","geometry":{"coordinates":[[[[2.347856,48.88483],[2.348712,48.884618],[2.348209,48.883771],[2.347115,48.883636],[2.347352,48.884966],[2.347856,48.88483]]],[[[2.351019,48.885063],[2.352157,48.8849],[2.352342,48.884265],[2.350829,48.884046],[2.351019,48.885063]]],[[[2.350379,48.885621],[2.351532,48.885892],[2.352504,48.88509],[2.349744,48.885288],[2.350379,48.885621]],[[2.351359,48.885575],[2.351364,48.88557],[2.35137,48.885566],[2.35136,48.885499],[2.35135,48.885426],[2.351339,48.885357],[2.351328,48.885286],[2.351324,48.88526],[2.35132,48.885237],[2.351315,48.885221],[2.351357,48.885216],[2.351391,48.885443],[2.351393,48.885461],[2.351409,48.885566],[2.351417,48.885569],[2.351423,48.885573],[2.351429,48.885577],[2.351435,48.885581],[2.351439,48.885586],[2.351442,48.885591],[2.351444,48.885597],[2.351444,48.885599],[2.351444,48.885602],[2.351444,48.885608],[2.351442,48.885613],[2.35144,48.885619],[2.351436,48.885624],[2.351431,48.885628],[2.351426,48.885633],[2.351419,48.885636],[2.35143,48.885707],[2.35144,48.885778],[2.351449,48.885839],[2.351455,48.885882],[2.351419,48.885884],[2.351413,48.885843],[2.351403,48.88578],[2.35139,48.885706],[2.35138,48.885637],[2.351373,48.885633],[2.351366,48.885629],[2.351361,48.885624],[2.351356,48.885619],[2.351353,48.885613],[2.35135,48.885607],[2.351349,48.885603],[2.351349,48.885598],[2.35135,48.885592],[2.351351,48.885586],[2.351354,48.885581],[2.351359,48.885575]]],[[[2.350505,48.885098],[2.350745,48.884018],[2.34968,48.883959],[2.349716,48.885179],[2.350505,48.885098]]],[[[2.349304,48.88547],[2.349214,48.884621],[2.347374,48.885075],[2.349304,48.88547]]],[[[2.352322,48.884847],[2.353732,48.884573],[2.352505,48.88429],[2.352322,48.884847]]],[[[2.352337,48.884986],[2.354167,48.884945],[2.354178,48.884741],[2.352337,48.884986]]],[[[2.352742,48.884163],[2.354045,48.884518],[2.354048,48.884254],[2.352742,48.884163]]],[[[2.348523,48.883807],[2.348404,48.883793],[2.348381,48.883812],[2.34843,48.883897],[2.348462,48.883951],[2.348585,48.883966],[2.348697,48.883979],[2.348803,48.883992],[2.348912,48.884005],[2.349019,48.884018],[2.349243,48.884045],[2.349272,48.884028],[2.349272,48.883951],[2.349272,48.883944],[2.349272,48.88394],[2.349271,48.883937],[2.349268,48.88393],[2.349264,48.883924],[2.349262,48.883921],[2.349256,48.883915],[2.349249,48.883908],[2.349241,48.883903],[2.349235,48.8839],[2.349226,48.883896],[2.349216,48.883893],[2.349205,48.883891],[2.349191,48.883889],[2.349188,48.883889],[2.34906,48.883873],[2.348953,48.88386],[2.348849,48.883847],[2.348739,48.883834],[2.348628,48.88382],[2.348523,48.883807]]],[[[2.347012,48.88426],[2.346916,48.883894],[2.346734,48.88418],[2.347054,48.884562],[2.347012,48.88426]]],[[[2.348879,48.88411],[2.348579,48.884098],[2.348755,48.88434],[2.349245,48.884212],[2.348879,48.88411]]],[[[2.354124,48.884523],[2.355102,48.884331],[2.354167,48.884264],[2.354124,48.884523]]],[[[2.349282,48.884344],[2.349247,48.884328],[2.349113,48.884363],[2.348999,48.884393],[2.348907,48.884416],[2.348757,48.884455],[2.348836,48.884586],[2.349005,48.884543],[2.349075,48.884525],[2.349189,48.884496],[2.349263,48.884477],[2.349286,48.884455],[2.349282,48.884344]]],[[[2.350388,48.885664],[2.350323,48.885672],[2.350197,48.885687],[2.350163,48.88569],[2.350185,48.885758],[2.350218,48.885754],[2.350345,48.885739],[2.35037,48.885736],[2.35041,48.885731],[2.350396,48.885687],[2.350388,48.885664]]],[[[2.346885,48.883627],[2.346885,48.883626],[2.346795,48.883662],[2.346821,48.883759],[2.346915,48.88378],[2.346885,48.883627]]]],"type":"MultiPolygon"},"properties":{"id_projet":"MATERNELLES (année scolaire 2021/2022)","libelle":"GOUTTE D'OR (57) MAT","annee_scol":"2021-2022","zone_commune":0,"etiquette":"Secteur de l'école 57 RUE DE LA GOUTTE D'OR","lib_etab_1":"GOUTTE D'OR (57) MAT","lib_etab_2":null,"lib_etab_3":null,"lib_etab_4":null,"adr_etab_1":"57 RUE DE LA GOUTTE D'OR","adr_etab_2":null,"adr_etab_3":null,"adr_etab_4":null,"type_etabl":"Maternelle","geo_point_2d":{"lon":2.3502958494599655,"lat":48.88468245945876},"st_area_shape":60679.75437066897,"st_perimeter_shape":4130.220676758279}},{"type":"Feature","geometry":{"coordinates":[[[[2.351264,48.899356],[2.352197,48.89852],[2.344584,48.898185],[2.344561,48.898755],[2.349719,48.898899],[2.349638,48.899325],[2.351264,48.899356]]],[[[2.345832,48.894138],[2.345606,48.894117],[2.345579,48.894125],[2.345579,48.894126],[2.345457,48.894205],[2.345434,48.894246],[2.345442,48.894249],[2.345631,48.894199],[2.345825,48.894148],[2.345832,48.894138]]],[[[2.345253,48.894276],[2.344961,48.894191],[2.344953,48.894193],[2.344882,48.894203],[2.344791,48.894216],[2.344765,48.89422],[2.344719,48.894227],[2.344602,48.894243],[2.344583,48.894246],[2.344586,48.894252],[2.344516,48.89446],[2.344519,48.894468],[2.344556,48.894481],[2.344703,48.894443],[2.344874,48.894398],[2.34505,48.894353],[2.345238,48.894304],[2.345254,48.894278],[2.345253,48.894276]]],[[[2.344039,48.894565],[2.343723,48.894381],[2.343355,48.894777],[2.344039,48.894565]]],[[[2.345891,48.894252],[2.345479,48.894375],[2.345851,48.894913],[2.346203,48.894785],[2.345891,48.894252]]],[[[2.346283,48.894934],[2.345842,48.895051],[2.3461,48.89553],[2.346432,48.8952],[2.346283,48.894934]]],[[[2.345327,48.894415],[2.34457,48.894618],[2.345946,48.895568],[2.345327,48.894415]]],[[[2.345404,48.895366],[2.3444,48.894655],[2.343327,48.894938],[2.343399,48.895329],[2.344121,48.895131],[2.343428,48.895486],[2.344334,48.895246],[2.343434,48.895514],[2.343502,48.895739],[2.345728,48.895766],[2.345404,48.895366]]],[[[2.346525,48.896084],[2.346443,48.896041],[2.346388,48.896066],[2.346409,48.896106],[2.346468,48.896216],[2.346475,48.896215],[2.346529,48.896085],[2.346525,48.896084]]],[[[2.34518,48.896699],[2.345735,48.895891],[2.343502,48.895885],[2.343826,48.896577],[2.344766,48.896326],[2.343833,48.896594],[2.344287,48.8973],[2.34467,48.897308],[2.34518,48.896699]]],[[[2.346305,48.896238],[2.346136,48.896113],[2.345138,48.897305],[2.346581,48.896921],[2.346305,48.896238]]],[[[2.346731,48.896994],[2.344992,48.897477],[2.34707,48.897767],[2.346731,48.896994]]],[[[2.348011,48.897187],[2.347776,48.896621],[2.346486,48.896253],[2.347287,48.89775],[2.348011,48.897187]]],[[[2.352359,48.897996],[2.346919,48.897858],[2.346908,48.898063],[2.352359,48.897996]]]],"type":"MultiPolygon"},"properties":{"id_projet":"MATERNELLES (année scolaire 2023/2024)","libelle":"CHAMPIONNET (72) MAT","annee_scol":"2023-2024","zone_commune":0,"etiquette":"Secteur de l'école 72 RUE CHAMPIONNET","lib_etab_1":"CHAMPIONNET (72) MAT","lib_etab_2":null,"lib_etab_3":null,"lib_etab_4":null,"adr_etab_1":"72 RUE CHAMPIONNET","adr_etab_2":null,"adr_etab_3":null,"adr_etab_4":null,"type_etabl":"Maternelle","geo_point_2d":{"lon":2.3467257197204376,"lat":48.89710758415647},"st_area_shape":107184.9751777497,"st_perimeter_shape":6021.790033595901}},{"type":"Feature","geometry":{"coordinates":[[[[2.35774,48.886096],[2.359293,48.886009],[2.359143,48.884885],[2.357353,48.884964],[2.358221,48.884784],[2.358238,48.884552],[2.356511,48.884235],[2.356643,48.88444],[2.356305,48.884442],[2.356886,48.885156],[2.356712,48.88597],[2.35774,48.886096]]],[[[2.35497,48.884404],[2.355185,48.884367],[2.355183,48.884337],[2.355102,48.884331],[2.35497,48.884384],[2.35497,48.884384],[2.354857,48.88437],[2.354857,48.884369],[2.354709,48.884375],[2.35471,48.88438],[2.354528,48.88438],[2.354528,48.884381],[2.354431,48.884386],[2.354431,48.884385],[2.354417,48.884385],[2.354317,48.884378],[2.354317,48.884377],[2.354132,48.88453],[2.354138,48.884536],[2.354204,48.884537],[2.354329,48.884515],[2.354416,48.8845],[2.354507,48.884484],[2.354716,48.884448],[2.354863,48.884423],[2.35497,48.884404]]],[[[2.358822,48.884595],[2.358314,48.88456],[2.358298,48.884783],[2.359049,48.884744],[2.358822,48.884595]]],[[[2.356033,48.884398],[2.354426,48.884634],[2.356595,48.884869],[2.356033,48.884398]]],[[[2.354327,48.884709],[2.353924,48.884679],[2.354167,48.884945],[2.355138,48.884923],[2.354327,48.884709]]],[[[2.354638,48.885119],[2.352618,48.885085],[2.353017,48.885645],[2.354638,48.885119]]],[[[2.355058,48.885166],[2.354209,48.885481],[2.354933,48.885774],[2.355058,48.885166]]],[[[2.355716,48.885204],[2.355234,48.885087],[2.355128,48.885766],[2.355614,48.885804],[2.355716,48.885204]]],[[[2.35256,48.885772],[2.352895,48.885679],[2.352504,48.88509],[2.35214,48.885596],[2.352219,48.885867],[2.35256,48.885772]]],[[[2.356689,48.885233],[2.356707,48.884993],[2.355906,48.88505],[2.355775,48.885821],[2.35654,48.885942],[2.356689,48.885233]]],[[[2.355559,48.885944],[2.354489,48.886068],[2.355521,48.886245],[2.355559,48.885944]]],[[[2.356375,48.886247],[2.355782,48.885988],[2.355757,48.886252],[2.356375,48.886247]]],[[[2.352787,48.88639],[2.352924,48.885761],[2.352236,48.885931],[2.352787,48.88639]]],[[[2.354352,48.885754],[2.35407,48.885539],[2.352948,48.886274],[2.353375,48.88667],[2.354268,48.886252],[2.354352,48.885754]]],[[[2.354668,48.886307],[2.353721,48.886649],[2.354779,48.886709],[2.354668,48.886307]]],[[[2.35549,48.886368],[2.35503,48.886353],[2.354973,48.886693],[2.355463,48.886702],[2.35549,48.886368]]],[[[2.356446,48.88639],[2.355681,48.886376],[2.355628,48.886703],[2.356345,48.886735],[2.356446,48.88639]]],[[[2.352649,48.886725],[2.352685,48.886638],[2.352676,48.886627],[2.352522,48.886678],[2.352512,48.886703],[2.352439,48.886691],[2.352422,48.886735],[2.352417,48.886746],[2.352395,48.886805],[2.352425,48.88681],[2.35246,48.886816],[2.352534,48.886937],[2.352569,48.886924],[2.352603,48.88684],[2.352649,48.886725]]],[[[2.353372,48.8869],[2.352811,48.886651],[2.352674,48.886937],[2.353372,48.8869]]],[[[2.353661,48.88678],[2.353598,48.887082],[2.355406,48.887202],[2.355414,48.886809],[2.353661,48.88678]]],[[[2.355783,48.886815],[2.355566,48.887234],[2.356273,48.88721],[2.35635,48.886846],[2.355783,48.886815]]],[[[2.357824,48.88732],[2.357879,48.886421],[2.358932,48.886462],[2.359311,48.886195],[2.356662,48.886206],[2.35646,48.887166],[2.357824,48.88732]]],[[[2.353426,48.887546],[2.353336,48.887155],[2.353074,48.887334],[2.353426,48.887546]]],[[[2.353829,48.887511],[2.355824,48.887687],[2.356174,48.88741],[2.353565,48.88717],[2.35356,48.887736],[2.353829,48.887511]]],[[[2.353163,48.887848],[2.35341,48.887676],[2.352906,48.887711],[2.353045,48.888028],[2.353163,48.887848]]]],"type":"MultiPolygon"},"properties":{"id_projet":"MATERNELLES (année scolaire 2024/2025)","libelle":"ST LUC (3) MAT","annee_scol":"2024-2025","zone_commune":0,"etiquette":"Secteur de l'école 3 RUE SAINT LUC","lib_etab_1":"ST LUC (3) MAT","lib_etab_2":null,"lib_etab_3":null,"lib_etab_4":null,"adr_etab_1":"3 RUE SAINT LUC","adr_etab_2":null,"adr_etab_3":null,"adr_etab_4":null,"type_etabl":"Maternelle","geo_point_2d":{"lon":2.3558722972226254,"lat":48.88591860566468},"st_area_shape":108038.63405182901,"st_perimeter_shape":7004.264147556628}},{"type":"Feature","geometry":{"coordinates":[[[2.358209,48.896789],[2.358458,48.895224],[2.355869,48.895272],[2.355688,48.89794],[2.358652,48.898292],[2.35868,48.89791],[2.358098,48.89789],[2.358209,48.896789]]],"type":"Polygon"},"properties":{"id_projet":"MATERNELLES (année scolaire 2024/2025)","libelle":"EVA KOTCHEVER (4) POLY","annee_scol":"2024-2025","zone_commune":0,"etiquette":"Secteur de l'école 4 RUE EVA KOTCHEVER","lib_etab_1":"EVA KOTCHEVER (4) POLY","lib_etab_2":null,"lib_etab_3":null,"lib_etab_4":null,"adr_etab_1":"4 RUE EVA KOTCHEVER","adr_etab_2":null,"adr_etab_3":null,"adr_etab_4":null,"type_etabl":"Maternelle","geo_point_2d":{"lon":2.357081102875634,"lat":48.89670545690078},"st_area_shape":60617.572582559165,"st_perimeter_shape":1135.7348553108488}},{"type":"Feature","geometry":{"coordinates":[[[[2.347711,48.886462],[2.348071,48.888204],[2.349274,48.887243],[2.347711,48.886462]]],[[[2.347682,48.88618],[2.34931,48.885548],[2.347382,48.885113],[2.347682,48.88618]]],[[[2.349326,48.88646],[2.348963,48.885993],[2.349283,48.885699],[2.347984,48.886275],[2.349326,48.88646]]],[[[2.347547,48.886824],[2.347321,48.885752],[2.346742,48.885941],[2.347171,48.886734],[2.347547,48.886824]]],[[[2.349345,48.887124],[2.349075,48.886754],[2.347891,48.886416],[2.349345,48.887124]]],[[[2.347307,48.887318],[2.34735,48.887242],[2.347395,48.887162],[2.347445,48.887074],[2.347478,48.887013],[2.347503,48.886969],[2.347506,48.886963],[2.347492,48.886946],[2.347268,48.887035],[2.347264,48.887041],[2.347265,48.887041],[2.347225,48.887132],[2.34725,48.887136],[2.347198,48.887225],[2.347193,48.887225],[2.347162,48.887311],[2.347156,48.887311],[2.347212,48.887421],[2.347235,48.887422],[2.347246,48.887425],[2.347307,48.887318]]],[[[2.347074,48.887462],[2.346996,48.88746],[2.346995,48.887484],[2.346995,48.887496],[2.346969,48.887507],[2.346959,48.887541],[2.346945,48.88759],[2.34695,48.88759],[2.346927,48.887658],[2.346928,48.887658],[2.346899,48.887745],[2.346903,48.887745],[2.346922,48.887843],[2.346935,48.887845],[2.34698,48.887828],[2.347028,48.887809],[2.347054,48.887764],[2.347104,48.887676],[2.347153,48.887589],[2.347209,48.887489],[2.34712,48.887468],[2.347074,48.887462]]],[[[2.346957,48.887932],[2.34694,48.88791],[2.346641,48.888049],[2.346691,48.888055],[2.346687,48.888066],[2.346775,48.888181],[2.346787,48.888183],[2.346823,48.888171],[2.346876,48.888077],[2.346957,48.887932]]],[[[2.351235,48.888228],[2.350182,48.888025],[2.349779,48.887582],[2.349816,48.888293],[2.351235,48.888228]]],[[[2.349311,48.887563],[2.348302,48.88834],[2.349381,48.888287],[2.349311,48.887563]]],[[[2.347647,48.887141],[2.34681,48.888633],[2.347895,48.888333],[2.347647,48.887141]]],[[[2.345401,48.888083],[2.345669,48.888676],[2.34595,48.888177],[2.345401,48.888083]]],[[[2.346552,48.888651],[2.346738,48.888266],[2.346169,48.888188],[2.345813,48.888675],[2.346552,48.888651]]]],"type":"MultiPolygon"},"properties":{"id_projet":"MATERNELLES (année scolaire 2024/2025)","libelle":"CHRISTIANI (8) MAT","annee_scol":"2024-2025","zone_commune":0,"etiquette":"Secteur de l'école 8 RUE CHRISTIANI","lib_etab_1":"CHRISTIANI (8) MAT","lib_etab_2":null,"lib_etab_3":null,"lib_etab_4":null,"adr_etab_1":"8 RUE CHRISTIANI","adr_etab_2":null,"adr_etab_3":null,"adr_etab_4":null,"type_etabl":"Maternelle","geo_point_2d":{"lon":2.3480627252351267,"lat":48.887103605356096},"st_area_shape":46736.63815693137,"st_perimeter_shape":3595.3142505126716}},{"type":"Feature","geometry":{"coordinates":[[[[2.33713,48.891226],[2.33776,48.891313],[2.337352,48.890531],[2.3366,48.890293],[2.335686,48.890422],[2.335718,48.890895],[2.335497,48.89045],[2.334454,48.890596],[2.33529,48.891452],[2.33713,48.891226]]],[[[2.340153,48.889825],[2.338876,48.890003],[2.339054,48.890194],[2.340153,48.889825]]],[[[2.337781,48.890021],[2.338503,48.889831],[2.336586,48.890012],[2.335807,48.889617],[2.335877,48.890284],[2.337781,48.890021]]],[[[2.33571,48.890287],[2.335671,48.889611],[2.33544,48.890054],[2.334683,48.890175],[2.333507,48.888301],[2.333653,48.888042],[2.33315,48.888466],[2.334357,48.890474],[2.33571,48.890287]]],[[[2.334168,48.890496],[2.333462,48.88944],[2.333283,48.890486],[2.334168,48.890496]],[[2.333615,48.890242],[2.333746,48.890207],[2.333841,48.890367],[2.333886,48.890362],[2.333883,48.890364],[2.333897,48.890409],[2.333821,48.890419],[2.333808,48.890421],[2.33378,48.890425],[2.333766,48.890427],[2.333764,48.890427],[2.333744,48.89043],[2.333634,48.890269],[2.333615,48.890242]]],[[[2.341293,48.890353],[2.341525,48.890363],[2.341365,48.889821],[2.340291,48.88981],[2.340562,48.890728],[2.341293,48.890353]]],[[[2.334228,48.890626],[2.333458,48.890733],[2.333737,48.890898],[2.334228,48.890626]]],[[[2.338713,48.890011],[2.336926,48.890275],[2.339468,48.891086],[2.338713,48.890011]]],[[[2.34025,48.890136],[2.339122,48.890315],[2.339702,48.891105],[2.340437,48.890774],[2.34025,48.890136]]],[[[2.342364,48.891171],[2.342889,48.890507],[2.342177,48.890608],[2.342364,48.891171]]],[[[2.340485,48.890939],[2.339983,48.891146],[2.340527,48.891206],[2.340485,48.890939]]],[[[2.341841,48.891216],[2.342118,48.891193],[2.342016,48.890626],[2.341453,48.89058],[2.341841,48.891216]]],[[[2.341061,48.891175],[2.341471,48.891129],[2.341299,48.890609],[2.340605,48.890881],[2.340727,48.891226],[2.341061,48.891175]]],[[[2.337951,48.891176],[2.339295,48.891151],[2.337521,48.890585],[2.337951,48.891176]]],[[[2.34158,48.891639],[2.341859,48.891328],[2.339838,48.891259],[2.34158,48.891639]]]],"type":"MultiPolygon"},"properties":{"id_projet":"MATERNELLES (année scolaire 2025/2026)","libelle":"LAMARCK (4) MAT","annee_scol":"2025-2026","zone_commune":0,"etiquette":"Secteur de l'école 4 SQUARE LAMARCK","lib_etab_1":"LAMARCK (4) MAT","lib_etab_2":null,"lib_etab_3":null,"lib_etab_4":null,"adr_etab_1":"4 SQUARE LAMARCK","adr_etab_2":null,"adr_etab_3":null,"adr_etab_4":null,"type_etabl":"Maternelle","geo_point_2d":{"lon":2.3376111463791833,"lat":48.89046264852516},"st_area_shape":80600.56441519427,"st_perimeter_shape":5526.447860745319}},{"type":"Feature","geometry":{"coordinates":[[[[2.351467,48.88985],[2.351469,48.888355],[2.351181,48.888944],[2.350488,48.888865],[2.350697,48.88961],[2.349825,48.889535],[2.351348,48.890337],[2.351467,48.88985]]],[[[2.351777,48.889015],[2.352108,48.888612],[2.351653,48.888416],[2.351777,48.889015]]],[[[2.353289,48.889708],[2.353422,48.889016],[2.351717,48.889124],[2.351633,48.889703],[2.353289,48.889708]]],[[[2.353269,48.890041],[2.353284,48.889783],[2.351623,48.889774],[2.351824,48.890056],[2.351533,48.890396],[2.353253,48.890316],[2.353269,48.890041]]],[[[2.349401,48.890419],[2.349375,48.889846],[2.348666,48.890383],[2.349401,48.890419]]],[[[2.350134,48.889814],[2.349802,48.889668],[2.349837,48.890466],[2.351283,48.890439],[2.350134,48.889814]]],[[[2.353156,48.890785],[2.353176,48.890427],[2.351558,48.890536],[2.351716,48.891076],[2.353156,48.890785]]],[[[2.35147,48.890739],[2.351405,48.890529],[2.349842,48.890574],[2.34982,48.891365],[2.351501,48.891115],[2.35147,48.890739]]],[[[2.349412,48.89147],[2.349402,48.890567],[2.348578,48.890511],[2.349012,48.890656],[2.349087,48.891386],[2.349412,48.89147]]],[[[2.35155,48.891311],[2.351514,48.891298],[2.351319,48.891334],[2.351124,48.89137],[2.350927,48.891407],[2.35073,48.891443],[2.350533,48.891479],[2.350267,48.891528],[2.350138,48.891552],[2.350103,48.891558],[2.350053,48.891568],[2.35005,48.891568],[2.349955,48.891586],[2.34992,48.891625],[2.349959,48.891717],[2.350018,48.89174],[2.350114,48.891722],[2.350202,48.891706],[2.350332,48.891682],[2.350597,48.891633],[2.350801,48.891595],[2.350991,48.891561],[2.351188,48.891524],[2.351386,48.891488],[2.351482,48.89147],[2.351592,48.89145],[2.35161,48.891426],[2.351574,48.891357],[2.35155,48.891311]]],[[[2.351555,48.892154],[2.351269,48.891716],[2.351646,48.891552],[2.349957,48.89188],[2.350564,48.892123],[2.351032,48.892784],[2.351821,48.89256],[2.351555,48.892154]]]],"type":"MultiPolygon"},"properties":{"id_projet":"MATERNELLES (année scolaire 2025/2026)","libelle":"MARCADET (29) MAT","annee_scol":"2025-2026","zone_commune":0,"etiquette":"Secteur de l'école 29 RUE MARCADET","lib_etab_1":"MARCADET (29) MAT","lib_etab_2":null,"lib_etab_3":null,"lib_etab_4":null,"adr_etab_1":"29 RUE MARCADET","adr_etab_2":null,"adr_etab_3":null,"adr_etab_4":null,"type_etabl":"Maternelle","geo_point_2d":{"lon":2.3512481843067823,"lat":48.89043480853913},"st_area_shape":63364.84277384983,"st_perimeter_shape":4128.774106652769}},{"type":"Feature","geometry":{"coordinates":[[[[2.347853,48.884831],[2.348712,48.884618],[2.348209,48.883771],[2.347115,48.883636],[2.347352,48.884966],[2.347853,48.884831]]],[[[2.351019,48.885063],[2.352157,48.8849],[2.352342,48.884265],[2.350829,48.884046],[2.351019,48.885063]]],[[[2.350379,48.885621],[2.351532,48.885892],[2.352504,48.88509],[2.349744,48.885288],[2.350379,48.885621]],[[2.351354,48.885581],[2.351359,48.885575],[2.351364,48.88557],[2.35137,48.885566],[2.35136,48.885499],[2.35135,48.885426],[2.351339,48.885357],[2.351328,48.885286],[2.351324,48.88526],[2.35132,48.885237],[2.351315,48.885221],[2.351357,48.885216],[2.351391,48.885443],[2.351393,48.885461],[2.351409,48.885566],[2.351417,48.885569],[2.351423,48.885573],[2.351429,48.885577],[2.351435,48.885581],[2.351439,48.885586],[2.351442,48.885591],[2.351444,48.885597],[2.351444,48.885599],[2.351444,48.885602],[2.351444,48.885608],[2.351442,48.885613],[2.35144,48.885619],[2.351436,48.885624],[2.351431,48.885628],[2.351426,48.885633],[2.351419,48.885636],[2.35143,48.885707],[2.35144,48.885778],[2.351449,48.885839],[2.351455,48.885882],[2.351419,48.885884],[2.351413,48.885843],[2.351403,48.88578],[2.35139,48.885706],[2.35138,48.885637],[2.351373,48.885633],[2.351366,48.885629],[2.351361,48.885624],[2.351356,48.885619],[2.351353,48.885613],[2.35135,48.885607],[2.351349,48.885603],[2.351349,48.885598],[2.35135,48.885592],[2.351351,48.885586],[2.351354,48.885581]]],[[[2.350505,48.885098],[2.350745,48.884018],[2.34968,48.883959],[2.349716,48.885179],[2.350505,48.885098]]],[[[2.349304,48.88547],[2.349214,48.884621],[2.347374,48.885075],[2.349304,48.88547]]],[[[2.352322,48.884847],[2.353732,48.884573],[2.352505,48.88429],[2.352322,48.884847]]],[[[2.352331,48.884956],[2.354167,48.884945],[2.354178,48.884741],[2.352331,48.884956]]],[[[2.352742,48.884163],[2.354045,48.884518],[2.354048,48.884254],[2.352742,48.884163]]],[[[2.348523,48.883807],[2.348404,48.883793],[2.348381,48.883812],[2.34843,48.883897],[2.348462,48.883951],[2.348585,48.883966],[2.348697,48.883979],[2.348803,48.883992],[2.348912,48.884005],[2.349019,48.884018],[2.349243,48.884045],[2.349272,48.884028],[2.349272,48.883951],[2.349272,48.883944],[2.349272,48.88394],[2.349271,48.883937],[2.349268,48.88393],[2.349264,48.883924],[2.349262,48.883921],[2.349256,48.883915],[2.349249,48.883908],[2.349241,48.883903],[2.349235,48.8839],[2.349226,48.883896],[2.349216,48.883893],[2.349205,48.883891],[2.349191,48.883889],[2.349188,48.883889],[2.34906,48.883873],[2.348953,48.88386],[2.348849,48.883847],[2.348739,48.883834],[2.348628,48.88382],[2.348523,48.883807]]],[[[2.347012,48.88426],[2.346916,48.883894],[2.346734,48.88418],[2.347054,48.884562],[2.347012,48.88426]]],[[[2.348879,48.88411],[2.348579,48.884098],[2.348755,48.88434],[2.349245,48.884212],[2.348879,48.88411]]],[[[2.354124,48.884523],[2.355102,48.884331],[2.354167,48.884264],[2.354124,48.884523]]],[[[2.349282,48.884344],[2.349247,48.884328],[2.349113,48.884363],[2.348999,48.884393],[2.348907,48.884416],[2.348757,48.884455],[2.348836,48.884586],[2.349005,48.884543],[2.349075,48.884525],[2.349189,48.884496],[2.349263,48.884477],[2.349286,48.884455],[2.349282,48.884344]]],[[[2.350388,48.885664],[2.350323,48.885672],[2.350197,48.885687],[2.350163,48.88569],[2.350185,48.885758],[2.350218,48.885754],[2.350345,48.885739],[2.35037,48.885736],[2.35041,48.885731],[2.350396,48.885687],[2.350388,48.885664]]],[[[2.346885,48.883627],[2.346885,48.883626],[2.346795,48.883662],[2.346821,48.883759],[2.346915,48.88378],[2.346885,48.883627]]]],"type":"MultiPolygon"},"properties":{"id_projet":"MATERNELLES (année scolaire 2026/2027)","libelle":"GOUTTE D'OR (57) POLY","annee_scol":"2026-2027","zone_commune":0,"etiquette":"Secteur de l'école 57 GOUTTE D'OR (57) POLY","lib_etab_1":"GOUTTE D'OR (57) POLY","lib_etab_2":null,"lib_etab_3":null,"lib_etab_4":null,"adr_etab_1":"57 GOUTTE D'OR (57) POLY","adr_etab_2":null,"adr_etab_3":null,"adr_etab_4":null,"type_etabl":"Maternelle","geo_point_2d":{"lon":2.3502958494826958,"lat":48.88468245970268},"st_area_shape":60679.76967479494,"st_perimeter_shape":4130.227111787172}},{"type":"Feature","geometry":{"coordinates":[[[[2.347711,48.886462],[2.348071,48.888204],[2.349274,48.887243],[2.347711,48.886462]]],[[[2.346957,48.887932],[2.34694,48.88791],[2.346641,48.888049],[2.346691,48.888055],[2.346687,48.888066],[2.346775,48.888181],[2.346787,48.888183],[2.346823,48.888171],[2.346876,48.888077],[2.346957,48.887932]]],[[[2.347074,48.887462],[2.346996,48.88746],[2.346995,48.887484],[2.346995,48.887496],[2.346969,48.887507],[2.346959,48.887541],[2.346945,48.88759],[2.34695,48.88759],[2.346927,48.887658],[2.346928,48.887658],[2.346899,48.887745],[2.346903,48.887745],[2.346922,48.887843],[2.346935,48.887845],[2.34698,48.887828],[2.347028,48.887809],[2.347054,48.887764],[2.347104,48.887676],[2.347153,48.887589],[2.347209,48.887489],[2.34712,48.887468],[2.347074,48.887462]]],[[[2.347307,48.887318],[2.34735,48.887242],[2.347395,48.887162],[2.347445,48.887074],[2.347478,48.887013],[2.347503,48.886969],[2.347506,48.886963],[2.347492,48.886946],[2.347268,48.887035],[2.347264,48.887041],[2.347265,48.887041],[2.347225,48.887132],[2.34725,48.887136],[2.347198,48.887225],[2.347193,48.887225],[2.347162,48.887311],[2.347156,48.887311],[2.347212,48.887421],[2.347235,48.887422],[2.347246,48.887425],[2.347307,48.887318]]],[[[2.349345,48.887124],[2.349075,48.886754],[2.347891,48.886416],[2.349345,48.887124]]],[[[2.345401,48.888083],[2.345669,48.888676],[2.34595,48.888177],[2.345401,48.888083]]],[[[2.346552,48.888651],[2.346738,48.888266],[2.346169,48.888188],[2.345813,48.888675],[2.346552,48.888651]]],[[[2.351235,48.888228],[2.350182,48.888025],[2.349779,48.887582],[2.349816,48.888293],[2.351235,48.888228]]],[[[2.347547,48.886824],[2.347321,48.885752],[2.346742,48.885941],[2.347171,48.886734],[2.347547,48.886824]]],[[[2.349326,48.88646],[2.348963,48.885993],[2.349283,48.885699],[2.347984,48.886275],[2.349326,48.88646]]],[[[2.349311,48.887563],[2.348302,48.88834],[2.349381,48.888287],[2.349311,48.887563]]],[[[2.347647,48.887141],[2.34681,48.888633],[2.347895,48.888333],[2.347647,48.887141]]],[[[2.347682,48.88618],[2.34931,48.885548],[2.347382,48.885113],[2.347682,48.88618]]]],"type":"MultiPolygon"},"properties":{"id_projet":"MATERNELLES (année scolaire 2026/2027)","libelle":"CHRISTIANI (8) MAT","annee_scol":"2026-2027","zone_commune":0,"etiquette":"Secteur de l'école 8 CHRISTIANI (8) MAT","lib_etab_1":"CHRISTIANI (8) MAT","lib_etab_2":null,"lib_etab_3":null,"lib_etab_4":null,"adr_etab_1":"8 CHRISTIANI (8) MAT","adr_etab_2":null,"adr_etab_3":null,"adr_etab_4":null,"type_etabl":"Maternelle","geo_point_2d":{"lon":2.3480627252351227,"lat":48.887103605356074},"st_area_shape":46736.63815693137,"st_perimeter_shape":3595.314250512671}},{"type":"Feature","geometry":{"coordinates":[[[[2.36409,48.887512],[2.364407,48.88743],[2.364749,48.888003],[2.365658,48.887767],[2.366764,48.889728],[2.367965,48.889624],[2.366675,48.886643],[2.365755,48.885614],[2.361336,48.886849],[2.363132,48.889832],[2.364132,48.88985],[2.363124,48.888039],[2.364233,48.887752],[2.36409,48.887512]]],[[[2.362399,48.889835],[2.362966,48.889849],[2.361049,48.886824],[2.360317,48.890096],[2.362399,48.889835]],[[2.361057,48.888376],[2.361058,48.888343],[2.361207,48.888343],[2.361247,48.888343],[2.361515,48.888342],[2.361717,48.888341],[2.36192,48.88834],[2.361922,48.888373],[2.361754,48.888374],[2.361697,48.888374],[2.361692,48.888378],[2.361632,48.888379],[2.361629,48.888374],[2.361557,48.888375],[2.361372,48.888375],[2.361191,48.888376],[2.361103,48.888376],[2.361057,48.888376]]],[[[2.363248,48.886136],[2.364903,48.885716],[2.364414,48.885238],[2.362304,48.885325],[2.362157,48.884772],[2.361494,48.884608],[2.361212,48.886026],[2.363248,48.886136]]],[[[2.361336,48.886161],[2.361222,48.886655],[2.362727,48.886271],[2.361336,48.886161]]],[[[2.365522,48.885372],[2.364804,48.884588],[2.364573,48.8848],[2.365187,48.885498],[2.364995,48.885693],[2.365665,48.885523],[2.365522,48.885372]]]],"type":"MultiPolygon"},"properties":{"id_projet":"MATERNELLES (année scolaire 2020/2021)","libelle":"DEPARTEMENT (51) MAT","annee_scol":"2020-2021","zone_commune":0,"etiquette":"Secteur de l'école 51 RUE DU DEPARTEMENT","lib_etab_1":"DEPARTEMENT (51) MAT","lib_etab_2":null,"lib_etab_3":null,"lib_etab_4":null,"adr_etab_1":"51 RUE DU DEPARTEMENT","adr_etab_2":null,"adr_etab_3":null,"adr_etab_4":null,"type_etabl":null,"geo_point_2d":{"lon":2.3636766727814953,"lat":48.88748626724901},"st_area_shape":172068.3999738689,"st_perimeter_shape":4665.956826419884}},{"type":"Feature","geometry":{"coordinates":[[[[2.3278,48.887716],[2.326908,48.887522],[2.325949,48.888017],[2.326405,48.889451],[2.32776,48.888805],[2.327392,48.8883],[2.3278,48.887716]]],[[[2.332008,48.888963],[2.331184,48.890761],[2.333164,48.890653],[2.332008,48.888963]]],[[[2.331655,48.888926],[2.32946,48.890076],[2.331034,48.890697],[2.331655,48.888926]]],[[[2.327868,48.888888],[2.326464,48.889562],[2.326686,48.890293],[2.328324,48.88944],[2.327868,48.888888]]],[[[2.326234,48.886698],[2.325749,48.887489],[2.325918,48.887907],[2.326849,48.887433],[2.326815,48.886997],[2.326234,48.886698]]],[[[2.333286,48.890783],[2.331722,48.891032],[2.333347,48.891718],[2.333286,48.890783]]],[[[2.326621,48.886035],[2.32617,48.886576],[2.327128,48.887107],[2.327687,48.88676],[2.326621,48.886035]]],[[[2.328132,48.887637],[2.328474,48.887252],[2.327823,48.886824],[2.327149,48.887247],[2.327196,48.887546],[2.328132,48.887637]]],[[[2.333164,48.891766],[2.331143,48.891063],[2.332201,48.891735],[2.333164,48.891766]]],[[[2.334352,48.891379],[2.334047,48.890828],[2.333444,48.890745],[2.333577,48.891766],[2.333792,48.891411],[2.334352,48.891379]]],[[[2.329383,48.89017],[2.329756,48.890712],[2.330935,48.890828],[2.329383,48.89017]]],[[[2.327757,48.889982],[2.327889,48.889888],[2.327912,48.889906],[2.328064,48.889791],[2.328073,48.889798],[2.328212,48.88973],[2.328211,48.889729],[2.328208,48.889727],[2.328207,48.889726],[2.328337,48.889663],[2.328336,48.889662],[2.328312,48.889642],[2.328531,48.889661],[2.328397,48.889515],[2.328253,48.889593],[2.328125,48.889662],[2.327993,48.889733],[2.327814,48.889829],[2.327665,48.88991],[2.32753,48.889982],[2.327466,48.890017],[2.327338,48.890086],[2.327213,48.890154],[2.327084,48.890223],[2.326959,48.89029],[2.326774,48.89039],[2.326917,48.890458],[2.32697,48.89043],[2.327066,48.890379],[2.32719,48.890313],[2.327309,48.890251],[2.327323,48.890244],[2.327337,48.890237],[2.327418,48.890195],[2.327443,48.890182],[2.327453,48.890177],[2.327546,48.890128],[2.327583,48.890109],[2.327634,48.890082],[2.327646,48.890075],[2.327748,48.890021],[2.327782,48.890002],[2.327757,48.889982]]],[[[2.329115,48.89005],[2.32855,48.88975],[2.328537,48.89003],[2.329115,48.89005]]],[[[2.332262,48.888648],[2.331926,48.888593],[2.332223,48.889011],[2.332262,48.888648]]],[[[2.332948,48.889699],[2.332626,48.889572],[2.333017,48.890076],[2.332948,48.889699]]],[[[2.332648,48.889206],[2.332327,48.889158],[2.332554,48.889446],[2.332648,48.889206]]],[[[2.327007,48.887155],[2.326941,48.887114],[2.326867,48.887129],[2.326865,48.887133],[2.32684,48.887207],[2.326861,48.887251],[2.326934,48.887402],[2.327023,48.887399],[2.327012,48.887236],[2.327007,48.887155]]],[[[2.333467,48.890418],[2.333444,48.89038],[2.333245,48.890425],[2.333262,48.890455],[2.333283,48.890486],[2.333299,48.890508],[2.333371,48.890609],[2.33338,48.890612],[2.333481,48.890466],[2.333489,48.890465],[2.333495,48.890464],[2.333479,48.890438],[2.333467,48.890418]]]],"type":"MultiPolygon"},"properties":{"id_projet":"MATERNELLES (année scolaire 2022/2023)","libelle":"CARPEAUX (5-7) MAT","annee_scol":"2022-2023","zone_commune":0,"etiquette":"Secteur de l'école 5 RUE CARPEAUX","lib_etab_1":"CARPEAUX (5-7) MAT","lib_etab_2":null,"lib_etab_3":null,"lib_etab_4":null,"adr_etab_1":"5 RUE CARPEAUX","adr_etab_2":null,"adr_etab_3":null,"adr_etab_4":null,"type_etabl":"Maternelle","geo_point_2d":{"lon":2.3294276740234037,"lat":48.88928949662404},"st_area_shape":102665.81445586098,"st_perimeter_shape":5608.343341512909}},{"type":"Feature","geometry":{"coordinates":[[[[2.333883,48.899307],[2.333897,48.899028],[2.330915,48.898968],[2.330902,48.899246],[2.329986,48.899312],[2.330287,48.900143],[2.334579,48.900232],[2.334623,48.899324],[2.333883,48.899307]]],[[[2.339907,48.900575],[2.33992,48.89944],[2.336539,48.899362],[2.335789,48.900491],[2.339907,48.900575]]],[[[2.343236,48.900705],[2.343292,48.899504],[2.340215,48.899457],[2.340212,48.900613],[2.343236,48.900705]]],[[[2.346117,48.900782],[2.34753,48.900772],[2.34759,48.89959],[2.345625,48.89955],[2.345578,48.900569],[2.344531,48.900689],[2.346117,48.900782]]],[[[2.335248,48.898175],[2.33451,48.89905],[2.336076,48.899082],[2.335248,48.898175]]],[[[2.338103,48.897996],[2.337489,48.898028],[2.336609,48.899017],[2.337405,48.899064],[2.338103,48.897996]]],[[[2.334931,48.899329],[2.33479,48.900411],[2.335238,48.90042],[2.335802,48.899418],[2.334931,48.899329]]],[[[2.345432,48.900443],[2.345472,48.899563],[2.344585,48.899549],[2.344577,48.900434],[2.345432,48.900443]]],[[[2.338414,48.898341],[2.337732,48.899117],[2.338964,48.899063],[2.338414,48.898341]]],[[[2.341141,48.897685],[2.338469,48.89727],[2.338498,48.897501],[2.337733,48.897615],[2.341141,48.897685]]],[[[2.335814,48.898087],[2.336385,48.898734],[2.336573,48.898174],[2.335814,48.898087]]]],"type":"MultiPolygon"},"properties":{"id_projet":"MATERNELLES (année scolaire 2021/2022)","libelle":"FRANCOISE DORLEAC (2) MAT","annee_scol":"2021-2022","zone_commune":0,"etiquette":"Secteur de l'école 60 RUE RENE BINET","lib_etab_1":"FRANCOISE DORLEAC (2) MAT","lib_etab_2":null,"lib_etab_3":null,"lib_etab_4":null,"adr_etab_1":"60 RUE RENE BINET","adr_etab_2":null,"adr_etab_3":null,"adr_etab_4":null,"type_etabl":"Maternelle","geo_point_2d":{"lon":2.3383773549519646,"lat":48.89970061408831},"st_area_shape":168018.87030652727,"st_perimeter_shape":5699.336927864808}},{"type":"Feature","geometry":{"coordinates":[[[[2.359071,48.893595],[2.358442,48.893461],[2.358511,48.89268],[2.358041,48.892671],[2.358026,48.892953],[2.356549,48.892904],[2.35645,48.894148],[2.359158,48.894201],[2.359071,48.893595]]],[[[2.36436,48.893536],[2.365644,48.892892],[2.366117,48.892305],[2.366184,48.891566],[2.365527,48.891614],[2.36547,48.892255],[2.363823,48.893091],[2.36436,48.893536]]],[[[2.365091,48.892312],[2.365396,48.891792],[2.364743,48.89218],[2.363649,48.892266],[2.363446,48.892011],[2.363726,48.893005],[2.365091,48.892312]]],[[[2.363339,48.892456],[2.36324,48.892057],[2.362013,48.89216],[2.363333,48.892991],[2.363339,48.892456]]],[[[2.36046,48.895327],[2.361714,48.894186],[2.360056,48.895003],[2.36046,48.895327]]],[[[2.363215,48.893069],[2.361867,48.892412],[2.362456,48.892966],[2.363215,48.893069]]],[[[2.362581,48.893892],[2.362903,48.893559],[2.361825,48.894106],[2.362707,48.894219],[2.362581,48.893892]]],[[[2.363608,48.893483],[2.363016,48.893505],[2.363175,48.893915],[2.363714,48.893846],[2.363608,48.893483]]],[[[2.361661,48.894041],[2.360582,48.894142],[2.360571,48.894602],[2.361661,48.894041]]],[[[2.360155,48.895832],[2.360765,48.895556],[2.360156,48.89541],[2.359772,48.895767],[2.360155,48.895832]]],[[[2.363103,48.893306],[2.361951,48.893628],[2.361783,48.893972],[2.363103,48.893306]]],[[[2.360273,48.89476],[2.3605,48.894644],[2.360266,48.894675],[2.359996,48.894687],[2.359936,48.894916],[2.359962,48.894918],[2.360273,48.89476]]],[[[2.359888,48.895892],[2.359891,48.895858],[2.359918,48.895859],[2.359919,48.895836],[2.359892,48.895835],[2.359892,48.895824],[2.359846,48.895823],[2.359848,48.8958],[2.359824,48.8958],[2.359825,48.895791],[2.359754,48.895789],[2.359746,48.895888],[2.359888,48.895892]]]],"type":"MultiPolygon"},"properties":{"id_projet":"MATERNELLES (année scolaire 2022/2023)","libelle":"CUGNOT (30) POLY","annee_scol":"2022-2023","zone_commune":0,"etiquette":"Secteur de l'école 30 RUE CUGNOT","lib_etab_1":"CUGNOT (30) POLY","lib_etab_2":null,"lib_etab_3":null,"lib_etab_4":null,"adr_etab_1":"30 RUE CUGNOT","adr_etab_2":null,"adr_etab_3":null,"adr_etab_4":null,"type_etabl":"Maternelle","geo_point_2d":{"lon":2.3612411944544993,"lat":48.893308144032254},"st_area_shape":65038.67774611482,"st_perimeter_shape":4260.74440475314}},{"type":"Feature","geometry":{"coordinates":[[[[2.332202,48.886581],[2.332488,48.886442],[2.331841,48.885908],[2.332202,48.885677],[2.331931,48.885331],[2.333255,48.884521],[2.332688,48.883995],[2.331881,48.884183],[2.332294,48.884835],[2.331848,48.884191],[2.330731,48.884451],[2.331221,48.885342],[2.330785,48.885435],[2.332202,48.886581]]],[[[2.329266,48.88519],[2.329324,48.884753],[2.327899,48.883849],[2.327419,48.88389],[2.327113,48.884549],[2.327836,48.884918],[2.328425,48.884576],[2.327858,48.885015],[2.327092,48.884594],[2.326928,48.884942],[2.328815,48.885732],[2.329266,48.88519]]],[[[2.327931,48.886447],[2.32875,48.885767],[2.326903,48.884997],[2.326512,48.885837],[2.327697,48.886615],[2.327931,48.886447]]],[[[2.330689,48.885499],[2.329489,48.884874],[2.329253,48.885614],[2.328291,48.886331],[2.328927,48.886817],[2.329362,48.88652],[2.328992,48.886222],[2.330689,48.885499]]],[[[2.328458,48.886591],[2.328176,48.886413],[2.327855,48.886719],[2.328445,48.887072],[2.328821,48.886873],[2.328458,48.886591]]],[[[2.330512,48.884677],[2.329913,48.884745],[2.330832,48.885272],[2.330512,48.884677]]],[[[2.328563,48.883507],[2.328445,48.883487],[2.328419,48.883544],[2.328348,48.883606],[2.328384,48.88363],[2.328563,48.883507]]]],"type":"MultiPolygon"},"properties":{"id_projet":"MATERNELLES (année scolaire 2022/2023)","libelle":"FOREST (14) POLY","annee_scol":"2022-2023","zone_commune":0,"etiquette":"Secteur de l'école 14 RUE FOREST","lib_etab_1":"FOREST (14) POLY","lib_etab_2":null,"lib_etab_3":null,"lib_etab_4":null,"adr_etab_1":"14 RUE FOREST","adr_etab_2":null,"adr_etab_3":null,"adr_etab_4":null,"type_etabl":"Maternelle","geo_point_2d":{"lon":2.329430530483117,"lat":48.88528913409388},"st_area_shape":77351.0335198431,"st_perimeter_shape":3554.328644280314}},{"type":"Feature","geometry":{"coordinates":[[[[2.337882,48.893009],[2.337707,48.892715],[2.337912,48.893004],[2.339412,48.892741],[2.339229,48.892251],[2.339436,48.892737],[2.339962,48.892645],[2.339566,48.891258],[2.339292,48.891929],[2.337271,48.892358],[2.337882,48.893009]]],[[[2.345812,48.889921],[2.345183,48.889806],[2.346012,48.889533],[2.344788,48.889385],[2.344152,48.890122],[2.345812,48.889921]]],[[[2.345382,48.890577],[2.345655,48.890163],[2.344168,48.890255],[2.344239,48.890536],[2.34462,48.890494],[2.344262,48.890625],[2.34439,48.891009],[2.345382,48.890577]]],[[[2.344007,48.890264],[2.343447,48.890321],[2.343756,48.891126],[2.344197,48.891025],[2.344007,48.890264]]],[[[2.343349,48.89117],[2.343379,48.890538],[2.342897,48.890506],[2.342331,48.891204],[2.343349,48.89117]]],[[[2.345142,48.890935],[2.344438,48.891131],[2.344648,48.891584],[2.345142,48.890935]]],[[[2.343991,48.891749],[2.34448,48.891591],[2.344254,48.891165],[2.343748,48.891259],[2.343991,48.891749]]],[[[2.343587,48.891459],[2.342791,48.891318],[2.343114,48.891997],[2.3438,48.89181],[2.343587,48.891459]]],[[[2.342621,48.891319],[2.342061,48.891342],[2.342456,48.892181],[2.342928,48.892029],[2.342621,48.891319]]],[[[2.342032,48.891668],[2.341895,48.891352],[2.340952,48.891634],[2.339831,48.891266],[2.341453,48.892411],[2.34225,48.892239],[2.342032,48.891668]]],[[[2.343478,48.892209],[2.343137,48.892126],[2.343326,48.89256],[2.343478,48.892209]]],[[[2.340511,48.891901],[2.339784,48.891425],[2.340143,48.892598],[2.341211,48.892491],[2.340511,48.891901]]],[[[2.342987,48.892171],[2.342498,48.892286],[2.34263,48.892656],[2.343165,48.892581],[2.342987,48.892171]]],[[[2.34233,48.892355],[2.341665,48.892559],[2.342447,48.892701],[2.34233,48.892355]]],[[[2.341472,48.892582],[2.340188,48.892741],[2.340294,48.892996],[2.34173,48.892799],[2.341472,48.892582]]],[[[2.340029,48.892766],[2.337953,48.893133],[2.340079,48.893028],[2.340029,48.892766]]],[[[2.342004,48.892959],[2.340327,48.893195],[2.340779,48.89467],[2.342553,48.893377],[2.342004,48.892959]]],[[[2.342735,48.893476],[2.341584,48.894236],[2.341878,48.894865],[2.343113,48.894818],[2.342666,48.894716],[2.342735,48.893476]]],[[[2.341434,48.895324],[2.341823,48.895174],[2.341289,48.894491],[2.34088,48.894843],[2.341434,48.895324]]]],"type":"MultiPolygon"},"properties":{"id_projet":"MATERNELLES (année scolaire 2024/2025)","libelle":"RUISSEAU (6) MAT","annee_scol":"2024-2025","zone_commune":0,"etiquette":"Secteur de l'école 6 RUE DU RUISSEAU","lib_etab_1":"RUISSEAU (6) MAT","lib_etab_2":null,"lib_etab_3":null,"lib_etab_4":null,"adr_etab_1":"6 RUE DU RUISSEAU","adr_etab_2":null,"adr_etab_3":null,"adr_etab_4":null,"type_etabl":"Maternelle","geo_point_2d":{"lon":2.3417374074015966,"lat":48.8923156929414},"st_area_shape":105414.49293450407,"st_perimeter_shape":6434.485607104481}},{"type":"Feature","geometry":{"coordinates":[[[[2.332202,48.886581],[2.332488,48.886442],[2.331841,48.885908],[2.332202,48.885677],[2.331931,48.885331],[2.33271,48.885001],[2.332732,48.884001],[2.331881,48.884183],[2.332294,48.884835],[2.331848,48.884191],[2.330731,48.884451],[2.331221,48.885342],[2.330785,48.885435],[2.332202,48.886581]]],[[[2.330512,48.884677],[2.329913,48.884745],[2.330832,48.885272],[2.330512,48.884677]]],[[[2.329266,48.88519],[2.329324,48.884753],[2.327899,48.883849],[2.327419,48.88389],[2.327113,48.884549],[2.327836,48.884918],[2.328425,48.884576],[2.327858,48.885015],[2.327092,48.884594],[2.326928,48.884942],[2.328815,48.885732],[2.329266,48.88519]]],[[[2.327931,48.886447],[2.32875,48.885767],[2.326903,48.884997],[2.326512,48.885837],[2.327697,48.886615],[2.327931,48.886447]]],[[[2.330689,48.885499],[2.329489,48.884874],[2.329253,48.885614],[2.328291,48.886331],[2.328927,48.886817],[2.329362,48.88652],[2.328992,48.886222],[2.330689,48.885499]]],[[[2.328458,48.886591],[2.328176,48.886413],[2.327855,48.886719],[2.328445,48.887072],[2.328821,48.886873],[2.328458,48.886591]]],[[[2.326621,48.886035],[2.32617,48.886576],[2.327128,48.887107],[2.327687,48.88676],[2.326621,48.886035]]],[[[2.327895,48.886871],[2.327152,48.887292],[2.328481,48.887309],[2.327895,48.886871]]]],"type":"MultiPolygon"},"properties":{"id_projet":"MATERNELLES (année scolaire 2024/2025)","libelle":"FOREST (14) POLY","annee_scol":"2024-2025","zone_commune":0,"etiquette":"Secteur de l'école 14 RUE FOREST","lib_etab_1":"FOREST (14) POLY","lib_etab_2":null,"lib_etab_3":null,"lib_etab_4":null,"adr_etab_1":"14 RUE FOREST","adr_etab_2":null,"adr_etab_3":null,"adr_etab_4":null,"type_etabl":"Maternelle","geo_point_2d":{"lon":2.329122568325371,"lat":48.8854801934954},"st_area_shape":86526.03363478252,"st_perimeter_shape":4058.1383328309553}},{"type":"Feature","geometry":{"coordinates":[[[[2.351264,48.899356],[2.352197,48.89852],[2.344584,48.898185],[2.344561,48.898755],[2.349719,48.898899],[2.349638,48.899325],[2.351264,48.899356]]],[[[2.345891,48.894252],[2.345479,48.894375],[2.345851,48.894913],[2.346203,48.894785],[2.345891,48.894252]]],[[[2.343138,48.895007],[2.343096,48.894989],[2.342913,48.89503],[2.342784,48.895059],[2.342498,48.895123],[2.342214,48.895187],[2.342008,48.895233],[2.34217,48.895359],[2.343024,48.895192],[2.343138,48.895007]]],[[[2.346283,48.894934],[2.345842,48.895051],[2.3461,48.89553],[2.346432,48.8952],[2.346283,48.894934]]],[[[2.345327,48.894415],[2.34457,48.894618],[2.345946,48.895568],[2.345327,48.894415]]],[[[2.345404,48.895366],[2.3444,48.894655],[2.343327,48.894938],[2.343399,48.895329],[2.344121,48.895131],[2.343428,48.895486],[2.344334,48.895246],[2.343434,48.895514],[2.343502,48.895739],[2.345728,48.895766],[2.345404,48.895366]]],[[[2.346525,48.896084],[2.346443,48.896041],[2.346388,48.896066],[2.346409,48.896106],[2.346468,48.896216],[2.346475,48.896215],[2.346529,48.896085],[2.346525,48.896084]]],[[[2.34518,48.896699],[2.345735,48.895891],[2.343502,48.895885],[2.343826,48.896577],[2.344766,48.896326],[2.343833,48.896594],[2.344287,48.8973],[2.34467,48.897308],[2.34518,48.896699]]],[[[2.346305,48.896238],[2.346136,48.896113],[2.345138,48.897305],[2.346581,48.896921],[2.346305,48.896238]]],[[[2.346731,48.896994],[2.344992,48.897477],[2.34707,48.897767],[2.346731,48.896994]]],[[[2.348011,48.897187],[2.347776,48.896621],[2.346486,48.896253],[2.347287,48.89775],[2.348011,48.897187]]],[[[2.352359,48.897996],[2.34501,48.8978],[2.346908,48.898063],[2.352359,48.897996]]]],"type":"MultiPolygon"},"properties":{"id_projet":"MATERNELLES (année scolaire 2025/2026)","libelle":"CHAMPIONNET (72) MAT","annee_scol":"2025-2026","zone_commune":0,"etiquette":"Secteur de l'école 72 RUE CHAMPIONNET","lib_etab_1":"CHAMPIONNET (72) MAT","lib_etab_2":null,"lib_etab_3":null,"lib_etab_4":null,"adr_etab_1":"72 RUE CHAMPIONNET","adr_etab_2":null,"adr_etab_3":null,"adr_etab_4":null,"type_etabl":"Maternelle","geo_point_2d":{"lon":2.346700556500738,"lat":48.8971598336603},"st_area_shape":109608.01371069314,"st_perimeter_shape":6114.100218126221}},{"type":"Feature","geometry":{"coordinates":[[[[2.334639,48.888127],[2.335398,48.888429],[2.337357,48.887582],[2.337165,48.887329],[2.335725,48.887536],[2.335268,48.887721],[2.335654,48.888096],[2.335358,48.888376],[2.333858,48.887919],[2.334922,48.889239],[2.33565,48.889415],[2.335379,48.888502],[2.334639,48.888127]]],[[[2.341332,48.886548],[2.341258,48.886325],[2.341178,48.886337],[2.341243,48.886543],[2.341332,48.886548]]],[[[2.341262,48.886894],[2.341232,48.886839],[2.341184,48.886751],[2.341152,48.886693],[2.341134,48.886687],[2.341056,48.886767],[2.341055,48.886767],[2.341084,48.88682],[2.341091,48.886831],[2.341104,48.886855],[2.341107,48.886854],[2.34115,48.886849],[2.341208,48.886906],[2.341262,48.886894]]],[[[2.342299,48.88669],[2.341491,48.886681],[2.34141,48.887096],[2.342431,48.886965],[2.342299,48.88669]]],[[[2.344095,48.887124],[2.343994,48.886363],[2.343345,48.886283],[2.342715,48.887136],[2.344406,48.887431],[2.344095,48.887124]]],[[[2.33753,48.887544],[2.337627,48.887366],[2.337582,48.887373],[2.337346,48.887316],[2.337341,48.887325],[2.33741,48.887418],[2.337498,48.887537],[2.33753,48.887544]]],[[[2.340083,48.887666],[2.341485,48.88755],[2.341238,48.886931],[2.340707,48.887339],[2.339755,48.887159],[2.339833,48.887679],[2.340083,48.887666]]],[[[2.342739,48.887303],[2.342306,48.887041],[2.341514,48.887198],[2.341872,48.88729],[2.342032,48.887661],[2.34172,48.887714],[2.34201,48.888261],[2.34323,48.888124],[2.343321,48.887402],[2.342739,48.887303]]],[[[2.33908,48.888129],[2.33963,48.887837],[2.339624,48.887067],[2.339013,48.887975],[2.337658,48.887756],[2.33803,48.887889],[2.338118,48.888383],[2.33908,48.888129]]],[[[2.34127,48.887658],[2.339843,48.887801],[2.339887,48.888429],[2.341739,48.88831],[2.341539,48.887687],[2.34127,48.887658]]],[[[2.337005,48.888533],[2.337951,48.888426],[2.33751,48.887797],[2.335911,48.888249],[2.335649,48.888583],[2.337005,48.888533]]],[[[2.343344,48.8883],[2.34233,48.888375],[2.343538,48.888764],[2.343344,48.8883]]],[[[2.33853,48.888758],[2.339664,48.888519],[2.339687,48.887942],[2.338142,48.888617],[2.338147,48.888881],[2.33853,48.888758]]],[[[2.3415,48.888704],[2.341975,48.88861],[2.341826,48.888405],[2.339882,48.888585],[2.34005,48.888993],[2.3415,48.888704]]],[[[2.34285,48.888662],[2.34202,48.888472],[2.342576,48.889112],[2.343502,48.888941],[2.34285,48.888662]]],[[[2.342083,48.888719],[2.341565,48.888824],[2.341845,48.889229],[2.342378,48.889127],[2.342083,48.888719]]],[[[2.337966,48.888729],[2.335808,48.888814],[2.33781,48.889361],[2.337966,48.888729]]],[[[2.341405,48.888853],[2.340746,48.888937],[2.340771,48.889423],[2.341668,48.88928],[2.341405,48.888853]]],[[[2.336038,48.889169],[2.335878,48.889421],[2.336832,48.88946],[2.336038,48.889169]]],[[[2.340629,48.889131],[2.340062,48.88903],[2.340263,48.889542],[2.340629,48.889131]]],[[[2.340035,48.889397],[2.339741,48.888598],[2.33827,48.888979],[2.338483,48.889443],[2.338965,48.889359],[2.338754,48.889516],[2.340035,48.889397]]],[[[2.341782,48.889387],[2.340725,48.889615],[2.34193,48.889663],[2.341782,48.889387]]],[[[2.34397,48.889053],[2.342637,48.889237],[2.343006,48.88968],[2.344405,48.889295],[2.34397,48.889053]]],[[[2.342474,48.889261],[2.341939,48.889364],[2.342719,48.889694],[2.342474,48.889261]]],[[[2.338797,48.889718],[2.338692,48.889713],[2.338668,48.889736],[2.338725,48.88981],[2.338769,48.889869],[2.338785,48.889874],[2.338805,48.88988],[2.338887,48.889869],[2.339044,48.889848],[2.339213,48.889825],[2.339478,48.889789],[2.339473,48.889745],[2.339207,48.889734],[2.339032,48.889727],[2.338854,48.88972],[2.338797,48.889718]]],[[[2.336983,48.889966],[2.33863,48.889882],[2.335838,48.889598],[2.336121,48.889957],[2.336983,48.889966]]],[[[2.344556,48.889645],[2.344779,48.889387],[2.344016,48.889605],[2.344132,48.890111],[2.344556,48.889645]]],[[[2.343855,48.889664],[2.343106,48.889882],[2.34336,48.890184],[2.343944,48.890142],[2.343855,48.889664]]],[[[2.335453,48.889934],[2.335671,48.889611],[2.33481,48.889423],[2.333733,48.888143],[2.333507,48.888301],[2.334683,48.890175],[2.335453,48.889934]]],[[[2.341745,48.889836],[2.341528,48.889844],[2.34171,48.890289],[2.342631,48.889913],[2.341745,48.889836]]],[[[2.341964,48.890334],[2.341933,48.890324],[2.341749,48.890399],[2.341558,48.890477],[2.341565,48.890499],[2.341861,48.890523],[2.341967,48.890532],[2.341997,48.890513],[2.34198,48.890423],[2.341964,48.890334]]],[[[2.343371,48.89052],[2.342968,48.889942],[2.342113,48.890251],[2.342177,48.890608],[2.343371,48.89052]]]],"type":"MultiPolygon"},"properties":{"id_projet":"MATERNELLES (année scolaire 2025/2026)","libelle":"CONSTANTIN PECQUEUR (1) MAT","annee_scol":"2025-2026","zone_commune":0,"etiquette":"Secteur de l'école 1 PLACE CONSTANTIN PECQUEUR","lib_etab_1":"CONSTANTIN PECQUEUR (1) MAT","lib_etab_2":null,"lib_etab_3":null,"lib_etab_4":null,"adr_etab_1":"1 PLACE CONSTANTIN PECQUEUR","adr_etab_2":null,"adr_etab_3":null,"adr_etab_4":null,"type_etabl":"Maternelle","geo_point_2d":{"lon":2.3395616815232176,"lat":48.888593446013154},"st_area_shape":150066.4288874271,"st_perimeter_shape":10172.874742329848}},{"type":"Feature","geometry":{"coordinates":[[[[2.336451,48.896393],[2.338036,48.896125],[2.337554,48.896012],[2.337865,48.895885],[2.337473,48.895355],[2.332605,48.894311],[2.333116,48.896041],[2.336451,48.896393]]],[[[2.334203,48.897914],[2.333719,48.898014],[2.333991,48.898265],[2.334203,48.897914]]],[[[2.334403,48.898301],[2.334065,48.898361],[2.334209,48.898656],[2.33462,48.898459],[2.334403,48.898301]]],[[[2.334933,48.897929],[2.33443,48.898131],[2.334796,48.898293],[2.334933,48.897929]]],[[[2.33406,48.896444],[2.333226,48.896365],[2.333514,48.896763],[2.334474,48.896513],[2.33406,48.896444]]],[[[2.336057,48.896693],[2.335496,48.896705],[2.335755,48.8972],[2.336281,48.897008],[2.336057,48.896693]]],[[[2.335543,48.897052],[2.333984,48.897416],[2.334417,48.897558],[2.335638,48.897231],[2.335543,48.897052]]],[[[2.336185,48.897955],[2.335715,48.898002],[2.336573,48.898174],[2.336238,48.898545],[2.336386,48.898733],[2.336995,48.89805],[2.336185,48.897955]]],[[[2.334347,48.894019],[2.333014,48.894229],[2.334511,48.894564],[2.334347,48.894019]]],[[[2.334671,48.89652],[2.333537,48.896796],[2.333782,48.897023],[2.33539,48.896648],[2.334671,48.89652]]],[[[2.331095,48.896052],[2.331187,48.89636],[2.330892,48.896469],[2.331305,48.896919],[2.331965,48.897019],[2.331095,48.896052]]],[[[2.332133,48.897454],[2.331935,48.897166],[2.331518,48.89741],[2.330939,48.897111],[2.329584,48.897439],[2.332133,48.897454]]],[[[2.335076,48.89392],[2.334453,48.894006],[2.334674,48.8946],[2.335382,48.894757],[2.335076,48.89392]]],[[[2.335523,48.897014],[2.335371,48.896734],[2.333748,48.897089],[2.333977,48.89738],[2.335523,48.897014]]],[[[2.335684,48.894628],[2.336258,48.893751],[2.335182,48.893906],[2.335549,48.894795],[2.335684,48.894628]]],[[[2.338095,48.896212],[2.336457,48.896463],[2.33838,48.896705],[2.338095,48.896212]]],[[[2.335989,48.897593],[2.336413,48.897243],[2.33659,48.897406],[2.336509,48.89721],[2.338069,48.896965],[2.33631,48.896723],[2.33644,48.897165],[2.334742,48.897538],[2.335989,48.897593]]],[[[2.333516,48.893932],[2.336163,48.893522],[2.334657,48.893031],[2.332944,48.89399],[2.333516,48.893932]]],[[[2.333558,48.897076],[2.333007,48.896311],[2.332425,48.896232],[2.332853,48.896815],[2.332399,48.896229],[2.332002,48.896192],[2.332415,48.896957],[2.331799,48.896147],[2.331337,48.896102],[2.332371,48.897516],[2.333858,48.897547],[2.333558,48.897076]]],[[[2.334136,48.898919],[2.333275,48.897894],[2.329624,48.897817],[2.329415,48.898054],[2.329907,48.898947],[2.334136,48.898919]]]],"type":"MultiPolygon"},"properties":{"id_projet":"MATERNELLES (année scolaire 2026/2027)","libelle":"PAUL ABADIE (1) MAT","annee_scol":"2026-2027","zone_commune":0,"etiquette":"Secteur de l'école 1 PAUL ABADIE (1) MAT","lib_etab_1":"PAUL ABADIE (1) MAT","lib_etab_2":null,"lib_etab_3":null,"lib_etab_4":null,"adr_etab_1":"1 PAUL ABADIE (1) MAT","adr_etab_2":null,"adr_etab_3":null,"adr_etab_4":null,"type_etabl":"Maternelle","geo_point_2d":{"lon":2.3339716162448347,"lat":48.896489345915626},"st_area_shape":170199.35376090172,"st_perimeter_shape":8147.348422298803}},{"type":"Feature","geometry":{"coordinates":[[[[2.337882,48.893009],[2.337707,48.892715],[2.337912,48.893004],[2.339412,48.892741],[2.339229,48.892251],[2.339436,48.892737],[2.339962,48.892645],[2.339566,48.891258],[2.339292,48.891929],[2.337271,48.892358],[2.337882,48.893009]]],[[[2.343478,48.892209],[2.343137,48.892126],[2.343326,48.89256],[2.343478,48.892209]]],[[[2.34233,48.892355],[2.341665,48.892559],[2.342447,48.892701],[2.34233,48.892355]]],[[[2.345142,48.890935],[2.344438,48.891131],[2.344648,48.891584],[2.345142,48.890935]]],[[[2.342987,48.892171],[2.342498,48.892286],[2.34263,48.892656],[2.343165,48.892581],[2.342987,48.892171]]],[[[2.343991,48.891749],[2.34448,48.891591],[2.344254,48.891165],[2.343748,48.891259],[2.343991,48.891749]]],[[[2.341434,48.895324],[2.341823,48.895174],[2.341289,48.894491],[2.34088,48.894843],[2.341434,48.895324]]],[[[2.341472,48.892582],[2.340188,48.892741],[2.340294,48.892996],[2.34173,48.892799],[2.341472,48.892582]]],[[[2.344007,48.890264],[2.343447,48.890321],[2.343756,48.891126],[2.344197,48.891025],[2.344007,48.890264]]],[[[2.342621,48.891319],[2.342061,48.891342],[2.342456,48.892181],[2.342928,48.892029],[2.342621,48.891319]]],[[[2.343587,48.891459],[2.342791,48.891318],[2.343114,48.891997],[2.3438,48.89181],[2.343587,48.891459]]],[[[2.340029,48.892766],[2.337953,48.893133],[2.340079,48.893028],[2.340029,48.892766]]],[[[2.343349,48.89117],[2.343379,48.890538],[2.342897,48.890506],[2.342331,48.891204],[2.343349,48.89117]]],[[[2.340511,48.891901],[2.339784,48.891425],[2.340143,48.892598],[2.341211,48.892491],[2.340511,48.891901]]],[[[2.345382,48.890577],[2.345655,48.890163],[2.344168,48.890255],[2.344239,48.890536],[2.34462,48.890494],[2.344262,48.890625],[2.34439,48.891009],[2.345382,48.890577]]],[[[2.345812,48.889921],[2.345183,48.889806],[2.346012,48.889533],[2.344788,48.889385],[2.344152,48.890122],[2.345812,48.889921]]],[[[2.342032,48.891668],[2.341895,48.891352],[2.340952,48.891634],[2.339831,48.891266],[2.341453,48.892411],[2.34225,48.892239],[2.342032,48.891668]]],[[[2.342735,48.893476],[2.341584,48.894236],[2.341878,48.894865],[2.343113,48.894818],[2.342666,48.894716],[2.342735,48.893476]]],[[[2.342004,48.892959],[2.340327,48.893195],[2.340779,48.89467],[2.342553,48.893377],[2.342004,48.892959]]]],"type":"MultiPolygon"},"properties":{"id_projet":"MATERNELLES (année scolaire 2026/2027)","libelle":"RUISSEAU (6) MAT","annee_scol":"2026-2027","zone_commune":0,"etiquette":"Secteur de l'école 6 RUISSEAU (6) MAT","lib_etab_1":"RUISSEAU (6) MAT","lib_etab_2":null,"lib_etab_3":null,"lib_etab_4":null,"adr_etab_1":"6 RUISSEAU (6) MAT","adr_etab_2":null,"adr_etab_3":null,"adr_etab_4":null,"type_etabl":"Maternelle","geo_point_2d":{"lon":2.3417374074015935,"lat":48.892315692941345},"st_area_shape":105414.49293450407,"st_perimeter_shape":6434.485607104479}},{"type":"Feature","geometry":{"coordinates":[[[[2.355833,48.895797],[2.355869,48.895272],[2.356362,48.895284],[2.356519,48.893259],[2.355122,48.893213],[2.355577,48.892369],[2.355012,48.890918],[2.351738,48.891278],[2.352353,48.892511],[2.353376,48.892415],[2.353684,48.893745],[2.354348,48.893386],[2.354605,48.894588],[2.354112,48.895746],[2.355833,48.895797]]],[[[2.351879,48.893563],[2.351838,48.893477],[2.351834,48.893478],[2.351876,48.893564],[2.351879,48.893563]]],[[[2.351069,48.893151],[2.351187,48.893128],[2.351188,48.89313],[2.351307,48.893107],[2.351384,48.893092],[2.351396,48.89309],[2.351409,48.893087],[2.351441,48.893081],[2.351528,48.893064],[2.351645,48.893042],[2.351678,48.893036],[2.35171,48.893029],[2.351775,48.893017],[2.351877,48.892997],[2.351986,48.892976],[2.352076,48.892959],[2.352099,48.892955],[2.35216,48.892943],[2.352187,48.892938],[2.352186,48.892936],[2.352225,48.892929],[2.352238,48.892927],[2.352271,48.892921],[2.352311,48.892913],[2.352286,48.892844],[2.352233,48.892854],[2.352215,48.892858],[2.352153,48.89287],[2.352065,48.892887],[2.351974,48.892905],[2.351962,48.892907],[2.351963,48.892909],[2.351959,48.892909],[2.351846,48.892931],[2.35174,48.89295],[2.351614,48.892974],[2.351604,48.892976],[2.351495,48.892996],[2.351378,48.893018],[2.351275,48.893037],[2.351158,48.893059],[2.351053,48.893079],[2.351038,48.893082],[2.350806,48.893126],[2.350792,48.893139],[2.351003,48.893164],[2.351041,48.893157],[2.351069,48.893151]]],[[[2.352512,48.893217],[2.352325,48.893148],[2.35226,48.893161],[2.35211,48.893191],[2.352076,48.893197],[2.352057,48.893201],[2.351891,48.893233],[2.351838,48.893244],[2.351759,48.893259],[2.351758,48.89326],[2.35167,48.893278],[2.351471,48.893316],[2.35128,48.893353],[2.351155,48.893377],[2.351073,48.893524],[2.351087,48.893528],[2.351343,48.893472],[2.351529,48.893431],[2.351728,48.893388],[2.35211,48.893305],[2.35231,48.893261],[2.352512,48.893217]]],[[[2.350856,48.893081],[2.350931,48.893067],[2.350931,48.893068],[2.351043,48.893047],[2.351042,48.893046],[2.351148,48.893026],[2.351257,48.893005],[2.35135,48.892987],[2.351485,48.892961],[2.351559,48.892947],[2.351622,48.892935],[2.351728,48.892915],[2.351844,48.892893],[2.351952,48.892872],[2.352044,48.892855],[2.352192,48.892826],[2.352239,48.892818],[2.352199,48.892701],[2.352134,48.892713],[2.351996,48.892739],[2.351905,48.892756],[2.351797,48.892777],[2.351679,48.892799],[2.351576,48.892819],[2.351508,48.892832],[2.351435,48.892846],[2.351303,48.892871],[2.351209,48.892888],[2.351165,48.892896],[2.351127,48.892903],[2.351096,48.892909],[2.351002,48.892927],[2.351003,48.892929],[2.350989,48.892932],[2.350881,48.892952],[2.350804,48.892967],[2.350715,48.892983],[2.350786,48.893094],[2.350856,48.893081]]],[[[2.351486,48.892786],[2.352237,48.892623],[2.351656,48.891555],[2.351269,48.891716],[2.351821,48.89256],[2.350682,48.89294],[2.351486,48.892786]]]],"type":"MultiPolygon"},"properties":{"id_projet":"MATERNELLES (année scolaire 2026/2027)","libelle":"SIMPLON (14) POLY","annee_scol":"2026-2027","zone_commune":0,"etiquette":"Secteur de l'école 14 SIMPLON (14) POLY","lib_etab_1":"SIMPLON (14) POLY","lib_etab_2":null,"lib_etab_3":null,"lib_etab_4":null,"adr_etab_1":"14 SIMPLON (14) POLY","adr_etab_2":null,"adr_etab_3":null,"adr_etab_4":null,"type_etabl":"Maternelle","geo_point_2d":{"lon":2.3543160005634984,"lat":48.893113843789706},"st_area_shape":96897.49548616559,"st_perimeter_shape":3037.193301900458}},{"type":"Feature","geometry":{"coordinates":[[[[2.36886,48.891591],[2.367959,48.889768],[2.363895,48.889982],[2.363982,48.890563],[2.364794,48.890538],[2.364043,48.890638],[2.364069,48.891137],[2.365425,48.891039],[2.365527,48.891614],[2.366184,48.891566],[2.366112,48.892303],[2.36886,48.891591]]],[[[2.360338,48.893241],[2.361333,48.893205],[2.361125,48.89223],[2.359973,48.892097],[2.359799,48.893239],[2.360338,48.893241]]],[[[2.363212,48.891468],[2.361323,48.891551],[2.361932,48.892035],[2.363239,48.8919],[2.363212,48.891468]]],[[[2.365242,48.891182],[2.363482,48.89131],[2.363427,48.891862],[2.365371,48.891681],[2.365242,48.891182]]],[[[2.359283,48.893701],[2.359525,48.892761],[2.358644,48.892662],[2.35958,48.892613],[2.358563,48.892243],[2.358442,48.893461],[2.359283,48.893701]],[[2.359113,48.893021],[2.359028,48.893018],[2.35924,48.893027],[2.359113,48.893021]]],[[[2.360767,48.891349],[2.360825,48.891148],[2.360126,48.89097],[2.359981,48.891951],[2.361366,48.891819],[2.360767,48.891349]]],[[[2.361437,48.894003],[2.361661,48.894041],[2.361304,48.893313],[2.359789,48.893402],[2.360267,48.893595],[2.359972,48.893776],[2.36052,48.89374],[2.360582,48.894142],[2.361437,48.894003]]],[[[2.359596,48.891062],[2.357495,48.890984],[2.359653,48.890992],[2.359193,48.890805],[2.357269,48.890776],[2.357234,48.89121],[2.359596,48.891062]]],[[[2.36121,48.890484],[2.361185,48.890141],[2.36028,48.890231],[2.360159,48.890839],[2.361166,48.891129],[2.36121,48.890484]]],[[[2.363732,48.889983],[2.363181,48.889992],[2.363373,48.891209],[2.363908,48.89115],[2.363732,48.889983]]],[[[2.362497,48.89024],[2.362454,48.890017],[2.361378,48.890122],[2.361343,48.890623],[2.362511,48.890654],[2.362497,48.89024]]],[[[2.363752,48.892269],[2.365396,48.891792],[2.363471,48.891985],[2.363752,48.892269]]],[[[2.361973,48.8937],[2.363059,48.893251],[2.3615,48.893307],[2.361771,48.89397],[2.361973,48.8937]]],[[[2.36309,48.893055],[2.361726,48.892467],[2.361959,48.893181],[2.36309,48.893055]]],[[[2.362483,48.890743],[2.362371,48.891244],[2.363178,48.891197],[2.363129,48.890826],[2.362483,48.890743]]],[[[2.363018,48.889996],[2.362599,48.890015],[2.362693,48.890655],[2.363104,48.890639],[2.363018,48.889996]]],[[[2.361528,48.892205],[2.361264,48.892221],[2.361467,48.893167],[2.36171,48.893173],[2.361528,48.892205]]],[[[2.361744,48.890735],[2.361339,48.89073],[2.361327,48.891191],[2.361734,48.891195],[2.361744,48.890735]]],[[[2.362061,48.890739],[2.361893,48.89124],[2.362208,48.891243],[2.362061,48.890739]]],[[[2.36324,48.892057],[2.363162,48.892017],[2.362892,48.892045],[2.362584,48.892077],[2.362025,48.892134],[2.362018,48.892149],[2.36263,48.892255],[2.362631,48.892259],[2.362787,48.892252],[2.362813,48.892251],[2.362846,48.89225],[2.362942,48.892245],[2.362942,48.892242],[2.36324,48.892057]]]],"type":"MultiPolygon"},"properties":{"id_projet":"MATERNELLES (année scolaire 2020/2021)","libelle":"TORCY (10-12) MAT","annee_scol":"2020-2021","zone_commune":0,"etiquette":"Secteur de l'école 12 RUE DE TORCY","lib_etab_1":"TORCY (10-12) MAT","lib_etab_2":null,"lib_etab_3":null,"lib_etab_4":null,"adr_etab_1":"12 RUE DE TORCY","adr_etab_2":null,"adr_etab_3":null,"adr_etab_4":null,"type_etabl":null,"geo_point_2d":{"lon":2.363470793262182,"lat":48.89145537151078},"st_area_shape":164777.41020227782,"st_perimeter_shape":7886.42015108126}},{"type":"Feature","geometry":{"coordinates":[[[[2.355833,48.895797],[2.355869,48.895272],[2.356362,48.895284],[2.356519,48.893259],[2.355122,48.893213],[2.355577,48.892369],[2.355012,48.890918],[2.351738,48.891278],[2.352353,48.892511],[2.353376,48.892415],[2.353684,48.893745],[2.354348,48.893386],[2.354605,48.894588],[2.354112,48.895746],[2.355833,48.895797]]],[[[2.351486,48.892786],[2.352237,48.892623],[2.351656,48.891555],[2.351269,48.891716],[2.351821,48.89256],[2.350682,48.89294],[2.351486,48.892786]]],[[[2.350856,48.893081],[2.350931,48.893067],[2.350931,48.893068],[2.351043,48.893047],[2.351042,48.893046],[2.351148,48.893026],[2.351257,48.893005],[2.35135,48.892987],[2.351485,48.892961],[2.351559,48.892947],[2.351622,48.892935],[2.351728,48.892915],[2.351844,48.892893],[2.351952,48.892872],[2.352044,48.892855],[2.352192,48.892826],[2.352239,48.892818],[2.352199,48.892701],[2.352134,48.892713],[2.351996,48.892739],[2.351905,48.892756],[2.351797,48.892777],[2.351679,48.892799],[2.351576,48.892819],[2.351508,48.892832],[2.351435,48.892846],[2.351303,48.892871],[2.351209,48.892888],[2.351165,48.892896],[2.351127,48.892903],[2.351096,48.892909],[2.351002,48.892927],[2.351003,48.892929],[2.350989,48.892932],[2.350881,48.892952],[2.350804,48.892967],[2.350715,48.892983],[2.350786,48.893094],[2.350856,48.893081]]],[[[2.352512,48.893217],[2.352325,48.893148],[2.35226,48.893161],[2.35211,48.893191],[2.352076,48.893197],[2.352057,48.893201],[2.351891,48.893233],[2.351838,48.893244],[2.351759,48.893259],[2.351758,48.89326],[2.35167,48.893278],[2.351471,48.893316],[2.35128,48.893353],[2.351155,48.893377],[2.351073,48.893524],[2.351087,48.893528],[2.351343,48.893472],[2.351529,48.893431],[2.351728,48.893388],[2.35211,48.893305],[2.35231,48.893261],[2.352512,48.893217]]],[[[2.351069,48.893151],[2.351187,48.893128],[2.351188,48.89313],[2.351307,48.893107],[2.351384,48.893092],[2.351396,48.89309],[2.351409,48.893087],[2.351441,48.893081],[2.351528,48.893064],[2.351645,48.893042],[2.351678,48.893036],[2.35171,48.893029],[2.351775,48.893017],[2.351877,48.892997],[2.351986,48.892976],[2.352076,48.892959],[2.352099,48.892955],[2.35216,48.892943],[2.352187,48.892938],[2.352186,48.892936],[2.352225,48.892929],[2.352238,48.892927],[2.352271,48.892921],[2.352311,48.892913],[2.352286,48.892844],[2.352233,48.892854],[2.352215,48.892858],[2.352153,48.89287],[2.352065,48.892887],[2.351974,48.892905],[2.351962,48.892907],[2.351963,48.892909],[2.351959,48.892909],[2.351846,48.892931],[2.35174,48.89295],[2.351614,48.892974],[2.351604,48.892976],[2.351495,48.892996],[2.351378,48.893018],[2.351275,48.893037],[2.351158,48.893059],[2.351053,48.893079],[2.351038,48.893082],[2.350806,48.893126],[2.350792,48.893139],[2.351003,48.893164],[2.351041,48.893157],[2.351069,48.893151]]],[[[2.351879,48.893563],[2.351838,48.893477],[2.351834,48.893478],[2.351876,48.893564],[2.351879,48.893563]]]],"type":"MultiPolygon"},"properties":{"id_projet":"MATERNELLES (année scolaire 2020/2021)","libelle":"SIMPLON (14) POLY","annee_scol":"2020-2021","zone_commune":0,"etiquette":"Secteur de l'école 14 RUE DU SIMPLON","lib_etab_1":"SIMPLON (14) POLY","lib_etab_2":null,"lib_etab_3":null,"lib_etab_4":null,"adr_etab_1":"14 RUE DU SIMPLON","adr_etab_2":null,"adr_etab_3":null,"adr_etab_4":null,"type_etabl":null,"geo_point_2d":{"lon":2.3543160005634984,"lat":48.893113843789706},"st_area_shape":96897.49548616559,"st_perimeter_shape":3037.193301900458}},{"type":"Feature","geometry":{"coordinates":[[[[2.333741,48.888153],[2.33315,48.888466],[2.334357,48.890474],[2.335688,48.89031],[2.335672,48.889612],[2.334741,48.889375],[2.333741,48.888153]]],[[[2.336297,48.891446],[2.337739,48.891336],[2.337352,48.890531],[2.335691,48.890419],[2.335718,48.890895],[2.335497,48.89045],[2.334454,48.890596],[2.335519,48.891073],[2.335069,48.891249],[2.335062,48.891585],[2.336297,48.891446]]],[[[2.338713,48.890011],[2.336926,48.890275],[2.339468,48.891086],[2.338713,48.890011]]],[[[2.334168,48.890496],[2.333462,48.88944],[2.333245,48.890425],[2.334168,48.890496]],[[2.333744,48.89043],[2.333634,48.890269],[2.333615,48.890242],[2.333746,48.890207],[2.333841,48.890367],[2.333886,48.890362],[2.333883,48.890364],[2.333897,48.890409],[2.333821,48.890419],[2.333808,48.890421],[2.33378,48.890425],[2.333766,48.890427],[2.333764,48.890427],[2.333744,48.89043]]],[[[2.33781,48.890678],[2.337489,48.890603],[2.337893,48.89132],[2.339289,48.891178],[2.33781,48.890678]]],[[[2.337781,48.890021],[2.338503,48.889831],[2.336586,48.890012],[2.335807,48.889617],[2.335877,48.890284],[2.337781,48.890021]]],[[[2.332901,48.889355],[2.333361,48.889264],[2.33303,48.888607],[2.332326,48.889158],[2.332901,48.889355]]],[[[2.332434,48.888898],[2.332956,48.888484],[2.332703,48.888062],[2.331929,48.88858],[2.332378,48.888813],[2.332228,48.889012],[2.332434,48.888898]]],[[[2.333322,48.887625],[2.332845,48.887937],[2.333091,48.888368],[2.333583,48.887954],[2.333322,48.887625]]],[[[2.333211,48.889642],[2.33263,48.889565],[2.332925,48.889606],[2.333017,48.890076],[2.333211,48.889642]]],[[[2.334228,48.890626],[2.333458,48.890733],[2.333737,48.890898],[2.334228,48.890626]]]],"type":"MultiPolygon"},"properties":{"id_projet":"MATERNELLES (année scolaire 2021/2022)","libelle":"LAMARCK (4) MAT","annee_scol":"2021-2022","zone_commune":0,"etiquette":"Secteur de l'école 4 SQUARE LAMARCK","lib_etab_1":"LAMARCK (4) MAT","lib_etab_2":null,"lib_etab_3":null,"lib_etab_4":null,"adr_etab_1":"4 SQUARE LAMARCK","adr_etab_2":null,"adr_etab_3":null,"adr_etab_4":null,"type_etabl":"Maternelle","geo_point_2d":{"lon":2.335503564115231,"lat":48.890060735516286},"st_area_shape":76535.35494728645,"st_perimeter_shape":4462.586645730018}},{"type":"Feature","geometry":{"coordinates":[[[[2.341365,48.898066],[2.340944,48.89812],[2.340896,48.899119],[2.342264,48.899149],[2.342305,48.898155],[2.341365,48.898066]]],[[[2.347548,48.89932],[2.347602,48.898911],[2.344561,48.898755],[2.344467,48.898247],[2.344538,48.899223],[2.347548,48.89932]]],[[[2.343883,48.898535],[2.343882,48.89817],[2.342512,48.89816],[2.342464,48.899152],[2.343751,48.899242],[2.343883,48.898535]]],[[[2.340647,48.898049],[2.339502,48.898104],[2.340396,48.899173],[2.340691,48.899113],[2.340647,48.898049]]],[[[2.339132,48.898017],[2.33853,48.898189],[2.339226,48.899103],[2.339951,48.899163],[2.339132,48.898017]]]],"type":"MultiPolygon"},"properties":{"id_projet":"MATERNELLES (année scolaire 2020/2021)","libelle":"FERNAND LABORI (19) MAT","annee_scol":"2020-2021","zone_commune":0,"etiquette":"Secteur de l'école 19 RUE FERNAND LABORI","lib_etab_1":"FERNAND LABORI (19) MAT","lib_etab_2":null,"lib_etab_3":null,"lib_etab_4":null,"adr_etab_1":"19 RUE FERNAND LABORI","adr_etab_2":null,"adr_etab_3":null,"adr_etab_4":null,"type_etabl":null,"geo_point_2d":{"lon":2.342437979064908,"lat":48.8987170174105},"st_area_shape":50848.80259344043,"st_perimeter_shape":2308.549667339049}},{"type":"Feature","geometry":{"coordinates":[[[[2.35877,48.89677],[2.358854,48.895739],[2.358519,48.895259],[2.359027,48.894806],[2.359056,48.894202],[2.35645,48.894148],[2.356371,48.895164],[2.358458,48.895224],[2.358098,48.89789],[2.35868,48.89791],[2.35877,48.89677]]],[[[2.360509,48.89464],[2.359778,48.894296],[2.360639,48.894411],[2.36056,48.893968],[2.36005,48.894002],[2.359981,48.893695],[2.360267,48.893595],[2.359789,48.893402],[2.359587,48.894788],[2.360509,48.89464]]],[[[2.360465,48.89732],[2.360647,48.896825],[2.360313,48.896814],[2.360331,48.896375],[2.360025,48.89639],[2.359746,48.895888],[2.359651,48.897087],[2.360386,48.89716],[2.359651,48.897159],[2.360465,48.89732]]]],"type":"MultiPolygon"},"properties":{"id_projet":"MATERNELLES (année scolaire 2021/2022)","libelle":"MAURICE GENEVOIX (3) POLY","annee_scol":"2021-2022","zone_commune":0,"etiquette":"Secteur de l'école 3 RUE MAURICE GENEVOIX","lib_etab_1":"MAURICE GENEVOIX (3) POLY","lib_etab_2":null,"lib_etab_3":null,"lib_etab_4":null,"adr_etab_1":"3 RUE MAURICE GENEVOIX","adr_etab_2":null,"adr_etab_3":null,"adr_etab_4":null,"type_etabl":"Maternelle","geo_point_2d":{"lon":2.3585535237607926,"lat":48.8953797586781},"st_area_shape":44173.73287473737,"st_perimeter_shape":2441.3830267209023}},{"type":"Feature","geometry":{"coordinates":[[[[2.333741,48.888153],[2.33315,48.888466],[2.334357,48.890474],[2.335688,48.89031],[2.335672,48.889612],[2.334741,48.889375],[2.333741,48.888153]]],[[[2.336297,48.891446],[2.337739,48.891336],[2.337352,48.890531],[2.335691,48.890419],[2.335718,48.890895],[2.335497,48.89045],[2.334454,48.890596],[2.335519,48.891073],[2.335069,48.891249],[2.335062,48.891585],[2.336297,48.891446]]],[[[2.338713,48.890011],[2.336926,48.890275],[2.339468,48.891086],[2.338713,48.890011]]],[[[2.334168,48.890496],[2.333462,48.88944],[2.333245,48.890425],[2.334168,48.890496]],[[2.333744,48.89043],[2.333634,48.890269],[2.333615,48.890242],[2.333746,48.890207],[2.333841,48.890367],[2.333886,48.890362],[2.333883,48.890364],[2.333897,48.890409],[2.333821,48.890419],[2.333808,48.890421],[2.33378,48.890425],[2.333766,48.890427],[2.333764,48.890427],[2.333744,48.89043]]],[[[2.33781,48.890678],[2.337489,48.890603],[2.337893,48.89132],[2.339289,48.891178],[2.33781,48.890678]]],[[[2.337781,48.890021],[2.338503,48.889831],[2.336586,48.890012],[2.335807,48.889617],[2.335877,48.890284],[2.337781,48.890021]]],[[[2.332901,48.889355],[2.333361,48.889264],[2.33303,48.888607],[2.332326,48.889158],[2.332901,48.889355]]],[[[2.332434,48.888898],[2.332956,48.888484],[2.332703,48.888062],[2.331929,48.88858],[2.332378,48.888813],[2.332228,48.889012],[2.332434,48.888898]]],[[[2.333322,48.887625],[2.332845,48.887937],[2.333091,48.888368],[2.333583,48.887954],[2.333322,48.887625]]],[[[2.333211,48.889642],[2.33263,48.889565],[2.332925,48.889606],[2.333017,48.890076],[2.333211,48.889642]]],[[[2.334228,48.890626],[2.333458,48.890733],[2.333737,48.890898],[2.334228,48.890626]]]],"type":"MultiPolygon"},"properties":{"id_projet":"MATERNELLES (année scolaire 2022/2023)","libelle":"LAMARCK (4) MAT","annee_scol":"2022-2023","zone_commune":0,"etiquette":"Secteur de l'école 4 SQUARE LAMARCK","lib_etab_1":"LAMARCK (4) MAT","lib_etab_2":null,"lib_etab_3":null,"lib_etab_4":null,"adr_etab_1":"4 SQUARE LAMARCK","adr_etab_2":null,"adr_etab_3":null,"adr_etab_4":null,"type_etabl":"Maternelle","geo_point_2d":{"lon":2.335503564115231,"lat":48.890060735516286},"st_area_shape":76535.35494728645,"st_perimeter_shape":4462.586645730018}},{"type":"Feature","geometry":{"coordinates":[[[[2.347711,48.886462],[2.348071,48.888204],[2.349274,48.887243],[2.347711,48.886462]]],[[[2.347682,48.88618],[2.34931,48.885548],[2.347382,48.885113],[2.347682,48.88618]]],[[[2.349326,48.88646],[2.348963,48.885993],[2.349283,48.885699],[2.347984,48.886275],[2.349326,48.88646]]],[[[2.347547,48.886824],[2.347321,48.885752],[2.346742,48.885941],[2.347171,48.886734],[2.347547,48.886824]]],[[[2.349345,48.887124],[2.349075,48.886754],[2.347891,48.886416],[2.349345,48.887124]]],[[[2.347307,48.887318],[2.34735,48.887242],[2.347395,48.887162],[2.347445,48.887074],[2.347478,48.887013],[2.347503,48.886969],[2.347506,48.886963],[2.347492,48.886946],[2.347268,48.887035],[2.347264,48.887041],[2.347265,48.887041],[2.347225,48.887132],[2.34725,48.887136],[2.347198,48.887225],[2.347193,48.887225],[2.347162,48.887311],[2.347156,48.887311],[2.347212,48.887421],[2.347235,48.887422],[2.347246,48.887425],[2.347307,48.887318]]],[[[2.347074,48.887462],[2.346996,48.88746],[2.346995,48.887484],[2.346995,48.887496],[2.346969,48.887507],[2.346959,48.887541],[2.346945,48.88759],[2.34695,48.88759],[2.346927,48.887658],[2.346928,48.887658],[2.346899,48.887745],[2.346903,48.887745],[2.346922,48.887843],[2.346935,48.887845],[2.34698,48.887828],[2.347028,48.887809],[2.347054,48.887764],[2.347104,48.887676],[2.347153,48.887589],[2.347209,48.887489],[2.34712,48.887468],[2.347074,48.887462]]],[[[2.346957,48.887932],[2.34694,48.88791],[2.346641,48.888049],[2.346691,48.888055],[2.346687,48.888066],[2.346775,48.888181],[2.346787,48.888183],[2.346823,48.888171],[2.346876,48.888077],[2.346957,48.887932]]],[[[2.351235,48.888228],[2.350182,48.888025],[2.349779,48.887582],[2.349816,48.888293],[2.351235,48.888228]]],[[[2.349311,48.887563],[2.348302,48.88834],[2.349381,48.888287],[2.349311,48.887563]]],[[[2.347647,48.887141],[2.34681,48.888633],[2.347895,48.888333],[2.347647,48.887141]]],[[[2.345401,48.888083],[2.345669,48.888676],[2.34595,48.888177],[2.345401,48.888083]]],[[[2.346552,48.888651],[2.346738,48.888266],[2.346169,48.888188],[2.345813,48.888675],[2.346552,48.888651]]]],"type":"MultiPolygon"},"properties":{"id_projet":"MATERNELLES (année scolaire 2023/2024)","libelle":"CHRISTIANI (8) MAT","annee_scol":"2023-2024","zone_commune":0,"etiquette":"Secteur de l'école 8 RUE CHRISTIANI","lib_etab_1":"CHRISTIANI (8) MAT","lib_etab_2":null,"lib_etab_3":null,"lib_etab_4":null,"adr_etab_1":"8 RUE CHRISTIANI","adr_etab_2":null,"adr_etab_3":null,"adr_etab_4":null,"type_etabl":"Maternelle","geo_point_2d":{"lon":2.3480627252351267,"lat":48.887103605356096},"st_area_shape":46736.63815693137,"st_perimeter_shape":3595.3142505126716}},{"type":"Feature","geometry":{"coordinates":[[[[2.331349,48.895331],[2.332421,48.89423],[2.329587,48.893623],[2.329937,48.894251],[2.330399,48.894114],[2.330072,48.894389],[2.331018,48.895566],[2.331349,48.895331]]],[[[2.330009,48.893358],[2.329094,48.893164],[2.329093,48.893164],[2.328842,48.893112],[2.328497,48.893003],[2.328515,48.89303],[2.328499,48.89303],[2.328417,48.893029],[2.328415,48.893029],[2.32835,48.893028],[2.328348,48.893028],[2.32829,48.893028],[2.32829,48.893027],[2.328041,48.89302],[2.327989,48.893006],[2.327989,48.89305],[2.328262,48.893111],[2.328618,48.893191],[2.328925,48.893259],[2.32953,48.893395],[2.329647,48.893421],[2.330016,48.893503],[2.330037,48.893496],[2.330009,48.893358]]],[[[2.327852,48.89321],[2.328198,48.894789],[2.329774,48.894269],[2.329373,48.893549],[2.327852,48.89321]]],[[[2.32879,48.895077],[2.328737,48.895064],[2.328358,48.895194],[2.328337,48.895219],[2.328392,48.895367],[2.328429,48.895379],[2.328454,48.89537],[2.32852,48.895347],[2.328853,48.895231],[2.328872,48.895194],[2.32879,48.895077]]],[[[2.328855,48.8953],[2.328433,48.895488],[2.329013,48.895548],[2.328855,48.8953]]],[[[2.329563,48.895375],[2.329113,48.894681],[2.32826,48.894973],[2.328797,48.895004],[2.329188,48.895561],[2.32968,48.895603],[2.329563,48.895375]]],[[[2.330219,48.894963],[2.329856,48.894449],[2.329577,48.89451],[2.329711,48.894875],[2.329483,48.894542],[2.32916,48.894663],[2.329819,48.895618],[2.330873,48.895667],[2.330219,48.894963]]],[[[2.332647,48.895112],[2.332405,48.89458],[2.331193,48.895754],[2.332845,48.896006],[2.332647,48.895112]]],[[[2.330254,48.895743],[2.329986,48.89571],[2.329717,48.89568],[2.329447,48.895654],[2.329177,48.895634],[2.328777,48.895611],[2.328773,48.895611],[2.328773,48.895609],[2.328554,48.895601],[2.328554,48.895599],[2.328504,48.895599],[2.328473,48.895619],[2.328532,48.895794],[2.328581,48.895803],[2.328991,48.89573],[2.329005,48.895728],[2.329014,48.895728],[2.329018,48.895728],[2.329032,48.895728],[2.329036,48.895728],[2.329307,48.895746],[2.329577,48.895771],[2.329764,48.89579],[2.329846,48.895799],[2.330115,48.895831],[2.330835,48.895925],[2.331005,48.895949],[2.331408,48.896004],[2.331439,48.895898],[2.331098,48.895854],[2.330923,48.89583],[2.330254,48.895743]]],[[[2.329584,48.897439],[2.330939,48.897111],[2.331518,48.89741],[2.332048,48.897129],[2.331305,48.896919],[2.330892,48.896469],[2.331187,48.89636],[2.330972,48.896066],[2.329584,48.897439]]],[[[2.330094,48.896613],[2.330587,48.896108],[2.329869,48.896242],[2.330499,48.895974],[2.328577,48.895914],[2.328777,48.896507],[2.329516,48.89631],[2.328812,48.89661],[2.329137,48.897447],[2.330094,48.896613]]]],"type":"MultiPolygon"},"properties":{"id_projet":"MATERNELLES (année scolaire 2023/2024)","libelle":"VAUVENARGUES (52) MAT","annee_scol":"2023-2024","zone_commune":0,"etiquette":"Secteur de l'école 52 RUE VAUVENARGUES","lib_etab_1":"VAUVENARGUES (52) MAT","lib_etab_2":null,"lib_etab_3":null,"lib_etab_4":null,"adr_etab_1":"52 RUE VAUVENARGUES","adr_etab_2":null,"adr_etab_3":null,"adr_etab_4":null,"type_etabl":"Maternelle","geo_point_2d":{"lon":2.3301395370690905,"lat":48.89520711574936},"st_area_shape":91776.44150345383,"st_perimeter_shape":5018.813986935007}},{"type":"Feature","geometry":{"coordinates":[[[[2.341988,48.891565],[2.341859,48.891328],[2.339831,48.891266],[2.341565,48.892431],[2.342269,48.892214],[2.341988,48.891565]]],[[[2.34601,48.889442],[2.346323,48.888961],[2.345082,48.889303],[2.34601,48.889442]]],[[[2.344601,48.889809],[2.345531,48.889937],[2.345193,48.889859],[2.345316,48.889542],[2.345987,48.88953],[2.344788,48.889385],[2.344011,48.889612],[2.344164,48.890128],[2.344601,48.889809]]],[[[2.343855,48.889664],[2.343106,48.889882],[2.34336,48.890184],[2.343944,48.890142],[2.343855,48.889664]]],[[[2.342386,48.890013],[2.342631,48.889913],[2.342615,48.88987],[2.34258,48.889869],[2.342339,48.889962],[2.342338,48.889961],[2.342307,48.889951],[2.342282,48.889962],[2.342276,48.889959],[2.342277,48.889946],[2.342103,48.889982],[2.342099,48.889962],[2.342059,48.889962],[2.342058,48.889986],[2.342005,48.889987],[2.34194,48.89],[2.341983,48.890022],[2.341825,48.890066],[2.341823,48.890077],[2.341816,48.890126],[2.341812,48.890149],[2.341812,48.89015],[2.341681,48.890281],[2.34171,48.890289],[2.341877,48.890221],[2.342182,48.890096],[2.342386,48.890013]]],[[[2.344401,48.890401],[2.344168,48.890255],[2.344239,48.890536],[2.344401,48.890401]]],[[[2.341964,48.890334],[2.341933,48.890324],[2.341749,48.890399],[2.341558,48.890477],[2.341565,48.890499],[2.341861,48.890523],[2.341967,48.890532],[2.341997,48.890513],[2.34198,48.890423],[2.341964,48.890334]]],[[[2.341064,48.890446],[2.341525,48.890363],[2.341213,48.890092],[2.340716,48.890156],[2.340577,48.890733],[2.341064,48.890446]]],[[[2.344571,48.890749],[2.344262,48.890626],[2.344344,48.890953],[2.344571,48.890749]]],[[[2.344007,48.890264],[2.343447,48.890321],[2.343756,48.891126],[2.344197,48.891025],[2.344007,48.890264]]],[[[2.339864,48.891039],[2.340421,48.8908],[2.33979,48.890811],[2.339663,48.891097],[2.339864,48.891039]]],[[[2.343349,48.89117],[2.343472,48.89073],[2.342968,48.889942],[2.342113,48.890251],[2.342282,48.891187],[2.343349,48.89117]]],[[[2.340485,48.890939],[2.339983,48.891146],[2.340527,48.891206],[2.340485,48.890939]]],[[[2.341841,48.891216],[2.342118,48.891193],[2.342016,48.890626],[2.341453,48.89058],[2.341841,48.891216]]],[[[2.341061,48.891175],[2.341471,48.891129],[2.341299,48.890609],[2.340605,48.890881],[2.340727,48.891226],[2.341061,48.891175]]],[[[2.343236,48.891415],[2.342791,48.891318],[2.343108,48.891995],[2.343236,48.891415]]],[[[2.342621,48.891319],[2.342061,48.891342],[2.342456,48.892181],[2.342928,48.892029],[2.342621,48.891319]]],[[[2.343478,48.892209],[2.343137,48.892126],[2.343326,48.89256],[2.343478,48.892209]]],[[[2.340511,48.891901],[2.339784,48.891425],[2.340143,48.892598],[2.341211,48.892491],[2.340511,48.891901]]],[[[2.342987,48.892171],[2.342498,48.892286],[2.34263,48.892656],[2.343165,48.892581],[2.342987,48.892171]]],[[[2.34233,48.892355],[2.341665,48.892559],[2.342447,48.892701],[2.34233,48.892355]]],[[[2.341472,48.892582],[2.340188,48.892741],[2.340294,48.892996],[2.34173,48.892799],[2.341472,48.892582]]],[[[2.341018,48.893497],[2.341946,48.893356],[2.342004,48.89296],[2.340349,48.893173],[2.341018,48.893497]]]],"type":"MultiPolygon"},"properties":{"id_projet":"MATERNELLES (année scolaire 2023/2024)","libelle":"RUISSEAU (6) MAT","annee_scol":"2023-2024","zone_commune":0,"etiquette":"Secteur de l'école 6 RUE DU RUISSEAU","lib_etab_1":"RUISSEAU (6) MAT","lib_etab_2":null,"lib_etab_3":null,"lib_etab_4":null,"adr_etab_1":"6 RUE DU RUISSEAU","adr_etab_2":null,"adr_etab_3":null,"adr_etab_4":null,"type_etabl":"Maternelle","geo_point_2d":{"lon":2.3422354290972534,"lat":48.891293967826414},"st_area_shape":71184.9597177439,"st_perimeter_shape":5474.235113220624}},{"type":"Feature","geometry":{"coordinates":[[[[2.331349,48.895331],[2.332421,48.89423],[2.329587,48.893623],[2.329937,48.894251],[2.330399,48.894114],[2.330072,48.894389],[2.331018,48.895566],[2.331349,48.895331]]],[[[2.327852,48.89321],[2.328198,48.894789],[2.329774,48.894269],[2.329373,48.893549],[2.327852,48.89321]]],[[[2.330094,48.896613],[2.330587,48.896108],[2.329869,48.896242],[2.330499,48.895974],[2.328577,48.895914],[2.328777,48.896507],[2.329516,48.89631],[2.328812,48.89661],[2.329137,48.897447],[2.330094,48.896613]]],[[[2.332647,48.895112],[2.332405,48.89458],[2.331193,48.895754],[2.332845,48.896006],[2.332647,48.895112]]],[[[2.329584,48.897439],[2.330939,48.897111],[2.331518,48.89741],[2.332048,48.897129],[2.331305,48.896919],[2.330892,48.896469],[2.331187,48.89636],[2.330972,48.896066],[2.329584,48.897439]]],[[[2.330219,48.894963],[2.329856,48.894449],[2.329577,48.89451],[2.329711,48.894875],[2.329483,48.894542],[2.32916,48.894663],[2.329819,48.895618],[2.330873,48.895667],[2.330219,48.894963]]],[[[2.329563,48.895375],[2.329113,48.894681],[2.32826,48.894973],[2.328797,48.895004],[2.329188,48.895561],[2.32968,48.895603],[2.329563,48.895375]]],[[[2.330254,48.895743],[2.329986,48.89571],[2.329717,48.89568],[2.329447,48.895654],[2.329177,48.895634],[2.328777,48.895611],[2.328773,48.895611],[2.328773,48.895609],[2.328554,48.895601],[2.328554,48.895599],[2.328504,48.895599],[2.328473,48.895619],[2.328532,48.895794],[2.328581,48.895803],[2.328991,48.89573],[2.329005,48.895728],[2.329014,48.895728],[2.329018,48.895728],[2.329032,48.895728],[2.329036,48.895728],[2.329307,48.895746],[2.329577,48.895771],[2.329764,48.89579],[2.329846,48.895799],[2.330115,48.895831],[2.330835,48.895925],[2.331005,48.895949],[2.331408,48.896004],[2.331439,48.895898],[2.331098,48.895854],[2.330923,48.89583],[2.330254,48.895743]]],[[[2.330009,48.893358],[2.329094,48.893164],[2.329093,48.893164],[2.328842,48.893112],[2.328497,48.893003],[2.328515,48.89303],[2.328499,48.89303],[2.328417,48.893029],[2.328415,48.893029],[2.32835,48.893028],[2.328348,48.893028],[2.32829,48.893028],[2.32829,48.893027],[2.328041,48.89302],[2.327989,48.893006],[2.327989,48.89305],[2.328262,48.893111],[2.328618,48.893191],[2.328925,48.893259],[2.32953,48.893395],[2.329647,48.893421],[2.330016,48.893503],[2.330037,48.893496],[2.330009,48.893358]]],[[[2.32879,48.895077],[2.328737,48.895064],[2.328358,48.895194],[2.328337,48.895219],[2.328392,48.895367],[2.328429,48.895379],[2.328454,48.89537],[2.32852,48.895347],[2.328853,48.895231],[2.328872,48.895194],[2.32879,48.895077]]],[[[2.328855,48.8953],[2.328433,48.895488],[2.329013,48.895548],[2.328855,48.8953]]]],"type":"MultiPolygon"},"properties":{"id_projet":"MATERNELLES (année scolaire 2021/2022)","libelle":"VAUVENARGUES (52) MAT","annee_scol":"2021-2022","zone_commune":0,"etiquette":"Secteur de l'école 52 RUE VAUVENARGUES","lib_etab_1":"VAUVENARGUES (52) MAT","lib_etab_2":null,"lib_etab_3":null,"lib_etab_4":null,"adr_etab_1":"52 RUE VAUVENARGUES","adr_etab_2":null,"adr_etab_3":null,"adr_etab_4":null,"type_etabl":"Maternelle","geo_point_2d":{"lon":2.330139537069095,"lat":48.89520711574951},"st_area_shape":91776.44150345381,"st_perimeter_shape":5018.813986935006}},{"type":"Feature","geometry":{"coordinates":[[[[2.36074,48.89802],[2.361835,48.89759],[2.367495,48.897536],[2.368463,48.896548],[2.371009,48.895772],[2.366011,48.894469],[2.365742,48.894926],[2.365042,48.895],[2.365208,48.89569],[2.365934,48.896051],[2.364972,48.89556],[2.363631,48.895852],[2.363337,48.89547],[2.36275,48.895532],[2.362534,48.895966],[2.362042,48.895422],[2.360823,48.89555],[2.362077,48.895218],[2.361648,48.894369],[2.36017,48.895318],[2.361302,48.896093],[2.360775,48.896148],[2.360463,48.896944],[2.360416,48.898009],[2.36074,48.89802]],[[2.360844,48.895666],[2.360852,48.895553],[2.361133,48.895564],[2.361156,48.895636],[2.361168,48.895677],[2.360844,48.895666]]],[[[2.369751,48.893663],[2.368861,48.891594],[2.366117,48.892305],[2.365644,48.892892],[2.36436,48.893536],[2.366262,48.894358],[2.371404,48.89572],[2.371731,48.895457],[2.370427,48.89467],[2.369751,48.893663]]],[[[2.363458,48.895148],[2.362942,48.893569],[2.362581,48.893892],[2.362707,48.894219],[2.361823,48.894107],[2.362275,48.895213],[2.362654,48.895395],[2.363458,48.895148]]],[[[2.364289,48.893635],[2.363704,48.893383],[2.363714,48.893846],[2.363175,48.893915],[2.363599,48.89501],[2.364793,48.894864],[2.364289,48.893635]]],[[[2.364958,48.895508],[2.364837,48.895007],[2.363532,48.895352],[2.3638,48.89563],[2.364958,48.895508]]],[[[2.365357,48.894157],[2.364713,48.893997],[2.364995,48.89484],[2.365781,48.894411],[2.365357,48.894157]]]],"type":"MultiPolygon"},"properties":{"id_projet":"MATERNELLES (année scolaire 2021/2022)","libelle":"TCHAIKOVSKI (7) MAT","annee_scol":"2021-2022","zone_commune":0,"etiquette":"Secteur de l'école 7 RUE TCHAIKOVSKI","lib_etab_1":"TCHAIKOVSKI (7) MAT","lib_etab_2":null,"lib_etab_3":null,"lib_etab_4":null,"adr_etab_1":"7 RUE TCHAIKOVSKI","adr_etab_2":null,"adr_etab_3":null,"adr_etab_4":null,"type_etabl":"Maternelle","geo_point_2d":{"lon":2.3657582459169917,"lat":48.89517462031201},"st_area_shape":310269.3472948914,"st_perimeter_shape":6161.800621527565}},{"type":"Feature","geometry":{"coordinates":[[[[2.346174,48.890292],[2.347359,48.890262],[2.347349,48.889904],[2.346803,48.889911],[2.347109,48.889545],[2.347535,48.890216],[2.348324,48.890365],[2.348076,48.889096],[2.346571,48.888981],[2.345546,48.890635],[2.346174,48.890292]]],[[[2.346924,48.890368],[2.345705,48.890757],[2.347277,48.891183],[2.348275,48.890493],[2.346924,48.890368]]],[[[2.349382,48.888433],[2.34812,48.888453],[2.348218,48.888997],[2.349306,48.889352],[2.349382,48.888433]]],[[[2.346113,48.892004],[2.345443,48.8909],[2.344781,48.891799],[2.345461,48.892047],[2.345076,48.892301],[2.346113,48.892004]]],[[[2.34585,48.890912],[2.345601,48.890872],[2.346263,48.891964],[2.347173,48.891319],[2.34585,48.890912]]],[[[2.348383,48.889162],[2.348544,48.890292],[2.349392,48.889495],[2.348383,48.889162]]],[[[2.347522,48.891365],[2.346452,48.89202],[2.34852,48.891664],[2.347522,48.891365]]],[[[2.348395,48.890603],[2.347565,48.891262],[2.348596,48.891516],[2.348395,48.890603]]],[[[2.349388,48.891492],[2.349087,48.891386],[2.349012,48.890656],[2.348569,48.890517],[2.348805,48.89159],[2.349388,48.891492]]],[[[2.34779,48.89358],[2.346901,48.892153],[2.347354,48.893539],[2.34779,48.89358]]],[[[2.347943,48.888537],[2.346697,48.888886],[2.348018,48.888986],[2.347943,48.888537]]],[[[2.347755,48.892746],[2.347098,48.892127],[2.347874,48.89343],[2.347755,48.892746]]],[[[2.348666,48.890383],[2.348794,48.890344],[2.348793,48.890345],[2.348975,48.890294],[2.348977,48.890295],[2.348977,48.890297],[2.349151,48.89025],[2.349151,48.890247],[2.349174,48.890204],[2.349179,48.890193],[2.349208,48.890139],[2.34921,48.890139],[2.349269,48.89003],[2.349269,48.890029],[2.349375,48.889846],[2.349356,48.889842],[2.349176,48.889978],[2.349068,48.89006],[2.348961,48.890141],[2.348854,48.890221],[2.348797,48.890264],[2.348657,48.89037],[2.348666,48.890383]]]],"type":"MultiPolygon"},"properties":{"id_projet":"MATERNELLES (année scolaire 2022/2023)","libelle":"FERDINAND FLOCON (3) MAT","annee_scol":"2022-2023","zone_commune":0,"etiquette":"Secteur de l'école 3 RUE FERDINAND FLOCON","lib_etab_1":"FERDINAND FLOCON (3) MAT","lib_etab_2":null,"lib_etab_3":null,"lib_etab_4":null,"adr_etab_1":"3 RUE FERDINAND FLOCON","adr_etab_2":null,"adr_etab_3":null,"adr_etab_4":null,"type_etabl":"Maternelle","geo_point_2d":{"lon":2.3473753761748655,"lat":48.89051096420385},"st_area_shape":78339.06187836308,"st_perimeter_shape":5016.250555617623}},{"type":"Feature","geometry":{"coordinates":[[[[2.339087,48.896423],[2.33872,48.896749],[2.342138,48.897124],[2.341669,48.896456],[2.339087,48.896423]]],[[[2.338838,48.895529],[2.338725,48.895196],[2.338721,48.895197],[2.338742,48.895258],[2.338745,48.895267],[2.338769,48.895337],[2.33878,48.895369],[2.338798,48.895421],[2.338834,48.895528],[2.338838,48.895529]]],[[[2.341746,48.895027],[2.341482,48.89452],[2.340868,48.894876],[2.341348,48.89562],[2.341746,48.895027]]],[[[2.341018,48.895384],[2.340697,48.894944],[2.339808,48.895627],[2.340753,48.895462],[2.340678,48.895178],[2.341201,48.8957],[2.341018,48.895384]]],[[[2.343138,48.895007],[2.342008,48.895233],[2.342174,48.895363],[2.341752,48.895686],[2.343278,48.895736],[2.343138,48.895007]]],[[[2.341527,48.896347],[2.341245,48.895836],[2.339727,48.895816],[2.339114,48.896261],[2.341527,48.896347]]],[[[2.342934,48.896505],[2.343478,48.896313],[2.343307,48.895862],[2.341503,48.895861],[2.34209,48.896706],[2.342934,48.896505]]],[[[2.343857,48.896903],[2.343685,48.896634],[2.342997,48.896815],[2.343675,48.896617],[2.343544,48.896454],[2.342138,48.896848],[2.342452,48.897185],[2.344045,48.897418],[2.343857,48.896903]]],[[[2.338439,48.897275],[2.342445,48.897602],[2.338359,48.896962],[2.337733,48.897615],[2.338498,48.897501],[2.338439,48.897275]]],[[[2.341142,48.897668],[2.340213,48.897604],[2.340036,48.897592],[2.339841,48.897578],[2.339844,48.897593],[2.339849,48.897623],[2.340033,48.897634],[2.340033,48.897634],[2.340201,48.89765],[2.340202,48.897649],[2.341141,48.897685],[2.341142,48.897668]]],[[[2.340978,48.897536],[2.340842,48.897527],[2.340797,48.897524],[2.34074,48.89752],[2.340654,48.897515],[2.340624,48.897513],[2.340575,48.89751],[2.340563,48.897509],[2.340467,48.897503],[2.34037,48.897496],[2.340274,48.89749],[2.340244,48.897488],[2.340147,48.897482],[2.340132,48.897481],[2.340108,48.897479],[2.34001,48.897473],[2.33995,48.897469],[2.33982,48.897461],[2.339833,48.897527],[2.33986,48.897529],[2.339861,48.897526],[2.339911,48.89753],[2.340001,48.897536],[2.340122,48.897544],[2.340264,48.897554],[2.340363,48.897561],[2.340459,48.897568],[2.340553,48.897574],[2.340645,48.897581],[2.340728,48.897586],[2.340791,48.897591],[2.34083,48.897594],[2.340962,48.897603],[2.341083,48.897611],[2.341195,48.897619],[2.34132,48.897627],[2.341439,48.897636],[2.341543,48.897643],[2.341675,48.897652],[2.341821,48.897663],[2.342042,48.897677],[2.342152,48.897685],[2.342282,48.897694],[2.342464,48.897707],[2.342476,48.897708],[2.342503,48.897693],[2.342463,48.897631],[2.342429,48.89763],[2.342396,48.897628],[2.342294,48.897621],[2.342271,48.89762],[2.342203,48.897615],[2.342161,48.897612],[2.342051,48.897605],[2.341826,48.897591],[2.341683,48.897582],[2.341559,48.897574],[2.34145,48.897566],[2.341335,48.897559],[2.34121,48.897551],[2.341145,48.897547],[2.34111,48.897544],[2.341092,48.897543],[2.340978,48.897536]]],[[[2.34417,48.897734],[2.344557,48.897655],[2.344203,48.897529],[2.342472,48.897332],[2.342793,48.897735],[2.34417,48.897734]]],[[[2.343236,48.898105],[2.342612,48.898092],[2.342513,48.898153],[2.342512,48.89816],[2.342563,48.898205],[2.343766,48.898238],[2.343882,48.89817],[2.343806,48.898117],[2.343236,48.898105]]]],"type":"MultiPolygon"},"properties":{"id_projet":"MATERNELLES (année scolaire 2023/2024)","libelle":"GUSTAVE ROUANET (1) MAT","annee_scol":"2023-2024","zone_commune":0,"etiquette":"Secteur de l'école 1 RUE GUSTAVE ROUANET","lib_etab_1":"GUSTAVE ROUANET (1) MAT","lib_etab_2":null,"lib_etab_3":null,"lib_etab_4":null,"adr_etab_1":"1 RUE GUSTAVE ROUANET","adr_etab_2":null,"adr_etab_3":null,"adr_etab_4":null,"type_etabl":"Maternelle","geo_point_2d":{"lon":2.3415046383097007,"lat":48.89651176889333},"st_area_shape":69727.27438868265,"st_perimeter_shape":5055.69660660933}},{"type":"Feature","geometry":{"coordinates":[[[[2.333883,48.899307],[2.333897,48.899028],[2.330915,48.898968],[2.330902,48.899246],[2.329986,48.899312],[2.330287,48.900143],[2.334579,48.900232],[2.334623,48.899324],[2.333883,48.899307]]],[[[2.341141,48.897685],[2.338469,48.89727],[2.338498,48.897501],[2.337733,48.897615],[2.341141,48.897685]]],[[[2.335814,48.898087],[2.336385,48.898734],[2.336573,48.898174],[2.335814,48.898087]]],[[[2.335248,48.898175],[2.33451,48.89905],[2.336076,48.899082],[2.335248,48.898175]]],[[[2.338103,48.897996],[2.337489,48.898028],[2.336609,48.899017],[2.337405,48.899064],[2.338103,48.897996]]],[[[2.338414,48.898341],[2.337732,48.899117],[2.338964,48.899063],[2.338414,48.898341]]],[[[2.345432,48.900443],[2.345472,48.899563],[2.344585,48.899549],[2.344577,48.900434],[2.345432,48.900443]]],[[[2.334931,48.899329],[2.33479,48.900411],[2.335238,48.90042],[2.335802,48.899418],[2.334931,48.899329]]],[[[2.339907,48.900575],[2.33992,48.89944],[2.336539,48.899362],[2.335789,48.900491],[2.339907,48.900575]]],[[[2.343236,48.900705],[2.343292,48.899504],[2.340215,48.899457],[2.340212,48.900613],[2.343236,48.900705]]],[[[2.346117,48.900782],[2.34753,48.900772],[2.34759,48.89959],[2.345625,48.89955],[2.345578,48.900569],[2.344531,48.900689],[2.346117,48.900782]]]],"type":"MultiPolygon"},"properties":{"id_projet":"MATERNELLES (année scolaire 2023/2024)","libelle":"FRANCOISE DORLEAC (2) MAT","annee_scol":"2023-2024","zone_commune":0,"etiquette":"Secteur de l'école 2 PLACE FRANCOISE DORLEAC","lib_etab_1":"FRANCOISE DORLEAC (2) MAT","lib_etab_2":null,"lib_etab_3":null,"lib_etab_4":null,"adr_etab_1":"2 PLACE FRANCOISE DORLEAC","adr_etab_2":null,"adr_etab_3":null,"adr_etab_4":null,"type_etabl":"Maternelle","geo_point_2d":{"lon":2.3383773549519598,"lat":48.89970061408829},"st_area_shape":168018.87030652727,"st_perimeter_shape":5699.336927864807}},{"type":"Feature","geometry":{"coordinates":[[[[2.337114,48.894831],[2.336285,48.893762],[2.335549,48.894795],[2.33733,48.895193],[2.337114,48.894831]]],[[[2.338484,48.895421],[2.337911,48.894614],[2.337475,48.894489],[2.337769,48.894377],[2.337343,48.893835],[2.33656,48.89375],[2.33762,48.895247],[2.338484,48.895421]]],[[[2.33878,48.895369],[2.338769,48.895337],[2.338767,48.895337],[2.338657,48.895483],[2.338676,48.895493],[2.338834,48.895528],[2.338798,48.895421],[2.33878,48.895369]]],[[[2.341823,48.895174],[2.341823,48.895174],[2.341434,48.895324],[2.341436,48.895327],[2.341424,48.895331],[2.341416,48.895622],[2.341485,48.895624],[2.341541,48.89555],[2.341607,48.895461],[2.3417,48.895338],[2.34177,48.895245],[2.341823,48.895174]]],[[[2.339469,48.895238],[2.33891,48.895545],[2.339389,48.895647],[2.339469,48.895238]]],[[[2.342174,48.895363],[2.342008,48.895233],[2.342007,48.895234],[2.341868,48.895419],[2.341795,48.895515],[2.341704,48.895634],[2.341752,48.895686],[2.342037,48.895582],[2.342174,48.895363]]],[[[2.341201,48.8957],[2.340678,48.895178],[2.340753,48.895462],[2.339831,48.89566],[2.341201,48.8957]]],[[[2.339349,48.895837],[2.338703,48.895657],[2.338892,48.896225],[2.339349,48.895837]]],[[[2.338712,48.896104],[2.33852,48.895591],[2.337764,48.895448],[2.33822,48.896091],[2.338601,48.89603],[2.338232,48.896108],[2.338547,48.896553],[2.338712,48.896104]]],[[[2.337993,48.897074],[2.337106,48.897108],[2.337182,48.897313],[2.337993,48.897074]]],[[[2.337084,48.897218],[2.336437,48.897155],[2.336551,48.897412],[2.337084,48.897218]]],[[[2.336239,48.897579],[2.336476,48.897413],[2.335895,48.897421],[2.336239,48.897579]]],[[[2.337619,48.897454],[2.337621,48.897453],[2.337611,48.897454],[2.337685,48.897379],[2.337735,48.897329],[2.33771,48.89731],[2.337442,48.897353],[2.337322,48.897372],[2.337205,48.897391],[2.337083,48.89741],[2.336845,48.897448],[2.336723,48.897467],[2.336651,48.897478],[2.336587,48.897488],[2.336322,48.897573],[2.336329,48.8976],[2.336706,48.897607],[2.336777,48.897608],[2.336904,48.897611],[2.337149,48.897617],[2.337313,48.897621],[2.337388,48.897622],[2.337485,48.897589],[2.337619,48.897454]]],[[[2.336768,48.898305],[2.336961,48.898008],[2.336527,48.898191],[2.336238,48.898545],[2.336386,48.898733],[2.336768,48.898305]]]],"type":"MultiPolygon"},"properties":{"id_projet":"MATERNELLES (année scolaire 2023/2024)","libelle":"CHAMPIONNET (113)","annee_scol":"2023-2024","zone_commune":0,"etiquette":"Secteur de l'école 113 RUE CHAMPIONNET","lib_etab_1":"CHAMPIONNET (113) POLY","lib_etab_2":null,"lib_etab_3":null,"lib_etab_4":null,"adr_etab_1":"113 RUE CHAMPIONNET","adr_etab_2":null,"adr_etab_3":null,"adr_etab_4":null,"type_etabl":"Maternelle","geo_point_2d":{"lon":2.33764534062752,"lat":48.89551539019335},"st_area_shape":33346.02188284359,"st_perimeter_shape":3271.8539007656914}},{"type":"Feature","geometry":{"coordinates":[[[[2.3278,48.887716],[2.326908,48.887522],[2.325949,48.888017],[2.326405,48.889451],[2.32776,48.888805],[2.327392,48.8883],[2.3278,48.887716]]],[[[2.327007,48.887155],[2.326941,48.887114],[2.326867,48.887129],[2.326865,48.887133],[2.32684,48.887207],[2.326861,48.887251],[2.326934,48.887402],[2.327023,48.887399],[2.327012,48.887236],[2.327007,48.887155]]],[[[2.328132,48.887637],[2.328481,48.887309],[2.327152,48.887292],[2.327196,48.887546],[2.328132,48.887637]]],[[[2.326234,48.886698],[2.325749,48.887489],[2.325918,48.887907],[2.326849,48.887433],[2.326815,48.886997],[2.326234,48.886698]]],[[[2.333322,48.887625],[2.332845,48.887937],[2.333091,48.888368],[2.333583,48.887954],[2.333322,48.887625]]],[[[2.332434,48.888898],[2.332956,48.888484],[2.332703,48.888062],[2.331929,48.88858],[2.332223,48.889011],[2.332434,48.888898]]],[[[2.332901,48.889355],[2.333361,48.889264],[2.33303,48.888607],[2.332326,48.889158],[2.332531,48.88944],[2.332901,48.889355]]],[[[2.332947,48.889463],[2.332626,48.889572],[2.333013,48.890077],[2.333268,48.889503],[2.332947,48.889463]]],[[[2.327868,48.888888],[2.326464,48.889562],[2.326686,48.890293],[2.328324,48.88944],[2.327868,48.888888]]],[[[2.328531,48.889661],[2.328397,48.889515],[2.328253,48.889593],[2.328125,48.889662],[2.327993,48.889733],[2.327814,48.889829],[2.327665,48.88991],[2.32753,48.889982],[2.327466,48.890017],[2.327338,48.890086],[2.327213,48.890154],[2.327084,48.890223],[2.326959,48.89029],[2.326774,48.89039],[2.326726,48.890416],[2.326766,48.890533],[2.326778,48.890569],[2.32681,48.890576],[2.327016,48.890467],[2.327463,48.890231],[2.327678,48.890118],[2.327892,48.890005],[2.327975,48.889961],[2.328156,48.889865],[2.328292,48.889794],[2.328404,48.889735],[2.328535,48.889666],[2.328531,48.889661]]],[[[2.331655,48.888926],[2.32946,48.890076],[2.331034,48.890697],[2.331655,48.888926]]],[[[2.327325,48.890721],[2.328612,48.889992],[2.329115,48.89005],[2.328507,48.889748],[2.32682,48.890635],[2.327325,48.890721]]],[[[2.332008,48.888963],[2.331184,48.890761],[2.333164,48.890653],[2.332008,48.888963]]],[[[2.329383,48.89017],[2.328971,48.890322],[2.329432,48.891039],[2.330895,48.890941],[2.329383,48.89017]]]],"type":"MultiPolygon"},"properties":{"id_projet":"MATERNELLES (année scolaire 2024/2025)","libelle":"CARPEAUX (5-7) MAT","annee_scol":"2024-2025","zone_commune":0,"etiquette":"Secteur de l'école 5 RUE CARPEAUX","lib_etab_1":"CARPEAUX (5-7) MAT","lib_etab_2":null,"lib_etab_3":null,"lib_etab_4":null,"adr_etab_1":"5 RUE CARPEAUX","adr_etab_2":null,"adr_etab_3":null,"adr_etab_4":null,"type_etabl":"Maternelle","geo_point_2d":{"lon":2.3294347284230574,"lat":48.88930977447341},"st_area_shape":97711.07310645387,"st_perimeter_shape":4959.347188313323}},{"type":"Feature","geometry":{"coordinates":[[[[2.332202,48.886581],[2.332488,48.886442],[2.331841,48.885908],[2.332202,48.885677],[2.331931,48.885331],[2.33271,48.885001],[2.332732,48.884001],[2.331881,48.884183],[2.332294,48.884835],[2.331848,48.884191],[2.330731,48.884451],[2.331221,48.885342],[2.330785,48.885435],[2.332202,48.886581]]],[[[2.330512,48.884677],[2.329913,48.884745],[2.330832,48.885272],[2.330512,48.884677]]],[[[2.329266,48.88519],[2.329324,48.884753],[2.327899,48.883849],[2.327419,48.88389],[2.327113,48.884549],[2.327836,48.884918],[2.328425,48.884576],[2.327858,48.885015],[2.327092,48.884594],[2.326928,48.884942],[2.328815,48.885732],[2.329266,48.88519]]],[[[2.327931,48.886447],[2.32875,48.885767],[2.326903,48.884997],[2.326512,48.885837],[2.327697,48.886615],[2.327931,48.886447]]],[[[2.330689,48.885499],[2.329489,48.884874],[2.329253,48.885614],[2.328291,48.886331],[2.328927,48.886817],[2.329362,48.88652],[2.328992,48.886222],[2.330689,48.885499]]],[[[2.328458,48.886591],[2.328176,48.886413],[2.327855,48.886719],[2.328445,48.887072],[2.328821,48.886873],[2.328458,48.886591]]],[[[2.326621,48.886035],[2.32617,48.886576],[2.327128,48.887107],[2.327687,48.88676],[2.326621,48.886035]]],[[[2.327895,48.886871],[2.327152,48.887292],[2.328481,48.887309],[2.327895,48.886871]]]],"type":"MultiPolygon"},"properties":{"id_projet":"MATERNELLES (année scolaire 2025/2026)","libelle":"FOREST (14) POLY","annee_scol":"2025-2026","zone_commune":0,"etiquette":"Secteur de l'école 14 RUE FOREST","lib_etab_1":"FOREST (14) POLY","lib_etab_2":null,"lib_etab_3":null,"lib_etab_4":null,"adr_etab_1":"14 RUE FOREST","adr_etab_2":null,"adr_etab_3":null,"adr_etab_4":null,"type_etabl":"Maternelle","geo_point_2d":{"lon":2.329122568325371,"lat":48.8854801934954},"st_area_shape":86526.03363478252,"st_perimeter_shape":4058.1383328309553}},{"type":"Feature","geometry":{"coordinates":[[[[2.360903,48.886344],[2.36042,48.885004],[2.359538,48.884979],[2.359766,48.886768],[2.360933,48.886729],[2.360903,48.886344]]],[[[2.360475,48.884639],[2.360458,48.884613],[2.359614,48.884617],[2.359584,48.884637],[2.359587,48.8847],[2.35959,48.884804],[2.359619,48.884821],[2.360309,48.884809],[2.360383,48.884734],[2.360475,48.884639]]],[[[2.365143,48.885441],[2.364573,48.8848],[2.364801,48.884587],[2.3643,48.884593],[2.364991,48.885694],[2.365143,48.885441]]],[[[2.364903,48.885716],[2.364196,48.884584],[2.361546,48.884598],[2.362157,48.884772],[2.362304,48.885325],[2.364414,48.885238],[2.364903,48.885716]]],[[[2.361106,48.885854],[2.361353,48.884635],[2.360867,48.884603],[2.360562,48.884887],[2.360953,48.886019],[2.361106,48.885854]]],[[[2.362725,48.886522],[2.362656,48.886405],[2.361669,48.886657],[2.36157,48.886682],[2.36137,48.886733],[2.361315,48.886814],[2.361336,48.886849],[2.361684,48.886873],[2.361682,48.88687],[2.361675,48.886858],[2.361773,48.886832],[2.362754,48.886573],[2.362725,48.886522]]],[[[2.360748,48.887684],[2.360908,48.886847],[2.359789,48.886876],[2.360406,48.887058],[2.360223,48.88768],[2.360748,48.887684]]]],"type":"MultiPolygon"},"properties":{"id_projet":"MATERNELLES (année scolaire 2025/2026)","libelle":"PAJOL (11) POLY","annee_scol":"2025-2026","zone_commune":0,"etiquette":"Secteur de l'école 11 RUE PAJOL","lib_etab_1":"PAJOL (11) POLY","lib_etab_2":null,"lib_etab_3":null,"lib_etab_4":null,"adr_etab_1":"11 RUE PAJOL","adr_etab_2":null,"adr_etab_3":null,"adr_etab_4":null,"type_etabl":"Maternelle","geo_point_2d":{"lon":2.361573982453437,"lat":48.885593865579956},"st_area_shape":44464.21629636397,"st_perimeter_shape":2744.4946958639084}},{"type":"Feature","geometry":{"coordinates":[[[[2.354112,48.895746],[2.354605,48.894588],[2.354348,48.893386],[2.353684,48.893745],[2.353376,48.892415],[2.352353,48.892511],[2.352855,48.893824],[2.353681,48.893745],[2.353742,48.894003],[2.35295,48.894289],[2.353145,48.895933],[2.352691,48.898062],[2.356667,48.898252],[2.356685,48.897973],[2.355728,48.897933],[2.355817,48.895786],[2.354112,48.895746]],[[2.354099,48.895782],[2.354112,48.895746],[2.354079,48.895843],[2.354099,48.895782]],[[2.353876,48.896732],[2.353897,48.896597],[2.353931,48.896378],[2.353876,48.896732]]],[[[2.354999,48.898576],[2.355033,48.898284],[2.353753,48.898254],[2.353711,48.898554],[2.352627,48.898597],[2.352132,48.901496],[2.355159,48.901551],[2.355561,48.898617],[2.354999,48.898576]]],[[[2.349736,48.899632],[2.34759,48.89959],[2.34753,48.900772],[2.351911,48.900858],[2.352137,48.89968],[2.349736,48.899632]]],[[[2.352678,48.895308],[2.352192,48.895372],[2.352313,48.895811],[2.351665,48.897092],[2.348044,48.897277],[2.347529,48.897369],[2.347424,48.897784],[2.35228,48.897887],[2.352678,48.895308]]],[[[2.34973,48.899478],[2.352165,48.899527],[2.352287,48.898588],[2.351264,48.899356],[2.349638,48.899325],[2.349719,48.898899],[2.347603,48.8989],[2.347548,48.89932],[2.34973,48.899478]]],[[[2.356301,48.899487],[2.357645,48.899249],[2.357873,48.898876],[2.356344,48.898684],[2.356301,48.899487]]],[[[2.352715,48.893961],[2.35258,48.893337],[2.352242,48.893578],[2.352632,48.893727],[2.351573,48.893946],[2.352095,48.894325],[2.352738,48.894193],[2.352715,48.893961]]],[[[2.352777,48.8943],[2.352186,48.894417],[2.35278,48.894875],[2.352777,48.8943]]],[[[2.352057,48.893201],[2.352538,48.893191],[2.352348,48.892832],[2.351678,48.893036],[2.352057,48.893201]]],[[[2.352199,48.892701],[2.352239,48.892818],[2.352332,48.8928],[2.352276,48.892686],[2.352199,48.892701]]],[[[2.35285,48.895216],[2.352799,48.895188],[2.35278,48.89519],[2.352729,48.895299],[2.352747,48.895296],[2.352855,48.895282],[2.35285,48.895216]]]],"type":"MultiPolygon"},"properties":{"id_projet":"MATERNELLES (année scolaire 2025/2026)","libelle":"POISSONNIERS (142) POLY","annee_scol":"2025-2026","zone_commune":0,"etiquette":"Secteur de l'école 142 RUE DES POISSONNIERS","lib_etab_1":"POISSONNIERS (142) POLY","lib_etab_2":null,"lib_etab_3":null,"lib_etab_4":null,"adr_etab_1":"142 RUE DES POISSONNIERS","adr_etab_2":null,"adr_etab_3":null,"adr_etab_4":null,"type_etabl":"Maternelle","geo_point_2d":{"lon":2.3527311090946608,"lat":48.89813326835785},"st_area_shape":270358.10082911246,"st_perimeter_shape":7674.639003270114}},{"type":"Feature","geometry":{"coordinates":[[[[2.338359,48.896962],[2.337733,48.897615],[2.338466,48.89738],[2.342503,48.897693],[2.33982,48.897461],[2.342445,48.897602],[2.342205,48.89726],[2.338359,48.896962]],[[2.338359,48.896962],[2.338391,48.897058],[2.338374,48.897009],[2.338359,48.896962]],[[2.340473,48.897261],[2.340646,48.897285],[2.340598,48.897278],[2.340473,48.897261]],[[2.341903,48.897439],[2.342298,48.897493],[2.342228,48.897484],[2.341985,48.897451],[2.341903,48.897439]],[[2.341192,48.897342],[2.341861,48.897433],[2.341824,48.897428],[2.341788,48.897424],[2.341741,48.897417],[2.34172,48.897414],[2.341701,48.897412],[2.341643,48.897404],[2.341576,48.897395],[2.341508,48.897385],[2.341429,48.897375],[2.341405,48.897371],[2.341348,48.897363],[2.341289,48.897355],[2.341241,48.897349],[2.341222,48.897346],[2.341192,48.897342]],[[2.339428,48.897112],[2.339751,48.897159],[2.340032,48.897199],[2.339951,48.897188],[2.339714,48.897155],[2.339428,48.897112]]],[[[2.339087,48.896423],[2.33872,48.896749],[2.342138,48.897124],[2.341669,48.896456],[2.339087,48.896423]]],[[[2.342153,48.896723],[2.343449,48.896362],[2.343338,48.89588],[2.341526,48.895839],[2.342153,48.896723]]],[[[2.339658,48.895578],[2.339341,48.894447],[2.33985,48.895427],[2.340598,48.894625],[2.338997,48.893802],[2.339656,48.895367],[2.339389,48.895647],[2.339658,48.895578]]],[[[2.343857,48.896903],[2.343685,48.896634],[2.342997,48.896815],[2.343675,48.896617],[2.343544,48.896454],[2.342138,48.896848],[2.342452,48.897185],[2.344045,48.897418],[2.343857,48.896903]]],[[[2.341327,48.896345],[2.341594,48.896282],[2.341245,48.895836],[2.339727,48.895816],[2.339114,48.896261],[2.341327,48.896345]]],[[[2.343243,48.895377],[2.343138,48.895007],[2.341752,48.895686],[2.343278,48.895736],[2.343243,48.895377]]],[[[2.340407,48.893905],[2.340223,48.893503],[2.339122,48.89373],[2.340503,48.894439],[2.340407,48.893905]]],[[[2.343898,48.89776],[2.344557,48.897655],[2.344203,48.897529],[2.342472,48.897332],[2.342793,48.897735],[2.343898,48.89776]]],[[[2.338907,48.893621],[2.340214,48.893373],[2.338574,48.893418],[2.338907,48.893621]]],[[[2.341018,48.895384],[2.340697,48.894944],[2.339808,48.895627],[2.340765,48.895324],[2.341201,48.8957],[2.341018,48.895384]]],[[[2.341396,48.89526],[2.340874,48.894849],[2.341348,48.89562],[2.341396,48.89526]]],[[[2.343236,48.898105],[2.342612,48.898092],[2.342513,48.898153],[2.342512,48.89816],[2.342563,48.898205],[2.343766,48.898238],[2.343882,48.89817],[2.343806,48.898117],[2.343236,48.898105]]],[[[2.340201,48.89765],[2.340202,48.897649],[2.341141,48.897685],[2.341142,48.897668],[2.340213,48.897604],[2.340036,48.897592],[2.339841,48.897578],[2.339844,48.897593],[2.339849,48.897623],[2.340033,48.897634],[2.340033,48.897634],[2.340201,48.89765]]]],"type":"MultiPolygon"},"properties":{"id_projet":"MATERNELLES (année scolaire 2025/2026)","libelle":"GUSTAVE ROUANET (1) MAT","annee_scol":"2025-2026","zone_commune":0,"etiquette":"Secteur de l'école 1 RUE GUSTAVE ROUANET","lib_etab_1":"GUSTAVE ROUANET (1) MAT","lib_etab_2":null,"lib_etab_3":null,"lib_etab_4":null,"adr_etab_1":"1 RUE GUSTAVE ROUANET","adr_etab_2":null,"adr_etab_3":null,"adr_etab_4":null,"type_etabl":"Maternelle","geo_point_2d":{"lon":2.3410560186647973,"lat":48.89620408635447},"st_area_shape":90854.33918413846,"st_perimeter_shape":6470.3082753376975}},{"type":"Feature","geometry":{"coordinates":[[[[2.337882,48.893009],[2.337707,48.892715],[2.337912,48.893004],[2.339412,48.892741],[2.339229,48.892251],[2.339436,48.892737],[2.339962,48.892645],[2.339566,48.891258],[2.339292,48.891929],[2.337271,48.892358],[2.337882,48.893009]]],[[[2.345812,48.889921],[2.345183,48.889806],[2.346012,48.889533],[2.344788,48.889385],[2.344152,48.890122],[2.345812,48.889921]]],[[[2.345382,48.890577],[2.345655,48.890163],[2.344168,48.890255],[2.344239,48.890536],[2.34462,48.890494],[2.344262,48.890625],[2.34439,48.891009],[2.345382,48.890577]]],[[[2.344007,48.890264],[2.343447,48.890321],[2.343756,48.891126],[2.344197,48.891025],[2.344007,48.890264]]],[[[2.343349,48.89117],[2.343379,48.890538],[2.342897,48.890506],[2.342331,48.891204],[2.343349,48.89117]]],[[[2.345142,48.890935],[2.344438,48.891131],[2.344648,48.891584],[2.345142,48.890935]]],[[[2.343991,48.891749],[2.34448,48.891591],[2.344254,48.891165],[2.343748,48.891259],[2.343991,48.891749]]],[[[2.343587,48.891459],[2.342791,48.891318],[2.343114,48.891997],[2.3438,48.89181],[2.343587,48.891459]]],[[[2.342621,48.891319],[2.342061,48.891342],[2.342456,48.892181],[2.342928,48.892029],[2.342621,48.891319]]],[[[2.342032,48.891668],[2.341895,48.891352],[2.340952,48.891634],[2.339831,48.891266],[2.341453,48.892411],[2.34225,48.892239],[2.342032,48.891668]]],[[[2.343478,48.892209],[2.343137,48.892126],[2.343326,48.89256],[2.343478,48.892209]]],[[[2.340511,48.891901],[2.339784,48.891425],[2.340143,48.892598],[2.341211,48.892491],[2.340511,48.891901]]],[[[2.342987,48.892171],[2.342498,48.892286],[2.34263,48.892656],[2.343165,48.892581],[2.342987,48.892171]]],[[[2.34233,48.892355],[2.341665,48.892559],[2.342447,48.892701],[2.34233,48.892355]]],[[[2.341472,48.892582],[2.340188,48.892741],[2.340294,48.892996],[2.34173,48.892799],[2.341472,48.892582]]],[[[2.340029,48.892766],[2.337953,48.893133],[2.340079,48.893028],[2.340029,48.892766]]],[[[2.342004,48.892959],[2.340327,48.893195],[2.340779,48.89467],[2.342553,48.893377],[2.342004,48.892959]]],[[[2.342735,48.893476],[2.341584,48.894236],[2.341878,48.894865],[2.343113,48.894818],[2.342666,48.894716],[2.342735,48.893476]]],[[[2.341434,48.895324],[2.341823,48.895174],[2.341289,48.894491],[2.34088,48.894843],[2.341434,48.895324]]]],"type":"MultiPolygon"},"properties":{"id_projet":"MATERNELLES (année scolaire 2025/2026)","libelle":"RUISSEAU (6) MAT","annee_scol":"2025-2026","zone_commune":0,"etiquette":"Secteur de l'école 6 RUE DU RUISSEAU","lib_etab_1":"RUISSEAU (6) MAT","lib_etab_2":null,"lib_etab_3":null,"lib_etab_4":null,"adr_etab_1":"6 RUE DU RUISSEAU","adr_etab_2":null,"adr_etab_3":null,"adr_etab_4":null,"type_etabl":"Maternelle","geo_point_2d":{"lon":2.3417374074015966,"lat":48.8923156929414},"st_area_shape":105414.49293450407,"st_perimeter_shape":6434.485607104481}},{"type":"Feature","geometry":{"coordinates":[[[[2.35285,48.887534],[2.35313,48.887576],[2.35331,48.887134],[2.350875,48.886793],[2.351096,48.88718],[2.35285,48.887534]]],[[[2.352395,48.886805],[2.352666,48.886614],[2.350465,48.886283],[2.350818,48.886679],[2.352395,48.886805]]],[[[2.349944,48.88666],[2.349776,48.887156],[2.350006,48.887462],[2.350874,48.887093],[2.350652,48.88675],[2.349944,48.88666]]],[[[2.350955,48.887232],[2.350187,48.887563],[2.351321,48.888129],[2.350955,48.887232]]],[[[2.3515,48.887374],[2.351166,48.887332],[2.351448,48.887886],[2.352645,48.88765],[2.3515,48.887374]]],[[[2.351916,48.886321],[2.351996,48.885969],[2.350237,48.886027],[2.351916,48.886321]]],[[[2.350388,48.885664],[2.34984,48.885549],[2.350185,48.885933],[2.351188,48.885854],[2.351102,48.885588],[2.350388,48.885664]],[[2.350323,48.885672],[2.350388,48.885664],[2.350396,48.885687],[2.35041,48.885731],[2.35037,48.885736],[2.350345,48.885739],[2.350218,48.885754],[2.350185,48.885758],[2.350163,48.88569],[2.350197,48.885687],[2.350323,48.885672]]],[[[2.352068,48.888032],[2.353045,48.888028],[2.352906,48.887711],[2.351494,48.88799],[2.351587,48.888228],[2.352068,48.888032]]],[[[2.349953,48.885915],[2.349755,48.885748],[2.349767,48.886511],[2.350539,48.886625],[2.349953,48.885915]]],[[[2.351013,48.888191],[2.349779,48.887576],[2.350182,48.888025],[2.351013,48.888191]]],[[[2.349223,48.886964],[2.349318,48.88658],[2.347899,48.886406],[2.349223,48.886964]]],[[[2.352602,48.886425],[2.352139,48.885971],[2.352049,48.886395],[2.352602,48.886425]]],[[[2.351952,48.885909],[2.35227,48.885604],[2.351741,48.885574],[2.351197,48.885894],[2.351952,48.885909]]],[[[2.349164,48.886309],[2.349342,48.886451],[2.349303,48.885706],[2.348963,48.885993],[2.349164,48.886309]]],[[[2.353239,48.886964],[2.35325,48.886925],[2.353263,48.886883],[2.353184,48.886871],[2.353133,48.886863],[2.35303,48.886847],[2.353002,48.886843],[2.35299,48.886879],[2.352887,48.886867],[2.352899,48.88683],[2.352679,48.886944],[2.352694,48.886961],[2.352846,48.886984],[2.352948,48.887],[2.353078,48.88702],[2.353216,48.887041],[2.353336,48.887059],[2.35334,48.887057],[2.353242,48.886964],[2.353239,48.886964]]]],"type":"MultiPolygon"},"properties":{"id_projet":"MATERNELLES (année scolaire 2025/2026)","libelle":"RICHOMME (18) MAT","annee_scol":"2025-2026","zone_commune":0,"etiquette":"Secteur de l'école 18 RUE RICHOMME","lib_etab_1":"RICHOMME (18) MAT","lib_etab_2":null,"lib_etab_3":null,"lib_etab_4":null,"adr_etab_1":"18 RUE RICHOMME","adr_etab_2":null,"adr_etab_3":null,"adr_etab_4":null,"type_etabl":"Maternelle","geo_point_2d":{"lon":2.3511748279631344,"lat":48.88688043579204},"st_area_shape":46195.09819280452,"st_perimeter_shape":4245.365237073529}},{"type":"Feature","geometry":{"coordinates":[[[[2.332951,48.893634],[2.333597,48.892943],[2.333539,48.892502],[2.331831,48.892734],[2.331785,48.892255],[2.33057,48.89252],[2.33026,48.893429],[2.330782,48.893354],[2.330221,48.893549],[2.332542,48.894069],[2.332951,48.893634]]],[[[2.332944,48.89399],[2.334323,48.893265],[2.333773,48.893062],[2.332944,48.89399]]],[[[2.333444,48.891936],[2.332041,48.892238],[2.332218,48.892515],[2.333491,48.89235],[2.333444,48.891936]]],[[[2.329365,48.891208],[2.328912,48.891242],[2.329701,48.892466],[2.330072,48.892444],[2.329365,48.891208]]],[[[2.327515,48.890881],[2.329115,48.890086],[2.328612,48.889992],[2.327325,48.890721],[2.326814,48.89065],[2.326981,48.891173],[2.327515,48.890881]]],[[[2.328844,48.8904],[2.327216,48.891213],[2.329227,48.891085],[2.328844,48.8904]]],[[[2.330878,48.891069],[2.329538,48.891202],[2.330308,48.892398],[2.330878,48.891069]]],[[[2.330254,48.892589],[2.327989,48.89305],[2.330016,48.893503],[2.330254,48.892589]]],[[[2.332765,48.891946],[2.333257,48.89182],[2.332213,48.891763],[2.331075,48.89107],[2.330636,48.892329],[2.332765,48.891946]]],[[[2.328741,48.891251],[2.327062,48.891413],[2.327572,48.892931],[2.329495,48.892558],[2.328741,48.891251]]]],"type":"MultiPolygon"},"properties":{"id_projet":"MATERNELLES (année scolaire 2026/2027)","libelle":"JOSEPH DE MAISTRE (94) MAT","annee_scol":"2026-2027","zone_commune":0,"etiquette":"Secteur de l'école 94 JOSEPH DE MAISTRE (94) MAT","lib_etab_1":"JOSEPH DE MAISTRE (94) MAT","lib_etab_2":null,"lib_etab_3":null,"lib_etab_4":null,"adr_etab_1":"94 JOSEPH DE MAISTRE (94) MAT","adr_etab_2":null,"adr_etab_3":null,"adr_etab_4":null,"type_etabl":"Maternelle","geo_point_2d":{"lon":2.3302821001206637,"lat":48.89230082626292},"st_area_shape":107173.04103575839,"st_perimeter_shape":4719.750409778155}},{"type":"Feature","geometry":{"coordinates":[[[[2.338025,48.892112],[2.339292,48.891929],[2.339561,48.891259],[2.336616,48.891558],[2.337729,48.893016],[2.337271,48.892358],[2.338025,48.892112]],[[2.337798,48.891739],[2.338025,48.892112],[2.337868,48.891854],[2.337798,48.891739]]],[[[2.336098,48.893399],[2.334976,48.891818],[2.333773,48.893062],[2.336098,48.893399]]],[[[2.334453,48.890971],[2.334228,48.890626],[2.333444,48.890745],[2.333577,48.891766],[2.334815,48.891631],[2.334453,48.890971]]],[[[2.337628,48.894404],[2.338201,48.894582],[2.338631,48.893875],[2.337842,48.893995],[2.337938,48.89443],[2.337335,48.8936],[2.33656,48.89375],[2.336895,48.894223],[2.337628,48.894404]]],[[[2.335582,48.89205],[2.335253,48.891915],[2.336346,48.893452],[2.336913,48.893328],[2.336719,48.892633],[2.335582,48.89205]]],[[[2.333286,48.890783],[2.331722,48.891032],[2.333347,48.891718],[2.333286,48.890783]]],[[[2.335808,48.891495],[2.337754,48.89132],[2.33529,48.891452],[2.334454,48.890596],[2.335016,48.891567],[2.335808,48.891495]]],[[[2.333163,48.891768],[2.331143,48.891063],[2.332213,48.891763],[2.333163,48.891768]]],[[[2.333929,48.892588],[2.334788,48.891768],[2.333647,48.891887],[2.333747,48.892835],[2.333929,48.892588]]],[[[2.338459,48.893847],[2.338784,48.893693],[2.338333,48.893463],[2.337418,48.893591],[2.337652,48.893971],[2.338459,48.893847]]],[[[2.3366,48.89174],[2.336051,48.891616],[2.337314,48.892769],[2.3366,48.89174]]],[[[2.336384,48.892051],[2.336018,48.891619],[2.335218,48.891699],[2.336715,48.892495],[2.336384,48.892051]]],[[[2.338341,48.894582],[2.339269,48.894461],[2.338997,48.893802],[2.338551,48.894282],[2.339163,48.894288],[2.338341,48.894582]]],[[[2.336994,48.893184],[2.337597,48.893084],[2.336873,48.892712],[2.336994,48.893184]]],[[[2.338589,48.891249],[2.338777,48.89123],[2.338898,48.891218],[2.339113,48.891196],[2.339289,48.891178],[2.339294,48.891153],[2.339276,48.891152],[2.3391,48.891146],[2.3391,48.891147],[2.338876,48.891127],[2.338745,48.891112],[2.338745,48.89111],[2.338579,48.891094],[2.33858,48.89109],[2.338451,48.891075],[2.338438,48.891093],[2.338414,48.891085],[2.338154,48.891132],[2.338147,48.891122],[2.337965,48.891177],[2.33796,48.89117],[2.337951,48.891176],[2.337888,48.891319],[2.337893,48.89132],[2.338058,48.891304],[2.338201,48.89129],[2.338258,48.891284],[2.33841,48.891267],[2.338589,48.891249]]],[[[2.337789,48.893183],[2.337749,48.89318],[2.337694,48.893198],[2.337639,48.893215],[2.337505,48.893258],[2.337414,48.893287],[2.337259,48.893336],[2.337076,48.893394],[2.337099,48.893439],[2.337295,48.893412],[2.33746,48.893388],[2.337565,48.893374],[2.337719,48.893353],[2.337772,48.893345],[2.337864,48.893333],[2.337987,48.893315],[2.337997,48.893289],[2.337848,48.893213],[2.337789,48.893183]]]],"type":"MultiPolygon"},"properties":{"id_projet":"MATERNELLES (année scolaire 2026/2027)","libelle":"DAMREMONT (65) POLY","annee_scol":"2026-2027","zone_commune":0,"etiquette":"Secteur de l'école 65 DAMREMONT (65) POLY","lib_etab_1":"DAMREMONT (65) POLY","lib_etab_2":null,"lib_etab_3":null,"lib_etab_4":null,"adr_etab_1":"65 DAMREMONT (65) POLY","adr_etab_2":null,"adr_etab_3":null,"adr_etab_4":null,"type_etabl":"Maternelle","geo_point_2d":{"lon":2.335863716961072,"lat":48.89229302931411},"st_area_shape":90439.08020584856,"st_perimeter_shape":6538.428011766661}},{"type":"Feature","geometry":{"coordinates":[[[[2.355926,48.88817],[2.353572,48.887861],[2.353645,48.888418],[2.355946,48.888627],[2.355926,48.88817]]],[[[2.355183,48.887588],[2.353831,48.887496],[2.353568,48.887742],[2.356088,48.88796],[2.355183,48.887588]]],[[[2.35348,48.888187],[2.35341,48.887676],[2.353177,48.888026],[2.351587,48.888228],[2.353464,48.888402],[2.35348,48.888187]]],[[[2.353814,48.888569],[2.353694,48.888912],[2.354503,48.88885],[2.353814,48.888569]]],[[[2.351959,48.889005],[2.353503,48.888922],[2.353504,48.888558],[2.351682,48.888375],[2.352108,48.888612],[2.351959,48.889005]]],[[[2.352487,48.889235],[2.353416,48.889016],[2.351754,48.889105],[2.352487,48.889235]]],[[[2.35071,48.889519],[2.350488,48.888865],[2.351181,48.888944],[2.351469,48.888355],[2.349788,48.88842],[2.349817,48.88953],[2.35071,48.889519]]],[[[2.355181,48.889105],[2.355803,48.88914],[2.355868,48.888755],[2.354643,48.888665],[2.354633,48.890304],[2.355139,48.890313],[2.355181,48.889105]]],[[[2.353701,48.890292],[2.354469,48.890302],[2.354472,48.88896],[2.353669,48.889003],[2.353419,48.890273],[2.353701,48.890292]]],[[[2.355385,48.889176],[2.355218,48.890314],[2.355707,48.890299],[2.355856,48.889213],[2.355385,48.889176]]],[[[2.35427,48.890605],[2.354437,48.890574],[2.354462,48.890552],[2.354463,48.890499],[2.354465,48.890429],[2.354437,48.89041],[2.354228,48.890407],[2.354004,48.890404],[2.353812,48.890401],[2.353696,48.890399],[2.353683,48.8904],[2.353504,48.890409],[2.35344,48.890412],[2.353389,48.890444],[2.35336,48.890593],[2.353359,48.890595],[2.353363,48.890595],[2.353412,48.890763],[2.353638,48.890721],[2.353865,48.890679],[2.354054,48.890644],[2.35427,48.890605]]],[[[2.352007,48.891373],[2.355012,48.890918],[2.354916,48.890671],[2.352007,48.891373]]]],"type":"MultiPolygon"},"properties":{"id_projet":"MATERNELLES (année scolaire 2024/2025)","libelle":"EMILE DUPLOYE (27) MAT","annee_scol":"2024-2025","zone_commune":0,"etiquette":"Secteur de l'école 27 RUE EMILE DUPLOYE","lib_etab_1":"EMILE DUPLOYE (27) MAT","lib_etab_2":null,"lib_etab_3":null,"lib_etab_4":null,"adr_etab_1":"27 RUE EMILE DUPLOYE","adr_etab_2":null,"adr_etab_3":null,"adr_etab_4":null,"type_etabl":"Maternelle","geo_point_2d":{"lon":2.3536488989038946,"lat":48.889087619772624},"st_area_shape":74374.1215675427,"st_perimeter_shape":4851.409079110254}},{"type":"Feature","geometry":{"coordinates":[[[[2.332731,48.886486],[2.333713,48.886126],[2.333158,48.885575],[2.332638,48.885721],[2.333139,48.885528],[2.332492,48.885355],[2.333622,48.884819],[2.33276,48.884007],[2.33271,48.885001],[2.331931,48.885331],[2.332202,48.885677],[2.331841,48.885908],[2.332731,48.886486]]],[[[2.333547,48.88426],[2.332994,48.88398],[2.333572,48.884542],[2.333547,48.88426]]],[[[2.339692,48.884621],[2.339477,48.884481],[2.339475,48.884481],[2.339448,48.884484],[2.339418,48.884487],[2.339398,48.88449],[2.339375,48.884492],[2.339358,48.884494],[2.339354,48.884495],[2.339324,48.884498],[2.339316,48.884499],[2.33927,48.884504],[2.339229,48.884509],[2.339207,48.884511],[2.339173,48.884515],[2.339084,48.884526],[2.339063,48.884451],[2.33882,48.884358],[2.338812,48.884365],[2.338877,48.88454],[2.338878,48.884542],[2.338975,48.884595],[2.339197,48.884606],[2.33936,48.884614],[2.339464,48.884619],[2.339692,48.88463],[2.339692,48.884621]]],[[[2.33779,48.884619],[2.337298,48.884485],[2.337229,48.884887],[2.33779,48.884619]]],[[[2.340602,48.88447],[2.339824,48.884634],[2.340378,48.884448],[2.340502,48.884925],[2.340602,48.88447]]],[[[2.33438,48.884798],[2.333688,48.884657],[2.334091,48.885053],[2.33438,48.884798]]],[[[2.341279,48.885103],[2.341586,48.884902],[2.340522,48.885022],[2.340593,48.8853],[2.341279,48.885103]]],[[[2.334552,48.885114],[2.334179,48.885112],[2.334172,48.88513],[2.334268,48.885223],[2.334368,48.88532],[2.334429,48.885196],[2.334409,48.885178],[2.334442,48.885165],[2.334525,48.885132],[2.334527,48.885132],[2.334551,48.88512],[2.334555,48.885118],[2.334552,48.885114]]],[[[2.336864,48.885039],[2.337142,48.884924],[2.336627,48.884735],[2.335811,48.88493],[2.336149,48.885333],[2.336864,48.885039]]],[[[2.339867,48.885109],[2.340332,48.884972],[2.340269,48.884725],[2.338653,48.884624],[2.338712,48.885163],[2.339044,48.885147],[2.338477,48.885484],[2.339867,48.885109]]],[[[2.333638,48.885237],[2.333901,48.88509],[2.333649,48.884877],[2.332951,48.885243],[2.333217,48.885481],[2.333638,48.885237]]],[[[2.33593,48.885243],[2.335675,48.884935],[2.335125,48.885162],[2.335484,48.885546],[2.33593,48.885243]]],[[[2.338425,48.885527],[2.337939,48.885192],[2.337916,48.884747],[2.337646,48.885022],[2.338056,48.885639],[2.338425,48.885527]]],[[[2.342265,48.885667],[2.342189,48.885618],[2.342153,48.885665],[2.342188,48.885683],[2.342246,48.885678],[2.342265,48.885667]]],[[[2.341891,48.885351],[2.341767,48.885057],[2.340649,48.885397],[2.340764,48.885683],[2.341891,48.885351]]],[[[2.335239,48.885477],[2.334988,48.885204],[2.334449,48.885397],[2.334823,48.885736],[2.335239,48.885477]]],[[[2.340461,48.885028],[2.338611,48.885552],[2.33857,48.885854],[2.340542,48.885329],[2.340461,48.885028]]],[[[2.337553,48.885218],[2.336943,48.885907],[2.337862,48.885683],[2.337553,48.885218]]],[[[2.338485,48.885659],[2.338099,48.885703],[2.338042,48.886027],[2.338485,48.885659]]],[[[2.344095,48.886125],[2.344268,48.885824],[2.343344,48.884883],[2.342518,48.885173],[2.342452,48.885695],[2.344095,48.886125]]],[[[2.333984,48.885172],[2.333341,48.885516],[2.333842,48.886106],[2.33462,48.885788],[2.333984,48.885172]]],[[[2.33741,48.884999],[2.335947,48.885581],[2.336389,48.886156],[2.33741,48.884999]]],[[[2.339948,48.885917],[2.340563,48.885743],[2.340439,48.885433],[2.33806,48.886176],[2.339948,48.885917]]],[[[2.335822,48.885617],[2.335084,48.885809],[2.33559,48.8865],[2.336239,48.886204],[2.335822,48.885617]]],[[[2.341171,48.886599],[2.341233,48.885954],[2.341911,48.885722],[2.341754,48.88549],[2.340392,48.88588],[2.340555,48.886359],[2.340967,48.886303],[2.341171,48.886599]]],[[[2.338711,48.886392],[2.33841,48.886376],[2.338512,48.886696],[2.338711,48.886392]]],[[[2.34246,48.886946],[2.342558,48.886135],[2.341453,48.886254],[2.341491,48.886681],[2.3423,48.886668],[2.34246,48.886946]]],[[[2.340108,48.886796],[2.340615,48.886706],[2.34046,48.886296],[2.339671,48.886553],[2.339941,48.886949],[2.340108,48.886796]]],[[[2.339559,48.887005],[2.33985,48.886974],[2.3395,48.886529],[2.340415,48.886182],[2.340306,48.885934],[2.338926,48.886317],[2.339559,48.887005]]],[[[2.339796,48.887083],[2.341208,48.886906],[2.341115,48.88668],[2.339796,48.887083]]],[[[2.334996,48.885851],[2.333947,48.886496],[2.334007,48.887065],[2.335534,48.886587],[2.334996,48.885851]]],[[[2.343066,48.886953],[2.343345,48.886283],[2.3428,48.886261],[2.342598,48.886957],[2.343066,48.886953]]],[[[2.338068,48.886341],[2.337097,48.886954],[2.337294,48.887213],[2.338467,48.886718],[2.338068,48.886341]]],[[[2.336778,48.887261],[2.337251,48.887219],[2.337001,48.88689],[2.337904,48.886254],[2.337739,48.885796],[2.336428,48.886248],[2.336748,48.886819],[2.336332,48.886313],[2.335687,48.886589],[2.336173,48.8873],[2.336778,48.887261]]],[[[2.340641,48.887143],[2.341197,48.88694],[2.339752,48.887138],[2.34002,48.88737],[2.340707,48.887339],[2.340641,48.887143]]],[[[2.333788,48.886411],[2.334103,48.886133],[2.332805,48.886603],[2.33341,48.887362],[2.333796,48.887119],[2.333788,48.886411]]],[[[2.33595,48.887154],[2.335567,48.886632],[2.334035,48.887116],[2.334231,48.887352],[2.335017,48.887102],[2.335314,48.887454],[2.33595,48.887154]]],[[[2.337959,48.887433],[2.339252,48.886995],[2.338365,48.886884],[2.337357,48.8873],[2.337562,48.887552],[2.337959,48.887433]]],[[[2.334975,48.887236],[2.334274,48.887457],[2.335138,48.887507],[2.334975,48.887236]]],[[[2.332951,48.887169],[2.332618,48.886908],[2.332794,48.887795],[2.333215,48.887532],[2.332951,48.887169]]],[[[2.333894,48.887215],[2.333512,48.887453],[2.333789,48.887834],[2.334216,48.887645],[2.333894,48.887215]]],[[[2.339013,48.887975],[2.33962,48.887067],[2.337668,48.887738],[2.339013,48.887975]]],[[[2.335358,48.888376],[2.335654,48.888096],[2.335268,48.887721],[2.337165,48.887329],[2.333852,48.887913],[2.335358,48.888376]]],[[[2.332483,48.887194],[2.33201,48.888352],[2.33263,48.887931],[2.332483,48.887194]]]],"type":"MultiPolygon"},"properties":{"id_projet":"MATERNELLES (année scolaire 2025/2026)","libelle":"JEAN-BAPTISTE CLEMENT (4) MAT","annee_scol":"2025-2026","zone_commune":0,"etiquette":"Secteur de l'école 4 PLACE JEAN BAPTISTE CLEMENT","lib_etab_1":"JEAN-BAPTISTE CLEMENT (4) MAT","lib_etab_2":null,"lib_etab_3":null,"lib_etab_4":null,"adr_etab_1":"4 PLACE JEAN BAPTISTE CLEMENT","adr_etab_2":null,"adr_etab_3":null,"adr_etab_4":null,"type_etabl":"Maternelle","geo_point_2d":{"lon":2.3372466580977465,"lat":48.88618041096105},"st_area_shape":175106.6402068007,"st_perimeter_shape":13349.069076368425}},{"type":"Feature","geometry":{"coordinates":[[[[2.333883,48.899307],[2.333897,48.899028],[2.330915,48.898968],[2.330902,48.899246],[2.329986,48.899312],[2.330287,48.900143],[2.334579,48.900232],[2.334623,48.899324],[2.333883,48.899307]]],[[[2.341141,48.897685],[2.338466,48.89738],[2.337733,48.897615],[2.341141,48.897685]]],[[[2.335814,48.898087],[2.336385,48.898734],[2.336573,48.898174],[2.335814,48.898087]]],[[[2.335248,48.898175],[2.33451,48.89905],[2.336076,48.899082],[2.335248,48.898175]]],[[[2.338103,48.897996],[2.337489,48.898028],[2.336609,48.899017],[2.337405,48.899064],[2.338103,48.897996]]],[[[2.338414,48.898341],[2.337732,48.899117],[2.338964,48.899063],[2.338414,48.898341]]],[[[2.334931,48.899329],[2.33479,48.900411],[2.335238,48.90042],[2.335802,48.899418],[2.334931,48.899329]]],[[[2.339749,48.900626],[2.339299,48.90001],[2.33992,48.89944],[2.336539,48.899362],[2.33574,48.900589],[2.339749,48.900626]]],[[[2.333888,48.901101],[2.331696,48.901057],[2.331691,48.90109],[2.33388,48.901144],[2.333888,48.901101]]],[[[2.338769,48.901219],[2.336594,48.901175],[2.336591,48.901208],[2.338764,48.901244],[2.339654,48.90126],[2.339655,48.901235],[2.338769,48.901219]]]],"type":"MultiPolygon"},"properties":{"id_projet":"MATERNELLES (année scolaire 2025/2026)","libelle":"FRANCOISE DORLEAC (2) MAT","annee_scol":"2025-2026","zone_commune":0,"etiquette":"Secteur de l'école 2 PLACE FRANCOISE DORLEAC","lib_etab_1":"FRANCOISE DORLEAC (2) MAT","lib_etab_2":null,"lib_etab_3":null,"lib_etab_4":null,"adr_etab_1":"2 PLACE FRANCOISE DORLEAC","adr_etab_2":null,"adr_etab_3":null,"adr_etab_4":null,"type_etabl":"Maternelle","geo_point_2d":{"lon":2.3354081047642943,"lat":48.89951566793969},"st_area_shape":107654.54474532347,"st_perimeter_shape":4751.08940012986}},{"type":"Feature","geometry":{"coordinates":[[[[2.346174,48.890292],[2.347359,48.890262],[2.347349,48.889904],[2.346803,48.889911],[2.347109,48.889545],[2.347535,48.890216],[2.348324,48.890365],[2.348076,48.889096],[2.346571,48.888981],[2.345546,48.890635],[2.346174,48.890292]]],[[[2.347943,48.888537],[2.346697,48.888886],[2.348018,48.888986],[2.347943,48.888537]]],[[[2.349382,48.888433],[2.34812,48.888453],[2.348218,48.888997],[2.349306,48.889352],[2.349382,48.888433]]],[[[2.348383,48.889162],[2.348544,48.890292],[2.349392,48.889495],[2.348383,48.889162]]],[[[2.348666,48.890383],[2.348794,48.890344],[2.348793,48.890345],[2.348975,48.890294],[2.348977,48.890295],[2.348977,48.890297],[2.349151,48.89025],[2.349151,48.890247],[2.349174,48.890204],[2.349179,48.890193],[2.349208,48.890139],[2.34921,48.890139],[2.349269,48.89003],[2.349269,48.890029],[2.349375,48.889846],[2.349356,48.889842],[2.349176,48.889978],[2.349068,48.89006],[2.348961,48.890141],[2.348854,48.890221],[2.348797,48.890264],[2.348657,48.89037],[2.348666,48.890383]]],[[[2.346924,48.890368],[2.345705,48.890757],[2.347277,48.891183],[2.348275,48.890493],[2.346924,48.890368]]],[[[2.348395,48.890603],[2.347565,48.891262],[2.348596,48.891516],[2.348395,48.890603]]],[[[2.349388,48.891492],[2.349087,48.891386],[2.349012,48.890656],[2.348569,48.890517],[2.348805,48.89159],[2.349388,48.891492]]],[[[2.34585,48.890912],[2.345601,48.890872],[2.346263,48.891964],[2.347173,48.891319],[2.34585,48.890912]]],[[[2.347522,48.891365],[2.346452,48.89202],[2.34852,48.891664],[2.347522,48.891365]]],[[[2.346113,48.892004],[2.345443,48.8909],[2.34477,48.891815],[2.345076,48.892301],[2.346113,48.892004]]],[[[2.347755,48.892746],[2.347098,48.892127],[2.347874,48.89343],[2.347755,48.892746]]],[[[2.34779,48.89358],[2.346901,48.892153],[2.347354,48.893539],[2.34779,48.89358]]]],"type":"MultiPolygon"},"properties":{"id_projet":"MATERNELLES (année scolaire 2025/2026)","libelle":"FERDINAND FLOCON (3) MAT","annee_scol":"2025-2026","zone_commune":0,"etiquette":"Secteur de l'école 3 RUE FERDINAND FLOCON","lib_etab_1":"FERDINAND FLOCON (3) MAT","lib_etab_2":null,"lib_etab_3":null,"lib_etab_4":null,"adr_etab_1":"3 RUE FERDINAND FLOCON","adr_etab_2":null,"adr_etab_3":null,"adr_etab_4":null,"type_etabl":"Maternelle","geo_point_2d":{"lon":2.3473328140830363,"lat":48.89053848167996},"st_area_shape":79833.27842070065,"st_perimeter_shape":4956.6470453236625}},{"type":"Feature","geometry":{"coordinates":[[[[2.36886,48.891591],[2.367959,48.889768],[2.363895,48.889982],[2.363982,48.890563],[2.364794,48.890538],[2.364043,48.890638],[2.364069,48.891137],[2.365425,48.891039],[2.365527,48.891614],[2.366184,48.891566],[2.366112,48.892303],[2.36886,48.891591]]],[[[2.362061,48.890739],[2.361893,48.89124],[2.362208,48.891243],[2.362061,48.890739]]],[[[2.361744,48.890735],[2.361339,48.89073],[2.361327,48.891191],[2.361734,48.891195],[2.361744,48.890735]]],[[[2.361528,48.892205],[2.361264,48.892221],[2.361467,48.893167],[2.36171,48.893173],[2.361528,48.892205]]],[[[2.363018,48.889996],[2.362599,48.890015],[2.362693,48.890655],[2.363104,48.890639],[2.363018,48.889996]]],[[[2.362483,48.890743],[2.362371,48.891244],[2.363178,48.891197],[2.363129,48.890826],[2.362483,48.890743]]],[[[2.361973,48.8937],[2.363109,48.893318],[2.3615,48.893307],[2.361771,48.89397],[2.361973,48.8937]]],[[[2.363339,48.892456],[2.363162,48.892017],[2.362013,48.89216],[2.363333,48.892991],[2.363339,48.892456]]],[[[2.362497,48.89024],[2.362454,48.890017],[2.361378,48.890122],[2.361343,48.890623],[2.362511,48.890654],[2.362497,48.89024]]],[[[2.363732,48.889983],[2.363181,48.889992],[2.363373,48.891209],[2.363908,48.89115],[2.363732,48.889983]]],[[[2.365396,48.891792],[2.363471,48.891985],[2.363568,48.892959],[2.363752,48.892269],[2.365396,48.891792]]],[[[2.362272,48.892474],[2.361726,48.892467],[2.361869,48.893137],[2.363178,48.893137],[2.362272,48.892474]]],[[[2.36121,48.890484],[2.361185,48.890141],[2.36028,48.890231],[2.360159,48.890839],[2.361166,48.891129],[2.36121,48.890484]]],[[[2.361437,48.894003],[2.361661,48.894041],[2.361304,48.893313],[2.359789,48.893402],[2.360522,48.893551],[2.360582,48.894142],[2.361437,48.894003]]],[[[2.359596,48.891062],[2.357495,48.890984],[2.359653,48.890992],[2.359193,48.890805],[2.357269,48.890776],[2.357234,48.89121],[2.359596,48.891062]]],[[[2.360767,48.891349],[2.360825,48.891148],[2.360126,48.89097],[2.359981,48.891951],[2.361366,48.891819],[2.360767,48.891349]]],[[[2.359283,48.893701],[2.359525,48.892761],[2.358644,48.892662],[2.35958,48.892613],[2.358563,48.892243],[2.358442,48.893461],[2.359283,48.893701]],[[2.359113,48.893021],[2.359028,48.893018],[2.35924,48.893027],[2.359113,48.893021]]],[[[2.365242,48.891182],[2.363482,48.89131],[2.363427,48.891862],[2.365371,48.891681],[2.365242,48.891182]]],[[[2.363212,48.891468],[2.361323,48.891551],[2.361932,48.892035],[2.363239,48.8919],[2.363212,48.891468]]],[[[2.360338,48.893241],[2.361333,48.893205],[2.361125,48.89223],[2.359973,48.892097],[2.359799,48.893239],[2.360338,48.893241]]]],"type":"MultiPolygon"},"properties":{"id_projet":"MATERNELLES (année scolaire 2026/2027)","libelle":"TORCY (10-12) MAT","annee_scol":"2026-2027","zone_commune":0,"etiquette":"Secteur de l'école 10 TORCY (10-12) MAT","lib_etab_1":"TORCY (10-12) MAT","lib_etab_2":null,"lib_etab_3":null,"lib_etab_4":null,"adr_etab_1":"10 TORCY (10-12) MAT","adr_etab_2":null,"adr_etab_3":null,"adr_etab_4":null,"type_etabl":"Maternelle","geo_point_2d":{"lon":2.3634558084825414,"lat":48.891501508751425},"st_area_shape":172575.62646295968,"st_perimeter_shape":8173.904281601556}},{"type":"Feature","geometry":{"coordinates":[[[[2.334639,48.888127],[2.335398,48.888429],[2.337357,48.887582],[2.337165,48.887329],[2.335725,48.887536],[2.335268,48.887721],[2.335654,48.888096],[2.335358,48.888376],[2.333858,48.887919],[2.334922,48.889239],[2.33565,48.889415],[2.335379,48.888502],[2.334639,48.888127]]],[[[2.341332,48.886548],[2.341258,48.886325],[2.341178,48.886337],[2.341243,48.886543],[2.341332,48.886548]]],[[[2.341262,48.886894],[2.341232,48.886839],[2.341184,48.886751],[2.341152,48.886693],[2.341134,48.886687],[2.341056,48.886767],[2.341055,48.886767],[2.341084,48.88682],[2.341091,48.886831],[2.341104,48.886855],[2.341107,48.886854],[2.34115,48.886849],[2.341208,48.886906],[2.341262,48.886894]]],[[[2.33753,48.887544],[2.337627,48.887366],[2.337582,48.887373],[2.337346,48.887316],[2.337341,48.887325],[2.33741,48.887418],[2.337498,48.887537],[2.33753,48.887544]]],[[[2.341964,48.890334],[2.341933,48.890324],[2.341749,48.890399],[2.341558,48.890477],[2.341565,48.890499],[2.341861,48.890523],[2.341967,48.890532],[2.341997,48.890513],[2.34198,48.890423],[2.341964,48.890334]]],[[[2.338797,48.889718],[2.338692,48.889713],[2.338668,48.889736],[2.338725,48.88981],[2.338769,48.889869],[2.338785,48.889874],[2.338805,48.88988],[2.338887,48.889869],[2.339044,48.889848],[2.339213,48.889825],[2.339478,48.889789],[2.339473,48.889745],[2.339207,48.889734],[2.339032,48.889727],[2.338854,48.88972],[2.338797,48.889718]]],[[[2.336038,48.889169],[2.335878,48.889421],[2.336832,48.88946],[2.336038,48.889169]]],[[[2.341782,48.889387],[2.340725,48.889615],[2.34193,48.889663],[2.341782,48.889387]]],[[[2.344556,48.889645],[2.344779,48.889387],[2.344016,48.889605],[2.344132,48.890111],[2.344556,48.889645]]],[[[2.342474,48.889261],[2.341939,48.889364],[2.342719,48.889694],[2.342474,48.889261]]],[[[2.340629,48.889131],[2.340062,48.88903],[2.340263,48.889542],[2.340629,48.889131]]],[[[2.342083,48.888719],[2.341565,48.888824],[2.341845,48.889229],[2.342378,48.889127],[2.342083,48.888719]]],[[[2.343344,48.8883],[2.34233,48.888375],[2.343538,48.888764],[2.343344,48.8883]]],[[[2.341745,48.889836],[2.341528,48.889844],[2.34171,48.890289],[2.342631,48.889913],[2.341745,48.889836]]],[[[2.343855,48.889664],[2.343106,48.889882],[2.34336,48.890184],[2.343944,48.890142],[2.343855,48.889664]]],[[[2.342299,48.88669],[2.341491,48.886681],[2.34141,48.887096],[2.342431,48.886965],[2.342299,48.88669]]],[[[2.341405,48.888853],[2.340746,48.888937],[2.340771,48.889423],[2.341668,48.88928],[2.341405,48.888853]]],[[[2.34285,48.888662],[2.34202,48.888472],[2.342576,48.889112],[2.343502,48.888941],[2.34285,48.888662]]],[[[2.3415,48.888704],[2.341975,48.88861],[2.341826,48.888405],[2.339882,48.888585],[2.34005,48.888993],[2.3415,48.888704]]],[[[2.343371,48.89052],[2.342968,48.889942],[2.342113,48.890251],[2.342177,48.890608],[2.343371,48.89052]]],[[[2.33853,48.888758],[2.339664,48.888519],[2.339687,48.887942],[2.338142,48.888617],[2.338147,48.888881],[2.33853,48.888758]]],[[[2.340083,48.887666],[2.341485,48.88755],[2.341238,48.886931],[2.340707,48.887339],[2.339755,48.887159],[2.339833,48.887679],[2.340083,48.887666]]],[[[2.34397,48.889053],[2.342637,48.889237],[2.343006,48.88968],[2.344405,48.889295],[2.34397,48.889053]]],[[[2.336983,48.889966],[2.33863,48.889882],[2.335838,48.889598],[2.336121,48.889957],[2.336983,48.889966]]],[[[2.344095,48.887124],[2.343994,48.886363],[2.343345,48.886283],[2.342715,48.887136],[2.344406,48.887431],[2.344095,48.887124]]],[[[2.33908,48.888129],[2.33963,48.887837],[2.339624,48.887067],[2.339013,48.887975],[2.337658,48.887756],[2.33803,48.887889],[2.338118,48.888383],[2.33908,48.888129]]],[[[2.337966,48.888729],[2.335808,48.888814],[2.33781,48.889361],[2.337966,48.888729]]],[[[2.337005,48.888533],[2.337951,48.888426],[2.33751,48.887797],[2.335911,48.888249],[2.335649,48.888583],[2.337005,48.888533]]],[[[2.335453,48.889934],[2.335671,48.889611],[2.33481,48.889423],[2.333733,48.888143],[2.333507,48.888301],[2.334683,48.890175],[2.335453,48.889934]]],[[[2.340035,48.889397],[2.339741,48.888598],[2.33827,48.888979],[2.338483,48.889443],[2.338965,48.889359],[2.338754,48.889516],[2.340035,48.889397]]],[[[2.34127,48.887658],[2.339843,48.887801],[2.339887,48.888429],[2.341739,48.88831],[2.341539,48.887687],[2.34127,48.887658]]],[[[2.342739,48.887303],[2.342306,48.887041],[2.341514,48.887198],[2.341872,48.88729],[2.342032,48.887661],[2.34172,48.887714],[2.34201,48.888261],[2.34323,48.888124],[2.343321,48.887402],[2.342739,48.887303]]]],"type":"MultiPolygon"},"properties":{"id_projet":"MATERNELLES (année scolaire 2026/2027)","libelle":"CONSTANTIN PECQUEUR (1) MAT","annee_scol":"2026-2027","zone_commune":0,"etiquette":"Secteur de l'école 1 CONSTANTIN PECQUEUR (1) MAT","lib_etab_1":"CONSTANTIN PECQUEUR (1) MAT","lib_etab_2":null,"lib_etab_3":null,"lib_etab_4":null,"adr_etab_1":"1 CONSTANTIN PECQUEUR (1) MAT","adr_etab_2":null,"adr_etab_3":null,"adr_etab_4":null,"type_etabl":"Maternelle","geo_point_2d":{"lon":2.3395616815232105,"lat":48.88859344601299},"st_area_shape":150066.42888742706,"st_perimeter_shape":10172.87474232985}},{"type":"Feature","geometry":{"coordinates":[[[[2.346174,48.890292],[2.347359,48.890262],[2.347349,48.889904],[2.346803,48.889911],[2.347109,48.889545],[2.347535,48.890216],[2.348324,48.890365],[2.348076,48.889096],[2.346571,48.888981],[2.345546,48.890635],[2.346174,48.890292]]],[[[2.346924,48.890368],[2.345705,48.890757],[2.347277,48.891183],[2.348275,48.890493],[2.346924,48.890368]]],[[[2.349382,48.888433],[2.34812,48.888453],[2.348218,48.888997],[2.349306,48.889352],[2.349382,48.888433]]],[[[2.346113,48.892004],[2.345443,48.8909],[2.344781,48.891799],[2.345461,48.892047],[2.345076,48.892301],[2.346113,48.892004]]],[[[2.34585,48.890912],[2.345601,48.890872],[2.346263,48.891964],[2.347173,48.891319],[2.34585,48.890912]]],[[[2.348383,48.889162],[2.348544,48.890292],[2.349392,48.889495],[2.348383,48.889162]]],[[[2.347522,48.891365],[2.346452,48.89202],[2.34852,48.891664],[2.347522,48.891365]]],[[[2.348395,48.890603],[2.347565,48.891262],[2.348596,48.891516],[2.348395,48.890603]]],[[[2.349388,48.891492],[2.349087,48.891386],[2.349012,48.890656],[2.348569,48.890517],[2.348805,48.89159],[2.349388,48.891492]]],[[[2.34779,48.89358],[2.346901,48.892153],[2.347354,48.893539],[2.34779,48.89358]]],[[[2.347943,48.888537],[2.346697,48.888886],[2.348018,48.888986],[2.347943,48.888537]]],[[[2.347755,48.892746],[2.347098,48.892127],[2.347874,48.89343],[2.347755,48.892746]]],[[[2.348666,48.890383],[2.348794,48.890344],[2.348793,48.890345],[2.348975,48.890294],[2.348977,48.890295],[2.348977,48.890297],[2.349151,48.89025],[2.349151,48.890247],[2.349174,48.890204],[2.349179,48.890193],[2.349208,48.890139],[2.34921,48.890139],[2.349269,48.89003],[2.349269,48.890029],[2.349375,48.889846],[2.349356,48.889842],[2.349176,48.889978],[2.349068,48.89006],[2.348961,48.890141],[2.348854,48.890221],[2.348797,48.890264],[2.348657,48.89037],[2.348666,48.890383]]]],"type":"MultiPolygon"},"properties":{"id_projet":"MATERNELLES (année scolaire 2020/2021)","libelle":"FERDINAND FLOCON (3) MAT","annee_scol":"2020-2021","zone_commune":0,"etiquette":"Secteur de l'école 3 RUE FERDINAND FLOCON","lib_etab_1":"FERDINAND FLOCON (3) MAT","lib_etab_2":null,"lib_etab_3":null,"lib_etab_4":null,"adr_etab_1":"3 RUE FERDINAND FLOCON","adr_etab_2":null,"adr_etab_3":null,"adr_etab_4":null,"type_etabl":null,"geo_point_2d":{"lon":2.3473753761748655,"lat":48.89051096420385},"st_area_shape":78339.06187836308,"st_perimeter_shape":5016.250555617623}},{"type":"Feature","geometry":{"coordinates":[[[[2.335311,48.896318],[2.338036,48.896125],[2.337554,48.896012],[2.337865,48.895885],[2.337501,48.895374],[2.332605,48.894311],[2.33304,48.89599],[2.335311,48.896318]]],[[[2.333583,48.899022],[2.334136,48.898919],[2.333275,48.897894],[2.329624,48.897817],[2.329415,48.898054],[2.329907,48.898947],[2.333583,48.899022]]],[[[2.333558,48.897076],[2.333007,48.896311],[2.332425,48.896232],[2.332853,48.896815],[2.332399,48.896229],[2.332002,48.896192],[2.332415,48.896957],[2.331799,48.896147],[2.331337,48.896102],[2.332371,48.897516],[2.333858,48.897547],[2.333558,48.897076]]],[[[2.332964,48.894008],[2.336163,48.893522],[2.335422,48.89346],[2.334965,48.892572],[2.332964,48.894008]]],[[[2.338095,48.896212],[2.336457,48.896463],[2.33838,48.896705],[2.338095,48.896212]]],[[[2.335678,48.89461],[2.336285,48.893762],[2.335182,48.893906],[2.335549,48.894795],[2.335678,48.89461]]],[[[2.334952,48.89715],[2.335523,48.897014],[2.335371,48.896734],[2.333748,48.897089],[2.333977,48.89738],[2.334952,48.89715]]],[[[2.335076,48.89392],[2.334453,48.894006],[2.334674,48.8946],[2.335382,48.894757],[2.335076,48.89392]]],[[[2.331778,48.897503],[2.332133,48.897454],[2.331935,48.897166],[2.331518,48.89741],[2.330939,48.897111],[2.329584,48.897439],[2.331778,48.897503]]],[[[2.331095,48.896052],[2.331187,48.89636],[2.330892,48.896469],[2.331305,48.896919],[2.331965,48.897019],[2.331095,48.896052]]],[[[2.334671,48.89652],[2.333537,48.896796],[2.333782,48.897023],[2.33539,48.896648],[2.334671,48.89652]]],[[[2.334347,48.894019],[2.333014,48.894229],[2.334511,48.894564],[2.334347,48.894019]]],[[[2.336408,48.89709],[2.338069,48.896965],[2.33631,48.896723],[2.336408,48.89709]]],[[[2.336437,48.897155],[2.334742,48.897538],[2.335989,48.897593],[2.336413,48.897243],[2.336551,48.897412],[2.336437,48.897155]]],[[[2.335543,48.897052],[2.333984,48.897416],[2.334417,48.897558],[2.335638,48.897231],[2.335543,48.897052]]],[[[2.336057,48.896693],[2.335496,48.896705],[2.335755,48.8972],[2.336281,48.897008],[2.336057,48.896693]]],[[[2.33406,48.896444],[2.333226,48.896365],[2.333514,48.896763],[2.334474,48.896513],[2.33406,48.896444]]],[[[2.335715,48.898002],[2.335814,48.898087],[2.335869,48.898149],[2.336573,48.898174],[2.336725,48.898116],[2.3368,48.898119],[2.336961,48.898008],[2.33693,48.897971],[2.336493,48.897961],[2.336185,48.897955],[2.335766,48.897946],[2.335715,48.898002]]],[[[2.334933,48.897929],[2.33443,48.898131],[2.334796,48.898293],[2.334933,48.897929]]],[[[2.334403,48.898301],[2.334065,48.898361],[2.334209,48.898656],[2.33462,48.898459],[2.334403,48.898301]]],[[[2.334203,48.897914],[2.333719,48.898014],[2.333991,48.898265],[2.334203,48.897914]]]],"type":"MultiPolygon"},"properties":{"id_projet":"MATERNELLES (année scolaire 2020/2021)","libelle":"PAUL ABADIE (1) MAT","annee_scol":"2020-2021","zone_commune":0,"etiquette":"Secteur de l'école 1 RUE PAUL ABADIE","lib_etab_1":"PAUL ABADIE (1) MAT","lib_etab_2":null,"lib_etab_3":null,"lib_etab_4":null,"adr_etab_1":"1 RUE PAUL ABADIE","adr_etab_2":null,"adr_etab_3":null,"adr_etab_4":null,"type_etabl":null,"geo_point_2d":{"lon":2.3339630717088453,"lat":48.89640468814332},"st_area_shape":172024.13825200437,"st_perimeter_shape":8183.959455293212}},{"type":"Feature","geometry":{"coordinates":[[[[2.334639,48.888127],[2.335398,48.888429],[2.337357,48.887582],[2.337165,48.887329],[2.335725,48.887536],[2.335268,48.887721],[2.335654,48.888096],[2.335358,48.888376],[2.333858,48.887919],[2.334922,48.889239],[2.33565,48.889415],[2.335379,48.888502],[2.334639,48.888127]]],[[[2.342739,48.887303],[2.342306,48.887041],[2.341514,48.887198],[2.341872,48.88729],[2.342032,48.887661],[2.34172,48.887714],[2.34201,48.888261],[2.34323,48.888124],[2.343321,48.887402],[2.342739,48.887303]]],[[[2.34127,48.887658],[2.339843,48.887801],[2.339887,48.888429],[2.341739,48.88831],[2.341539,48.887687],[2.34127,48.887658]]],[[[2.340035,48.889397],[2.339741,48.888598],[2.33827,48.888979],[2.338483,48.889443],[2.338965,48.889359],[2.338754,48.889516],[2.340035,48.889397]]],[[[2.337005,48.888533],[2.337951,48.888426],[2.33751,48.887797],[2.335911,48.888249],[2.335649,48.888583],[2.337005,48.888533]]],[[[2.337966,48.888729],[2.335808,48.888814],[2.33781,48.889361],[2.337966,48.888729]]],[[[2.33908,48.888129],[2.33963,48.887837],[2.339624,48.887067],[2.339013,48.887975],[2.337658,48.887756],[2.33803,48.887889],[2.338118,48.888383],[2.33908,48.888129]]],[[[2.344095,48.887124],[2.343994,48.886363],[2.343345,48.886283],[2.342715,48.887136],[2.344406,48.887431],[2.344095,48.887124]]],[[[2.339663,48.891097],[2.33979,48.890811],[2.340421,48.8908],[2.34025,48.890136],[2.339122,48.890315],[2.339663,48.891097]]],[[[2.336983,48.889966],[2.33863,48.889882],[2.335838,48.889598],[2.336121,48.889957],[2.336983,48.889966]]],[[[2.34397,48.889053],[2.342637,48.889237],[2.343006,48.88968],[2.344405,48.889295],[2.34397,48.889053]]],[[[2.340083,48.887666],[2.341485,48.88755],[2.341238,48.886931],[2.340707,48.887339],[2.339755,48.887159],[2.339833,48.887679],[2.340083,48.887666]]],[[[2.33853,48.888758],[2.339664,48.888519],[2.339687,48.887942],[2.338142,48.888617],[2.338147,48.888881],[2.33853,48.888758]]],[[[2.34082,48.890493],[2.340716,48.890156],[2.341524,48.890359],[2.341365,48.889821],[2.340291,48.88981],[2.340562,48.890728],[2.34082,48.890493]]],[[[2.3415,48.888704],[2.341975,48.88861],[2.341826,48.888405],[2.339882,48.888585],[2.34005,48.888993],[2.3415,48.888704]]],[[[2.34285,48.888662],[2.34202,48.888472],[2.342576,48.889112],[2.343502,48.888941],[2.34285,48.888662]]],[[[2.341405,48.888853],[2.340746,48.888937],[2.340771,48.889423],[2.341668,48.88928],[2.341405,48.888853]]],[[[2.342299,48.88669],[2.341491,48.886681],[2.34141,48.887096],[2.342431,48.886965],[2.342299,48.88669]]],[[[2.340153,48.889825],[2.338876,48.890003],[2.339054,48.890194],[2.340153,48.889825]]],[[[2.343344,48.8883],[2.34233,48.888375],[2.343538,48.888764],[2.343344,48.8883]]],[[[2.342083,48.888719],[2.341565,48.888824],[2.341845,48.889229],[2.342378,48.889127],[2.342083,48.888719]]],[[[2.340629,48.889131],[2.340062,48.88903],[2.340263,48.889542],[2.340629,48.889131]]],[[[2.342474,48.889261],[2.341939,48.889364],[2.342719,48.889694],[2.342474,48.889261]]],[[[2.341782,48.889387],[2.340725,48.889615],[2.34193,48.889663],[2.341782,48.889387]]],[[[2.342059,48.889962],[2.34258,48.889869],[2.341528,48.889844],[2.341681,48.890281],[2.342059,48.889962]]],[[[2.336038,48.889169],[2.335878,48.889421],[2.336832,48.88946],[2.336038,48.889169]]],[[[2.338797,48.889718],[2.338692,48.889713],[2.338668,48.889736],[2.338725,48.88981],[2.338769,48.889869],[2.338785,48.889874],[2.338805,48.88988],[2.338887,48.889869],[2.339044,48.889848],[2.339213,48.889825],[2.339478,48.889789],[2.339473,48.889745],[2.339207,48.889734],[2.339032,48.889727],[2.338854,48.88972],[2.338797,48.889718]]],[[[2.33753,48.887544],[2.337627,48.887366],[2.337582,48.887373],[2.337346,48.887316],[2.337341,48.887325],[2.33741,48.887418],[2.337498,48.887537],[2.33753,48.887544]]],[[[2.341262,48.886894],[2.341232,48.886839],[2.341184,48.886751],[2.341152,48.886693],[2.341134,48.886687],[2.341056,48.886767],[2.341055,48.886767],[2.341084,48.88682],[2.341091,48.886831],[2.341104,48.886855],[2.341107,48.886854],[2.34115,48.886849],[2.341208,48.886906],[2.341262,48.886894]]],[[[2.341332,48.886548],[2.341258,48.886325],[2.341178,48.886337],[2.341243,48.886543],[2.341332,48.886548]]]],"type":"MultiPolygon"},"properties":{"id_projet":"MATERNELLES (année scolaire 2020/2021)","libelle":"CONSTANTIN PECQUEUR (1) MAT","annee_scol":"2020-2021","zone_commune":0,"etiquette":"Secteur de l'école 1 PLACE CONSTANTIN PECQUEUR","lib_etab_1":"CONSTANTIN PECQUEUR (1) MAT","lib_etab_2":null,"lib_etab_3":null,"lib_etab_4":null,"adr_etab_1":"1 PLACE CONSTANTIN PECQUEUR","adr_etab_2":null,"adr_etab_3":null,"adr_etab_4":null,"type_etabl":null,"geo_point_2d":{"lon":2.339689433054438,"lat":48.88858127503961},"st_area_shape":142938.86376922234,"st_perimeter_shape":9776.648791807651}},{"type":"Feature","geometry":{"coordinates":[[[[2.341365,48.898066],[2.340944,48.89812],[2.340896,48.899119],[2.342264,48.899149],[2.342305,48.898155],[2.341365,48.898066]]],[[[2.347548,48.89932],[2.347602,48.898911],[2.344561,48.898755],[2.344467,48.898247],[2.344538,48.899223],[2.347548,48.89932]]],[[[2.343883,48.898535],[2.343882,48.89817],[2.342512,48.89816],[2.342464,48.899152],[2.343751,48.899242],[2.343883,48.898535]]],[[[2.340647,48.898049],[2.339502,48.898104],[2.340396,48.899173],[2.340691,48.899113],[2.340647,48.898049]]],[[[2.339132,48.898017],[2.33853,48.898189],[2.339226,48.899103],[2.339951,48.899163],[2.339132,48.898017]]]],"type":"MultiPolygon"},"properties":{"id_projet":"MATERNELLES (année scolaire 2021/2022)","libelle":"FERNAND LABORI (19) ELEM","annee_scol":"2021-2022","zone_commune":0,"etiquette":"Secteur de l'école 19 RUE FERNAND LABORI","lib_etab_1":"FERNAND LABORI (19) POLY","lib_etab_2":null,"lib_etab_3":null,"lib_etab_4":null,"adr_etab_1":"19 RUE FERNAND LABORI","adr_etab_2":null,"adr_etab_3":null,"adr_etab_4":null,"type_etabl":"Maternelle","geo_point_2d":{"lon":2.342437979064908,"lat":48.8987170174105},"st_area_shape":50848.80259344043,"st_perimeter_shape":2308.549667339049}},{"type":"Feature","geometry":{"coordinates":[[[[2.346174,48.890292],[2.347359,48.890262],[2.347349,48.889904],[2.346803,48.889911],[2.347109,48.889545],[2.347535,48.890216],[2.348324,48.890365],[2.348076,48.889096],[2.346571,48.888981],[2.345546,48.890635],[2.346174,48.890292]]],[[[2.346924,48.890368],[2.345705,48.890757],[2.347277,48.891183],[2.348275,48.890493],[2.346924,48.890368]]],[[[2.349382,48.888433],[2.34812,48.888453],[2.348218,48.888997],[2.349306,48.889352],[2.349382,48.888433]]],[[[2.346113,48.892004],[2.345443,48.8909],[2.344781,48.891799],[2.345461,48.892047],[2.345076,48.892301],[2.346113,48.892004]]],[[[2.34585,48.890912],[2.345601,48.890872],[2.346263,48.891964],[2.347173,48.891319],[2.34585,48.890912]]],[[[2.348383,48.889162],[2.348544,48.890292],[2.349392,48.889495],[2.348383,48.889162]]],[[[2.347522,48.891365],[2.346452,48.89202],[2.34852,48.891664],[2.347522,48.891365]]],[[[2.348395,48.890603],[2.347565,48.891262],[2.348596,48.891516],[2.348395,48.890603]]],[[[2.349388,48.891492],[2.349087,48.891386],[2.349012,48.890656],[2.348569,48.890517],[2.348805,48.89159],[2.349388,48.891492]]],[[[2.34779,48.89358],[2.346901,48.892153],[2.347354,48.893539],[2.34779,48.89358]]],[[[2.347943,48.888537],[2.346697,48.888886],[2.348018,48.888986],[2.347943,48.888537]]],[[[2.347755,48.892746],[2.347098,48.892127],[2.347874,48.89343],[2.347755,48.892746]]],[[[2.348666,48.890383],[2.348794,48.890344],[2.348793,48.890345],[2.348975,48.890294],[2.348977,48.890295],[2.348977,48.890297],[2.349151,48.89025],[2.349151,48.890247],[2.349174,48.890204],[2.349179,48.890193],[2.349208,48.890139],[2.34921,48.890139],[2.349269,48.89003],[2.349269,48.890029],[2.349375,48.889846],[2.349356,48.889842],[2.349176,48.889978],[2.349068,48.89006],[2.348961,48.890141],[2.348854,48.890221],[2.348797,48.890264],[2.348657,48.89037],[2.348666,48.890383]]]],"type":"MultiPolygon"},"properties":{"id_projet":"MATERNELLES (année scolaire 2021/2022)","libelle":"FERDINAND FLOCON (3) MAT","annee_scol":"2021-2022","zone_commune":0,"etiquette":"Secteur de l'école 3 RUE FERDINAND FLOCON","lib_etab_1":"FERDINAND FLOCON (3) MAT","lib_etab_2":null,"lib_etab_3":null,"lib_etab_4":null,"adr_etab_1":"3 RUE FERDINAND FLOCON","adr_etab_2":null,"adr_etab_3":null,"adr_etab_4":null,"type_etabl":"Maternelle","geo_point_2d":{"lon":2.3473753761748655,"lat":48.89051096420385},"st_area_shape":78339.06187836308,"st_perimeter_shape":5016.250555617623}},{"type":"Feature","geometry":{"coordinates":[[[[2.358545,48.899627],[2.360856,48.898336],[2.369965,48.898437],[2.370151,48.896572],[2.371039,48.895847],[2.368463,48.896548],[2.367495,48.897536],[2.361835,48.89759],[2.360416,48.898009],[2.360465,48.89732],[2.359647,48.897159],[2.359665,48.898311],[2.360649,48.898331],[2.358555,48.899505],[2.358483,48.899119],[2.357873,48.898876],[2.357645,48.899249],[2.355483,48.899194],[2.355159,48.901551],[2.358395,48.901615],[2.358545,48.899627]]],[[[2.365622,48.900396],[2.370021,48.900328],[2.370037,48.899975],[2.366664,48.899842],[2.365649,48.899417],[2.365382,48.899593],[2.365408,48.899313],[2.364129,48.898763],[2.362369,48.898759],[2.362304,48.900198],[2.365622,48.900396]]],[[[2.369968,48.901458],[2.369986,48.901091],[2.364412,48.901116],[2.364355,48.901738],[2.370016,48.901854],[2.369968,48.901458]]],[[[2.360469,48.899798],[2.362194,48.899822],[2.362262,48.898764],[2.359879,48.898995],[2.359854,48.899582],[2.360469,48.899798]]],[[[2.370052,48.899714],[2.369939,48.899263],[2.369166,48.899615],[2.368415,48.899087],[2.367495,48.89958],[2.366594,48.899088],[2.366097,48.899316],[2.366706,48.899711],[2.370052,48.899714]]],[[[2.366785,48.898779],[2.366641,48.898925],[2.367316,48.899398],[2.368203,48.898956],[2.366785,48.898779]]],[[[2.368661,48.898815],[2.368515,48.898961],[2.369191,48.899434],[2.370086,48.898988],[2.368661,48.898815]]],[[[2.363545,48.901722],[2.363587,48.901209],[2.362306,48.901419],[2.362295,48.901697],[2.363545,48.901722]]],[[[2.366438,48.898921],[2.365752,48.898759],[2.365667,48.899263],[2.366438,48.898921]]],[[[2.364763,48.89874],[2.36551,48.899142],[2.365465,48.898754],[2.364763,48.89874]]]],"type":"MultiPolygon"},"properties":{"id_projet":"MATERNELLES (année scolaire 2021/2022)","libelle":"CHARLES HERMITE (2) MAT","annee_scol":"2021-2022","zone_commune":0,"etiquette":"Secteur de l'école 2 RUE CHARLES HERMITE","lib_etab_1":"CHARLES HERMITE (2) MAT","lib_etab_2":null,"lib_etab_3":null,"lib_etab_4":null,"adr_etab_1":"2 RUE CHARLES HERMITE","adr_etab_2":null,"adr_etab_3":null,"adr_etab_4":null,"type_etabl":"Maternelle","geo_point_2d":{"lon":2.3638675277711934,"lat":48.89937762727833},"st_area_shape":290714.604332973,"st_perimeter_shape":8698.558779800172}},{"type":"Feature","geometry":{"coordinates":[[[[2.347711,48.886462],[2.348071,48.888204],[2.349274,48.887243],[2.347711,48.886462]]],[[[2.347682,48.88618],[2.34931,48.885548],[2.347382,48.885113],[2.347682,48.88618]]],[[[2.347647,48.887141],[2.34681,48.888633],[2.347895,48.888333],[2.347647,48.887141]]],[[[2.349311,48.887563],[2.348302,48.88834],[2.349381,48.888287],[2.349311,48.887563]]],[[[2.349326,48.88646],[2.348963,48.885993],[2.349283,48.885699],[2.347984,48.886275],[2.349326,48.88646]]],[[[2.347547,48.886824],[2.347321,48.885752],[2.346742,48.885941],[2.347171,48.886734],[2.347547,48.886824]]],[[[2.351235,48.888228],[2.350182,48.888025],[2.349779,48.887582],[2.349816,48.888293],[2.351235,48.888228]]],[[[2.346552,48.888651],[2.346738,48.888266],[2.346169,48.888188],[2.345813,48.888675],[2.346552,48.888651]]],[[[2.345401,48.888083],[2.345669,48.888676],[2.34595,48.888177],[2.345401,48.888083]]],[[[2.349345,48.887124],[2.349075,48.886754],[2.347891,48.886416],[2.349345,48.887124]]],[[[2.347307,48.887318],[2.34735,48.887242],[2.347395,48.887162],[2.347445,48.887074],[2.347478,48.887013],[2.347503,48.886969],[2.347506,48.886963],[2.347492,48.886946],[2.347268,48.887035],[2.347264,48.887041],[2.347265,48.887041],[2.347225,48.887132],[2.34725,48.887136],[2.347198,48.887225],[2.347193,48.887225],[2.347162,48.887311],[2.347156,48.887311],[2.347212,48.887421],[2.347235,48.887422],[2.347246,48.887425],[2.347307,48.887318]]],[[[2.347074,48.887462],[2.346996,48.88746],[2.346995,48.887484],[2.346995,48.887496],[2.346969,48.887507],[2.346959,48.887541],[2.346945,48.88759],[2.34695,48.88759],[2.346927,48.887658],[2.346928,48.887658],[2.346899,48.887745],[2.346903,48.887745],[2.346922,48.887843],[2.346935,48.887845],[2.34698,48.887828],[2.347028,48.887809],[2.347054,48.887764],[2.347104,48.887676],[2.347153,48.887589],[2.347209,48.887489],[2.34712,48.887468],[2.347074,48.887462]]],[[[2.346957,48.887932],[2.34694,48.88791],[2.346641,48.888049],[2.346691,48.888055],[2.346687,48.888066],[2.346775,48.888181],[2.346787,48.888183],[2.346823,48.888171],[2.346876,48.888077],[2.346957,48.887932]]]],"type":"MultiPolygon"},"properties":{"id_projet":"MATERNELLES (année scolaire 2021/2022)","libelle":"CHRISTIANI (8) MAT","annee_scol":"2021-2022","zone_commune":0,"etiquette":"Secteur de l'école 8 RUE CHRISTIANI","lib_etab_1":"CHRISTIANI (8) MAT","lib_etab_2":null,"lib_etab_3":null,"lib_etab_4":null,"adr_etab_1":"8 RUE CHRISTIANI","adr_etab_2":null,"adr_etab_3":null,"adr_etab_4":null,"type_etabl":"Maternelle","geo_point_2d":{"lon":2.3480627252351267,"lat":48.88710360535608},"st_area_shape":46736.63815693137,"st_perimeter_shape":3595.3142505126716}},{"type":"Feature","geometry":{"coordinates":[[[[2.3278,48.887716],[2.326908,48.887522],[2.325949,48.888017],[2.326405,48.889451],[2.32776,48.888805],[2.327392,48.8883],[2.3278,48.887716]]],[[[2.326621,48.886035],[2.32617,48.886576],[2.327128,48.887107],[2.327687,48.88676],[2.326621,48.886035]]],[[[2.327007,48.887155],[2.326941,48.887114],[2.326867,48.887129],[2.326865,48.887133],[2.32684,48.887207],[2.326861,48.887251],[2.326934,48.887402],[2.327023,48.887399],[2.327012,48.887236],[2.327007,48.887155]]],[[[2.328132,48.887637],[2.328474,48.887252],[2.327823,48.886824],[2.327149,48.887247],[2.327196,48.887546],[2.328132,48.887637]]],[[[2.326234,48.886698],[2.325749,48.887489],[2.325918,48.887907],[2.326849,48.887433],[2.326815,48.886997],[2.326234,48.886698]]],[[[2.332262,48.888648],[2.331926,48.888593],[2.332223,48.889011],[2.332262,48.888648]]],[[[2.332648,48.889206],[2.332327,48.889158],[2.332554,48.889446],[2.332648,48.889206]]],[[[2.332948,48.889699],[2.332626,48.889572],[2.333017,48.890076],[2.332948,48.889699]]],[[[2.329115,48.89005],[2.32855,48.88975],[2.328537,48.89003],[2.329115,48.89005]]],[[[2.327868,48.888888],[2.326464,48.889562],[2.326686,48.890293],[2.328324,48.88944],[2.327868,48.888888]]],[[[2.327757,48.889982],[2.327889,48.889888],[2.327912,48.889906],[2.328064,48.889791],[2.328073,48.889798],[2.328212,48.88973],[2.328211,48.889729],[2.328208,48.889727],[2.328207,48.889726],[2.328337,48.889663],[2.328336,48.889662],[2.328312,48.889642],[2.328531,48.889661],[2.328397,48.889515],[2.328253,48.889593],[2.328125,48.889662],[2.327993,48.889733],[2.327814,48.889829],[2.327665,48.88991],[2.32753,48.889982],[2.327466,48.890017],[2.327338,48.890086],[2.327213,48.890154],[2.327084,48.890223],[2.326959,48.89029],[2.326774,48.89039],[2.326917,48.890458],[2.32697,48.89043],[2.327066,48.890379],[2.32719,48.890313],[2.327309,48.890251],[2.327323,48.890244],[2.327337,48.890237],[2.327418,48.890195],[2.327443,48.890182],[2.327453,48.890177],[2.327546,48.890128],[2.327583,48.890109],[2.327634,48.890082],[2.327646,48.890075],[2.327748,48.890021],[2.327782,48.890002],[2.327757,48.889982]]],[[[2.333467,48.890418],[2.333444,48.89038],[2.333245,48.890425],[2.333262,48.890455],[2.333283,48.890486],[2.333299,48.890508],[2.333371,48.890609],[2.33338,48.890612],[2.333481,48.890466],[2.333489,48.890465],[2.333495,48.890464],[2.333479,48.890438],[2.333467,48.890418]]],[[[2.331655,48.888926],[2.32946,48.890076],[2.331034,48.890697],[2.331655,48.888926]]],[[[2.329383,48.89017],[2.329756,48.890712],[2.330935,48.890828],[2.329383,48.89017]]],[[[2.332008,48.888963],[2.331184,48.890761],[2.333164,48.890653],[2.332008,48.888963]]],[[[2.333286,48.890783],[2.331722,48.891032],[2.333347,48.891718],[2.333286,48.890783]]],[[[2.334352,48.891379],[2.334047,48.890828],[2.333444,48.890745],[2.333577,48.891766],[2.333792,48.891411],[2.334352,48.891379]]],[[[2.333164,48.891766],[2.331143,48.891063],[2.332201,48.891735],[2.333164,48.891766]]]],"type":"MultiPolygon"},"properties":{"id_projet":"MATERNELLES (année scolaire 2023/2024)","libelle":"CARPEAUX (5-7) MAT","annee_scol":"2023-2024","zone_commune":0,"etiquette":"Secteur de l'école 5 RUE CARPEAUX","lib_etab_1":"CARPEAUX (5-7) MAT","lib_etab_2":null,"lib_etab_3":null,"lib_etab_4":null,"adr_etab_1":"5 RUE CARPEAUX","adr_etab_2":null,"adr_etab_3":null,"adr_etab_4":null,"type_etabl":"Maternelle","geo_point_2d":{"lon":2.329427674023398,"lat":48.889289496624045},"st_area_shape":102665.814455861,"st_perimeter_shape":5608.343341512909}},{"type":"Feature","geometry":{"coordinates":[[[[2.337761,48.892971],[2.337227,48.892298],[2.337736,48.892219],[2.337779,48.89195],[2.338066,48.89218],[2.337798,48.891739],[2.338617,48.892321],[2.33851,48.892128],[2.339532,48.89161],[2.339566,48.891258],[2.336616,48.891558],[2.337761,48.892971]]],[[[2.335141,48.891215],[2.335519,48.891073],[2.335249,48.890774],[2.334454,48.890596],[2.335016,48.891567],[2.335141,48.891215]]],[[[2.334649,48.891298],[2.334228,48.890626],[2.333992,48.891133],[2.334352,48.891379],[2.333792,48.891411],[2.333728,48.891758],[2.334815,48.891631],[2.334649,48.891298]]],[[[2.332765,48.891946],[2.333258,48.891816],[2.3322,48.891736],[2.332336,48.892034],[2.332765,48.891946]]],[[[2.332374,48.892316],[2.333444,48.891936],[2.332073,48.892198],[2.332374,48.892316]]],[[[2.336384,48.892051],[2.336018,48.891619],[2.335218,48.891699],[2.336715,48.892495],[2.336384,48.892051]]],[[[2.3366,48.89174],[2.336051,48.891616],[2.337314,48.892769],[2.3366,48.89174]]],[[[2.334357,48.892128],[2.334765,48.891746],[2.333624,48.89191],[2.333747,48.892835],[2.334357,48.892128]]],[[[2.33722,48.89323],[2.337597,48.893084],[2.33682,48.89275],[2.33722,48.89323]]],[[[2.335582,48.89205],[2.335253,48.891915],[2.336346,48.893452],[2.336913,48.893328],[2.336719,48.892633],[2.335582,48.89205]]],[[[2.332944,48.89399],[2.334965,48.892572],[2.335422,48.89346],[2.336174,48.893507],[2.334935,48.891817],[2.332944,48.89399]]],[[[2.332813,48.893782],[2.333594,48.892921],[2.33184,48.892912],[2.332574,48.894063],[2.332813,48.893782]]]],"type":"MultiPolygon"},"properties":{"id_projet":"MATERNELLES (année scolaire 2023/2024)","libelle":"VAUVENARGUES (4) MAT","annee_scol":"2023-2024","zone_commune":0,"etiquette":"Secteur de l'école 4 RUE VAUVENARGUES","lib_etab_1":"VAUVENARGUES (4) MAT","lib_etab_2":null,"lib_etab_3":null,"lib_etab_4":null,"adr_etab_1":"4 RUE VAUVENARGUES","adr_etab_2":null,"adr_etab_3":null,"adr_etab_4":null,"type_etabl":"Maternelle","geo_point_2d":{"lon":2.335377311278075,"lat":48.89233184947559},"st_area_shape":67935.99010068979,"st_perimeter_shape":5291.112805390847}},{"type":"Feature","geometry":{"coordinates":[[[[2.36074,48.89802],[2.361835,48.89759],[2.367495,48.897536],[2.368463,48.896548],[2.371009,48.895772],[2.366011,48.894469],[2.365742,48.894926],[2.365042,48.895],[2.365208,48.89569],[2.365934,48.896051],[2.364972,48.89556],[2.363631,48.895852],[2.363337,48.89547],[2.36275,48.895532],[2.362534,48.895966],[2.362042,48.895422],[2.360823,48.89555],[2.362077,48.895218],[2.361648,48.894369],[2.36017,48.895318],[2.361302,48.896093],[2.360775,48.896148],[2.360463,48.896944],[2.360416,48.898009],[2.36074,48.89802]],[[2.360844,48.895666],[2.360852,48.895553],[2.361133,48.895564],[2.361156,48.895636],[2.361168,48.895677],[2.360844,48.895666]]],[[[2.365357,48.894157],[2.364713,48.893997],[2.364995,48.89484],[2.365781,48.894411],[2.365357,48.894157]]],[[[2.364289,48.893635],[2.363704,48.893383],[2.363714,48.893846],[2.363175,48.893915],[2.363599,48.89501],[2.364793,48.894864],[2.364289,48.893635]]],[[[2.363458,48.895148],[2.362942,48.893569],[2.362581,48.893892],[2.362707,48.894219],[2.361823,48.894107],[2.362275,48.895213],[2.362654,48.895395],[2.363458,48.895148]]],[[[2.364958,48.895508],[2.364837,48.895007],[2.363532,48.895352],[2.3638,48.89563],[2.364958,48.895508]]],[[[2.369751,48.893663],[2.368861,48.891594],[2.366117,48.892305],[2.365644,48.892892],[2.36436,48.893536],[2.366262,48.894358],[2.371404,48.89572],[2.371731,48.895457],[2.370427,48.89467],[2.369751,48.893663]]]],"type":"MultiPolygon"},"properties":{"id_projet":"MATERNELLES (année scolaire 2023/2024)","libelle":"TCHAIKOVSKI (7) MAT","annee_scol":"2023-2024","zone_commune":0,"etiquette":"Secteur de l'école 7 RUE TCHAIKOVSKI","lib_etab_1":"TCHAIKOVSKI (7) MAT","lib_etab_2":null,"lib_etab_3":null,"lib_etab_4":null,"adr_etab_1":"7 RUE TCHAIKOVSKI","adr_etab_2":null,"adr_etab_3":null,"adr_etab_4":null,"type_etabl":"Maternelle","geo_point_2d":{"lon":2.3657582459169912,"lat":48.895174620311984},"st_area_shape":310269.34729489137,"st_perimeter_shape":6161.800621527565}},{"type":"Feature","geometry":{"coordinates":[[[[2.33571,48.896366],[2.338036,48.896125],[2.337554,48.896012],[2.337865,48.895885],[2.337473,48.895355],[2.332605,48.894311],[2.333116,48.896041],[2.33571,48.896366]]],[[[2.333897,48.899028],[2.334136,48.898919],[2.333275,48.897894],[2.329624,48.897817],[2.329415,48.898054],[2.329907,48.898947],[2.333897,48.899028]]],[[[2.333558,48.897076],[2.333007,48.896311],[2.332425,48.896232],[2.332853,48.896815],[2.332399,48.896229],[2.332002,48.896192],[2.332415,48.896957],[2.331799,48.896147],[2.331337,48.896102],[2.332371,48.897516],[2.333858,48.897547],[2.333558,48.897076]]],[[[2.333082,48.893992],[2.336163,48.893522],[2.335422,48.89346],[2.334965,48.892572],[2.333082,48.893992]]],[[[2.338095,48.896212],[2.336457,48.896463],[2.33838,48.896705],[2.338095,48.896212]]],[[[2.335678,48.89461],[2.336285,48.893762],[2.335182,48.893906],[2.335549,48.894795],[2.335678,48.89461]]],[[[2.335249,48.89708],[2.335523,48.897014],[2.335371,48.896734],[2.333748,48.897089],[2.333977,48.89738],[2.335249,48.89708]]],[[[2.335076,48.89392],[2.334453,48.894006],[2.334674,48.8946],[2.335382,48.894757],[2.335076,48.89392]]],[[[2.332071,48.897509],[2.331935,48.897166],[2.331518,48.89741],[2.330939,48.897111],[2.329584,48.897439],[2.332071,48.897509]]],[[[2.331095,48.896052],[2.331187,48.89636],[2.330892,48.896469],[2.331305,48.896919],[2.331965,48.897019],[2.331095,48.896052]]],[[[2.334671,48.89652],[2.333537,48.896796],[2.333782,48.897023],[2.33539,48.896648],[2.334671,48.89652]]],[[[2.334347,48.894019],[2.333014,48.894229],[2.334511,48.894564],[2.334347,48.894019]]],[[[2.336408,48.89709],[2.338069,48.896965],[2.33631,48.896723],[2.336408,48.89709]]],[[[2.336437,48.897155],[2.334742,48.897538],[2.335989,48.897593],[2.336413,48.897243],[2.336551,48.897412],[2.336437,48.897155]]],[[[2.335543,48.897052],[2.333984,48.897416],[2.334417,48.897558],[2.335638,48.897231],[2.335543,48.897052]]],[[[2.336057,48.896693],[2.335496,48.896705],[2.335755,48.8972],[2.336281,48.897008],[2.336057,48.896693]]],[[[2.33406,48.896444],[2.333226,48.896365],[2.333514,48.896763],[2.334474,48.896513],[2.33406,48.896444]]],[[[2.335715,48.898002],[2.335814,48.898087],[2.335869,48.898149],[2.336573,48.898174],[2.336725,48.898116],[2.3368,48.898119],[2.336961,48.898008],[2.33693,48.897971],[2.336493,48.897961],[2.336185,48.897955],[2.335766,48.897946],[2.335715,48.898002]]],[[[2.334933,48.897929],[2.33443,48.898131],[2.334796,48.898293],[2.334933,48.897929]]],[[[2.334403,48.898301],[2.334065,48.898361],[2.334209,48.898656],[2.33462,48.898459],[2.334403,48.898301]]],[[[2.334203,48.897914],[2.333719,48.898014],[2.333991,48.898265],[2.334203,48.897914]]]],"type":"MultiPolygon"},"properties":{"id_projet":"MATERNELLES (année scolaire 2023/2024)","libelle":"PAUL ABADIE (1) MAT","annee_scol":"2023-2024","zone_commune":0,"etiquette":"Secteur de l'école 1 RUE PAUL ABADIE","lib_etab_1":"PAUL ABADIE (1) MAT","lib_etab_2":null,"lib_etab_3":null,"lib_etab_4":null,"adr_etab_1":"1 RUE PAUL ABADIE","adr_etab_2":null,"adr_etab_3":null,"adr_etab_4":null,"type_etabl":"Maternelle","geo_point_2d":{"lon":2.3339630717088458,"lat":48.89640468814336},"st_area_shape":172024.13825200437,"st_perimeter_shape":8183.959455293212}},{"type":"Feature","geometry":{"coordinates":[[[[2.339827,48.895444],[2.339341,48.894447],[2.33985,48.895427],[2.340598,48.894625],[2.338921,48.89379],[2.338551,48.894282],[2.339163,48.894288],[2.338336,48.894566],[2.338642,48.895476],[2.338725,48.895196],[2.33891,48.895545],[2.339467,48.895234],[2.339389,48.895647],[2.339827,48.895444]]],[[[2.342175,48.89359],[2.342555,48.89335],[2.342004,48.89296],[2.341946,48.893356],[2.340776,48.893534],[2.340327,48.893195],[2.340779,48.89467],[2.342175,48.89359]]],[[[2.339222,48.892252],[2.339436,48.892737],[2.339984,48.892622],[2.339585,48.891324],[2.339256,48.891851],[2.33851,48.892128],[2.338774,48.892852],[2.339412,48.892741],[2.339222,48.892252]]],[[[2.342735,48.893476],[2.341584,48.894236],[2.341878,48.894865],[2.343113,48.894818],[2.342347,48.894643],[2.342468,48.893805],[2.342915,48.893604],[2.342735,48.893476]]],[[[2.338484,48.895421],[2.338176,48.894585],[2.338659,48.893895],[2.337842,48.893995],[2.337938,48.89443],[2.337335,48.8936],[2.336562,48.893749],[2.337343,48.893835],[2.337769,48.894377],[2.337475,48.894489],[2.337911,48.894614],[2.338484,48.895421]]],[[[2.337882,48.893009],[2.337707,48.892715],[2.337912,48.893004],[2.338504,48.8929],[2.337779,48.89195],[2.337736,48.892219],[2.337227,48.892298],[2.337882,48.893009]]],[[[2.340407,48.893905],[2.340223,48.893503],[2.339122,48.89373],[2.340503,48.894439],[2.340407,48.893905]]],[[[2.340029,48.892766],[2.337953,48.893133],[2.340079,48.893028],[2.340029,48.892766]]],[[[2.338791,48.89372],[2.338294,48.893457],[2.337418,48.893591],[2.337652,48.893971],[2.338791,48.89372]]],[[[2.339158,48.893587],[2.340214,48.893373],[2.338574,48.893418],[2.339158,48.893587]]],[[[2.337789,48.893183],[2.337749,48.89318],[2.337694,48.893198],[2.337639,48.893215],[2.337505,48.893258],[2.337414,48.893287],[2.337259,48.893336],[2.337076,48.893394],[2.337099,48.893439],[2.337295,48.893412],[2.33746,48.893388],[2.337565,48.893374],[2.337719,48.893353],[2.337772,48.893345],[2.337864,48.893333],[2.337987,48.893315],[2.337997,48.893289],[2.337848,48.893213],[2.337789,48.893183]]],[[[2.341066,48.894814],[2.341108,48.894804],[2.341117,48.894818],[2.341124,48.894831],[2.341482,48.89452],[2.341477,48.894511],[2.341289,48.894491],[2.341047,48.894699],[2.341001,48.894739],[2.340879,48.894845],[2.341012,48.894877],[2.341076,48.894859],[2.34106,48.894833],[2.34105,48.894818],[2.341066,48.894814]]],[[[2.338584,48.89268],[2.338437,48.892422],[2.338356,48.892442],[2.338614,48.89288],[2.33869,48.892867],[2.338599,48.892707],[2.338584,48.89268]]],[[[2.336933,48.894103],[2.336932,48.894101],[2.33683,48.894132],[2.336831,48.894135],[2.336933,48.894103]]]],"type":"MultiPolygon"},"properties":{"id_projet":"MATERNELLES (année scolaire 2021/2022)","libelle":"CLOYS (41) MAT","annee_scol":"2021-2022","zone_commune":0,"etiquette":"Secteur de l'école 41 RUE DES CLOYS","lib_etab_1":"CLOYS (41) MAT","lib_etab_2":null,"lib_etab_3":null,"lib_etab_4":null,"adr_etab_1":"41 RUE DES CLOYS","adr_etab_2":null,"adr_etab_3":null,"adr_etab_4":null,"type_etabl":"Maternelle","geo_point_2d":{"lon":2.339671233850474,"lat":48.89380292157216},"st_area_shape":79379.1755936968,"st_perimeter_shape":5706.241991575466}},{"type":"Feature","geometry":{"coordinates":[[[[2.359071,48.893595],[2.358442,48.893461],[2.358511,48.89268],[2.358041,48.892671],[2.358026,48.892953],[2.356549,48.892904],[2.35645,48.894148],[2.359158,48.894201],[2.359071,48.893595]]],[[[2.36436,48.893536],[2.365644,48.892892],[2.366117,48.892305],[2.366184,48.891566],[2.365527,48.891614],[2.36547,48.892255],[2.363823,48.893091],[2.36436,48.893536]]],[[[2.365091,48.892312],[2.365396,48.891792],[2.364743,48.89218],[2.363649,48.892266],[2.363446,48.892011],[2.363726,48.893005],[2.365091,48.892312]]],[[[2.363339,48.892456],[2.36324,48.892057],[2.362013,48.89216],[2.363333,48.892991],[2.363339,48.892456]]],[[[2.36046,48.895327],[2.361714,48.894186],[2.360056,48.895003],[2.36046,48.895327]]],[[[2.363215,48.893069],[2.361867,48.892412],[2.362456,48.892966],[2.363215,48.893069]]],[[[2.362581,48.893892],[2.362903,48.893559],[2.361825,48.894106],[2.362707,48.894219],[2.362581,48.893892]]],[[[2.363608,48.893483],[2.363016,48.893505],[2.363175,48.893915],[2.363714,48.893846],[2.363608,48.893483]]],[[[2.361661,48.894041],[2.360582,48.894142],[2.360571,48.894602],[2.361661,48.894041]]],[[[2.360155,48.895832],[2.360765,48.895556],[2.360156,48.89541],[2.359772,48.895767],[2.360155,48.895832]]],[[[2.363103,48.893306],[2.361951,48.893628],[2.361783,48.893972],[2.363103,48.893306]]],[[[2.360273,48.89476],[2.3605,48.894644],[2.360266,48.894675],[2.359996,48.894687],[2.359936,48.894916],[2.359962,48.894918],[2.360273,48.89476]]],[[[2.359888,48.895892],[2.359891,48.895858],[2.359918,48.895859],[2.359919,48.895836],[2.359892,48.895835],[2.359892,48.895824],[2.359846,48.895823],[2.359848,48.8958],[2.359824,48.8958],[2.359825,48.895791],[2.359754,48.895789],[2.359746,48.895888],[2.359888,48.895892]]]],"type":"MultiPolygon"},"properties":{"id_projet":"MATERNELLES (année scolaire 2021/2022)","libelle":"CUGNOT (30) POLY","annee_scol":"2021-2022","zone_commune":0,"etiquette":"Secteur de l'école 30 RUE CUGNOT","lib_etab_1":"CUGNOT (30) POLY","lib_etab_2":null,"lib_etab_3":null,"lib_etab_4":null,"adr_etab_1":"30 RUE CUGNOT","adr_etab_2":null,"adr_etab_3":null,"adr_etab_4":null,"type_etabl":"Maternelle","geo_point_2d":{"lon":2.3612411944544993,"lat":48.893308144032254},"st_area_shape":65038.67774611482,"st_perimeter_shape":4260.74440475314}},{"type":"Feature","geometry":{"coordinates":[[[[2.339087,48.896423],[2.33872,48.896749],[2.342138,48.897124],[2.341669,48.896456],[2.339087,48.896423]]],[[[2.342934,48.896505],[2.343478,48.896313],[2.343307,48.895862],[2.341503,48.895861],[2.34209,48.896706],[2.342934,48.896505]]],[[[2.343857,48.896903],[2.343685,48.896634],[2.342997,48.896815],[2.343675,48.896617],[2.343544,48.896454],[2.342138,48.896848],[2.342452,48.897185],[2.344045,48.897418],[2.343857,48.896903]]],[[[2.341527,48.896347],[2.341245,48.895836],[2.339727,48.895816],[2.339114,48.896261],[2.341527,48.896347]]],[[[2.338439,48.897275],[2.342445,48.897602],[2.338359,48.896962],[2.337733,48.897615],[2.338498,48.897501],[2.338439,48.897275]]],[[[2.343138,48.895007],[2.342008,48.895233],[2.342174,48.895363],[2.341752,48.895686],[2.343278,48.895736],[2.343138,48.895007]]],[[[2.34417,48.897734],[2.344557,48.897655],[2.344203,48.897529],[2.342472,48.897332],[2.342793,48.897735],[2.34417,48.897734]]],[[[2.341746,48.895027],[2.341482,48.89452],[2.340868,48.894876],[2.341348,48.89562],[2.341746,48.895027]]],[[[2.341018,48.895384],[2.340697,48.894944],[2.339808,48.895627],[2.340753,48.895462],[2.340678,48.895178],[2.341201,48.8957],[2.341018,48.895384]]],[[[2.340978,48.897536],[2.340842,48.897527],[2.340797,48.897524],[2.34074,48.89752],[2.340654,48.897515],[2.340624,48.897513],[2.340575,48.89751],[2.340563,48.897509],[2.340467,48.897503],[2.34037,48.897496],[2.340274,48.89749],[2.340244,48.897488],[2.340147,48.897482],[2.340132,48.897481],[2.340108,48.897479],[2.34001,48.897473],[2.33995,48.897469],[2.33982,48.897461],[2.339833,48.897527],[2.33986,48.897529],[2.339861,48.897526],[2.339911,48.89753],[2.340001,48.897536],[2.340122,48.897544],[2.340264,48.897554],[2.340363,48.897561],[2.340459,48.897568],[2.340553,48.897574],[2.340645,48.897581],[2.340728,48.897586],[2.340791,48.897591],[2.34083,48.897594],[2.340962,48.897603],[2.341083,48.897611],[2.341195,48.897619],[2.34132,48.897627],[2.341439,48.897636],[2.341543,48.897643],[2.341675,48.897652],[2.341821,48.897663],[2.342042,48.897677],[2.342152,48.897685],[2.342282,48.897694],[2.342464,48.897707],[2.342476,48.897708],[2.342503,48.897693],[2.342463,48.897631],[2.342429,48.89763],[2.342396,48.897628],[2.342294,48.897621],[2.342271,48.89762],[2.342203,48.897615],[2.342161,48.897612],[2.342051,48.897605],[2.341826,48.897591],[2.341683,48.897582],[2.341559,48.897574],[2.34145,48.897566],[2.341335,48.897559],[2.34121,48.897551],[2.341145,48.897547],[2.34111,48.897544],[2.341092,48.897543],[2.340978,48.897536]]],[[[2.343236,48.898105],[2.342612,48.898092],[2.342513,48.898153],[2.342512,48.89816],[2.342563,48.898205],[2.343766,48.898238],[2.343882,48.89817],[2.343806,48.898117],[2.343236,48.898105]]],[[[2.341142,48.897668],[2.340213,48.897604],[2.340036,48.897592],[2.339841,48.897578],[2.339844,48.897593],[2.339849,48.897623],[2.340033,48.897634],[2.340033,48.897634],[2.340201,48.89765],[2.340202,48.897649],[2.341141,48.897685],[2.341142,48.897668]]],[[[2.338838,48.895529],[2.338725,48.895196],[2.338721,48.895197],[2.338742,48.895258],[2.338745,48.895267],[2.338769,48.895337],[2.33878,48.895369],[2.338798,48.895421],[2.338834,48.895528],[2.338838,48.895529]]]],"type":"MultiPolygon"},"properties":{"id_projet":"MATERNELLES (année scolaire 2021/2022)","libelle":"GUSTAVE ROUANET (1) MAT","annee_scol":"2021-2022","zone_commune":0,"etiquette":"Secteur de l'école 1 RUE GUSTAVE ROUANET","lib_etab_1":"GUSTAVE ROUANET (1) MAT","lib_etab_2":null,"lib_etab_3":null,"lib_etab_4":null,"adr_etab_1":"1 RUE GUSTAVE ROUANET","adr_etab_2":null,"adr_etab_3":null,"adr_etab_4":null,"type_etabl":"Maternelle","geo_point_2d":{"lon":2.3415046383096985,"lat":48.89651176889331},"st_area_shape":69727.27438868264,"st_perimeter_shape":5055.696606609331}},{"type":"Feature","geometry":{"coordinates":[[[[2.360903,48.886344],[2.36042,48.885004],[2.359538,48.884979],[2.359766,48.886768],[2.360933,48.886729],[2.360903,48.886344]]],[[[2.364903,48.885716],[2.364196,48.884584],[2.361546,48.884598],[2.362157,48.884772],[2.362304,48.885325],[2.364414,48.885238],[2.364903,48.885716]]],[[[2.361106,48.885854],[2.361353,48.884635],[2.360867,48.884603],[2.360562,48.884887],[2.360953,48.886019],[2.361106,48.885854]]],[[[2.360748,48.887684],[2.360908,48.886847],[2.359789,48.886876],[2.360406,48.887058],[2.360223,48.88768],[2.360748,48.887684]]],[[[2.362725,48.886522],[2.362656,48.886405],[2.361669,48.886657],[2.36157,48.886682],[2.36137,48.886733],[2.361315,48.886814],[2.361336,48.886849],[2.361684,48.886873],[2.361682,48.88687],[2.361675,48.886858],[2.361773,48.886832],[2.362754,48.886573],[2.362725,48.886522]]],[[[2.365143,48.885441],[2.364573,48.8848],[2.364801,48.884587],[2.3643,48.884593],[2.364991,48.885694],[2.365143,48.885441]]],[[[2.360475,48.884639],[2.360458,48.884613],[2.359614,48.884617],[2.359584,48.884637],[2.359587,48.8847],[2.35959,48.884804],[2.359619,48.884821],[2.360309,48.884809],[2.360383,48.884734],[2.360475,48.884639]]]],"type":"MultiPolygon"},"properties":{"id_projet":"MATERNELLES (année scolaire 2021/2022)","libelle":"PAJOL (11) POLY","annee_scol":"2021-2022","zone_commune":0,"etiquette":"Secteur de l'école 11 bis RUE PAJOL","lib_etab_1":"PAJOL (11) POLY","lib_etab_2":null,"lib_etab_3":null,"lib_etab_4":null,"adr_etab_1":"11 bis RUE PAJOL","adr_etab_2":null,"adr_etab_3":null,"adr_etab_4":null,"type_etabl":"Maternelle","geo_point_2d":{"lon":2.3615739824534376,"lat":48.88559386558},"st_area_shape":44464.216296363964,"st_perimeter_shape":2744.4946958639084}},{"type":"Feature","geometry":{"coordinates":[[[[2.352138,48.88739],[2.35313,48.887576],[2.35331,48.887134],[2.350875,48.886793],[2.351096,48.88718],[2.352138,48.88739]]],[[[2.352395,48.886805],[2.352666,48.886614],[2.350465,48.886283],[2.350818,48.886679],[2.352395,48.886805]]],[[[2.349944,48.88666],[2.349776,48.887156],[2.350006,48.887462],[2.350874,48.887093],[2.350652,48.88675],[2.349944,48.88666]]],[[[2.350955,48.887232],[2.350187,48.887563],[2.351321,48.888129],[2.350955,48.887232]]],[[[2.3515,48.887374],[2.351166,48.887332],[2.351448,48.887886],[2.352645,48.88765],[2.3515,48.887374]]],[[[2.351256,48.886228],[2.351871,48.886339],[2.351996,48.885969],[2.350237,48.886027],[2.351256,48.886228]]],[[[2.350388,48.885664],[2.34984,48.885549],[2.350185,48.885933],[2.351188,48.885854],[2.351102,48.885588],[2.350388,48.885664]],[[2.350323,48.885672],[2.350388,48.885664],[2.350396,48.885687],[2.35041,48.885731],[2.35037,48.885736],[2.350345,48.885739],[2.350218,48.885754],[2.350185,48.885758],[2.350163,48.88569],[2.350197,48.885687],[2.350323,48.885672]]],[[[2.352068,48.888032],[2.353045,48.888028],[2.352906,48.887711],[2.351494,48.88799],[2.351587,48.888228],[2.352068,48.888032]]],[[[2.349953,48.885915],[2.349755,48.885748],[2.349767,48.886511],[2.350539,48.886625],[2.349953,48.885915]]],[[[2.350731,48.888135],[2.350804,48.888149],[2.350867,48.888162],[2.350942,48.888177],[2.351013,48.888191],[2.351016,48.888188],[2.351235,48.888228],[2.351238,48.888222],[2.351071,48.888138],[2.350907,48.888057],[2.350744,48.887976],[2.35058,48.887894],[2.350419,48.887814],[2.350416,48.887812],[2.350341,48.887775],[2.350266,48.887737],[2.350138,48.887674],[2.350027,48.887618],[2.349879,48.887545],[2.349876,48.887543],[2.349779,48.887576],[2.349779,48.887582],[2.349872,48.887607],[2.349936,48.887696],[2.349935,48.887696],[2.349955,48.887723],[2.34997,48.887744],[2.350002,48.887786],[2.350022,48.887813],[2.350033,48.887827],[2.350081,48.887891],[2.350086,48.887898],[2.350095,48.887909],[2.350127,48.887952],[2.350138,48.887967],[2.350151,48.887984],[2.350179,48.888021],[2.350182,48.888025],[2.350265,48.888042],[2.350385,48.888066],[2.350443,48.888077],[2.350453,48.888079],[2.350497,48.888088],[2.350593,48.888107],[2.350621,48.888113],[2.350677,48.888124],[2.350731,48.888135]]],[[[2.349152,48.886876],[2.349359,48.887119],[2.349318,48.88658],[2.347899,48.886406],[2.349152,48.886876]]],[[[2.352602,48.886425],[2.352139,48.885971],[2.352049,48.886395],[2.352602,48.886425]]],[[[2.351681,48.885925],[2.352219,48.885867],[2.35227,48.885604],[2.351741,48.885574],[2.351197,48.885894],[2.351681,48.885925]]],[[[2.349116,48.886144],[2.349342,48.886451],[2.34932,48.885712],[2.348963,48.885993],[2.349116,48.886144]]],[[[2.353239,48.886964],[2.35325,48.886925],[2.353263,48.886883],[2.353184,48.886871],[2.353133,48.886863],[2.35303,48.886847],[2.353002,48.886843],[2.35299,48.886879],[2.352887,48.886867],[2.352899,48.88683],[2.352679,48.886944],[2.352694,48.886961],[2.352846,48.886984],[2.352948,48.887],[2.353078,48.88702],[2.353216,48.887041],[2.353336,48.887059],[2.35334,48.887057],[2.353242,48.886964],[2.353239,48.886964]]]],"type":"MultiPolygon"},"properties":{"id_projet":"MATERNELLES (année scolaire 2022/2023)","libelle":"RICHOMME (18) MAT","annee_scol":"2022-2023","zone_commune":0,"etiquette":"Secteur de l'école 18 RUE RICHOMME","lib_etab_1":"RICHOMME (18) MAT","lib_etab_2":null,"lib_etab_3":null,"lib_etab_4":null,"adr_etab_1":"18 RUE RICHOMME","adr_etab_2":null,"adr_etab_3":null,"adr_etab_4":null,"type_etabl":"Maternelle","geo_point_2d":{"lon":2.351174827963132,"lat":48.88688043579203},"st_area_shape":46195.09819280452,"st_perimeter_shape":4245.365237073529}},{"type":"Feature","geometry":{"coordinates":[[[[2.36409,48.887512],[2.364407,48.88743],[2.364749,48.888003],[2.365658,48.887767],[2.366764,48.889728],[2.367965,48.889624],[2.366675,48.886643],[2.365755,48.885614],[2.361336,48.886849],[2.363132,48.889832],[2.364132,48.88985],[2.363124,48.888039],[2.364233,48.887752],[2.36409,48.887512]]],[[[2.362399,48.889835],[2.362966,48.889849],[2.361049,48.886824],[2.360317,48.890096],[2.362399,48.889835]],[[2.361057,48.888376],[2.361058,48.888343],[2.361207,48.888343],[2.361247,48.888343],[2.361515,48.888342],[2.361717,48.888341],[2.36192,48.88834],[2.361922,48.888373],[2.361754,48.888374],[2.361697,48.888374],[2.361692,48.888378],[2.361632,48.888379],[2.361629,48.888374],[2.361557,48.888375],[2.361372,48.888375],[2.361191,48.888376],[2.361103,48.888376],[2.361057,48.888376]]],[[[2.363248,48.886136],[2.364903,48.885716],[2.364414,48.885238],[2.362304,48.885325],[2.362157,48.884772],[2.361494,48.884608],[2.361212,48.886026],[2.363248,48.886136]]],[[[2.361336,48.886161],[2.361222,48.886655],[2.362727,48.886271],[2.361336,48.886161]]],[[[2.365522,48.885372],[2.364804,48.884588],[2.364573,48.8848],[2.365187,48.885498],[2.364995,48.885693],[2.365665,48.885523],[2.365522,48.885372]]]],"type":"MultiPolygon"},"properties":{"id_projet":"MATERNELLES (année scolaire 2022/2023)","libelle":"DEPARTEMENT (51) MAT","annee_scol":"2022-2023","zone_commune":0,"etiquette":"Secteur de l'école 51 RUE DU DEPARTEMENT","lib_etab_1":"DEPARTEMENT (51) MAT","lib_etab_2":null,"lib_etab_3":null,"lib_etab_4":null,"adr_etab_1":"51 RUE DU DEPARTEMENT","adr_etab_2":null,"adr_etab_3":null,"adr_etab_4":null,"type_etabl":"Maternelle","geo_point_2d":{"lon":2.3636766727814953,"lat":48.88748626724901},"st_area_shape":172068.3999738689,"st_perimeter_shape":4665.956826419884}},{"type":"Feature","geometry":{"coordinates":[[[[2.328741,48.891251],[2.327062,48.891413],[2.327572,48.892931],[2.329495,48.892558],[2.328741,48.891251]]],[[[2.332509,48.893796],[2.33184,48.892912],[2.333594,48.892921],[2.333539,48.892502],[2.331831,48.892734],[2.331785,48.892255],[2.33057,48.89252],[2.33026,48.893429],[2.330782,48.893354],[2.330221,48.893549],[2.332542,48.894069],[2.332509,48.893796]]],[[[2.327515,48.890881],[2.329023,48.890146],[2.328537,48.89003],[2.328507,48.889748],[2.32682,48.890635],[2.326981,48.891173],[2.327515,48.890881]]],[[[2.331496,48.891356],[2.331075,48.89107],[2.330636,48.892329],[2.332336,48.892034],[2.331496,48.891356]]],[[[2.330878,48.891069],[2.329538,48.891202],[2.330308,48.892398],[2.330878,48.891069]]],[[[2.330076,48.893481],[2.330192,48.89257],[2.327989,48.893004],[2.330076,48.893481]]],[[[2.328844,48.8904],[2.327216,48.891213],[2.329227,48.891085],[2.328844,48.8904]]],[[[2.329365,48.891208],[2.328912,48.891242],[2.329701,48.892466],[2.330072,48.892444],[2.329365,48.891208]]],[[[2.330895,48.890941],[2.329756,48.890712],[2.329247,48.890143],[2.328971,48.890322],[2.329491,48.891061],[2.330895,48.890941]]],[[[2.333491,48.89235],[2.333444,48.891936],[2.332041,48.892238],[2.332218,48.892515],[2.333491,48.89235]]],[[[2.327016,48.890467],[2.327463,48.890231],[2.327678,48.890118],[2.327892,48.890005],[2.327975,48.889961],[2.328156,48.889865],[2.328292,48.889794],[2.328404,48.889735],[2.328535,48.889666],[2.328531,48.889661],[2.328312,48.889642],[2.328336,48.889662],[2.328337,48.889663],[2.328207,48.889726],[2.328208,48.889727],[2.328211,48.889729],[2.328212,48.88973],[2.328073,48.889798],[2.328064,48.889791],[2.327912,48.889906],[2.327889,48.889888],[2.327757,48.889982],[2.327782,48.890002],[2.327748,48.890021],[2.327646,48.890075],[2.327634,48.890082],[2.327583,48.890109],[2.327546,48.890128],[2.327453,48.890177],[2.327443,48.890182],[2.327418,48.890195],[2.327337,48.890237],[2.327323,48.890244],[2.327309,48.890251],[2.32719,48.890313],[2.327066,48.890379],[2.32697,48.89043],[2.326917,48.890458],[2.326774,48.89039],[2.326726,48.890416],[2.326766,48.890533],[2.326778,48.890569],[2.32681,48.890576],[2.327016,48.890467]]]],"type":"MultiPolygon"},"properties":{"id_projet":"MATERNELLES (année scolaire 2022/2023)","libelle":"JOSEPH DE MAISTRE (94) MAT","annee_scol":"2022-2023","zone_commune":0,"etiquette":"Secteur de l'école 94 RUE JOSEPH DE MAISTRE","lib_etab_1":"JOSEPH DE MAISTRE (94) MAT","lib_etab_2":null,"lib_etab_3":null,"lib_etab_4":null,"adr_etab_1":"94 RUE JOSEPH DE MAISTRE","adr_etab_2":null,"adr_etab_3":null,"adr_etab_4":null,"type_etabl":"Maternelle","geo_point_2d":{"lon":2.3297720089222245,"lat":48.891987507041975},"st_area_shape":100509.75703986807,"st_perimeter_shape":5257.546172660561}},{"type":"Feature","geometry":{"coordinates":[[[[2.36074,48.89802],[2.361835,48.89759],[2.367495,48.897536],[2.368463,48.896548],[2.371009,48.895772],[2.366011,48.894469],[2.365742,48.894926],[2.365042,48.895],[2.365208,48.89569],[2.365934,48.896051],[2.364972,48.89556],[2.363631,48.895852],[2.363337,48.89547],[2.36275,48.895532],[2.362534,48.895966],[2.362042,48.895422],[2.360823,48.89555],[2.362077,48.895218],[2.361648,48.894369],[2.36017,48.895318],[2.361302,48.896093],[2.360775,48.896148],[2.360463,48.896944],[2.360416,48.898009],[2.36074,48.89802]],[[2.360844,48.895666],[2.360852,48.895553],[2.361133,48.895564],[2.361156,48.895636],[2.361168,48.895677],[2.360844,48.895666]]],[[[2.369751,48.893663],[2.368861,48.891594],[2.366117,48.892305],[2.365644,48.892892],[2.36436,48.893536],[2.366262,48.894358],[2.371404,48.89572],[2.371731,48.895457],[2.370427,48.89467],[2.369751,48.893663]]],[[[2.363458,48.895148],[2.362942,48.893569],[2.362581,48.893892],[2.362707,48.894219],[2.361823,48.894107],[2.362275,48.895213],[2.362654,48.895395],[2.363458,48.895148]]],[[[2.364289,48.893635],[2.363704,48.893383],[2.363714,48.893846],[2.363175,48.893915],[2.363599,48.89501],[2.364793,48.894864],[2.364289,48.893635]]],[[[2.364958,48.895508],[2.364837,48.895007],[2.363532,48.895352],[2.3638,48.89563],[2.364958,48.895508]]],[[[2.365357,48.894157],[2.364713,48.893997],[2.364995,48.89484],[2.365781,48.894411],[2.365357,48.894157]]]],"type":"MultiPolygon"},"properties":{"id_projet":"MATERNELLES (année scolaire 2022/2023)","libelle":"TCHAIKOVSKI (7) MAT","annee_scol":"2022-2023","zone_commune":0,"etiquette":"Secteur de l'école 7 RUE TCHAIKOVSKI","lib_etab_1":"TCHAIKOVSKI (7) MAT","lib_etab_2":null,"lib_etab_3":null,"lib_etab_4":null,"adr_etab_1":"7 RUE TCHAIKOVSKI","adr_etab_2":null,"adr_etab_3":null,"adr_etab_4":null,"type_etabl":"Maternelle","geo_point_2d":{"lon":2.3657582459169917,"lat":48.89517462031201},"st_area_shape":310269.3472948914,"st_perimeter_shape":6161.800621527565}},{"type":"Feature","geometry":{"coordinates":[[[[2.332731,48.886486],[2.333713,48.886126],[2.333158,48.885575],[2.332638,48.885721],[2.333139,48.885528],[2.332492,48.885355],[2.333622,48.884819],[2.332691,48.883995],[2.333255,48.884521],[2.331931,48.885331],[2.332202,48.885677],[2.331841,48.885908],[2.332731,48.886486]]],[[[2.336778,48.887261],[2.337251,48.887219],[2.337001,48.88689],[2.337904,48.886254],[2.337739,48.885796],[2.336428,48.886248],[2.336748,48.886819],[2.336332,48.886313],[2.335687,48.886589],[2.336173,48.8873],[2.336778,48.887261]]],[[[2.344095,48.886125],[2.344268,48.885824],[2.343344,48.884883],[2.342518,48.885173],[2.342452,48.885695],[2.344095,48.886125]]],[[[2.334996,48.885851],[2.333947,48.886496],[2.334007,48.887065],[2.335534,48.886587],[2.334996,48.885851]]],[[[2.339867,48.885109],[2.340332,48.884972],[2.340269,48.884725],[2.338653,48.884624],[2.338712,48.885163],[2.339044,48.885147],[2.338477,48.885484],[2.339867,48.885109]]],[[[2.33595,48.887154],[2.335567,48.886632],[2.334035,48.887116],[2.334231,48.887352],[2.335017,48.887102],[2.335314,48.887454],[2.33595,48.887154]]],[[[2.335358,48.888376],[2.335654,48.888096],[2.335268,48.887721],[2.337165,48.887329],[2.333852,48.887913],[2.335358,48.888376]]],[[[2.339948,48.885917],[2.340563,48.885743],[2.340439,48.885433],[2.33806,48.886176],[2.339948,48.885917]]],[[[2.33741,48.884999],[2.335947,48.885581],[2.336389,48.886156],[2.33741,48.884999]]],[[[2.339013,48.887975],[2.33962,48.887067],[2.337668,48.887738],[2.339013,48.887975]]],[[[2.333788,48.886411],[2.334103,48.886133],[2.332805,48.886603],[2.33341,48.887362],[2.333796,48.887119],[2.333788,48.886411]]],[[[2.333984,48.885172],[2.333341,48.885516],[2.333842,48.886106],[2.33462,48.885788],[2.333984,48.885172]]],[[[2.340461,48.885028],[2.338611,48.885552],[2.33857,48.885854],[2.340542,48.885329],[2.340461,48.885028]]],[[[2.341171,48.886599],[2.341233,48.885954],[2.341911,48.885722],[2.341754,48.88549],[2.340392,48.88588],[2.340555,48.886359],[2.340967,48.886303],[2.341171,48.886599]]],[[[2.338068,48.886341],[2.337097,48.886954],[2.337294,48.887213],[2.338467,48.886718],[2.338068,48.886341]]],[[[2.337959,48.887433],[2.339252,48.886995],[2.338365,48.886884],[2.337357,48.8873],[2.337562,48.887552],[2.337959,48.887433]]],[[[2.34246,48.886946],[2.342558,48.886135],[2.341453,48.886254],[2.341491,48.886681],[2.3423,48.886668],[2.34246,48.886946]]],[[[2.339559,48.887005],[2.33985,48.886974],[2.3395,48.886529],[2.340415,48.886182],[2.340306,48.885934],[2.338926,48.886317],[2.339559,48.887005]]],[[[2.335822,48.885617],[2.335084,48.885809],[2.33559,48.8865],[2.336239,48.886204],[2.335822,48.885617]]],[[[2.343066,48.886953],[2.343345,48.886283],[2.3428,48.886261],[2.342598,48.886957],[2.343066,48.886953]]],[[[2.340108,48.886796],[2.340615,48.886706],[2.34046,48.886296],[2.339671,48.886553],[2.339941,48.886949],[2.340108,48.886796]]],[[[2.341891,48.885351],[2.341767,48.885057],[2.340649,48.885397],[2.340764,48.885683],[2.341891,48.885351]]],[[[2.336864,48.885039],[2.337142,48.884924],[2.336627,48.884735],[2.335811,48.88493],[2.336149,48.885333],[2.336864,48.885039]]],[[[2.332483,48.887194],[2.33201,48.888352],[2.33263,48.887931],[2.332483,48.887194]]],[[[2.337553,48.885218],[2.336943,48.885907],[2.337862,48.885683],[2.337553,48.885218]]],[[[2.333638,48.885237],[2.333901,48.88509],[2.333649,48.884877],[2.332951,48.885243],[2.333217,48.885481],[2.333638,48.885237]]],[[[2.332951,48.887169],[2.332618,48.886908],[2.332794,48.887795],[2.333215,48.887532],[2.332951,48.887169]]],[[[2.340641,48.887143],[2.341197,48.88694],[2.339752,48.887138],[2.34002,48.88737],[2.340707,48.887339],[2.340641,48.887143]]],[[[2.33593,48.885243],[2.335675,48.884935],[2.335125,48.885162],[2.335484,48.885546],[2.33593,48.885243]]],[[[2.333894,48.887215],[2.333512,48.887453],[2.333789,48.887834],[2.334216,48.887645],[2.333894,48.887215]]],[[[2.334975,48.887236],[2.334274,48.887457],[2.335138,48.887507],[2.334975,48.887236]]],[[[2.335239,48.885477],[2.334988,48.885204],[2.334449,48.885397],[2.334823,48.885736],[2.335239,48.885477]]],[[[2.339796,48.887083],[2.341208,48.886906],[2.341115,48.88668],[2.339796,48.887083]]],[[[2.340602,48.88447],[2.339824,48.884634],[2.340378,48.884448],[2.340502,48.884925],[2.340602,48.88447]]],[[[2.341279,48.885103],[2.341586,48.884902],[2.340522,48.885022],[2.340593,48.8853],[2.341279,48.885103]]],[[[2.338425,48.885527],[2.337939,48.885192],[2.337916,48.884747],[2.337646,48.885022],[2.338056,48.885639],[2.338425,48.885527]]],[[[2.338485,48.885659],[2.338099,48.885703],[2.338042,48.886027],[2.338485,48.885659]]],[[[2.33438,48.884798],[2.333688,48.884657],[2.334091,48.885053],[2.33438,48.884798]]],[[[2.339692,48.884621],[2.339477,48.884481],[2.339475,48.884481],[2.339448,48.884484],[2.339418,48.884487],[2.339398,48.88449],[2.339375,48.884492],[2.339358,48.884494],[2.339354,48.884495],[2.339324,48.884498],[2.339316,48.884499],[2.33927,48.884504],[2.339229,48.884509],[2.339207,48.884511],[2.339173,48.884515],[2.339084,48.884526],[2.339063,48.884451],[2.33882,48.884358],[2.338812,48.884365],[2.338877,48.88454],[2.338878,48.884542],[2.338975,48.884595],[2.339197,48.884606],[2.33936,48.884614],[2.339464,48.884619],[2.339692,48.88463],[2.339692,48.884621]]],[[[2.333547,48.88426],[2.332994,48.88398],[2.333572,48.884542],[2.333547,48.88426]]],[[[2.33779,48.884619],[2.337298,48.884485],[2.337229,48.884887],[2.33779,48.884619]]],[[[2.338711,48.886392],[2.33841,48.886376],[2.338512,48.886696],[2.338711,48.886392]]],[[[2.334552,48.885114],[2.334179,48.885112],[2.334172,48.88513],[2.334268,48.885223],[2.334368,48.88532],[2.334429,48.885196],[2.334409,48.885178],[2.334442,48.885165],[2.334525,48.885132],[2.334527,48.885132],[2.334551,48.88512],[2.334555,48.885118],[2.334552,48.885114]]],[[[2.342265,48.885667],[2.342189,48.885618],[2.342153,48.885665],[2.342188,48.885683],[2.342246,48.885678],[2.342265,48.885667]]]],"type":"MultiPolygon"},"properties":{"id_projet":"MATERNELLES (année scolaire 2022/2023)","libelle":"JEAN-BAPTISTE CLEMENT (4) MAT","annee_scol":"2022-2023","zone_commune":0,"etiquette":"Secteur de l'école 4 PLACE JEAN BAPTISTE CLEMENT","lib_etab_1":"JEAN-BAPTISTE CLEMENT (4) MAT","lib_etab_2":null,"lib_etab_3":null,"lib_etab_4":null,"adr_etab_1":"4 PLACE JEAN BAPTISTE CLEMENT","adr_etab_2":null,"adr_etab_3":null,"adr_etab_4":null,"type_etabl":"Maternelle","geo_point_2d":{"lon":2.337273358654981,"lat":48.8861913016091},"st_area_shape":174025.84711800067,"st_perimeter_shape":13414.96738593554}},{"type":"Feature","geometry":{"coordinates":[[[[2.354999,48.898576],[2.355033,48.898284],[2.353753,48.898254],[2.353711,48.898554],[2.352627,48.898597],[2.352132,48.901496],[2.355159,48.901551],[2.355561,48.898617],[2.354999,48.898576]]],[[[2.352332,48.8928],[2.352276,48.892686],[2.352199,48.892701],[2.352239,48.892818],[2.352332,48.8928]]],[[[2.35226,48.893161],[2.352538,48.893191],[2.352348,48.892832],[2.351678,48.893036],[2.351759,48.893259],[2.35226,48.893161]]],[[[2.352715,48.893961],[2.35258,48.893337],[2.352242,48.893578],[2.352632,48.893727],[2.351573,48.893946],[2.352095,48.894325],[2.352738,48.894193],[2.352715,48.893961]]],[[[2.352777,48.8943],[2.352186,48.894417],[2.35278,48.894875],[2.352777,48.8943]]],[[[2.35285,48.895216],[2.352799,48.895188],[2.35278,48.89519],[2.352729,48.895299],[2.352747,48.895296],[2.352855,48.895282],[2.35285,48.895216]]],[[[2.352678,48.895308],[2.352192,48.895372],[2.352313,48.895811],[2.351665,48.897092],[2.348044,48.897277],[2.347529,48.897369],[2.347424,48.897784],[2.35228,48.897887],[2.352678,48.895308]]],[[[2.353805,48.897203],[2.353973,48.895892],[2.354605,48.894588],[2.354491,48.893747],[2.354348,48.893386],[2.353684,48.893745],[2.353376,48.892415],[2.352353,48.892511],[2.352855,48.893824],[2.353681,48.893745],[2.353742,48.894003],[2.35295,48.894289],[2.353145,48.895933],[2.352691,48.898062],[2.353668,48.89808],[2.353805,48.897203]]],[[[2.356635,48.89871],[2.356344,48.898684],[2.35633,48.899285],[2.357645,48.899249],[2.357873,48.898876],[2.356635,48.89871]]],[[[2.352196,48.899366],[2.35221,48.898529],[2.351264,48.899356],[2.349638,48.899325],[2.349719,48.898899],[2.347603,48.8989],[2.347548,48.89932],[2.352196,48.899366]]],[[[2.349736,48.899632],[2.34759,48.89959],[2.34753,48.900772],[2.351911,48.900858],[2.352137,48.89968],[2.349736,48.899632]]]],"type":"MultiPolygon"},"properties":{"id_projet":"MATERNELLES (année scolaire 2023/2024)","libelle":"POISSONNIERS (142) POLY","annee_scol":"2023-2024","zone_commune":0,"etiquette":"Secteur de l'école 142 RUE DES POISSONNIERS","lib_etab_1":"POISSONNIERS (142) POLY","lib_etab_2":null,"lib_etab_3":null,"lib_etab_4":null,"adr_etab_1":"142 RUE DES POISSONNIERS","adr_etab_2":null,"adr_etab_3":null,"adr_etab_4":null,"type_etabl":"Maternelle","geo_point_2d":{"lon":2.3523478706488707,"lat":48.89831535862431},"st_area_shape":229888.93646839474,"st_perimeter_shape":7108.243024424732}},{"type":"Feature","geometry":{"coordinates":[[[[2.343236,48.900705],[2.343292,48.899504],[2.340215,48.899457],[2.340212,48.900613],[2.343236,48.900705]]],[[[2.339132,48.898017],[2.33853,48.898189],[2.339226,48.899103],[2.339951,48.899163],[2.339132,48.898017]]],[[[2.340647,48.898049],[2.339502,48.898104],[2.340396,48.899173],[2.340691,48.899113],[2.340647,48.898049]]],[[[2.341365,48.898066],[2.340944,48.89812],[2.340896,48.899119],[2.342264,48.899149],[2.342305,48.898155],[2.341365,48.898066]]],[[[2.343883,48.898535],[2.343882,48.89817],[2.342512,48.89816],[2.342464,48.899152],[2.343751,48.899242],[2.343883,48.898535]]],[[[2.347548,48.89932],[2.347602,48.898911],[2.344561,48.898755],[2.344467,48.898247],[2.344538,48.899223],[2.347548,48.89932]]],[[[2.345432,48.900443],[2.345472,48.899563],[2.344585,48.899549],[2.344577,48.900434],[2.345432,48.900443]]],[[[2.339944,48.899456],[2.339299,48.90001],[2.339749,48.900626],[2.339944,48.899456]]],[[[2.346117,48.900782],[2.34753,48.900772],[2.34759,48.89959],[2.345625,48.89955],[2.345578,48.900569],[2.344531,48.900689],[2.346117,48.900782]]]],"type":"MultiPolygon"},"properties":{"id_projet":"MATERNELLES (année scolaire 2024/2025)","libelle":"FERNAND LABORI (19) ELEM","annee_scol":"2024-2025","zone_commune":0,"etiquette":"Secteur de l'école 19 RUE FERNAND LABORI","lib_etab_1":"FERNAND LABORI (19) MAT","lib_etab_2":null,"lib_etab_3":null,"lib_etab_4":null,"adr_etab_1":"19 RUE FERNAND LABORI","adr_etab_2":null,"adr_etab_3":null,"adr_etab_4":null,"type_etabl":"Maternelle","geo_point_2d":{"lon":2.34305336499712,"lat":48.89947328975089},"st_area_shape":111444.80396273675,"st_perimeter_shape":4346.629872774323}},{"type":"Feature","geometry":{"coordinates":[[[[2.348044,48.897277],[2.351665,48.897092],[2.352313,48.895811],[2.352192,48.895372],[2.35278,48.89519],[2.351738,48.895302],[2.351827,48.895732],[2.351305,48.895795],[2.351629,48.895627],[2.351517,48.895326],[2.348323,48.895668],[2.348388,48.895887],[2.346486,48.896253],[2.347776,48.896621],[2.348044,48.897277]]],[[[2.349326,48.891745],[2.348874,48.891785],[2.348924,48.892137],[2.349326,48.891745]]],[[[2.351001,48.892739],[2.349957,48.89188],[2.35065,48.892933],[2.351001,48.892739]]],[[[2.350786,48.893094],[2.350715,48.892983],[2.350708,48.892985],[2.350696,48.893001],[2.350763,48.893099],[2.350786,48.893094]]],[[[2.349887,48.89309],[2.35049,48.892961],[2.349682,48.891877],[2.349371,48.892249],[2.349627,48.892691],[2.349314,48.892317],[2.349036,48.892648],[2.34916,48.893208],[2.349887,48.89309]]],[[[2.348486,48.892749],[2.348788,48.892389],[2.348668,48.891844],[2.347098,48.892127],[2.347403,48.892165],[2.347932,48.893412],[2.348486,48.892749]]],[[[2.351759,48.893259],[2.351678,48.893036],[2.350791,48.89314],[2.351073,48.893524],[2.351759,48.893259]]],[[[2.351886,48.89388],[2.352632,48.893727],[2.352242,48.893578],[2.35258,48.893337],[2.351193,48.893618],[2.351886,48.89388]]],[[[2.350538,48.893029],[2.349201,48.893271],[2.349326,48.893968],[2.350881,48.893579],[2.350538,48.893029]]],[[[2.348894,48.892873],[2.347541,48.894436],[2.349146,48.89402],[2.348894,48.892873]]],[[[2.351543,48.894088],[2.350626,48.894327],[2.350774,48.894572],[2.351825,48.894362],[2.351543,48.894088]]],[[[2.350471,48.894363],[2.351347,48.893993],[2.351011,48.893677],[2.349359,48.894116],[2.349627,48.894766],[2.350519,48.89461],[2.350471,48.894363]]],[[[2.353037,48.894281],[2.353052,48.89405],[2.353742,48.894003],[2.353681,48.893745],[2.352855,48.893824],[2.353056,48.895046],[2.353037,48.894281]]],[[[2.349319,48.894809],[2.349143,48.894156],[2.347878,48.894511],[2.348221,48.895039],[2.349319,48.894809]]],[[[2.347972,48.894872],[2.347385,48.894624],[2.346829,48.895283],[2.347962,48.895089],[2.347972,48.894872]]],[[[2.350505,48.895308],[2.352763,48.895025],[2.351945,48.894449],[2.349561,48.894891],[2.349758,48.895388],[2.350505,48.895308]]],[[[2.34806,48.895195],[2.347545,48.895488],[2.348138,48.895387],[2.34806,48.895195]]],[[[2.349406,48.895204],[2.349314,48.894873],[2.348173,48.895114],[2.348411,48.895531],[2.349425,48.895423],[2.349406,48.895204]]],[[[2.348207,48.895532],[2.348158,48.895429],[2.348058,48.89545],[2.347927,48.895477],[2.347798,48.895504],[2.347781,48.895507],[2.34771,48.895522],[2.347582,48.895548],[2.347569,48.895566],[2.347585,48.89562],[2.347836,48.895593],[2.347972,48.895578],[2.348108,48.895564],[2.348185,48.895555],[2.348207,48.895532]]],[[[2.347507,48.895578],[2.347482,48.895568],[2.347361,48.895593],[2.34723,48.89562],[2.347091,48.895649],[2.347105,48.895676],[2.347248,48.89566],[2.347385,48.895646],[2.347383,48.895641],[2.347387,48.895641],[2.34752,48.895627],[2.347507,48.895578]]],[[[2.347422,48.89532],[2.346516,48.895661],[2.34746,48.895526],[2.347422,48.89532]]],[[[2.348325,48.895809],[2.346543,48.895956],[2.346883,48.896133],[2.348325,48.895809]]],[[[2.346686,48.896167],[2.346529,48.896085],[2.346475,48.896215],[2.346684,48.896173],[2.346686,48.896167]]]],"type":"MultiPolygon"},"properties":{"id_projet":"MATERNELLES (année scolaire 2025/2026)","libelle":"AMIRAUX (19) MAT","annee_scol":"2025-2026","zone_commune":0,"etiquette":"Secteur de l'école 19 RUE DES AMIRAUX","lib_etab_1":"AMIRAUX (19) MAT","lib_etab_2":null,"lib_etab_3":null,"lib_etab_4":null,"adr_etab_1":"19 RUE DES AMIRAUX","adr_etab_2":null,"adr_etab_3":null,"adr_etab_4":null,"type_etabl":"Maternelle","geo_point_2d":{"lon":2.3497297483705784,"lat":48.89488697697673},"st_area_shape":154899.00549538672,"st_perimeter_shape":7611.7978655216475}},{"type":"Feature","geometry":{"coordinates":[[[[2.337114,48.894831],[2.336285,48.893762],[2.335549,48.894795],[2.33733,48.895193],[2.337114,48.894831]]],[[[2.338484,48.895421],[2.337911,48.894614],[2.337475,48.894489],[2.337769,48.894377],[2.337343,48.893835],[2.33656,48.89375],[2.33762,48.895247],[2.338484,48.895421]]],[[[2.338712,48.896104],[2.33852,48.895591],[2.337764,48.895448],[2.33822,48.896091],[2.338601,48.89603],[2.338232,48.896108],[2.338547,48.896553],[2.338712,48.896104]]],[[[2.337619,48.897454],[2.337621,48.897453],[2.337611,48.897454],[2.337685,48.897379],[2.337735,48.897329],[2.33771,48.89731],[2.337442,48.897353],[2.337322,48.897372],[2.337205,48.897391],[2.337083,48.89741],[2.336845,48.897448],[2.336723,48.897467],[2.336651,48.897478],[2.336587,48.897488],[2.336322,48.897573],[2.336329,48.8976],[2.336706,48.897607],[2.336777,48.897608],[2.336904,48.897611],[2.337149,48.897617],[2.337313,48.897621],[2.337388,48.897622],[2.337485,48.897589],[2.337619,48.897454]]],[[[2.341201,48.8957],[2.340678,48.895178],[2.340753,48.895462],[2.339831,48.89566],[2.341201,48.8957]]],[[[2.339349,48.895837],[2.338703,48.895657],[2.338892,48.896225],[2.339349,48.895837]]],[[[2.337993,48.897074],[2.337106,48.897108],[2.337182,48.897313],[2.337993,48.897074]]],[[[2.336768,48.898305],[2.336961,48.898008],[2.336527,48.898191],[2.336238,48.898545],[2.336386,48.898733],[2.336768,48.898305]]],[[[2.337084,48.897218],[2.336437,48.897155],[2.336551,48.897412],[2.337084,48.897218]]],[[[2.339469,48.895238],[2.33891,48.895545],[2.339389,48.895647],[2.339469,48.895238]]],[[[2.336239,48.897579],[2.336476,48.897413],[2.335895,48.897421],[2.336239,48.897579]]],[[[2.342174,48.895363],[2.342008,48.895233],[2.342007,48.895234],[2.341868,48.895419],[2.341795,48.895515],[2.341704,48.895634],[2.341752,48.895686],[2.342037,48.895582],[2.342174,48.895363]]],[[[2.341823,48.895174],[2.341823,48.895174],[2.341434,48.895324],[2.341436,48.895327],[2.341424,48.895331],[2.341416,48.895622],[2.341485,48.895624],[2.341541,48.89555],[2.341607,48.895461],[2.3417,48.895338],[2.34177,48.895245],[2.341823,48.895174]]],[[[2.33878,48.895369],[2.338769,48.895337],[2.338767,48.895337],[2.338657,48.895483],[2.338676,48.895493],[2.338834,48.895528],[2.338798,48.895421],[2.33878,48.895369]]]],"type":"MultiPolygon"},"properties":{"id_projet":"MATERNELLES (année scolaire 2020/2021)","libelle":"CHAMPIONNET (113) POLY","annee_scol":"2020-2021","zone_commune":0,"etiquette":"Secteur de l'école 113 RUE CHAMPIONNET","lib_etab_1":"CHAMPIONNET (113) POLY","lib_etab_2":null,"lib_etab_3":null,"lib_etab_4":null,"adr_etab_1":"113 RUE CHAMPIONNET","adr_etab_2":null,"adr_etab_3":null,"adr_etab_4":null,"type_etabl":null,"geo_point_2d":{"lon":2.3376453406275184,"lat":48.89551539019333},"st_area_shape":33346.0218828436,"st_perimeter_shape":3271.853900765691}},{"type":"Feature","geometry":{"coordinates":[[[[2.344953,48.894193],[2.345253,48.894276],[2.344278,48.892628],[2.343965,48.89276],[2.344516,48.89446],[2.344953,48.894193]]],[[[2.343814,48.892875],[2.343038,48.893281],[2.34307,48.893555],[2.344261,48.894398],[2.343814,48.892875]]],[[[2.34604,48.89234],[2.345139,48.892508],[2.345737,48.893609],[2.346256,48.893182],[2.34604,48.89234]]],[[[2.347576,48.893827],[2.346069,48.89422],[2.346397,48.894767],[2.34691,48.894632],[2.347576,48.893827]]],[[[2.345113,48.890751],[2.345655,48.890163],[2.344344,48.890222],[2.344643,48.890582],[2.344262,48.890625],[2.344566,48.890727],[2.344355,48.890994],[2.345113,48.890751]]],[[[2.342939,48.893739],[2.342468,48.893805],[2.342347,48.894643],[2.343113,48.894818],[2.342939,48.893739]]],[[[2.34638,48.892479],[2.346131,48.892598],[2.346397,48.893161],[2.346089,48.893589],[2.346986,48.893304],[2.34638,48.892479]]],[[[2.347068,48.893413],[2.345842,48.893801],[2.346031,48.894093],[2.347272,48.893767],[2.347068,48.893413]]],[[[2.347736,48.893646],[2.347354,48.893539],[2.346901,48.892153],[2.346336,48.892255],[2.347378,48.893731],[2.347736,48.893646]]],[[[2.343563,48.89443],[2.344238,48.894541],[2.343112,48.893781],[2.343292,48.894752],[2.343563,48.89443]]],[[[2.345064,48.892696],[2.344578,48.892821],[2.345279,48.893538],[2.345064,48.892696]]],[[[2.344154,48.892431],[2.343907,48.89193],[2.343163,48.892098],[2.343566,48.892383],[2.343361,48.892574],[2.344154,48.892431]]],[[[2.343643,48.892764],[2.342203,48.892942],[2.342722,48.893282],[2.343643,48.892764]]],[[[2.343587,48.891459],[2.343187,48.891284],[2.343108,48.891995],[2.3438,48.89181],[2.343587,48.891459]]],[[[2.344687,48.892361],[2.34456,48.891754],[2.344052,48.891872],[2.344302,48.89235],[2.344687,48.892361]]],[[[2.343991,48.891749],[2.34448,48.891591],[2.344254,48.891165],[2.343748,48.891259],[2.343991,48.891749]]],[[[2.345579,48.894125],[2.345842,48.894123],[2.345563,48.893609],[2.345138,48.893681],[2.345404,48.894238],[2.345579,48.894125]]],[[[2.345751,48.890016],[2.345812,48.889921],[2.345858,48.88985],[2.345829,48.889833],[2.345517,48.889846],[2.345526,48.889901],[2.345531,48.889937],[2.345279,48.889955],[2.345279,48.889957],[2.345281,48.889968],[2.344755,48.889925],[2.344664,48.889802],[2.344601,48.889809],[2.344543,48.889815],[2.344483,48.889821],[2.344476,48.889822],[2.34443,48.889827],[2.344435,48.889855],[2.344451,48.88994],[2.344388,48.889946],[2.344283,48.889956],[2.344296,48.89003],[2.344311,48.890117],[2.344481,48.890105],[2.344651,48.890094],[2.344869,48.890078],[2.345292,48.890049],[2.345546,48.890031],[2.345751,48.890016]]],[[[2.345142,48.890935],[2.344438,48.891131],[2.344648,48.891584],[2.345142,48.890935]]],[[[2.345307,48.891823],[2.34477,48.891815],[2.345015,48.892279],[2.345461,48.892047],[2.345307,48.891823]]],[[[2.345975,48.889656],[2.345316,48.889542],[2.345371,48.889798],[2.345975,48.889656]]],[[[2.346164,48.889329],[2.346338,48.888957],[2.345964,48.889283],[2.346164,48.889329]]],[[[2.346757,48.894816],[2.34673,48.894795],[2.34651,48.894853],[2.346452,48.894869],[2.346435,48.894894],[2.346519,48.895048],[2.34656,48.89505],[2.346653,48.89494],[2.346757,48.894816]]]],"type":"MultiPolygon"},"properties":{"id_projet":"MATERNELLES (année scolaire 2020/2021)","libelle":"MONT CENIS (77) MAT","annee_scol":"2020-2021","zone_commune":0,"etiquette":"Secteur de l'école 77 RUE DU MONT CENIS","lib_etab_1":"MONT CENIS (77) MAT","lib_etab_2":null,"lib_etab_3":null,"lib_etab_4":null,"adr_etab_1":"77 RUE DU MONT CENIS","adr_etab_2":null,"adr_etab_3":null,"adr_etab_4":null,"type_etabl":null,"geo_point_2d":{"lon":2.344880267635038,"lat":48.89285975932499},"st_area_shape":77595.5623117053,"st_perimeter_shape":6434.156026352185}},{"type":"Feature","geometry":{"coordinates":[[[[2.359071,48.893595],[2.358442,48.893461],[2.358511,48.89268],[2.358041,48.892671],[2.358026,48.892953],[2.356549,48.892904],[2.35645,48.894148],[2.359158,48.894201],[2.359071,48.893595]]],[[[2.36436,48.893536],[2.365644,48.892892],[2.366117,48.892305],[2.366184,48.891566],[2.365527,48.891614],[2.36547,48.892255],[2.363823,48.893091],[2.36436,48.893536]]],[[[2.365091,48.892312],[2.365396,48.891792],[2.364743,48.89218],[2.363649,48.892266],[2.363446,48.892011],[2.363726,48.893005],[2.365091,48.892312]]],[[[2.363339,48.892456],[2.36324,48.892057],[2.362013,48.89216],[2.363333,48.892991],[2.363339,48.892456]]],[[[2.36046,48.895327],[2.361714,48.894186],[2.360056,48.895003],[2.36046,48.895327]]],[[[2.363215,48.893069],[2.361867,48.892412],[2.362456,48.892966],[2.363215,48.893069]]],[[[2.362581,48.893892],[2.362903,48.893559],[2.361825,48.894106],[2.362707,48.894219],[2.362581,48.893892]]],[[[2.363608,48.893483],[2.363016,48.893505],[2.363175,48.893915],[2.363714,48.893846],[2.363608,48.893483]]],[[[2.361661,48.894041],[2.360582,48.894142],[2.360571,48.894602],[2.361661,48.894041]]],[[[2.360155,48.895832],[2.360765,48.895556],[2.360156,48.89541],[2.359772,48.895767],[2.360155,48.895832]]],[[[2.363103,48.893306],[2.361951,48.893628],[2.361783,48.893972],[2.363103,48.893306]]],[[[2.360273,48.89476],[2.3605,48.894644],[2.360266,48.894675],[2.359996,48.894687],[2.359936,48.894916],[2.359962,48.894918],[2.360273,48.89476]]],[[[2.359888,48.895892],[2.359891,48.895858],[2.359918,48.895859],[2.359919,48.895836],[2.359892,48.895835],[2.359892,48.895824],[2.359846,48.895823],[2.359848,48.8958],[2.359824,48.8958],[2.359825,48.895791],[2.359754,48.895789],[2.359746,48.895888],[2.359888,48.895892]]]],"type":"MultiPolygon"},"properties":{"id_projet":"MATERNELLES (année scolaire 2020/2021)","libelle":"CUGNOT (30) POLY","annee_scol":"2020-2021","zone_commune":0,"etiquette":"Secteur de l'école 30 RUE CUGNOT","lib_etab_1":"CUGNOT (30) POLY","lib_etab_2":null,"lib_etab_3":null,"lib_etab_4":null,"adr_etab_1":"30 RUE CUGNOT","adr_etab_2":null,"adr_etab_3":null,"adr_etab_4":null,"type_etabl":null,"geo_point_2d":{"lon":2.3612411944544993,"lat":48.893308144032254},"st_area_shape":65038.67774611482,"st_perimeter_shape":4260.74440475314}},{"type":"Feature","geometry":{"coordinates":[[[[2.358545,48.899627],[2.360856,48.898336],[2.369965,48.898437],[2.370151,48.896572],[2.371039,48.895847],[2.368463,48.896548],[2.367495,48.897536],[2.361835,48.89759],[2.360416,48.898009],[2.360465,48.89732],[2.359647,48.897159],[2.359665,48.898311],[2.360649,48.898331],[2.358555,48.899505],[2.358483,48.899119],[2.357873,48.898876],[2.357645,48.899249],[2.355483,48.899194],[2.355159,48.901551],[2.358395,48.901615],[2.358545,48.899627]]],[[[2.365622,48.900396],[2.370021,48.900328],[2.370037,48.899975],[2.366664,48.899842],[2.365649,48.899417],[2.365382,48.899593],[2.365408,48.899313],[2.364129,48.898763],[2.362369,48.898759],[2.362304,48.900198],[2.365622,48.900396]]],[[[2.369968,48.901458],[2.369986,48.901091],[2.364412,48.901116],[2.364355,48.901738],[2.370016,48.901854],[2.369968,48.901458]]],[[[2.360469,48.899798],[2.362194,48.899822],[2.362262,48.898764],[2.359879,48.898995],[2.359854,48.899582],[2.360469,48.899798]]],[[[2.370052,48.899714],[2.369939,48.899263],[2.369166,48.899615],[2.368415,48.899087],[2.367495,48.89958],[2.366594,48.899088],[2.366097,48.899316],[2.366706,48.899711],[2.370052,48.899714]]],[[[2.366785,48.898779],[2.366641,48.898925],[2.367316,48.899398],[2.368203,48.898956],[2.366785,48.898779]]],[[[2.368661,48.898815],[2.368515,48.898961],[2.369191,48.899434],[2.370086,48.898988],[2.368661,48.898815]]],[[[2.363545,48.901722],[2.363587,48.901209],[2.362306,48.901419],[2.362295,48.901697],[2.363545,48.901722]]],[[[2.366438,48.898921],[2.365752,48.898759],[2.365667,48.899263],[2.366438,48.898921]]],[[[2.364763,48.89874],[2.36551,48.899142],[2.365465,48.898754],[2.364763,48.89874]]]],"type":"MultiPolygon"},"properties":{"id_projet":"MATERNELLES (année scolaire 2020/2021)","libelle":"CHARLES HERMITE (2) MAT","annee_scol":"2020-2021","zone_commune":0,"etiquette":"Secteur de l'école 2 RUE CHARLES HERMITE","lib_etab_1":"CHARLES HERMITE (2) MAT","lib_etab_2":null,"lib_etab_3":null,"lib_etab_4":null,"adr_etab_1":"2 RUE CHARLES HERMITE","adr_etab_2":null,"adr_etab_3":null,"adr_etab_4":null,"type_etabl":null,"geo_point_2d":{"lon":2.3638675277711934,"lat":48.89937762727833},"st_area_shape":290714.604332973,"st_perimeter_shape":8698.558779800172}},{"type":"Feature","geometry":{"coordinates":[[[[2.356519,48.893259],[2.356549,48.892904],[2.358026,48.892953],[2.358041,48.892671],[2.358512,48.89268],[2.358598,48.89223],[2.359013,48.892613],[2.35958,48.892613],[2.359682,48.891115],[2.357234,48.89121],[2.357269,48.890776],[2.359668,48.890983],[2.359705,48.890407],[2.354916,48.890671],[2.355577,48.892369],[2.355122,48.893213],[2.356519,48.893259]]],[[[2.359716,48.888972],[2.359563,48.887255],[2.358229,48.887336],[2.358013,48.887797],[2.35808,48.886684],[2.359425,48.886649],[2.359311,48.886195],[2.358932,48.886462],[2.357879,48.886421],[2.357824,48.88732],[2.35646,48.887166],[2.356178,48.888648],[2.359716,48.888972]]],[[[2.358168,48.889294],[2.358123,48.888961],[2.356315,48.888795],[2.355921,48.890206],[2.358201,48.890207],[2.358168,48.889294]]],[[[2.359717,48.890056],[2.359719,48.889108],[2.358284,48.888994],[2.358363,48.890183],[2.359717,48.890056]]],[[[2.360264,48.889823],[2.36074,48.887684],[2.360223,48.88768],[2.360406,48.887058],[2.359789,48.886878],[2.360264,48.889823]]],[[[2.359275,48.887184],[2.359543,48.887185],[2.359442,48.886721],[2.358239,48.886751],[2.358201,48.887222],[2.359275,48.887184]]],[[[2.356201,48.887552],[2.355808,48.887774],[2.356119,48.887943],[2.356201,48.887552]]],[[[2.356075,48.888159],[2.356094,48.88807],[2.356078,48.888056],[2.355931,48.888147],[2.35593,48.888147],[2.355926,48.88817],[2.355925,48.888177],[2.355918,48.888211],[2.355911,48.888213],[2.355897,48.888213],[2.355888,48.888256],[2.355886,48.888267],[2.355878,48.888308],[2.355867,48.888361],[2.355864,48.888376],[2.355848,48.888458],[2.355844,48.888477],[2.355841,48.888492],[2.35597,48.888615],[2.355979,48.888611],[2.356004,48.888493],[2.356029,48.888375],[2.356051,48.888271],[2.356075,48.888159]]],[[[2.356235,48.888789],[2.35615,48.888781],[2.356117,48.888797],[2.356093,48.88891],[2.356067,48.889034],[2.356065,48.889045],[2.356052,48.889133],[2.356085,48.889148],[2.356094,48.889148],[2.356157,48.88915],[2.356178,48.889138],[2.356194,48.889041],[2.356214,48.888917],[2.356235,48.888789]]],[[[2.355918,48.88876],[2.355868,48.888755],[2.35585,48.888852],[2.355842,48.888895],[2.355816,48.88904],[2.355813,48.889065],[2.355807,48.889109],[2.355805,48.889126],[2.355804,48.889137],[2.355807,48.889137],[2.355837,48.889139],[2.355873,48.889121],[2.355875,48.889114],[2.355943,48.888782],[2.355918,48.88876]]]],"type":"MultiPolygon"},"properties":{"id_projet":"MATERNELLES (année scolaire 2021/2022)","libelle":"MARX DORMOY (53B) MAT","annee_scol":"2021-2022","zone_commune":0,"etiquette":"Secteur de l'école 53 bis RUE MARX DORMOY","lib_etab_1":"MARX DORMOY (53B) MAT","lib_etab_2":null,"lib_etab_3":null,"lib_etab_4":null,"adr_etab_1":"53 bis RUE MARX DORMOY","adr_etab_2":null,"adr_etab_3":null,"adr_etab_4":null,"type_etabl":"Maternelle","geo_point_2d":{"lon":2.3577716568112703,"lat":48.88993312307199},"st_area_shape":179974.06192722768,"st_perimeter_shape":5821.92541218205}},{"type":"Feature","geometry":{"coordinates":[[[[2.344953,48.894193],[2.345253,48.894276],[2.344278,48.892628],[2.343965,48.89276],[2.344516,48.89446],[2.344953,48.894193]]],[[[2.343814,48.892875],[2.343038,48.893281],[2.34307,48.893555],[2.344261,48.894398],[2.343814,48.892875]]],[[[2.34604,48.89234],[2.345139,48.892508],[2.345737,48.893609],[2.346256,48.893182],[2.34604,48.89234]]],[[[2.347576,48.893827],[2.346069,48.89422],[2.346397,48.894767],[2.34691,48.894632],[2.347576,48.893827]]],[[[2.345113,48.890751],[2.345655,48.890163],[2.344344,48.890222],[2.344643,48.890582],[2.344262,48.890625],[2.344566,48.890727],[2.344355,48.890994],[2.345113,48.890751]]],[[[2.342939,48.893739],[2.342468,48.893805],[2.342347,48.894643],[2.343113,48.894818],[2.342939,48.893739]]],[[[2.34638,48.892479],[2.346131,48.892598],[2.346397,48.893161],[2.346089,48.893589],[2.346986,48.893304],[2.34638,48.892479]]],[[[2.347068,48.893413],[2.345842,48.893801],[2.346031,48.894093],[2.347272,48.893767],[2.347068,48.893413]]],[[[2.347736,48.893646],[2.347354,48.893539],[2.346901,48.892153],[2.346336,48.892255],[2.347378,48.893731],[2.347736,48.893646]]],[[[2.343563,48.89443],[2.344238,48.894541],[2.343112,48.893781],[2.343292,48.894752],[2.343563,48.89443]]],[[[2.345064,48.892696],[2.344578,48.892821],[2.345279,48.893538],[2.345064,48.892696]]],[[[2.344154,48.892431],[2.343907,48.89193],[2.343163,48.892098],[2.343566,48.892383],[2.343361,48.892574],[2.344154,48.892431]]],[[[2.343643,48.892764],[2.342203,48.892942],[2.342722,48.893282],[2.343643,48.892764]]],[[[2.343587,48.891459],[2.343187,48.891284],[2.343108,48.891995],[2.3438,48.89181],[2.343587,48.891459]]],[[[2.344687,48.892361],[2.34456,48.891754],[2.344052,48.891872],[2.344302,48.89235],[2.344687,48.892361]]],[[[2.343991,48.891749],[2.34448,48.891591],[2.344254,48.891165],[2.343748,48.891259],[2.343991,48.891749]]],[[[2.345579,48.894125],[2.345842,48.894123],[2.345563,48.893609],[2.345138,48.893681],[2.345404,48.894238],[2.345579,48.894125]]],[[[2.345751,48.890016],[2.345812,48.889921],[2.345858,48.88985],[2.345829,48.889833],[2.345517,48.889846],[2.345526,48.889901],[2.345531,48.889937],[2.345279,48.889955],[2.345279,48.889957],[2.345281,48.889968],[2.344755,48.889925],[2.344664,48.889802],[2.344601,48.889809],[2.344543,48.889815],[2.344483,48.889821],[2.344476,48.889822],[2.34443,48.889827],[2.344435,48.889855],[2.344451,48.88994],[2.344388,48.889946],[2.344283,48.889956],[2.344296,48.89003],[2.344311,48.890117],[2.344481,48.890105],[2.344651,48.890094],[2.344869,48.890078],[2.345292,48.890049],[2.345546,48.890031],[2.345751,48.890016]]],[[[2.345142,48.890935],[2.344438,48.891131],[2.344648,48.891584],[2.345142,48.890935]]],[[[2.345307,48.891823],[2.34477,48.891815],[2.345015,48.892279],[2.345461,48.892047],[2.345307,48.891823]]],[[[2.345975,48.889656],[2.345316,48.889542],[2.345371,48.889798],[2.345975,48.889656]]],[[[2.346164,48.889329],[2.346338,48.888957],[2.345964,48.889283],[2.346164,48.889329]]],[[[2.346757,48.894816],[2.34673,48.894795],[2.34651,48.894853],[2.346452,48.894869],[2.346435,48.894894],[2.346519,48.895048],[2.34656,48.89505],[2.346653,48.89494],[2.346757,48.894816]]]],"type":"MultiPolygon"},"properties":{"id_projet":"MATERNELLES (année scolaire 2022/2023)","libelle":"MONT CENIS (77) MAT","annee_scol":"2022-2023","zone_commune":0,"etiquette":"Secteur de l'école 77 RUE DU MONT CENIS","lib_etab_1":"MONT CENIS (77) MAT","lib_etab_2":null,"lib_etab_3":null,"lib_etab_4":null,"adr_etab_1":"77 RUE DU MONT CENIS","adr_etab_2":null,"adr_etab_3":null,"adr_etab_4":null,"type_etabl":"Maternelle","geo_point_2d":{"lon":2.344880267635038,"lat":48.89285975932499},"st_area_shape":77595.5623117053,"st_perimeter_shape":6434.156026352185}},{"type":"Feature","geometry":{"coordinates":[[[[2.348044,48.897277],[2.351665,48.897092],[2.352313,48.895811],[2.352192,48.895372],[2.35278,48.89519],[2.351738,48.895302],[2.351827,48.895732],[2.351305,48.895795],[2.351629,48.895627],[2.351517,48.895326],[2.348323,48.895668],[2.348388,48.895887],[2.346486,48.896253],[2.347776,48.896621],[2.348044,48.897277]]],[[[2.349326,48.891745],[2.348874,48.891785],[2.348924,48.892137],[2.349326,48.891745]]],[[[2.351001,48.892739],[2.349957,48.89188],[2.35065,48.892933],[2.351001,48.892739]]],[[[2.350786,48.893094],[2.350715,48.892983],[2.350708,48.892985],[2.350696,48.893001],[2.350763,48.893099],[2.350786,48.893094]]],[[[2.349887,48.89309],[2.35049,48.892961],[2.349682,48.891877],[2.349371,48.892249],[2.349627,48.892691],[2.349314,48.892317],[2.349036,48.892648],[2.34916,48.893208],[2.349887,48.89309]]],[[[2.348486,48.892749],[2.348788,48.892389],[2.348668,48.891844],[2.347098,48.892127],[2.347403,48.892165],[2.347932,48.893412],[2.348486,48.892749]]],[[[2.351759,48.893259],[2.351678,48.893036],[2.350791,48.89314],[2.351073,48.893524],[2.351759,48.893259]]],[[[2.351886,48.89388],[2.352632,48.893727],[2.352242,48.893578],[2.35258,48.893337],[2.351193,48.893618],[2.351886,48.89388]]],[[[2.350538,48.893029],[2.349201,48.893271],[2.349326,48.893968],[2.350881,48.893579],[2.350538,48.893029]]],[[[2.348894,48.892873],[2.347541,48.894436],[2.349146,48.89402],[2.348894,48.892873]]],[[[2.351543,48.894088],[2.350626,48.894327],[2.350774,48.894572],[2.351825,48.894362],[2.351543,48.894088]]],[[[2.350471,48.894363],[2.351347,48.893993],[2.351011,48.893677],[2.349359,48.894116],[2.349627,48.894766],[2.350519,48.89461],[2.350471,48.894363]]],[[[2.353037,48.894281],[2.353052,48.89405],[2.353742,48.894003],[2.353681,48.893745],[2.352855,48.893824],[2.353056,48.895046],[2.353037,48.894281]]],[[[2.349319,48.894809],[2.349143,48.894156],[2.347878,48.894511],[2.348221,48.895039],[2.349319,48.894809]]],[[[2.347972,48.894872],[2.347385,48.894624],[2.346829,48.895283],[2.347962,48.895089],[2.347972,48.894872]]],[[[2.350505,48.895308],[2.352763,48.895025],[2.351945,48.894449],[2.349561,48.894891],[2.349758,48.895388],[2.350505,48.895308]]],[[[2.34806,48.895195],[2.347545,48.895488],[2.348138,48.895387],[2.34806,48.895195]]],[[[2.349406,48.895204],[2.349314,48.894873],[2.348173,48.895114],[2.348411,48.895531],[2.349425,48.895423],[2.349406,48.895204]]],[[[2.348207,48.895532],[2.348158,48.895429],[2.348058,48.89545],[2.347927,48.895477],[2.347798,48.895504],[2.347781,48.895507],[2.34771,48.895522],[2.347582,48.895548],[2.347569,48.895566],[2.347585,48.89562],[2.347836,48.895593],[2.347972,48.895578],[2.348108,48.895564],[2.348185,48.895555],[2.348207,48.895532]]],[[[2.347507,48.895578],[2.347482,48.895568],[2.347361,48.895593],[2.34723,48.89562],[2.347091,48.895649],[2.347105,48.895676],[2.347248,48.89566],[2.347385,48.895646],[2.347383,48.895641],[2.347387,48.895641],[2.34752,48.895627],[2.347507,48.895578]]],[[[2.347422,48.89532],[2.346516,48.895661],[2.34746,48.895526],[2.347422,48.89532]]],[[[2.348325,48.895809],[2.346543,48.895956],[2.346883,48.896133],[2.348325,48.895809]]],[[[2.346686,48.896167],[2.346529,48.896085],[2.346475,48.896215],[2.346684,48.896173],[2.346686,48.896167]]]],"type":"MultiPolygon"},"properties":{"id_projet":"MATERNELLES (année scolaire 2023/2024)","libelle":"AMIRAUX (19) MAT","annee_scol":"2023-2024","zone_commune":0,"etiquette":"Secteur de l'école 19 RUE DES AMIRAUX","lib_etab_1":"AMIRAUX (19) MAT","lib_etab_2":null,"lib_etab_3":null,"lib_etab_4":null,"adr_etab_1":"19 RUE DES AMIRAUX","adr_etab_2":null,"adr_etab_3":null,"adr_etab_4":null,"type_etabl":"Maternelle","geo_point_2d":{"lon":2.3497297483705784,"lat":48.89488697697673},"st_area_shape":154899.00549538672,"st_perimeter_shape":7611.7978655216475}},{"type":"Feature","geometry":{"coordinates":[[[[2.358545,48.899627],[2.360856,48.898336],[2.369965,48.898437],[2.370151,48.896572],[2.371039,48.895847],[2.368463,48.896548],[2.367495,48.897536],[2.361835,48.89759],[2.360416,48.898009],[2.360465,48.89732],[2.359647,48.897159],[2.359665,48.898311],[2.360649,48.898331],[2.358555,48.899505],[2.358483,48.899119],[2.357873,48.898876],[2.357645,48.899249],[2.355483,48.899194],[2.355159,48.901551],[2.358395,48.901615],[2.358545,48.899627]]],[[[2.364763,48.89874],[2.36551,48.899142],[2.365465,48.898754],[2.364763,48.89874]]],[[[2.366438,48.898921],[2.365752,48.898759],[2.365667,48.899263],[2.366438,48.898921]]],[[[2.366785,48.898779],[2.366641,48.898925],[2.367316,48.899398],[2.368203,48.898956],[2.366785,48.898779]]],[[[2.368661,48.898815],[2.368515,48.898961],[2.369191,48.899434],[2.370086,48.898988],[2.368661,48.898815]]],[[[2.370052,48.899714],[2.369939,48.899263],[2.369166,48.899615],[2.368415,48.899087],[2.367495,48.89958],[2.366594,48.899088],[2.366097,48.899316],[2.366706,48.899711],[2.370052,48.899714]]],[[[2.360469,48.899798],[2.362194,48.899822],[2.362262,48.898764],[2.359879,48.898995],[2.359854,48.899582],[2.360469,48.899798]]],[[[2.365622,48.900396],[2.370021,48.900328],[2.370037,48.899975],[2.366664,48.899842],[2.365649,48.899417],[2.365382,48.899593],[2.365408,48.899313],[2.364129,48.898763],[2.362369,48.898759],[2.362304,48.900198],[2.365622,48.900396]]],[[[2.363545,48.901722],[2.363587,48.901209],[2.362306,48.901419],[2.362295,48.901697],[2.363545,48.901722]]],[[[2.369968,48.901458],[2.369986,48.901091],[2.364412,48.901116],[2.364355,48.901738],[2.370016,48.901854],[2.369968,48.901458]]]],"type":"MultiPolygon"},"properties":{"id_projet":"MATERNELLES (année scolaire 2023/2024)","libelle":"CHARLES HERMITE (2) MAT","annee_scol":"2023-2024","zone_commune":0,"etiquette":"Secteur de l'école 2 RUE CHARLES HERMITE","lib_etab_1":"CHARLES HERMITE (2) MAT","lib_etab_2":null,"lib_etab_3":null,"lib_etab_4":null,"adr_etab_1":"2 RUE CHARLES HERMITE","adr_etab_2":null,"adr_etab_3":null,"adr_etab_4":null,"type_etabl":"Maternelle","geo_point_2d":{"lon":2.363867527771191,"lat":48.899377627278334},"st_area_shape":290714.604332973,"st_perimeter_shape":8698.558779800174}},{"type":"Feature","geometry":{"coordinates":[[[[2.339827,48.895444],[2.339341,48.894447],[2.33985,48.895427],[2.340598,48.894625],[2.338921,48.89379],[2.338551,48.894282],[2.339163,48.894288],[2.338336,48.894566],[2.338642,48.895476],[2.338725,48.895196],[2.33891,48.895545],[2.339467,48.895234],[2.339389,48.895647],[2.339827,48.895444]]],[[[2.339222,48.892252],[2.339436,48.892737],[2.339984,48.892622],[2.339585,48.891324],[2.339256,48.891851],[2.33851,48.892128],[2.338774,48.892852],[2.339412,48.892741],[2.339222,48.892252]]],[[[2.338584,48.89268],[2.338437,48.892422],[2.338356,48.892442],[2.338614,48.89288],[2.33869,48.892867],[2.338599,48.892707],[2.338584,48.89268]]],[[[2.337882,48.893009],[2.337707,48.892715],[2.337912,48.893004],[2.338504,48.8929],[2.337779,48.89195],[2.337736,48.892219],[2.337227,48.892298],[2.337882,48.893009]]],[[[2.340029,48.892766],[2.337953,48.893133],[2.340079,48.893028],[2.340029,48.892766]]],[[[2.337789,48.893183],[2.337749,48.89318],[2.337694,48.893198],[2.337639,48.893215],[2.337505,48.893258],[2.337414,48.893287],[2.337259,48.893336],[2.337076,48.893394],[2.337099,48.893439],[2.337295,48.893412],[2.33746,48.893388],[2.337565,48.893374],[2.337719,48.893353],[2.337772,48.893345],[2.337864,48.893333],[2.337987,48.893315],[2.337997,48.893289],[2.337848,48.893213],[2.337789,48.893183]]],[[[2.339158,48.893587],[2.340214,48.893373],[2.338574,48.893418],[2.339158,48.893587]]],[[[2.338791,48.89372],[2.338294,48.893457],[2.337418,48.893591],[2.337652,48.893971],[2.338791,48.89372]]],[[[2.336933,48.894103],[2.336932,48.894101],[2.33683,48.894132],[2.336831,48.894135],[2.336933,48.894103]]],[[[2.340407,48.893905],[2.340223,48.893503],[2.339122,48.89373],[2.340503,48.894439],[2.340407,48.893905]]],[[[2.342175,48.89359],[2.342555,48.89335],[2.342004,48.89296],[2.341946,48.893356],[2.340776,48.893534],[2.340327,48.893195],[2.340779,48.89467],[2.342175,48.89359]]],[[[2.341066,48.894814],[2.341108,48.894804],[2.341117,48.894818],[2.341124,48.894831],[2.341482,48.89452],[2.341477,48.894511],[2.341289,48.894491],[2.341047,48.894699],[2.341001,48.894739],[2.340879,48.894845],[2.341012,48.894877],[2.341076,48.894859],[2.34106,48.894833],[2.34105,48.894818],[2.341066,48.894814]]],[[[2.342735,48.893476],[2.341584,48.894236],[2.341878,48.894865],[2.343113,48.894818],[2.342347,48.894643],[2.342468,48.893805],[2.342915,48.893604],[2.342735,48.893476]]],[[[2.338484,48.895421],[2.338176,48.894585],[2.338659,48.893895],[2.337842,48.893995],[2.337938,48.89443],[2.337335,48.8936],[2.336562,48.893749],[2.337343,48.893835],[2.337769,48.894377],[2.337475,48.894489],[2.337911,48.894614],[2.338484,48.895421]]]],"type":"MultiPolygon"},"properties":{"id_projet":"MATERNELLES (année scolaire 2023/2024)","libelle":"CLOYS (41) MAT","annee_scol":"2023-2024","zone_commune":0,"etiquette":"Secteur de l'école 33 RUE DES CLOYS","lib_etab_1":"CLOYS (41) MAT","lib_etab_2":null,"lib_etab_3":null,"lib_etab_4":null,"adr_etab_1":"33 RUE DES CLOYS","adr_etab_2":null,"adr_etab_3":null,"adr_etab_4":null,"type_etabl":"Maternelle","geo_point_2d":{"lon":2.3396712338504737,"lat":48.8938029215722},"st_area_shape":79379.1755936968,"st_perimeter_shape":5706.241991575467}},{"type":"Feature","geometry":{"coordinates":[[[[2.355833,48.895797],[2.355869,48.895272],[2.356362,48.895284],[2.356519,48.893259],[2.355122,48.893213],[2.355577,48.892369],[2.355012,48.890918],[2.351738,48.891278],[2.352353,48.892511],[2.353376,48.892415],[2.353684,48.893745],[2.354348,48.893386],[2.354605,48.894588],[2.354112,48.895746],[2.355833,48.895797]]],[[[2.351486,48.892786],[2.352237,48.892623],[2.351656,48.891555],[2.351269,48.891716],[2.351821,48.89256],[2.350682,48.89294],[2.351486,48.892786]]],[[[2.350856,48.893081],[2.350931,48.893067],[2.350931,48.893068],[2.351043,48.893047],[2.351042,48.893046],[2.351148,48.893026],[2.351257,48.893005],[2.35135,48.892987],[2.351485,48.892961],[2.351559,48.892947],[2.351622,48.892935],[2.351728,48.892915],[2.351844,48.892893],[2.351952,48.892872],[2.352044,48.892855],[2.352192,48.892826],[2.352239,48.892818],[2.352199,48.892701],[2.352134,48.892713],[2.351996,48.892739],[2.351905,48.892756],[2.351797,48.892777],[2.351679,48.892799],[2.351576,48.892819],[2.351508,48.892832],[2.351435,48.892846],[2.351303,48.892871],[2.351209,48.892888],[2.351165,48.892896],[2.351127,48.892903],[2.351096,48.892909],[2.351002,48.892927],[2.351003,48.892929],[2.350989,48.892932],[2.350881,48.892952],[2.350804,48.892967],[2.350715,48.892983],[2.350786,48.893094],[2.350856,48.893081]]],[[[2.351069,48.893151],[2.351187,48.893128],[2.351188,48.89313],[2.351307,48.893107],[2.351384,48.893092],[2.351396,48.89309],[2.351409,48.893087],[2.351441,48.893081],[2.351528,48.893064],[2.351645,48.893042],[2.351678,48.893036],[2.35171,48.893029],[2.351775,48.893017],[2.351877,48.892997],[2.351986,48.892976],[2.352076,48.892959],[2.352099,48.892955],[2.35216,48.892943],[2.352187,48.892938],[2.352186,48.892936],[2.352225,48.892929],[2.352238,48.892927],[2.352271,48.892921],[2.352311,48.892913],[2.352286,48.892844],[2.352233,48.892854],[2.352215,48.892858],[2.352153,48.89287],[2.352065,48.892887],[2.351974,48.892905],[2.351962,48.892907],[2.351963,48.892909],[2.351959,48.892909],[2.351846,48.892931],[2.35174,48.89295],[2.351614,48.892974],[2.351604,48.892976],[2.351495,48.892996],[2.351378,48.893018],[2.351275,48.893037],[2.351158,48.893059],[2.351053,48.893079],[2.351038,48.893082],[2.350806,48.893126],[2.350792,48.893139],[2.351003,48.893164],[2.351041,48.893157],[2.351069,48.893151]]],[[[2.352512,48.893217],[2.352325,48.893148],[2.35226,48.893161],[2.35211,48.893191],[2.352076,48.893197],[2.352057,48.893201],[2.351891,48.893233],[2.351838,48.893244],[2.351759,48.893259],[2.351758,48.89326],[2.35167,48.893278],[2.351471,48.893316],[2.35128,48.893353],[2.351155,48.893377],[2.351073,48.893524],[2.351087,48.893528],[2.351343,48.893472],[2.351529,48.893431],[2.351728,48.893388],[2.35211,48.893305],[2.35231,48.893261],[2.352512,48.893217]]],[[[2.351879,48.893563],[2.351838,48.893477],[2.351834,48.893478],[2.351876,48.893564],[2.351879,48.893563]]]],"type":"MultiPolygon"},"properties":{"id_projet":"MATERNELLES (année scolaire 2023/2024)","libelle":"SIMPLON (14) POLY","annee_scol":"2023-2024","zone_commune":0,"etiquette":"Secteur de l'école 14 RUE SIMPLON","lib_etab_1":"SIMPLON (14) POLY","lib_etab_2":null,"lib_etab_3":null,"lib_etab_4":null,"adr_etab_1":"14 RUE SIMPLON","adr_etab_2":null,"adr_etab_3":null,"adr_etab_4":null,"type_etabl":"Maternelle","geo_point_2d":{"lon":2.3543160005634984,"lat":48.893113843789706},"st_area_shape":96897.49548616559,"st_perimeter_shape":3037.193301900458}},{"type":"Feature","geometry":{"coordinates":[[[[2.332202,48.886581],[2.332488,48.886442],[2.331841,48.885908],[2.332202,48.885677],[2.331931,48.885331],[2.333255,48.884521],[2.332688,48.883995],[2.331881,48.884183],[2.332294,48.884835],[2.331848,48.884191],[2.330731,48.884451],[2.331221,48.885342],[2.330785,48.885435],[2.332202,48.886581]]],[[[2.330512,48.884677],[2.329913,48.884745],[2.330832,48.885272],[2.330512,48.884677]]],[[[2.329266,48.88519],[2.329324,48.884753],[2.327899,48.883849],[2.327419,48.88389],[2.327113,48.884549],[2.327836,48.884918],[2.328425,48.884576],[2.327858,48.885015],[2.327092,48.884594],[2.326928,48.884942],[2.328815,48.885732],[2.329266,48.88519]]],[[[2.327931,48.886447],[2.32875,48.885767],[2.326903,48.884997],[2.326512,48.885837],[2.327697,48.886615],[2.327931,48.886447]]],[[[2.330689,48.885499],[2.329489,48.884874],[2.329253,48.885614],[2.328291,48.886331],[2.328927,48.886817],[2.329362,48.88652],[2.328992,48.886222],[2.330689,48.885499]]],[[[2.328458,48.886591],[2.328176,48.886413],[2.327855,48.886719],[2.328445,48.887072],[2.328821,48.886873],[2.328458,48.886591]]]],"type":"MultiPolygon"},"properties":{"id_projet":"MATERNELLES (année scolaire 2023/2024)","libelle":"FOREST (14) POLY","annee_scol":"2023-2024","zone_commune":0,"etiquette":"Secteur de l'école 14 RUE FOREST","lib_etab_1":"FOREST (14) POLY","lib_etab_2":null,"lib_etab_3":null,"lib_etab_4":null,"adr_etab_1":"14 RUE FOREST","adr_etab_2":null,"adr_etab_3":null,"adr_etab_4":null,"type_etabl":"Maternelle","geo_point_2d":{"lon":2.329431675085839,"lat":48.8852911623216},"st_area_shape":77260.89318582714,"st_perimeter_shape":3507.4904968528767}},{"type":"Feature","geometry":{"coordinates":[[[2.358209,48.896789],[2.358458,48.895224],[2.355869,48.895272],[2.355688,48.89794],[2.358652,48.898292],[2.35868,48.89791],[2.358098,48.89789],[2.358209,48.896789]]],"type":"Polygon"},"properties":{"id_projet":"MATERNELLES (année scolaire 2023/2024)","libelle":"EVA KOTCHEVER","annee_scol":"2023-2024","zone_commune":0,"etiquette":"Secteur de l'école 4 RUE EVA KOTCHEVER","lib_etab_1":"EVA KOTCHEVER (4) POLY","lib_etab_2":null,"lib_etab_3":null,"lib_etab_4":null,"adr_etab_1":"4 RUE EVA KOTCHEVER","adr_etab_2":null,"adr_etab_3":null,"adr_etab_4":null,"type_etabl":"Maternelle","geo_point_2d":{"lon":2.357081102875634,"lat":48.89670545690078},"st_area_shape":60617.572582559165,"st_perimeter_shape":1135.7348553108488}},{"type":"Feature","geometry":{"coordinates":[[[[2.332731,48.886486],[2.333713,48.886126],[2.333158,48.885575],[2.332638,48.885721],[2.333139,48.885528],[2.332492,48.885355],[2.333622,48.884819],[2.33276,48.884007],[2.33271,48.885001],[2.331931,48.885331],[2.332202,48.885677],[2.331841,48.885908],[2.332731,48.886486]]],[[[2.333547,48.88426],[2.332994,48.88398],[2.333572,48.884542],[2.333547,48.88426]]],[[[2.339692,48.884621],[2.339477,48.884481],[2.339475,48.884481],[2.339448,48.884484],[2.339418,48.884487],[2.339398,48.88449],[2.339375,48.884492],[2.339358,48.884494],[2.339354,48.884495],[2.339324,48.884498],[2.339316,48.884499],[2.33927,48.884504],[2.339229,48.884509],[2.339207,48.884511],[2.339173,48.884515],[2.339084,48.884526],[2.339063,48.884451],[2.33882,48.884358],[2.338812,48.884365],[2.338877,48.88454],[2.338878,48.884542],[2.338975,48.884595],[2.339197,48.884606],[2.33936,48.884614],[2.339464,48.884619],[2.339692,48.88463],[2.339692,48.884621]]],[[[2.33779,48.884619],[2.337298,48.884485],[2.337229,48.884887],[2.33779,48.884619]]],[[[2.340602,48.88447],[2.339824,48.884634],[2.340378,48.884448],[2.340502,48.884925],[2.340602,48.88447]]],[[[2.33438,48.884798],[2.333688,48.884657],[2.334091,48.885053],[2.33438,48.884798]]],[[[2.341279,48.885103],[2.341586,48.884902],[2.340522,48.885022],[2.340593,48.8853],[2.341279,48.885103]]],[[[2.334552,48.885114],[2.334179,48.885112],[2.334172,48.88513],[2.334268,48.885223],[2.334368,48.88532],[2.334429,48.885196],[2.334409,48.885178],[2.334442,48.885165],[2.334525,48.885132],[2.334527,48.885132],[2.334551,48.88512],[2.334555,48.885118],[2.334552,48.885114]]],[[[2.336864,48.885039],[2.337142,48.884924],[2.336627,48.884735],[2.335811,48.88493],[2.336149,48.885333],[2.336864,48.885039]]],[[[2.339867,48.885109],[2.340332,48.884972],[2.340269,48.884725],[2.338653,48.884624],[2.338712,48.885163],[2.339044,48.885147],[2.338477,48.885484],[2.339867,48.885109]]],[[[2.333638,48.885237],[2.333901,48.88509],[2.333649,48.884877],[2.332951,48.885243],[2.333217,48.885481],[2.333638,48.885237]]],[[[2.33593,48.885243],[2.335675,48.884935],[2.335125,48.885162],[2.335484,48.885546],[2.33593,48.885243]]],[[[2.338425,48.885527],[2.337939,48.885192],[2.337916,48.884747],[2.337646,48.885022],[2.338056,48.885639],[2.338425,48.885527]]],[[[2.342265,48.885667],[2.342189,48.885618],[2.342153,48.885665],[2.342188,48.885683],[2.342246,48.885678],[2.342265,48.885667]]],[[[2.341891,48.885351],[2.341767,48.885057],[2.340649,48.885397],[2.340764,48.885683],[2.341891,48.885351]]],[[[2.335239,48.885477],[2.334988,48.885204],[2.334449,48.885397],[2.334823,48.885736],[2.335239,48.885477]]],[[[2.340461,48.885028],[2.338611,48.885552],[2.33857,48.885854],[2.340542,48.885329],[2.340461,48.885028]]],[[[2.337553,48.885218],[2.336943,48.885907],[2.337862,48.885683],[2.337553,48.885218]]],[[[2.338485,48.885659],[2.338099,48.885703],[2.338042,48.886027],[2.338485,48.885659]]],[[[2.344095,48.886125],[2.344268,48.885824],[2.343344,48.884883],[2.342518,48.885173],[2.342452,48.885695],[2.344095,48.886125]]],[[[2.333984,48.885172],[2.333341,48.885516],[2.333842,48.886106],[2.33462,48.885788],[2.333984,48.885172]]],[[[2.33741,48.884999],[2.335947,48.885581],[2.336389,48.886156],[2.33741,48.884999]]],[[[2.339948,48.885917],[2.340563,48.885743],[2.340439,48.885433],[2.33806,48.886176],[2.339948,48.885917]]],[[[2.335822,48.885617],[2.335084,48.885809],[2.33559,48.8865],[2.336239,48.886204],[2.335822,48.885617]]],[[[2.341171,48.886599],[2.341233,48.885954],[2.341911,48.885722],[2.341754,48.88549],[2.340392,48.88588],[2.340555,48.886359],[2.340967,48.886303],[2.341171,48.886599]]],[[[2.338711,48.886392],[2.33841,48.886376],[2.338512,48.886696],[2.338711,48.886392]]],[[[2.34246,48.886946],[2.342558,48.886135],[2.341453,48.886254],[2.341491,48.886681],[2.3423,48.886668],[2.34246,48.886946]]],[[[2.340108,48.886796],[2.340615,48.886706],[2.34046,48.886296],[2.339671,48.886553],[2.339941,48.886949],[2.340108,48.886796]]],[[[2.339559,48.887005],[2.33985,48.886974],[2.3395,48.886529],[2.340415,48.886182],[2.340306,48.885934],[2.338926,48.886317],[2.339559,48.887005]]],[[[2.339796,48.887083],[2.341208,48.886906],[2.341115,48.88668],[2.339796,48.887083]]],[[[2.334996,48.885851],[2.333947,48.886496],[2.334007,48.887065],[2.335534,48.886587],[2.334996,48.885851]]],[[[2.343066,48.886953],[2.343345,48.886283],[2.3428,48.886261],[2.342598,48.886957],[2.343066,48.886953]]],[[[2.338068,48.886341],[2.337097,48.886954],[2.337294,48.887213],[2.338467,48.886718],[2.338068,48.886341]]],[[[2.336778,48.887261],[2.337251,48.887219],[2.337001,48.88689],[2.337904,48.886254],[2.337739,48.885796],[2.336428,48.886248],[2.336748,48.886819],[2.336332,48.886313],[2.335687,48.886589],[2.336173,48.8873],[2.336778,48.887261]]],[[[2.340641,48.887143],[2.341197,48.88694],[2.339752,48.887138],[2.34002,48.88737],[2.340707,48.887339],[2.340641,48.887143]]],[[[2.333788,48.886411],[2.334103,48.886133],[2.332805,48.886603],[2.33341,48.887362],[2.333796,48.887119],[2.333788,48.886411]]],[[[2.33595,48.887154],[2.335567,48.886632],[2.334035,48.887116],[2.334231,48.887352],[2.335017,48.887102],[2.335314,48.887454],[2.33595,48.887154]]],[[[2.337959,48.887433],[2.339252,48.886995],[2.338365,48.886884],[2.337357,48.8873],[2.337562,48.887552],[2.337959,48.887433]]],[[[2.334975,48.887236],[2.334274,48.887457],[2.335138,48.887507],[2.334975,48.887236]]],[[[2.332951,48.887169],[2.332618,48.886908],[2.332794,48.887795],[2.333215,48.887532],[2.332951,48.887169]]],[[[2.333894,48.887215],[2.333512,48.887453],[2.333789,48.887834],[2.334216,48.887645],[2.333894,48.887215]]],[[[2.339013,48.887975],[2.33962,48.887067],[2.337668,48.887738],[2.339013,48.887975]]],[[[2.335358,48.888376],[2.335654,48.888096],[2.335268,48.887721],[2.337165,48.887329],[2.333852,48.887913],[2.335358,48.888376]]],[[[2.332483,48.887194],[2.33201,48.888352],[2.33263,48.887931],[2.332483,48.887194]]]],"type":"MultiPolygon"},"properties":{"id_projet":"MATERNELLES (année scolaire 2024/2025)","libelle":"JEAN-BAPTISTE CLEMENT (4) MAT","annee_scol":"2024-2025","zone_commune":0,"etiquette":"Secteur de l'école 4 PLACE JEAN BAPTISTE CLEMENT","lib_etab_1":"JEAN-BAPTISTE CLEMENT (4) MAT","lib_etab_2":null,"lib_etab_3":null,"lib_etab_4":null,"adr_etab_1":"4 PLACE JEAN BAPTISTE CLEMENT","adr_etab_2":null,"adr_etab_3":null,"adr_etab_4":null,"type_etabl":"Maternelle","geo_point_2d":{"lon":2.3372466580977465,"lat":48.88618041096105},"st_area_shape":175106.6402068007,"st_perimeter_shape":13349.069076368425}},{"type":"Feature","geometry":{"coordinates":[[[[2.36886,48.891591],[2.367959,48.889768],[2.363895,48.889982],[2.363982,48.890563],[2.364794,48.890538],[2.364043,48.890638],[2.364069,48.891137],[2.365425,48.891039],[2.365527,48.891614],[2.366184,48.891566],[2.366112,48.892303],[2.36886,48.891591]]],[[[2.362497,48.89024],[2.362454,48.890017],[2.361378,48.890122],[2.361343,48.890623],[2.362511,48.890654],[2.362497,48.89024]]],[[[2.363018,48.889996],[2.362599,48.890015],[2.362693,48.890655],[2.363104,48.890639],[2.363018,48.889996]]],[[[2.36121,48.890484],[2.361185,48.890141],[2.36028,48.890231],[2.360159,48.890839],[2.361166,48.891129],[2.36121,48.890484]]],[[[2.361744,48.890735],[2.361339,48.89073],[2.361327,48.891191],[2.361734,48.891195],[2.361744,48.890735]]],[[[2.363732,48.889983],[2.363181,48.889992],[2.363373,48.891209],[2.363908,48.89115],[2.363732,48.889983]]],[[[2.362061,48.890739],[2.361893,48.89124],[2.362208,48.891243],[2.362061,48.890739]]],[[[2.362483,48.890743],[2.362371,48.891244],[2.363178,48.891197],[2.363129,48.890826],[2.362483,48.890743]]],[[[2.359596,48.891062],[2.357495,48.890984],[2.359653,48.890992],[2.359193,48.890805],[2.357269,48.890776],[2.357234,48.89121],[2.359596,48.891062]]],[[[2.365242,48.891182],[2.363482,48.89131],[2.363427,48.891862],[2.365371,48.891681],[2.365242,48.891182]]],[[[2.363212,48.891468],[2.361323,48.891551],[2.361932,48.892035],[2.363239,48.8919],[2.363212,48.891468]]],[[[2.360767,48.891349],[2.360825,48.891148],[2.360126,48.89097],[2.359981,48.891951],[2.361366,48.891819],[2.360767,48.891349]]],[[[2.363339,48.892456],[2.363162,48.892017],[2.362013,48.89216],[2.363333,48.892991],[2.363339,48.892456]]],[[[2.365396,48.891792],[2.363471,48.891985],[2.363568,48.892959],[2.363752,48.892269],[2.365396,48.891792]]],[[[2.362272,48.892474],[2.361726,48.892467],[2.361869,48.893137],[2.363178,48.893137],[2.362272,48.892474]]],[[[2.361528,48.892205],[2.361264,48.892221],[2.361467,48.893167],[2.36171,48.893173],[2.361528,48.892205]]],[[[2.360338,48.893241],[2.361333,48.893205],[2.361125,48.89223],[2.359973,48.892097],[2.359799,48.893239],[2.360338,48.893241]]],[[[2.359283,48.893701],[2.359525,48.892761],[2.358644,48.892662],[2.35958,48.892613],[2.358563,48.892243],[2.358442,48.893461],[2.359283,48.893701]],[[2.359113,48.893021],[2.359028,48.893018],[2.35924,48.893027],[2.359113,48.893021]]],[[[2.361973,48.8937],[2.363109,48.893318],[2.3615,48.893307],[2.361771,48.89397],[2.361973,48.8937]]],[[[2.361437,48.894003],[2.361661,48.894041],[2.361304,48.893313],[2.359789,48.893402],[2.360522,48.893551],[2.360582,48.894142],[2.361437,48.894003]]]],"type":"MultiPolygon"},"properties":{"id_projet":"MATERNELLES (année scolaire 2024/2025)","libelle":"TORCY (10-12) MAT","annee_scol":"2024-2025","zone_commune":0,"etiquette":"Secteur de l'école 10 RUE DE TORCY","lib_etab_1":"TORCY (10-12) MAT","lib_etab_2":null,"lib_etab_3":null,"lib_etab_4":null,"adr_etab_1":"10 RUE DE TORCY","adr_etab_2":null,"adr_etab_3":null,"adr_etab_4":null,"type_etabl":"Maternelle","geo_point_2d":{"lon":2.363455808482537,"lat":48.89150150875147},"st_area_shape":172575.62646295966,"st_perimeter_shape":8173.9042816015535}},{"type":"Feature","geometry":{"coordinates":[[[[2.345565,48.88573],[2.347303,48.885673],[2.347096,48.884681],[2.34502,48.884851],[2.34507,48.885761],[2.345565,48.88573]]],[[[2.344624,48.883166],[2.344259,48.883352],[2.34516,48.883293],[2.344624,48.883166]]],[[[2.343777,48.883018],[2.343089,48.883219],[2.343521,48.883682],[2.343777,48.883018]]],[[[2.343995,48.883042],[2.343623,48.883702],[2.343993,48.883769],[2.344271,48.883116],[2.343995,48.883042]]],[[[2.3445,48.883444],[2.344218,48.883403],[2.344061,48.88378],[2.344567,48.883858],[2.344912,48.883529],[2.3445,48.883444]]],[[[2.346821,48.883759],[2.345686,48.883373],[2.345418,48.883716],[2.345574,48.883366],[2.345322,48.883301],[2.344683,48.883877],[2.345949,48.884123],[2.346821,48.883759]]],[[[2.343361,48.884106],[2.343483,48.88378],[2.342717,48.884276],[2.343361,48.884106]]],[[[2.343759,48.883831],[2.343416,48.884315],[2.344063,48.884335],[2.344451,48.883968],[2.343759,48.883831]]],[[[2.344776,48.884009],[2.344217,48.884354],[2.345607,48.884203],[2.344776,48.884009]]],[[[2.346866,48.88446],[2.346898,48.883889],[2.344937,48.884507],[2.345013,48.88476],[2.346866,48.88446]]],[[[2.344723,48.885135],[2.344739,48.884543],[2.344329,48.88448],[2.344302,48.885104],[2.344723,48.885135]]],[[[2.344857,48.885293],[2.344587,48.885347],[2.344847,48.88557],[2.344857,48.885293]]],[[[2.34488,48.886257],[2.344971,48.885882],[2.344142,48.88514],[2.344054,48.884491],[2.34278,48.884406],[2.344268,48.885824],[2.344095,48.886125],[2.34488,48.886257]]],[[[2.346396,48.88583],[2.345083,48.88589],[2.345131,48.886331],[2.346527,48.886634],[2.346396,48.88583]]],[[[2.347547,48.886824],[2.347171,48.886734],[2.346758,48.886013],[2.347303,48.885753],[2.346526,48.885815],[2.346702,48.886673],[2.347547,48.886824]]],[[[2.345446,48.886524],[2.345759,48.886866],[2.346345,48.88699],[2.346493,48.886759],[2.345446,48.886524]]],[[[2.343996,48.886363],[2.343863,48.886662],[2.344438,48.887416],[2.343996,48.886363]]],[[[2.345399,48.887376],[2.347212,48.887421],[2.347492,48.886946],[2.346657,48.886773],[2.346459,48.887109],[2.345204,48.886632],[2.345399,48.887376]]],[[[2.344307,48.886261],[2.344087,48.886236],[2.344637,48.887481],[2.345102,48.887561],[2.344993,48.886497],[2.344307,48.886261]]],[[[2.346131,48.887755],[2.346211,48.887444],[2.345246,48.887657],[2.346131,48.887755]]],[[[2.346995,48.887484],[2.346383,48.887458],[2.346242,48.887734],[2.346922,48.887843],[2.346995,48.887484]]],[[[2.345354,48.888166],[2.345023,48.888532],[2.345602,48.88868],[2.345354,48.888166]]],[[[2.344099,48.88744],[2.3435,48.887264],[2.343763,48.88879],[2.344419,48.887592],[2.344099,48.88744]]],[[[2.346155,48.888634],[2.34606,48.888613],[2.346035,48.888657],[2.345813,48.888675],[2.345798,48.888702],[2.345816,48.888727],[2.345975,48.888762],[2.346067,48.888783],[2.346178,48.888807],[2.346248,48.888788],[2.346373,48.888753],[2.346408,48.888744],[2.346479,48.888724],[2.346151,48.888639],[2.346155,48.888634]]],[[[2.345933,48.888847],[2.345777,48.888813],[2.345736,48.888817],[2.345665,48.888852],[2.345429,48.888965],[2.345462,48.889005],[2.3457,48.888939],[2.345935,48.888874],[2.345933,48.888847]]],[[[2.345183,48.888014],[2.346775,48.888181],[2.34694,48.88791],[2.34457,48.887634],[2.343951,48.8889],[2.344466,48.889162],[2.345183,48.888014]]],[[[2.345004,48.888641],[2.344619,48.889211],[2.345565,48.888789],[2.345004,48.888641]]],[[[2.346366,48.888976],[2.345087,48.88933],[2.346067,48.889449],[2.346366,48.888976]]]],"type":"MultiPolygon"},"properties":{"id_projet":"MATERNELLES (année scolaire 2024/2025)","libelle":"ANDRE DEL SARTE (11) MAT","annee_scol":"2024-2025","zone_commune":0,"etiquette":"Secteur de l'école 11 RUE ANDRE DEL SARTE","lib_etab_1":"ANDRE DEL SARTE (11) MAT","lib_etab_2":null,"lib_etab_3":null,"lib_etab_4":null,"adr_etab_1":"11 RUE ANDRE DEL SARTE","adr_etab_2":null,"adr_etab_3":null,"adr_etab_4":null,"type_etabl":"Maternelle","geo_point_2d":{"lon":2.3452284341212155,"lat":48.885969273099015},"st_area_shape":120412.17353144879,"st_perimeter_shape":8282.490797147195}},{"type":"Feature","geometry":{"coordinates":[[[[2.337114,48.894831],[2.336258,48.893751],[2.335549,48.894795],[2.33733,48.895193],[2.337114,48.894831]]],[[[2.338314,48.894912],[2.337533,48.894193],[2.336894,48.894218],[2.33765,48.895264],[2.338455,48.895443],[2.338314,48.894912]]],[[[2.341823,48.895174],[2.341823,48.895174],[2.341434,48.895324],[2.341436,48.895327],[2.341424,48.895331],[2.341416,48.895622],[2.341485,48.895624],[2.341541,48.89555],[2.341607,48.895461],[2.3417,48.895338],[2.34177,48.895245],[2.341823,48.895174]]],[[[2.339612,48.895257],[2.33927,48.89446],[2.338341,48.894582],[2.338642,48.895476],[2.338725,48.895196],[2.338838,48.895529],[2.339389,48.895647],[2.339612,48.895257]],[[2.338555,48.894779],[2.338557,48.894778],[2.338643,48.895036],[2.33864,48.895036],[2.338635,48.895023],[2.338622,48.894981],[2.338617,48.894968],[2.3386,48.894915],[2.33859,48.894887],[2.338582,48.894863],[2.338577,48.894847],[2.33857,48.894824],[2.338558,48.894788],[2.338555,48.894779]]],[[[2.342164,48.895354],[2.342008,48.895233],[2.342007,48.895234],[2.341868,48.895419],[2.341795,48.895515],[2.341704,48.895634],[2.341752,48.895686],[2.341759,48.895683],[2.342164,48.895354]]],[[[2.340811,48.8954],[2.339831,48.89566],[2.341191,48.895709],[2.340811,48.8954]]],[[[2.339349,48.895837],[2.338703,48.895657],[2.338892,48.896225],[2.339349,48.895837]]],[[[2.338712,48.896104],[2.33852,48.895591],[2.337764,48.895448],[2.33822,48.896091],[2.338601,48.89603],[2.338232,48.896108],[2.338547,48.896553],[2.338712,48.896104]]],[[[2.337993,48.897074],[2.337106,48.897108],[2.337182,48.897313],[2.337993,48.897074]]],[[[2.337057,48.897144],[2.336509,48.89721],[2.33659,48.897406],[2.337057,48.897144]]],[[[2.336239,48.897579],[2.336476,48.897413],[2.335895,48.897421],[2.336239,48.897579]]],[[[2.337619,48.897454],[2.337621,48.897453],[2.337611,48.897454],[2.337685,48.897379],[2.337735,48.897329],[2.33771,48.89731],[2.337442,48.897353],[2.337322,48.897372],[2.337205,48.897391],[2.337083,48.89741],[2.336845,48.897448],[2.336723,48.897467],[2.336651,48.897478],[2.336587,48.897488],[2.336322,48.897573],[2.336329,48.8976],[2.336706,48.897607],[2.336777,48.897608],[2.336904,48.897611],[2.337149,48.897617],[2.337313,48.897621],[2.337388,48.897622],[2.337485,48.897589],[2.337619,48.897454]]]],"type":"MultiPolygon"},"properties":{"id_projet":"MATERNELLES (année scolaire 2024/2025)","libelle":"CHAMPIONNET (113)","annee_scol":"2024-2025","zone_commune":0,"etiquette":"Secteur de l'école 113 , RUE CHAMPIONNET","lib_etab_1":"CHAMPIONNET (113) POLY","lib_etab_2":null,"lib_etab_3":null,"lib_etab_4":null,"adr_etab_1":"113 , RUE CHAMPIONNET","adr_etab_2":null,"adr_etab_3":null,"adr_etab_4":null,"type_etabl":"Maternelle","geo_point_2d":{"lon":2.33799144634154,"lat":48.89535729949109},"st_area_shape":38796.731519736895,"st_perimeter_shape":3118.469857478729}},{"type":"Feature","geometry":{"coordinates":[[[[2.347853,48.884831],[2.348712,48.884618],[2.348209,48.883771],[2.347115,48.883636],[2.347352,48.884966],[2.347853,48.884831]]],[[[2.351019,48.885063],[2.352157,48.8849],[2.352342,48.884265],[2.350829,48.884046],[2.351019,48.885063]]],[[[2.350379,48.885621],[2.351532,48.885892],[2.352504,48.88509],[2.349744,48.885288],[2.350379,48.885621]],[[2.351354,48.885581],[2.351359,48.885575],[2.351364,48.88557],[2.35137,48.885566],[2.35136,48.885499],[2.35135,48.885426],[2.351339,48.885357],[2.351328,48.885286],[2.351324,48.88526],[2.35132,48.885237],[2.351315,48.885221],[2.351357,48.885216],[2.351391,48.885443],[2.351393,48.885461],[2.351409,48.885566],[2.351417,48.885569],[2.351423,48.885573],[2.351429,48.885577],[2.351435,48.885581],[2.351439,48.885586],[2.351442,48.885591],[2.351444,48.885597],[2.351444,48.885599],[2.351444,48.885602],[2.351444,48.885608],[2.351442,48.885613],[2.35144,48.885619],[2.351436,48.885624],[2.351431,48.885628],[2.351426,48.885633],[2.351419,48.885636],[2.35143,48.885707],[2.35144,48.885778],[2.351449,48.885839],[2.351455,48.885882],[2.351419,48.885884],[2.351413,48.885843],[2.351403,48.88578],[2.35139,48.885706],[2.35138,48.885637],[2.351373,48.885633],[2.351366,48.885629],[2.351361,48.885624],[2.351356,48.885619],[2.351353,48.885613],[2.35135,48.885607],[2.351349,48.885603],[2.351349,48.885598],[2.35135,48.885592],[2.351351,48.885586],[2.351354,48.885581]]],[[[2.350505,48.885098],[2.350745,48.884018],[2.34968,48.883959],[2.349716,48.885179],[2.350505,48.885098]]],[[[2.349304,48.88547],[2.349214,48.884621],[2.347374,48.885075],[2.349304,48.88547]]],[[[2.352322,48.884847],[2.353732,48.884573],[2.352505,48.88429],[2.352322,48.884847]]],[[[2.352331,48.884956],[2.354167,48.884945],[2.354178,48.884741],[2.352331,48.884956]]],[[[2.352742,48.884163],[2.354045,48.884518],[2.354048,48.884254],[2.352742,48.884163]]],[[[2.348523,48.883807],[2.348404,48.883793],[2.348381,48.883812],[2.34843,48.883897],[2.348462,48.883951],[2.348585,48.883966],[2.348697,48.883979],[2.348803,48.883992],[2.348912,48.884005],[2.349019,48.884018],[2.349243,48.884045],[2.349272,48.884028],[2.349272,48.883951],[2.349272,48.883944],[2.349272,48.88394],[2.349271,48.883937],[2.349268,48.88393],[2.349264,48.883924],[2.349262,48.883921],[2.349256,48.883915],[2.349249,48.883908],[2.349241,48.883903],[2.349235,48.8839],[2.349226,48.883896],[2.349216,48.883893],[2.349205,48.883891],[2.349191,48.883889],[2.349188,48.883889],[2.34906,48.883873],[2.348953,48.88386],[2.348849,48.883847],[2.348739,48.883834],[2.348628,48.88382],[2.348523,48.883807]]],[[[2.347012,48.88426],[2.346916,48.883894],[2.346734,48.88418],[2.347054,48.884562],[2.347012,48.88426]]],[[[2.348879,48.88411],[2.348579,48.884098],[2.348755,48.88434],[2.349245,48.884212],[2.348879,48.88411]]],[[[2.354124,48.884523],[2.355102,48.884331],[2.354167,48.884264],[2.354124,48.884523]]],[[[2.349282,48.884344],[2.349247,48.884328],[2.349113,48.884363],[2.348999,48.884393],[2.348907,48.884416],[2.348757,48.884455],[2.348836,48.884586],[2.349005,48.884543],[2.349075,48.884525],[2.349189,48.884496],[2.349263,48.884477],[2.349286,48.884455],[2.349282,48.884344]]],[[[2.350388,48.885664],[2.350323,48.885672],[2.350197,48.885687],[2.350163,48.88569],[2.350185,48.885758],[2.350218,48.885754],[2.350345,48.885739],[2.35037,48.885736],[2.35041,48.885731],[2.350396,48.885687],[2.350388,48.885664]]],[[[2.346885,48.883627],[2.346885,48.883626],[2.346795,48.883662],[2.346821,48.883759],[2.346915,48.88378],[2.346885,48.883627]]]],"type":"MultiPolygon"},"properties":{"id_projet":"MATERNELLES (année scolaire 2025/2026)","libelle":"GOUTTE D'OR (57) POLY","annee_scol":"2025-2026","zone_commune":0,"etiquette":"Secteur de l'école 57 RUE DE LA GOUTTE D'OR","lib_etab_1":"GOUTTE D'OR (57) POLY","lib_etab_2":null,"lib_etab_3":null,"lib_etab_4":null,"adr_etab_1":"57 RUE DE LA GOUTTE D'OR","adr_etab_2":null,"adr_etab_3":null,"adr_etab_4":null,"type_etabl":"Maternelle","geo_point_2d":{"lon":2.3502958494826958,"lat":48.88468245970268},"st_area_shape":60679.76967479494,"st_perimeter_shape":4130.227111787172}},{"type":"Feature","geometry":{"coordinates":[[[[2.335968,48.884709],[2.336885,48.884301],[2.33616,48.882942],[2.335727,48.883071],[2.335989,48.883485],[2.335485,48.883144],[2.336007,48.883963],[2.335438,48.883157],[2.334435,48.883468],[2.333676,48.884645],[2.334298,48.884716],[2.334102,48.885063],[2.335291,48.884631],[2.33418,48.885109],[2.334555,48.885118],[2.334377,48.885329],[2.335968,48.884709]],[[2.336113,48.884207],[2.336223,48.884178],[2.336328,48.884151],[2.336399,48.884132],[2.33649,48.884108],[2.336615,48.884076],[2.336671,48.884061],[2.336684,48.884085],[2.336581,48.884112],[2.3365,48.884133],[2.336364,48.884166],[2.336258,48.884194],[2.336039,48.884253],[2.33595,48.884277],[2.335888,48.884293],[2.335813,48.884313],[2.335798,48.884288],[2.335812,48.884284],[2.335848,48.884275],[2.335933,48.884253],[2.336113,48.884207]]],[[[2.341846,48.885222],[2.341796,48.885077],[2.341683,48.885168],[2.341688,48.885175],[2.34171,48.885206],[2.341727,48.885231],[2.341666,48.885248],[2.341694,48.885293],[2.341695,48.885294],[2.341697,48.885298],[2.341883,48.885329],[2.341846,48.885222]]],[[[2.341922,48.885444],[2.341921,48.885441],[2.341754,48.88549],[2.34183,48.885603],[2.341911,48.885722],[2.341985,48.885709],[2.342006,48.885685],[2.341946,48.885511],[2.341922,48.885444]]],[[[2.334759,48.885368],[2.334763,48.885367],[2.334781,48.885386],[2.334815,48.885376],[2.334832,48.885371],[2.334841,48.885369],[2.334912,48.885348],[2.334951,48.885336],[2.334944,48.885328],[2.334943,48.885328],[2.334988,48.885204],[2.334972,48.885201],[2.334867,48.885241],[2.334703,48.885304],[2.334554,48.88536],[2.334545,48.885351],[2.334446,48.885395],[2.334449,48.885397],[2.334654,48.885419],[2.334688,48.885402],[2.334759,48.885368]]],[[[2.335348,48.885201],[2.335435,48.885168],[2.335442,48.885175],[2.335459,48.885168],[2.335548,48.885133],[2.335552,48.885131],[2.335589,48.885117],[2.335607,48.88511],[2.335617,48.885106],[2.335622,48.885104],[2.335613,48.885092],[2.335675,48.884935],[2.335659,48.884933],[2.335519,48.884987],[2.335337,48.885058],[2.335249,48.885092],[2.335137,48.885135],[2.335135,48.88514],[2.335261,48.885176],[2.335305,48.885158],[2.33531,48.885157],[2.335323,48.885172],[2.335348,48.885201]]],[[[2.342294,48.88565],[2.342325,48.885349],[2.342048,48.885404],[2.342294,48.88565]]],[[[2.333775,48.88429],[2.333011,48.883971],[2.333594,48.884541],[2.333775,48.88429]]],[[[2.34238,48.884908],[2.341938,48.885008],[2.342017,48.885315],[2.34238,48.884908]]],[[[2.339692,48.884621],[2.339654,48.884244],[2.33882,48.884358],[2.339692,48.884621]]],[[[2.339664,48.883822],[2.338821,48.884225],[2.339644,48.884156],[2.339664,48.883822]]],[[[2.337298,48.884485],[2.337797,48.884613],[2.337529,48.884175],[2.337025,48.884359],[2.337218,48.884892],[2.337298,48.884485]]],[[[2.334204,48.883563],[2.333028,48.883873],[2.333844,48.884111],[2.334204,48.883563]]],[[[2.343331,48.884867],[2.342779,48.884416],[2.342518,48.885173],[2.343331,48.884867]]],[[[2.336357,48.884951],[2.336627,48.884735],[2.337142,48.884924],[2.33693,48.884407],[2.335846,48.884842],[2.336357,48.884951]]],[[[2.340757,48.885094],[2.341748,48.884947],[2.34151,48.884205],[2.340545,48.884998],[2.340757,48.885094]]],[[[2.34184,48.884187],[2.341636,48.884163],[2.341879,48.884908],[2.342395,48.884784],[2.342424,48.884336],[2.34184,48.884187]]],[[[2.338425,48.885527],[2.337948,48.88477],[2.338477,48.885484],[2.339044,48.885147],[2.338712,48.885163],[2.33872,48.884641],[2.338061,48.884626],[2.337866,48.885063],[2.338425,48.885527]]],[[[2.341142,48.884415],[2.341282,48.884048],[2.33981,48.884224],[2.339823,48.884603],[2.340573,48.884355],[2.340556,48.88491],[2.341142,48.884415]]],[[[2.338767,48.883991],[2.338999,48.883898],[2.338708,48.88356],[2.337432,48.883907],[2.337853,48.884571],[2.338767,48.883991]]],[[[2.3379,48.882511],[2.337319,48.882595],[2.337981,48.883706],[2.338674,48.883523],[2.3379,48.882511]]],[[[2.342766,48.884126],[2.343483,48.88378],[2.342658,48.883633],[2.341757,48.883551],[2.341556,48.883923],[2.342766,48.884126]]],[[[2.341629,48.883524],[2.339831,48.883616],[2.339809,48.884109],[2.341402,48.883942],[2.341629,48.883524]]],[[[2.343422,48.883549],[2.3431,48.883115],[2.343752,48.882994],[2.341954,48.882661],[2.341858,48.88316],[2.342717,48.883326],[2.342211,48.883469],[2.343422,48.883549]]],[[[2.337889,48.883732],[2.337218,48.882625],[2.336971,48.882698],[2.337429,48.883666],[2.336904,48.882721],[2.336272,48.882919],[2.336974,48.884297],[2.337889,48.883732]]],[[[2.339591,48.88253],[2.339511,48.882261],[2.338041,48.882497],[2.339116,48.883853],[2.339642,48.88362],[2.339591,48.88253]]],[[[2.341666,48.883372],[2.341797,48.882612],[2.34119,48.882493],[2.341174,48.88281],[2.341136,48.882483],[2.339726,48.882306],[2.33976,48.882815],[2.340365,48.882801],[2.339764,48.882889],[2.339849,48.883525],[2.341666,48.883372]]]],"type":"MultiPolygon"},"properties":{"id_projet":"MATERNELLES (année scolaire 2026/2027)","libelle":"ORSEL (56) MAT","annee_scol":"2026-2027","zone_commune":0,"etiquette":"Secteur de l'école 56 ORSEL (56) MAT","lib_etab_1":"ORSEL (56) MAT","lib_etab_2":null,"lib_etab_3":null,"lib_etab_4":null,"adr_etab_1":"56 ORSEL (56) MAT","adr_etab_2":null,"adr_etab_3":null,"adr_etab_4":null,"type_etabl":"Maternelle","geo_point_2d":{"lon":2.338606409889436,"lat":48.883788030501314},"st_area_shape":138878.2350219903,"st_perimeter_shape":9170.827172928603}},{"type":"Feature","geometry":{"coordinates":[[[[2.328741,48.891251],[2.327062,48.891413],[2.327572,48.892931],[2.329495,48.892558],[2.328741,48.891251]]],[[[2.332509,48.893796],[2.33184,48.892912],[2.333594,48.892921],[2.333539,48.892502],[2.331831,48.892734],[2.331785,48.892255],[2.33057,48.89252],[2.33026,48.893429],[2.330782,48.893354],[2.330221,48.893549],[2.332542,48.894069],[2.332509,48.893796]]],[[[2.327515,48.890881],[2.329023,48.890146],[2.328537,48.89003],[2.328507,48.889748],[2.32682,48.890635],[2.326981,48.891173],[2.327515,48.890881]]],[[[2.331496,48.891356],[2.331075,48.89107],[2.330636,48.892329],[2.332336,48.892034],[2.331496,48.891356]]],[[[2.330878,48.891069],[2.329538,48.891202],[2.330308,48.892398],[2.330878,48.891069]]],[[[2.330076,48.893481],[2.330192,48.89257],[2.327989,48.893004],[2.330076,48.893481]]],[[[2.328844,48.8904],[2.327216,48.891213],[2.329227,48.891085],[2.328844,48.8904]]],[[[2.329365,48.891208],[2.328912,48.891242],[2.329701,48.892466],[2.330072,48.892444],[2.329365,48.891208]]],[[[2.330895,48.890941],[2.329756,48.890712],[2.329247,48.890143],[2.328971,48.890322],[2.329491,48.891061],[2.330895,48.890941]]],[[[2.333491,48.89235],[2.333444,48.891936],[2.332041,48.892238],[2.332218,48.892515],[2.333491,48.89235]]],[[[2.327016,48.890467],[2.327463,48.890231],[2.327678,48.890118],[2.327892,48.890005],[2.327975,48.889961],[2.328156,48.889865],[2.328292,48.889794],[2.328404,48.889735],[2.328535,48.889666],[2.328531,48.889661],[2.328312,48.889642],[2.328336,48.889662],[2.328337,48.889663],[2.328207,48.889726],[2.328208,48.889727],[2.328211,48.889729],[2.328212,48.88973],[2.328073,48.889798],[2.328064,48.889791],[2.327912,48.889906],[2.327889,48.889888],[2.327757,48.889982],[2.327782,48.890002],[2.327748,48.890021],[2.327646,48.890075],[2.327634,48.890082],[2.327583,48.890109],[2.327546,48.890128],[2.327453,48.890177],[2.327443,48.890182],[2.327418,48.890195],[2.327337,48.890237],[2.327323,48.890244],[2.327309,48.890251],[2.32719,48.890313],[2.327066,48.890379],[2.32697,48.89043],[2.326917,48.890458],[2.326774,48.89039],[2.326726,48.890416],[2.326766,48.890533],[2.326778,48.890569],[2.32681,48.890576],[2.327016,48.890467]]]],"type":"MultiPolygon"},"properties":{"id_projet":"MATERNELLES (année scolaire 2020/2021)","libelle":"JOSEPH DE MAISTRE (94) MAT","annee_scol":"2020-2021","zone_commune":0,"etiquette":"Secteur de l'école 94 RUE JOSEPH DE MAISTRE","lib_etab_1":"JOSEPH DE MAISTRE (94) MAT","lib_etab_2":null,"lib_etab_3":null,"lib_etab_4":null,"adr_etab_1":"94 RUE JOSEPH DE MAISTRE","adr_etab_2":null,"adr_etab_3":null,"adr_etab_4":null,"type_etabl":null,"geo_point_2d":{"lon":2.3297720089222245,"lat":48.891987507041975},"st_area_shape":100509.75703986807,"st_perimeter_shape":5257.546172660561}},{"type":"Feature","geometry":{"coordinates":[[[[2.339827,48.895444],[2.339341,48.894447],[2.33985,48.895427],[2.340598,48.894625],[2.338921,48.89379],[2.338551,48.894282],[2.339163,48.894288],[2.338336,48.894566],[2.338642,48.895476],[2.338725,48.895196],[2.33891,48.895545],[2.339467,48.895234],[2.339389,48.895647],[2.339827,48.895444]]],[[[2.342175,48.89359],[2.342555,48.89335],[2.342004,48.89296],[2.341946,48.893356],[2.340776,48.893534],[2.340327,48.893195],[2.340779,48.89467],[2.342175,48.89359]]],[[[2.339222,48.892252],[2.339436,48.892737],[2.339984,48.892622],[2.339585,48.891324],[2.339256,48.891851],[2.33851,48.892128],[2.338774,48.892852],[2.339412,48.892741],[2.339222,48.892252]]],[[[2.342735,48.893476],[2.341584,48.894236],[2.341878,48.894865],[2.343113,48.894818],[2.342347,48.894643],[2.342468,48.893805],[2.342915,48.893604],[2.342735,48.893476]]],[[[2.338484,48.895421],[2.338176,48.894585],[2.338659,48.893895],[2.337842,48.893995],[2.337938,48.89443],[2.337335,48.8936],[2.336562,48.893749],[2.337343,48.893835],[2.337769,48.894377],[2.337475,48.894489],[2.337911,48.894614],[2.338484,48.895421]]],[[[2.337882,48.893009],[2.337707,48.892715],[2.337912,48.893004],[2.338504,48.8929],[2.337779,48.89195],[2.337736,48.892219],[2.337227,48.892298],[2.337882,48.893009]]],[[[2.340407,48.893905],[2.340223,48.893503],[2.339122,48.89373],[2.340503,48.894439],[2.340407,48.893905]]],[[[2.340029,48.892766],[2.337953,48.893133],[2.340079,48.893028],[2.340029,48.892766]]],[[[2.338791,48.89372],[2.338294,48.893457],[2.337418,48.893591],[2.337652,48.893971],[2.338791,48.89372]]],[[[2.339158,48.893587],[2.340214,48.893373],[2.338574,48.893418],[2.339158,48.893587]]],[[[2.337789,48.893183],[2.337749,48.89318],[2.337694,48.893198],[2.337639,48.893215],[2.337505,48.893258],[2.337414,48.893287],[2.337259,48.893336],[2.337076,48.893394],[2.337099,48.893439],[2.337295,48.893412],[2.33746,48.893388],[2.337565,48.893374],[2.337719,48.893353],[2.337772,48.893345],[2.337864,48.893333],[2.337987,48.893315],[2.337997,48.893289],[2.337848,48.893213],[2.337789,48.893183]]],[[[2.341066,48.894814],[2.341108,48.894804],[2.341117,48.894818],[2.341124,48.894831],[2.341482,48.89452],[2.341477,48.894511],[2.341289,48.894491],[2.341047,48.894699],[2.341001,48.894739],[2.340879,48.894845],[2.341012,48.894877],[2.341076,48.894859],[2.34106,48.894833],[2.34105,48.894818],[2.341066,48.894814]]],[[[2.338584,48.89268],[2.338437,48.892422],[2.338356,48.892442],[2.338614,48.89288],[2.33869,48.892867],[2.338599,48.892707],[2.338584,48.89268]]],[[[2.336933,48.894103],[2.336932,48.894101],[2.33683,48.894132],[2.336831,48.894135],[2.336933,48.894103]]]],"type":"MultiPolygon"},"properties":{"id_projet":"MATERNELLES (année scolaire 2020/2021)","libelle":"CLOYS (41) MAT","annee_scol":"2020-2021","zone_commune":0,"etiquette":"Secteur de l'école 41 RUE DES CLOYS","lib_etab_1":"CLOYS (41) MAT","lib_etab_2":null,"lib_etab_3":null,"lib_etab_4":null,"adr_etab_1":"41 RUE DES CLOYS","adr_etab_2":null,"adr_etab_3":null,"adr_etab_4":null,"type_etabl":null,"geo_point_2d":{"lon":2.339671233850474,"lat":48.89380292157216},"st_area_shape":79379.1755936968,"st_perimeter_shape":5706.241991575466}},{"type":"Feature","geometry":{"coordinates":[[[[2.347856,48.88483],[2.348712,48.884618],[2.348209,48.883771],[2.347115,48.883636],[2.347352,48.884966],[2.347856,48.88483]]],[[[2.351019,48.885063],[2.352157,48.8849],[2.352342,48.884265],[2.350829,48.884046],[2.351019,48.885063]]],[[[2.350379,48.885621],[2.351532,48.885892],[2.352504,48.88509],[2.349744,48.885288],[2.350379,48.885621]],[[2.351359,48.885575],[2.351364,48.88557],[2.35137,48.885566],[2.35136,48.885499],[2.35135,48.885426],[2.351339,48.885357],[2.351328,48.885286],[2.351324,48.88526],[2.35132,48.885237],[2.351315,48.885221],[2.351357,48.885216],[2.351391,48.885443],[2.351393,48.885461],[2.351409,48.885566],[2.351417,48.885569],[2.351423,48.885573],[2.351429,48.885577],[2.351435,48.885581],[2.351439,48.885586],[2.351442,48.885591],[2.351444,48.885597],[2.351444,48.885599],[2.351444,48.885602],[2.351444,48.885608],[2.351442,48.885613],[2.35144,48.885619],[2.351436,48.885624],[2.351431,48.885628],[2.351426,48.885633],[2.351419,48.885636],[2.35143,48.885707],[2.35144,48.885778],[2.351449,48.885839],[2.351455,48.885882],[2.351419,48.885884],[2.351413,48.885843],[2.351403,48.88578],[2.35139,48.885706],[2.35138,48.885637],[2.351373,48.885633],[2.351366,48.885629],[2.351361,48.885624],[2.351356,48.885619],[2.351353,48.885613],[2.35135,48.885607],[2.351349,48.885603],[2.351349,48.885598],[2.35135,48.885592],[2.351351,48.885586],[2.351354,48.885581],[2.351359,48.885575]]],[[[2.350505,48.885098],[2.350745,48.884018],[2.34968,48.883959],[2.349716,48.885179],[2.350505,48.885098]]],[[[2.349304,48.88547],[2.349214,48.884621],[2.347374,48.885075],[2.349304,48.88547]]],[[[2.352322,48.884847],[2.353732,48.884573],[2.352505,48.88429],[2.352322,48.884847]]],[[[2.352337,48.884986],[2.354167,48.884945],[2.354178,48.884741],[2.352337,48.884986]]],[[[2.352742,48.884163],[2.354045,48.884518],[2.354048,48.884254],[2.352742,48.884163]]],[[[2.348523,48.883807],[2.348404,48.883793],[2.348381,48.883812],[2.34843,48.883897],[2.348462,48.883951],[2.348585,48.883966],[2.348697,48.883979],[2.348803,48.883992],[2.348912,48.884005],[2.349019,48.884018],[2.349243,48.884045],[2.349272,48.884028],[2.349272,48.883951],[2.349272,48.883944],[2.349272,48.88394],[2.349271,48.883937],[2.349268,48.88393],[2.349264,48.883924],[2.349262,48.883921],[2.349256,48.883915],[2.349249,48.883908],[2.349241,48.883903],[2.349235,48.8839],[2.349226,48.883896],[2.349216,48.883893],[2.349205,48.883891],[2.349191,48.883889],[2.349188,48.883889],[2.34906,48.883873],[2.348953,48.88386],[2.348849,48.883847],[2.348739,48.883834],[2.348628,48.88382],[2.348523,48.883807]]],[[[2.347012,48.88426],[2.346916,48.883894],[2.346734,48.88418],[2.347054,48.884562],[2.347012,48.88426]]],[[[2.348879,48.88411],[2.348579,48.884098],[2.348755,48.88434],[2.349245,48.884212],[2.348879,48.88411]]],[[[2.354124,48.884523],[2.355102,48.884331],[2.354167,48.884264],[2.354124,48.884523]]],[[[2.349282,48.884344],[2.349247,48.884328],[2.349113,48.884363],[2.348999,48.884393],[2.348907,48.884416],[2.348757,48.884455],[2.348836,48.884586],[2.349005,48.884543],[2.349075,48.884525],[2.349189,48.884496],[2.349263,48.884477],[2.349286,48.884455],[2.349282,48.884344]]],[[[2.350388,48.885664],[2.350323,48.885672],[2.350197,48.885687],[2.350163,48.88569],[2.350185,48.885758],[2.350218,48.885754],[2.350345,48.885739],[2.35037,48.885736],[2.35041,48.885731],[2.350396,48.885687],[2.350388,48.885664]]],[[[2.346885,48.883627],[2.346885,48.883626],[2.346795,48.883662],[2.346821,48.883759],[2.346915,48.88378],[2.346885,48.883627]]]],"type":"MultiPolygon"},"properties":{"id_projet":"MATERNELLES (année scolaire 2020/2021)","libelle":"GOUTTE D'OR (57) MAT","annee_scol":"2020-2021","zone_commune":0,"etiquette":"Secteur de l'école 57 RUE DE LA GOUTTE D'OR","lib_etab_1":"GOUTTE D'OR (57) MAT","lib_etab_2":null,"lib_etab_3":null,"lib_etab_4":null,"adr_etab_1":"57 RUE DE LA GOUTTE D'OR","adr_etab_2":null,"adr_etab_3":null,"adr_etab_4":null,"type_etabl":null,"geo_point_2d":{"lon":2.350295849245407,"lat":48.8846824571435},"st_area_shape":60679.60906736386,"st_perimeter_shape":4130.159458679534}},{"type":"Feature","geometry":{"coordinates":[[[[2.328741,48.891251],[2.327062,48.891413],[2.327572,48.892931],[2.329495,48.892558],[2.328741,48.891251]]],[[[2.332509,48.893796],[2.33184,48.892912],[2.333594,48.892921],[2.333539,48.892502],[2.331831,48.892734],[2.331785,48.892255],[2.33057,48.89252],[2.33026,48.893429],[2.330782,48.893354],[2.330221,48.893549],[2.332542,48.894069],[2.332509,48.893796]]],[[[2.327515,48.890881],[2.329023,48.890146],[2.328537,48.89003],[2.328507,48.889748],[2.32682,48.890635],[2.326981,48.891173],[2.327515,48.890881]]],[[[2.331496,48.891356],[2.331075,48.89107],[2.330636,48.892329],[2.332336,48.892034],[2.331496,48.891356]]],[[[2.330878,48.891069],[2.329538,48.891202],[2.330308,48.892398],[2.330878,48.891069]]],[[[2.330076,48.893481],[2.330192,48.89257],[2.327989,48.893004],[2.330076,48.893481]]],[[[2.328844,48.8904],[2.327216,48.891213],[2.329227,48.891085],[2.328844,48.8904]]],[[[2.329365,48.891208],[2.328912,48.891242],[2.329701,48.892466],[2.330072,48.892444],[2.329365,48.891208]]],[[[2.330895,48.890941],[2.329756,48.890712],[2.329247,48.890143],[2.328971,48.890322],[2.329491,48.891061],[2.330895,48.890941]]],[[[2.333491,48.89235],[2.333444,48.891936],[2.332041,48.892238],[2.332218,48.892515],[2.333491,48.89235]]],[[[2.327016,48.890467],[2.327463,48.890231],[2.327678,48.890118],[2.327892,48.890005],[2.327975,48.889961],[2.328156,48.889865],[2.328292,48.889794],[2.328404,48.889735],[2.328535,48.889666],[2.328531,48.889661],[2.328312,48.889642],[2.328336,48.889662],[2.328337,48.889663],[2.328207,48.889726],[2.328208,48.889727],[2.328211,48.889729],[2.328212,48.88973],[2.328073,48.889798],[2.328064,48.889791],[2.327912,48.889906],[2.327889,48.889888],[2.327757,48.889982],[2.327782,48.890002],[2.327748,48.890021],[2.327646,48.890075],[2.327634,48.890082],[2.327583,48.890109],[2.327546,48.890128],[2.327453,48.890177],[2.327443,48.890182],[2.327418,48.890195],[2.327337,48.890237],[2.327323,48.890244],[2.327309,48.890251],[2.32719,48.890313],[2.327066,48.890379],[2.32697,48.89043],[2.326917,48.890458],[2.326774,48.89039],[2.326726,48.890416],[2.326766,48.890533],[2.326778,48.890569],[2.32681,48.890576],[2.327016,48.890467]]]],"type":"MultiPolygon"},"properties":{"id_projet":"MATERNELLES (année scolaire 2021/2022)","libelle":"JOSEPH DE MAISTRE (94) MAT","annee_scol":"2021-2022","zone_commune":0,"etiquette":"Secteur de l'école 94 RUE JOSEPH DE MAISTRE","lib_etab_1":"JOSEPH DE MAISTRE (94) MAT","lib_etab_2":null,"lib_etab_3":null,"lib_etab_4":null,"adr_etab_1":"94 RUE JOSEPH DE MAISTRE","adr_etab_2":null,"adr_etab_3":null,"adr_etab_4":null,"type_etabl":"Maternelle","geo_point_2d":{"lon":2.3297720089222245,"lat":48.891987507041975},"st_area_shape":100509.75703986807,"st_perimeter_shape":5257.546172660561}},{"type":"Feature","geometry":{"coordinates":[[[[2.35774,48.886096],[2.359293,48.886009],[2.359143,48.884885],[2.357353,48.884964],[2.358221,48.884784],[2.358238,48.884552],[2.356511,48.884235],[2.356643,48.88444],[2.356305,48.884442],[2.356886,48.885156],[2.356712,48.88597],[2.35774,48.886096]]],[[[2.357824,48.88732],[2.357879,48.886421],[2.358932,48.886462],[2.359311,48.886195],[2.356662,48.886206],[2.35646,48.887166],[2.357824,48.88732]]],[[[2.354352,48.885754],[2.35407,48.885539],[2.352948,48.886274],[2.353375,48.88667],[2.354268,48.886252],[2.354352,48.885754]]],[[[2.353829,48.887511],[2.355824,48.887687],[2.356174,48.88741],[2.353565,48.88717],[2.35356,48.887736],[2.353829,48.887511]]],[[[2.354638,48.885119],[2.352618,48.885085],[2.353017,48.885645],[2.354638,48.885119]]],[[[2.356033,48.884398],[2.354426,48.884634],[2.356595,48.884869],[2.356033,48.884398]]],[[[2.356689,48.885233],[2.356707,48.884993],[2.355906,48.88505],[2.355775,48.885821],[2.35654,48.885942],[2.356689,48.885233]]],[[[2.353661,48.88678],[2.353598,48.887082],[2.355406,48.887202],[2.355414,48.886809],[2.353661,48.88678]]],[[[2.355716,48.885204],[2.355234,48.885087],[2.355128,48.885766],[2.355614,48.885804],[2.355716,48.885204]]],[[[2.355058,48.885166],[2.354209,48.885481],[2.354933,48.885774],[2.355058,48.885166]]],[[[2.355783,48.886815],[2.355566,48.887234],[2.356273,48.88721],[2.35635,48.886846],[2.355783,48.886815]]],[[[2.354668,48.886307],[2.353721,48.886649],[2.354779,48.886709],[2.354668,48.886307]]],[[[2.355559,48.885944],[2.354489,48.886068],[2.355521,48.886245],[2.355559,48.885944]]],[[[2.35256,48.885772],[2.352895,48.885679],[2.352504,48.88509],[2.35214,48.885596],[2.352219,48.885867],[2.35256,48.885772]]],[[[2.352787,48.88639],[2.352924,48.885761],[2.352236,48.885931],[2.352787,48.88639]]],[[[2.356446,48.88639],[2.355681,48.886376],[2.355628,48.886703],[2.356345,48.886735],[2.356446,48.88639]]],[[[2.35549,48.886368],[2.35503,48.886353],[2.354973,48.886693],[2.355463,48.886702],[2.35549,48.886368]]],[[[2.354327,48.884709],[2.353924,48.884679],[2.354167,48.884945],[2.355138,48.884923],[2.354327,48.884709]]],[[[2.356375,48.886247],[2.355782,48.885988],[2.355757,48.886252],[2.356375,48.886247]]],[[[2.358822,48.884595],[2.358314,48.88456],[2.358298,48.884783],[2.359049,48.884744],[2.358822,48.884595]]],[[[2.353372,48.8869],[2.352811,48.886651],[2.352674,48.886937],[2.353372,48.8869]]],[[[2.353426,48.887546],[2.353336,48.887155],[2.353074,48.887334],[2.353426,48.887546]]],[[[2.35497,48.884404],[2.355185,48.884367],[2.355183,48.884337],[2.355102,48.884331],[2.35497,48.884384],[2.35497,48.884384],[2.354857,48.88437],[2.354857,48.884369],[2.354709,48.884375],[2.35471,48.88438],[2.354528,48.88438],[2.354528,48.884381],[2.354431,48.884386],[2.354431,48.884385],[2.354417,48.884385],[2.354317,48.884378],[2.354317,48.884377],[2.354132,48.88453],[2.354138,48.884536],[2.354204,48.884537],[2.354329,48.884515],[2.354416,48.8845],[2.354507,48.884484],[2.354716,48.884448],[2.354863,48.884423],[2.35497,48.884404]]],[[[2.353163,48.887848],[2.35341,48.887676],[2.352906,48.887711],[2.353045,48.888028],[2.353163,48.887848]]],[[[2.352649,48.886725],[2.352685,48.886638],[2.352676,48.886627],[2.352522,48.886678],[2.352512,48.886703],[2.352439,48.886691],[2.352422,48.886735],[2.352417,48.886746],[2.352395,48.886805],[2.352425,48.88681],[2.35246,48.886816],[2.352534,48.886937],[2.352569,48.886924],[2.352603,48.88684],[2.352649,48.886725]]]],"type":"MultiPolygon"},"properties":{"id_projet":"MATERNELLES (année scolaire 2021/2022)","libelle":"ST LUC (3) MAT","annee_scol":"2021-2022","zone_commune":0,"etiquette":"Secteur de l'école 3 RUE SAINT-LUC","lib_etab_1":"ST LUC (3) MAT","lib_etab_2":null,"lib_etab_3":null,"lib_etab_4":null,"adr_etab_1":"3 RUE SAINT-LUC","adr_etab_2":null,"adr_etab_3":null,"adr_etab_4":null,"type_etabl":"Maternelle","geo_point_2d":{"lon":2.355872297222621,"lat":48.88591860566462},"st_area_shape":108038.634051829,"st_perimeter_shape":7004.264147556626}},{"type":"Feature","geometry":{"coordinates":[[[[2.36886,48.891591],[2.367959,48.889768],[2.363895,48.889982],[2.363982,48.890563],[2.364794,48.890538],[2.364043,48.890638],[2.364069,48.891137],[2.365425,48.891039],[2.365527,48.891614],[2.366184,48.891566],[2.366112,48.892303],[2.36886,48.891591]]],[[[2.360338,48.893241],[2.361333,48.893205],[2.361125,48.89223],[2.359973,48.892097],[2.359799,48.893239],[2.360338,48.893241]]],[[[2.363212,48.891468],[2.361323,48.891551],[2.361932,48.892035],[2.363239,48.8919],[2.363212,48.891468]]],[[[2.365242,48.891182],[2.363482,48.89131],[2.363427,48.891862],[2.365371,48.891681],[2.365242,48.891182]]],[[[2.359283,48.893701],[2.359525,48.892761],[2.358644,48.892662],[2.35958,48.892613],[2.358563,48.892243],[2.358442,48.893461],[2.359283,48.893701]],[[2.359113,48.893021],[2.359028,48.893018],[2.35924,48.893027],[2.359113,48.893021]]],[[[2.360767,48.891349],[2.360825,48.891148],[2.360126,48.89097],[2.359981,48.891951],[2.361366,48.891819],[2.360767,48.891349]]],[[[2.361437,48.894003],[2.361661,48.894041],[2.361304,48.893313],[2.359789,48.893402],[2.360267,48.893595],[2.359972,48.893776],[2.36052,48.89374],[2.360582,48.894142],[2.361437,48.894003]]],[[[2.359596,48.891062],[2.357495,48.890984],[2.359653,48.890992],[2.359193,48.890805],[2.357269,48.890776],[2.357234,48.89121],[2.359596,48.891062]]],[[[2.36121,48.890484],[2.361185,48.890141],[2.36028,48.890231],[2.360159,48.890839],[2.361166,48.891129],[2.36121,48.890484]]],[[[2.363732,48.889983],[2.363181,48.889992],[2.363373,48.891209],[2.363908,48.89115],[2.363732,48.889983]]],[[[2.362497,48.89024],[2.362454,48.890017],[2.361378,48.890122],[2.361343,48.890623],[2.362511,48.890654],[2.362497,48.89024]]],[[[2.363752,48.892269],[2.365396,48.891792],[2.363471,48.891985],[2.363752,48.892269]]],[[[2.361973,48.8937],[2.363059,48.893251],[2.3615,48.893307],[2.361771,48.89397],[2.361973,48.8937]]],[[[2.36309,48.893055],[2.361726,48.892467],[2.361959,48.893181],[2.36309,48.893055]]],[[[2.362483,48.890743],[2.362371,48.891244],[2.363178,48.891197],[2.363129,48.890826],[2.362483,48.890743]]],[[[2.363018,48.889996],[2.362599,48.890015],[2.362693,48.890655],[2.363104,48.890639],[2.363018,48.889996]]],[[[2.361528,48.892205],[2.361264,48.892221],[2.361467,48.893167],[2.36171,48.893173],[2.361528,48.892205]]],[[[2.361744,48.890735],[2.361339,48.89073],[2.361327,48.891191],[2.361734,48.891195],[2.361744,48.890735]]],[[[2.362061,48.890739],[2.361893,48.89124],[2.362208,48.891243],[2.362061,48.890739]]],[[[2.36324,48.892057],[2.363162,48.892017],[2.362892,48.892045],[2.362584,48.892077],[2.362025,48.892134],[2.362018,48.892149],[2.36263,48.892255],[2.362631,48.892259],[2.362787,48.892252],[2.362813,48.892251],[2.362846,48.89225],[2.362942,48.892245],[2.362942,48.892242],[2.36324,48.892057]]]],"type":"MultiPolygon"},"properties":{"id_projet":"MATERNELLES (année scolaire 2022/2023)","libelle":"TORCY (10-12) MAT","annee_scol":"2022-2023","zone_commune":0,"etiquette":"Secteur de l'école 10 RUE DE TORCY","lib_etab_1":"TORCY (10-12) MAT","lib_etab_2":null,"lib_etab_3":null,"lib_etab_4":null,"adr_etab_1":"10 RUE DE TORCY","adr_etab_2":null,"adr_etab_3":null,"adr_etab_4":null,"type_etabl":"Maternelle","geo_point_2d":{"lon":2.363470793262182,"lat":48.89145537151078},"st_area_shape":164777.41020227782,"st_perimeter_shape":7886.42015108126}},{"type":"Feature","geometry":{"coordinates":[[[[2.334639,48.888127],[2.335398,48.888429],[2.337357,48.887582],[2.337165,48.887329],[2.335725,48.887536],[2.335268,48.887721],[2.335654,48.888096],[2.335358,48.888376],[2.333858,48.887919],[2.334922,48.889239],[2.33565,48.889415],[2.335379,48.888502],[2.334639,48.888127]]],[[[2.342739,48.887303],[2.342306,48.887041],[2.341514,48.887198],[2.341872,48.88729],[2.342032,48.887661],[2.34172,48.887714],[2.34201,48.888261],[2.34323,48.888124],[2.343321,48.887402],[2.342739,48.887303]]],[[[2.34127,48.887658],[2.339843,48.887801],[2.339887,48.888429],[2.341739,48.88831],[2.341539,48.887687],[2.34127,48.887658]]],[[[2.340035,48.889397],[2.339741,48.888598],[2.33827,48.888979],[2.338483,48.889443],[2.338965,48.889359],[2.338754,48.889516],[2.340035,48.889397]]],[[[2.337005,48.888533],[2.337951,48.888426],[2.33751,48.887797],[2.335911,48.888249],[2.335649,48.888583],[2.337005,48.888533]]],[[[2.337966,48.888729],[2.335808,48.888814],[2.33781,48.889361],[2.337966,48.888729]]],[[[2.33908,48.888129],[2.33963,48.887837],[2.339624,48.887067],[2.339013,48.887975],[2.337658,48.887756],[2.33803,48.887889],[2.338118,48.888383],[2.33908,48.888129]]],[[[2.344095,48.887124],[2.343994,48.886363],[2.343345,48.886283],[2.342715,48.887136],[2.344406,48.887431],[2.344095,48.887124]]],[[[2.339663,48.891097],[2.33979,48.890811],[2.340421,48.8908],[2.34025,48.890136],[2.339122,48.890315],[2.339663,48.891097]]],[[[2.336983,48.889966],[2.33863,48.889882],[2.335838,48.889598],[2.336121,48.889957],[2.336983,48.889966]]],[[[2.34397,48.889053],[2.342637,48.889237],[2.343006,48.88968],[2.344405,48.889295],[2.34397,48.889053]]],[[[2.340083,48.887666],[2.341485,48.88755],[2.341238,48.886931],[2.340707,48.887339],[2.339755,48.887159],[2.339833,48.887679],[2.340083,48.887666]]],[[[2.33853,48.888758],[2.339664,48.888519],[2.339687,48.887942],[2.338142,48.888617],[2.338147,48.888881],[2.33853,48.888758]]],[[[2.34082,48.890493],[2.340716,48.890156],[2.341524,48.890359],[2.341365,48.889821],[2.340291,48.88981],[2.340562,48.890728],[2.34082,48.890493]]],[[[2.3415,48.888704],[2.341975,48.88861],[2.341826,48.888405],[2.339882,48.888585],[2.34005,48.888993],[2.3415,48.888704]]],[[[2.34285,48.888662],[2.34202,48.888472],[2.342576,48.889112],[2.343502,48.888941],[2.34285,48.888662]]],[[[2.341405,48.888853],[2.340746,48.888937],[2.340771,48.889423],[2.341668,48.88928],[2.341405,48.888853]]],[[[2.342299,48.88669],[2.341491,48.886681],[2.34141,48.887096],[2.342431,48.886965],[2.342299,48.88669]]],[[[2.340153,48.889825],[2.338876,48.890003],[2.339054,48.890194],[2.340153,48.889825]]],[[[2.343344,48.8883],[2.34233,48.888375],[2.343538,48.888764],[2.343344,48.8883]]],[[[2.342083,48.888719],[2.341565,48.888824],[2.341845,48.889229],[2.342378,48.889127],[2.342083,48.888719]]],[[[2.340629,48.889131],[2.340062,48.88903],[2.340263,48.889542],[2.340629,48.889131]]],[[[2.342474,48.889261],[2.341939,48.889364],[2.342719,48.889694],[2.342474,48.889261]]],[[[2.341782,48.889387],[2.340725,48.889615],[2.34193,48.889663],[2.341782,48.889387]]],[[[2.342059,48.889962],[2.34258,48.889869],[2.341528,48.889844],[2.341681,48.890281],[2.342059,48.889962]]],[[[2.336038,48.889169],[2.335878,48.889421],[2.336832,48.88946],[2.336038,48.889169]]],[[[2.338797,48.889718],[2.338692,48.889713],[2.338668,48.889736],[2.338725,48.88981],[2.338769,48.889869],[2.338785,48.889874],[2.338805,48.88988],[2.338887,48.889869],[2.339044,48.889848],[2.339213,48.889825],[2.339478,48.889789],[2.339473,48.889745],[2.339207,48.889734],[2.339032,48.889727],[2.338854,48.88972],[2.338797,48.889718]]],[[[2.33753,48.887544],[2.337627,48.887366],[2.337582,48.887373],[2.337346,48.887316],[2.337341,48.887325],[2.33741,48.887418],[2.337498,48.887537],[2.33753,48.887544]]],[[[2.341262,48.886894],[2.341232,48.886839],[2.341184,48.886751],[2.341152,48.886693],[2.341134,48.886687],[2.341056,48.886767],[2.341055,48.886767],[2.341084,48.88682],[2.341091,48.886831],[2.341104,48.886855],[2.341107,48.886854],[2.34115,48.886849],[2.341208,48.886906],[2.341262,48.886894]]],[[[2.341332,48.886548],[2.341258,48.886325],[2.341178,48.886337],[2.341243,48.886543],[2.341332,48.886548]]]],"type":"MultiPolygon"},"properties":{"id_projet":"MATERNELLES (année scolaire 2022/2023)","libelle":"CONSTANTIN PECQUEUR (1) MAT","annee_scol":"2022-2023","zone_commune":0,"etiquette":"Secteur de l'école 1 PLACE CONSTANTIN PECQUEUR","lib_etab_1":"CONSTANTIN PECQUEUR (1) MAT","lib_etab_2":null,"lib_etab_3":null,"lib_etab_4":null,"adr_etab_1":"1 PLACE CONSTANTIN PECQUEUR","adr_etab_2":null,"adr_etab_3":null,"adr_etab_4":null,"type_etabl":"Maternelle","geo_point_2d":{"lon":2.339689433054438,"lat":48.88858127503961},"st_area_shape":142938.86376922234,"st_perimeter_shape":9776.648791807651}},{"type":"Feature","geometry":{"coordinates":[[[[2.333741,48.888153],[2.33315,48.888466],[2.334357,48.890474],[2.335688,48.89031],[2.335672,48.889612],[2.334741,48.889375],[2.333741,48.888153]]],[[[2.333322,48.887625],[2.332845,48.887937],[2.333091,48.888368],[2.333583,48.887954],[2.333322,48.887625]]],[[[2.332434,48.888898],[2.332956,48.888484],[2.332703,48.888062],[2.331929,48.88858],[2.332378,48.888813],[2.332228,48.889012],[2.332434,48.888898]]],[[[2.332901,48.889355],[2.333361,48.889264],[2.33303,48.888607],[2.332326,48.889158],[2.332901,48.889355]]],[[[2.333211,48.889642],[2.33263,48.889565],[2.332925,48.889606],[2.333017,48.890076],[2.333211,48.889642]]],[[[2.337781,48.890021],[2.338503,48.889831],[2.336586,48.890012],[2.335807,48.889617],[2.335877,48.890284],[2.337781,48.890021]]],[[[2.334168,48.890496],[2.333462,48.88944],[2.333245,48.890425],[2.334168,48.890496]],[[2.333744,48.89043],[2.333634,48.890269],[2.333615,48.890242],[2.333746,48.890207],[2.333841,48.890367],[2.333886,48.890362],[2.333883,48.890364],[2.333897,48.890409],[2.333821,48.890419],[2.333808,48.890421],[2.33378,48.890425],[2.333766,48.890427],[2.333764,48.890427],[2.333744,48.89043]]],[[[2.334228,48.890626],[2.333458,48.890733],[2.333737,48.890898],[2.334228,48.890626]]],[[[2.338713,48.890011],[2.336926,48.890275],[2.339468,48.891086],[2.338713,48.890011]]],[[[2.33781,48.890678],[2.337489,48.890603],[2.337893,48.89132],[2.339289,48.891178],[2.33781,48.890678]]],[[[2.336297,48.891446],[2.337739,48.891336],[2.337352,48.890531],[2.335691,48.890419],[2.335718,48.890895],[2.335497,48.89045],[2.334454,48.890596],[2.335519,48.891073],[2.335069,48.891249],[2.335062,48.891585],[2.336297,48.891446]]]],"type":"MultiPolygon"},"properties":{"id_projet":"MATERNELLES (année scolaire 2023/2024)","libelle":"LAMARCK (4) MAT","annee_scol":"2023-2024","zone_commune":0,"etiquette":"Secteur de l'école 4 SQUARE LAMARCK","lib_etab_1":"LAMARCK (4) MAT","lib_etab_2":null,"lib_etab_3":null,"lib_etab_4":null,"adr_etab_1":"4 SQUARE LAMARCK","adr_etab_2":null,"adr_etab_3":null,"adr_etab_4":null,"type_etabl":"Maternelle","geo_point_2d":{"lon":2.335503564115232,"lat":48.89006073551626},"st_area_shape":76535.35494728647,"st_perimeter_shape":4462.586645730019}},{"type":"Feature","geometry":{"coordinates":[[[[2.35285,48.887534],[2.35313,48.887576],[2.35331,48.887134],[2.350875,48.886793],[2.351096,48.88718],[2.35285,48.887534]]],[[[2.352395,48.886805],[2.352666,48.886614],[2.350465,48.886283],[2.350818,48.886679],[2.352395,48.886805]]],[[[2.349944,48.88666],[2.349776,48.887156],[2.350006,48.887462],[2.350874,48.887093],[2.350652,48.88675],[2.349944,48.88666]]],[[[2.350955,48.887232],[2.350187,48.887563],[2.351321,48.888129],[2.350955,48.887232]]],[[[2.3515,48.887374],[2.351166,48.887332],[2.351448,48.887886],[2.352645,48.88765],[2.3515,48.887374]]],[[[2.351916,48.886321],[2.351996,48.885969],[2.350237,48.886027],[2.351916,48.886321]]],[[[2.350388,48.885664],[2.34984,48.885549],[2.350185,48.885933],[2.351188,48.885854],[2.351102,48.885588],[2.350388,48.885664]],[[2.350323,48.885672],[2.350388,48.885664],[2.350396,48.885687],[2.35041,48.885731],[2.35037,48.885736],[2.350345,48.885739],[2.350218,48.885754],[2.350185,48.885758],[2.350163,48.88569],[2.350197,48.885687],[2.350323,48.885672]]],[[[2.352068,48.888032],[2.353045,48.888028],[2.352906,48.887711],[2.351494,48.88799],[2.351587,48.888228],[2.352068,48.888032]]],[[[2.349953,48.885915],[2.349755,48.885748],[2.349767,48.886511],[2.350539,48.886625],[2.349953,48.885915]]],[[[2.351013,48.888191],[2.349779,48.887576],[2.350182,48.888025],[2.351013,48.888191]]],[[[2.349223,48.886964],[2.349318,48.88658],[2.347899,48.886406],[2.349223,48.886964]]],[[[2.352602,48.886425],[2.352139,48.885971],[2.352049,48.886395],[2.352602,48.886425]]],[[[2.351952,48.885909],[2.35227,48.885604],[2.351741,48.885574],[2.351197,48.885894],[2.351952,48.885909]]],[[[2.349164,48.886309],[2.349342,48.886451],[2.349303,48.885706],[2.348963,48.885993],[2.349164,48.886309]]],[[[2.353239,48.886964],[2.35325,48.886925],[2.353263,48.886883],[2.353184,48.886871],[2.353133,48.886863],[2.35303,48.886847],[2.353002,48.886843],[2.35299,48.886879],[2.352887,48.886867],[2.352899,48.88683],[2.352679,48.886944],[2.352694,48.886961],[2.352846,48.886984],[2.352948,48.887],[2.353078,48.88702],[2.353216,48.887041],[2.353336,48.887059],[2.35334,48.887057],[2.353242,48.886964],[2.353239,48.886964]]]],"type":"MultiPolygon"},"properties":{"id_projet":"MATERNELLES (année scolaire 2023/2024)","libelle":"RICHOMME (18) MAT","annee_scol":"2023-2024","zone_commune":0,"etiquette":"Secteur de l'école 18 RUE RICHOMME","lib_etab_1":"RICHOMME (18) MAT","lib_etab_2":null,"lib_etab_3":null,"lib_etab_4":null,"adr_etab_1":"18 RUE RICHOMME","adr_etab_2":null,"adr_etab_3":null,"adr_etab_4":null,"type_etabl":"Maternelle","geo_point_2d":{"lon":2.3511748279631344,"lat":48.88688043579204},"st_area_shape":46195.09819280452,"st_perimeter_shape":4245.365237073529}},{"type":"Feature","geometry":{"coordinates":[[[[2.347853,48.884831],[2.348712,48.884618],[2.348209,48.883771],[2.347115,48.883636],[2.347352,48.884966],[2.347853,48.884831]]],[[[2.351019,48.885063],[2.352157,48.8849],[2.352342,48.884265],[2.350829,48.884046],[2.351019,48.885063]]],[[[2.350379,48.885621],[2.351532,48.885892],[2.352504,48.88509],[2.349744,48.885288],[2.350379,48.885621]],[[2.351354,48.885581],[2.351359,48.885575],[2.351364,48.88557],[2.35137,48.885566],[2.35136,48.885499],[2.35135,48.885426],[2.351339,48.885357],[2.351328,48.885286],[2.351324,48.88526],[2.35132,48.885237],[2.351315,48.885221],[2.351357,48.885216],[2.351391,48.885443],[2.351393,48.885461],[2.351409,48.885566],[2.351417,48.885569],[2.351423,48.885573],[2.351429,48.885577],[2.351435,48.885581],[2.351439,48.885586],[2.351442,48.885591],[2.351444,48.885597],[2.351444,48.885599],[2.351444,48.885602],[2.351444,48.885608],[2.351442,48.885613],[2.35144,48.885619],[2.351436,48.885624],[2.351431,48.885628],[2.351426,48.885633],[2.351419,48.885636],[2.35143,48.885707],[2.35144,48.885778],[2.351449,48.885839],[2.351455,48.885882],[2.351419,48.885884],[2.351413,48.885843],[2.351403,48.88578],[2.35139,48.885706],[2.35138,48.885637],[2.351373,48.885633],[2.351366,48.885629],[2.351361,48.885624],[2.351356,48.885619],[2.351353,48.885613],[2.35135,48.885607],[2.351349,48.885603],[2.351349,48.885598],[2.35135,48.885592],[2.351351,48.885586],[2.351354,48.885581]]],[[[2.350505,48.885098],[2.350745,48.884018],[2.34968,48.883959],[2.349716,48.885179],[2.350505,48.885098]]],[[[2.349304,48.88547],[2.349214,48.884621],[2.347374,48.885075],[2.349304,48.88547]]],[[[2.352322,48.884847],[2.353732,48.884573],[2.352505,48.88429],[2.352322,48.884847]]],[[[2.352331,48.884956],[2.354167,48.884945],[2.354178,48.884741],[2.352331,48.884956]]],[[[2.352742,48.884163],[2.354045,48.884518],[2.354048,48.884254],[2.352742,48.884163]]],[[[2.348523,48.883807],[2.348404,48.883793],[2.348381,48.883812],[2.34843,48.883897],[2.348462,48.883951],[2.348585,48.883966],[2.348697,48.883979],[2.348803,48.883992],[2.348912,48.884005],[2.349019,48.884018],[2.349243,48.884045],[2.349272,48.884028],[2.349272,48.883951],[2.349272,48.883944],[2.349272,48.88394],[2.349271,48.883937],[2.349268,48.88393],[2.349264,48.883924],[2.349262,48.883921],[2.349256,48.883915],[2.349249,48.883908],[2.349241,48.883903],[2.349235,48.8839],[2.349226,48.883896],[2.349216,48.883893],[2.349205,48.883891],[2.349191,48.883889],[2.349188,48.883889],[2.34906,48.883873],[2.348953,48.88386],[2.348849,48.883847],[2.348739,48.883834],[2.348628,48.88382],[2.348523,48.883807]]],[[[2.347012,48.88426],[2.346916,48.883894],[2.346734,48.88418],[2.347054,48.884562],[2.347012,48.88426]]],[[[2.348879,48.88411],[2.348579,48.884098],[2.348755,48.88434],[2.349245,48.884212],[2.348879,48.88411]]],[[[2.354124,48.884523],[2.355102,48.884331],[2.354167,48.884264],[2.354124,48.884523]]],[[[2.349282,48.884344],[2.349247,48.884328],[2.349113,48.884363],[2.348999,48.884393],[2.348907,48.884416],[2.348757,48.884455],[2.348836,48.884586],[2.349005,48.884543],[2.349075,48.884525],[2.349189,48.884496],[2.349263,48.884477],[2.349286,48.884455],[2.349282,48.884344]]],[[[2.350388,48.885664],[2.350323,48.885672],[2.350197,48.885687],[2.350163,48.88569],[2.350185,48.885758],[2.350218,48.885754],[2.350345,48.885739],[2.35037,48.885736],[2.35041,48.885731],[2.350396,48.885687],[2.350388,48.885664]]],[[[2.346885,48.883627],[2.346885,48.883626],[2.346795,48.883662],[2.346821,48.883759],[2.346915,48.88378],[2.346885,48.883627]]]],"type":"MultiPolygon"},"properties":{"id_projet":"MATERNELLES (année scolaire 2023/2024)","libelle":"GOUTTE D'OR (57) POLY","annee_scol":"2023-2024","zone_commune":0,"etiquette":"Secteur de l'école 57 RUE DE LA GOUTTE D'OR","lib_etab_1":"GOUTTE D'OR (57) POLY","lib_etab_2":null,"lib_etab_3":null,"lib_etab_4":null,"adr_etab_1":"57 RUE DE LA GOUTTE D'OR","adr_etab_2":null,"adr_etab_3":null,"adr_etab_4":null,"type_etabl":"Maternelle","geo_point_2d":{"lon":2.3502958494826958,"lat":48.88468245970268},"st_area_shape":60679.76967479494,"st_perimeter_shape":4130.227111787172}},{"type":"Feature","geometry":{"coordinates":[[[[2.359071,48.893595],[2.358442,48.893461],[2.358511,48.89268],[2.358041,48.892671],[2.358026,48.892953],[2.356549,48.892904],[2.35645,48.894148],[2.359158,48.894201],[2.359071,48.893595]]],[[[2.363339,48.892456],[2.36324,48.892057],[2.362013,48.89216],[2.363333,48.892991],[2.363339,48.892456]]],[[[2.365091,48.892312],[2.365396,48.891792],[2.364743,48.89218],[2.363649,48.892266],[2.363446,48.892011],[2.363726,48.893005],[2.365091,48.892312]]],[[[2.363215,48.893069],[2.361867,48.892412],[2.362456,48.892966],[2.363215,48.893069]]],[[[2.36436,48.893536],[2.365644,48.892892],[2.366117,48.892305],[2.366184,48.891566],[2.365527,48.891614],[2.36547,48.892255],[2.363823,48.893091],[2.36436,48.893536]]],[[[2.363608,48.893483],[2.363016,48.893505],[2.363175,48.893915],[2.363714,48.893846],[2.363608,48.893483]]],[[[2.363103,48.893306],[2.361951,48.893628],[2.361783,48.893972],[2.363103,48.893306]]],[[[2.362581,48.893892],[2.362903,48.893559],[2.361825,48.894106],[2.362707,48.894219],[2.362581,48.893892]]],[[[2.361661,48.894041],[2.360582,48.894142],[2.360571,48.894602],[2.361661,48.894041]]],[[[2.360273,48.89476],[2.3605,48.894644],[2.360266,48.894675],[2.359996,48.894687],[2.359936,48.894916],[2.359962,48.894918],[2.360273,48.89476]]],[[[2.36046,48.895327],[2.361714,48.894186],[2.360056,48.895003],[2.36046,48.895327]]],[[[2.360155,48.895832],[2.360765,48.895556],[2.360156,48.89541],[2.359772,48.895767],[2.360155,48.895832]]],[[[2.359888,48.895892],[2.359891,48.895858],[2.359918,48.895859],[2.359919,48.895836],[2.359892,48.895835],[2.359892,48.895824],[2.359846,48.895823],[2.359848,48.8958],[2.359824,48.8958],[2.359825,48.895791],[2.359754,48.895789],[2.359746,48.895888],[2.359888,48.895892]]]],"type":"MultiPolygon"},"properties":{"id_projet":"MATERNELLES (année scolaire 2023/2024)","libelle":"CUGNOT (30) POLY","annee_scol":"2023-2024","zone_commune":0,"etiquette":"Secteur de l'école 30 RUE CUGNOT","lib_etab_1":"CUGNOT (30) POLY","lib_etab_2":null,"lib_etab_3":null,"lib_etab_4":null,"adr_etab_1":"30 RUE CUGNOT","adr_etab_2":null,"adr_etab_3":null,"adr_etab_4":null,"type_etabl":"Maternelle","geo_point_2d":{"lon":2.3612411944544953,"lat":48.89330814403228},"st_area_shape":65038.677746114816,"st_perimeter_shape":4260.74440475314}},{"type":"Feature","geometry":{"coordinates":[[[[2.346174,48.890292],[2.347359,48.890262],[2.347349,48.889904],[2.346803,48.889911],[2.347109,48.889545],[2.347535,48.890216],[2.348324,48.890365],[2.348076,48.889096],[2.346571,48.888981],[2.345546,48.890635],[2.346174,48.890292]]],[[[2.347943,48.888537],[2.346697,48.888886],[2.348018,48.888986],[2.347943,48.888537]]],[[[2.349382,48.888433],[2.34812,48.888453],[2.348218,48.888997],[2.349306,48.889352],[2.349382,48.888433]]],[[[2.348383,48.889162],[2.348544,48.890292],[2.349392,48.889495],[2.348383,48.889162]]],[[[2.348666,48.890383],[2.348794,48.890344],[2.348793,48.890345],[2.348975,48.890294],[2.348977,48.890295],[2.348977,48.890297],[2.349151,48.89025],[2.349151,48.890247],[2.349174,48.890204],[2.349179,48.890193],[2.349208,48.890139],[2.34921,48.890139],[2.349269,48.89003],[2.349269,48.890029],[2.349375,48.889846],[2.349356,48.889842],[2.349176,48.889978],[2.349068,48.89006],[2.348961,48.890141],[2.348854,48.890221],[2.348797,48.890264],[2.348657,48.89037],[2.348666,48.890383]]],[[[2.346924,48.890368],[2.345705,48.890757],[2.347277,48.891183],[2.348275,48.890493],[2.346924,48.890368]]],[[[2.348395,48.890603],[2.347565,48.891262],[2.348596,48.891516],[2.348395,48.890603]]],[[[2.349388,48.891492],[2.349087,48.891386],[2.349012,48.890656],[2.348569,48.890517],[2.348805,48.89159],[2.349388,48.891492]]],[[[2.34585,48.890912],[2.345601,48.890872],[2.346263,48.891964],[2.347173,48.891319],[2.34585,48.890912]]],[[[2.347522,48.891365],[2.346452,48.89202],[2.34852,48.891664],[2.347522,48.891365]]],[[[2.346113,48.892004],[2.345443,48.8909],[2.34477,48.891815],[2.345076,48.892301],[2.346113,48.892004]]],[[[2.347755,48.892746],[2.347098,48.892127],[2.347874,48.89343],[2.347755,48.892746]]],[[[2.34779,48.89358],[2.346901,48.892153],[2.347354,48.893539],[2.34779,48.89358]]]],"type":"MultiPolygon"},"properties":{"id_projet":"MATERNELLES (année scolaire 2024/2025)","libelle":"FERDINAND FLOCON (3) MAT","annee_scol":"2024-2025","zone_commune":0,"etiquette":"Secteur de l'école 3 RUE FERDINAND FLOCON","lib_etab_1":"FERDINAND FLOCON (3) MAT","lib_etab_2":null,"lib_etab_3":null,"lib_etab_4":null,"adr_etab_1":"3 RUE FERDINAND FLOCON","adr_etab_2":null,"adr_etab_3":null,"adr_etab_4":null,"type_etabl":"Maternelle","geo_point_2d":{"lon":2.3473328140830363,"lat":48.89053848167996},"st_area_shape":79833.27842070065,"st_perimeter_shape":4956.6470453236625}},{"type":"Feature","geometry":{"coordinates":[[[[2.33713,48.891226],[2.33776,48.891313],[2.337352,48.890531],[2.3366,48.890293],[2.335686,48.890422],[2.335718,48.890895],[2.335497,48.89045],[2.334454,48.890596],[2.33529,48.891452],[2.33713,48.891226]]],[[[2.340153,48.889825],[2.338876,48.890003],[2.339054,48.890194],[2.340153,48.889825]]],[[[2.337781,48.890021],[2.338503,48.889831],[2.336586,48.890012],[2.335807,48.889617],[2.335877,48.890284],[2.337781,48.890021]]],[[[2.33571,48.890287],[2.335671,48.889611],[2.33544,48.890054],[2.334683,48.890175],[2.333507,48.888301],[2.333653,48.888042],[2.33315,48.888466],[2.334357,48.890474],[2.33571,48.890287]]],[[[2.334168,48.890496],[2.333462,48.88944],[2.333283,48.890486],[2.334168,48.890496]],[[2.333615,48.890242],[2.333746,48.890207],[2.333841,48.890367],[2.333886,48.890362],[2.333883,48.890364],[2.333897,48.890409],[2.333821,48.890419],[2.333808,48.890421],[2.33378,48.890425],[2.333766,48.890427],[2.333764,48.890427],[2.333744,48.89043],[2.333634,48.890269],[2.333615,48.890242]]],[[[2.341293,48.890353],[2.341525,48.890363],[2.341365,48.889821],[2.340291,48.88981],[2.340562,48.890728],[2.341293,48.890353]]],[[[2.334228,48.890626],[2.333458,48.890733],[2.333737,48.890898],[2.334228,48.890626]]],[[[2.338713,48.890011],[2.336926,48.890275],[2.339468,48.891086],[2.338713,48.890011]]],[[[2.34025,48.890136],[2.339122,48.890315],[2.339702,48.891105],[2.340437,48.890774],[2.34025,48.890136]]],[[[2.342364,48.891171],[2.342889,48.890507],[2.342177,48.890608],[2.342364,48.891171]]],[[[2.340485,48.890939],[2.339983,48.891146],[2.340527,48.891206],[2.340485,48.890939]]],[[[2.341841,48.891216],[2.342118,48.891193],[2.342016,48.890626],[2.341453,48.89058],[2.341841,48.891216]]],[[[2.341061,48.891175],[2.341471,48.891129],[2.341299,48.890609],[2.340605,48.890881],[2.340727,48.891226],[2.341061,48.891175]]],[[[2.337951,48.891176],[2.339295,48.891151],[2.337521,48.890585],[2.337951,48.891176]]],[[[2.34158,48.891639],[2.341859,48.891328],[2.339838,48.891259],[2.34158,48.891639]]]],"type":"MultiPolygon"},"properties":{"id_projet":"MATERNELLES (année scolaire 2024/2025)","libelle":"LAMARCK (4) MAT","annee_scol":"2024-2025","zone_commune":0,"etiquette":"Secteur de l'école 4 SQUARE LAMARCK","lib_etab_1":"LAMARCK (4) MAT","lib_etab_2":null,"lib_etab_3":null,"lib_etab_4":null,"adr_etab_1":"4 SQUARE LAMARCK","adr_etab_2":null,"adr_etab_3":null,"adr_etab_4":null,"type_etabl":"Maternelle","geo_point_2d":{"lon":2.3376111463791833,"lat":48.89046264852516},"st_area_shape":80600.56441519427,"st_perimeter_shape":5526.447860745319}},{"type":"Feature","geometry":{"coordinates":[[[[2.331349,48.895331],[2.332421,48.89423],[2.329587,48.893623],[2.329937,48.894251],[2.330399,48.894114],[2.330072,48.894389],[2.331018,48.895566],[2.331349,48.895331]]],[[[2.327852,48.89321],[2.328198,48.894789],[2.329774,48.894269],[2.329373,48.893549],[2.327852,48.89321]]],[[[2.32879,48.895077],[2.328737,48.895064],[2.328358,48.895194],[2.328337,48.895219],[2.328392,48.895367],[2.328429,48.895379],[2.328454,48.89537],[2.32852,48.895347],[2.328853,48.895231],[2.328872,48.895194],[2.32879,48.895077]]],[[[2.328855,48.8953],[2.328433,48.895488],[2.329013,48.895548],[2.328855,48.8953]]],[[[2.329563,48.895375],[2.329113,48.894681],[2.32826,48.894973],[2.328797,48.895004],[2.329188,48.895561],[2.32968,48.895603],[2.329563,48.895375]]],[[[2.330219,48.894963],[2.329856,48.894449],[2.329577,48.89451],[2.329711,48.894875],[2.329483,48.894542],[2.32916,48.894663],[2.329819,48.895618],[2.330873,48.895667],[2.330219,48.894963]]],[[[2.332647,48.895112],[2.332405,48.89458],[2.331193,48.895754],[2.332845,48.896006],[2.332647,48.895112]]],[[[2.330254,48.895743],[2.329986,48.89571],[2.329717,48.89568],[2.329447,48.895654],[2.329177,48.895634],[2.328777,48.895611],[2.328773,48.895611],[2.328773,48.895609],[2.328554,48.895601],[2.328554,48.895599],[2.328504,48.895599],[2.328473,48.895619],[2.328532,48.895794],[2.328581,48.895803],[2.328991,48.89573],[2.329005,48.895728],[2.329014,48.895728],[2.329018,48.895728],[2.329032,48.895728],[2.329036,48.895728],[2.329307,48.895746],[2.329577,48.895771],[2.329764,48.89579],[2.329846,48.895799],[2.330115,48.895831],[2.330835,48.895925],[2.331005,48.895949],[2.331408,48.896004],[2.331439,48.895898],[2.331098,48.895854],[2.330923,48.89583],[2.330254,48.895743]]],[[[2.329584,48.897439],[2.330939,48.897111],[2.331518,48.89741],[2.332048,48.897129],[2.331305,48.896919],[2.330892,48.896469],[2.331187,48.89636],[2.330972,48.896066],[2.329584,48.897439]]],[[[2.330094,48.896613],[2.330587,48.896108],[2.329869,48.896242],[2.330499,48.895974],[2.328577,48.895914],[2.328777,48.896507],[2.329516,48.89631],[2.328812,48.89661],[2.329137,48.897447],[2.330094,48.896613]]]],"type":"MultiPolygon"},"properties":{"id_projet":"MATERNELLES (année scolaire 2025/2026)","libelle":"VAUVENARGUES (52) MAT","annee_scol":"2025-2026","zone_commune":0,"etiquette":"Secteur de l'école 52 RUE VAUVENARGUES","lib_etab_1":"VAUVENARGUES (52) MAT","lib_etab_2":null,"lib_etab_3":null,"lib_etab_4":null,"adr_etab_1":"52 RUE VAUVENARGUES","adr_etab_2":null,"adr_etab_3":null,"adr_etab_4":null,"type_etabl":"Maternelle","geo_point_2d":{"lon":2.3301634605375647,"lat":48.89525256659441},"st_area_shape":89710.76169217263,"st_perimeter_shape":4679.572279094192}},{"type":"Feature","geometry":{"coordinates":[[[[2.345565,48.88573],[2.347303,48.885673],[2.347096,48.884681],[2.34502,48.884851],[2.34507,48.885761],[2.345565,48.88573]]],[[[2.344624,48.883166],[2.344259,48.883352],[2.34516,48.883293],[2.344624,48.883166]]],[[[2.343777,48.883018],[2.343089,48.883219],[2.343521,48.883682],[2.343777,48.883018]]],[[[2.343995,48.883042],[2.343623,48.883702],[2.343993,48.883769],[2.344271,48.883116],[2.343995,48.883042]]],[[[2.3445,48.883444],[2.344218,48.883403],[2.344061,48.88378],[2.344567,48.883858],[2.344912,48.883529],[2.3445,48.883444]]],[[[2.346821,48.883759],[2.345686,48.883373],[2.345418,48.883716],[2.345574,48.883366],[2.345322,48.883301],[2.344683,48.883877],[2.345949,48.884123],[2.346821,48.883759]]],[[[2.343361,48.884106],[2.343483,48.88378],[2.342717,48.884276],[2.343361,48.884106]]],[[[2.343759,48.883831],[2.343416,48.884315],[2.344063,48.884335],[2.344451,48.883968],[2.343759,48.883831]]],[[[2.344776,48.884009],[2.344217,48.884354],[2.345607,48.884203],[2.344776,48.884009]]],[[[2.346866,48.88446],[2.346898,48.883889],[2.344937,48.884507],[2.345013,48.88476],[2.346866,48.88446]]],[[[2.344723,48.885135],[2.344739,48.884543],[2.344329,48.88448],[2.344302,48.885104],[2.344723,48.885135]]],[[[2.344857,48.885293],[2.344587,48.885347],[2.344847,48.88557],[2.344857,48.885293]]],[[[2.34488,48.886257],[2.344971,48.885882],[2.344142,48.88514],[2.344054,48.884491],[2.34278,48.884406],[2.344268,48.885824],[2.344095,48.886125],[2.34488,48.886257]]],[[[2.346396,48.88583],[2.345083,48.88589],[2.345131,48.886331],[2.346527,48.886634],[2.346396,48.88583]]],[[[2.347547,48.886824],[2.347171,48.886734],[2.346758,48.886013],[2.347303,48.885753],[2.346526,48.885815],[2.346702,48.886673],[2.347547,48.886824]]],[[[2.345446,48.886524],[2.345759,48.886866],[2.346345,48.88699],[2.346493,48.886759],[2.345446,48.886524]]],[[[2.343996,48.886363],[2.343863,48.886662],[2.344438,48.887416],[2.343996,48.886363]]],[[[2.345399,48.887376],[2.347212,48.887421],[2.347492,48.886946],[2.346657,48.886773],[2.346459,48.887109],[2.345204,48.886632],[2.345399,48.887376]]],[[[2.344307,48.886261],[2.344087,48.886236],[2.344637,48.887481],[2.345102,48.887561],[2.344993,48.886497],[2.344307,48.886261]]],[[[2.346131,48.887755],[2.346211,48.887444],[2.345246,48.887657],[2.346131,48.887755]]],[[[2.346995,48.887484],[2.346383,48.887458],[2.346242,48.887734],[2.346922,48.887843],[2.346995,48.887484]]],[[[2.345354,48.888166],[2.345023,48.888532],[2.345602,48.88868],[2.345354,48.888166]]],[[[2.344099,48.88744],[2.3435,48.887264],[2.343763,48.88879],[2.344419,48.887592],[2.344099,48.88744]]],[[[2.346155,48.888634],[2.34606,48.888613],[2.346035,48.888657],[2.345813,48.888675],[2.345798,48.888702],[2.345816,48.888727],[2.345975,48.888762],[2.346067,48.888783],[2.346178,48.888807],[2.346248,48.888788],[2.346373,48.888753],[2.346408,48.888744],[2.346479,48.888724],[2.346151,48.888639],[2.346155,48.888634]]],[[[2.345933,48.888847],[2.345777,48.888813],[2.345736,48.888817],[2.345665,48.888852],[2.345429,48.888965],[2.345462,48.889005],[2.3457,48.888939],[2.345935,48.888874],[2.345933,48.888847]]],[[[2.345183,48.888014],[2.346775,48.888181],[2.34694,48.88791],[2.34457,48.887634],[2.343951,48.8889],[2.344466,48.889162],[2.345183,48.888014]]],[[[2.345004,48.888641],[2.344619,48.889211],[2.345565,48.888789],[2.345004,48.888641]]],[[[2.346366,48.888976],[2.345087,48.88933],[2.346067,48.889449],[2.346366,48.888976]]]],"type":"MultiPolygon"},"properties":{"id_projet":"MATERNELLES (année scolaire 2025/2026)","libelle":"ANDRE DEL SARTE (11) MAT","annee_scol":"2025-2026","zone_commune":0,"etiquette":"Secteur de l'école 11 RUE ANDRE DEL SARTE","lib_etab_1":"ANDRE DEL SARTE (11) MAT","lib_etab_2":null,"lib_etab_3":null,"lib_etab_4":null,"adr_etab_1":"11 RUE ANDRE DEL SARTE","adr_etab_2":null,"adr_etab_3":null,"adr_etab_4":null,"type_etabl":"Maternelle","geo_point_2d":{"lon":2.3452284341212155,"lat":48.885969273099015},"st_area_shape":120412.17353144879,"st_perimeter_shape":8282.490797147195}},{"type":"Feature","geometry":{"coordinates":[[[[2.355926,48.88817],[2.353572,48.887861],[2.353645,48.888418],[2.355946,48.888627],[2.355926,48.88817]]],[[[2.352487,48.889235],[2.353416,48.889016],[2.351754,48.889105],[2.352487,48.889235]]],[[[2.353814,48.888569],[2.353694,48.888912],[2.354503,48.88885],[2.353814,48.888569]]],[[[2.35427,48.890605],[2.354437,48.890574],[2.354462,48.890552],[2.354463,48.890499],[2.354465,48.890429],[2.354437,48.89041],[2.354228,48.890407],[2.354004,48.890404],[2.353812,48.890401],[2.353696,48.890399],[2.353683,48.8904],[2.353504,48.890409],[2.35344,48.890412],[2.353389,48.890444],[2.35336,48.890593],[2.353359,48.890595],[2.353363,48.890595],[2.353412,48.890763],[2.353638,48.890721],[2.353865,48.890679],[2.354054,48.890644],[2.35427,48.890605]]],[[[2.35348,48.888187],[2.35341,48.887676],[2.353177,48.888026],[2.351587,48.888228],[2.353464,48.888402],[2.35348,48.888187]]],[[[2.355385,48.889176],[2.355218,48.890314],[2.355707,48.890299],[2.355856,48.889213],[2.355385,48.889176]]],[[[2.355183,48.887588],[2.353831,48.887496],[2.353568,48.887742],[2.356088,48.88796],[2.355183,48.887588]]],[[[2.352007,48.891373],[2.355012,48.890918],[2.354916,48.890671],[2.352007,48.891373]]],[[[2.351959,48.889005],[2.353503,48.888922],[2.353504,48.888558],[2.351682,48.888375],[2.352108,48.888612],[2.351959,48.889005]]],[[[2.355181,48.889105],[2.355803,48.88914],[2.355868,48.888755],[2.354643,48.888665],[2.354633,48.890304],[2.355139,48.890313],[2.355181,48.889105]]],[[[2.353701,48.890292],[2.354469,48.890302],[2.354472,48.88896],[2.353669,48.889003],[2.353419,48.890273],[2.353701,48.890292]]],[[[2.35071,48.889519],[2.350488,48.888865],[2.351181,48.888944],[2.351469,48.888355],[2.349788,48.88842],[2.349817,48.88953],[2.35071,48.889519]]]],"type":"MultiPolygon"},"properties":{"id_projet":"MATERNELLES (année scolaire 2026/2027)","libelle":"EMILE DUPLOYE (27) MAT","annee_scol":"2026-2027","zone_commune":0,"etiquette":"Secteur de l'école 27 EMILE DUPLOYE (27) MAT","lib_etab_1":"EMILE DUPLOYE (27) MAT","lib_etab_2":null,"lib_etab_3":null,"lib_etab_4":null,"adr_etab_1":"27 EMILE DUPLOYE (27) MAT","adr_etab_2":null,"adr_etab_3":null,"adr_etab_4":null,"type_etabl":"Maternelle","geo_point_2d":{"lon":2.353648898903899,"lat":48.88908761977271},"st_area_shape":74374.1215675427,"st_perimeter_shape":4851.409079110254}},{"type":"Feature","geometry":{"coordinates":[[[[2.345565,48.88573],[2.347303,48.885673],[2.347096,48.884681],[2.34502,48.884851],[2.34507,48.885761],[2.345565,48.88573]]],[[[2.345183,48.888014],[2.346775,48.888181],[2.34694,48.88791],[2.34457,48.887634],[2.343951,48.8889],[2.344466,48.889162],[2.345183,48.888014]]],[[[2.34488,48.886257],[2.344971,48.885882],[2.344142,48.88514],[2.344054,48.884491],[2.34278,48.884406],[2.344268,48.885824],[2.344095,48.886125],[2.34488,48.886257]]],[[[2.346821,48.883759],[2.345686,48.883373],[2.345418,48.883716],[2.345574,48.883366],[2.345322,48.883301],[2.344683,48.883877],[2.345949,48.884123],[2.346821,48.883759]]],[[[2.345399,48.887376],[2.347212,48.887421],[2.347492,48.886946],[2.346657,48.886773],[2.346459,48.887109],[2.345204,48.886632],[2.345399,48.887376]]],[[[2.344099,48.88744],[2.3435,48.887264],[2.343763,48.88879],[2.344419,48.887592],[2.344099,48.88744]]],[[[2.346866,48.88446],[2.346898,48.883889],[2.344937,48.884507],[2.345013,48.88476],[2.346866,48.88446]]],[[[2.346396,48.88583],[2.345083,48.88589],[2.345131,48.886331],[2.346527,48.886634],[2.346396,48.88583]]],[[[2.344307,48.886261],[2.344087,48.886236],[2.344637,48.887481],[2.345102,48.887561],[2.344993,48.886497],[2.344307,48.886261]]],[[[2.347547,48.886824],[2.347171,48.886734],[2.346758,48.886013],[2.347303,48.885753],[2.346526,48.885815],[2.346702,48.886673],[2.347547,48.886824]]],[[[2.343759,48.883831],[2.343416,48.884315],[2.344063,48.884335],[2.344451,48.883968],[2.343759,48.883831]]],[[[2.344776,48.884009],[2.344217,48.884354],[2.345607,48.884203],[2.344776,48.884009]]],[[[2.344723,48.885135],[2.344739,48.884543],[2.344329,48.88448],[2.344302,48.885104],[2.344723,48.885135]]],[[[2.343995,48.883042],[2.343623,48.883702],[2.343993,48.883769],[2.344271,48.883116],[2.343995,48.883042]]],[[[2.345446,48.886524],[2.345759,48.886866],[2.346345,48.88699],[2.346493,48.886759],[2.345446,48.886524]]],[[[2.343996,48.886363],[2.343863,48.886662],[2.344438,48.887416],[2.343996,48.886363]]],[[[2.3445,48.883444],[2.344218,48.883403],[2.344061,48.88378],[2.344567,48.883858],[2.344912,48.883529],[2.3445,48.883444]]],[[[2.346131,48.887755],[2.346211,48.887444],[2.345246,48.887657],[2.346131,48.887755]]],[[[2.346995,48.887484],[2.346383,48.887458],[2.346242,48.887734],[2.346922,48.887843],[2.346995,48.887484]]],[[[2.345004,48.888641],[2.344619,48.889211],[2.345565,48.888789],[2.345004,48.888641]]],[[[2.343361,48.884106],[2.343483,48.88378],[2.342717,48.884276],[2.343361,48.884106]]],[[[2.343777,48.883018],[2.343089,48.883219],[2.343521,48.883682],[2.343777,48.883018]]],[[[2.344624,48.883166],[2.344259,48.883352],[2.34516,48.883293],[2.344624,48.883166]]],[[[2.345354,48.888166],[2.345023,48.888532],[2.345602,48.88868],[2.345354,48.888166]]],[[[2.346155,48.888634],[2.34606,48.888613],[2.346035,48.888657],[2.345813,48.888675],[2.345798,48.888702],[2.345816,48.888727],[2.345975,48.888762],[2.346067,48.888783],[2.346178,48.888807],[2.346248,48.888788],[2.346373,48.888753],[2.346408,48.888744],[2.346479,48.888724],[2.346151,48.888639],[2.346155,48.888634]]],[[[2.344857,48.885293],[2.344587,48.885347],[2.344847,48.88557],[2.344857,48.885293]]],[[[2.345933,48.888847],[2.345777,48.888813],[2.345736,48.888817],[2.345665,48.888852],[2.345429,48.888965],[2.345462,48.889005],[2.3457,48.888939],[2.345935,48.888874],[2.345933,48.888847]]]],"type":"MultiPolygon"},"properties":{"id_projet":"MATERNELLES (année scolaire 2020/2021)","libelle":"ANDRE DEL SARTE (11) MAT","annee_scol":"2020-2021","zone_commune":0,"etiquette":"Secteur de l'école 11 RUE ANDRE DEL SARTE","lib_etab_1":"ANDRE DEL SARTE (11) MAT","lib_etab_2":null,"lib_etab_3":null,"lib_etab_4":null,"adr_etab_1":"11 RUE ANDRE DEL SARTE","adr_etab_2":null,"adr_etab_3":null,"adr_etab_4":null,"type_etabl":null,"geo_point_2d":{"lon":2.345216301268457,"lat":48.88590361746403},"st_area_shape":118042.2598531234,"st_perimeter_shape":8046.039691409688}},{"type":"Feature","geometry":{"coordinates":[[[[2.3278,48.887716],[2.326908,48.887522],[2.325949,48.888017],[2.326405,48.889451],[2.32776,48.888805],[2.327392,48.8883],[2.3278,48.887716]]],[[[2.332008,48.888963],[2.331184,48.890761],[2.333164,48.890653],[2.332008,48.888963]]],[[[2.331655,48.888926],[2.32946,48.890076],[2.331034,48.890697],[2.331655,48.888926]]],[[[2.327868,48.888888],[2.326464,48.889562],[2.326686,48.890293],[2.328324,48.88944],[2.327868,48.888888]]],[[[2.326234,48.886698],[2.325749,48.887489],[2.325918,48.887907],[2.326849,48.887433],[2.326815,48.886997],[2.326234,48.886698]]],[[[2.333286,48.890783],[2.331722,48.891032],[2.333347,48.891718],[2.333286,48.890783]]],[[[2.326621,48.886035],[2.32617,48.886576],[2.327128,48.887107],[2.327687,48.88676],[2.326621,48.886035]]],[[[2.328132,48.887637],[2.328474,48.887252],[2.327823,48.886824],[2.327149,48.887247],[2.327196,48.887546],[2.328132,48.887637]]],[[[2.333164,48.891766],[2.331143,48.891063],[2.332201,48.891735],[2.333164,48.891766]]],[[[2.334352,48.891379],[2.334047,48.890828],[2.333444,48.890745],[2.333577,48.891766],[2.333792,48.891411],[2.334352,48.891379]]],[[[2.329383,48.89017],[2.329756,48.890712],[2.330935,48.890828],[2.329383,48.89017]]],[[[2.327757,48.889982],[2.327889,48.889888],[2.327912,48.889906],[2.328064,48.889791],[2.328073,48.889798],[2.328212,48.88973],[2.328211,48.889729],[2.328208,48.889727],[2.328207,48.889726],[2.328337,48.889663],[2.328336,48.889662],[2.328312,48.889642],[2.328531,48.889661],[2.328397,48.889515],[2.328253,48.889593],[2.328125,48.889662],[2.327993,48.889733],[2.327814,48.889829],[2.327665,48.88991],[2.32753,48.889982],[2.327466,48.890017],[2.327338,48.890086],[2.327213,48.890154],[2.327084,48.890223],[2.326959,48.89029],[2.326774,48.89039],[2.326917,48.890458],[2.32697,48.89043],[2.327066,48.890379],[2.32719,48.890313],[2.327309,48.890251],[2.327323,48.890244],[2.327337,48.890237],[2.327418,48.890195],[2.327443,48.890182],[2.327453,48.890177],[2.327546,48.890128],[2.327583,48.890109],[2.327634,48.890082],[2.327646,48.890075],[2.327748,48.890021],[2.327782,48.890002],[2.327757,48.889982]]],[[[2.329115,48.89005],[2.32855,48.88975],[2.328537,48.89003],[2.329115,48.89005]]],[[[2.332262,48.888648],[2.331926,48.888593],[2.332223,48.889011],[2.332262,48.888648]]],[[[2.332948,48.889699],[2.332626,48.889572],[2.333017,48.890076],[2.332948,48.889699]]],[[[2.332648,48.889206],[2.332327,48.889158],[2.332554,48.889446],[2.332648,48.889206]]],[[[2.327007,48.887155],[2.326941,48.887114],[2.326867,48.887129],[2.326865,48.887133],[2.32684,48.887207],[2.326861,48.887251],[2.326934,48.887402],[2.327023,48.887399],[2.327012,48.887236],[2.327007,48.887155]]],[[[2.333467,48.890418],[2.333444,48.89038],[2.333245,48.890425],[2.333262,48.890455],[2.333283,48.890486],[2.333299,48.890508],[2.333371,48.890609],[2.33338,48.890612],[2.333481,48.890466],[2.333489,48.890465],[2.333495,48.890464],[2.333479,48.890438],[2.333467,48.890418]]]],"type":"MultiPolygon"},"properties":{"id_projet":"MATERNELLES (année scolaire 2020/2021)","libelle":"CARPEAUX (5-7) MAT","annee_scol":"2020-2021","zone_commune":0,"etiquette":"Secteur de l'école 5 RUE CARPEAUX","lib_etab_1":"CARPEAUX (5-7) MAT","lib_etab_2":null,"lib_etab_3":null,"lib_etab_4":null,"adr_etab_1":"5 RUE CARPEAUX","adr_etab_2":null,"adr_etab_3":null,"adr_etab_4":null,"type_etabl":null,"geo_point_2d":{"lon":2.3294276740234037,"lat":48.88928949662404},"st_area_shape":102665.81445586098,"st_perimeter_shape":5608.343341512909}},{"type":"Feature","geometry":{"coordinates":[[[[2.341988,48.891565],[2.341859,48.891328],[2.339831,48.891266],[2.341565,48.892431],[2.342269,48.892214],[2.341988,48.891565]]],[[[2.343349,48.89117],[2.343472,48.89073],[2.342968,48.889942],[2.342113,48.890251],[2.342282,48.891187],[2.343349,48.89117]]],[[[2.340511,48.891901],[2.339784,48.891425],[2.340143,48.892598],[2.341211,48.892491],[2.340511,48.891901]]],[[[2.344601,48.889809],[2.345531,48.889937],[2.345193,48.889859],[2.345316,48.889542],[2.345987,48.88953],[2.344788,48.889385],[2.344011,48.889612],[2.344164,48.890128],[2.344601,48.889809]]],[[[2.341018,48.893497],[2.341946,48.893356],[2.342004,48.89296],[2.340349,48.893173],[2.341018,48.893497]]],[[[2.342621,48.891319],[2.342061,48.891342],[2.342456,48.892181],[2.342928,48.892029],[2.342621,48.891319]]],[[[2.344007,48.890264],[2.343447,48.890321],[2.343756,48.891126],[2.344197,48.891025],[2.344007,48.890264]]],[[[2.341472,48.892582],[2.340188,48.892741],[2.340294,48.892996],[2.34173,48.892799],[2.341472,48.892582]]],[[[2.341061,48.891175],[2.341471,48.891129],[2.341299,48.890609],[2.340605,48.890881],[2.340727,48.891226],[2.341061,48.891175]]],[[[2.341841,48.891216],[2.342118,48.891193],[2.342016,48.890626],[2.341453,48.89058],[2.341841,48.891216]]],[[[2.343855,48.889664],[2.343106,48.889882],[2.34336,48.890184],[2.343944,48.890142],[2.343855,48.889664]]],[[[2.342987,48.892171],[2.342498,48.892286],[2.34263,48.892656],[2.343165,48.892581],[2.342987,48.892171]]],[[[2.341064,48.890446],[2.341525,48.890363],[2.341213,48.890092],[2.340716,48.890156],[2.340577,48.890733],[2.341064,48.890446]]],[[[2.34601,48.889442],[2.346323,48.888961],[2.345082,48.889303],[2.34601,48.889442]]],[[[2.34233,48.892355],[2.341665,48.892559],[2.342447,48.892701],[2.34233,48.892355]]],[[[2.343236,48.891415],[2.342791,48.891318],[2.343108,48.891995],[2.343236,48.891415]]],[[[2.342386,48.890013],[2.342631,48.889913],[2.342615,48.88987],[2.34258,48.889869],[2.342339,48.889962],[2.342338,48.889961],[2.342307,48.889951],[2.342282,48.889962],[2.342276,48.889959],[2.342277,48.889946],[2.342103,48.889982],[2.342099,48.889962],[2.342059,48.889962],[2.342058,48.889986],[2.342005,48.889987],[2.34194,48.89],[2.341983,48.890022],[2.341825,48.890066],[2.341823,48.890077],[2.341816,48.890126],[2.341812,48.890149],[2.341812,48.89015],[2.341681,48.890281],[2.34171,48.890289],[2.341877,48.890221],[2.342182,48.890096],[2.342386,48.890013]]],[[[2.343478,48.892209],[2.343137,48.892126],[2.343326,48.89256],[2.343478,48.892209]]],[[[2.339864,48.891039],[2.340421,48.8908],[2.33979,48.890811],[2.339663,48.891097],[2.339864,48.891039]]],[[[2.340485,48.890939],[2.339983,48.891146],[2.340527,48.891206],[2.340485,48.890939]]],[[[2.344401,48.890401],[2.344168,48.890255],[2.344239,48.890536],[2.344401,48.890401]]],[[[2.344571,48.890749],[2.344262,48.890626],[2.344344,48.890953],[2.344571,48.890749]]],[[[2.341964,48.890334],[2.341933,48.890324],[2.341749,48.890399],[2.341558,48.890477],[2.341565,48.890499],[2.341861,48.890523],[2.341967,48.890532],[2.341997,48.890513],[2.34198,48.890423],[2.341964,48.890334]]]],"type":"MultiPolygon"},"properties":{"id_projet":"MATERNELLES (année scolaire 2020/2021)","libelle":"RUISSEAU (6) MAT","annee_scol":"2020-2021","zone_commune":0,"etiquette":"Secteur de l'école 6 RUE DU RUISSEAU","lib_etab_1":"RUISSEAU (6) MAT","lib_etab_2":null,"lib_etab_3":null,"lib_etab_4":null,"adr_etab_1":"6 RUE DU RUISSEAU","adr_etab_2":null,"adr_etab_3":null,"adr_etab_4":null,"type_etabl":null,"geo_point_2d":{"lon":2.3422354290972542,"lat":48.89129396782645},"st_area_shape":71184.9597177439,"st_perimeter_shape":5474.235113220623}},{"type":"Feature","geometry":{"coordinates":[[[[2.351264,48.899356],[2.352197,48.89852],[2.344584,48.898185],[2.344561,48.898755],[2.349719,48.898899],[2.349638,48.899325],[2.351264,48.899356]]],[[[2.34518,48.896699],[2.345735,48.895891],[2.343502,48.895885],[2.343826,48.896577],[2.344766,48.896326],[2.343833,48.896594],[2.344287,48.8973],[2.34467,48.897308],[2.34518,48.896699]]],[[[2.345404,48.895366],[2.3444,48.894655],[2.343327,48.894938],[2.343399,48.895329],[2.344121,48.895131],[2.343428,48.895486],[2.344334,48.895246],[2.343434,48.895514],[2.343502,48.895739],[2.345728,48.895766],[2.345404,48.895366]]],[[[2.348011,48.897187],[2.347776,48.896621],[2.346486,48.896253],[2.347287,48.89775],[2.348011,48.897187]]],[[[2.346731,48.896994],[2.344992,48.897477],[2.34707,48.897767],[2.346731,48.896994]]],[[[2.352359,48.897996],[2.346919,48.897858],[2.346908,48.898063],[2.352359,48.897996]]],[[[2.346305,48.896238],[2.346136,48.896113],[2.345138,48.897305],[2.346581,48.896921],[2.346305,48.896238]]],[[[2.345327,48.894415],[2.34457,48.894618],[2.345946,48.895568],[2.345327,48.894415]]],[[[2.345891,48.894252],[2.345479,48.894375],[2.345851,48.894913],[2.346203,48.894785],[2.345891,48.894252]]],[[[2.346283,48.894934],[2.345842,48.895051],[2.3461,48.89553],[2.346432,48.8952],[2.346283,48.894934]]],[[[2.344039,48.894565],[2.343723,48.894381],[2.343355,48.894777],[2.344039,48.894565]]],[[[2.345253,48.894276],[2.344961,48.894191],[2.344953,48.894193],[2.344882,48.894203],[2.344791,48.894216],[2.344765,48.89422],[2.344719,48.894227],[2.344602,48.894243],[2.344583,48.894246],[2.344586,48.894252],[2.344516,48.89446],[2.344519,48.894468],[2.344556,48.894481],[2.344703,48.894443],[2.344874,48.894398],[2.34505,48.894353],[2.345238,48.894304],[2.345254,48.894278],[2.345253,48.894276]]],[[[2.345832,48.894138],[2.345606,48.894117],[2.345579,48.894125],[2.345579,48.894126],[2.345457,48.894205],[2.345434,48.894246],[2.345442,48.894249],[2.345631,48.894199],[2.345825,48.894148],[2.345832,48.894138]]],[[[2.346525,48.896084],[2.346443,48.896041],[2.346388,48.896066],[2.346409,48.896106],[2.346468,48.896216],[2.346475,48.896215],[2.346529,48.896085],[2.346525,48.896084]]]],"type":"MultiPolygon"},"properties":{"id_projet":"MATERNELLES (année scolaire 2022/2023)","libelle":"CHAMPIONNET (72) MAT","annee_scol":"2022-2023","zone_commune":0,"etiquette":"Secteur de l'école 72 RUE CHAMPIONNET","lib_etab_1":"CHAMPIONNET (72) MAT","lib_etab_2":null,"lib_etab_3":null,"lib_etab_4":null,"adr_etab_1":"72 RUE CHAMPIONNET","adr_etab_2":null,"adr_etab_3":null,"adr_etab_4":null,"type_etabl":"Maternelle","geo_point_2d":{"lon":2.3467257197204363,"lat":48.89710758415654},"st_area_shape":107184.97517774967,"st_perimeter_shape":6021.790033595899}},{"type":"Feature","geometry":{"coordinates":[[[[2.341988,48.891565],[2.341859,48.891328],[2.339831,48.891266],[2.341565,48.892431],[2.342269,48.892214],[2.341988,48.891565]]],[[[2.343349,48.89117],[2.343472,48.89073],[2.342968,48.889942],[2.342113,48.890251],[2.342282,48.891187],[2.343349,48.89117]]],[[[2.340511,48.891901],[2.339784,48.891425],[2.340143,48.892598],[2.341211,48.892491],[2.340511,48.891901]]],[[[2.344601,48.889809],[2.345531,48.889937],[2.345193,48.889859],[2.345316,48.889542],[2.345987,48.88953],[2.344788,48.889385],[2.344011,48.889612],[2.344164,48.890128],[2.344601,48.889809]]],[[[2.341018,48.893497],[2.341946,48.893356],[2.342004,48.89296],[2.340349,48.893173],[2.341018,48.893497]]],[[[2.342621,48.891319],[2.342061,48.891342],[2.342456,48.892181],[2.342928,48.892029],[2.342621,48.891319]]],[[[2.344007,48.890264],[2.343447,48.890321],[2.343756,48.891126],[2.344197,48.891025],[2.344007,48.890264]]],[[[2.341472,48.892582],[2.340188,48.892741],[2.340294,48.892996],[2.34173,48.892799],[2.341472,48.892582]]],[[[2.341061,48.891175],[2.341471,48.891129],[2.341299,48.890609],[2.340605,48.890881],[2.340727,48.891226],[2.341061,48.891175]]],[[[2.341841,48.891216],[2.342118,48.891193],[2.342016,48.890626],[2.341453,48.89058],[2.341841,48.891216]]],[[[2.343855,48.889664],[2.343106,48.889882],[2.34336,48.890184],[2.343944,48.890142],[2.343855,48.889664]]],[[[2.342987,48.892171],[2.342498,48.892286],[2.34263,48.892656],[2.343165,48.892581],[2.342987,48.892171]]],[[[2.341064,48.890446],[2.341525,48.890363],[2.341213,48.890092],[2.340716,48.890156],[2.340577,48.890733],[2.341064,48.890446]]],[[[2.34601,48.889442],[2.346323,48.888961],[2.345082,48.889303],[2.34601,48.889442]]],[[[2.34233,48.892355],[2.341665,48.892559],[2.342447,48.892701],[2.34233,48.892355]]],[[[2.343236,48.891415],[2.342791,48.891318],[2.343108,48.891995],[2.343236,48.891415]]],[[[2.342386,48.890013],[2.342631,48.889913],[2.342615,48.88987],[2.34258,48.889869],[2.342339,48.889962],[2.342338,48.889961],[2.342307,48.889951],[2.342282,48.889962],[2.342276,48.889959],[2.342277,48.889946],[2.342103,48.889982],[2.342099,48.889962],[2.342059,48.889962],[2.342058,48.889986],[2.342005,48.889987],[2.34194,48.89],[2.341983,48.890022],[2.341825,48.890066],[2.341823,48.890077],[2.341816,48.890126],[2.341812,48.890149],[2.341812,48.89015],[2.341681,48.890281],[2.34171,48.890289],[2.341877,48.890221],[2.342182,48.890096],[2.342386,48.890013]]],[[[2.343478,48.892209],[2.343137,48.892126],[2.343326,48.89256],[2.343478,48.892209]]],[[[2.339864,48.891039],[2.340421,48.8908],[2.33979,48.890811],[2.339663,48.891097],[2.339864,48.891039]]],[[[2.340485,48.890939],[2.339983,48.891146],[2.340527,48.891206],[2.340485,48.890939]]],[[[2.344401,48.890401],[2.344168,48.890255],[2.344239,48.890536],[2.344401,48.890401]]],[[[2.344571,48.890749],[2.344262,48.890626],[2.344344,48.890953],[2.344571,48.890749]]],[[[2.341964,48.890334],[2.341933,48.890324],[2.341749,48.890399],[2.341558,48.890477],[2.341565,48.890499],[2.341861,48.890523],[2.341967,48.890532],[2.341997,48.890513],[2.34198,48.890423],[2.341964,48.890334]]]],"type":"MultiPolygon"},"properties":{"id_projet":"MATERNELLES (année scolaire 2022/2023)","libelle":"RUISSEAU (6) MAT","annee_scol":"2022-2023","zone_commune":0,"etiquette":"Secteur de l'école 6 RUE DU RUISSEAU","lib_etab_1":"RUISSEAU (6) MAT","lib_etab_2":null,"lib_etab_3":null,"lib_etab_4":null,"adr_etab_1":"6 RUE DU RUISSEAU","adr_etab_2":null,"adr_etab_3":null,"adr_etab_4":null,"type_etabl":"Maternelle","geo_point_2d":{"lon":2.3422354290972542,"lat":48.89129396782645},"st_area_shape":71184.9597177439,"st_perimeter_shape":5474.235113220623}},{"type":"Feature","geometry":{"coordinates":[[[[2.348044,48.897277],[2.351665,48.897092],[2.352313,48.895811],[2.352192,48.895372],[2.35278,48.89519],[2.351738,48.895302],[2.351827,48.895732],[2.351305,48.895795],[2.351629,48.895627],[2.351517,48.895326],[2.348323,48.895668],[2.348388,48.895887],[2.346486,48.896253],[2.347776,48.896621],[2.348044,48.897277]]],[[[2.350505,48.895308],[2.352763,48.895025],[2.351945,48.894449],[2.349561,48.894891],[2.349758,48.895388],[2.350505,48.895308]]],[[[2.348486,48.892749],[2.348788,48.892389],[2.348668,48.891844],[2.347098,48.892127],[2.347403,48.892165],[2.347932,48.893412],[2.348486,48.892749]]],[[[2.350471,48.894363],[2.351347,48.893993],[2.351011,48.893677],[2.349359,48.894116],[2.349627,48.894766],[2.350519,48.89461],[2.350471,48.894363]]],[[[2.349887,48.89309],[2.35049,48.892961],[2.349682,48.891877],[2.349371,48.892249],[2.349627,48.892691],[2.349314,48.892317],[2.349036,48.892648],[2.34916,48.893208],[2.349887,48.89309]]],[[[2.348894,48.892873],[2.347541,48.894436],[2.349146,48.89402],[2.348894,48.892873]]],[[[2.350538,48.893029],[2.349201,48.893271],[2.349326,48.893968],[2.350881,48.893579],[2.350538,48.893029]]],[[[2.349319,48.894809],[2.349143,48.894156],[2.347878,48.894511],[2.348221,48.895039],[2.349319,48.894809]]],[[[2.349406,48.895204],[2.349314,48.894873],[2.348173,48.895114],[2.348411,48.895531],[2.349425,48.895423],[2.349406,48.895204]]],[[[2.351886,48.89388],[2.352632,48.893727],[2.352242,48.893578],[2.35258,48.893337],[2.351193,48.893618],[2.351886,48.89388]]],[[[2.347972,48.894872],[2.347385,48.894624],[2.346829,48.895283],[2.347962,48.895089],[2.347972,48.894872]]],[[[2.348325,48.895809],[2.346543,48.895956],[2.346883,48.896133],[2.348325,48.895809]]],[[[2.351001,48.892739],[2.349957,48.89188],[2.35065,48.892933],[2.351001,48.892739]]],[[[2.351543,48.894088],[2.350626,48.894327],[2.350774,48.894572],[2.351825,48.894362],[2.351543,48.894088]]],[[[2.353037,48.894281],[2.353052,48.89405],[2.353742,48.894003],[2.353681,48.893745],[2.352855,48.893824],[2.353056,48.895046],[2.353037,48.894281]]],[[[2.351759,48.893259],[2.351678,48.893036],[2.350791,48.89314],[2.351073,48.893524],[2.351759,48.893259]]],[[[2.347422,48.89532],[2.346516,48.895661],[2.34746,48.895526],[2.347422,48.89532]]],[[[2.34806,48.895195],[2.347545,48.895488],[2.348138,48.895387],[2.34806,48.895195]]],[[[2.349326,48.891745],[2.348874,48.891785],[2.348924,48.892137],[2.349326,48.891745]]],[[[2.348207,48.895532],[2.348158,48.895429],[2.348058,48.89545],[2.347927,48.895477],[2.347798,48.895504],[2.347781,48.895507],[2.34771,48.895522],[2.347582,48.895548],[2.347569,48.895566],[2.347585,48.89562],[2.347836,48.895593],[2.347972,48.895578],[2.348108,48.895564],[2.348185,48.895555],[2.348207,48.895532]]],[[[2.347507,48.895578],[2.347482,48.895568],[2.347361,48.895593],[2.34723,48.89562],[2.347091,48.895649],[2.347105,48.895676],[2.347248,48.89566],[2.347385,48.895646],[2.347383,48.895641],[2.347387,48.895641],[2.34752,48.895627],[2.347507,48.895578]]],[[[2.346686,48.896167],[2.346529,48.896085],[2.346475,48.896215],[2.346684,48.896173],[2.346686,48.896167]]],[[[2.350786,48.893094],[2.350715,48.892983],[2.350708,48.892985],[2.350696,48.893001],[2.350763,48.893099],[2.350786,48.893094]]]],"type":"MultiPolygon"},"properties":{"id_projet":"MATERNELLES (année scolaire 2022/2023)","libelle":"AMIRAUX (19) MAT","annee_scol":"2022-2023","zone_commune":0,"etiquette":"Secteur de l'école 19 RUE DES AMIRAUX","lib_etab_1":"AMIRAUX (19) MAT","lib_etab_2":null,"lib_etab_3":null,"lib_etab_4":null,"adr_etab_1":"19 RUE DES AMIRAUX","adr_etab_2":null,"adr_etab_3":null,"adr_etab_4":null,"type_etabl":"Maternelle","geo_point_2d":{"lon":2.349729748370575,"lat":48.89488697697666},"st_area_shape":154899.00549538672,"st_perimeter_shape":7611.797865521647}},{"type":"Feature","geometry":{"coordinates":[[[[2.351467,48.88985],[2.351469,48.888355],[2.351181,48.888944],[2.350488,48.888865],[2.350697,48.88961],[2.349825,48.889535],[2.351348,48.890337],[2.351467,48.88985]]],[[[2.35147,48.890739],[2.351405,48.890529],[2.349842,48.890574],[2.34982,48.891365],[2.351501,48.891115],[2.35147,48.890739]]],[[[2.351555,48.892154],[2.351269,48.891716],[2.351646,48.891552],[2.349957,48.89188],[2.350564,48.892123],[2.351032,48.892784],[2.351821,48.89256],[2.351555,48.892154]]],[[[2.353269,48.890041],[2.353284,48.889783],[2.351623,48.889774],[2.351824,48.890056],[2.351533,48.890396],[2.353253,48.890316],[2.353269,48.890041]]],[[[2.353289,48.889708],[2.353422,48.889016],[2.351717,48.889124],[2.351633,48.889703],[2.353289,48.889708]]],[[[2.353156,48.890785],[2.353176,48.890427],[2.351558,48.890536],[2.351716,48.891076],[2.353156,48.890785]]],[[[2.350134,48.889814],[2.349802,48.889668],[2.349837,48.890466],[2.351283,48.890439],[2.350134,48.889814]]],[[[2.349412,48.89147],[2.349402,48.890567],[2.348578,48.890511],[2.349012,48.890656],[2.349087,48.891386],[2.349412,48.89147]]],[[[2.35155,48.891311],[2.351514,48.891298],[2.351319,48.891334],[2.351124,48.89137],[2.350927,48.891407],[2.35073,48.891443],[2.350533,48.891479],[2.350267,48.891528],[2.350138,48.891552],[2.350103,48.891558],[2.350053,48.891568],[2.35005,48.891568],[2.349955,48.891586],[2.34992,48.891625],[2.349959,48.891717],[2.350018,48.89174],[2.350114,48.891722],[2.350202,48.891706],[2.350332,48.891682],[2.350597,48.891633],[2.350801,48.891595],[2.350991,48.891561],[2.351188,48.891524],[2.351386,48.891488],[2.351482,48.89147],[2.351592,48.89145],[2.35161,48.891426],[2.351574,48.891357],[2.35155,48.891311]]],[[[2.351777,48.889015],[2.352108,48.888612],[2.351653,48.888416],[2.351777,48.889015]]],[[[2.349401,48.890419],[2.349375,48.889846],[2.348666,48.890383],[2.349401,48.890419]]]],"type":"MultiPolygon"},"properties":{"id_projet":"MATERNELLES (année scolaire 2022/2023)","libelle":"MARCADET (29) MAT","annee_scol":"2022-2023","zone_commune":0,"etiquette":"Secteur de l'école 29 RUE MARCADET","lib_etab_1":"MARCADET (29) MAT","lib_etab_2":null,"lib_etab_3":null,"lib_etab_4":null,"adr_etab_1":"29 RUE MARCADET","adr_etab_2":null,"adr_etab_3":null,"adr_etab_4":null,"type_etabl":"Maternelle","geo_point_2d":{"lon":2.351248184306779,"lat":48.89043480853912},"st_area_shape":63364.84277384983,"st_perimeter_shape":4128.77410665277}},{"type":"Feature","geometry":{"coordinates":[[[[2.333883,48.899307],[2.333897,48.899028],[2.330915,48.898968],[2.330902,48.899246],[2.329986,48.899312],[2.330287,48.900143],[2.334579,48.900232],[2.334623,48.899324],[2.333883,48.899307]]],[[[2.341141,48.897685],[2.338466,48.89738],[2.337733,48.897615],[2.341141,48.897685]]],[[[2.335814,48.898087],[2.336385,48.898734],[2.336573,48.898174],[2.335814,48.898087]]],[[[2.335248,48.898175],[2.33451,48.89905],[2.336076,48.899082],[2.335248,48.898175]]],[[[2.338103,48.897996],[2.337489,48.898028],[2.336609,48.899017],[2.337405,48.899064],[2.338103,48.897996]]],[[[2.338414,48.898341],[2.337732,48.899117],[2.338964,48.899063],[2.338414,48.898341]]],[[[2.334931,48.899329],[2.33479,48.900411],[2.335238,48.90042],[2.335802,48.899418],[2.334931,48.899329]]],[[[2.339749,48.900626],[2.339299,48.90001],[2.339883,48.899432],[2.336483,48.899368],[2.335789,48.900491],[2.339749,48.900626]]]],"type":"MultiPolygon"},"properties":{"id_projet":"MATERNELLES (année scolaire 2024/2025)","libelle":"FRANCOISE DORLEAC (2) MAT","annee_scol":"2024-2025","zone_commune":0,"etiquette":"Secteur de l'école 2 PLACE FRANCOISE DORLEAC","lib_etab_1":"FRANCOISE DORLEAC (2) MAT","lib_etab_2":null,"lib_etab_3":null,"lib_etab_4":null,"adr_etab_1":"2 PLACE FRANCOISE DORLEAC","adr_etab_2":null,"adr_etab_3":null,"adr_etab_4":null,"type_etabl":"Maternelle","geo_point_2d":{"lon":2.335407218756264,"lat":48.89949394517575},"st_area_shape":106235.54336732462,"st_perimeter_shape":3957.2925490765447}},{"type":"Feature","geometry":{"coordinates":[[[[2.338359,48.896962],[2.337733,48.897615],[2.338466,48.89738],[2.342503,48.897693],[2.33982,48.897461],[2.342445,48.897602],[2.342205,48.89726],[2.338359,48.896962]],[[2.338359,48.896962],[2.338391,48.897058],[2.338374,48.897009],[2.338359,48.896962]],[[2.340473,48.897261],[2.340646,48.897285],[2.340598,48.897278],[2.340473,48.897261]],[[2.341903,48.897439],[2.342298,48.897493],[2.342228,48.897484],[2.341985,48.897451],[2.341903,48.897439]],[[2.341192,48.897342],[2.341861,48.897433],[2.341824,48.897428],[2.341788,48.897424],[2.341741,48.897417],[2.34172,48.897414],[2.341701,48.897412],[2.341643,48.897404],[2.341576,48.897395],[2.341508,48.897385],[2.341429,48.897375],[2.341405,48.897371],[2.341348,48.897363],[2.341289,48.897355],[2.341241,48.897349],[2.341222,48.897346],[2.341192,48.897342]],[[2.339428,48.897112],[2.339751,48.897159],[2.340032,48.897199],[2.339951,48.897188],[2.339714,48.897155],[2.339428,48.897112]]],[[[2.339087,48.896423],[2.33872,48.896749],[2.342138,48.897124],[2.341669,48.896456],[2.339087,48.896423]]],[[[2.342153,48.896723],[2.343449,48.896362],[2.343338,48.89588],[2.341526,48.895839],[2.342153,48.896723]]],[[[2.339658,48.895578],[2.339341,48.894447],[2.33985,48.895427],[2.340598,48.894625],[2.338997,48.893802],[2.339656,48.895367],[2.339389,48.895647],[2.339658,48.895578]]],[[[2.343857,48.896903],[2.343685,48.896634],[2.342997,48.896815],[2.343675,48.896617],[2.343544,48.896454],[2.342138,48.896848],[2.342452,48.897185],[2.344045,48.897418],[2.343857,48.896903]]],[[[2.341327,48.896345],[2.341594,48.896282],[2.341245,48.895836],[2.339727,48.895816],[2.339114,48.896261],[2.341327,48.896345]]],[[[2.343243,48.895377],[2.343138,48.895007],[2.341752,48.895686],[2.343278,48.895736],[2.343243,48.895377]]],[[[2.340407,48.893905],[2.340223,48.893503],[2.339122,48.89373],[2.340503,48.894439],[2.340407,48.893905]]],[[[2.343898,48.89776],[2.344557,48.897655],[2.344203,48.897529],[2.342472,48.897332],[2.342793,48.897735],[2.343898,48.89776]]],[[[2.338907,48.893621],[2.340214,48.893373],[2.338574,48.893418],[2.338907,48.893621]]],[[[2.341018,48.895384],[2.340697,48.894944],[2.339808,48.895627],[2.340765,48.895324],[2.341201,48.8957],[2.341018,48.895384]]],[[[2.341396,48.89526],[2.340874,48.894849],[2.341348,48.89562],[2.341396,48.89526]]],[[[2.343236,48.898105],[2.342612,48.898092],[2.342513,48.898153],[2.342512,48.89816],[2.342563,48.898205],[2.343766,48.898238],[2.343882,48.89817],[2.343806,48.898117],[2.343236,48.898105]]],[[[2.340201,48.89765],[2.340202,48.897649],[2.341141,48.897685],[2.341142,48.897668],[2.340213,48.897604],[2.340036,48.897592],[2.339841,48.897578],[2.339844,48.897593],[2.339849,48.897623],[2.340033,48.897634],[2.340033,48.897634],[2.340201,48.89765]]],[[[2.33878,48.895369],[2.338798,48.895421],[2.338834,48.895528],[2.338838,48.895529],[2.338725,48.895196],[2.338721,48.895197],[2.338742,48.895258],[2.338745,48.895267],[2.338769,48.895337],[2.33878,48.895369]]]],"type":"MultiPolygon"},"properties":{"id_projet":"MATERNELLES (année scolaire 2024/2025)","libelle":"GUSTAVE ROUANET (1) MAT","annee_scol":"2024-2025","zone_commune":0,"etiquette":"Secteur de l'école 1 RUE GUSTAVE ROUANET","lib_etab_1":"GUSTAVE ROUANET (1) MAT","lib_etab_2":null,"lib_etab_3":null,"lib_etab_4":null,"adr_etab_1":"1 RUE GUSTAVE ROUANET","adr_etab_2":null,"adr_etab_3":null,"adr_etab_4":null,"type_etabl":"Maternelle","geo_point_2d":{"lon":2.3410557692483622,"lat":48.89620399414871},"st_area_shape":90864.2941202899,"st_perimeter_shape":6546.588316776974}},{"type":"Feature","geometry":{"coordinates":[[[[2.338025,48.892112],[2.339292,48.891929],[2.339561,48.891259],[2.336616,48.891558],[2.337729,48.893016],[2.337271,48.892358],[2.338025,48.892112]],[[2.337798,48.891739],[2.338025,48.892112],[2.337868,48.891854],[2.337798,48.891739]]],[[[2.336098,48.893399],[2.334976,48.891818],[2.333773,48.893062],[2.336098,48.893399]]],[[[2.334453,48.890971],[2.334228,48.890626],[2.333444,48.890745],[2.333577,48.891766],[2.334815,48.891631],[2.334453,48.890971]]],[[[2.337628,48.894404],[2.338201,48.894582],[2.338631,48.893875],[2.337842,48.893995],[2.337938,48.89443],[2.337335,48.8936],[2.33656,48.89375],[2.336895,48.894223],[2.337628,48.894404]]],[[[2.335582,48.89205],[2.335253,48.891915],[2.336346,48.893452],[2.336913,48.893328],[2.336719,48.892633],[2.335582,48.89205]]],[[[2.333286,48.890783],[2.331722,48.891032],[2.333347,48.891718],[2.333286,48.890783]]],[[[2.335808,48.891495],[2.337754,48.89132],[2.33529,48.891452],[2.334454,48.890596],[2.335016,48.891567],[2.335808,48.891495]]],[[[2.333163,48.891768],[2.331143,48.891063],[2.332213,48.891763],[2.333163,48.891768]]],[[[2.333929,48.892588],[2.334788,48.891768],[2.333647,48.891887],[2.333747,48.892835],[2.333929,48.892588]]],[[[2.338459,48.893847],[2.338784,48.893693],[2.338333,48.893463],[2.337418,48.893591],[2.337652,48.893971],[2.338459,48.893847]]],[[[2.3366,48.89174],[2.336051,48.891616],[2.337314,48.892769],[2.3366,48.89174]]],[[[2.336384,48.892051],[2.336018,48.891619],[2.335218,48.891699],[2.336715,48.892495],[2.336384,48.892051]]],[[[2.338341,48.894582],[2.339269,48.894461],[2.338997,48.893802],[2.338551,48.894282],[2.339163,48.894288],[2.338341,48.894582]]],[[[2.336994,48.893184],[2.337597,48.893084],[2.336873,48.892712],[2.336994,48.893184]]],[[[2.338589,48.891249],[2.338777,48.89123],[2.338898,48.891218],[2.339113,48.891196],[2.339289,48.891178],[2.339294,48.891153],[2.339276,48.891152],[2.3391,48.891146],[2.3391,48.891147],[2.338876,48.891127],[2.338745,48.891112],[2.338745,48.89111],[2.338579,48.891094],[2.33858,48.89109],[2.338451,48.891075],[2.338438,48.891093],[2.338414,48.891085],[2.338154,48.891132],[2.338147,48.891122],[2.337965,48.891177],[2.33796,48.89117],[2.337951,48.891176],[2.337888,48.891319],[2.337893,48.89132],[2.338058,48.891304],[2.338201,48.89129],[2.338258,48.891284],[2.33841,48.891267],[2.338589,48.891249]]],[[[2.337789,48.893183],[2.337749,48.89318],[2.337694,48.893198],[2.337639,48.893215],[2.337505,48.893258],[2.337414,48.893287],[2.337259,48.893336],[2.337076,48.893394],[2.337099,48.893439],[2.337295,48.893412],[2.33746,48.893388],[2.337565,48.893374],[2.337719,48.893353],[2.337772,48.893345],[2.337864,48.893333],[2.337987,48.893315],[2.337997,48.893289],[2.337848,48.893213],[2.337789,48.893183]]]],"type":"MultiPolygon"},"properties":{"id_projet":"MATERNELLES (année scolaire 2024/2025)","libelle":"VAUVENARGUES (4) MAT","annee_scol":"2024-2025","zone_commune":0,"etiquette":"Secteur de l'école 4 RUE VAUVENARGUES","lib_etab_1":"VAUVENARGUES (4) MAT","lib_etab_2":null,"lib_etab_3":null,"lib_etab_4":null,"adr_etab_1":"4 RUE VAUVENARGUES","adr_etab_2":null,"adr_etab_3":null,"adr_etab_4":null,"type_etabl":"Maternelle","geo_point_2d":{"lon":2.335863716961072,"lat":48.89229302931411},"st_area_shape":90439.08020584856,"st_perimeter_shape":6538.428011766661}},{"type":"Feature","geometry":{"coordinates":[[[[2.351467,48.88985],[2.351469,48.888355],[2.351181,48.888944],[2.350488,48.888865],[2.350697,48.88961],[2.349825,48.889535],[2.351348,48.890337],[2.351467,48.88985]]],[[[2.351777,48.889015],[2.352108,48.888612],[2.351653,48.888416],[2.351777,48.889015]]],[[[2.353289,48.889708],[2.353422,48.889016],[2.351717,48.889124],[2.351633,48.889703],[2.353289,48.889708]]],[[[2.353269,48.890041],[2.353284,48.889783],[2.351623,48.889774],[2.351824,48.890056],[2.351533,48.890396],[2.353253,48.890316],[2.353269,48.890041]]],[[[2.349401,48.890419],[2.349375,48.889846],[2.348666,48.890383],[2.349401,48.890419]]],[[[2.350134,48.889814],[2.349802,48.889668],[2.349837,48.890466],[2.351283,48.890439],[2.350134,48.889814]]],[[[2.353156,48.890785],[2.353176,48.890427],[2.351558,48.890536],[2.351716,48.891076],[2.353156,48.890785]]],[[[2.35147,48.890739],[2.351405,48.890529],[2.349842,48.890574],[2.34982,48.891365],[2.351501,48.891115],[2.35147,48.890739]]],[[[2.349412,48.89147],[2.349402,48.890567],[2.348578,48.890511],[2.349012,48.890656],[2.349087,48.891386],[2.349412,48.89147]]],[[[2.35155,48.891311],[2.351514,48.891298],[2.351319,48.891334],[2.351124,48.89137],[2.350927,48.891407],[2.35073,48.891443],[2.350533,48.891479],[2.350267,48.891528],[2.350138,48.891552],[2.350103,48.891558],[2.350053,48.891568],[2.35005,48.891568],[2.349955,48.891586],[2.34992,48.891625],[2.349959,48.891717],[2.350018,48.89174],[2.350114,48.891722],[2.350202,48.891706],[2.350332,48.891682],[2.350597,48.891633],[2.350801,48.891595],[2.350991,48.891561],[2.351188,48.891524],[2.351386,48.891488],[2.351482,48.89147],[2.351592,48.89145],[2.35161,48.891426],[2.351574,48.891357],[2.35155,48.891311]]],[[[2.351555,48.892154],[2.351269,48.891716],[2.351646,48.891552],[2.349957,48.89188],[2.350564,48.892123],[2.351032,48.892784],[2.351821,48.89256],[2.351555,48.892154]]]],"type":"MultiPolygon"},"properties":{"id_projet":"MATERNELLES (année scolaire 2024/2025)","libelle":"MARCADET (29) MAT","annee_scol":"2024-2025","zone_commune":0,"etiquette":"Secteur de l'école 29 RUE MARCADET","lib_etab_1":"MARCADET (29) MAT","lib_etab_2":null,"lib_etab_3":null,"lib_etab_4":null,"adr_etab_1":"29 RUE MARCADET","adr_etab_2":null,"adr_etab_3":null,"adr_etab_4":null,"type_etabl":"Maternelle","geo_point_2d":{"lon":2.3512481843067823,"lat":48.89043480853913},"st_area_shape":63364.84277384983,"st_perimeter_shape":4128.774106652769}},{"type":"Feature","geometry":{"coordinates":[[[2.358209,48.896789],[2.358458,48.895224],[2.355869,48.895272],[2.355688,48.89794],[2.358652,48.898292],[2.35868,48.89791],[2.358098,48.89789],[2.358209,48.896789]]],"type":"Polygon"},"properties":{"id_projet":"MATERNELLES (année scolaire 2025/2026)","libelle":"EVA KOTCHEVER (4) POLY","annee_scol":"2025-2026","zone_commune":0,"etiquette":"Secteur de l'école 4 RUE EVA KOTCHEVER","lib_etab_1":"EVA KOTCHEVER (4) POLY","lib_etab_2":null,"lib_etab_3":null,"lib_etab_4":null,"adr_etab_1":"4 RUE EVA KOTCHEVER","adr_etab_2":null,"adr_etab_3":null,"adr_etab_4":null,"type_etabl":"Maternelle","geo_point_2d":{"lon":2.357081102875634,"lat":48.89670545690078},"st_area_shape":60617.572582559165,"st_perimeter_shape":1135.7348553108488}},{"type":"Feature","geometry":{"coordinates":[[[[2.35877,48.89677],[2.358854,48.895739],[2.358519,48.895259],[2.359027,48.894806],[2.359056,48.894202],[2.35645,48.894148],[2.356371,48.895164],[2.358458,48.895224],[2.358098,48.89789],[2.35868,48.89791],[2.35877,48.89677]]],[[[2.360509,48.89464],[2.359774,48.894241],[2.360202,48.894205],[2.360571,48.894602],[2.36056,48.893968],[2.36005,48.894002],[2.360014,48.893773],[2.360522,48.893551],[2.359789,48.893402],[2.359587,48.894788],[2.360509,48.89464]]],[[[2.360465,48.89732],[2.360647,48.896825],[2.360313,48.896814],[2.360331,48.896375],[2.359743,48.895929],[2.359651,48.897087],[2.360386,48.89716],[2.359651,48.897159],[2.360465,48.89732]]]],"type":"MultiPolygon"},"properties":{"id_projet":"MATERNELLES (année scolaire 2025/2026)","libelle":"MAURICE GENEVOIX (3) POLY","annee_scol":"2025-2026","zone_commune":0,"etiquette":"Secteur de l'école 3 RUE MAURICE GENEVOIX","lib_etab_1":"MAURICE GENEVOIX (3) POLY","lib_etab_2":null,"lib_etab_3":null,"lib_etab_4":null,"adr_etab_1":"3 RUE MAURICE GENEVOIX","adr_etab_2":null,"adr_etab_3":null,"adr_etab_4":null,"type_etabl":"Maternelle","geo_point_2d":{"lon":2.358577664057434,"lat":48.89535421909899},"st_area_shape":44770.93199642525,"st_perimeter_shape":2472.8612435910286}},{"type":"Feature","geometry":{"coordinates":[[[[2.356519,48.893259],[2.356549,48.892904],[2.358026,48.892953],[2.358041,48.892671],[2.358512,48.89268],[2.358598,48.89223],[2.359013,48.892613],[2.35958,48.892613],[2.359682,48.891115],[2.357234,48.89121],[2.357269,48.890776],[2.359668,48.890983],[2.359705,48.890407],[2.354916,48.890671],[2.355577,48.892369],[2.355122,48.893213],[2.356519,48.893259]]],[[[2.359275,48.887184],[2.359543,48.887185],[2.359442,48.886721],[2.358239,48.886751],[2.358201,48.887222],[2.359275,48.887184]]],[[[2.356201,48.887552],[2.355808,48.887774],[2.356119,48.887943],[2.356201,48.887552]]],[[[2.356075,48.888159],[2.356094,48.88807],[2.356078,48.888056],[2.355931,48.888147],[2.35593,48.888147],[2.355926,48.88817],[2.355925,48.888177],[2.355918,48.888211],[2.355911,48.888213],[2.355897,48.888213],[2.355888,48.888256],[2.355886,48.888267],[2.355878,48.888308],[2.355867,48.888361],[2.355864,48.888376],[2.355848,48.888458],[2.355844,48.888477],[2.355841,48.888492],[2.35597,48.888615],[2.355979,48.888611],[2.356004,48.888493],[2.356029,48.888375],[2.356051,48.888271],[2.356075,48.888159]]],[[[2.359716,48.888972],[2.359563,48.887255],[2.358229,48.887336],[2.358013,48.887797],[2.35808,48.886684],[2.359425,48.886649],[2.359311,48.886195],[2.358932,48.886462],[2.357879,48.886421],[2.357824,48.88732],[2.35646,48.887166],[2.356178,48.888648],[2.359716,48.888972]]],[[[2.355918,48.88876],[2.355868,48.888755],[2.35585,48.888852],[2.355842,48.888895],[2.355816,48.88904],[2.355813,48.889065],[2.355807,48.889109],[2.355805,48.889126],[2.355804,48.889137],[2.355807,48.889137],[2.355837,48.889139],[2.355873,48.889121],[2.355875,48.889114],[2.355943,48.888782],[2.355918,48.88876]]],[[[2.356235,48.888789],[2.35615,48.888781],[2.356117,48.888797],[2.356093,48.88891],[2.356067,48.889034],[2.356065,48.889045],[2.356052,48.889133],[2.356085,48.889148],[2.356094,48.889148],[2.356157,48.88915],[2.356178,48.889138],[2.356194,48.889041],[2.356214,48.888917],[2.356235,48.888789]]],[[[2.360264,48.889823],[2.36074,48.887684],[2.360223,48.88768],[2.360406,48.887058],[2.359789,48.886878],[2.360264,48.889823]]],[[[2.359717,48.890056],[2.359719,48.889108],[2.358284,48.888994],[2.358363,48.890183],[2.359717,48.890056]]],[[[2.358168,48.889294],[2.358123,48.888961],[2.356315,48.888795],[2.355921,48.890206],[2.358201,48.890207],[2.358168,48.889294]]]],"type":"MultiPolygon"},"properties":{"id_projet":"MATERNELLES (année scolaire 2025/2026)","libelle":"MARX DORMOY (53B) MAT","annee_scol":"2025-2026","zone_commune":0,"etiquette":"Secteur de l'école 53 bis RUE MARX DORMOY","lib_etab_1":"MARX DORMOY (53B) MAT","lib_etab_2":null,"lib_etab_3":null,"lib_etab_4":null,"adr_etab_1":"53 bis RUE MARX DORMOY","adr_etab_2":null,"adr_etab_3":null,"adr_etab_4":null,"type_etabl":"Maternelle","geo_point_2d":{"lon":2.3577716568112717,"lat":48.88993312307199},"st_area_shape":179974.06192722774,"st_perimeter_shape":5821.925412182052}},{"type":"Feature","geometry":{"coordinates":[[[[2.358545,48.899627],[2.360856,48.898336],[2.369965,48.898437],[2.370151,48.896572],[2.371039,48.895847],[2.368463,48.896548],[2.367495,48.897536],[2.361835,48.89759],[2.360416,48.898009],[2.360465,48.89732],[2.359647,48.897159],[2.359665,48.898311],[2.360649,48.898331],[2.358555,48.899505],[2.358483,48.899119],[2.357873,48.898876],[2.357645,48.899249],[2.356788,48.899511],[2.355483,48.899194],[2.355159,48.901551],[2.358395,48.901615],[2.358545,48.899627]]],[[[2.364763,48.89874],[2.36551,48.899142],[2.365465,48.898754],[2.364763,48.89874]]],[[[2.366438,48.898921],[2.365752,48.898759],[2.365667,48.899263],[2.366438,48.898921]]],[[[2.360684,48.90161],[2.359634,48.901579],[2.359603,48.901718],[2.360427,48.901737],[2.362129,48.901746],[2.362183,48.901638],[2.360684,48.90161]]],[[[2.363545,48.901722],[2.363587,48.901209],[2.362306,48.901419],[2.362295,48.901697],[2.363545,48.901722]]],[[[2.368661,48.898815],[2.368515,48.898961],[2.369191,48.899434],[2.370086,48.898988],[2.368661,48.898815]]],[[[2.366785,48.898779],[2.366641,48.898925],[2.367316,48.899398],[2.368203,48.898956],[2.366785,48.898779]]],[[[2.370052,48.899714],[2.369939,48.899263],[2.369166,48.899615],[2.368415,48.899087],[2.367495,48.89958],[2.366594,48.899088],[2.366097,48.899316],[2.366706,48.899711],[2.370052,48.899714]]],[[[2.360469,48.899798],[2.362194,48.899822],[2.362262,48.898764],[2.359879,48.898995],[2.359854,48.899582],[2.360469,48.899798]]],[[[2.369968,48.901458],[2.369986,48.901091],[2.364412,48.901116],[2.364355,48.901738],[2.370016,48.901854],[2.369968,48.901458]]],[[[2.365622,48.900396],[2.370021,48.900328],[2.370037,48.899975],[2.366664,48.899842],[2.365649,48.899417],[2.365382,48.899593],[2.365408,48.899313],[2.364129,48.898763],[2.362369,48.898759],[2.362304,48.900198],[2.365622,48.900396]]]],"type":"MultiPolygon"},"properties":{"id_projet":"MATERNELLES (année scolaire 2026/2027)","libelle":"CHARLES HERMITE (2) MAT","annee_scol":"2026-2027","zone_commune":0,"etiquette":"Secteur de l'école 2 CHARLES HERMITE (2) MAT","lib_etab_1":"CHARLES HERMITE (2) MAT","lib_etab_2":null,"lib_etab_3":null,"lib_etab_4":null,"adr_etab_1":"2 CHARLES HERMITE (2) MAT","adr_etab_2":null,"adr_etab_3":null,"adr_etab_4":null,"type_etabl":"Maternelle","geo_point_2d":{"lon":2.36385957448283,"lat":48.899397985829765},"st_area_shape":292555.93950336776,"st_perimeter_shape":9143.06603599874}},{"type":"Feature","geometry":{"coordinates":[[[[2.332731,48.886486],[2.333713,48.886126],[2.333158,48.885575],[2.332638,48.885721],[2.333139,48.885528],[2.332492,48.885355],[2.333622,48.884819],[2.33276,48.884007],[2.33271,48.885001],[2.331931,48.885331],[2.332202,48.885677],[2.331841,48.885908],[2.332731,48.886486]]],[[[2.342265,48.885667],[2.342189,48.885618],[2.342153,48.885665],[2.342188,48.885683],[2.342246,48.885678],[2.342265,48.885667]]],[[[2.334552,48.885114],[2.334179,48.885112],[2.334172,48.88513],[2.334268,48.885223],[2.334368,48.88532],[2.334429,48.885196],[2.334409,48.885178],[2.334442,48.885165],[2.334525,48.885132],[2.334527,48.885132],[2.334551,48.88512],[2.334555,48.885118],[2.334552,48.885114]]],[[[2.338711,48.886392],[2.33841,48.886376],[2.338512,48.886696],[2.338711,48.886392]]],[[[2.33779,48.884619],[2.337298,48.884485],[2.337229,48.884887],[2.33779,48.884619]]],[[[2.333547,48.88426],[2.332994,48.88398],[2.333572,48.884542],[2.333547,48.88426]]],[[[2.339692,48.884621],[2.339477,48.884481],[2.339475,48.884481],[2.339448,48.884484],[2.339418,48.884487],[2.339398,48.88449],[2.339375,48.884492],[2.339358,48.884494],[2.339354,48.884495],[2.339324,48.884498],[2.339316,48.884499],[2.33927,48.884504],[2.339229,48.884509],[2.339207,48.884511],[2.339173,48.884515],[2.339084,48.884526],[2.339063,48.884451],[2.33882,48.884358],[2.338812,48.884365],[2.338877,48.88454],[2.338878,48.884542],[2.338975,48.884595],[2.339197,48.884606],[2.33936,48.884614],[2.339464,48.884619],[2.339692,48.88463],[2.339692,48.884621]]],[[[2.33438,48.884798],[2.333688,48.884657],[2.334091,48.885053],[2.33438,48.884798]]],[[[2.338485,48.885659],[2.338099,48.885703],[2.338042,48.886027],[2.338485,48.885659]]],[[[2.338425,48.885527],[2.337939,48.885192],[2.337916,48.884747],[2.337646,48.885022],[2.338056,48.885639],[2.338425,48.885527]]],[[[2.341279,48.885103],[2.341586,48.884902],[2.340522,48.885022],[2.340593,48.8853],[2.341279,48.885103]]],[[[2.340602,48.88447],[2.339824,48.884634],[2.340378,48.884448],[2.340502,48.884925],[2.340602,48.88447]]],[[[2.339796,48.887083],[2.341208,48.886906],[2.341115,48.88668],[2.339796,48.887083]]],[[[2.335239,48.885477],[2.334988,48.885204],[2.334449,48.885397],[2.334823,48.885736],[2.335239,48.885477]]],[[[2.334975,48.887236],[2.334274,48.887457],[2.335138,48.887507],[2.334975,48.887236]]],[[[2.333894,48.887215],[2.333512,48.887453],[2.333789,48.887834],[2.334216,48.887645],[2.333894,48.887215]]],[[[2.33593,48.885243],[2.335675,48.884935],[2.335125,48.885162],[2.335484,48.885546],[2.33593,48.885243]]],[[[2.340641,48.887143],[2.341197,48.88694],[2.339752,48.887138],[2.34002,48.88737],[2.340707,48.887339],[2.340641,48.887143]]],[[[2.332951,48.887169],[2.332618,48.886908],[2.332794,48.887795],[2.333215,48.887532],[2.332951,48.887169]]],[[[2.333638,48.885237],[2.333901,48.88509],[2.333649,48.884877],[2.332951,48.885243],[2.333217,48.885481],[2.333638,48.885237]]],[[[2.337553,48.885218],[2.336943,48.885907],[2.337862,48.885683],[2.337553,48.885218]]],[[[2.332483,48.887194],[2.33201,48.888352],[2.33263,48.887931],[2.332483,48.887194]]],[[[2.336864,48.885039],[2.337142,48.884924],[2.336627,48.884735],[2.335811,48.88493],[2.336149,48.885333],[2.336864,48.885039]]],[[[2.341891,48.885351],[2.341767,48.885057],[2.340649,48.885397],[2.340764,48.885683],[2.341891,48.885351]]],[[[2.340108,48.886796],[2.340615,48.886706],[2.34046,48.886296],[2.339671,48.886553],[2.339941,48.886949],[2.340108,48.886796]]],[[[2.343066,48.886953],[2.343345,48.886283],[2.3428,48.886261],[2.342598,48.886957],[2.343066,48.886953]]],[[[2.335822,48.885617],[2.335084,48.885809],[2.33559,48.8865],[2.336239,48.886204],[2.335822,48.885617]]],[[[2.339559,48.887005],[2.33985,48.886974],[2.3395,48.886529],[2.340415,48.886182],[2.340306,48.885934],[2.338926,48.886317],[2.339559,48.887005]]],[[[2.34246,48.886946],[2.342558,48.886135],[2.341453,48.886254],[2.341491,48.886681],[2.3423,48.886668],[2.34246,48.886946]]],[[[2.337959,48.887433],[2.339252,48.886995],[2.338365,48.886884],[2.337357,48.8873],[2.337562,48.887552],[2.337959,48.887433]]],[[[2.338068,48.886341],[2.337097,48.886954],[2.337294,48.887213],[2.338467,48.886718],[2.338068,48.886341]]],[[[2.341171,48.886599],[2.341233,48.885954],[2.341911,48.885722],[2.341754,48.88549],[2.340392,48.88588],[2.340555,48.886359],[2.340967,48.886303],[2.341171,48.886599]]],[[[2.340461,48.885028],[2.338611,48.885552],[2.33857,48.885854],[2.340542,48.885329],[2.340461,48.885028]]],[[[2.333984,48.885172],[2.333341,48.885516],[2.333842,48.886106],[2.33462,48.885788],[2.333984,48.885172]]],[[[2.333788,48.886411],[2.334103,48.886133],[2.332805,48.886603],[2.33341,48.887362],[2.333796,48.887119],[2.333788,48.886411]]],[[[2.339013,48.887975],[2.33962,48.887067],[2.337668,48.887738],[2.339013,48.887975]]],[[[2.33741,48.884999],[2.335947,48.885581],[2.336389,48.886156],[2.33741,48.884999]]],[[[2.339948,48.885917],[2.340563,48.885743],[2.340439,48.885433],[2.33806,48.886176],[2.339948,48.885917]]],[[[2.335358,48.888376],[2.335654,48.888096],[2.335268,48.887721],[2.337165,48.887329],[2.333852,48.887913],[2.335358,48.888376]]],[[[2.33595,48.887154],[2.335567,48.886632],[2.334035,48.887116],[2.334231,48.887352],[2.335017,48.887102],[2.335314,48.887454],[2.33595,48.887154]]],[[[2.339867,48.885109],[2.340332,48.884972],[2.340269,48.884725],[2.338653,48.884624],[2.338712,48.885163],[2.339044,48.885147],[2.338477,48.885484],[2.339867,48.885109]]],[[[2.334996,48.885851],[2.333947,48.886496],[2.334007,48.887065],[2.335534,48.886587],[2.334996,48.885851]]],[[[2.344095,48.886125],[2.344268,48.885824],[2.343344,48.884883],[2.342518,48.885173],[2.342452,48.885695],[2.344095,48.886125]]],[[[2.336778,48.887261],[2.337251,48.887219],[2.337001,48.88689],[2.337904,48.886254],[2.337739,48.885796],[2.336428,48.886248],[2.336748,48.886819],[2.336332,48.886313],[2.335687,48.886589],[2.336173,48.8873],[2.336778,48.887261]]]],"type":"MultiPolygon"},"properties":{"id_projet":"MATERNELLES (année scolaire 2026/2027)","libelle":"JEAN-BAPTISTE CLEMENT (4) MAT","annee_scol":"2026-2027","zone_commune":0,"etiquette":"Secteur de l'école 4 JEAN-BAPTISTE CLEMENT (4) MAT","lib_etab_1":"JEAN-BAPTISTE CLEMENT (4) MAT","lib_etab_2":null,"lib_etab_3":null,"lib_etab_4":null,"adr_etab_1":"4 JEAN-BAPTISTE CLEMENT (4) MAT","adr_etab_2":null,"adr_etab_3":null,"adr_etab_4":null,"type_etabl":"Maternelle","geo_point_2d":{"lon":2.3372466580977527,"lat":48.88618041096101},"st_area_shape":175106.64020680074,"st_perimeter_shape":13349.06907636842}},{"type":"Feature","geometry":{"coordinates":[[[[2.35774,48.886096],[2.359293,48.886009],[2.359143,48.884885],[2.357353,48.884964],[2.358221,48.884784],[2.358238,48.884552],[2.356511,48.884235],[2.356643,48.88444],[2.356305,48.884442],[2.356886,48.885156],[2.356712,48.88597],[2.35774,48.886096]]],[[[2.352649,48.886725],[2.352685,48.886638],[2.352676,48.886627],[2.352522,48.886678],[2.352512,48.886703],[2.352439,48.886691],[2.352422,48.886735],[2.352417,48.886746],[2.352395,48.886805],[2.352425,48.88681],[2.35246,48.886816],[2.352534,48.886937],[2.352569,48.886924],[2.352603,48.88684],[2.352649,48.886725]]],[[[2.353163,48.887848],[2.35341,48.887676],[2.352906,48.887711],[2.353045,48.888028],[2.353163,48.887848]]],[[[2.35497,48.884404],[2.355185,48.884367],[2.355183,48.884337],[2.355102,48.884331],[2.35497,48.884384],[2.35497,48.884384],[2.354857,48.88437],[2.354857,48.884369],[2.354709,48.884375],[2.35471,48.88438],[2.354528,48.88438],[2.354528,48.884381],[2.354431,48.884386],[2.354431,48.884385],[2.354417,48.884385],[2.354317,48.884378],[2.354317,48.884377],[2.354132,48.88453],[2.354138,48.884536],[2.354204,48.884537],[2.354329,48.884515],[2.354416,48.8845],[2.354507,48.884484],[2.354716,48.884448],[2.354863,48.884423],[2.35497,48.884404]]],[[[2.353426,48.887546],[2.353336,48.887155],[2.353074,48.887334],[2.353426,48.887546]]],[[[2.353372,48.8869],[2.352811,48.886651],[2.352674,48.886937],[2.353372,48.8869]]],[[[2.358822,48.884595],[2.358314,48.88456],[2.358298,48.884783],[2.359049,48.884744],[2.358822,48.884595]]],[[[2.356375,48.886247],[2.355782,48.885988],[2.355757,48.886252],[2.356375,48.886247]]],[[[2.354327,48.884709],[2.353924,48.884679],[2.354167,48.884945],[2.355138,48.884923],[2.354327,48.884709]]],[[[2.35549,48.886368],[2.35503,48.886353],[2.354973,48.886693],[2.355463,48.886702],[2.35549,48.886368]]],[[[2.356446,48.88639],[2.355681,48.886376],[2.355628,48.886703],[2.356345,48.886735],[2.356446,48.88639]]],[[[2.352787,48.88639],[2.352924,48.885761],[2.352236,48.885931],[2.352787,48.88639]]],[[[2.35256,48.885772],[2.352895,48.885679],[2.352504,48.88509],[2.35214,48.885596],[2.352219,48.885867],[2.35256,48.885772]]],[[[2.355559,48.885944],[2.354489,48.886068],[2.355521,48.886245],[2.355559,48.885944]]],[[[2.354668,48.886307],[2.353721,48.886649],[2.354779,48.886709],[2.354668,48.886307]]],[[[2.355783,48.886815],[2.355566,48.887234],[2.356273,48.88721],[2.35635,48.886846],[2.355783,48.886815]]],[[[2.355058,48.885166],[2.354209,48.885481],[2.354933,48.885774],[2.355058,48.885166]]],[[[2.355716,48.885204],[2.355234,48.885087],[2.355128,48.885766],[2.355614,48.885804],[2.355716,48.885204]]],[[[2.353661,48.88678],[2.353598,48.887082],[2.355406,48.887202],[2.355414,48.886809],[2.353661,48.88678]]],[[[2.356689,48.885233],[2.356707,48.884993],[2.355906,48.88505],[2.355775,48.885821],[2.35654,48.885942],[2.356689,48.885233]]],[[[2.356033,48.884398],[2.354426,48.884634],[2.356595,48.884869],[2.356033,48.884398]]],[[[2.354638,48.885119],[2.352618,48.885085],[2.353017,48.885645],[2.354638,48.885119]]],[[[2.353829,48.887511],[2.355824,48.887687],[2.356174,48.88741],[2.353565,48.88717],[2.35356,48.887736],[2.353829,48.887511]]],[[[2.354352,48.885754],[2.35407,48.885539],[2.352948,48.886274],[2.353375,48.88667],[2.354268,48.886252],[2.354352,48.885754]]],[[[2.357824,48.88732],[2.357879,48.886421],[2.358932,48.886462],[2.359311,48.886195],[2.356662,48.886206],[2.35646,48.887166],[2.357824,48.88732]]]],"type":"MultiPolygon"},"properties":{"id_projet":"MATERNELLES (année scolaire 2026/2027)","libelle":"ST LUC (3) MAT","annee_scol":"2026-2027","zone_commune":0,"etiquette":"Secteur de l'école 3 ST LUC (3) MAT","lib_etab_1":"ST LUC (3) MAT","lib_etab_2":null,"lib_etab_3":null,"lib_etab_4":null,"adr_etab_1":"3 ST LUC (3) MAT","adr_etab_2":null,"adr_etab_3":null,"adr_etab_4":null,"type_etabl":"Maternelle","geo_point_2d":{"lon":2.355872297222624,"lat":48.88591860566463},"st_area_shape":108038.63405182898,"st_perimeter_shape":7004.26414755663}},{"type":"Feature","geometry":{"coordinates":[[[[2.359071,48.893595],[2.358442,48.893461],[2.358511,48.89268],[2.358041,48.892671],[2.358026,48.892953],[2.356549,48.892904],[2.35645,48.894148],[2.359158,48.894201],[2.359071,48.893595]]],[[[2.359888,48.895892],[2.359891,48.895858],[2.359918,48.895859],[2.359919,48.895836],[2.359892,48.895835],[2.359892,48.895824],[2.359846,48.895823],[2.359848,48.8958],[2.359824,48.8958],[2.359825,48.895791],[2.359754,48.895789],[2.359746,48.895888],[2.359743,48.895929],[2.359934,48.895934],[2.359936,48.895913],[2.359925,48.895913],[2.359887,48.895911],[2.359888,48.895892]]],[[[2.360273,48.89476],[2.3605,48.894644],[2.360266,48.894675],[2.359996,48.894687],[2.359936,48.894916],[2.359962,48.894918],[2.360273,48.89476]]],[[[2.363109,48.893318],[2.361951,48.893628],[2.361783,48.893972],[2.363109,48.893318]]],[[[2.360155,48.895832],[2.360765,48.895556],[2.360156,48.89541],[2.359772,48.895767],[2.360155,48.895832]]],[[[2.361661,48.894041],[2.360582,48.894142],[2.360571,48.894602],[2.361661,48.894041]]],[[[2.363608,48.893483],[2.363016,48.893505],[2.363175,48.893915],[2.363714,48.893846],[2.363608,48.893483]]],[[[2.362581,48.893892],[2.362903,48.893559],[2.361825,48.894106],[2.362707,48.894219],[2.362581,48.893892]]],[[[2.36046,48.895327],[2.361699,48.894183],[2.360056,48.895003],[2.36046,48.895327]]],[[[2.365421,48.891805],[2.363752,48.892269],[2.363721,48.893002],[2.365336,48.892187],[2.365421,48.891805]]],[[[2.366169,48.891716],[2.365527,48.891614],[2.36547,48.892255],[2.363809,48.893293],[2.364388,48.893511],[2.365644,48.892892],[2.366169,48.891716]]]],"type":"MultiPolygon"},"properties":{"id_projet":"MATERNELLES (année scolaire 2026/2027)","libelle":"CUGNOT (30) POLY","annee_scol":"2026-2027","zone_commune":0,"etiquette":"Secteur de l'école 30 CUGNOT (30) POLY","lib_etab_1":"CUGNOT (30) POLY","lib_etab_2":null,"lib_etab_3":null,"lib_etab_4":null,"adr_etab_1":"30 CUGNOT (30) POLY","adr_etab_2":null,"adr_etab_3":null,"adr_etab_4":null,"type_etabl":"Maternelle","geo_point_2d":{"lon":2.360979579585972,"lat":48.89341968537617},"st_area_shape":56405.108153905196,"st_perimeter_shape":3551.531029877593}},{"type":"Feature","geometry":{"coordinates":[[[[2.360903,48.886344],[2.36042,48.885004],[2.359538,48.884979],[2.359766,48.886768],[2.360933,48.886729],[2.360903,48.886344]]],[[[2.360475,48.884639],[2.360458,48.884613],[2.359614,48.884617],[2.359584,48.884637],[2.359587,48.8847],[2.35959,48.884804],[2.359619,48.884821],[2.360309,48.884809],[2.360383,48.884734],[2.360475,48.884639]]],[[[2.365143,48.885441],[2.364573,48.8848],[2.364801,48.884587],[2.3643,48.884593],[2.364991,48.885694],[2.365143,48.885441]]],[[[2.362725,48.886522],[2.362656,48.886405],[2.361669,48.886657],[2.36157,48.886682],[2.36137,48.886733],[2.361315,48.886814],[2.361336,48.886849],[2.361684,48.886873],[2.361682,48.88687],[2.361675,48.886858],[2.361773,48.886832],[2.362754,48.886573],[2.362725,48.886522]]],[[[2.360748,48.887684],[2.360908,48.886847],[2.359789,48.886876],[2.360406,48.887058],[2.360223,48.88768],[2.360748,48.887684]]],[[[2.361106,48.885854],[2.361353,48.884635],[2.360867,48.884603],[2.360562,48.884887],[2.360953,48.886019],[2.361106,48.885854]]],[[[2.364903,48.885716],[2.364196,48.884584],[2.361546,48.884598],[2.362157,48.884772],[2.362304,48.885325],[2.364414,48.885238],[2.364903,48.885716]]]],"type":"MultiPolygon"},"properties":{"id_projet":"MATERNELLES (année scolaire 2026/2027)","libelle":"PAJOL (11) POLY","annee_scol":"2026-2027","zone_commune":0,"etiquette":"Secteur de l'école 11 PAJOL (11) POLY","lib_etab_1":"PAJOL (11) POLY","lib_etab_2":null,"lib_etab_3":null,"lib_etab_4":null,"adr_etab_1":"11 PAJOL (11) POLY","adr_etab_2":null,"adr_etab_3":null,"adr_etab_4":null,"type_etabl":"Maternelle","geo_point_2d":{"lon":2.3615739824534363,"lat":48.88559386557991},"st_area_shape":44464.21629636397,"st_perimeter_shape":2744.4946958639084}},{"type":"Feature","geometry":{"coordinates":[[[[2.332202,48.886581],[2.332488,48.886442],[2.331841,48.885908],[2.332202,48.885677],[2.331931,48.885331],[2.33271,48.885001],[2.332732,48.884001],[2.331881,48.884183],[2.332294,48.884835],[2.331848,48.884191],[2.330731,48.884451],[2.331221,48.885342],[2.330785,48.885435],[2.332202,48.886581]]],[[[2.330512,48.884677],[2.329913,48.884745],[2.330832,48.885272],[2.330512,48.884677]]],[[[2.328458,48.886591],[2.328176,48.886413],[2.327855,48.886719],[2.328445,48.887072],[2.328821,48.886873],[2.328458,48.886591]]],[[[2.327895,48.886871],[2.327152,48.887292],[2.328481,48.887309],[2.327895,48.886871]]],[[[2.326621,48.886035],[2.32617,48.886576],[2.327128,48.887107],[2.327687,48.88676],[2.326621,48.886035]]],[[[2.330689,48.885499],[2.329489,48.884874],[2.329253,48.885614],[2.328291,48.886331],[2.328927,48.886817],[2.329362,48.88652],[2.328992,48.886222],[2.330689,48.885499]]],[[[2.327931,48.886447],[2.32875,48.885767],[2.326903,48.884997],[2.326512,48.885837],[2.327697,48.886615],[2.327931,48.886447]]],[[[2.329266,48.88519],[2.329324,48.884753],[2.327899,48.883849],[2.327419,48.88389],[2.327113,48.884549],[2.327836,48.884918],[2.328425,48.884576],[2.327858,48.885015],[2.327092,48.884594],[2.326928,48.884942],[2.328815,48.885732],[2.329266,48.88519]]]],"type":"MultiPolygon"},"properties":{"id_projet":"MATERNELLES (année scolaire 2026/2027)","libelle":"FOREST (14) POLY","annee_scol":"2026-2027","zone_commune":0,"etiquette":"Secteur de l'école 14 FOREST (14) POLY","lib_etab_1":"FOREST (14) POLY","lib_etab_2":null,"lib_etab_3":null,"lib_etab_4":null,"adr_etab_1":"14 FOREST (14) POLY","adr_etab_2":null,"adr_etab_3":null,"adr_etab_4":null,"type_etabl":"Maternelle","geo_point_2d":{"lon":2.3291225683253685,"lat":48.88548019349538},"st_area_shape":86526.03363478252,"st_perimeter_shape":4058.138332830955}},{"type":"Feature","geometry":{"coordinates":[[[[2.353038,48.887572],[2.35331,48.887134],[2.350875,48.886793],[2.351096,48.88718],[2.353038,48.887572]]],[[[2.352395,48.886805],[2.352666,48.886614],[2.350465,48.886283],[2.350818,48.886679],[2.352395,48.886805]]],[[[2.349944,48.88666],[2.349776,48.887156],[2.350006,48.887462],[2.350874,48.887093],[2.350652,48.88675],[2.349944,48.88666]]],[[[2.350955,48.887232],[2.350187,48.887563],[2.351321,48.888129],[2.350955,48.887232]]],[[[2.3515,48.887374],[2.351166,48.887332],[2.351448,48.887886],[2.352645,48.88765],[2.3515,48.887374]]],[[[2.351918,48.886314],[2.351996,48.885969],[2.350237,48.886027],[2.351918,48.886314]]],[[[2.350323,48.885672],[2.34984,48.885549],[2.350185,48.885933],[2.351188,48.885854],[2.351102,48.885588],[2.350323,48.885672]]],[[[2.352068,48.888032],[2.353045,48.888028],[2.352906,48.887711],[2.351494,48.88799],[2.351587,48.888228],[2.352068,48.888032]]],[[[2.349953,48.885915],[2.349755,48.885748],[2.349767,48.886511],[2.350539,48.886625],[2.349953,48.885915]]],[[[2.351016,48.888188],[2.349779,48.887576],[2.350182,48.888025],[2.351016,48.888188]]],[[[2.349225,48.886964],[2.349318,48.88658],[2.347899,48.886406],[2.349225,48.886964]]],[[[2.352602,48.886425],[2.352139,48.885971],[2.352049,48.886395],[2.352602,48.886425]]],[[[2.352219,48.885867],[2.35227,48.885604],[2.351741,48.885574],[2.351197,48.885894],[2.352219,48.885867]]],[[[2.349165,48.886309],[2.349342,48.886451],[2.349303,48.885706],[2.348963,48.885993],[2.349165,48.886309]]],[[[2.353239,48.886964],[2.35325,48.886925],[2.353263,48.886883],[2.353184,48.886871],[2.353133,48.886863],[2.35303,48.886847],[2.353002,48.886843],[2.35299,48.886879],[2.352887,48.886867],[2.352899,48.88683],[2.352679,48.886944],[2.352694,48.886961],[2.352846,48.886984],[2.352948,48.887],[2.353078,48.88702],[2.353216,48.887041],[2.353336,48.887059],[2.35334,48.887057],[2.353242,48.886964],[2.353239,48.886964]]]],"type":"MultiPolygon"},"properties":{"id_projet":"MATERNELLES (année scolaire 2020/2021)","libelle":"RICHOMME (18) MAT","annee_scol":"2020-2021","zone_commune":0,"etiquette":"Secteur de l'école 18 RUE RICHOMME","lib_etab_1":"RICHOMME (18) MAT","lib_etab_2":null,"lib_etab_3":null,"lib_etab_4":null,"adr_etab_1":"18 RUE RICHOMME","adr_etab_2":null,"adr_etab_3":null,"adr_etab_4":null,"type_etabl":null,"geo_point_2d":{"lon":2.3511748305429845,"lat":48.886880439668765},"st_area_shape":46194.95072207108,"st_perimeter_shape":4245.307070495825}},{"type":"Feature","geometry":{"coordinates":[[[[2.354999,48.898576],[2.355033,48.898284],[2.353753,48.898254],[2.353711,48.898554],[2.352627,48.898597],[2.352132,48.901496],[2.355159,48.901551],[2.355561,48.898617],[2.354999,48.898576]]],[[[2.353805,48.897203],[2.353973,48.895892],[2.354605,48.894588],[2.354491,48.893747],[2.354348,48.893386],[2.353684,48.893745],[2.353376,48.892415],[2.352353,48.892511],[2.352855,48.893824],[2.353681,48.893745],[2.353742,48.894003],[2.35295,48.894289],[2.353145,48.895933],[2.352691,48.898062],[2.353668,48.89808],[2.353805,48.897203]]],[[[2.349736,48.899632],[2.34759,48.89959],[2.34753,48.900772],[2.351911,48.900858],[2.352137,48.89968],[2.349736,48.899632]]],[[[2.352678,48.895308],[2.352192,48.895372],[2.352313,48.895811],[2.351665,48.897092],[2.348044,48.897277],[2.347529,48.897369],[2.347424,48.897784],[2.35228,48.897887],[2.352678,48.895308]]],[[[2.352196,48.899366],[2.35221,48.898529],[2.351264,48.899356],[2.349638,48.899325],[2.349719,48.898899],[2.347603,48.8989],[2.347548,48.89932],[2.352196,48.899366]]],[[[2.356635,48.89871],[2.356344,48.898684],[2.35633,48.899285],[2.357645,48.899249],[2.357873,48.898876],[2.356635,48.89871]]],[[[2.352715,48.893961],[2.35258,48.893337],[2.352242,48.893578],[2.352632,48.893727],[2.351573,48.893946],[2.352095,48.894325],[2.352738,48.894193],[2.352715,48.893961]]],[[[2.352777,48.8943],[2.352186,48.894417],[2.35278,48.894875],[2.352777,48.8943]]],[[[2.35226,48.893161],[2.352538,48.893191],[2.352348,48.892832],[2.351678,48.893036],[2.351759,48.893259],[2.35226,48.893161]]],[[[2.352332,48.8928],[2.352276,48.892686],[2.352199,48.892701],[2.352239,48.892818],[2.352332,48.8928]]],[[[2.35285,48.895216],[2.352799,48.895188],[2.35278,48.89519],[2.352729,48.895299],[2.352747,48.895296],[2.352855,48.895282],[2.35285,48.895216]]]],"type":"MultiPolygon"},"properties":{"id_projet":"MATERNELLES (année scolaire 2021/2022)","libelle":"POISSONNIERS (142) POLY","annee_scol":"2021-2022","zone_commune":0,"etiquette":"Secteur de l'école 142 RUE DES POISSONNIERS","lib_etab_1":"POISSONNIERS (142) POLY","lib_etab_2":null,"lib_etab_3":null,"lib_etab_4":null,"adr_etab_1":"142 RUE DES POISSONNIERS","adr_etab_2":null,"adr_etab_3":null,"adr_etab_4":null,"type_etabl":"Maternelle","geo_point_2d":{"lon":2.3523478706488694,"lat":48.89831535862433},"st_area_shape":229888.93646839476,"st_perimeter_shape":7108.243024424731}},{"type":"Feature","geometry":{"coordinates":[[[[2.354999,48.898576],[2.355033,48.898284],[2.353753,48.898254],[2.353711,48.898554],[2.352627,48.898597],[2.352132,48.901496],[2.355159,48.901551],[2.355561,48.898617],[2.354999,48.898576]]],[[[2.353805,48.897203],[2.353973,48.895892],[2.354605,48.894588],[2.354491,48.893747],[2.354348,48.893386],[2.353684,48.893745],[2.353376,48.892415],[2.352353,48.892511],[2.352855,48.893824],[2.353681,48.893745],[2.353742,48.894003],[2.35295,48.894289],[2.353145,48.895933],[2.352691,48.898062],[2.353668,48.89808],[2.353805,48.897203]]],[[[2.349736,48.899632],[2.34759,48.89959],[2.34753,48.900772],[2.351911,48.900858],[2.352137,48.89968],[2.349736,48.899632]]],[[[2.352678,48.895308],[2.352192,48.895372],[2.352313,48.895811],[2.351665,48.897092],[2.348044,48.897277],[2.347529,48.897369],[2.347424,48.897784],[2.35228,48.897887],[2.352678,48.895308]]],[[[2.352196,48.899366],[2.35221,48.898529],[2.351264,48.899356],[2.349638,48.899325],[2.349719,48.898899],[2.347603,48.8989],[2.347548,48.89932],[2.352196,48.899366]]],[[[2.356635,48.89871],[2.356344,48.898684],[2.35633,48.899285],[2.357645,48.899249],[2.357873,48.898876],[2.356635,48.89871]]],[[[2.352715,48.893961],[2.35258,48.893337],[2.352242,48.893578],[2.352632,48.893727],[2.351573,48.893946],[2.352095,48.894325],[2.352738,48.894193],[2.352715,48.893961]]],[[[2.352777,48.8943],[2.352186,48.894417],[2.35278,48.894875],[2.352777,48.8943]]],[[[2.35226,48.893161],[2.352538,48.893191],[2.352348,48.892832],[2.351678,48.893036],[2.351759,48.893259],[2.35226,48.893161]]],[[[2.352332,48.8928],[2.352276,48.892686],[2.352199,48.892701],[2.352239,48.892818],[2.352332,48.8928]]],[[[2.35285,48.895216],[2.352799,48.895188],[2.35278,48.89519],[2.352729,48.895299],[2.352747,48.895296],[2.352855,48.895282],[2.35285,48.895216]]]],"type":"MultiPolygon"},"properties":{"id_projet":"MATERNELLES (année scolaire 2022/2023)","libelle":"POISSONNIERS (142) POLY","annee_scol":"2022-2023","zone_commune":0,"etiquette":"Secteur de l'école 142 RUE DES POISSONNIERS","lib_etab_1":"POISSONNIERS (142) POLY","lib_etab_2":null,"lib_etab_3":null,"lib_etab_4":null,"adr_etab_1":"142 RUE DES POISSONNIERS","adr_etab_2":null,"adr_etab_3":null,"adr_etab_4":null,"type_etabl":"Maternelle","geo_point_2d":{"lon":2.3523478706488694,"lat":48.89831535862433},"st_area_shape":229888.93646839476,"st_perimeter_shape":7108.243024424731}},{"type":"Feature","geometry":{"coordinates":[[[[2.339827,48.895444],[2.339341,48.894447],[2.33985,48.895427],[2.340598,48.894625],[2.338921,48.89379],[2.338551,48.894282],[2.339163,48.894288],[2.338336,48.894566],[2.338642,48.895476],[2.338725,48.895196],[2.33891,48.895545],[2.339467,48.895234],[2.339389,48.895647],[2.339827,48.895444]]],[[[2.342175,48.89359],[2.342555,48.89335],[2.342004,48.89296],[2.341946,48.893356],[2.340776,48.893534],[2.340327,48.893195],[2.340779,48.89467],[2.342175,48.89359]]],[[[2.339222,48.892252],[2.339436,48.892737],[2.339984,48.892622],[2.339585,48.891324],[2.339256,48.891851],[2.33851,48.892128],[2.338774,48.892852],[2.339412,48.892741],[2.339222,48.892252]]],[[[2.342735,48.893476],[2.341584,48.894236],[2.341878,48.894865],[2.343113,48.894818],[2.342347,48.894643],[2.342468,48.893805],[2.342915,48.893604],[2.342735,48.893476]]],[[[2.338484,48.895421],[2.338176,48.894585],[2.338659,48.893895],[2.337842,48.893995],[2.337938,48.89443],[2.337335,48.8936],[2.336562,48.893749],[2.337343,48.893835],[2.337769,48.894377],[2.337475,48.894489],[2.337911,48.894614],[2.338484,48.895421]]],[[[2.337882,48.893009],[2.337707,48.892715],[2.337912,48.893004],[2.338504,48.8929],[2.337779,48.89195],[2.337736,48.892219],[2.337227,48.892298],[2.337882,48.893009]]],[[[2.340407,48.893905],[2.340223,48.893503],[2.339122,48.89373],[2.340503,48.894439],[2.340407,48.893905]]],[[[2.340029,48.892766],[2.337953,48.893133],[2.340079,48.893028],[2.340029,48.892766]]],[[[2.338791,48.89372],[2.338294,48.893457],[2.337418,48.893591],[2.337652,48.893971],[2.338791,48.89372]]],[[[2.339158,48.893587],[2.340214,48.893373],[2.338574,48.893418],[2.339158,48.893587]]],[[[2.337789,48.893183],[2.337749,48.89318],[2.337694,48.893198],[2.337639,48.893215],[2.337505,48.893258],[2.337414,48.893287],[2.337259,48.893336],[2.337076,48.893394],[2.337099,48.893439],[2.337295,48.893412],[2.33746,48.893388],[2.337565,48.893374],[2.337719,48.893353],[2.337772,48.893345],[2.337864,48.893333],[2.337987,48.893315],[2.337997,48.893289],[2.337848,48.893213],[2.337789,48.893183]]],[[[2.341066,48.894814],[2.341108,48.894804],[2.341117,48.894818],[2.341124,48.894831],[2.341482,48.89452],[2.341477,48.894511],[2.341289,48.894491],[2.341047,48.894699],[2.341001,48.894739],[2.340879,48.894845],[2.341012,48.894877],[2.341076,48.894859],[2.34106,48.894833],[2.34105,48.894818],[2.341066,48.894814]]],[[[2.338584,48.89268],[2.338437,48.892422],[2.338356,48.892442],[2.338614,48.89288],[2.33869,48.892867],[2.338599,48.892707],[2.338584,48.89268]]],[[[2.336933,48.894103],[2.336932,48.894101],[2.33683,48.894132],[2.336831,48.894135],[2.336933,48.894103]]]],"type":"MultiPolygon"},"properties":{"id_projet":"MATERNELLES (année scolaire 2022/2023)","libelle":"CLOYS (41) MAT","annee_scol":"2022-2023","zone_commune":0,"etiquette":"Secteur de l'école 33 RUE DES CLOYS","lib_etab_1":"CLOYS (41) MAT","lib_etab_2":null,"lib_etab_3":null,"lib_etab_4":null,"adr_etab_1":"33 RUE DES CLOYS","adr_etab_2":null,"adr_etab_3":null,"adr_etab_4":null,"type_etabl":"Maternelle","geo_point_2d":{"lon":2.339671233850474,"lat":48.89380292157216},"st_area_shape":79379.1755936968,"st_perimeter_shape":5706.241991575466}},{"type":"Feature","geometry":{"coordinates":[[[[2.345565,48.88573],[2.347303,48.885673],[2.347096,48.884681],[2.34502,48.884851],[2.34507,48.885761],[2.345565,48.88573]]],[[[2.345183,48.888014],[2.346775,48.888181],[2.34694,48.88791],[2.34457,48.887634],[2.343951,48.8889],[2.344466,48.889162],[2.345183,48.888014]]],[[[2.34488,48.886257],[2.344971,48.885882],[2.344142,48.88514],[2.344054,48.884491],[2.34278,48.884406],[2.344268,48.885824],[2.344095,48.886125],[2.34488,48.886257]]],[[[2.346821,48.883759],[2.345686,48.883373],[2.345418,48.883716],[2.345574,48.883366],[2.345322,48.883301],[2.344683,48.883877],[2.345949,48.884123],[2.346821,48.883759]]],[[[2.345399,48.887376],[2.347212,48.887421],[2.347492,48.886946],[2.346657,48.886773],[2.346459,48.887109],[2.345204,48.886632],[2.345399,48.887376]]],[[[2.344099,48.88744],[2.3435,48.887264],[2.343763,48.88879],[2.344419,48.887592],[2.344099,48.88744]]],[[[2.346866,48.88446],[2.346898,48.883889],[2.344937,48.884507],[2.345013,48.88476],[2.346866,48.88446]]],[[[2.346396,48.88583],[2.345083,48.88589],[2.345131,48.886331],[2.346527,48.886634],[2.346396,48.88583]]],[[[2.344307,48.886261],[2.344087,48.886236],[2.344637,48.887481],[2.345102,48.887561],[2.344993,48.886497],[2.344307,48.886261]]],[[[2.347547,48.886824],[2.347171,48.886734],[2.346758,48.886013],[2.347303,48.885753],[2.346526,48.885815],[2.346702,48.886673],[2.347547,48.886824]]],[[[2.343759,48.883831],[2.343416,48.884315],[2.344063,48.884335],[2.344451,48.883968],[2.343759,48.883831]]],[[[2.344776,48.884009],[2.344217,48.884354],[2.345607,48.884203],[2.344776,48.884009]]],[[[2.344723,48.885135],[2.344739,48.884543],[2.344329,48.88448],[2.344302,48.885104],[2.344723,48.885135]]],[[[2.343995,48.883042],[2.343623,48.883702],[2.343993,48.883769],[2.344271,48.883116],[2.343995,48.883042]]],[[[2.345446,48.886524],[2.345759,48.886866],[2.346345,48.88699],[2.346493,48.886759],[2.345446,48.886524]]],[[[2.343996,48.886363],[2.343863,48.886662],[2.344438,48.887416],[2.343996,48.886363]]],[[[2.3445,48.883444],[2.344218,48.883403],[2.344061,48.88378],[2.344567,48.883858],[2.344912,48.883529],[2.3445,48.883444]]],[[[2.346131,48.887755],[2.346211,48.887444],[2.345246,48.887657],[2.346131,48.887755]]],[[[2.346995,48.887484],[2.346383,48.887458],[2.346242,48.887734],[2.346922,48.887843],[2.346995,48.887484]]],[[[2.345004,48.888641],[2.344619,48.889211],[2.345565,48.888789],[2.345004,48.888641]]],[[[2.343361,48.884106],[2.343483,48.88378],[2.342717,48.884276],[2.343361,48.884106]]],[[[2.343777,48.883018],[2.343089,48.883219],[2.343521,48.883682],[2.343777,48.883018]]],[[[2.344624,48.883166],[2.344259,48.883352],[2.34516,48.883293],[2.344624,48.883166]]],[[[2.345354,48.888166],[2.345023,48.888532],[2.345602,48.88868],[2.345354,48.888166]]],[[[2.346155,48.888634],[2.34606,48.888613],[2.346035,48.888657],[2.345813,48.888675],[2.345798,48.888702],[2.345816,48.888727],[2.345975,48.888762],[2.346067,48.888783],[2.346178,48.888807],[2.346248,48.888788],[2.346373,48.888753],[2.346408,48.888744],[2.346479,48.888724],[2.346151,48.888639],[2.346155,48.888634]]],[[[2.344857,48.885293],[2.344587,48.885347],[2.344847,48.88557],[2.344857,48.885293]]],[[[2.345933,48.888847],[2.345777,48.888813],[2.345736,48.888817],[2.345665,48.888852],[2.345429,48.888965],[2.345462,48.889005],[2.3457,48.888939],[2.345935,48.888874],[2.345933,48.888847]]]],"type":"MultiPolygon"},"properties":{"id_projet":"MATERNELLES (année scolaire 2022/2023)","libelle":"ANDRE DEL SARTE (11) MAT","annee_scol":"2022-2023","zone_commune":0,"etiquette":"Secteur de l'école 11 RUE ANDRE DEL SARTE","lib_etab_1":"ANDRE DEL SARTE (11) MAT","lib_etab_2":null,"lib_etab_3":null,"lib_etab_4":null,"adr_etab_1":"11 RUE ANDRE DEL SARTE","adr_etab_2":null,"adr_etab_3":null,"adr_etab_4":null,"type_etabl":"Maternelle","geo_point_2d":{"lon":2.345216301268457,"lat":48.88590361746403},"st_area_shape":118042.2598531234,"st_perimeter_shape":8046.039691409688}},{"type":"Feature","geometry":{"coordinates":[[[2.358209,48.896789],[2.358458,48.895224],[2.355869,48.895272],[2.355688,48.89794],[2.358652,48.898292],[2.35868,48.89791],[2.358098,48.89789],[2.358209,48.896789]]],"type":"Polygon"},"properties":{"id_projet":"MATERNELLES (année scolaire 2022/2023)","libelle":"EVA KOTCHEVER","annee_scol":"2022-2023","zone_commune":0,"etiquette":"Secteur de l'école 4 RUE EVA KOTCHEVER","lib_etab_1":"EVA KOTCHEVER (4) POLY","lib_etab_2":null,"lib_etab_3":null,"lib_etab_4":null,"adr_etab_1":"4 RUE EVA KOTCHEVER","adr_etab_2":null,"adr_etab_3":null,"adr_etab_4":null,"type_etabl":"Maternelle","geo_point_2d":{"lon":2.357081102875634,"lat":48.89670545690078},"st_area_shape":60617.572582559165,"st_perimeter_shape":1135.7348553108488}},{"type":"Feature","geometry":{"coordinates":[[[[2.346174,48.890292],[2.347359,48.890262],[2.347349,48.889904],[2.346803,48.889911],[2.347109,48.889545],[2.347535,48.890216],[2.348324,48.890365],[2.348076,48.889096],[2.346571,48.888981],[2.345546,48.890635],[2.346174,48.890292]]],[[[2.347943,48.888537],[2.346697,48.888886],[2.348018,48.888986],[2.347943,48.888537]]],[[[2.349382,48.888433],[2.34812,48.888453],[2.348218,48.888997],[2.349306,48.889352],[2.349382,48.888433]]],[[[2.348383,48.889162],[2.348544,48.890292],[2.349392,48.889495],[2.348383,48.889162]]],[[[2.348666,48.890383],[2.348794,48.890344],[2.348793,48.890345],[2.348975,48.890294],[2.348977,48.890295],[2.348977,48.890297],[2.349151,48.89025],[2.349151,48.890247],[2.349174,48.890204],[2.349179,48.890193],[2.349208,48.890139],[2.34921,48.890139],[2.349269,48.89003],[2.349269,48.890029],[2.349375,48.889846],[2.349356,48.889842],[2.349176,48.889978],[2.349068,48.89006],[2.348961,48.890141],[2.348854,48.890221],[2.348797,48.890264],[2.348657,48.89037],[2.348666,48.890383]]],[[[2.346924,48.890368],[2.345705,48.890757],[2.347277,48.891183],[2.348275,48.890493],[2.346924,48.890368]]],[[[2.348395,48.890603],[2.347565,48.891262],[2.348596,48.891516],[2.348395,48.890603]]],[[[2.349388,48.891492],[2.349087,48.891386],[2.349012,48.890656],[2.348569,48.890517],[2.348805,48.89159],[2.349388,48.891492]]],[[[2.34585,48.890912],[2.345601,48.890872],[2.346263,48.891964],[2.347173,48.891319],[2.34585,48.890912]]],[[[2.347522,48.891365],[2.346452,48.89202],[2.34852,48.891664],[2.347522,48.891365]]],[[[2.346113,48.892004],[2.345443,48.8909],[2.344781,48.891799],[2.345461,48.892047],[2.345076,48.892301],[2.346113,48.892004]]],[[[2.347755,48.892746],[2.347098,48.892127],[2.347874,48.89343],[2.347755,48.892746]]],[[[2.34779,48.89358],[2.346901,48.892153],[2.347354,48.893539],[2.34779,48.89358]]]],"type":"MultiPolygon"},"properties":{"id_projet":"MATERNELLES (année scolaire 2023/2024)","libelle":"FERDINAND FLOCON (3) MAT","annee_scol":"2023-2024","zone_commune":0,"etiquette":"Secteur de l'école 3 RUE FERDINAND FLOCON","lib_etab_1":"FERDINAND FLOCON (3) MAT","lib_etab_2":null,"lib_etab_3":null,"lib_etab_4":null,"adr_etab_1":"3 RUE FERDINAND FLOCON","adr_etab_2":null,"adr_etab_3":null,"adr_etab_4":null,"type_etabl":"Maternelle","geo_point_2d":{"lon":2.347375376174863,"lat":48.89051096420383},"st_area_shape":78339.06187836308,"st_perimeter_shape":5016.250555617623}},{"type":"Feature","geometry":{"coordinates":[[[[2.35285,48.887534],[2.35313,48.887576],[2.35331,48.887134],[2.350875,48.886793],[2.351096,48.88718],[2.35285,48.887534]]],[[[2.352395,48.886805],[2.352666,48.886614],[2.350465,48.886283],[2.350818,48.886679],[2.352395,48.886805]]],[[[2.349944,48.88666],[2.349776,48.887156],[2.350006,48.887462],[2.350874,48.887093],[2.350652,48.88675],[2.349944,48.88666]]],[[[2.350955,48.887232],[2.350187,48.887563],[2.351321,48.888129],[2.350955,48.887232]]],[[[2.3515,48.887374],[2.351166,48.887332],[2.351448,48.887886],[2.352645,48.88765],[2.3515,48.887374]]],[[[2.351916,48.886321],[2.351996,48.885969],[2.350237,48.886027],[2.351916,48.886321]]],[[[2.350388,48.885664],[2.34984,48.885549],[2.350185,48.885933],[2.351188,48.885854],[2.351102,48.885588],[2.350388,48.885664]],[[2.350323,48.885672],[2.350388,48.885664],[2.350396,48.885687],[2.35041,48.885731],[2.35037,48.885736],[2.350345,48.885739],[2.350218,48.885754],[2.350185,48.885758],[2.350163,48.88569],[2.350197,48.885687],[2.350323,48.885672]]],[[[2.352068,48.888032],[2.353045,48.888028],[2.352906,48.887711],[2.351494,48.88799],[2.351587,48.888228],[2.352068,48.888032]]],[[[2.349953,48.885915],[2.349755,48.885748],[2.349767,48.886511],[2.350539,48.886625],[2.349953,48.885915]]],[[[2.351013,48.888191],[2.349779,48.887576],[2.350182,48.888025],[2.351013,48.888191]]],[[[2.349223,48.886964],[2.349318,48.88658],[2.347899,48.886406],[2.349223,48.886964]]],[[[2.352602,48.886425],[2.352139,48.885971],[2.352049,48.886395],[2.352602,48.886425]]],[[[2.351952,48.885909],[2.35227,48.885604],[2.351741,48.885574],[2.351197,48.885894],[2.351952,48.885909]]],[[[2.349164,48.886309],[2.349342,48.886451],[2.349303,48.885706],[2.348963,48.885993],[2.349164,48.886309]]],[[[2.353239,48.886964],[2.35325,48.886925],[2.353263,48.886883],[2.353184,48.886871],[2.353133,48.886863],[2.35303,48.886847],[2.353002,48.886843],[2.35299,48.886879],[2.352887,48.886867],[2.352899,48.88683],[2.352679,48.886944],[2.352694,48.886961],[2.352846,48.886984],[2.352948,48.887],[2.353078,48.88702],[2.353216,48.887041],[2.353336,48.887059],[2.35334,48.887057],[2.353242,48.886964],[2.353239,48.886964]]]],"type":"MultiPolygon"},"properties":{"id_projet":"MATERNELLES (année scolaire 2024/2025)","libelle":"RICHOMME (18) MAT","annee_scol":"2024-2025","zone_commune":0,"etiquette":"Secteur de l'école 18 RUE RICHOMME","lib_etab_1":"RICHOMME (18) MAT","lib_etab_2":null,"lib_etab_3":null,"lib_etab_4":null,"adr_etab_1":"18 RUE RICHOMME","adr_etab_2":null,"adr_etab_3":null,"adr_etab_4":null,"type_etabl":"Maternelle","geo_point_2d":{"lon":2.3511748279631344,"lat":48.88688043579204},"st_area_shape":46195.09819280452,"st_perimeter_shape":4245.365237073529}},{"type":"Feature","geometry":{"coordinates":[[[[2.348044,48.897277],[2.351665,48.897092],[2.352313,48.895811],[2.352192,48.895372],[2.35278,48.89519],[2.351738,48.895302],[2.351827,48.895732],[2.351305,48.895795],[2.351629,48.895627],[2.351517,48.895326],[2.348323,48.895668],[2.348388,48.895887],[2.346486,48.896253],[2.347776,48.896621],[2.348044,48.897277]]],[[[2.349326,48.891745],[2.348874,48.891785],[2.348924,48.892137],[2.349326,48.891745]]],[[[2.351001,48.892739],[2.349957,48.89188],[2.35065,48.892933],[2.351001,48.892739]]],[[[2.350786,48.893094],[2.350715,48.892983],[2.350708,48.892985],[2.350696,48.893001],[2.350763,48.893099],[2.350786,48.893094]]],[[[2.349887,48.89309],[2.35049,48.892961],[2.349682,48.891877],[2.349371,48.892249],[2.349627,48.892691],[2.349314,48.892317],[2.349036,48.892648],[2.34916,48.893208],[2.349887,48.89309]]],[[[2.348486,48.892749],[2.348788,48.892389],[2.348668,48.891844],[2.347098,48.892127],[2.347403,48.892165],[2.347932,48.893412],[2.348486,48.892749]]],[[[2.351759,48.893259],[2.351678,48.893036],[2.350791,48.89314],[2.351073,48.893524],[2.351759,48.893259]]],[[[2.351886,48.89388],[2.352632,48.893727],[2.352242,48.893578],[2.35258,48.893337],[2.351193,48.893618],[2.351886,48.89388]]],[[[2.350538,48.893029],[2.349201,48.893271],[2.349326,48.893968],[2.350881,48.893579],[2.350538,48.893029]]],[[[2.348894,48.892873],[2.347541,48.894436],[2.349146,48.89402],[2.348894,48.892873]]],[[[2.351543,48.894088],[2.350626,48.894327],[2.350774,48.894572],[2.351825,48.894362],[2.351543,48.894088]]],[[[2.350471,48.894363],[2.351347,48.893993],[2.351011,48.893677],[2.349359,48.894116],[2.349627,48.894766],[2.350519,48.89461],[2.350471,48.894363]]],[[[2.353037,48.894281],[2.353052,48.89405],[2.353742,48.894003],[2.353681,48.893745],[2.352855,48.893824],[2.353056,48.895046],[2.353037,48.894281]]],[[[2.349319,48.894809],[2.349143,48.894156],[2.347878,48.894511],[2.348221,48.895039],[2.349319,48.894809]]],[[[2.347972,48.894872],[2.347385,48.894624],[2.346829,48.895283],[2.347962,48.895089],[2.347972,48.894872]]],[[[2.350505,48.895308],[2.352763,48.895025],[2.351945,48.894449],[2.349561,48.894891],[2.349758,48.895388],[2.350505,48.895308]]],[[[2.34806,48.895195],[2.347545,48.895488],[2.348138,48.895387],[2.34806,48.895195]]],[[[2.349406,48.895204],[2.349314,48.894873],[2.348173,48.895114],[2.348411,48.895531],[2.349425,48.895423],[2.349406,48.895204]]],[[[2.348207,48.895532],[2.348158,48.895429],[2.348058,48.89545],[2.347927,48.895477],[2.347798,48.895504],[2.347781,48.895507],[2.34771,48.895522],[2.347582,48.895548],[2.347569,48.895566],[2.347585,48.89562],[2.347836,48.895593],[2.347972,48.895578],[2.348108,48.895564],[2.348185,48.895555],[2.348207,48.895532]]],[[[2.347507,48.895578],[2.347482,48.895568],[2.347361,48.895593],[2.34723,48.89562],[2.347091,48.895649],[2.347105,48.895676],[2.347248,48.89566],[2.347385,48.895646],[2.347383,48.895641],[2.347387,48.895641],[2.34752,48.895627],[2.347507,48.895578]]],[[[2.347422,48.89532],[2.346516,48.895661],[2.34746,48.895526],[2.347422,48.89532]]],[[[2.348325,48.895809],[2.346543,48.895956],[2.346883,48.896133],[2.348325,48.895809]]],[[[2.346686,48.896167],[2.346529,48.896085],[2.346475,48.896215],[2.346684,48.896173],[2.346686,48.896167]]]],"type":"MultiPolygon"},"properties":{"id_projet":"MATERNELLES (année scolaire 2024/2025)","libelle":"AMIRAUX (19) MAT","annee_scol":"2024-2025","zone_commune":0,"etiquette":"Secteur de l'école 19 RUE DES AMIRAUX","lib_etab_1":"AMIRAUX (19) MAT","lib_etab_2":null,"lib_etab_3":null,"lib_etab_4":null,"adr_etab_1":"19 RUE DES AMIRAUX","adr_etab_2":null,"adr_etab_3":null,"adr_etab_4":null,"type_etabl":"Maternelle","geo_point_2d":{"lon":2.3497297483705784,"lat":48.89488697697673},"st_area_shape":154899.00549538672,"st_perimeter_shape":7611.7978655216475}},{"type":"Feature","geometry":{"coordinates":[[[[2.35774,48.886096],[2.359293,48.886009],[2.359143,48.884885],[2.357353,48.884964],[2.358221,48.884784],[2.358238,48.884552],[2.356511,48.884235],[2.356643,48.88444],[2.356305,48.884442],[2.356886,48.885156],[2.356712,48.88597],[2.35774,48.886096]]],[[[2.35497,48.884404],[2.355185,48.884367],[2.355183,48.884337],[2.355102,48.884331],[2.35497,48.884384],[2.35497,48.884384],[2.354857,48.88437],[2.354857,48.884369],[2.354709,48.884375],[2.35471,48.88438],[2.354528,48.88438],[2.354528,48.884381],[2.354431,48.884386],[2.354431,48.884385],[2.354417,48.884385],[2.354317,48.884378],[2.354317,48.884377],[2.354132,48.88453],[2.354138,48.884536],[2.354204,48.884537],[2.354329,48.884515],[2.354416,48.8845],[2.354507,48.884484],[2.354716,48.884448],[2.354863,48.884423],[2.35497,48.884404]]],[[[2.358822,48.884595],[2.358314,48.88456],[2.358298,48.884783],[2.359049,48.884744],[2.358822,48.884595]]],[[[2.356033,48.884398],[2.354426,48.884634],[2.356595,48.884869],[2.356033,48.884398]]],[[[2.354327,48.884709],[2.353924,48.884679],[2.354167,48.884945],[2.355138,48.884923],[2.354327,48.884709]]],[[[2.354638,48.885119],[2.352618,48.885085],[2.353017,48.885645],[2.354638,48.885119]]],[[[2.355058,48.885166],[2.354209,48.885481],[2.354933,48.885774],[2.355058,48.885166]]],[[[2.355716,48.885204],[2.355234,48.885087],[2.355128,48.885766],[2.355614,48.885804],[2.355716,48.885204]]],[[[2.35256,48.885772],[2.352895,48.885679],[2.352504,48.88509],[2.35214,48.885596],[2.352219,48.885867],[2.35256,48.885772]]],[[[2.356689,48.885233],[2.356707,48.884993],[2.355906,48.88505],[2.355775,48.885821],[2.35654,48.885942],[2.356689,48.885233]]],[[[2.355559,48.885944],[2.354489,48.886068],[2.355521,48.886245],[2.355559,48.885944]]],[[[2.356375,48.886247],[2.355782,48.885988],[2.355757,48.886252],[2.356375,48.886247]]],[[[2.352787,48.88639],[2.352924,48.885761],[2.352236,48.885931],[2.352787,48.88639]]],[[[2.354352,48.885754],[2.35407,48.885539],[2.352948,48.886274],[2.353375,48.88667],[2.354268,48.886252],[2.354352,48.885754]]],[[[2.354668,48.886307],[2.353721,48.886649],[2.354779,48.886709],[2.354668,48.886307]]],[[[2.35549,48.886368],[2.35503,48.886353],[2.354973,48.886693],[2.355463,48.886702],[2.35549,48.886368]]],[[[2.356446,48.88639],[2.355681,48.886376],[2.355628,48.886703],[2.356345,48.886735],[2.356446,48.88639]]],[[[2.352649,48.886725],[2.352685,48.886638],[2.352676,48.886627],[2.352522,48.886678],[2.352512,48.886703],[2.352439,48.886691],[2.352422,48.886735],[2.352417,48.886746],[2.352395,48.886805],[2.352425,48.88681],[2.35246,48.886816],[2.352534,48.886937],[2.352569,48.886924],[2.352603,48.88684],[2.352649,48.886725]]],[[[2.353372,48.8869],[2.352811,48.886651],[2.352674,48.886937],[2.353372,48.8869]]],[[[2.353661,48.88678],[2.353598,48.887082],[2.355406,48.887202],[2.355414,48.886809],[2.353661,48.88678]]],[[[2.355783,48.886815],[2.355566,48.887234],[2.356273,48.88721],[2.35635,48.886846],[2.355783,48.886815]]],[[[2.357824,48.88732],[2.357879,48.886421],[2.358932,48.886462],[2.359311,48.886195],[2.356662,48.886206],[2.35646,48.887166],[2.357824,48.88732]]],[[[2.353426,48.887546],[2.353336,48.887155],[2.353074,48.887334],[2.353426,48.887546]]],[[[2.353829,48.887511],[2.355824,48.887687],[2.356174,48.88741],[2.353565,48.88717],[2.35356,48.887736],[2.353829,48.887511]]],[[[2.353163,48.887848],[2.35341,48.887676],[2.352906,48.887711],[2.353045,48.888028],[2.353163,48.887848]]]],"type":"MultiPolygon"},"properties":{"id_projet":"MATERNELLES (année scolaire 2025/2026)","libelle":"ST LUC (3) MAT","annee_scol":"2025-2026","zone_commune":0,"etiquette":"Secteur de l'école 3 RUE SAINT LUC","lib_etab_1":"ST LUC (3) MAT","lib_etab_2":null,"lib_etab_3":null,"lib_etab_4":null,"adr_etab_1":"3 RUE SAINT LUC","adr_etab_2":null,"adr_etab_3":null,"adr_etab_4":null,"type_etabl":"Maternelle","geo_point_2d":{"lon":2.3558722972226254,"lat":48.88591860566468},"st_area_shape":108038.63405182901,"st_perimeter_shape":7004.264147556628}},{"type":"Feature","geometry":{"coordinates":[[[[2.355926,48.88817],[2.353572,48.887861],[2.353645,48.888418],[2.355946,48.888627],[2.355926,48.88817]]],[[[2.355183,48.887588],[2.353831,48.887496],[2.353568,48.887742],[2.356088,48.88796],[2.355183,48.887588]]],[[[2.35348,48.888187],[2.35341,48.887676],[2.353177,48.888026],[2.351587,48.888228],[2.353464,48.888402],[2.35348,48.888187]]],[[[2.353814,48.888569],[2.353694,48.888912],[2.354503,48.88885],[2.353814,48.888569]]],[[[2.351959,48.889005],[2.353503,48.888922],[2.353504,48.888558],[2.351682,48.888375],[2.352108,48.888612],[2.351959,48.889005]]],[[[2.352487,48.889235],[2.353416,48.889016],[2.351754,48.889105],[2.352487,48.889235]]],[[[2.35071,48.889519],[2.350488,48.888865],[2.351181,48.888944],[2.351469,48.888355],[2.349788,48.88842],[2.349817,48.88953],[2.35071,48.889519]]],[[[2.355181,48.889105],[2.355803,48.88914],[2.355868,48.888755],[2.354643,48.888665],[2.354633,48.890304],[2.355139,48.890313],[2.355181,48.889105]]],[[[2.353701,48.890292],[2.354469,48.890302],[2.354472,48.88896],[2.353669,48.889003],[2.353419,48.890273],[2.353701,48.890292]]],[[[2.355385,48.889176],[2.355218,48.890314],[2.355707,48.890299],[2.355856,48.889213],[2.355385,48.889176]]],[[[2.35427,48.890605],[2.354437,48.890574],[2.354462,48.890552],[2.354463,48.890499],[2.354465,48.890429],[2.354437,48.89041],[2.354228,48.890407],[2.354004,48.890404],[2.353812,48.890401],[2.353696,48.890399],[2.353683,48.8904],[2.353504,48.890409],[2.35344,48.890412],[2.353389,48.890444],[2.35336,48.890593],[2.353359,48.890595],[2.353363,48.890595],[2.353412,48.890763],[2.353638,48.890721],[2.353865,48.890679],[2.354054,48.890644],[2.35427,48.890605]]],[[[2.352007,48.891373],[2.355012,48.890918],[2.354916,48.890671],[2.352007,48.891373]]]],"type":"MultiPolygon"},"properties":{"id_projet":"MATERNELLES (année scolaire 2025/2026)","libelle":"EMILE DUPLOYE (27) MAT","annee_scol":"2025-2026","zone_commune":0,"etiquette":"Secteur de l'école 27 RUE EMILE DUPLOYE","lib_etab_1":"EMILE DUPLOYE (27) MAT","lib_etab_2":null,"lib_etab_3":null,"lib_etab_4":null,"adr_etab_1":"27 RUE EMILE DUPLOYE","adr_etab_2":null,"adr_etab_3":null,"adr_etab_4":null,"type_etabl":"Maternelle","geo_point_2d":{"lon":2.3536488989038946,"lat":48.889087619772624},"st_area_shape":74374.1215675427,"st_perimeter_shape":4851.409079110254}},{"type":"Feature","geometry":{"coordinates":[[[[2.348044,48.897277],[2.351665,48.897092],[2.352313,48.895811],[2.352192,48.895372],[2.35278,48.89519],[2.351738,48.895302],[2.351827,48.895732],[2.351305,48.895795],[2.351629,48.895627],[2.351517,48.895326],[2.348323,48.895668],[2.348388,48.895887],[2.346486,48.896253],[2.347776,48.896621],[2.348044,48.897277]]],[[[2.350786,48.893094],[2.350715,48.892983],[2.350708,48.892985],[2.350696,48.893001],[2.350763,48.893099],[2.350786,48.893094]]],[[[2.346686,48.896167],[2.346529,48.896085],[2.346475,48.896215],[2.346684,48.896173],[2.346686,48.896167]]],[[[2.347507,48.895578],[2.347482,48.895568],[2.347361,48.895593],[2.34723,48.89562],[2.347091,48.895649],[2.347105,48.895676],[2.347248,48.89566],[2.347385,48.895646],[2.347383,48.895641],[2.347387,48.895641],[2.34752,48.895627],[2.347507,48.895578]]],[[[2.348207,48.895532],[2.348158,48.895429],[2.348058,48.89545],[2.347927,48.895477],[2.347798,48.895504],[2.347781,48.895507],[2.34771,48.895522],[2.347582,48.895548],[2.347569,48.895566],[2.347585,48.89562],[2.347836,48.895593],[2.347972,48.895578],[2.348108,48.895564],[2.348185,48.895555],[2.348207,48.895532]]],[[[2.349326,48.891745],[2.348874,48.891785],[2.348924,48.892137],[2.349326,48.891745]]],[[[2.34806,48.895195],[2.347545,48.895488],[2.348138,48.895387],[2.34806,48.895195]]],[[[2.347422,48.89532],[2.346516,48.895661],[2.34746,48.895526],[2.347422,48.89532]]],[[[2.351759,48.893259],[2.351678,48.893036],[2.350791,48.89314],[2.351073,48.893524],[2.351759,48.893259]]],[[[2.353037,48.894281],[2.353052,48.89405],[2.353742,48.894003],[2.353681,48.893745],[2.352855,48.893824],[2.353056,48.895046],[2.353037,48.894281]]],[[[2.351543,48.894088],[2.350626,48.894327],[2.350774,48.894572],[2.351825,48.894362],[2.351543,48.894088]]],[[[2.351001,48.892739],[2.349957,48.89188],[2.35065,48.892933],[2.351001,48.892739]]],[[[2.348325,48.895809],[2.346543,48.895956],[2.346883,48.896133],[2.348325,48.895809]]],[[[2.347972,48.894872],[2.347385,48.894624],[2.346829,48.895283],[2.347962,48.895089],[2.347972,48.894872]]],[[[2.351886,48.89388],[2.352632,48.893727],[2.352242,48.893578],[2.35258,48.893337],[2.351193,48.893618],[2.351886,48.89388]]],[[[2.349406,48.895204],[2.349314,48.894873],[2.348173,48.895114],[2.348411,48.895531],[2.349425,48.895423],[2.349406,48.895204]]],[[[2.349319,48.894809],[2.349143,48.894156],[2.347878,48.894511],[2.348221,48.895039],[2.349319,48.894809]]],[[[2.350538,48.893029],[2.349201,48.893271],[2.349326,48.893968],[2.350881,48.893579],[2.350538,48.893029]]],[[[2.348894,48.892873],[2.347541,48.894436],[2.349146,48.89402],[2.348894,48.892873]]],[[[2.349887,48.89309],[2.35049,48.892961],[2.349682,48.891877],[2.349371,48.892249],[2.349627,48.892691],[2.349314,48.892317],[2.349036,48.892648],[2.34916,48.893208],[2.349887,48.89309]]],[[[2.350471,48.894363],[2.351347,48.893993],[2.351011,48.893677],[2.349359,48.894116],[2.349627,48.894766],[2.350519,48.89461],[2.350471,48.894363]]],[[[2.348486,48.892749],[2.348788,48.892389],[2.348668,48.891844],[2.347098,48.892127],[2.347403,48.892165],[2.347932,48.893412],[2.348486,48.892749]]],[[[2.350505,48.895308],[2.352763,48.895025],[2.351945,48.894449],[2.349561,48.894891],[2.349758,48.895388],[2.350505,48.895308]]]],"type":"MultiPolygon"},"properties":{"id_projet":"MATERNELLES (année scolaire 2026/2027)","libelle":"AMIRAUX (19) MAT","annee_scol":"2026-2027","zone_commune":0,"etiquette":"Secteur de l'école 19 AMIRAUX (19) MAT","lib_etab_1":"AMIRAUX (19) MAT","lib_etab_2":null,"lib_etab_3":null,"lib_etab_4":null,"adr_etab_1":"19 AMIRAUX (19) MAT","adr_etab_2":null,"adr_etab_3":null,"adr_etab_4":null,"type_etabl":"Maternelle","geo_point_2d":{"lon":2.3497297483705784,"lat":48.8948869769768},"st_area_shape":154899.00549538672,"st_perimeter_shape":7611.797865521648}},{"type":"Feature","geometry":{"coordinates":[[[2.358209,48.896789],[2.358458,48.895224],[2.355869,48.895272],[2.355688,48.89794],[2.358652,48.898292],[2.35868,48.89791],[2.358098,48.89789],[2.358209,48.896789]]],"type":"Polygon"},"properties":{"id_projet":"MATERNELLES (année scolaire 2026/2027)","libelle":"EVA KOTCHEVER","annee_scol":"2026-2027","zone_commune":0,"etiquette":"Secteur de l'école 4 EVA KOTCHEVER (4) POLY","lib_etab_1":"EVA KOTCHEVER (4) POLY","lib_etab_2":null,"lib_etab_3":null,"lib_etab_4":null,"adr_etab_1":"4 EVA KOTCHEVER (4) POLY","adr_etab_2":null,"adr_etab_3":null,"adr_etab_4":null,"type_etabl":"Maternelle","geo_point_2d":{"lon":2.357081102875634,"lat":48.89670545690078},"st_area_shape":60617.572582559165,"st_perimeter_shape":1135.7348553108488}},{"type":"Feature","geometry":{"coordinates":[[[[2.337114,48.894831],[2.336258,48.893751],[2.335549,48.894795],[2.33733,48.895193],[2.337114,48.894831]]],[[[2.342164,48.895354],[2.342008,48.895233],[2.342007,48.895234],[2.341868,48.895419],[2.341795,48.895515],[2.341704,48.895634],[2.341752,48.895686],[2.341759,48.895683],[2.342164,48.895354]]],[[[2.341823,48.895174],[2.341823,48.895174],[2.341434,48.895324],[2.341436,48.895327],[2.341424,48.895331],[2.341416,48.895622],[2.341485,48.895624],[2.341541,48.89555],[2.341607,48.895461],[2.3417,48.895338],[2.34177,48.895245],[2.341823,48.895174]]],[[[2.336239,48.897579],[2.336476,48.897413],[2.335895,48.897421],[2.336239,48.897579]]],[[[2.337057,48.897144],[2.336509,48.89721],[2.33659,48.897406],[2.337057,48.897144]]],[[[2.337993,48.897074],[2.337106,48.897108],[2.337182,48.897313],[2.337993,48.897074]]],[[[2.339349,48.895837],[2.338703,48.895657],[2.338892,48.896225],[2.339349,48.895837]]],[[[2.337619,48.897454],[2.337621,48.897453],[2.337611,48.897454],[2.337685,48.897379],[2.337735,48.897329],[2.33771,48.89731],[2.337442,48.897353],[2.337322,48.897372],[2.337205,48.897391],[2.337083,48.89741],[2.336845,48.897448],[2.336723,48.897467],[2.336651,48.897478],[2.336587,48.897488],[2.336322,48.897573],[2.336329,48.8976],[2.336706,48.897607],[2.336777,48.897608],[2.336904,48.897611],[2.337149,48.897617],[2.337313,48.897621],[2.337388,48.897622],[2.337485,48.897589],[2.337619,48.897454]]],[[[2.340811,48.8954],[2.339831,48.89566],[2.341191,48.895709],[2.340811,48.8954]]],[[[2.338712,48.896104],[2.33852,48.895591],[2.337764,48.895448],[2.33822,48.896091],[2.338601,48.89603],[2.338232,48.896108],[2.338547,48.896553],[2.338712,48.896104]]],[[[2.338314,48.894912],[2.337533,48.894193],[2.336894,48.894218],[2.33765,48.895264],[2.338455,48.895443],[2.338314,48.894912]]],[[[2.339377,48.894709],[2.33927,48.89446],[2.338341,48.894582],[2.338642,48.895476],[2.339389,48.895647],[2.339656,48.895367],[2.339377,48.894709]]]],"type":"MultiPolygon"},"properties":{"id_projet":"MATERNELLES (année scolaire 2026/2027)","libelle":"CHAMPIONNET (113)","annee_scol":"2026-2027","zone_commune":0,"etiquette":"Secteur de l'école 113 CHAMPIONNET (113) POLY","lib_etab_1":"CHAMPIONNET (113) POLY","lib_etab_2":null,"lib_etab_3":null,"lib_etab_4":null,"adr_etab_1":"113 CHAMPIONNET (113) POLY","adr_etab_2":null,"adr_etab_3":null,"adr_etab_4":null,"type_etabl":"Maternelle","geo_point_2d":{"lon":2.3379917430881814,"lat":48.895357230955554},"st_area_shape":38812.7308798335,"st_perimeter_shape":2983.7676500379207}},{"type":"Feature","geometry":{"coordinates":[[[[2.36886,48.891591],[2.367959,48.889768],[2.363895,48.889982],[2.363982,48.890563],[2.364794,48.890538],[2.364043,48.890638],[2.364069,48.891137],[2.365425,48.891039],[2.365527,48.891614],[2.366184,48.891566],[2.366112,48.892303],[2.36886,48.891591]]],[[[2.360338,48.893241],[2.361333,48.893205],[2.361125,48.89223],[2.359973,48.892097],[2.359799,48.893239],[2.360338,48.893241]]],[[[2.363212,48.891468],[2.361323,48.891551],[2.361932,48.892035],[2.363239,48.8919],[2.363212,48.891468]]],[[[2.365242,48.891182],[2.363482,48.89131],[2.363427,48.891862],[2.365371,48.891681],[2.365242,48.891182]]],[[[2.359283,48.893701],[2.359525,48.892761],[2.358644,48.892662],[2.35958,48.892613],[2.358563,48.892243],[2.358442,48.893461],[2.359283,48.893701]],[[2.359113,48.893021],[2.359028,48.893018],[2.35924,48.893027],[2.359113,48.893021]]],[[[2.360767,48.891349],[2.360825,48.891148],[2.360126,48.89097],[2.359981,48.891951],[2.361366,48.891819],[2.360767,48.891349]]],[[[2.361437,48.894003],[2.361661,48.894041],[2.361304,48.893313],[2.359789,48.893402],[2.360267,48.893595],[2.359972,48.893776],[2.36052,48.89374],[2.360582,48.894142],[2.361437,48.894003]]],[[[2.359596,48.891062],[2.357495,48.890984],[2.359653,48.890992],[2.359193,48.890805],[2.357269,48.890776],[2.357234,48.89121],[2.359596,48.891062]]],[[[2.36121,48.890484],[2.361185,48.890141],[2.36028,48.890231],[2.360159,48.890839],[2.361166,48.891129],[2.36121,48.890484]]],[[[2.363732,48.889983],[2.363181,48.889992],[2.363373,48.891209],[2.363908,48.89115],[2.363732,48.889983]]],[[[2.362497,48.89024],[2.362454,48.890017],[2.361378,48.890122],[2.361343,48.890623],[2.362511,48.890654],[2.362497,48.89024]]],[[[2.363752,48.892269],[2.365396,48.891792],[2.363471,48.891985],[2.363752,48.892269]]],[[[2.361973,48.8937],[2.363059,48.893251],[2.3615,48.893307],[2.361771,48.89397],[2.361973,48.8937]]],[[[2.36309,48.893055],[2.361726,48.892467],[2.361959,48.893181],[2.36309,48.893055]]],[[[2.362483,48.890743],[2.362371,48.891244],[2.363178,48.891197],[2.363129,48.890826],[2.362483,48.890743]]],[[[2.363018,48.889996],[2.362599,48.890015],[2.362693,48.890655],[2.363104,48.890639],[2.363018,48.889996]]],[[[2.361528,48.892205],[2.361264,48.892221],[2.361467,48.893167],[2.36171,48.893173],[2.361528,48.892205]]],[[[2.361744,48.890735],[2.361339,48.89073],[2.361327,48.891191],[2.361734,48.891195],[2.361744,48.890735]]],[[[2.362061,48.890739],[2.361893,48.89124],[2.362208,48.891243],[2.362061,48.890739]]],[[[2.36324,48.892057],[2.363162,48.892017],[2.362892,48.892045],[2.362584,48.892077],[2.362025,48.892134],[2.362018,48.892149],[2.36263,48.892255],[2.362631,48.892259],[2.362787,48.892252],[2.362813,48.892251],[2.362846,48.89225],[2.362942,48.892245],[2.362942,48.892242],[2.36324,48.892057]]]],"type":"MultiPolygon"},"properties":{"id_projet":"MATERNELLES (année scolaire 2021/2022)","libelle":"TORCY (10-12) MAT","annee_scol":"2021-2022","zone_commune":0,"etiquette":"Secteur de l'école 12 RUE DE TORCY","lib_etab_1":"TORCY (10-12) MAT","lib_etab_2":null,"lib_etab_3":null,"lib_etab_4":null,"adr_etab_1":"12 RUE DE TORCY","adr_etab_2":null,"adr_etab_3":null,"adr_etab_4":null,"type_etabl":"Maternelle","geo_point_2d":{"lon":2.363470793262182,"lat":48.89145537151078},"st_area_shape":164777.41020227782,"st_perimeter_shape":7886.42015108126}},{"type":"Feature","geometry":{"coordinates":[[[[2.35877,48.89677],[2.358854,48.895739],[2.358519,48.895259],[2.359027,48.894806],[2.359056,48.894202],[2.35645,48.894148],[2.356371,48.895164],[2.358458,48.895224],[2.358098,48.89789],[2.35868,48.89791],[2.35877,48.89677]]],[[[2.360509,48.89464],[2.359778,48.894296],[2.360639,48.894411],[2.36056,48.893968],[2.36005,48.894002],[2.359981,48.893695],[2.360267,48.893595],[2.359789,48.893402],[2.359587,48.894788],[2.360509,48.89464]]],[[[2.360465,48.89732],[2.360647,48.896825],[2.360313,48.896814],[2.360331,48.896375],[2.360025,48.89639],[2.359746,48.895888],[2.359651,48.897087],[2.360386,48.89716],[2.359651,48.897159],[2.360465,48.89732]]]],"type":"MultiPolygon"},"properties":{"id_projet":"MATERNELLES (année scolaire 2022/2023)","libelle":"MAURICE GENEVOIX (3) POLY","annee_scol":"2022-2023","zone_commune":0,"etiquette":"Secteur de l'école 3 RUE MAURICE GENEVOIX","lib_etab_1":"MAURICE GENEVOIX (3) POLY","lib_etab_2":null,"lib_etab_3":null,"lib_etab_4":null,"adr_etab_1":"3 RUE MAURICE GENEVOIX","adr_etab_2":null,"adr_etab_3":null,"adr_etab_4":null,"type_etabl":"Maternelle","geo_point_2d":{"lon":2.3585535237607926,"lat":48.8953797586781},"st_area_shape":44173.73287473737,"st_perimeter_shape":2441.3830267209023}},{"type":"Feature","geometry":{"coordinates":[[[[2.344953,48.894193],[2.345253,48.894276],[2.344278,48.892628],[2.343965,48.89276],[2.344516,48.89446],[2.344953,48.894193]]],[[[2.346164,48.889329],[2.346338,48.888957],[2.345964,48.889283],[2.346164,48.889329]]],[[[2.345975,48.889656],[2.345316,48.889542],[2.345371,48.889798],[2.345975,48.889656]]],[[[2.345751,48.890016],[2.345812,48.889921],[2.345858,48.88985],[2.345829,48.889833],[2.345517,48.889846],[2.345526,48.889901],[2.345531,48.889937],[2.345279,48.889955],[2.345279,48.889957],[2.345281,48.889968],[2.344755,48.889925],[2.344664,48.889802],[2.344601,48.889809],[2.344543,48.889815],[2.344483,48.889821],[2.344476,48.889822],[2.34443,48.889827],[2.344435,48.889855],[2.344451,48.88994],[2.344388,48.889946],[2.344283,48.889956],[2.344296,48.89003],[2.344311,48.890117],[2.344481,48.890105],[2.344651,48.890094],[2.344869,48.890078],[2.345292,48.890049],[2.345546,48.890031],[2.345751,48.890016]]],[[[2.345113,48.890751],[2.345655,48.890163],[2.344344,48.890222],[2.344643,48.890582],[2.344262,48.890625],[2.344566,48.890727],[2.344355,48.890994],[2.345113,48.890751]]],[[[2.345142,48.890935],[2.344438,48.891131],[2.344648,48.891584],[2.345142,48.890935]]],[[[2.343991,48.891749],[2.34448,48.891591],[2.344254,48.891165],[2.343748,48.891259],[2.343991,48.891749]]],[[[2.343587,48.891459],[2.343187,48.891284],[2.343108,48.891995],[2.3438,48.89181],[2.343587,48.891459]]],[[[2.345307,48.891823],[2.34477,48.891815],[2.345015,48.892279],[2.345461,48.892047],[2.345307,48.891823]]],[[[2.344687,48.892361],[2.34456,48.891754],[2.344052,48.891872],[2.344302,48.89235],[2.344687,48.892361]]],[[[2.344154,48.892431],[2.343907,48.89193],[2.343163,48.892098],[2.343566,48.892383],[2.343361,48.892574],[2.344154,48.892431]]],[[[2.343643,48.892764],[2.342203,48.892942],[2.342722,48.893282],[2.343643,48.892764]]],[[[2.345064,48.892696],[2.344578,48.892821],[2.345279,48.893538],[2.345064,48.892696]]],[[[2.34638,48.892479],[2.346131,48.892598],[2.346397,48.893161],[2.346089,48.893589],[2.346986,48.893304],[2.34638,48.892479]]],[[[2.34604,48.89234],[2.345139,48.892508],[2.345737,48.893609],[2.346256,48.893182],[2.34604,48.89234]]],[[[2.347736,48.893646],[2.347354,48.893539],[2.346901,48.892153],[2.346336,48.892255],[2.347378,48.893731],[2.347736,48.893646]]],[[[2.347068,48.893413],[2.345842,48.893801],[2.346031,48.894093],[2.347272,48.893767],[2.347068,48.893413]]],[[[2.345579,48.894125],[2.345842,48.894123],[2.345563,48.893609],[2.345138,48.893681],[2.345404,48.894238],[2.345579,48.894125]]],[[[2.343814,48.892875],[2.343038,48.893281],[2.34307,48.893555],[2.344261,48.894398],[2.343814,48.892875]]],[[[2.347576,48.893827],[2.346069,48.89422],[2.346397,48.894767],[2.34691,48.894632],[2.347576,48.893827]]],[[[2.343563,48.89443],[2.344238,48.894541],[2.343112,48.893781],[2.343292,48.894752],[2.343563,48.89443]]],[[[2.342939,48.893739],[2.342468,48.893805],[2.342347,48.894643],[2.343113,48.894818],[2.342939,48.893739]]],[[[2.346757,48.894816],[2.34673,48.894795],[2.34651,48.894853],[2.346452,48.894869],[2.346435,48.894894],[2.346519,48.895048],[2.34656,48.89505],[2.346653,48.89494],[2.346757,48.894816]]]],"type":"MultiPolygon"},"properties":{"id_projet":"MATERNELLES (année scolaire 2023/2024)","libelle":"MONT CENIS (77) MAT","annee_scol":"2023-2024","zone_commune":0,"etiquette":"Secteur de l'école 77 RUE DU MONT CENIS","lib_etab_1":"MONT CENIS (77) MAT","lib_etab_2":null,"lib_etab_3":null,"lib_etab_4":null,"adr_etab_1":"77 RUE DU MONT CENIS","adr_etab_2":null,"adr_etab_3":null,"adr_etab_4":null,"type_etabl":"Maternelle","geo_point_2d":{"lon":2.3448802676350433,"lat":48.892859759325106},"st_area_shape":77595.56231170533,"st_perimeter_shape":6434.156026352185}},{"type":"Feature","geometry":{"coordinates":[[[[2.332731,48.886486],[2.333713,48.886126],[2.333158,48.885575],[2.332638,48.885721],[2.333139,48.885528],[2.332492,48.885355],[2.333622,48.884819],[2.332691,48.883995],[2.333255,48.884521],[2.331931,48.885331],[2.332202,48.885677],[2.331841,48.885908],[2.332731,48.886486]]],[[[2.333547,48.88426],[2.332994,48.88398],[2.333572,48.884542],[2.333547,48.88426]]],[[[2.339692,48.884621],[2.339477,48.884481],[2.339475,48.884481],[2.339448,48.884484],[2.339418,48.884487],[2.339398,48.88449],[2.339375,48.884492],[2.339358,48.884494],[2.339354,48.884495],[2.339324,48.884498],[2.339316,48.884499],[2.33927,48.884504],[2.339229,48.884509],[2.339207,48.884511],[2.339173,48.884515],[2.339084,48.884526],[2.339063,48.884451],[2.33882,48.884358],[2.338812,48.884365],[2.338877,48.88454],[2.338878,48.884542],[2.338975,48.884595],[2.339197,48.884606],[2.33936,48.884614],[2.339464,48.884619],[2.339692,48.88463],[2.339692,48.884621]]],[[[2.33779,48.884619],[2.337298,48.884485],[2.337229,48.884887],[2.33779,48.884619]]],[[[2.340602,48.88447],[2.339824,48.884634],[2.340378,48.884448],[2.340502,48.884925],[2.340602,48.88447]]],[[[2.33438,48.884798],[2.333688,48.884657],[2.334091,48.885053],[2.33438,48.884798]]],[[[2.341279,48.885103],[2.341586,48.884902],[2.340522,48.885022],[2.340593,48.8853],[2.341279,48.885103]]],[[[2.334552,48.885114],[2.334179,48.885112],[2.334172,48.88513],[2.334268,48.885223],[2.334368,48.88532],[2.334429,48.885196],[2.334409,48.885178],[2.334442,48.885165],[2.334525,48.885132],[2.334527,48.885132],[2.334551,48.88512],[2.334555,48.885118],[2.334552,48.885114]]],[[[2.336864,48.885039],[2.337142,48.884924],[2.336627,48.884735],[2.335811,48.88493],[2.336149,48.885333],[2.336864,48.885039]]],[[[2.339867,48.885109],[2.340332,48.884972],[2.340269,48.884725],[2.338653,48.884624],[2.338712,48.885163],[2.339044,48.885147],[2.338477,48.885484],[2.339867,48.885109]]],[[[2.333638,48.885237],[2.333901,48.88509],[2.333649,48.884877],[2.332951,48.885243],[2.333217,48.885481],[2.333638,48.885237]]],[[[2.33593,48.885243],[2.335675,48.884935],[2.335125,48.885162],[2.335484,48.885546],[2.33593,48.885243]]],[[[2.338425,48.885527],[2.337939,48.885192],[2.337916,48.884747],[2.337646,48.885022],[2.338056,48.885639],[2.338425,48.885527]]],[[[2.342265,48.885667],[2.342189,48.885618],[2.342153,48.885665],[2.342188,48.885683],[2.342246,48.885678],[2.342265,48.885667]]],[[[2.341891,48.885351],[2.341767,48.885057],[2.340649,48.885397],[2.340764,48.885683],[2.341891,48.885351]]],[[[2.335239,48.885477],[2.334988,48.885204],[2.334449,48.885397],[2.334823,48.885736],[2.335239,48.885477]]],[[[2.340461,48.885028],[2.338611,48.885552],[2.33857,48.885854],[2.340542,48.885329],[2.340461,48.885028]]],[[[2.337553,48.885218],[2.336943,48.885907],[2.337862,48.885683],[2.337553,48.885218]]],[[[2.338485,48.885659],[2.338099,48.885703],[2.338042,48.886027],[2.338485,48.885659]]],[[[2.344095,48.886125],[2.344268,48.885824],[2.343344,48.884883],[2.342518,48.885173],[2.342452,48.885695],[2.344095,48.886125]]],[[[2.333984,48.885172],[2.333341,48.885516],[2.333842,48.886106],[2.33462,48.885788],[2.333984,48.885172]]],[[[2.33741,48.884999],[2.335947,48.885581],[2.336389,48.886156],[2.33741,48.884999]]],[[[2.339948,48.885917],[2.340563,48.885743],[2.340439,48.885433],[2.33806,48.886176],[2.339948,48.885917]]],[[[2.335822,48.885617],[2.335084,48.885809],[2.33559,48.8865],[2.336239,48.886204],[2.335822,48.885617]]],[[[2.341171,48.886599],[2.341233,48.885954],[2.341911,48.885722],[2.341754,48.88549],[2.340392,48.88588],[2.340555,48.886359],[2.340967,48.886303],[2.341171,48.886599]]],[[[2.338711,48.886392],[2.33841,48.886376],[2.338512,48.886696],[2.338711,48.886392]]],[[[2.34246,48.886946],[2.342558,48.886135],[2.341453,48.886254],[2.341491,48.886681],[2.3423,48.886668],[2.34246,48.886946]]],[[[2.340108,48.886796],[2.340615,48.886706],[2.34046,48.886296],[2.339671,48.886553],[2.339941,48.886949],[2.340108,48.886796]]],[[[2.339559,48.887005],[2.33985,48.886974],[2.3395,48.886529],[2.340415,48.886182],[2.340306,48.885934],[2.338926,48.886317],[2.339559,48.887005]]],[[[2.339796,48.887083],[2.341208,48.886906],[2.341115,48.88668],[2.339796,48.887083]]],[[[2.334996,48.885851],[2.333947,48.886496],[2.334007,48.887065],[2.335534,48.886587],[2.334996,48.885851]]],[[[2.343066,48.886953],[2.343345,48.886283],[2.3428,48.886261],[2.342598,48.886957],[2.343066,48.886953]]],[[[2.338068,48.886341],[2.337097,48.886954],[2.337294,48.887213],[2.338467,48.886718],[2.338068,48.886341]]],[[[2.336778,48.887261],[2.337251,48.887219],[2.337001,48.88689],[2.337904,48.886254],[2.337739,48.885796],[2.336428,48.886248],[2.336748,48.886819],[2.336332,48.886313],[2.335687,48.886589],[2.336173,48.8873],[2.336778,48.887261]]],[[[2.340641,48.887143],[2.341197,48.88694],[2.339752,48.887138],[2.34002,48.88737],[2.340707,48.887339],[2.340641,48.887143]]],[[[2.333788,48.886411],[2.334103,48.886133],[2.332805,48.886603],[2.33341,48.887362],[2.333796,48.887119],[2.333788,48.886411]]],[[[2.33595,48.887154],[2.335567,48.886632],[2.334035,48.887116],[2.334231,48.887352],[2.335017,48.887102],[2.335314,48.887454],[2.33595,48.887154]]],[[[2.337959,48.887433],[2.339252,48.886995],[2.338365,48.886884],[2.337357,48.8873],[2.337562,48.887552],[2.337959,48.887433]]],[[[2.334975,48.887236],[2.334274,48.887457],[2.335138,48.887507],[2.334975,48.887236]]],[[[2.332951,48.887169],[2.332618,48.886908],[2.332794,48.887795],[2.333215,48.887532],[2.332951,48.887169]]],[[[2.333894,48.887215],[2.333512,48.887453],[2.333789,48.887834],[2.334216,48.887645],[2.333894,48.887215]]],[[[2.339013,48.887975],[2.33962,48.887067],[2.337668,48.887738],[2.339013,48.887975]]],[[[2.335358,48.888376],[2.335654,48.888096],[2.335268,48.887721],[2.337165,48.887329],[2.333852,48.887913],[2.335358,48.888376]]],[[[2.332483,48.887194],[2.33201,48.888352],[2.33263,48.887931],[2.332483,48.887194]]]],"type":"MultiPolygon"},"properties":{"id_projet":"MATERNELLES (année scolaire 2023/2024)","libelle":"JEAN-BAPTISTE CLEMENT (4) MAT","annee_scol":"2023-2024","zone_commune":0,"etiquette":"Secteur de l'école 4 PLACE JEAN BAPTISTE CLEMENT","lib_etab_1":"JEAN-BAPTISTE CLEMENT (4) MAT","lib_etab_2":null,"lib_etab_3":null,"lib_etab_4":null,"adr_etab_1":"4 PLACE JEAN BAPTISTE CLEMENT","adr_etab_2":null,"adr_etab_3":null,"adr_etab_4":null,"type_etabl":"Maternelle","geo_point_2d":{"lon":2.3372733586549765,"lat":48.88619130160908},"st_area_shape":174025.84711800067,"st_perimeter_shape":13414.967385935543}},{"type":"Feature","geometry":{"coordinates":[[[[2.332951,48.893634],[2.333597,48.892943],[2.333539,48.892502],[2.331831,48.892734],[2.331785,48.892255],[2.33057,48.89252],[2.33026,48.893429],[2.330782,48.893354],[2.330221,48.893549],[2.332542,48.894069],[2.332951,48.893634]]],[[[2.327515,48.890881],[2.329115,48.890086],[2.328612,48.889992],[2.327325,48.890721],[2.326814,48.89065],[2.326981,48.891173],[2.327515,48.890881]]],[[[2.328844,48.8904],[2.327216,48.891213],[2.329227,48.891085],[2.328844,48.8904]]],[[[2.332765,48.891946],[2.333257,48.89182],[2.332213,48.891763],[2.331075,48.89107],[2.330636,48.892329],[2.332765,48.891946]]],[[[2.330878,48.891069],[2.329538,48.891202],[2.330308,48.892398],[2.330878,48.891069]]],[[[2.329365,48.891208],[2.328912,48.891242],[2.329701,48.892466],[2.330072,48.892444],[2.329365,48.891208]]],[[[2.333444,48.891936],[2.332041,48.892238],[2.332218,48.892515],[2.333491,48.89235],[2.333444,48.891936]]],[[[2.328741,48.891251],[2.327062,48.891413],[2.327572,48.892931],[2.329495,48.892558],[2.328741,48.891251]]],[[[2.330254,48.892589],[2.327989,48.89305],[2.330016,48.893503],[2.330254,48.892589]]],[[[2.332944,48.89399],[2.334323,48.893265],[2.333773,48.893062],[2.332944,48.89399]]]],"type":"MultiPolygon"},"properties":{"id_projet":"MATERNELLES (année scolaire 2024/2025)","libelle":"JOSEPH DE MAISTRE (94) MAT","annee_scol":"2024-2025","zone_commune":0,"etiquette":"Secteur de l'école 94 RUE JOSEPH DE MAISTRE","lib_etab_1":"JOSEPH DE MAISTRE (94) MAT","lib_etab_2":null,"lib_etab_3":null,"lib_etab_4":null,"adr_etab_1":"94 RUE JOSEPH DE MAISTRE","adr_etab_2":null,"adr_etab_3":null,"adr_etab_4":null,"type_etabl":"Maternelle","geo_point_2d":{"lon":2.3302821001206624,"lat":48.892300826262854},"st_area_shape":107173.04103575839,"st_perimeter_shape":4719.750409778157}},{"type":"Feature","geometry":{"coordinates":[[[[2.344278,48.892628],[2.343952,48.892785],[2.344519,48.894468],[2.345238,48.894304],[2.344278,48.892628]]],[[[2.346757,48.894816],[2.34673,48.894795],[2.34651,48.894853],[2.346452,48.894869],[2.346435,48.894894],[2.346519,48.895048],[2.34656,48.89505],[2.346653,48.89494],[2.346757,48.894816]]],[[[2.345563,48.893609],[2.345119,48.893706],[2.345442,48.894249],[2.345842,48.894123],[2.345563,48.893609]]],[[[2.344687,48.892361],[2.34456,48.891754],[2.344052,48.891872],[2.344302,48.89235],[2.344687,48.892361]]],[[[2.343643,48.892764],[2.342203,48.892942],[2.342722,48.893282],[2.343643,48.892764]]],[[[2.344154,48.892431],[2.343907,48.89193],[2.343139,48.892123],[2.343566,48.892383],[2.343361,48.892574],[2.344154,48.892431]]],[[[2.345064,48.892696],[2.344578,48.892821],[2.345279,48.893538],[2.345064,48.892696]]],[[[2.347736,48.893646],[2.347354,48.893539],[2.346901,48.892153],[2.346336,48.892255],[2.347378,48.893731],[2.347736,48.893646]]],[[[2.342939,48.893739],[2.342568,48.894012],[2.342634,48.894548],[2.343113,48.894818],[2.342939,48.893739]]],[[[2.347068,48.893413],[2.345842,48.893801],[2.346031,48.894093],[2.347272,48.893767],[2.347068,48.893413]]],[[[2.34638,48.892479],[2.346131,48.892598],[2.346397,48.893161],[2.346089,48.893589],[2.346986,48.893304],[2.34638,48.892479]]],[[[2.343327,48.893895],[2.343112,48.893781],[2.343292,48.894752],[2.34423,48.894567],[2.343327,48.893895]]],[[[2.347576,48.893827],[2.346069,48.89422],[2.346397,48.894767],[2.34691,48.894632],[2.347576,48.893827]]],[[[2.34604,48.89234],[2.345139,48.892508],[2.345737,48.893609],[2.346256,48.893182],[2.34604,48.89234]]],[[[2.343814,48.892875],[2.343038,48.893281],[2.34307,48.893555],[2.344261,48.894398],[2.343814,48.892875]]]],"type":"MultiPolygon"},"properties":{"id_projet":"MATERNELLES (année scolaire 2026/2027)","libelle":"MONT CENIS (77) MAT","annee_scol":"2026-2027","zone_commune":0,"etiquette":"Secteur de l'école 77 MONT CENIS (77) MAT","lib_etab_1":"MONT CENIS (77) MAT","lib_etab_2":null,"lib_etab_3":null,"lib_etab_4":null,"adr_etab_1":"77 MONT CENIS (77) MAT","adr_etab_2":null,"adr_etab_3":null,"adr_etab_4":null,"type_etabl":"Maternelle","geo_point_2d":{"lon":2.3449563840272214,"lat":48.893451097740204},"st_area_shape":61707.083229040596,"st_perimeter_shape":4524.5796867322115}},{"type":"Feature","geometry":{"coordinates":[[[[2.35285,48.887534],[2.35313,48.887576],[2.35331,48.887134],[2.350875,48.886793],[2.351096,48.88718],[2.35285,48.887534]]],[[[2.352395,48.886805],[2.352666,48.886614],[2.350465,48.886283],[2.350818,48.886679],[2.352395,48.886805]]],[[[2.349944,48.88666],[2.349776,48.887156],[2.350006,48.887462],[2.350874,48.887093],[2.350652,48.88675],[2.349944,48.88666]]],[[[2.350955,48.887232],[2.350187,48.887563],[2.351321,48.888129],[2.350955,48.887232]]],[[[2.3515,48.887374],[2.351166,48.887332],[2.351448,48.887886],[2.352645,48.88765],[2.3515,48.887374]]],[[[2.351916,48.886321],[2.351996,48.885969],[2.350237,48.886027],[2.351916,48.886321]]],[[[2.350388,48.885664],[2.34984,48.885549],[2.350185,48.885933],[2.351188,48.885854],[2.351102,48.885588],[2.350388,48.885664]],[[2.350323,48.885672],[2.350388,48.885664],[2.350396,48.885687],[2.35041,48.885731],[2.35037,48.885736],[2.350345,48.885739],[2.350218,48.885754],[2.350185,48.885758],[2.350163,48.88569],[2.350197,48.885687],[2.350323,48.885672]]],[[[2.352068,48.888032],[2.353045,48.888028],[2.352906,48.887711],[2.351494,48.88799],[2.351587,48.888228],[2.352068,48.888032]]],[[[2.349953,48.885915],[2.349755,48.885748],[2.349767,48.886511],[2.350539,48.886625],[2.349953,48.885915]]],[[[2.351013,48.888191],[2.349779,48.887576],[2.350182,48.888025],[2.351013,48.888191]]],[[[2.349223,48.886964],[2.349318,48.88658],[2.347899,48.886406],[2.349223,48.886964]]],[[[2.352602,48.886425],[2.352139,48.885971],[2.352049,48.886395],[2.352602,48.886425]]],[[[2.351952,48.885909],[2.35227,48.885604],[2.351741,48.885574],[2.351197,48.885894],[2.351952,48.885909]]],[[[2.349164,48.886309],[2.349342,48.886451],[2.349303,48.885706],[2.348963,48.885993],[2.349164,48.886309]]],[[[2.353239,48.886964],[2.35325,48.886925],[2.353263,48.886883],[2.353184,48.886871],[2.353133,48.886863],[2.35303,48.886847],[2.353002,48.886843],[2.35299,48.886879],[2.352887,48.886867],[2.352899,48.88683],[2.352679,48.886944],[2.352694,48.886961],[2.352846,48.886984],[2.352948,48.887],[2.353078,48.88702],[2.353216,48.887041],[2.353336,48.887059],[2.35334,48.887057],[2.353242,48.886964],[2.353239,48.886964]]]],"type":"MultiPolygon"},"properties":{"id_projet":"MATERNELLES (année scolaire 2026/2027)","libelle":"RICHOMME (18) MAT","annee_scol":"2026-2027","zone_commune":0,"etiquette":"Secteur de l'école 18 RICHOMME (18) MAT","lib_etab_1":"RICHOMME (18) MAT","lib_etab_2":null,"lib_etab_3":null,"lib_etab_4":null,"adr_etab_1":"18 RICHOMME (18) MAT","adr_etab_2":null,"adr_etab_3":null,"adr_etab_4":null,"type_etabl":"Maternelle","geo_point_2d":{"lon":2.3511748279631344,"lat":48.88688043579204},"st_area_shape":46195.09819280452,"st_perimeter_shape":4245.365237073529}},{"type":"Feature","geometry":{"coordinates":[[[[2.337761,48.892971],[2.337227,48.892298],[2.337736,48.892219],[2.337779,48.89195],[2.338066,48.89218],[2.337798,48.891739],[2.338617,48.892321],[2.33851,48.892128],[2.339532,48.89161],[2.339566,48.891258],[2.336616,48.891558],[2.337761,48.892971]]],[[[2.332944,48.89399],[2.334965,48.892572],[2.335422,48.89346],[2.336174,48.893507],[2.334935,48.891817],[2.332944,48.89399]]],[[[2.332813,48.893782],[2.333594,48.892921],[2.33184,48.892912],[2.332574,48.894063],[2.332813,48.893782]]],[[[2.335582,48.89205],[2.335253,48.891915],[2.336346,48.893452],[2.336913,48.893328],[2.336719,48.892633],[2.335582,48.89205]]],[[[2.334357,48.892128],[2.334765,48.891746],[2.333624,48.89191],[2.333747,48.892835],[2.334357,48.892128]]],[[[2.334649,48.891298],[2.334228,48.890626],[2.333992,48.891133],[2.334352,48.891379],[2.333792,48.891411],[2.333728,48.891758],[2.334815,48.891631],[2.334649,48.891298]]],[[[2.335141,48.891215],[2.335519,48.891073],[2.335249,48.890774],[2.334454,48.890596],[2.335016,48.891567],[2.335141,48.891215]]],[[[2.3366,48.89174],[2.336051,48.891616],[2.337314,48.892769],[2.3366,48.89174]]],[[[2.336384,48.892051],[2.336018,48.891619],[2.335218,48.891699],[2.336715,48.892495],[2.336384,48.892051]]],[[[2.332374,48.892316],[2.333444,48.891936],[2.332073,48.892198],[2.332374,48.892316]]],[[[2.33722,48.89323],[2.337597,48.893084],[2.33682,48.89275],[2.33722,48.89323]]],[[[2.332765,48.891946],[2.333258,48.891816],[2.3322,48.891736],[2.332336,48.892034],[2.332765,48.891946]]]],"type":"MultiPolygon"},"properties":{"id_projet":"MATERNELLES (année scolaire 2020/2021)","libelle":"VAUVENARGUES (4) MAT","annee_scol":"2020-2021","zone_commune":0,"etiquette":"Secteur de l'école 2 RUE VAUVENARGUES","lib_etab_1":"VAUVENARGUES (4) MAT","lib_etab_2":null,"lib_etab_3":null,"lib_etab_4":null,"adr_etab_1":"2 RUE VAUVENARGUES","adr_etab_2":null,"adr_etab_3":null,"adr_etab_4":null,"type_etabl":null,"geo_point_2d":{"lon":2.3353773112780742,"lat":48.89233184947554},"st_area_shape":67935.99010068976,"st_perimeter_shape":5291.112805390847}},{"type":"Feature","geometry":{"coordinates":[[[[2.347711,48.886462],[2.348071,48.888204],[2.349274,48.887243],[2.347711,48.886462]]],[[[2.347682,48.88618],[2.34931,48.885548],[2.347382,48.885113],[2.347682,48.88618]]],[[[2.347647,48.887141],[2.34681,48.888633],[2.347895,48.888333],[2.347647,48.887141]]],[[[2.349311,48.887563],[2.348302,48.88834],[2.349381,48.888287],[2.349311,48.887563]]],[[[2.349326,48.88646],[2.348963,48.885993],[2.349283,48.885699],[2.347984,48.886275],[2.349326,48.88646]]],[[[2.347547,48.886824],[2.347321,48.885752],[2.346742,48.885941],[2.347171,48.886734],[2.347547,48.886824]]],[[[2.351235,48.888228],[2.350182,48.888025],[2.349779,48.887582],[2.349816,48.888293],[2.351235,48.888228]]],[[[2.346552,48.888651],[2.346738,48.888266],[2.346169,48.888188],[2.345813,48.888675],[2.346552,48.888651]]],[[[2.345401,48.888083],[2.345669,48.888676],[2.34595,48.888177],[2.345401,48.888083]]],[[[2.349345,48.887124],[2.349075,48.886754],[2.347891,48.886416],[2.349345,48.887124]]],[[[2.347307,48.887318],[2.34735,48.887242],[2.347395,48.887162],[2.347445,48.887074],[2.347478,48.887013],[2.347503,48.886969],[2.347506,48.886963],[2.347492,48.886946],[2.347268,48.887035],[2.347264,48.887041],[2.347265,48.887041],[2.347225,48.887132],[2.34725,48.887136],[2.347198,48.887225],[2.347193,48.887225],[2.347162,48.887311],[2.347156,48.887311],[2.347212,48.887421],[2.347235,48.887422],[2.347246,48.887425],[2.347307,48.887318]]],[[[2.347074,48.887462],[2.346996,48.88746],[2.346995,48.887484],[2.346995,48.887496],[2.346969,48.887507],[2.346959,48.887541],[2.346945,48.88759],[2.34695,48.88759],[2.346927,48.887658],[2.346928,48.887658],[2.346899,48.887745],[2.346903,48.887745],[2.346922,48.887843],[2.346935,48.887845],[2.34698,48.887828],[2.347028,48.887809],[2.347054,48.887764],[2.347104,48.887676],[2.347153,48.887589],[2.347209,48.887489],[2.34712,48.887468],[2.347074,48.887462]]],[[[2.346957,48.887932],[2.34694,48.88791],[2.346641,48.888049],[2.346691,48.888055],[2.346687,48.888066],[2.346775,48.888181],[2.346787,48.888183],[2.346823,48.888171],[2.346876,48.888077],[2.346957,48.887932]]]],"type":"MultiPolygon"},"properties":{"id_projet":"MATERNELLES (année scolaire 2020/2021)","libelle":"CHRISTIANI (8) MAT","annee_scol":"2020-2021","zone_commune":0,"etiquette":"Secteur de l'école 8 RUE CHRISTIANI","lib_etab_1":"CHRISTIANI (8) MAT","lib_etab_2":null,"lib_etab_3":null,"lib_etab_4":null,"adr_etab_1":"8 RUE CHRISTIANI","adr_etab_2":null,"adr_etab_3":null,"adr_etab_4":null,"type_etabl":null,"geo_point_2d":{"lon":2.3480627252351267,"lat":48.88710360535608},"st_area_shape":46736.63815693137,"st_perimeter_shape":3595.3142505126716}},{"type":"Feature","geometry":{"coordinates":[[[[2.36074,48.89802],[2.361835,48.89759],[2.367495,48.897536],[2.368463,48.896548],[2.371009,48.895772],[2.366011,48.894469],[2.365742,48.894926],[2.365042,48.895],[2.365208,48.89569],[2.365934,48.896051],[2.364972,48.89556],[2.363631,48.895852],[2.363337,48.89547],[2.36275,48.895532],[2.362534,48.895966],[2.362042,48.895422],[2.360823,48.89555],[2.362077,48.895218],[2.361648,48.894369],[2.36017,48.895318],[2.361302,48.896093],[2.360775,48.896148],[2.360463,48.896944],[2.360416,48.898009],[2.36074,48.89802]],[[2.360844,48.895666],[2.360852,48.895553],[2.361133,48.895564],[2.361156,48.895636],[2.361168,48.895677],[2.360844,48.895666]]],[[[2.369751,48.893663],[2.368861,48.891594],[2.366117,48.892305],[2.365644,48.892892],[2.36436,48.893536],[2.366262,48.894358],[2.371404,48.89572],[2.371731,48.895457],[2.370427,48.89467],[2.369751,48.893663]]],[[[2.363458,48.895148],[2.362942,48.893569],[2.362581,48.893892],[2.362707,48.894219],[2.361823,48.894107],[2.362275,48.895213],[2.362654,48.895395],[2.363458,48.895148]]],[[[2.364289,48.893635],[2.363704,48.893383],[2.363714,48.893846],[2.363175,48.893915],[2.363599,48.89501],[2.364793,48.894864],[2.364289,48.893635]]],[[[2.364958,48.895508],[2.364837,48.895007],[2.363532,48.895352],[2.3638,48.89563],[2.364958,48.895508]]],[[[2.365357,48.894157],[2.364713,48.893997],[2.364995,48.89484],[2.365781,48.894411],[2.365357,48.894157]]]],"type":"MultiPolygon"},"properties":{"id_projet":"MATERNELLES (année scolaire 2020/2021)","libelle":"TCHAIKOVSKI (7) MAT","annee_scol":"2020-2021","zone_commune":0,"etiquette":"Secteur de l'école 7 RUE TCHAIKOVSKI","lib_etab_1":"TCHAIKOVSKI (7) MAT","lib_etab_2":null,"lib_etab_3":null,"lib_etab_4":null,"adr_etab_1":"7 RUE TCHAIKOVSKI","adr_etab_2":null,"adr_etab_3":null,"adr_etab_4":null,"type_etabl":null,"geo_point_2d":{"lon":2.3657582459169917,"lat":48.89517462031201},"st_area_shape":310269.3472948914,"st_perimeter_shape":6161.800621527565}},{"type":"Feature","geometry":{"coordinates":[[[[2.355347,48.900186],[2.355483,48.899194],[2.357645,48.899249],[2.357873,48.898876],[2.354999,48.898576],[2.355033,48.898284],[2.352729,48.898537],[2.352132,48.901496],[2.355159,48.901551],[2.355347,48.900186]]],[[[2.353805,48.897203],[2.353973,48.895892],[2.354605,48.894588],[2.354491,48.893747],[2.354348,48.893386],[2.353684,48.893745],[2.353376,48.892415],[2.352353,48.892511],[2.352855,48.893824],[2.353681,48.893745],[2.353742,48.894003],[2.35295,48.894289],[2.353145,48.895933],[2.352691,48.898062],[2.353668,48.89808],[2.353805,48.897203]]],[[[2.349736,48.899632],[2.34759,48.89959],[2.34753,48.900772],[2.351911,48.900858],[2.352137,48.89968],[2.349736,48.899632]]],[[[2.352678,48.895308],[2.352192,48.895372],[2.352313,48.895811],[2.351665,48.897092],[2.348044,48.897277],[2.347529,48.897369],[2.347424,48.897784],[2.35228,48.897887],[2.352678,48.895308]]],[[[2.352196,48.899366],[2.35221,48.898529],[2.351264,48.899356],[2.349638,48.899325],[2.349719,48.898899],[2.347603,48.8989],[2.347548,48.89932],[2.352196,48.899366]]],[[[2.352715,48.893961],[2.35258,48.893337],[2.352242,48.893578],[2.352632,48.893727],[2.351573,48.893946],[2.352095,48.894325],[2.352738,48.894193],[2.352715,48.893961]]],[[[2.352777,48.8943],[2.352186,48.894417],[2.35278,48.894875],[2.352777,48.8943]]],[[[2.35226,48.893161],[2.352538,48.893191],[2.352348,48.892832],[2.351678,48.893036],[2.351759,48.893259],[2.35226,48.893161]]],[[[2.352332,48.8928],[2.352276,48.892686],[2.352199,48.892701],[2.352239,48.892818],[2.352332,48.8928]]],[[[2.35285,48.895216],[2.352799,48.895188],[2.35278,48.89519],[2.352729,48.895299],[2.352747,48.895296],[2.352855,48.895282],[2.35285,48.895216]]]],"type":"MultiPolygon"},"properties":{"id_projet":"MATERNELLES (année scolaire 2020/2021)","libelle":"POISSONNIERS (142) POLY","annee_scol":"2020-2021","zone_commune":0,"etiquette":"Secteur de l'école 142 RUE DES POISSONNIERS","lib_etab_1":"POISSONNIERS (142) POLY","lib_etab_2":null,"lib_etab_3":null,"lib_etab_4":null,"adr_etab_1":"142 RUE DES POISSONNIERS","adr_etab_2":null,"adr_etab_3":null,"adr_etab_4":null,"type_etabl":null,"geo_point_2d":{"lon":2.3524084463376864,"lat":48.89832606468187},"st_area_shape":233841.91866547326,"st_perimeter_shape":7097.752899240525}},{"type":"Feature","geometry":{"coordinates":[[[[2.348044,48.897277],[2.351665,48.897092],[2.352313,48.895811],[2.352192,48.895372],[2.35278,48.89519],[2.351738,48.895302],[2.351827,48.895732],[2.351305,48.895795],[2.351629,48.895627],[2.351517,48.895326],[2.348323,48.895668],[2.348388,48.895887],[2.346486,48.896253],[2.347776,48.896621],[2.348044,48.897277]]],[[[2.350505,48.895308],[2.352763,48.895025],[2.351945,48.894449],[2.349561,48.894891],[2.349758,48.895388],[2.350505,48.895308]]],[[[2.348486,48.892749],[2.348788,48.892389],[2.348668,48.891844],[2.347098,48.892127],[2.347403,48.892165],[2.347932,48.893412],[2.348486,48.892749]]],[[[2.350471,48.894363],[2.351347,48.893993],[2.351011,48.893677],[2.349359,48.894116],[2.349627,48.894766],[2.350519,48.89461],[2.350471,48.894363]]],[[[2.349887,48.89309],[2.35049,48.892961],[2.349682,48.891877],[2.349371,48.892249],[2.349627,48.892691],[2.349314,48.892317],[2.349036,48.892648],[2.34916,48.893208],[2.349887,48.89309]]],[[[2.348894,48.892873],[2.347541,48.894436],[2.349146,48.89402],[2.348894,48.892873]]],[[[2.350538,48.893029],[2.349201,48.893271],[2.349326,48.893968],[2.350881,48.893579],[2.350538,48.893029]]],[[[2.349319,48.894809],[2.349143,48.894156],[2.347878,48.894511],[2.348221,48.895039],[2.349319,48.894809]]],[[[2.349406,48.895204],[2.349314,48.894873],[2.348173,48.895114],[2.348411,48.895531],[2.349425,48.895423],[2.349406,48.895204]]],[[[2.351886,48.89388],[2.352632,48.893727],[2.352242,48.893578],[2.35258,48.893337],[2.351193,48.893618],[2.351886,48.89388]]],[[[2.347972,48.894872],[2.347385,48.894624],[2.346829,48.895283],[2.347962,48.895089],[2.347972,48.894872]]],[[[2.348325,48.895809],[2.346543,48.895956],[2.346883,48.896133],[2.348325,48.895809]]],[[[2.351001,48.892739],[2.349957,48.89188],[2.35065,48.892933],[2.351001,48.892739]]],[[[2.351543,48.894088],[2.350626,48.894327],[2.350774,48.894572],[2.351825,48.894362],[2.351543,48.894088]]],[[[2.353037,48.894281],[2.353052,48.89405],[2.353742,48.894003],[2.353681,48.893745],[2.352855,48.893824],[2.353056,48.895046],[2.353037,48.894281]]],[[[2.351759,48.893259],[2.351678,48.893036],[2.350791,48.89314],[2.351073,48.893524],[2.351759,48.893259]]],[[[2.347422,48.89532],[2.346516,48.895661],[2.34746,48.895526],[2.347422,48.89532]]],[[[2.34806,48.895195],[2.347545,48.895488],[2.348138,48.895387],[2.34806,48.895195]]],[[[2.349326,48.891745],[2.348874,48.891785],[2.348924,48.892137],[2.349326,48.891745]]],[[[2.348207,48.895532],[2.348158,48.895429],[2.348058,48.89545],[2.347927,48.895477],[2.347798,48.895504],[2.347781,48.895507],[2.34771,48.895522],[2.347582,48.895548],[2.347569,48.895566],[2.347585,48.89562],[2.347836,48.895593],[2.347972,48.895578],[2.348108,48.895564],[2.348185,48.895555],[2.348207,48.895532]]],[[[2.347507,48.895578],[2.347482,48.895568],[2.347361,48.895593],[2.34723,48.89562],[2.347091,48.895649],[2.347105,48.895676],[2.347248,48.89566],[2.347385,48.895646],[2.347383,48.895641],[2.347387,48.895641],[2.34752,48.895627],[2.347507,48.895578]]],[[[2.346686,48.896167],[2.346529,48.896085],[2.346475,48.896215],[2.346684,48.896173],[2.346686,48.896167]]],[[[2.350786,48.893094],[2.350715,48.892983],[2.350708,48.892985],[2.350696,48.893001],[2.350763,48.893099],[2.350786,48.893094]]]],"type":"MultiPolygon"},"properties":{"id_projet":"MATERNELLES (année scolaire 2021/2022)","libelle":"AMIRAUX (19) MAT","annee_scol":"2021-2022","zone_commune":0,"etiquette":"Secteur de l'école 19 RUE DES AMIRAUX","lib_etab_1":"AMIRAUX (19) MAT","lib_etab_2":null,"lib_etab_3":null,"lib_etab_4":null,"adr_etab_1":"19 RUE DES AMIRAUX","adr_etab_2":null,"adr_etab_3":null,"adr_etab_4":null,"type_etabl":"Maternelle","geo_point_2d":{"lon":2.349729748370575,"lat":48.89488697697666},"st_area_shape":154899.00549538672,"st_perimeter_shape":7611.797865521647}},{"type":"Feature","geometry":{"coordinates":[[[[2.347711,48.886462],[2.348071,48.888204],[2.349274,48.887243],[2.347711,48.886462]]],[[[2.347682,48.88618],[2.34931,48.885548],[2.347382,48.885113],[2.347682,48.88618]]],[[[2.347647,48.887141],[2.34681,48.888633],[2.347895,48.888333],[2.347647,48.887141]]],[[[2.349311,48.887563],[2.348302,48.88834],[2.349381,48.888287],[2.349311,48.887563]]],[[[2.349326,48.88646],[2.348963,48.885993],[2.349283,48.885699],[2.347984,48.886275],[2.349326,48.88646]]],[[[2.347547,48.886824],[2.347321,48.885752],[2.346742,48.885941],[2.347171,48.886734],[2.347547,48.886824]]],[[[2.351235,48.888228],[2.350182,48.888025],[2.349779,48.887582],[2.349816,48.888293],[2.351235,48.888228]]],[[[2.346552,48.888651],[2.346738,48.888266],[2.346169,48.888188],[2.345813,48.888675],[2.346552,48.888651]]],[[[2.345401,48.888083],[2.345669,48.888676],[2.34595,48.888177],[2.345401,48.888083]]],[[[2.349345,48.887124],[2.349075,48.886754],[2.347891,48.886416],[2.349345,48.887124]]],[[[2.347307,48.887318],[2.34735,48.887242],[2.347395,48.887162],[2.347445,48.887074],[2.347478,48.887013],[2.347503,48.886969],[2.347506,48.886963],[2.347492,48.886946],[2.347268,48.887035],[2.347264,48.887041],[2.347265,48.887041],[2.347225,48.887132],[2.34725,48.887136],[2.347198,48.887225],[2.347193,48.887225],[2.347162,48.887311],[2.347156,48.887311],[2.347212,48.887421],[2.347235,48.887422],[2.347246,48.887425],[2.347307,48.887318]]],[[[2.347074,48.887462],[2.346996,48.88746],[2.346995,48.887484],[2.346995,48.887496],[2.346969,48.887507],[2.346959,48.887541],[2.346945,48.88759],[2.34695,48.88759],[2.346927,48.887658],[2.346928,48.887658],[2.346899,48.887745],[2.346903,48.887745],[2.346922,48.887843],[2.346935,48.887845],[2.34698,48.887828],[2.347028,48.887809],[2.347054,48.887764],[2.347104,48.887676],[2.347153,48.887589],[2.347209,48.887489],[2.34712,48.887468],[2.347074,48.887462]]],[[[2.346957,48.887932],[2.34694,48.88791],[2.346641,48.888049],[2.346691,48.888055],[2.346687,48.888066],[2.346775,48.888181],[2.346787,48.888183],[2.346823,48.888171],[2.346876,48.888077],[2.346957,48.887932]]]],"type":"MultiPolygon"},"properties":{"id_projet":"MATERNELLES (année scolaire 2022/2023)","libelle":"CHRISTIANI (8) MAT","annee_scol":"2022-2023","zone_commune":0,"etiquette":"Secteur de l'école 8 RUE CHRISTIANI","lib_etab_1":"CHRISTIANI (8) MAT","lib_etab_2":null,"lib_etab_3":null,"lib_etab_4":null,"adr_etab_1":"8 RUE CHRISTIANI","adr_etab_2":null,"adr_etab_3":null,"adr_etab_4":null,"type_etabl":"Maternelle","geo_point_2d":{"lon":2.3480627252351267,"lat":48.88710360535608},"st_area_shape":46736.63815693137,"st_perimeter_shape":3595.3142505126716}},{"type":"Feature","geometry":{"coordinates":[[[[2.341365,48.898066],[2.340944,48.89812],[2.340896,48.899119],[2.342264,48.899149],[2.342305,48.898155],[2.341365,48.898066]]],[[[2.347548,48.89932],[2.347602,48.898911],[2.344561,48.898755],[2.344467,48.898247],[2.344538,48.899223],[2.347548,48.89932]]],[[[2.343883,48.898535],[2.343882,48.89817],[2.342512,48.89816],[2.342464,48.899152],[2.343751,48.899242],[2.343883,48.898535]]],[[[2.340647,48.898049],[2.339502,48.898104],[2.340396,48.899173],[2.340691,48.899113],[2.340647,48.898049]]],[[[2.339132,48.898017],[2.33853,48.898189],[2.339226,48.899103],[2.339951,48.899163],[2.339132,48.898017]]]],"type":"MultiPolygon"},"properties":{"id_projet":"MATERNELLES (année scolaire 2022/2023)","libelle":"FERNAND LABORI (19) ELEM","annee_scol":"2022-2023","zone_commune":0,"etiquette":"Secteur de l'école 19 RUE FERNAND LABORI","lib_etab_1":"FERNAND LABORI (19) MAT","lib_etab_2":null,"lib_etab_3":null,"lib_etab_4":null,"adr_etab_1":"19 RUE FERNAND LABORI","adr_etab_2":null,"adr_etab_3":null,"adr_etab_4":null,"type_etabl":"Maternelle","geo_point_2d":{"lon":2.342437979064908,"lat":48.8987170174105},"st_area_shape":50848.80259344043,"st_perimeter_shape":2308.549667339049}},{"type":"Feature","geometry":{"coordinates":[[[[2.339087,48.896423],[2.33872,48.896749],[2.342138,48.897124],[2.341669,48.896456],[2.339087,48.896423]]],[[[2.342934,48.896505],[2.343478,48.896313],[2.343307,48.895862],[2.341503,48.895861],[2.34209,48.896706],[2.342934,48.896505]]],[[[2.343857,48.896903],[2.343685,48.896634],[2.342997,48.896815],[2.343675,48.896617],[2.343544,48.896454],[2.342138,48.896848],[2.342452,48.897185],[2.344045,48.897418],[2.343857,48.896903]]],[[[2.341527,48.896347],[2.341245,48.895836],[2.339727,48.895816],[2.339114,48.896261],[2.341527,48.896347]]],[[[2.338439,48.897275],[2.342445,48.897602],[2.338359,48.896962],[2.337733,48.897615],[2.338498,48.897501],[2.338439,48.897275]]],[[[2.343138,48.895007],[2.342008,48.895233],[2.342174,48.895363],[2.341752,48.895686],[2.343278,48.895736],[2.343138,48.895007]]],[[[2.34417,48.897734],[2.344557,48.897655],[2.344203,48.897529],[2.342472,48.897332],[2.342793,48.897735],[2.34417,48.897734]]],[[[2.341746,48.895027],[2.341482,48.89452],[2.340868,48.894876],[2.341348,48.89562],[2.341746,48.895027]]],[[[2.341018,48.895384],[2.340697,48.894944],[2.339808,48.895627],[2.340753,48.895462],[2.340678,48.895178],[2.341201,48.8957],[2.341018,48.895384]]],[[[2.340978,48.897536],[2.340842,48.897527],[2.340797,48.897524],[2.34074,48.89752],[2.340654,48.897515],[2.340624,48.897513],[2.340575,48.89751],[2.340563,48.897509],[2.340467,48.897503],[2.34037,48.897496],[2.340274,48.89749],[2.340244,48.897488],[2.340147,48.897482],[2.340132,48.897481],[2.340108,48.897479],[2.34001,48.897473],[2.33995,48.897469],[2.33982,48.897461],[2.339833,48.897527],[2.33986,48.897529],[2.339861,48.897526],[2.339911,48.89753],[2.340001,48.897536],[2.340122,48.897544],[2.340264,48.897554],[2.340363,48.897561],[2.340459,48.897568],[2.340553,48.897574],[2.340645,48.897581],[2.340728,48.897586],[2.340791,48.897591],[2.34083,48.897594],[2.340962,48.897603],[2.341083,48.897611],[2.341195,48.897619],[2.34132,48.897627],[2.341439,48.897636],[2.341543,48.897643],[2.341675,48.897652],[2.341821,48.897663],[2.342042,48.897677],[2.342152,48.897685],[2.342282,48.897694],[2.342464,48.897707],[2.342476,48.897708],[2.342503,48.897693],[2.342463,48.897631],[2.342429,48.89763],[2.342396,48.897628],[2.342294,48.897621],[2.342271,48.89762],[2.342203,48.897615],[2.342161,48.897612],[2.342051,48.897605],[2.341826,48.897591],[2.341683,48.897582],[2.341559,48.897574],[2.34145,48.897566],[2.341335,48.897559],[2.34121,48.897551],[2.341145,48.897547],[2.34111,48.897544],[2.341092,48.897543],[2.340978,48.897536]]],[[[2.343236,48.898105],[2.342612,48.898092],[2.342513,48.898153],[2.342512,48.89816],[2.342563,48.898205],[2.343766,48.898238],[2.343882,48.89817],[2.343806,48.898117],[2.343236,48.898105]]],[[[2.341142,48.897668],[2.340213,48.897604],[2.340036,48.897592],[2.339841,48.897578],[2.339844,48.897593],[2.339849,48.897623],[2.340033,48.897634],[2.340033,48.897634],[2.340201,48.89765],[2.340202,48.897649],[2.341141,48.897685],[2.341142,48.897668]]],[[[2.338838,48.895529],[2.338725,48.895196],[2.338721,48.895197],[2.338742,48.895258],[2.338745,48.895267],[2.338769,48.895337],[2.33878,48.895369],[2.338798,48.895421],[2.338834,48.895528],[2.338838,48.895529]]]],"type":"MultiPolygon"},"properties":{"id_projet":"MATERNELLES (année scolaire 2022/2023)","libelle":"GUSTAVE ROUANET (1) MAT","annee_scol":"2022-2023","zone_commune":0,"etiquette":"Secteur de l'école 1 RUE GUSTAVE ROUANET","lib_etab_1":"GUSTAVE ROUANET (1) MAT","lib_etab_2":null,"lib_etab_3":null,"lib_etab_4":null,"adr_etab_1":"1 RUE GUSTAVE ROUANET","adr_etab_2":null,"adr_etab_3":null,"adr_etab_4":null,"type_etabl":"Maternelle","geo_point_2d":{"lon":2.3415046383096985,"lat":48.89651176889331},"st_area_shape":69727.27438868264,"st_perimeter_shape":5055.696606609331}},{"type":"Feature","geometry":{"coordinates":[[[[2.35774,48.886096],[2.359293,48.886009],[2.359143,48.884885],[2.357353,48.884964],[2.358221,48.884784],[2.358238,48.884552],[2.356511,48.884235],[2.356643,48.88444],[2.356305,48.884442],[2.356886,48.885156],[2.356712,48.88597],[2.35774,48.886096]]],[[[2.357824,48.88732],[2.357879,48.886421],[2.358932,48.886462],[2.359311,48.886195],[2.356662,48.886206],[2.35646,48.887166],[2.357824,48.88732]]],[[[2.354352,48.885754],[2.35407,48.885539],[2.352948,48.886274],[2.353375,48.88667],[2.354268,48.886252],[2.354352,48.885754]]],[[[2.353829,48.887511],[2.355824,48.887687],[2.356174,48.88741],[2.353565,48.88717],[2.35356,48.887736],[2.353829,48.887511]]],[[[2.354638,48.885119],[2.352618,48.885085],[2.353017,48.885645],[2.354638,48.885119]]],[[[2.356033,48.884398],[2.354426,48.884634],[2.356595,48.884869],[2.356033,48.884398]]],[[[2.356689,48.885233],[2.356707,48.884993],[2.355906,48.88505],[2.355775,48.885821],[2.35654,48.885942],[2.356689,48.885233]]],[[[2.353661,48.88678],[2.353598,48.887082],[2.355406,48.887202],[2.355414,48.886809],[2.353661,48.88678]]],[[[2.355716,48.885204],[2.355234,48.885087],[2.355128,48.885766],[2.355614,48.885804],[2.355716,48.885204]]],[[[2.355058,48.885166],[2.354209,48.885481],[2.354933,48.885774],[2.355058,48.885166]]],[[[2.355783,48.886815],[2.355566,48.887234],[2.356273,48.88721],[2.35635,48.886846],[2.355783,48.886815]]],[[[2.354668,48.886307],[2.353721,48.886649],[2.354779,48.886709],[2.354668,48.886307]]],[[[2.355559,48.885944],[2.354489,48.886068],[2.355521,48.886245],[2.355559,48.885944]]],[[[2.35256,48.885772],[2.352895,48.885679],[2.352504,48.88509],[2.35214,48.885596],[2.352219,48.885867],[2.35256,48.885772]]],[[[2.352787,48.88639],[2.352924,48.885761],[2.352236,48.885931],[2.352787,48.88639]]],[[[2.356446,48.88639],[2.355681,48.886376],[2.355628,48.886703],[2.356345,48.886735],[2.356446,48.88639]]],[[[2.35549,48.886368],[2.35503,48.886353],[2.354973,48.886693],[2.355463,48.886702],[2.35549,48.886368]]],[[[2.354327,48.884709],[2.353924,48.884679],[2.354167,48.884945],[2.355138,48.884923],[2.354327,48.884709]]],[[[2.356375,48.886247],[2.355782,48.885988],[2.355757,48.886252],[2.356375,48.886247]]],[[[2.358822,48.884595],[2.358314,48.88456],[2.358298,48.884783],[2.359049,48.884744],[2.358822,48.884595]]],[[[2.353372,48.8869],[2.352811,48.886651],[2.352674,48.886937],[2.353372,48.8869]]],[[[2.353426,48.887546],[2.353336,48.887155],[2.353074,48.887334],[2.353426,48.887546]]],[[[2.35497,48.884404],[2.355185,48.884367],[2.355183,48.884337],[2.355102,48.884331],[2.35497,48.884384],[2.35497,48.884384],[2.354857,48.88437],[2.354857,48.884369],[2.354709,48.884375],[2.35471,48.88438],[2.354528,48.88438],[2.354528,48.884381],[2.354431,48.884386],[2.354431,48.884385],[2.354417,48.884385],[2.354317,48.884378],[2.354317,48.884377],[2.354132,48.88453],[2.354138,48.884536],[2.354204,48.884537],[2.354329,48.884515],[2.354416,48.8845],[2.354507,48.884484],[2.354716,48.884448],[2.354863,48.884423],[2.35497,48.884404]]],[[[2.353163,48.887848],[2.35341,48.887676],[2.352906,48.887711],[2.353045,48.888028],[2.353163,48.887848]]],[[[2.352649,48.886725],[2.352685,48.886638],[2.352676,48.886627],[2.352522,48.886678],[2.352512,48.886703],[2.352439,48.886691],[2.352422,48.886735],[2.352417,48.886746],[2.352395,48.886805],[2.352425,48.88681],[2.35246,48.886816],[2.352534,48.886937],[2.352569,48.886924],[2.352603,48.88684],[2.352649,48.886725]]]],"type":"MultiPolygon"},"properties":{"id_projet":"MATERNELLES (année scolaire 2022/2023)","libelle":"ST LUC (3) MAT","annee_scol":"2022-2023","zone_commune":0,"etiquette":"Secteur de l'école 3 RUE SAINT LUC","lib_etab_1":"ST LUC (3) MAT","lib_etab_2":null,"lib_etab_3":null,"lib_etab_4":null,"adr_etab_1":"3 RUE SAINT LUC","adr_etab_2":null,"adr_etab_3":null,"adr_etab_4":null,"type_etabl":"Maternelle","geo_point_2d":{"lon":2.355872297222621,"lat":48.88591860566462},"st_area_shape":108038.634051829,"st_perimeter_shape":7004.264147556626}},{"type":"Feature","geometry":{"coordinates":[[[[2.360903,48.886344],[2.36042,48.885004],[2.359538,48.884979],[2.359766,48.886768],[2.360933,48.886729],[2.360903,48.886344]]],[[[2.360475,48.884639],[2.360458,48.884613],[2.359614,48.884617],[2.359584,48.884637],[2.359587,48.8847],[2.35959,48.884804],[2.359619,48.884821],[2.360309,48.884809],[2.360383,48.884734],[2.360475,48.884639]]],[[[2.365143,48.885441],[2.364573,48.8848],[2.364801,48.884587],[2.3643,48.884593],[2.364991,48.885694],[2.365143,48.885441]]],[[[2.364903,48.885716],[2.364196,48.884584],[2.361546,48.884598],[2.362157,48.884772],[2.362304,48.885325],[2.364414,48.885238],[2.364903,48.885716]]],[[[2.361106,48.885854],[2.361353,48.884635],[2.360867,48.884603],[2.360562,48.884887],[2.360953,48.886019],[2.361106,48.885854]]],[[[2.362725,48.886522],[2.362656,48.886405],[2.361669,48.886657],[2.36157,48.886682],[2.36137,48.886733],[2.361315,48.886814],[2.361336,48.886849],[2.361684,48.886873],[2.361682,48.88687],[2.361675,48.886858],[2.361773,48.886832],[2.362754,48.886573],[2.362725,48.886522]]],[[[2.360748,48.887684],[2.360908,48.886847],[2.359789,48.886876],[2.360406,48.887058],[2.360223,48.88768],[2.360748,48.887684]]]],"type":"MultiPolygon"},"properties":{"id_projet":"MATERNELLES (année scolaire 2023/2024)","libelle":"PAJOL (11) POLY","annee_scol":"2023-2024","zone_commune":0,"etiquette":"Secteur de l'école 11 RUE PAJOL","lib_etab_1":"PAJOL (11) POLY","lib_etab_2":null,"lib_etab_3":null,"lib_etab_4":null,"adr_etab_1":"11 RUE PAJOL","adr_etab_2":null,"adr_etab_3":null,"adr_etab_4":null,"type_etabl":"Maternelle","geo_point_2d":{"lon":2.361573982453437,"lat":48.885593865579956},"st_area_shape":44464.21629636397,"st_perimeter_shape":2744.4946958639084}},{"type":"Feature","geometry":{"coordinates":[[[[2.35877,48.89677],[2.358854,48.895739],[2.358519,48.895259],[2.359027,48.894806],[2.359056,48.894202],[2.35645,48.894148],[2.356371,48.895164],[2.358458,48.895224],[2.358098,48.89789],[2.35868,48.89791],[2.35877,48.89677]]],[[[2.360509,48.89464],[2.359778,48.894296],[2.360639,48.894411],[2.36056,48.893968],[2.36005,48.894002],[2.359981,48.893695],[2.360267,48.893595],[2.359789,48.893402],[2.359587,48.894788],[2.360509,48.89464]]],[[[2.360465,48.89732],[2.360647,48.896825],[2.360313,48.896814],[2.360331,48.896375],[2.360025,48.89639],[2.359746,48.895888],[2.359651,48.897087],[2.360386,48.89716],[2.359651,48.897159],[2.360465,48.89732]]]],"type":"MultiPolygon"},"properties":{"id_projet":"MATERNELLES (année scolaire 2023/2024)","libelle":"MAURICE GENEVOIX (3) POLY","annee_scol":"2023-2024","zone_commune":0,"etiquette":"Secteur de l'école 3 RUE MAURICE GENEVOIX","lib_etab_1":"MAURICE GENEVOIX (3) POLY","lib_etab_2":null,"lib_etab_3":null,"lib_etab_4":null,"adr_etab_1":"3 RUE MAURICE GENEVOIX","adr_etab_2":null,"adr_etab_3":null,"adr_etab_4":null,"type_etabl":"Maternelle","geo_point_2d":{"lon":2.3585535237607926,"lat":48.8953797586781},"st_area_shape":44173.73287473737,"st_perimeter_shape":2441.3830267209023}},{"type":"Feature","geometry":{"coordinates":[[[[2.341365,48.898066],[2.340944,48.89812],[2.340896,48.899119],[2.342264,48.899149],[2.342305,48.898155],[2.341365,48.898066]]],[[[2.339132,48.898017],[2.33853,48.898189],[2.339226,48.899103],[2.339951,48.899163],[2.339132,48.898017]]],[[[2.340647,48.898049],[2.339502,48.898104],[2.340396,48.899173],[2.340691,48.899113],[2.340647,48.898049]]],[[[2.343883,48.898535],[2.343882,48.89817],[2.342512,48.89816],[2.342464,48.899152],[2.343751,48.899242],[2.343883,48.898535]]],[[[2.347548,48.89932],[2.347602,48.898911],[2.344561,48.898755],[2.344467,48.898247],[2.344538,48.899223],[2.347548,48.89932]]]],"type":"MultiPolygon"},"properties":{"id_projet":"MATERNELLES (année scolaire 2023/2024)","libelle":"FERNAND LABORI (19) ELEM","annee_scol":"2023-2024","zone_commune":0,"etiquette":"Secteur de l'école 19 RUE FERNAND LABORI","lib_etab_1":"FERNAND LABORI (19) MAT","lib_etab_2":null,"lib_etab_3":null,"lib_etab_4":null,"adr_etab_1":"19 RUE FERNAND LABORI","adr_etab_2":null,"adr_etab_3":null,"adr_etab_4":null,"type_etabl":"Maternelle","geo_point_2d":{"lon":2.3424379790649077,"lat":48.89871701741048},"st_area_shape":50848.80259344043,"st_perimeter_shape":2308.5496673390494}},{"type":"Feature","geometry":{"coordinates":[[[[2.347853,48.884831],[2.348712,48.884618],[2.348209,48.883771],[2.347115,48.883636],[2.347352,48.884966],[2.347853,48.884831]]],[[[2.351019,48.885063],[2.352157,48.8849],[2.352342,48.884265],[2.350829,48.884046],[2.351019,48.885063]]],[[[2.350379,48.885621],[2.351532,48.885892],[2.352504,48.88509],[2.349744,48.885288],[2.350379,48.885621]],[[2.351354,48.885581],[2.351359,48.885575],[2.351364,48.88557],[2.35137,48.885566],[2.35136,48.885499],[2.35135,48.885426],[2.351339,48.885357],[2.351328,48.885286],[2.351324,48.88526],[2.35132,48.885237],[2.351315,48.885221],[2.351357,48.885216],[2.351391,48.885443],[2.351393,48.885461],[2.351409,48.885566],[2.351417,48.885569],[2.351423,48.885573],[2.351429,48.885577],[2.351435,48.885581],[2.351439,48.885586],[2.351442,48.885591],[2.351444,48.885597],[2.351444,48.885599],[2.351444,48.885602],[2.351444,48.885608],[2.351442,48.885613],[2.35144,48.885619],[2.351436,48.885624],[2.351431,48.885628],[2.351426,48.885633],[2.351419,48.885636],[2.35143,48.885707],[2.35144,48.885778],[2.351449,48.885839],[2.351455,48.885882],[2.351419,48.885884],[2.351413,48.885843],[2.351403,48.88578],[2.35139,48.885706],[2.35138,48.885637],[2.351373,48.885633],[2.351366,48.885629],[2.351361,48.885624],[2.351356,48.885619],[2.351353,48.885613],[2.35135,48.885607],[2.351349,48.885603],[2.351349,48.885598],[2.35135,48.885592],[2.351351,48.885586],[2.351354,48.885581]]],[[[2.350505,48.885098],[2.350745,48.884018],[2.34968,48.883959],[2.349716,48.885179],[2.350505,48.885098]]],[[[2.349304,48.88547],[2.349214,48.884621],[2.347374,48.885075],[2.349304,48.88547]]],[[[2.352322,48.884847],[2.353732,48.884573],[2.352505,48.88429],[2.352322,48.884847]]],[[[2.352331,48.884956],[2.354167,48.884945],[2.354178,48.884741],[2.352331,48.884956]]],[[[2.352742,48.884163],[2.354045,48.884518],[2.354048,48.884254],[2.352742,48.884163]]],[[[2.348523,48.883807],[2.348404,48.883793],[2.348381,48.883812],[2.34843,48.883897],[2.348462,48.883951],[2.348585,48.883966],[2.348697,48.883979],[2.348803,48.883992],[2.348912,48.884005],[2.349019,48.884018],[2.349243,48.884045],[2.349272,48.884028],[2.349272,48.883951],[2.349272,48.883944],[2.349272,48.88394],[2.349271,48.883937],[2.349268,48.88393],[2.349264,48.883924],[2.349262,48.883921],[2.349256,48.883915],[2.349249,48.883908],[2.349241,48.883903],[2.349235,48.8839],[2.349226,48.883896],[2.349216,48.883893],[2.349205,48.883891],[2.349191,48.883889],[2.349188,48.883889],[2.34906,48.883873],[2.348953,48.88386],[2.348849,48.883847],[2.348739,48.883834],[2.348628,48.88382],[2.348523,48.883807]]],[[[2.347012,48.88426],[2.346916,48.883894],[2.346734,48.88418],[2.347054,48.884562],[2.347012,48.88426]]],[[[2.348879,48.88411],[2.348579,48.884098],[2.348755,48.88434],[2.349245,48.884212],[2.348879,48.88411]]],[[[2.354124,48.884523],[2.355102,48.884331],[2.354167,48.884264],[2.354124,48.884523]]],[[[2.349282,48.884344],[2.349247,48.884328],[2.349113,48.884363],[2.348999,48.884393],[2.348907,48.884416],[2.348757,48.884455],[2.348836,48.884586],[2.349005,48.884543],[2.349075,48.884525],[2.349189,48.884496],[2.349263,48.884477],[2.349286,48.884455],[2.349282,48.884344]]],[[[2.350388,48.885664],[2.350323,48.885672],[2.350197,48.885687],[2.350163,48.88569],[2.350185,48.885758],[2.350218,48.885754],[2.350345,48.885739],[2.35037,48.885736],[2.35041,48.885731],[2.350396,48.885687],[2.350388,48.885664]]],[[[2.346885,48.883627],[2.346885,48.883626],[2.346795,48.883662],[2.346821,48.883759],[2.346915,48.88378],[2.346885,48.883627]]]],"type":"MultiPolygon"},"properties":{"id_projet":"MATERNELLES (année scolaire 2024/2025)","libelle":"GOUTTE D'OR (57) POLY","annee_scol":"2024-2025","zone_commune":0,"etiquette":"Secteur de l'école 57 RUE DE LA GOUTTE D'OR","lib_etab_1":"GOUTTE D'OR (57) POLY","lib_etab_2":null,"lib_etab_3":null,"lib_etab_4":null,"adr_etab_1":"57 RUE DE LA GOUTTE D'OR","adr_etab_2":null,"adr_etab_3":null,"adr_etab_4":null,"type_etabl":"Maternelle","geo_point_2d":{"lon":2.3502958494826958,"lat":48.88468245970268},"st_area_shape":60679.76967479494,"st_perimeter_shape":4130.227111787172}},{"type":"Feature","geometry":{"coordinates":[[[[2.360903,48.886344],[2.36042,48.885004],[2.359538,48.884979],[2.359766,48.886768],[2.360933,48.886729],[2.360903,48.886344]]],[[[2.360475,48.884639],[2.360458,48.884613],[2.359614,48.884617],[2.359584,48.884637],[2.359587,48.8847],[2.35959,48.884804],[2.359619,48.884821],[2.360309,48.884809],[2.360383,48.884734],[2.360475,48.884639]]],[[[2.365143,48.885441],[2.364573,48.8848],[2.364801,48.884587],[2.3643,48.884593],[2.364991,48.885694],[2.365143,48.885441]]],[[[2.364903,48.885716],[2.364196,48.884584],[2.361546,48.884598],[2.362157,48.884772],[2.362304,48.885325],[2.364414,48.885238],[2.364903,48.885716]]],[[[2.361106,48.885854],[2.361353,48.884635],[2.360867,48.884603],[2.360562,48.884887],[2.360953,48.886019],[2.361106,48.885854]]],[[[2.362725,48.886522],[2.362656,48.886405],[2.361669,48.886657],[2.36157,48.886682],[2.36137,48.886733],[2.361315,48.886814],[2.361336,48.886849],[2.361684,48.886873],[2.361682,48.88687],[2.361675,48.886858],[2.361773,48.886832],[2.362754,48.886573],[2.362725,48.886522]]],[[[2.360748,48.887684],[2.360908,48.886847],[2.359789,48.886876],[2.360406,48.887058],[2.360223,48.88768],[2.360748,48.887684]]]],"type":"MultiPolygon"},"properties":{"id_projet":"MATERNELLES (année scolaire 2024/2025)","libelle":"PAJOL (11) POLY","annee_scol":"2024-2025","zone_commune":0,"etiquette":"Secteur de l'école 11 RUE PAJOL","lib_etab_1":"PAJOL (11) POLY","lib_etab_2":null,"lib_etab_3":null,"lib_etab_4":null,"adr_etab_1":"11 RUE PAJOL","adr_etab_2":null,"adr_etab_3":null,"adr_etab_4":null,"type_etabl":"Maternelle","geo_point_2d":{"lon":2.361573982453437,"lat":48.885593865579956},"st_area_shape":44464.21629636397,"st_perimeter_shape":2744.4946958639084}},{"type":"Feature","geometry":{"coordinates":[[[[2.36409,48.887512],[2.364407,48.88743],[2.364749,48.888003],[2.365658,48.887767],[2.366764,48.889728],[2.367965,48.889624],[2.366675,48.886643],[2.365755,48.885614],[2.361336,48.886849],[2.363132,48.889832],[2.364132,48.88985],[2.363124,48.888039],[2.364233,48.887752],[2.36409,48.887512]]],[[[2.365522,48.885372],[2.364804,48.884588],[2.364573,48.8848],[2.365187,48.885498],[2.364995,48.885693],[2.365665,48.885523],[2.365522,48.885372]]],[[[2.363248,48.886136],[2.364903,48.885716],[2.364414,48.885238],[2.362304,48.885325],[2.362157,48.884772],[2.361494,48.884608],[2.361212,48.886026],[2.363248,48.886136]]],[[[2.361336,48.886161],[2.361222,48.886655],[2.362727,48.886271],[2.361336,48.886161]]],[[[2.362399,48.889835],[2.362966,48.889849],[2.361049,48.886824],[2.360317,48.890096],[2.362399,48.889835]],[[2.361057,48.888376],[2.361058,48.888343],[2.361207,48.888343],[2.361247,48.888343],[2.361515,48.888342],[2.361717,48.888341],[2.36192,48.88834],[2.361922,48.888373],[2.361754,48.888374],[2.361697,48.888374],[2.361692,48.888378],[2.361632,48.888379],[2.361629,48.888374],[2.361557,48.888375],[2.361372,48.888375],[2.361191,48.888376],[2.361103,48.888376],[2.361057,48.888376]]]],"type":"MultiPolygon"},"properties":{"id_projet":"MATERNELLES (année scolaire 2025/2026)","libelle":"DEPARTEMENT (51) MAT","annee_scol":"2025-2026","zone_commune":0,"etiquette":"Secteur de l'école 51 RUE DU DEPARTEMENT","lib_etab_1":"DEPARTEMENT (51) MAT","lib_etab_2":null,"lib_etab_3":null,"lib_etab_4":null,"adr_etab_1":"51 RUE DU DEPARTEMENT","adr_etab_2":null,"adr_etab_3":null,"adr_etab_4":null,"type_etabl":"Maternelle","geo_point_2d":{"lon":2.3636766727814966,"lat":48.88748626724899},"st_area_shape":172068.39997386886,"st_perimeter_shape":4665.956826419884}},{"type":"Feature","geometry":{"coordinates":[[[2.356344,48.898684],[2.355561,48.898617],[2.355483,48.899194],[2.35633,48.899285],[2.356344,48.898684]]],"type":"Polygon"},"properties":{"id_projet":"MATERNELLES (année scolaire 2025/2026)","libelle":"ZM POISSONNIERS (142) / EVA KOTCHEVER (4)","annee_scol":"2025-2026","zone_commune":1,"etiquette":"Secteur commun des écoles \n142 RUE DES POISSONNIERS \n4 RUE EVA KOTCHEVER","lib_etab_1":"POISSONNIERS (142) POLY","lib_etab_2":"EVA KOTCHEVER (4) POLY","lib_etab_3":null,"lib_etab_4":null,"adr_etab_1":"142 RUE DES POISSONNIERS","adr_etab_2":"4 RUE EVA KOTCHEVER","adr_etab_3":null,"adr_etab_4":null,"type_etabl":"Maternelle","geo_point_2d":{"lon":2.355931232114319,"lat":48.89894867662327},"st_area_shape":3952.9821970785074,"st_perimeter_shape":252.0838802161361}},{"type":"Feature","geometry":{"coordinates":[[[[2.331349,48.895331],[2.332421,48.89423],[2.329587,48.893623],[2.329937,48.894251],[2.330399,48.894114],[2.330072,48.894389],[2.331018,48.895566],[2.331349,48.895331]]],[[[2.327852,48.89321],[2.328198,48.894789],[2.329774,48.894269],[2.329373,48.893549],[2.327852,48.89321]]],[[[2.330094,48.896613],[2.330587,48.896108],[2.329869,48.896242],[2.330499,48.895974],[2.328577,48.895914],[2.328777,48.896507],[2.329516,48.89631],[2.328812,48.89661],[2.329137,48.897447],[2.330094,48.896613]]],[[[2.332647,48.895112],[2.332405,48.89458],[2.331193,48.895754],[2.332845,48.896006],[2.332647,48.895112]]],[[[2.329584,48.897439],[2.330939,48.897111],[2.331518,48.89741],[2.332048,48.897129],[2.331305,48.896919],[2.330892,48.896469],[2.331187,48.89636],[2.330972,48.896066],[2.329584,48.897439]]],[[[2.330219,48.894963],[2.329856,48.894449],[2.329577,48.89451],[2.329711,48.894875],[2.329483,48.894542],[2.32916,48.894663],[2.329819,48.895618],[2.330873,48.895667],[2.330219,48.894963]]],[[[2.329563,48.895375],[2.329113,48.894681],[2.32826,48.894973],[2.328797,48.895004],[2.329188,48.895561],[2.32968,48.895603],[2.329563,48.895375]]],[[[2.330254,48.895743],[2.329986,48.89571],[2.329717,48.89568],[2.329447,48.895654],[2.329177,48.895634],[2.328777,48.895611],[2.328773,48.895611],[2.328773,48.895609],[2.328554,48.895601],[2.328554,48.895599],[2.328504,48.895599],[2.328473,48.895619],[2.328532,48.895794],[2.328581,48.895803],[2.328991,48.89573],[2.329005,48.895728],[2.329014,48.895728],[2.329018,48.895728],[2.329032,48.895728],[2.329036,48.895728],[2.329307,48.895746],[2.329577,48.895771],[2.329764,48.89579],[2.329846,48.895799],[2.330115,48.895831],[2.330835,48.895925],[2.331005,48.895949],[2.331408,48.896004],[2.331439,48.895898],[2.331098,48.895854],[2.330923,48.89583],[2.330254,48.895743]]],[[[2.330009,48.893358],[2.329094,48.893164],[2.329093,48.893164],[2.328842,48.893112],[2.328497,48.893003],[2.328515,48.89303],[2.328499,48.89303],[2.328417,48.893029],[2.328415,48.893029],[2.32835,48.893028],[2.328348,48.893028],[2.32829,48.893028],[2.32829,48.893027],[2.328041,48.89302],[2.327989,48.893006],[2.327989,48.89305],[2.328262,48.893111],[2.328618,48.893191],[2.328925,48.893259],[2.32953,48.893395],[2.329647,48.893421],[2.330016,48.893503],[2.330037,48.893496],[2.330009,48.893358]]],[[[2.32879,48.895077],[2.328737,48.895064],[2.328358,48.895194],[2.328337,48.895219],[2.328392,48.895367],[2.328429,48.895379],[2.328454,48.89537],[2.32852,48.895347],[2.328853,48.895231],[2.328872,48.895194],[2.32879,48.895077]]],[[[2.328855,48.8953],[2.328433,48.895488],[2.329013,48.895548],[2.328855,48.8953]]]],"type":"MultiPolygon"},"properties":{"id_projet":"MATERNELLES (année scolaire 2020/2021)","libelle":"VAUVENARGUES (52) MAT","annee_scol":"2020-2021","zone_commune":0,"etiquette":"Secteur de l'école 52 RUE VAUVENARGUES","lib_etab_1":"VAUVENARGUES (52) MAT","lib_etab_2":null,"lib_etab_3":null,"lib_etab_4":null,"adr_etab_1":"52 RUE VAUVENARGUES","adr_etab_2":null,"adr_etab_3":null,"adr_etab_4":null,"type_etabl":null,"geo_point_2d":{"lon":2.330139537069095,"lat":48.89520711574951},"st_area_shape":91776.44150345381,"st_perimeter_shape":5018.813986935006}},{"type":"Feature","geometry":{"coordinates":[[[[2.351264,48.899356],[2.352197,48.89852],[2.344584,48.898185],[2.344561,48.898755],[2.349719,48.898899],[2.349638,48.899325],[2.351264,48.899356]]],[[[2.34518,48.896699],[2.345735,48.895891],[2.343502,48.895885],[2.343826,48.896577],[2.344766,48.896326],[2.343833,48.896594],[2.344287,48.8973],[2.34467,48.897308],[2.34518,48.896699]]],[[[2.345404,48.895366],[2.3444,48.894655],[2.343327,48.894938],[2.343399,48.895329],[2.344121,48.895131],[2.343428,48.895486],[2.344334,48.895246],[2.343434,48.895514],[2.343502,48.895739],[2.345728,48.895766],[2.345404,48.895366]]],[[[2.348011,48.897187],[2.347776,48.896621],[2.346486,48.896253],[2.347287,48.89775],[2.348011,48.897187]]],[[[2.346731,48.896994],[2.344992,48.897477],[2.34707,48.897767],[2.346731,48.896994]]],[[[2.352359,48.897996],[2.346919,48.897858],[2.346908,48.898063],[2.352359,48.897996]]],[[[2.346305,48.896238],[2.346136,48.896113],[2.345138,48.897305],[2.346581,48.896921],[2.346305,48.896238]]],[[[2.345327,48.894415],[2.34457,48.894618],[2.345946,48.895568],[2.345327,48.894415]]],[[[2.345891,48.894252],[2.345479,48.894375],[2.345851,48.894913],[2.346203,48.894785],[2.345891,48.894252]]],[[[2.346283,48.894934],[2.345842,48.895051],[2.3461,48.89553],[2.346432,48.8952],[2.346283,48.894934]]],[[[2.344039,48.894565],[2.343723,48.894381],[2.343355,48.894777],[2.344039,48.894565]]],[[[2.345253,48.894276],[2.344961,48.894191],[2.344953,48.894193],[2.344882,48.894203],[2.344791,48.894216],[2.344765,48.89422],[2.344719,48.894227],[2.344602,48.894243],[2.344583,48.894246],[2.344586,48.894252],[2.344516,48.89446],[2.344519,48.894468],[2.344556,48.894481],[2.344703,48.894443],[2.344874,48.894398],[2.34505,48.894353],[2.345238,48.894304],[2.345254,48.894278],[2.345253,48.894276]]],[[[2.345832,48.894138],[2.345606,48.894117],[2.345579,48.894125],[2.345579,48.894126],[2.345457,48.894205],[2.345434,48.894246],[2.345442,48.894249],[2.345631,48.894199],[2.345825,48.894148],[2.345832,48.894138]]],[[[2.346525,48.896084],[2.346443,48.896041],[2.346388,48.896066],[2.346409,48.896106],[2.346468,48.896216],[2.346475,48.896215],[2.346529,48.896085],[2.346525,48.896084]]]],"type":"MultiPolygon"},"properties":{"id_projet":"MATERNELLES (année scolaire 2021/2022)","libelle":"CHAMPIONNET (72) MAT","annee_scol":"2021-2022","zone_commune":0,"etiquette":"Secteur de l'école 72 RUE CHAMPIONNET","lib_etab_1":"CHAMPIONNET (72) MAT","lib_etab_2":null,"lib_etab_3":null,"lib_etab_4":null,"adr_etab_1":"72 RUE CHAMPIONNET","adr_etab_2":null,"adr_etab_3":null,"adr_etab_4":null,"type_etabl":"Maternelle","geo_point_2d":{"lon":2.3467257197204363,"lat":48.89710758415654},"st_area_shape":107184.97517774967,"st_perimeter_shape":6021.790033595899}},{"type":"Feature","geometry":{"coordinates":[[[[2.351467,48.88985],[2.351469,48.888355],[2.351181,48.888944],[2.350488,48.888865],[2.350697,48.88961],[2.349825,48.889535],[2.351348,48.890337],[2.351467,48.88985]]],[[[2.35147,48.890739],[2.351405,48.890529],[2.349842,48.890574],[2.34982,48.891365],[2.351501,48.891115],[2.35147,48.890739]]],[[[2.351555,48.892154],[2.351269,48.891716],[2.351646,48.891552],[2.349957,48.89188],[2.350564,48.892123],[2.351032,48.892784],[2.351821,48.89256],[2.351555,48.892154]]],[[[2.353269,48.890041],[2.353284,48.889783],[2.351623,48.889774],[2.351824,48.890056],[2.351533,48.890396],[2.353253,48.890316],[2.353269,48.890041]]],[[[2.353289,48.889708],[2.353422,48.889016],[2.351717,48.889124],[2.351633,48.889703],[2.353289,48.889708]]],[[[2.353156,48.890785],[2.353176,48.890427],[2.351558,48.890536],[2.351716,48.891076],[2.353156,48.890785]]],[[[2.350134,48.889814],[2.349802,48.889668],[2.349837,48.890466],[2.351283,48.890439],[2.350134,48.889814]]],[[[2.349412,48.89147],[2.349402,48.890567],[2.348578,48.890511],[2.349012,48.890656],[2.349087,48.891386],[2.349412,48.89147]]],[[[2.35155,48.891311],[2.351514,48.891298],[2.351319,48.891334],[2.351124,48.89137],[2.350927,48.891407],[2.35073,48.891443],[2.350533,48.891479],[2.350267,48.891528],[2.350138,48.891552],[2.350103,48.891558],[2.350053,48.891568],[2.35005,48.891568],[2.349955,48.891586],[2.34992,48.891625],[2.349959,48.891717],[2.350018,48.89174],[2.350114,48.891722],[2.350202,48.891706],[2.350332,48.891682],[2.350597,48.891633],[2.350801,48.891595],[2.350991,48.891561],[2.351188,48.891524],[2.351386,48.891488],[2.351482,48.89147],[2.351592,48.89145],[2.35161,48.891426],[2.351574,48.891357],[2.35155,48.891311]]],[[[2.351777,48.889015],[2.352108,48.888612],[2.351653,48.888416],[2.351777,48.889015]]],[[[2.349401,48.890419],[2.349375,48.889846],[2.348666,48.890383],[2.349401,48.890419]]]],"type":"MultiPolygon"},"properties":{"id_projet":"MATERNELLES (année scolaire 2021/2022)","libelle":"MARCADET (29) MAT","annee_scol":"2021-2022","zone_commune":0,"etiquette":"Secteur de l'école 29 RUE MARCADET","lib_etab_1":"MARCADET (29) MAT","lib_etab_2":null,"lib_etab_3":null,"lib_etab_4":null,"adr_etab_1":"29 RUE MARCADET","adr_etab_2":null,"adr_etab_3":null,"adr_etab_4":null,"type_etabl":"Maternelle","geo_point_2d":{"lon":2.351248184306779,"lat":48.89043480853912},"st_area_shape":63364.84277384983,"st_perimeter_shape":4128.77410665277}},{"type":"Feature","geometry":{"coordinates":[[[[2.334639,48.888127],[2.335398,48.888429],[2.337357,48.887582],[2.337165,48.887329],[2.335725,48.887536],[2.335268,48.887721],[2.335654,48.888096],[2.335358,48.888376],[2.333858,48.887919],[2.334922,48.889239],[2.33565,48.889415],[2.335379,48.888502],[2.334639,48.888127]]],[[[2.342739,48.887303],[2.342306,48.887041],[2.341514,48.887198],[2.341872,48.88729],[2.342032,48.887661],[2.34172,48.887714],[2.34201,48.888261],[2.34323,48.888124],[2.343321,48.887402],[2.342739,48.887303]]],[[[2.34127,48.887658],[2.339843,48.887801],[2.339887,48.888429],[2.341739,48.88831],[2.341539,48.887687],[2.34127,48.887658]]],[[[2.340035,48.889397],[2.339741,48.888598],[2.33827,48.888979],[2.338483,48.889443],[2.338965,48.889359],[2.338754,48.889516],[2.340035,48.889397]]],[[[2.337005,48.888533],[2.337951,48.888426],[2.33751,48.887797],[2.335911,48.888249],[2.335649,48.888583],[2.337005,48.888533]]],[[[2.337966,48.888729],[2.335808,48.888814],[2.33781,48.889361],[2.337966,48.888729]]],[[[2.33908,48.888129],[2.33963,48.887837],[2.339624,48.887067],[2.339013,48.887975],[2.337658,48.887756],[2.33803,48.887889],[2.338118,48.888383],[2.33908,48.888129]]],[[[2.344095,48.887124],[2.343994,48.886363],[2.343345,48.886283],[2.342715,48.887136],[2.344406,48.887431],[2.344095,48.887124]]],[[[2.339663,48.891097],[2.33979,48.890811],[2.340421,48.8908],[2.34025,48.890136],[2.339122,48.890315],[2.339663,48.891097]]],[[[2.336983,48.889966],[2.33863,48.889882],[2.335838,48.889598],[2.336121,48.889957],[2.336983,48.889966]]],[[[2.34397,48.889053],[2.342637,48.889237],[2.343006,48.88968],[2.344405,48.889295],[2.34397,48.889053]]],[[[2.340083,48.887666],[2.341485,48.88755],[2.341238,48.886931],[2.340707,48.887339],[2.339755,48.887159],[2.339833,48.887679],[2.340083,48.887666]]],[[[2.33853,48.888758],[2.339664,48.888519],[2.339687,48.887942],[2.338142,48.888617],[2.338147,48.888881],[2.33853,48.888758]]],[[[2.34082,48.890493],[2.340716,48.890156],[2.341524,48.890359],[2.341365,48.889821],[2.340291,48.88981],[2.340562,48.890728],[2.34082,48.890493]]],[[[2.3415,48.888704],[2.341975,48.88861],[2.341826,48.888405],[2.339882,48.888585],[2.34005,48.888993],[2.3415,48.888704]]],[[[2.34285,48.888662],[2.34202,48.888472],[2.342576,48.889112],[2.343502,48.888941],[2.34285,48.888662]]],[[[2.341405,48.888853],[2.340746,48.888937],[2.340771,48.889423],[2.341668,48.88928],[2.341405,48.888853]]],[[[2.342299,48.88669],[2.341491,48.886681],[2.34141,48.887096],[2.342431,48.886965],[2.342299,48.88669]]],[[[2.340153,48.889825],[2.338876,48.890003],[2.339054,48.890194],[2.340153,48.889825]]],[[[2.343344,48.8883],[2.34233,48.888375],[2.343538,48.888764],[2.343344,48.8883]]],[[[2.342083,48.888719],[2.341565,48.888824],[2.341845,48.889229],[2.342378,48.889127],[2.342083,48.888719]]],[[[2.340629,48.889131],[2.340062,48.88903],[2.340263,48.889542],[2.340629,48.889131]]],[[[2.342474,48.889261],[2.341939,48.889364],[2.342719,48.889694],[2.342474,48.889261]]],[[[2.341782,48.889387],[2.340725,48.889615],[2.34193,48.889663],[2.341782,48.889387]]],[[[2.342059,48.889962],[2.34258,48.889869],[2.341528,48.889844],[2.341681,48.890281],[2.342059,48.889962]]],[[[2.336038,48.889169],[2.335878,48.889421],[2.336832,48.88946],[2.336038,48.889169]]],[[[2.338797,48.889718],[2.338692,48.889713],[2.338668,48.889736],[2.338725,48.88981],[2.338769,48.889869],[2.338785,48.889874],[2.338805,48.88988],[2.338887,48.889869],[2.339044,48.889848],[2.339213,48.889825],[2.339478,48.889789],[2.339473,48.889745],[2.339207,48.889734],[2.339032,48.889727],[2.338854,48.88972],[2.338797,48.889718]]],[[[2.33753,48.887544],[2.337627,48.887366],[2.337582,48.887373],[2.337346,48.887316],[2.337341,48.887325],[2.33741,48.887418],[2.337498,48.887537],[2.33753,48.887544]]],[[[2.341262,48.886894],[2.341232,48.886839],[2.341184,48.886751],[2.341152,48.886693],[2.341134,48.886687],[2.341056,48.886767],[2.341055,48.886767],[2.341084,48.88682],[2.341091,48.886831],[2.341104,48.886855],[2.341107,48.886854],[2.34115,48.886849],[2.341208,48.886906],[2.341262,48.886894]]],[[[2.341332,48.886548],[2.341258,48.886325],[2.341178,48.886337],[2.341243,48.886543],[2.341332,48.886548]]]],"type":"MultiPolygon"},"properties":{"id_projet":"MATERNELLES (année scolaire 2021/2022)","libelle":"CONSTANTIN PECQUEUR (1) MAT","annee_scol":"2021-2022","zone_commune":0,"etiquette":"Secteur de l'école 1 PLACE CONSTANTIN PECQUEUR","lib_etab_1":"CONSTANTIN PECQUEUR (1) MAT","lib_etab_2":null,"lib_etab_3":null,"lib_etab_4":null,"adr_etab_1":"1 PLACE CONSTANTIN PECQUEUR","adr_etab_2":null,"adr_etab_3":null,"adr_etab_4":null,"type_etabl":"Maternelle","geo_point_2d":{"lon":2.339689433054438,"lat":48.88858127503961},"st_area_shape":142938.86376922234,"st_perimeter_shape":9776.648791807651}},{"type":"Feature","geometry":{"coordinates":[[[[2.355833,48.895797],[2.355869,48.895272],[2.356362,48.895284],[2.356519,48.893259],[2.355122,48.893213],[2.355577,48.892369],[2.355012,48.890918],[2.351738,48.891278],[2.352353,48.892511],[2.353376,48.892415],[2.353684,48.893745],[2.354348,48.893386],[2.354605,48.894588],[2.354112,48.895746],[2.355833,48.895797]]],[[[2.351486,48.892786],[2.352237,48.892623],[2.351656,48.891555],[2.351269,48.891716],[2.351821,48.89256],[2.350682,48.89294],[2.351486,48.892786]]],[[[2.350856,48.893081],[2.350931,48.893067],[2.350931,48.893068],[2.351043,48.893047],[2.351042,48.893046],[2.351148,48.893026],[2.351257,48.893005],[2.35135,48.892987],[2.351485,48.892961],[2.351559,48.892947],[2.351622,48.892935],[2.351728,48.892915],[2.351844,48.892893],[2.351952,48.892872],[2.352044,48.892855],[2.352192,48.892826],[2.352239,48.892818],[2.352199,48.892701],[2.352134,48.892713],[2.351996,48.892739],[2.351905,48.892756],[2.351797,48.892777],[2.351679,48.892799],[2.351576,48.892819],[2.351508,48.892832],[2.351435,48.892846],[2.351303,48.892871],[2.351209,48.892888],[2.351165,48.892896],[2.351127,48.892903],[2.351096,48.892909],[2.351002,48.892927],[2.351003,48.892929],[2.350989,48.892932],[2.350881,48.892952],[2.350804,48.892967],[2.350715,48.892983],[2.350786,48.893094],[2.350856,48.893081]]],[[[2.352512,48.893217],[2.352325,48.893148],[2.35226,48.893161],[2.35211,48.893191],[2.352076,48.893197],[2.352057,48.893201],[2.351891,48.893233],[2.351838,48.893244],[2.351759,48.893259],[2.351758,48.89326],[2.35167,48.893278],[2.351471,48.893316],[2.35128,48.893353],[2.351155,48.893377],[2.351073,48.893524],[2.351087,48.893528],[2.351343,48.893472],[2.351529,48.893431],[2.351728,48.893388],[2.35211,48.893305],[2.35231,48.893261],[2.352512,48.893217]]],[[[2.351069,48.893151],[2.351187,48.893128],[2.351188,48.89313],[2.351307,48.893107],[2.351384,48.893092],[2.351396,48.89309],[2.351409,48.893087],[2.351441,48.893081],[2.351528,48.893064],[2.351645,48.893042],[2.351678,48.893036],[2.35171,48.893029],[2.351775,48.893017],[2.351877,48.892997],[2.351986,48.892976],[2.352076,48.892959],[2.352099,48.892955],[2.35216,48.892943],[2.352187,48.892938],[2.352186,48.892936],[2.352225,48.892929],[2.352238,48.892927],[2.352271,48.892921],[2.352311,48.892913],[2.352286,48.892844],[2.352233,48.892854],[2.352215,48.892858],[2.352153,48.89287],[2.352065,48.892887],[2.351974,48.892905],[2.351962,48.892907],[2.351963,48.892909],[2.351959,48.892909],[2.351846,48.892931],[2.35174,48.89295],[2.351614,48.892974],[2.351604,48.892976],[2.351495,48.892996],[2.351378,48.893018],[2.351275,48.893037],[2.351158,48.893059],[2.351053,48.893079],[2.351038,48.893082],[2.350806,48.893126],[2.350792,48.893139],[2.351003,48.893164],[2.351041,48.893157],[2.351069,48.893151]]],[[[2.351879,48.893563],[2.351838,48.893477],[2.351834,48.893478],[2.351876,48.893564],[2.351879,48.893563]]]],"type":"MultiPolygon"},"properties":{"id_projet":"MATERNELLES (année scolaire 2022/2023)","libelle":"SIMPLON (14) POLY","annee_scol":"2022-2023","zone_commune":0,"etiquette":"Secteur de l'école 14 RUE SIMPLON","lib_etab_1":"SIMPLON (14) POLY","lib_etab_2":null,"lib_etab_3":null,"lib_etab_4":null,"adr_etab_1":"14 RUE SIMPLON","adr_etab_2":null,"adr_etab_3":null,"adr_etab_4":null,"type_etabl":"Maternelle","geo_point_2d":{"lon":2.3543160005634984,"lat":48.893113843789706},"st_area_shape":96897.49548616559,"st_perimeter_shape":3037.193301900458}},{"type":"Feature","geometry":{"coordinates":[[[2.356344,48.898684],[2.355561,48.898617],[2.355483,48.899194],[2.35633,48.899285],[2.356344,48.898684]]],"type":"Polygon"},"properties":{"id_projet":"MATERNELLES (année scolaire 2022/2023)","libelle":"ZM.POISSONNIERS (142)/KOTCHEVER(4)","annee_scol":"2022-2023","zone_commune":1,"etiquette":"Secteur commun des écoles \n142 RUE DES POISSONNIERS \n4 RUE EVA KOTCHEVER","lib_etab_1":"POISSONNIERS (142) POLY","lib_etab_2":"EVA KOTCHEVER (4) POLY","lib_etab_3":null,"lib_etab_4":null,"adr_etab_1":"142 RUE DES POISSONNIERS","adr_etab_2":"4 RUE EVA KOTCHEVER","adr_etab_3":null,"adr_etab_4":null,"type_etabl":"Maternelle","geo_point_2d":{"lon":2.355931232114319,"lat":48.89894867662327},"st_area_shape":3952.9821970785074,"st_perimeter_shape":252.0838802161361}},{"type":"Feature","geometry":{"coordinates":[[[[2.355833,48.895797],[2.355869,48.895272],[2.356362,48.895284],[2.356519,48.893259],[2.355122,48.893213],[2.355577,48.892369],[2.355012,48.890918],[2.351738,48.891278],[2.352353,48.892511],[2.353376,48.892415],[2.353684,48.893745],[2.354348,48.893386],[2.354605,48.894588],[2.354112,48.895746],[2.355833,48.895797]]],[[[2.351486,48.892786],[2.352237,48.892623],[2.351656,48.891555],[2.351269,48.891716],[2.351821,48.89256],[2.350682,48.89294],[2.351486,48.892786]]],[[[2.350856,48.893081],[2.350931,48.893067],[2.350931,48.893068],[2.351043,48.893047],[2.351042,48.893046],[2.351148,48.893026],[2.351257,48.893005],[2.35135,48.892987],[2.351485,48.892961],[2.351559,48.892947],[2.351622,48.892935],[2.351728,48.892915],[2.351844,48.892893],[2.351952,48.892872],[2.352044,48.892855],[2.352192,48.892826],[2.352239,48.892818],[2.352199,48.892701],[2.352134,48.892713],[2.351996,48.892739],[2.351905,48.892756],[2.351797,48.892777],[2.351679,48.892799],[2.351576,48.892819],[2.351508,48.892832],[2.351435,48.892846],[2.351303,48.892871],[2.351209,48.892888],[2.351165,48.892896],[2.351127,48.892903],[2.351096,48.892909],[2.351002,48.892927],[2.351003,48.892929],[2.350989,48.892932],[2.350881,48.892952],[2.350804,48.892967],[2.350715,48.892983],[2.350786,48.893094],[2.350856,48.893081]]],[[[2.351069,48.893151],[2.351187,48.893128],[2.351188,48.89313],[2.351307,48.893107],[2.351384,48.893092],[2.351396,48.89309],[2.351409,48.893087],[2.351441,48.893081],[2.351528,48.893064],[2.351645,48.893042],[2.351678,48.893036],[2.35171,48.893029],[2.351775,48.893017],[2.351877,48.892997],[2.351986,48.892976],[2.352076,48.892959],[2.352099,48.892955],[2.35216,48.892943],[2.352187,48.892938],[2.352186,48.892936],[2.352225,48.892929],[2.352238,48.892927],[2.352271,48.892921],[2.352311,48.892913],[2.352286,48.892844],[2.352233,48.892854],[2.352215,48.892858],[2.352153,48.89287],[2.352065,48.892887],[2.351974,48.892905],[2.351962,48.892907],[2.351963,48.892909],[2.351959,48.892909],[2.351846,48.892931],[2.35174,48.89295],[2.351614,48.892974],[2.351604,48.892976],[2.351495,48.892996],[2.351378,48.893018],[2.351275,48.893037],[2.351158,48.893059],[2.351053,48.893079],[2.351038,48.893082],[2.350806,48.893126],[2.350792,48.893139],[2.351003,48.893164],[2.351041,48.893157],[2.351069,48.893151]]],[[[2.352512,48.893217],[2.352325,48.893148],[2.35226,48.893161],[2.35211,48.893191],[2.352076,48.893197],[2.352057,48.893201],[2.351891,48.893233],[2.351838,48.893244],[2.351759,48.893259],[2.351758,48.89326],[2.35167,48.893278],[2.351471,48.893316],[2.35128,48.893353],[2.351155,48.893377],[2.351073,48.893524],[2.351087,48.893528],[2.351343,48.893472],[2.351529,48.893431],[2.351728,48.893388],[2.35211,48.893305],[2.35231,48.893261],[2.352512,48.893217]]],[[[2.351879,48.893563],[2.351838,48.893477],[2.351834,48.893478],[2.351876,48.893564],[2.351879,48.893563]]]],"type":"MultiPolygon"},"properties":{"id_projet":"MATERNELLES (année scolaire 2024/2025)","libelle":"SIMPLON (14) POLY","annee_scol":"2024-2025","zone_commune":0,"etiquette":"Secteur de l'école 14 RUE SIMPLON","lib_etab_1":"SIMPLON (14) POLY","lib_etab_2":null,"lib_etab_3":null,"lib_etab_4":null,"adr_etab_1":"14 RUE SIMPLON","adr_etab_2":null,"adr_etab_3":null,"adr_etab_4":null,"type_etabl":"Maternelle","geo_point_2d":{"lon":2.3543160005634984,"lat":48.893113843789706},"st_area_shape":96897.49548616559,"st_perimeter_shape":3037.193301900458}},{"type":"Feature","geometry":{"coordinates":[[[[2.351264,48.899356],[2.352197,48.89852],[2.344584,48.898185],[2.344561,48.898755],[2.349719,48.898899],[2.349638,48.899325],[2.351264,48.899356]]],[[[2.345891,48.894252],[2.345479,48.894375],[2.345851,48.894913],[2.346203,48.894785],[2.345891,48.894252]]],[[[2.343138,48.895007],[2.343096,48.894989],[2.342913,48.89503],[2.342784,48.895059],[2.342498,48.895123],[2.342214,48.895187],[2.342008,48.895233],[2.34217,48.895359],[2.343024,48.895192],[2.343138,48.895007]]],[[[2.346283,48.894934],[2.345842,48.895051],[2.3461,48.89553],[2.346432,48.8952],[2.346283,48.894934]]],[[[2.345327,48.894415],[2.34457,48.894618],[2.345946,48.895568],[2.345327,48.894415]]],[[[2.345404,48.895366],[2.3444,48.894655],[2.343327,48.894938],[2.343399,48.895329],[2.344121,48.895131],[2.343428,48.895486],[2.344334,48.895246],[2.343434,48.895514],[2.343502,48.895739],[2.345728,48.895766],[2.345404,48.895366]]],[[[2.346525,48.896084],[2.346443,48.896041],[2.346388,48.896066],[2.346409,48.896106],[2.346468,48.896216],[2.346475,48.896215],[2.346529,48.896085],[2.346525,48.896084]]],[[[2.34518,48.896699],[2.345735,48.895891],[2.343502,48.895885],[2.343826,48.896577],[2.344766,48.896326],[2.343833,48.896594],[2.344287,48.8973],[2.34467,48.897308],[2.34518,48.896699]]],[[[2.346305,48.896238],[2.346136,48.896113],[2.345138,48.897305],[2.346581,48.896921],[2.346305,48.896238]]],[[[2.346731,48.896994],[2.344992,48.897477],[2.34707,48.897767],[2.346731,48.896994]]],[[[2.348011,48.897187],[2.347776,48.896621],[2.346486,48.896253],[2.347287,48.89775],[2.348011,48.897187]]],[[[2.352359,48.897996],[2.34501,48.8978],[2.346908,48.898063],[2.352359,48.897996]]]],"type":"MultiPolygon"},"properties":{"id_projet":"MATERNELLES (année scolaire 2024/2025)","libelle":"CHAMPIONNET (72) MAT","annee_scol":"2024-2025","zone_commune":0,"etiquette":"Secteur de l'école 72 RUE CHAMPIONNET","lib_etab_1":"CHAMPIONNET (72) MAT","lib_etab_2":null,"lib_etab_3":null,"lib_etab_4":null,"adr_etab_1":"72 RUE CHAMPIONNET","adr_etab_2":null,"adr_etab_3":null,"adr_etab_4":null,"type_etabl":"Maternelle","geo_point_2d":{"lon":2.346700556500738,"lat":48.8971598336603},"st_area_shape":109608.01371069314,"st_perimeter_shape":6114.100218126221}},{"type":"Feature","geometry":{"coordinates":[[[[2.356519,48.893259],[2.356549,48.892904],[2.358026,48.892953],[2.358041,48.892671],[2.358512,48.89268],[2.358598,48.89223],[2.359013,48.892613],[2.35958,48.892613],[2.359682,48.891115],[2.357234,48.89121],[2.357269,48.890776],[2.359668,48.890983],[2.359705,48.890407],[2.354916,48.890671],[2.355577,48.892369],[2.355122,48.893213],[2.356519,48.893259]]],[[[2.359275,48.887184],[2.359543,48.887185],[2.359442,48.886721],[2.358239,48.886751],[2.358201,48.887222],[2.359275,48.887184]]],[[[2.356201,48.887552],[2.355808,48.887774],[2.356119,48.887943],[2.356201,48.887552]]],[[[2.356075,48.888159],[2.356094,48.88807],[2.356078,48.888056],[2.355931,48.888147],[2.35593,48.888147],[2.355926,48.88817],[2.355925,48.888177],[2.355918,48.888211],[2.355911,48.888213],[2.355897,48.888213],[2.355888,48.888256],[2.355886,48.888267],[2.355878,48.888308],[2.355867,48.888361],[2.355864,48.888376],[2.355848,48.888458],[2.355844,48.888477],[2.355841,48.888492],[2.35597,48.888615],[2.355979,48.888611],[2.356004,48.888493],[2.356029,48.888375],[2.356051,48.888271],[2.356075,48.888159]]],[[[2.359716,48.888972],[2.359563,48.887255],[2.358229,48.887336],[2.358013,48.887797],[2.35808,48.886684],[2.359425,48.886649],[2.359311,48.886195],[2.358932,48.886462],[2.357879,48.886421],[2.357824,48.88732],[2.35646,48.887166],[2.356178,48.888648],[2.359716,48.888972]]],[[[2.355918,48.88876],[2.355868,48.888755],[2.35585,48.888852],[2.355842,48.888895],[2.355816,48.88904],[2.355813,48.889065],[2.355807,48.889109],[2.355805,48.889126],[2.355804,48.889137],[2.355807,48.889137],[2.355837,48.889139],[2.355873,48.889121],[2.355875,48.889114],[2.355943,48.888782],[2.355918,48.88876]]],[[[2.356235,48.888789],[2.35615,48.888781],[2.356117,48.888797],[2.356093,48.88891],[2.356067,48.889034],[2.356065,48.889045],[2.356052,48.889133],[2.356085,48.889148],[2.356094,48.889148],[2.356157,48.88915],[2.356178,48.889138],[2.356194,48.889041],[2.356214,48.888917],[2.356235,48.888789]]],[[[2.360264,48.889823],[2.36074,48.887684],[2.360223,48.88768],[2.360406,48.887058],[2.359789,48.886878],[2.360264,48.889823]]],[[[2.359717,48.890056],[2.359719,48.889108],[2.358284,48.888994],[2.358363,48.890183],[2.359717,48.890056]]],[[[2.358168,48.889294],[2.358123,48.888961],[2.356315,48.888795],[2.355921,48.890206],[2.358201,48.890207],[2.358168,48.889294]]]],"type":"MultiPolygon"},"properties":{"id_projet":"MATERNELLES (année scolaire 2024/2025)","libelle":"MARX DORMOY (53B) MAT","annee_scol":"2024-2025","zone_commune":0,"etiquette":"Secteur de l'école 53 bis RUE MARX DORMOY","lib_etab_1":"MARX DORMOY (53B) MAT","lib_etab_2":null,"lib_etab_3":null,"lib_etab_4":null,"adr_etab_1":"53 bis RUE MARX DORMOY","adr_etab_2":null,"adr_etab_3":null,"adr_etab_4":null,"type_etabl":"Maternelle","geo_point_2d":{"lon":2.3577716568112717,"lat":48.88993312307199},"st_area_shape":179974.06192722774,"st_perimeter_shape":5821.925412182052}},{"type":"Feature","geometry":{"coordinates":[[[[2.359071,48.893595],[2.358442,48.893461],[2.358511,48.89268],[2.358041,48.892671],[2.358026,48.892953],[2.356549,48.892904],[2.35645,48.894148],[2.359158,48.894201],[2.359071,48.893595]]],[[[2.365421,48.891805],[2.363752,48.892269],[2.363721,48.893002],[2.365336,48.892187],[2.365421,48.891805]]],[[[2.366169,48.891716],[2.365527,48.891614],[2.36547,48.892255],[2.363809,48.893293],[2.364388,48.893511],[2.365644,48.892892],[2.366169,48.891716]]],[[[2.363608,48.893483],[2.363016,48.893505],[2.363175,48.893915],[2.363714,48.893846],[2.363608,48.893483]]],[[[2.363109,48.893318],[2.361951,48.893628],[2.361783,48.893972],[2.363109,48.893318]]],[[[2.362581,48.893892],[2.362903,48.893559],[2.361825,48.894106],[2.362707,48.894219],[2.362581,48.893892]]],[[[2.361661,48.894041],[2.360582,48.894142],[2.360571,48.894602],[2.361661,48.894041]]],[[[2.360273,48.89476],[2.3605,48.894644],[2.360266,48.894675],[2.359996,48.894687],[2.359936,48.894916],[2.359962,48.894918],[2.360273,48.89476]]],[[[2.36046,48.895327],[2.361699,48.894183],[2.360056,48.895003],[2.36046,48.895327]]],[[[2.360155,48.895832],[2.360765,48.895556],[2.360156,48.89541],[2.359772,48.895767],[2.360155,48.895832]]],[[[2.359888,48.895892],[2.359891,48.895858],[2.359918,48.895859],[2.359919,48.895836],[2.359892,48.895835],[2.359892,48.895824],[2.359846,48.895823],[2.359848,48.8958],[2.359824,48.8958],[2.359825,48.895791],[2.359754,48.895789],[2.359746,48.895888],[2.359743,48.895929],[2.359934,48.895934],[2.359936,48.895913],[2.359925,48.895913],[2.359887,48.895911],[2.359888,48.895892]]]],"type":"MultiPolygon"},"properties":{"id_projet":"MATERNELLES (année scolaire 2024/2025)","libelle":"CUGNOT (30) POLY","annee_scol":"2024-2025","zone_commune":0,"etiquette":"Secteur de l'école 30 RUE CUGNOT","lib_etab_1":"CUGNOT (30) POLY","lib_etab_2":null,"lib_etab_3":null,"lib_etab_4":null,"adr_etab_1":"30 RUE CUGNOT","adr_etab_2":null,"adr_etab_3":null,"adr_etab_4":null,"type_etabl":"Maternelle","geo_point_2d":{"lon":2.3609795795859707,"lat":48.89341968537619},"st_area_shape":56405.108153905196,"st_perimeter_shape":3551.531029877593}},{"type":"Feature","geometry":{"coordinates":[[[[2.343236,48.900705],[2.343292,48.899504],[2.340215,48.899457],[2.340212,48.900613],[2.343236,48.900705]]],[[[2.339132,48.898017],[2.33853,48.898189],[2.339226,48.899103],[2.339951,48.899163],[2.339132,48.898017]]],[[[2.340647,48.898049],[2.339502,48.898104],[2.340396,48.899173],[2.340691,48.899113],[2.340647,48.898049]]],[[[2.341365,48.898066],[2.340944,48.89812],[2.340896,48.899119],[2.342264,48.899149],[2.342305,48.898155],[2.341365,48.898066]]],[[[2.343883,48.898535],[2.343882,48.89817],[2.342512,48.89816],[2.342464,48.899152],[2.343751,48.899242],[2.343883,48.898535]]],[[[2.347548,48.89932],[2.347602,48.898911],[2.344561,48.898755],[2.344467,48.898247],[2.344538,48.899223],[2.347548,48.89932]]],[[[2.345432,48.900443],[2.345472,48.899563],[2.344585,48.899549],[2.344577,48.900434],[2.345432,48.900443]]],[[[2.339944,48.899456],[2.339299,48.90001],[2.339749,48.900626],[2.339944,48.899456]]],[[[2.346117,48.900782],[2.34753,48.900772],[2.34759,48.89959],[2.345625,48.89955],[2.345578,48.900569],[2.344531,48.900689],[2.346117,48.900782]]],[[[2.343829,48.901276],[2.340998,48.901218],[2.340492,48.901219],[2.340097,48.901209],[2.340095,48.901309],[2.343915,48.901368],[2.343829,48.901276]]],[[[2.346959,48.901368],[2.346539,48.901358],[2.346545,48.901409],[2.347927,48.901432],[2.34793,48.901387],[2.346959,48.901368]]]],"type":"MultiPolygon"},"properties":{"id_projet":"MATERNELLES (année scolaire 2025/2026)","libelle":"FERNAND LABORI (19) ELEM","annee_scol":"2025-2026","zone_commune":0,"etiquette":"Secteur de l'école 19 RUE FERNAND LABORI","lib_etab_1":"FERNAND LABORI (19) MAT","lib_etab_2":null,"lib_etab_3":null,"lib_etab_4":null,"adr_etab_1":"19 RUE FERNAND LABORI","adr_etab_2":null,"adr_etab_3":null,"adr_etab_4":null,"type_etabl":"Maternelle","geo_point_2d":{"lon":2.3430440284535865,"lat":48.899530048856036},"st_area_shape":115008.57892930749,"st_perimeter_shape":5137.758987518363}},{"type":"Feature","geometry":{"coordinates":[[[[2.331349,48.895331],[2.332421,48.89423],[2.329587,48.893623],[2.329937,48.894251],[2.330399,48.894114],[2.330072,48.894389],[2.331018,48.895566],[2.331349,48.895331]]],[[[2.328855,48.8953],[2.328433,48.895488],[2.329013,48.895548],[2.328855,48.8953]]],[[[2.32879,48.895077],[2.328737,48.895064],[2.328358,48.895194],[2.328337,48.895219],[2.328392,48.895367],[2.328429,48.895379],[2.328454,48.89537],[2.32852,48.895347],[2.328853,48.895231],[2.328872,48.895194],[2.32879,48.895077]]],[[[2.330254,48.895743],[2.329986,48.89571],[2.329717,48.89568],[2.329447,48.895654],[2.329177,48.895634],[2.328777,48.895611],[2.328773,48.895611],[2.328773,48.895609],[2.328554,48.895601],[2.328554,48.895599],[2.328504,48.895599],[2.328473,48.895619],[2.328532,48.895794],[2.328581,48.895803],[2.328991,48.89573],[2.329005,48.895728],[2.329014,48.895728],[2.329018,48.895728],[2.329032,48.895728],[2.329036,48.895728],[2.329307,48.895746],[2.329577,48.895771],[2.329764,48.89579],[2.329846,48.895799],[2.330115,48.895831],[2.330835,48.895925],[2.331005,48.895949],[2.331408,48.896004],[2.331439,48.895898],[2.331098,48.895854],[2.330923,48.89583],[2.330254,48.895743]]],[[[2.329563,48.895375],[2.329113,48.894681],[2.32826,48.894973],[2.328797,48.895004],[2.329188,48.895561],[2.32968,48.895603],[2.329563,48.895375]]],[[[2.330219,48.894963],[2.329856,48.894449],[2.329577,48.89451],[2.329711,48.894875],[2.329483,48.894542],[2.32916,48.894663],[2.329819,48.895618],[2.330873,48.895667],[2.330219,48.894963]]],[[[2.329584,48.897439],[2.330939,48.897111],[2.331518,48.89741],[2.332048,48.897129],[2.331305,48.896919],[2.330892,48.896469],[2.331187,48.89636],[2.330972,48.896066],[2.329584,48.897439]]],[[[2.332647,48.895112],[2.332405,48.89458],[2.331193,48.895754],[2.332845,48.896006],[2.332647,48.895112]]],[[[2.330094,48.896613],[2.330587,48.896108],[2.329869,48.896242],[2.330499,48.895974],[2.328577,48.895914],[2.328777,48.896507],[2.329516,48.89631],[2.328812,48.89661],[2.329137,48.897447],[2.330094,48.896613]]],[[[2.327852,48.89321],[2.328198,48.894789],[2.329774,48.894269],[2.329373,48.893549],[2.327852,48.89321]]]],"type":"MultiPolygon"},"properties":{"id_projet":"MATERNELLES (année scolaire 2026/2027)","libelle":"VAUVENARGUES (52) MAT","annee_scol":"2026-2027","zone_commune":0,"etiquette":"Secteur de l'école 52 VAUVENARGUES (52) MAT","lib_etab_1":"VAUVENARGUES (52) MAT","lib_etab_2":null,"lib_etab_3":null,"lib_etab_4":null,"adr_etab_1":"52 VAUVENARGUES (52) MAT","adr_etab_2":null,"adr_etab_3":null,"adr_etab_4":null,"type_etabl":"Maternelle","geo_point_2d":{"lon":2.330163460537565,"lat":48.895252566594465},"st_area_shape":89710.76169217261,"st_perimeter_shape":4679.572279094192}},{"type":"Feature","geometry":{"coordinates":[[[[2.356519,48.893259],[2.356549,48.892904],[2.358026,48.892953],[2.358041,48.892671],[2.358512,48.89268],[2.358598,48.89223],[2.359013,48.892613],[2.35958,48.892613],[2.359682,48.891115],[2.357234,48.89121],[2.357269,48.890776],[2.359668,48.890983],[2.359705,48.890407],[2.354916,48.890671],[2.355577,48.892369],[2.355122,48.893213],[2.356519,48.893259]]],[[[2.355918,48.88876],[2.355868,48.888755],[2.35585,48.888852],[2.355842,48.888895],[2.355816,48.88904],[2.355813,48.889065],[2.355807,48.889109],[2.355805,48.889126],[2.355804,48.889137],[2.355807,48.889137],[2.355837,48.889139],[2.355873,48.889121],[2.355875,48.889114],[2.355943,48.888782],[2.355918,48.88876]]],[[[2.356235,48.888789],[2.35615,48.888781],[2.356117,48.888797],[2.356093,48.88891],[2.356067,48.889034],[2.356065,48.889045],[2.356052,48.889133],[2.356085,48.889148],[2.356094,48.889148],[2.356157,48.88915],[2.356178,48.889138],[2.356194,48.889041],[2.356214,48.888917],[2.356235,48.888789]]],[[[2.356075,48.888159],[2.356094,48.88807],[2.356078,48.888056],[2.355931,48.888147],[2.35593,48.888147],[2.355926,48.88817],[2.355925,48.888177],[2.355918,48.888211],[2.355911,48.888213],[2.355897,48.888213],[2.355888,48.888256],[2.355886,48.888267],[2.355878,48.888308],[2.355867,48.888361],[2.355864,48.888376],[2.355848,48.888458],[2.355844,48.888477],[2.355841,48.888492],[2.35597,48.888615],[2.355979,48.888611],[2.356004,48.888493],[2.356029,48.888375],[2.356051,48.888271],[2.356075,48.888159]]],[[[2.356201,48.887552],[2.355808,48.887774],[2.356119,48.887943],[2.356201,48.887552]]],[[[2.359275,48.887184],[2.359543,48.887185],[2.359442,48.886721],[2.358239,48.886751],[2.358201,48.887222],[2.359275,48.887184]]],[[[2.360264,48.889823],[2.36074,48.887684],[2.360223,48.88768],[2.360406,48.887058],[2.359789,48.886878],[2.360264,48.889823]]],[[[2.359717,48.890056],[2.359719,48.889108],[2.358284,48.888994],[2.358363,48.890183],[2.359717,48.890056]]],[[[2.358168,48.889294],[2.358123,48.888961],[2.356315,48.888795],[2.355921,48.890206],[2.358201,48.890207],[2.358168,48.889294]]],[[[2.359716,48.888972],[2.359563,48.887255],[2.358229,48.887336],[2.358013,48.887797],[2.35808,48.886684],[2.359425,48.886649],[2.359311,48.886195],[2.358932,48.886462],[2.357879,48.886421],[2.357824,48.88732],[2.35646,48.887166],[2.356178,48.888648],[2.359716,48.888972]]]],"type":"MultiPolygon"},"properties":{"id_projet":"MATERNELLES (année scolaire 2026/2027)","libelle":"MARX DORMOY (53B) MAT","annee_scol":"2026-2027","zone_commune":0,"etiquette":"Secteur de l'école 53 bis MARX DORMOY (53 B) MAT","lib_etab_1":"MARX DORMOY (53 B) MAT","lib_etab_2":null,"lib_etab_3":null,"lib_etab_4":null,"adr_etab_1":"53 bis MARX DORMOY (53 B) MAT","adr_etab_2":null,"adr_etab_3":null,"adr_etab_4":null,"type_etabl":"Maternelle","geo_point_2d":{"lon":2.3577716568112717,"lat":48.88993312307204},"st_area_shape":179974.06192722774,"st_perimeter_shape":5821.925412182052}},{"type":"Feature","geometry":{"coordinates":[[[[2.333883,48.899307],[2.333897,48.899028],[2.330915,48.898968],[2.330902,48.899246],[2.329986,48.899312],[2.330287,48.900143],[2.334579,48.900232],[2.334623,48.899324],[2.333883,48.899307]]],[[[2.333888,48.901101],[2.331696,48.901057],[2.331691,48.90109],[2.33388,48.901144],[2.333888,48.901101]]],[[[2.338769,48.901219],[2.336594,48.901175],[2.336591,48.901208],[2.338764,48.901244],[2.339654,48.90126],[2.339655,48.901235],[2.338769,48.901219]]],[[[2.335814,48.898087],[2.336385,48.898734],[2.336573,48.898174],[2.335814,48.898087]]],[[[2.341141,48.897685],[2.338466,48.89738],[2.337733,48.897615],[2.341141,48.897685]]],[[[2.338414,48.898341],[2.337732,48.899117],[2.338964,48.899063],[2.338414,48.898341]]],[[[2.334931,48.899329],[2.33479,48.900411],[2.335238,48.90042],[2.335802,48.899418],[2.334931,48.899329]]],[[[2.338103,48.897996],[2.337489,48.898028],[2.336609,48.899017],[2.337405,48.899064],[2.338103,48.897996]]],[[[2.335248,48.898175],[2.33451,48.89905],[2.336076,48.899082],[2.335248,48.898175]]],[[[2.339749,48.900626],[2.339299,48.90001],[2.33992,48.89944],[2.336539,48.899362],[2.33574,48.900589],[2.339749,48.900626]]]],"type":"MultiPolygon"},"properties":{"id_projet":"MATERNELLES (année scolaire 2026/2027)","libelle":"FRANCOISE DORLEAC (2) MAT","annee_scol":"2026-2027","zone_commune":0,"etiquette":"Secteur de l'école 2 FRANCOISE DORLEAC (2) MAT","lib_etab_1":"FRANCOISE DORLEAC (2) MAT","lib_etab_2":null,"lib_etab_3":null,"lib_etab_4":null,"adr_etab_1":"2 FRANCOISE DORLEAC (2) MAT","adr_etab_2":null,"adr_etab_3":null,"adr_etab_4":null,"type_etabl":"Maternelle","geo_point_2d":{"lon":2.3354081047642943,"lat":48.89951566793967},"st_area_shape":107654.54474532345,"st_perimeter_shape":4751.08940012986}},{"type":"Feature","geometry":{"coordinates":[[[[2.343236,48.900705],[2.343292,48.899504],[2.340215,48.899457],[2.340212,48.900613],[2.343236,48.900705]]],[[[2.346959,48.901368],[2.346539,48.901358],[2.346545,48.901409],[2.347927,48.901432],[2.34793,48.901387],[2.346959,48.901368]]],[[[2.343829,48.901276],[2.340998,48.901218],[2.340492,48.901219],[2.340097,48.901209],[2.340095,48.901309],[2.343915,48.901368],[2.343829,48.901276]]],[[[2.339944,48.899456],[2.339299,48.90001],[2.339749,48.900626],[2.339944,48.899456]]],[[[2.345432,48.900443],[2.345472,48.899563],[2.344585,48.899549],[2.344577,48.900434],[2.345432,48.900443]]],[[[2.339132,48.898017],[2.33853,48.898189],[2.339226,48.899103],[2.339951,48.899163],[2.339132,48.898017]]],[[[2.340647,48.898049],[2.339502,48.898104],[2.340396,48.899173],[2.340691,48.899113],[2.340647,48.898049]]],[[[2.343883,48.898535],[2.343882,48.89817],[2.342512,48.89816],[2.342464,48.899152],[2.343751,48.899242],[2.343883,48.898535]]],[[[2.347548,48.89932],[2.347602,48.898911],[2.344561,48.898755],[2.344467,48.898247],[2.344538,48.899223],[2.347548,48.89932]]],[[[2.341365,48.898066],[2.340944,48.89812],[2.340896,48.899119],[2.342264,48.899149],[2.342305,48.898155],[2.341365,48.898066]]],[[[2.346117,48.900782],[2.34753,48.900772],[2.34759,48.89959],[2.345625,48.89955],[2.345578,48.900569],[2.344531,48.900689],[2.346117,48.900782]]]],"type":"MultiPolygon"},"properties":{"id_projet":"MATERNELLES (année scolaire 2026/2027)","libelle":"FERNAND LABORI (19) ELEM","annee_scol":"2026-2027","zone_commune":0,"etiquette":"Secteur de l'école 19 FERNAND LABORI (19) MAT","lib_etab_1":"FERNAND LABORI (19) MAT","lib_etab_2":null,"lib_etab_3":null,"lib_etab_4":null,"adr_etab_1":"19 FERNAND LABORI (19) MAT","adr_etab_2":null,"adr_etab_3":null,"adr_etab_4":null,"type_etabl":"Maternelle","geo_point_2d":{"lon":2.3430440284535856,"lat":48.89953004885598},"st_area_shape":115008.5789293075,"st_perimeter_shape":5137.758987518362}},{"type":"Feature","geometry":{"coordinates":[[[[2.36074,48.89802],[2.361835,48.89759],[2.367495,48.897536],[2.368463,48.896548],[2.371009,48.895772],[2.366011,48.894469],[2.365742,48.894926],[2.365042,48.895],[2.365208,48.89569],[2.365934,48.896051],[2.364972,48.89556],[2.363631,48.895852],[2.363337,48.89547],[2.36275,48.895532],[2.362534,48.895966],[2.362042,48.895422],[2.360823,48.89555],[2.362077,48.895218],[2.361699,48.894183],[2.36017,48.895318],[2.361302,48.896093],[2.360775,48.896148],[2.360463,48.896944],[2.360416,48.898009],[2.36074,48.89802]],[[2.360844,48.895666],[2.360852,48.895553],[2.361133,48.895564],[2.361156,48.895636],[2.361168,48.895677],[2.360844,48.895666]]],[[[2.365357,48.894157],[2.364713,48.893997],[2.364995,48.89484],[2.365781,48.894411],[2.365357,48.894157]]],[[[2.364289,48.893635],[2.363704,48.893383],[2.363714,48.893846],[2.363175,48.893915],[2.363599,48.89501],[2.364793,48.894864],[2.364289,48.893635]]],[[[2.363458,48.895148],[2.362942,48.893569],[2.362581,48.893892],[2.362707,48.894219],[2.361823,48.894107],[2.362275,48.895213],[2.362654,48.895395],[2.363458,48.895148]]],[[[2.364958,48.895508],[2.364837,48.895007],[2.363532,48.895352],[2.3638,48.89563],[2.364958,48.895508]]],[[[2.369751,48.893663],[2.368861,48.891594],[2.366117,48.892305],[2.365644,48.892892],[2.364388,48.893511],[2.36383,48.893303],[2.366262,48.894358],[2.371404,48.89572],[2.371731,48.895457],[2.370427,48.89467],[2.369751,48.893663]]]],"type":"MultiPolygon"},"properties":{"id_projet":"MATERNELLES (année scolaire 2024/2025)","libelle":"TCHAIKOVSKI (7) MAT","annee_scol":"2024-2025","zone_commune":0,"etiquette":"Secteur de l'école 7 RUE TCHAIKOVSKI","lib_etab_1":"TCHAIKOVSKI (7) MAT","lib_etab_2":null,"lib_etab_3":null,"lib_etab_4":null,"adr_etab_1":"7 RUE TCHAIKOVSKI","adr_etab_2":null,"adr_etab_3":null,"adr_etab_4":null,"type_etabl":"Maternelle","geo_point_2d":{"lon":2.365756327268512,"lat":48.89517351397765},"st_area_shape":310507.5031892993,"st_perimeter_shape":6287.149670013381}},{"type":"Feature","geometry":{"coordinates":[[[[2.36886,48.891591],[2.367959,48.889768],[2.363895,48.889982],[2.363982,48.890563],[2.364794,48.890538],[2.364043,48.890638],[2.364069,48.891137],[2.365425,48.891039],[2.365527,48.891614],[2.366184,48.891566],[2.366112,48.892303],[2.36886,48.891591]]],[[[2.362497,48.89024],[2.362454,48.890017],[2.361378,48.890122],[2.361343,48.890623],[2.362511,48.890654],[2.362497,48.89024]]],[[[2.363018,48.889996],[2.362599,48.890015],[2.362693,48.890655],[2.363104,48.890639],[2.363018,48.889996]]],[[[2.36121,48.890484],[2.361185,48.890141],[2.36028,48.890231],[2.360159,48.890839],[2.361166,48.891129],[2.36121,48.890484]]],[[[2.361744,48.890735],[2.361339,48.89073],[2.361327,48.891191],[2.361734,48.891195],[2.361744,48.890735]]],[[[2.363732,48.889983],[2.363181,48.889992],[2.363373,48.891209],[2.363908,48.89115],[2.363732,48.889983]]],[[[2.362061,48.890739],[2.361893,48.89124],[2.362208,48.891243],[2.362061,48.890739]]],[[[2.362483,48.890743],[2.362371,48.891244],[2.363178,48.891197],[2.363129,48.890826],[2.362483,48.890743]]],[[[2.359596,48.891062],[2.357495,48.890984],[2.359653,48.890992],[2.359193,48.890805],[2.357269,48.890776],[2.357234,48.89121],[2.359596,48.891062]]],[[[2.365242,48.891182],[2.363482,48.89131],[2.363427,48.891862],[2.365371,48.891681],[2.365242,48.891182]]],[[[2.363212,48.891468],[2.361323,48.891551],[2.361932,48.892035],[2.363239,48.8919],[2.363212,48.891468]]],[[[2.360767,48.891349],[2.360825,48.891148],[2.360126,48.89097],[2.359981,48.891951],[2.361366,48.891819],[2.360767,48.891349]]],[[[2.363339,48.892456],[2.363162,48.892017],[2.362013,48.89216],[2.363333,48.892991],[2.363339,48.892456]]],[[[2.365396,48.891792],[2.363471,48.891985],[2.363568,48.892959],[2.363752,48.892269],[2.365396,48.891792]]],[[[2.362272,48.892474],[2.361726,48.892467],[2.361869,48.893137],[2.363178,48.893137],[2.362272,48.892474]]],[[[2.361528,48.892205],[2.361264,48.892221],[2.361467,48.893167],[2.36171,48.893173],[2.361528,48.892205]]],[[[2.360338,48.893241],[2.361333,48.893205],[2.361125,48.89223],[2.359973,48.892097],[2.359799,48.893239],[2.360338,48.893241]]],[[[2.359283,48.893701],[2.359525,48.892761],[2.358644,48.892662],[2.35958,48.892613],[2.358563,48.892243],[2.358442,48.893461],[2.359283,48.893701]],[[2.359113,48.893021],[2.359028,48.893018],[2.35924,48.893027],[2.359113,48.893021]]],[[[2.361973,48.8937],[2.363109,48.893318],[2.3615,48.893307],[2.361771,48.89397],[2.361973,48.8937]]],[[[2.361437,48.894003],[2.361661,48.894041],[2.361304,48.893313],[2.359789,48.893402],[2.360522,48.893551],[2.360582,48.894142],[2.361437,48.894003]]]],"type":"MultiPolygon"},"properties":{"id_projet":"MATERNELLES (année scolaire 2025/2026)","libelle":"TORCY (10-12) MAT","annee_scol":"2025-2026","zone_commune":0,"etiquette":"Secteur de l'école 10 RUE DE TORCY","lib_etab_1":"TORCY (10-12) MAT","lib_etab_2":null,"lib_etab_3":null,"lib_etab_4":null,"adr_etab_1":"10 RUE DE TORCY","adr_etab_2":null,"adr_etab_3":null,"adr_etab_4":null,"type_etabl":"Maternelle","geo_point_2d":{"lon":2.363455808482537,"lat":48.89150150875147},"st_area_shape":172575.62646295966,"st_perimeter_shape":8173.9042816015535}},{"type":"Feature","geometry":{"coordinates":[[[[2.345565,48.88573],[2.347303,48.885673],[2.347096,48.884681],[2.34502,48.884851],[2.34507,48.885761],[2.345565,48.88573]]],[[[2.345933,48.888847],[2.345777,48.888813],[2.345736,48.888817],[2.345665,48.888852],[2.345429,48.888965],[2.345462,48.889005],[2.3457,48.888939],[2.345935,48.888874],[2.345933,48.888847]]],[[[2.344857,48.885293],[2.344587,48.885347],[2.344847,48.88557],[2.344857,48.885293]]],[[[2.346155,48.888634],[2.34606,48.888613],[2.346035,48.888657],[2.345813,48.888675],[2.345798,48.888702],[2.345816,48.888727],[2.345975,48.888762],[2.346067,48.888783],[2.346178,48.888807],[2.346248,48.888788],[2.346373,48.888753],[2.346408,48.888744],[2.346479,48.888724],[2.346151,48.888639],[2.346155,48.888634]]],[[[2.345354,48.888166],[2.345023,48.888532],[2.345602,48.88868],[2.345354,48.888166]]],[[[2.344624,48.883166],[2.344259,48.883352],[2.34516,48.883293],[2.344624,48.883166]]],[[[2.343777,48.883018],[2.343089,48.883219],[2.343521,48.883682],[2.343777,48.883018]]],[[[2.343361,48.884106],[2.343483,48.88378],[2.342717,48.884276],[2.343361,48.884106]]],[[[2.345004,48.888641],[2.344619,48.889211],[2.345565,48.888789],[2.345004,48.888641]]],[[[2.346995,48.887484],[2.346383,48.887458],[2.346242,48.887734],[2.346922,48.887843],[2.346995,48.887484]]],[[[2.346131,48.887755],[2.346211,48.887444],[2.345246,48.887657],[2.346131,48.887755]]],[[[2.3445,48.883444],[2.344218,48.883403],[2.344061,48.88378],[2.344567,48.883858],[2.344912,48.883529],[2.3445,48.883444]]],[[[2.343996,48.886363],[2.343863,48.886662],[2.344438,48.887416],[2.343996,48.886363]]],[[[2.345446,48.886524],[2.345759,48.886866],[2.346345,48.88699],[2.346493,48.886759],[2.345446,48.886524]]],[[[2.343995,48.883042],[2.343623,48.883702],[2.343993,48.883769],[2.344271,48.883116],[2.343995,48.883042]]],[[[2.346366,48.888976],[2.345087,48.88933],[2.346067,48.889449],[2.346366,48.888976]]],[[[2.344723,48.885135],[2.344739,48.884543],[2.344329,48.88448],[2.344302,48.885104],[2.344723,48.885135]]],[[[2.344776,48.884009],[2.344217,48.884354],[2.345607,48.884203],[2.344776,48.884009]]],[[[2.343759,48.883831],[2.343416,48.884315],[2.344063,48.884335],[2.344451,48.883968],[2.343759,48.883831]]],[[[2.347547,48.886824],[2.347171,48.886734],[2.346758,48.886013],[2.347303,48.885753],[2.346526,48.885815],[2.346702,48.886673],[2.347547,48.886824]]],[[[2.344307,48.886261],[2.344087,48.886236],[2.344637,48.887481],[2.345102,48.887561],[2.344993,48.886497],[2.344307,48.886261]]],[[[2.346396,48.88583],[2.345083,48.88589],[2.345131,48.886331],[2.346527,48.886634],[2.346396,48.88583]]],[[[2.346866,48.88446],[2.346898,48.883889],[2.344937,48.884507],[2.345013,48.88476],[2.346866,48.88446]]],[[[2.344099,48.88744],[2.3435,48.887264],[2.343763,48.88879],[2.344419,48.887592],[2.344099,48.88744]]],[[[2.345399,48.887376],[2.347212,48.887421],[2.347492,48.886946],[2.346657,48.886773],[2.346459,48.887109],[2.345204,48.886632],[2.345399,48.887376]]],[[[2.346821,48.883759],[2.345686,48.883373],[2.345418,48.883716],[2.345574,48.883366],[2.345322,48.883301],[2.344683,48.883877],[2.345949,48.884123],[2.346821,48.883759]]],[[[2.34488,48.886257],[2.344971,48.885882],[2.344142,48.88514],[2.344054,48.884491],[2.34278,48.884406],[2.344268,48.885824],[2.344095,48.886125],[2.34488,48.886257]]],[[[2.345183,48.888014],[2.346775,48.888181],[2.34694,48.88791],[2.34457,48.887634],[2.343951,48.8889],[2.344466,48.889162],[2.345183,48.888014]]]],"type":"MultiPolygon"},"properties":{"id_projet":"MATERNELLES (année scolaire 2026/2027)","libelle":"ANDRE DEL SARTE (11) MAT","annee_scol":"2026-2027","zone_commune":0,"etiquette":"Secteur de l'école 11 ANDRE DEL SARTE (11) MAT","lib_etab_1":"ANDRE DEL SARTE (11) MAT","lib_etab_2":null,"lib_etab_3":null,"lib_etab_4":null,"adr_etab_1":"11 ANDRE DEL SARTE (11) MAT","adr_etab_2":null,"adr_etab_3":null,"adr_etab_4":null,"type_etabl":"Maternelle","geo_point_2d":{"lon":2.3452284341212124,"lat":48.88596927309909},"st_area_shape":120412.1735314488,"st_perimeter_shape":8282.490797147195}},{"type":"Feature","geometry":{"coordinates":[[[[2.333741,48.888153],[2.33315,48.888466],[2.334357,48.890474],[2.335688,48.89031],[2.335672,48.889612],[2.334741,48.889375],[2.333741,48.888153]]],[[[2.336297,48.891446],[2.337739,48.891336],[2.337352,48.890531],[2.335691,48.890419],[2.335718,48.890895],[2.335497,48.89045],[2.334454,48.890596],[2.335519,48.891073],[2.335069,48.891249],[2.335062,48.891585],[2.336297,48.891446]]],[[[2.338713,48.890011],[2.336926,48.890275],[2.339468,48.891086],[2.338713,48.890011]]],[[[2.334168,48.890496],[2.333462,48.88944],[2.333245,48.890425],[2.334168,48.890496]],[[2.333744,48.89043],[2.333634,48.890269],[2.333615,48.890242],[2.333746,48.890207],[2.333841,48.890367],[2.333886,48.890362],[2.333883,48.890364],[2.333897,48.890409],[2.333821,48.890419],[2.333808,48.890421],[2.33378,48.890425],[2.333766,48.890427],[2.333764,48.890427],[2.333744,48.89043]]],[[[2.33781,48.890678],[2.337489,48.890603],[2.337893,48.89132],[2.339289,48.891178],[2.33781,48.890678]]],[[[2.337781,48.890021],[2.338503,48.889831],[2.336586,48.890012],[2.335807,48.889617],[2.335877,48.890284],[2.337781,48.890021]]],[[[2.332901,48.889355],[2.333361,48.889264],[2.33303,48.888607],[2.332326,48.889158],[2.332901,48.889355]]],[[[2.332434,48.888898],[2.332956,48.888484],[2.332703,48.888062],[2.331929,48.88858],[2.332378,48.888813],[2.332228,48.889012],[2.332434,48.888898]]],[[[2.333322,48.887625],[2.332845,48.887937],[2.333091,48.888368],[2.333583,48.887954],[2.333322,48.887625]]],[[[2.333211,48.889642],[2.33263,48.889565],[2.332925,48.889606],[2.333017,48.890076],[2.333211,48.889642]]],[[[2.334228,48.890626],[2.333458,48.890733],[2.333737,48.890898],[2.334228,48.890626]]]],"type":"MultiPolygon"},"properties":{"id_projet":"MATERNELLES (année scolaire 2020/2021)","libelle":"LAMARCK (4) MAT","annee_scol":"2020-2021","zone_commune":0,"etiquette":"Secteur de l'école 4 SQUARE LAMARCK","lib_etab_1":"LAMARCK (4) MAT","lib_etab_2":null,"lib_etab_3":null,"lib_etab_4":null,"adr_etab_1":"4 SQUARE LAMARCK","adr_etab_2":null,"adr_etab_3":null,"adr_etab_4":null,"type_etabl":null,"geo_point_2d":{"lon":2.335503564115231,"lat":48.890060735516286},"st_area_shape":76535.35494728645,"st_perimeter_shape":4462.586645730018}},{"type":"Feature","geometry":{"coordinates":[[[[2.355926,48.88817],[2.353572,48.887861],[2.353645,48.888418],[2.355946,48.888627],[2.355926,48.88817]]],[[[2.35071,48.889519],[2.350488,48.888865],[2.351181,48.888944],[2.351469,48.888355],[2.349788,48.88842],[2.349817,48.88953],[2.35071,48.889519]]],[[[2.353701,48.890292],[2.354469,48.890302],[2.354472,48.88896],[2.353669,48.889003],[2.353419,48.890273],[2.353701,48.890292]]],[[[2.355181,48.889105],[2.355803,48.88914],[2.355868,48.888755],[2.354643,48.888665],[2.354633,48.890304],[2.355139,48.890313],[2.355181,48.889105]]],[[[2.351959,48.889005],[2.353503,48.888922],[2.353504,48.888558],[2.351682,48.888375],[2.352108,48.888612],[2.351959,48.889005]]],[[[2.352007,48.891373],[2.355012,48.890918],[2.354916,48.890671],[2.352007,48.891373]]],[[[2.355183,48.887588],[2.353831,48.887496],[2.353568,48.887742],[2.356088,48.88796],[2.355183,48.887588]]],[[[2.355385,48.889176],[2.355218,48.890314],[2.355707,48.890299],[2.355856,48.889213],[2.355385,48.889176]]],[[[2.35348,48.888187],[2.35341,48.887676],[2.353177,48.888026],[2.351587,48.888228],[2.353464,48.888402],[2.35348,48.888187]]],[[[2.35427,48.890605],[2.354437,48.890574],[2.354462,48.890552],[2.354463,48.890499],[2.354465,48.890429],[2.354437,48.89041],[2.354228,48.890407],[2.354004,48.890404],[2.353812,48.890401],[2.353696,48.890399],[2.353683,48.8904],[2.353504,48.890409],[2.35344,48.890412],[2.353389,48.890444],[2.35336,48.890593],[2.353359,48.890595],[2.353363,48.890595],[2.353412,48.890763],[2.353638,48.890721],[2.353865,48.890679],[2.354054,48.890644],[2.35427,48.890605]]],[[[2.353814,48.888569],[2.353694,48.888912],[2.354503,48.88885],[2.353814,48.888569]]],[[[2.352487,48.889235],[2.353416,48.889016],[2.351754,48.889105],[2.352487,48.889235]]]],"type":"MultiPolygon"},"properties":{"id_projet":"MATERNELLES (année scolaire 2020/2021)","libelle":"EMILE DUPLOYE (27) MAT","annee_scol":"2020-2021","zone_commune":0,"etiquette":"Secteur de l'école 27 RUE EMILE DUPLOYE","lib_etab_1":"EMILE DUPLOYE (27) MAT","lib_etab_2":null,"lib_etab_3":null,"lib_etab_4":null,"adr_etab_1":"27 RUE EMILE DUPLOYE","adr_etab_2":null,"adr_etab_3":null,"adr_etab_4":null,"type_etabl":null,"geo_point_2d":{"lon":2.353648898903894,"lat":48.889087619772624},"st_area_shape":74374.1215675427,"st_perimeter_shape":4851.409079110254}},{"type":"Feature","geometry":{"coordinates":[[[[2.332731,48.886486],[2.333713,48.886126],[2.333158,48.885575],[2.332638,48.885721],[2.333139,48.885528],[2.332492,48.885355],[2.333622,48.884819],[2.332691,48.883995],[2.333255,48.884521],[2.331931,48.885331],[2.332202,48.885677],[2.331841,48.885908],[2.332731,48.886486]]],[[[2.336778,48.887261],[2.337251,48.887219],[2.337001,48.88689],[2.337904,48.886254],[2.337739,48.885796],[2.336428,48.886248],[2.336748,48.886819],[2.336332,48.886313],[2.335687,48.886589],[2.336173,48.8873],[2.336778,48.887261]]],[[[2.344095,48.886125],[2.344268,48.885824],[2.343344,48.884883],[2.342518,48.885173],[2.342452,48.885695],[2.344095,48.886125]]],[[[2.334996,48.885851],[2.333947,48.886496],[2.334007,48.887065],[2.335534,48.886587],[2.334996,48.885851]]],[[[2.339867,48.885109],[2.340332,48.884972],[2.340269,48.884725],[2.338653,48.884624],[2.338712,48.885163],[2.339044,48.885147],[2.338477,48.885484],[2.339867,48.885109]]],[[[2.33595,48.887154],[2.335567,48.886632],[2.334035,48.887116],[2.334231,48.887352],[2.335017,48.887102],[2.335314,48.887454],[2.33595,48.887154]]],[[[2.335358,48.888376],[2.335654,48.888096],[2.335268,48.887721],[2.337165,48.887329],[2.333852,48.887913],[2.335358,48.888376]]],[[[2.339948,48.885917],[2.340563,48.885743],[2.340439,48.885433],[2.33806,48.886176],[2.339948,48.885917]]],[[[2.33741,48.884999],[2.335947,48.885581],[2.336389,48.886156],[2.33741,48.884999]]],[[[2.339013,48.887975],[2.33962,48.887067],[2.337668,48.887738],[2.339013,48.887975]]],[[[2.333788,48.886411],[2.334103,48.886133],[2.332805,48.886603],[2.33341,48.887362],[2.333796,48.887119],[2.333788,48.886411]]],[[[2.333984,48.885172],[2.333341,48.885516],[2.333842,48.886106],[2.33462,48.885788],[2.333984,48.885172]]],[[[2.340461,48.885028],[2.338611,48.885552],[2.33857,48.885854],[2.340542,48.885329],[2.340461,48.885028]]],[[[2.341171,48.886599],[2.341233,48.885954],[2.341911,48.885722],[2.341754,48.88549],[2.340392,48.88588],[2.340555,48.886359],[2.340967,48.886303],[2.341171,48.886599]]],[[[2.338068,48.886341],[2.337097,48.886954],[2.337294,48.887213],[2.338467,48.886718],[2.338068,48.886341]]],[[[2.337959,48.887433],[2.339252,48.886995],[2.338365,48.886884],[2.337357,48.8873],[2.337562,48.887552],[2.337959,48.887433]]],[[[2.34246,48.886946],[2.342558,48.886135],[2.341453,48.886254],[2.341491,48.886681],[2.3423,48.886668],[2.34246,48.886946]]],[[[2.339559,48.887005],[2.33985,48.886974],[2.3395,48.886529],[2.340415,48.886182],[2.340306,48.885934],[2.338926,48.886317],[2.339559,48.887005]]],[[[2.335822,48.885617],[2.335084,48.885809],[2.33559,48.8865],[2.336239,48.886204],[2.335822,48.885617]]],[[[2.343066,48.886953],[2.343345,48.886283],[2.3428,48.886261],[2.342598,48.886957],[2.343066,48.886953]]],[[[2.340108,48.886796],[2.340615,48.886706],[2.34046,48.886296],[2.339671,48.886553],[2.339941,48.886949],[2.340108,48.886796]]],[[[2.341891,48.885351],[2.341767,48.885057],[2.340649,48.885397],[2.340764,48.885683],[2.341891,48.885351]]],[[[2.336864,48.885039],[2.337142,48.884924],[2.336627,48.884735],[2.335811,48.88493],[2.336149,48.885333],[2.336864,48.885039]]],[[[2.332483,48.887194],[2.33201,48.888352],[2.33263,48.887931],[2.332483,48.887194]]],[[[2.337553,48.885218],[2.336943,48.885907],[2.337862,48.885683],[2.337553,48.885218]]],[[[2.333638,48.885237],[2.333901,48.88509],[2.333649,48.884877],[2.332951,48.885243],[2.333217,48.885481],[2.333638,48.885237]]],[[[2.332951,48.887169],[2.332618,48.886908],[2.332794,48.887795],[2.333215,48.887532],[2.332951,48.887169]]],[[[2.340641,48.887143],[2.341197,48.88694],[2.339752,48.887138],[2.34002,48.88737],[2.340707,48.887339],[2.340641,48.887143]]],[[[2.33593,48.885243],[2.335675,48.884935],[2.335125,48.885162],[2.335484,48.885546],[2.33593,48.885243]]],[[[2.333894,48.887215],[2.333512,48.887453],[2.333789,48.887834],[2.334216,48.887645],[2.333894,48.887215]]],[[[2.334975,48.887236],[2.334274,48.887457],[2.335138,48.887507],[2.334975,48.887236]]],[[[2.335239,48.885477],[2.334988,48.885204],[2.334449,48.885397],[2.334823,48.885736],[2.335239,48.885477]]],[[[2.339796,48.887083],[2.341208,48.886906],[2.341115,48.88668],[2.339796,48.887083]]],[[[2.340602,48.88447],[2.339824,48.884634],[2.340378,48.884448],[2.340502,48.884925],[2.340602,48.88447]]],[[[2.341279,48.885103],[2.341586,48.884902],[2.340522,48.885022],[2.340593,48.8853],[2.341279,48.885103]]],[[[2.338425,48.885527],[2.337939,48.885192],[2.337916,48.884747],[2.337646,48.885022],[2.338056,48.885639],[2.338425,48.885527]]],[[[2.338485,48.885659],[2.338099,48.885703],[2.338042,48.886027],[2.338485,48.885659]]],[[[2.33438,48.884798],[2.333688,48.884657],[2.334091,48.885053],[2.33438,48.884798]]],[[[2.339692,48.884621],[2.339477,48.884481],[2.339475,48.884481],[2.339448,48.884484],[2.339418,48.884487],[2.339398,48.88449],[2.339375,48.884492],[2.339358,48.884494],[2.339354,48.884495],[2.339324,48.884498],[2.339316,48.884499],[2.33927,48.884504],[2.339229,48.884509],[2.339207,48.884511],[2.339173,48.884515],[2.339084,48.884526],[2.339063,48.884451],[2.33882,48.884358],[2.338812,48.884365],[2.338877,48.88454],[2.338878,48.884542],[2.338975,48.884595],[2.339197,48.884606],[2.33936,48.884614],[2.339464,48.884619],[2.339692,48.88463],[2.339692,48.884621]]],[[[2.333547,48.88426],[2.332994,48.88398],[2.333572,48.884542],[2.333547,48.88426]]],[[[2.33779,48.884619],[2.337298,48.884485],[2.337229,48.884887],[2.33779,48.884619]]],[[[2.338711,48.886392],[2.33841,48.886376],[2.338512,48.886696],[2.338711,48.886392]]],[[[2.334552,48.885114],[2.334179,48.885112],[2.334172,48.88513],[2.334268,48.885223],[2.334368,48.88532],[2.334429,48.885196],[2.334409,48.885178],[2.334442,48.885165],[2.334525,48.885132],[2.334527,48.885132],[2.334551,48.88512],[2.334555,48.885118],[2.334552,48.885114]]],[[[2.342265,48.885667],[2.342189,48.885618],[2.342153,48.885665],[2.342188,48.885683],[2.342246,48.885678],[2.342265,48.885667]]]],"type":"MultiPolygon"},"properties":{"id_projet":"MATERNELLES (année scolaire 2020/2021)","libelle":"JEAN-BAPTISTE CLEMENT (4) MAT","annee_scol":"2020-2021","zone_commune":0,"etiquette":"Secteur de l'école 4 PLACE JEAN-BAPTISTE CLEMENT","lib_etab_1":"JEAN-BAPTISTE CLEMENT (4) MAT","lib_etab_2":null,"lib_etab_3":null,"lib_etab_4":null,"adr_etab_1":"4 PLACE JEAN-BAPTISTE CLEMENT","adr_etab_2":null,"adr_etab_3":null,"adr_etab_4":null,"type_etabl":null,"geo_point_2d":{"lon":2.337273358654981,"lat":48.8861913016091},"st_area_shape":174025.84711800067,"st_perimeter_shape":13414.96738593554}},{"type":"Feature","geometry":{"coordinates":[[[2.358209,48.896789],[2.358458,48.895224],[2.355869,48.895272],[2.355688,48.89794],[2.358652,48.898292],[2.35868,48.89791],[2.358098,48.89789],[2.358209,48.896789]]],"type":"Polygon"},"properties":{"id_projet":"MATERNELLES (année scolaire 2020/2021)","libelle":"EVA KOTCHEVER (4) POLY","annee_scol":"2020-2021","zone_commune":0,"etiquette":"Secteur de l'école 4 RUE EVA KOTCHEVER","lib_etab_1":"EVA KOTCHEVER (4) POLY","lib_etab_2":null,"lib_etab_3":null,"lib_etab_4":null,"adr_etab_1":"4 RUE EVA KOTCHEVER","adr_etab_2":null,"adr_etab_3":null,"adr_etab_4":null,"type_etabl":null,"geo_point_2d":{"lon":2.357081102875634,"lat":48.89670545690078},"st_area_shape":60617.572582559165,"st_perimeter_shape":1135.7348553108488}},{"type":"Feature","geometry":{"coordinates":[[[[2.337114,48.894831],[2.336285,48.893762],[2.335549,48.894795],[2.33733,48.895193],[2.337114,48.894831]]],[[[2.338484,48.895421],[2.337911,48.894614],[2.337475,48.894489],[2.337769,48.894377],[2.337343,48.893835],[2.33656,48.89375],[2.33762,48.895247],[2.338484,48.895421]]],[[[2.338712,48.896104],[2.33852,48.895591],[2.337764,48.895448],[2.33822,48.896091],[2.338601,48.89603],[2.338232,48.896108],[2.338547,48.896553],[2.338712,48.896104]]],[[[2.337619,48.897454],[2.337621,48.897453],[2.337611,48.897454],[2.337685,48.897379],[2.337735,48.897329],[2.33771,48.89731],[2.337442,48.897353],[2.337322,48.897372],[2.337205,48.897391],[2.337083,48.89741],[2.336845,48.897448],[2.336723,48.897467],[2.336651,48.897478],[2.336587,48.897488],[2.336322,48.897573],[2.336329,48.8976],[2.336706,48.897607],[2.336777,48.897608],[2.336904,48.897611],[2.337149,48.897617],[2.337313,48.897621],[2.337388,48.897622],[2.337485,48.897589],[2.337619,48.897454]]],[[[2.341201,48.8957],[2.340678,48.895178],[2.340753,48.895462],[2.339831,48.89566],[2.341201,48.8957]]],[[[2.339349,48.895837],[2.338703,48.895657],[2.338892,48.896225],[2.339349,48.895837]]],[[[2.337993,48.897074],[2.337106,48.897108],[2.337182,48.897313],[2.337993,48.897074]]],[[[2.336768,48.898305],[2.336961,48.898008],[2.336527,48.898191],[2.336238,48.898545],[2.336386,48.898733],[2.336768,48.898305]]],[[[2.337084,48.897218],[2.336437,48.897155],[2.336551,48.897412],[2.337084,48.897218]]],[[[2.339469,48.895238],[2.33891,48.895545],[2.339389,48.895647],[2.339469,48.895238]]],[[[2.336239,48.897579],[2.336476,48.897413],[2.335895,48.897421],[2.336239,48.897579]]],[[[2.342174,48.895363],[2.342008,48.895233],[2.342007,48.895234],[2.341868,48.895419],[2.341795,48.895515],[2.341704,48.895634],[2.341752,48.895686],[2.342037,48.895582],[2.342174,48.895363]]],[[[2.341823,48.895174],[2.341823,48.895174],[2.341434,48.895324],[2.341436,48.895327],[2.341424,48.895331],[2.341416,48.895622],[2.341485,48.895624],[2.341541,48.89555],[2.341607,48.895461],[2.3417,48.895338],[2.34177,48.895245],[2.341823,48.895174]]],[[[2.33878,48.895369],[2.338769,48.895337],[2.338767,48.895337],[2.338657,48.895483],[2.338676,48.895493],[2.338834,48.895528],[2.338798,48.895421],[2.33878,48.895369]]]],"type":"MultiPolygon"},"properties":{"id_projet":"MATERNELLES (année scolaire 2021/2022)","libelle":"CHAMPIONNET (113)","annee_scol":"2021-2022","zone_commune":0,"etiquette":"Secteur de l'école 113 RUE CHAMPIONNET","lib_etab_1":"CHAMPIONNET (113) POLY","lib_etab_2":null,"lib_etab_3":null,"lib_etab_4":null,"adr_etab_1":"113 RUE CHAMPIONNET","adr_etab_2":null,"adr_etab_3":null,"adr_etab_4":null,"type_etabl":"Maternelle","geo_point_2d":{"lon":2.3376453406275184,"lat":48.89551539019333},"st_area_shape":33346.0218828436,"st_perimeter_shape":3271.853900765691}},{"type":"Feature","geometry":{"coordinates":[[[[2.335968,48.884709],[2.336885,48.884301],[2.33616,48.882942],[2.335727,48.883071],[2.335989,48.883485],[2.335485,48.883144],[2.336007,48.883963],[2.335438,48.883157],[2.334435,48.883468],[2.333676,48.884645],[2.334298,48.884716],[2.334102,48.885063],[2.335291,48.884631],[2.33418,48.885109],[2.334555,48.885118],[2.334377,48.885329],[2.335968,48.884709]],[[2.336113,48.884207],[2.336223,48.884178],[2.336328,48.884151],[2.336399,48.884132],[2.33649,48.884108],[2.336615,48.884076],[2.336671,48.884061],[2.336684,48.884085],[2.336581,48.884112],[2.3365,48.884133],[2.336364,48.884166],[2.336258,48.884194],[2.336039,48.884253],[2.33595,48.884277],[2.335888,48.884293],[2.335813,48.884313],[2.335798,48.884288],[2.335812,48.884284],[2.335848,48.884275],[2.335933,48.884253],[2.336113,48.884207]]],[[[2.341666,48.883372],[2.341797,48.882612],[2.34119,48.882493],[2.341174,48.88281],[2.341136,48.882483],[2.339726,48.882306],[2.33976,48.882815],[2.340365,48.882801],[2.339764,48.882889],[2.339849,48.883525],[2.341666,48.883372]]],[[[2.339591,48.88253],[2.339511,48.882261],[2.338041,48.882497],[2.339116,48.883853],[2.339642,48.88362],[2.339591,48.88253]]],[[[2.337889,48.883732],[2.337218,48.882625],[2.336971,48.882698],[2.337429,48.883666],[2.336904,48.882721],[2.336272,48.882919],[2.336974,48.884297],[2.337889,48.883732]]],[[[2.343422,48.883549],[2.3431,48.883115],[2.343752,48.882994],[2.341954,48.882661],[2.341858,48.88316],[2.342717,48.883326],[2.342211,48.883469],[2.343422,48.883549]]],[[[2.341629,48.883524],[2.339831,48.883616],[2.339809,48.884109],[2.341402,48.883942],[2.341629,48.883524]]],[[[2.342766,48.884126],[2.343483,48.88378],[2.342658,48.883633],[2.341757,48.883551],[2.341556,48.883923],[2.342766,48.884126]]],[[[2.3379,48.882511],[2.337319,48.882595],[2.337981,48.883706],[2.338674,48.883523],[2.3379,48.882511]]],[[[2.338767,48.883991],[2.338999,48.883898],[2.338708,48.88356],[2.337432,48.883907],[2.337853,48.884571],[2.338767,48.883991]]],[[[2.341142,48.884415],[2.341282,48.884048],[2.33981,48.884224],[2.339823,48.884603],[2.340573,48.884355],[2.340556,48.88491],[2.341142,48.884415]]],[[[2.338425,48.885527],[2.337948,48.88477],[2.338477,48.885484],[2.339044,48.885147],[2.338712,48.885163],[2.33872,48.884641],[2.338061,48.884626],[2.337866,48.885063],[2.338425,48.885527]]],[[[2.34184,48.884187],[2.341636,48.884163],[2.341879,48.884908],[2.342395,48.884784],[2.342424,48.884336],[2.34184,48.884187]]],[[[2.340757,48.885094],[2.341748,48.884947],[2.34151,48.884205],[2.340545,48.884998],[2.340757,48.885094]]],[[[2.336357,48.884951],[2.336627,48.884735],[2.337142,48.884924],[2.33693,48.884407],[2.335846,48.884842],[2.336357,48.884951]]],[[[2.343331,48.884867],[2.342779,48.884416],[2.342518,48.885173],[2.343331,48.884867]]],[[[2.334204,48.883563],[2.333028,48.883873],[2.333844,48.884111],[2.334204,48.883563]]],[[[2.337298,48.884485],[2.337797,48.884613],[2.337529,48.884175],[2.337025,48.884359],[2.337218,48.884892],[2.337298,48.884485]]],[[[2.339664,48.883822],[2.338821,48.884225],[2.339644,48.884156],[2.339664,48.883822]]],[[[2.339692,48.884621],[2.339654,48.884244],[2.33882,48.884358],[2.339692,48.884621]]],[[[2.34238,48.884908],[2.341938,48.885008],[2.342017,48.885315],[2.34238,48.884908]]],[[[2.333775,48.88429],[2.333011,48.883971],[2.333594,48.884541],[2.333775,48.88429]]],[[[2.342294,48.88565],[2.342325,48.885349],[2.342048,48.885404],[2.342294,48.88565]]],[[[2.335348,48.885201],[2.335435,48.885168],[2.335442,48.885175],[2.335459,48.885168],[2.335548,48.885133],[2.335552,48.885131],[2.335589,48.885117],[2.335607,48.88511],[2.335617,48.885106],[2.335622,48.885104],[2.335613,48.885092],[2.335675,48.884935],[2.335659,48.884933],[2.335519,48.884987],[2.335337,48.885058],[2.335249,48.885092],[2.335137,48.885135],[2.335135,48.88514],[2.335261,48.885176],[2.335305,48.885158],[2.33531,48.885157],[2.335323,48.885172],[2.335348,48.885201]]],[[[2.334759,48.885368],[2.334763,48.885367],[2.334781,48.885386],[2.334815,48.885376],[2.334832,48.885371],[2.334841,48.885369],[2.334912,48.885348],[2.334951,48.885336],[2.334944,48.885328],[2.334943,48.885328],[2.334988,48.885204],[2.334972,48.885201],[2.334867,48.885241],[2.334703,48.885304],[2.334554,48.88536],[2.334545,48.885351],[2.334446,48.885395],[2.334449,48.885397],[2.334654,48.885419],[2.334688,48.885402],[2.334759,48.885368]]],[[[2.341922,48.885444],[2.341921,48.885441],[2.341754,48.88549],[2.34183,48.885603],[2.341911,48.885722],[2.341985,48.885709],[2.342006,48.885685],[2.341946,48.885511],[2.341922,48.885444]]],[[[2.341846,48.885222],[2.341796,48.885077],[2.341683,48.885168],[2.341688,48.885175],[2.34171,48.885206],[2.341727,48.885231],[2.341666,48.885248],[2.341694,48.885293],[2.341695,48.885294],[2.341697,48.885298],[2.341883,48.885329],[2.341846,48.885222]]]],"type":"MultiPolygon"},"properties":{"id_projet":"MATERNELLES (année scolaire 2021/2022)","libelle":"ORSEL (56) MAT","annee_scol":"2021-2022","zone_commune":0,"etiquette":"Secteur de l'école 56 RUE D' ORSEL","lib_etab_1":"ORSEL (56) MAT","lib_etab_2":null,"lib_etab_3":null,"lib_etab_4":null,"adr_etab_1":"56 RUE D' ORSEL","adr_etab_2":null,"adr_etab_3":null,"adr_etab_4":null,"type_etabl":"Maternelle","geo_point_2d":{"lon":2.338606409889433,"lat":48.88378803050134},"st_area_shape":138878.23502199026,"st_perimeter_shape":9170.827172928606}},{"type":"Feature","geometry":{"coordinates":[[[[2.345565,48.88573],[2.347303,48.885673],[2.347096,48.884681],[2.34502,48.884851],[2.34507,48.885761],[2.345565,48.88573]]],[[[2.345183,48.888014],[2.346775,48.888181],[2.34694,48.88791],[2.34457,48.887634],[2.343951,48.8889],[2.344466,48.889162],[2.345183,48.888014]]],[[[2.34488,48.886257],[2.344971,48.885882],[2.344142,48.88514],[2.344054,48.884491],[2.34278,48.884406],[2.344268,48.885824],[2.344095,48.886125],[2.34488,48.886257]]],[[[2.346821,48.883759],[2.345686,48.883373],[2.345418,48.883716],[2.345574,48.883366],[2.345322,48.883301],[2.344683,48.883877],[2.345949,48.884123],[2.346821,48.883759]]],[[[2.345399,48.887376],[2.347212,48.887421],[2.347492,48.886946],[2.346657,48.886773],[2.346459,48.887109],[2.345204,48.886632],[2.345399,48.887376]]],[[[2.344099,48.88744],[2.3435,48.887264],[2.343763,48.88879],[2.344419,48.887592],[2.344099,48.88744]]],[[[2.346866,48.88446],[2.346898,48.883889],[2.344937,48.884507],[2.345013,48.88476],[2.346866,48.88446]]],[[[2.346396,48.88583],[2.345083,48.88589],[2.345131,48.886331],[2.346527,48.886634],[2.346396,48.88583]]],[[[2.344307,48.886261],[2.344087,48.886236],[2.344637,48.887481],[2.345102,48.887561],[2.344993,48.886497],[2.344307,48.886261]]],[[[2.347547,48.886824],[2.347171,48.886734],[2.346758,48.886013],[2.347303,48.885753],[2.346526,48.885815],[2.346702,48.886673],[2.347547,48.886824]]],[[[2.343759,48.883831],[2.343416,48.884315],[2.344063,48.884335],[2.344451,48.883968],[2.343759,48.883831]]],[[[2.344776,48.884009],[2.344217,48.884354],[2.345607,48.884203],[2.344776,48.884009]]],[[[2.344723,48.885135],[2.344739,48.884543],[2.344329,48.88448],[2.344302,48.885104],[2.344723,48.885135]]],[[[2.343995,48.883042],[2.343623,48.883702],[2.343993,48.883769],[2.344271,48.883116],[2.343995,48.883042]]],[[[2.345446,48.886524],[2.345759,48.886866],[2.346345,48.88699],[2.346493,48.886759],[2.345446,48.886524]]],[[[2.343996,48.886363],[2.343863,48.886662],[2.344438,48.887416],[2.343996,48.886363]]],[[[2.3445,48.883444],[2.344218,48.883403],[2.344061,48.88378],[2.344567,48.883858],[2.344912,48.883529],[2.3445,48.883444]]],[[[2.346131,48.887755],[2.346211,48.887444],[2.345246,48.887657],[2.346131,48.887755]]],[[[2.346995,48.887484],[2.346383,48.887458],[2.346242,48.887734],[2.346922,48.887843],[2.346995,48.887484]]],[[[2.345004,48.888641],[2.344619,48.889211],[2.345565,48.888789],[2.345004,48.888641]]],[[[2.343361,48.884106],[2.343483,48.88378],[2.342717,48.884276],[2.343361,48.884106]]],[[[2.343777,48.883018],[2.343089,48.883219],[2.343521,48.883682],[2.343777,48.883018]]],[[[2.344624,48.883166],[2.344259,48.883352],[2.34516,48.883293],[2.344624,48.883166]]],[[[2.345354,48.888166],[2.345023,48.888532],[2.345602,48.88868],[2.345354,48.888166]]],[[[2.346155,48.888634],[2.34606,48.888613],[2.346035,48.888657],[2.345813,48.888675],[2.345798,48.888702],[2.345816,48.888727],[2.345975,48.888762],[2.346067,48.888783],[2.346178,48.888807],[2.346248,48.888788],[2.346373,48.888753],[2.346408,48.888744],[2.346479,48.888724],[2.346151,48.888639],[2.346155,48.888634]]],[[[2.344857,48.885293],[2.344587,48.885347],[2.344847,48.88557],[2.344857,48.885293]]],[[[2.345933,48.888847],[2.345777,48.888813],[2.345736,48.888817],[2.345665,48.888852],[2.345429,48.888965],[2.345462,48.889005],[2.3457,48.888939],[2.345935,48.888874],[2.345933,48.888847]]]],"type":"MultiPolygon"},"properties":{"id_projet":"MATERNELLES (année scolaire 2021/2022)","libelle":"ANDRE DEL SARTE (11) MAT","annee_scol":"2021-2022","zone_commune":0,"etiquette":"Secteur de l'école 11 RUE ANDRE DEL SARTE","lib_etab_1":"ANDRE DEL SARTE (11) MAT","lib_etab_2":null,"lib_etab_3":null,"lib_etab_4":null,"adr_etab_1":"11 RUE ANDRE DEL SARTE","adr_etab_2":null,"adr_etab_3":null,"adr_etab_4":null,"type_etabl":"Maternelle","geo_point_2d":{"lon":2.345216301268457,"lat":48.88590361746403},"st_area_shape":118042.2598531234,"st_perimeter_shape":8046.039691409688}},{"type":"Feature","geometry":{"coordinates":[[[[2.337761,48.892971],[2.337227,48.892298],[2.337736,48.892219],[2.337779,48.89195],[2.338066,48.89218],[2.337798,48.891739],[2.338617,48.892321],[2.33851,48.892128],[2.339532,48.89161],[2.339566,48.891258],[2.336616,48.891558],[2.337761,48.892971]]],[[[2.332944,48.89399],[2.334965,48.892572],[2.335422,48.89346],[2.336174,48.893507],[2.334935,48.891817],[2.332944,48.89399]]],[[[2.332813,48.893782],[2.333594,48.892921],[2.33184,48.892912],[2.332574,48.894063],[2.332813,48.893782]]],[[[2.335582,48.89205],[2.335253,48.891915],[2.336346,48.893452],[2.336913,48.893328],[2.336719,48.892633],[2.335582,48.89205]]],[[[2.334357,48.892128],[2.334765,48.891746],[2.333624,48.89191],[2.333747,48.892835],[2.334357,48.892128]]],[[[2.334649,48.891298],[2.334228,48.890626],[2.333992,48.891133],[2.334352,48.891379],[2.333792,48.891411],[2.333728,48.891758],[2.334815,48.891631],[2.334649,48.891298]]],[[[2.335141,48.891215],[2.335519,48.891073],[2.335249,48.890774],[2.334454,48.890596],[2.335016,48.891567],[2.335141,48.891215]]],[[[2.3366,48.89174],[2.336051,48.891616],[2.337314,48.892769],[2.3366,48.89174]]],[[[2.336384,48.892051],[2.336018,48.891619],[2.335218,48.891699],[2.336715,48.892495],[2.336384,48.892051]]],[[[2.332374,48.892316],[2.333444,48.891936],[2.332073,48.892198],[2.332374,48.892316]]],[[[2.33722,48.89323],[2.337597,48.893084],[2.33682,48.89275],[2.33722,48.89323]]],[[[2.332765,48.891946],[2.333258,48.891816],[2.3322,48.891736],[2.332336,48.892034],[2.332765,48.891946]]]],"type":"MultiPolygon"},"properties":{"id_projet":"MATERNELLES (année scolaire 2021/2022)","libelle":"VAUVENARGUES (4) MAT","annee_scol":"2021-2022","zone_commune":0,"etiquette":"Secteur de l'école 2 RUE VAUVENARGUES","lib_etab_1":"VAUVENARGUES (4) MAT","lib_etab_2":null,"lib_etab_3":null,"lib_etab_4":null,"adr_etab_1":"2 RUE VAUVENARGUES","adr_etab_2":null,"adr_etab_3":null,"adr_etab_4":null,"type_etabl":"Maternelle","geo_point_2d":{"lon":2.3353773112780742,"lat":48.89233184947554},"st_area_shape":67935.99010068976,"st_perimeter_shape":5291.112805390847}},{"type":"Feature","geometry":{"coordinates":[[[[2.360903,48.886344],[2.36042,48.885004],[2.359538,48.884979],[2.359766,48.886768],[2.360933,48.886729],[2.360903,48.886344]]],[[[2.364903,48.885716],[2.364196,48.884584],[2.361546,48.884598],[2.362157,48.884772],[2.362304,48.885325],[2.364414,48.885238],[2.364903,48.885716]]],[[[2.361106,48.885854],[2.361353,48.884635],[2.360867,48.884603],[2.360562,48.884887],[2.360953,48.886019],[2.361106,48.885854]]],[[[2.360748,48.887684],[2.360908,48.886847],[2.359789,48.886876],[2.360406,48.887058],[2.360223,48.88768],[2.360748,48.887684]]],[[[2.362725,48.886522],[2.362656,48.886405],[2.361669,48.886657],[2.36157,48.886682],[2.36137,48.886733],[2.361315,48.886814],[2.361336,48.886849],[2.361684,48.886873],[2.361682,48.88687],[2.361675,48.886858],[2.361773,48.886832],[2.362754,48.886573],[2.362725,48.886522]]],[[[2.365143,48.885441],[2.364573,48.8848],[2.364801,48.884587],[2.3643,48.884593],[2.364991,48.885694],[2.365143,48.885441]]],[[[2.360475,48.884639],[2.360458,48.884613],[2.359614,48.884617],[2.359584,48.884637],[2.359587,48.8847],[2.35959,48.884804],[2.359619,48.884821],[2.360309,48.884809],[2.360383,48.884734],[2.360475,48.884639]]]],"type":"MultiPolygon"},"properties":{"id_projet":"MATERNELLES (année scolaire 2022/2023)","libelle":"PAJOL (11) POLY","annee_scol":"2022-2023","zone_commune":0,"etiquette":"Secteur de l'école 11 RUE PAJOL","lib_etab_1":"PAJOL (11) POLY","lib_etab_2":null,"lib_etab_3":null,"lib_etab_4":null,"adr_etab_1":"11 RUE PAJOL","adr_etab_2":null,"adr_etab_3":null,"adr_etab_4":null,"type_etabl":"Maternelle","geo_point_2d":{"lon":2.3615739824534376,"lat":48.88559386558},"st_area_shape":44464.216296363964,"st_perimeter_shape":2744.4946958639084}},{"type":"Feature","geometry":{"coordinates":[[[[2.331349,48.895331],[2.332421,48.89423],[2.329587,48.893623],[2.329937,48.894251],[2.330399,48.894114],[2.330072,48.894389],[2.331018,48.895566],[2.331349,48.895331]]],[[[2.327852,48.89321],[2.328198,48.894789],[2.329774,48.894269],[2.329373,48.893549],[2.327852,48.89321]]],[[[2.330094,48.896613],[2.330587,48.896108],[2.329869,48.896242],[2.330499,48.895974],[2.328577,48.895914],[2.328777,48.896507],[2.329516,48.89631],[2.328812,48.89661],[2.329137,48.897447],[2.330094,48.896613]]],[[[2.332647,48.895112],[2.332405,48.89458],[2.331193,48.895754],[2.332845,48.896006],[2.332647,48.895112]]],[[[2.329584,48.897439],[2.330939,48.897111],[2.331518,48.89741],[2.332048,48.897129],[2.331305,48.896919],[2.330892,48.896469],[2.331187,48.89636],[2.330972,48.896066],[2.329584,48.897439]]],[[[2.330219,48.894963],[2.329856,48.894449],[2.329577,48.89451],[2.329711,48.894875],[2.329483,48.894542],[2.32916,48.894663],[2.329819,48.895618],[2.330873,48.895667],[2.330219,48.894963]]],[[[2.329563,48.895375],[2.329113,48.894681],[2.32826,48.894973],[2.328797,48.895004],[2.329188,48.895561],[2.32968,48.895603],[2.329563,48.895375]]],[[[2.330254,48.895743],[2.329986,48.89571],[2.329717,48.89568],[2.329447,48.895654],[2.329177,48.895634],[2.328777,48.895611],[2.328773,48.895611],[2.328773,48.895609],[2.328554,48.895601],[2.328554,48.895599],[2.328504,48.895599],[2.328473,48.895619],[2.328532,48.895794],[2.328581,48.895803],[2.328991,48.89573],[2.329005,48.895728],[2.329014,48.895728],[2.329018,48.895728],[2.329032,48.895728],[2.329036,48.895728],[2.329307,48.895746],[2.329577,48.895771],[2.329764,48.89579],[2.329846,48.895799],[2.330115,48.895831],[2.330835,48.895925],[2.331005,48.895949],[2.331408,48.896004],[2.331439,48.895898],[2.331098,48.895854],[2.330923,48.89583],[2.330254,48.895743]]],[[[2.330009,48.893358],[2.329094,48.893164],[2.329093,48.893164],[2.328842,48.893112],[2.328497,48.893003],[2.328515,48.89303],[2.328499,48.89303],[2.328417,48.893029],[2.328415,48.893029],[2.32835,48.893028],[2.328348,48.893028],[2.32829,48.893028],[2.32829,48.893027],[2.328041,48.89302],[2.327989,48.893006],[2.327989,48.89305],[2.328262,48.893111],[2.328618,48.893191],[2.328925,48.893259],[2.32953,48.893395],[2.329647,48.893421],[2.330016,48.893503],[2.330037,48.893496],[2.330009,48.893358]]],[[[2.32879,48.895077],[2.328737,48.895064],[2.328358,48.895194],[2.328337,48.895219],[2.328392,48.895367],[2.328429,48.895379],[2.328454,48.89537],[2.32852,48.895347],[2.328853,48.895231],[2.328872,48.895194],[2.32879,48.895077]]],[[[2.328855,48.8953],[2.328433,48.895488],[2.329013,48.895548],[2.328855,48.8953]]]],"type":"MultiPolygon"},"properties":{"id_projet":"MATERNELLES (année scolaire 2022/2023)","libelle":"VAUVENARGUES (52) MAT","annee_scol":"2022-2023","zone_commune":0,"etiquette":"Secteur de l'école 52 RUE VAUVENARGUES","lib_etab_1":"VAUVENARGUES (52) MAT","lib_etab_2":null,"lib_etab_3":null,"lib_etab_4":null,"adr_etab_1":"52 RUE VAUVENARGUES","adr_etab_2":null,"adr_etab_3":null,"adr_etab_4":null,"type_etabl":"Maternelle","geo_point_2d":{"lon":2.330139537069095,"lat":48.89520711574951},"st_area_shape":91776.44150345381,"st_perimeter_shape":5018.813986935006}},{"type":"Feature","geometry":{"coordinates":[[[[2.337114,48.894831],[2.336285,48.893762],[2.335549,48.894795],[2.33733,48.895193],[2.337114,48.894831]]],[[[2.338484,48.895421],[2.337911,48.894614],[2.337475,48.894489],[2.337769,48.894377],[2.337343,48.893835],[2.33656,48.89375],[2.33762,48.895247],[2.338484,48.895421]]],[[[2.338712,48.896104],[2.33852,48.895591],[2.337764,48.895448],[2.33822,48.896091],[2.338601,48.89603],[2.338232,48.896108],[2.338547,48.896553],[2.338712,48.896104]]],[[[2.337619,48.897454],[2.337621,48.897453],[2.337611,48.897454],[2.337685,48.897379],[2.337735,48.897329],[2.33771,48.89731],[2.337442,48.897353],[2.337322,48.897372],[2.337205,48.897391],[2.337083,48.89741],[2.336845,48.897448],[2.336723,48.897467],[2.336651,48.897478],[2.336587,48.897488],[2.336322,48.897573],[2.336329,48.8976],[2.336706,48.897607],[2.336777,48.897608],[2.336904,48.897611],[2.337149,48.897617],[2.337313,48.897621],[2.337388,48.897622],[2.337485,48.897589],[2.337619,48.897454]]],[[[2.341201,48.8957],[2.340678,48.895178],[2.340753,48.895462],[2.339831,48.89566],[2.341201,48.8957]]],[[[2.339349,48.895837],[2.338703,48.895657],[2.338892,48.896225],[2.339349,48.895837]]],[[[2.337993,48.897074],[2.337106,48.897108],[2.337182,48.897313],[2.337993,48.897074]]],[[[2.336768,48.898305],[2.336961,48.898008],[2.336527,48.898191],[2.336238,48.898545],[2.336386,48.898733],[2.336768,48.898305]]],[[[2.337084,48.897218],[2.336437,48.897155],[2.336551,48.897412],[2.337084,48.897218]]],[[[2.339469,48.895238],[2.33891,48.895545],[2.339389,48.895647],[2.339469,48.895238]]],[[[2.336239,48.897579],[2.336476,48.897413],[2.335895,48.897421],[2.336239,48.897579]]],[[[2.342174,48.895363],[2.342008,48.895233],[2.342007,48.895234],[2.341868,48.895419],[2.341795,48.895515],[2.341704,48.895634],[2.341752,48.895686],[2.342037,48.895582],[2.342174,48.895363]]],[[[2.341823,48.895174],[2.341823,48.895174],[2.341434,48.895324],[2.341436,48.895327],[2.341424,48.895331],[2.341416,48.895622],[2.341485,48.895624],[2.341541,48.89555],[2.341607,48.895461],[2.3417,48.895338],[2.34177,48.895245],[2.341823,48.895174]]],[[[2.33878,48.895369],[2.338769,48.895337],[2.338767,48.895337],[2.338657,48.895483],[2.338676,48.895493],[2.338834,48.895528],[2.338798,48.895421],[2.33878,48.895369]]]],"type":"MultiPolygon"},"properties":{"id_projet":"MATERNELLES (année scolaire 2022/2023)","libelle":"CHAMPIONNET (113)","annee_scol":"2022-2023","zone_commune":0,"etiquette":"Secteur de l'école 113 RUE CHAMPIONNET","lib_etab_1":"CHAMPIONNET (113) POLY","lib_etab_2":null,"lib_etab_3":null,"lib_etab_4":null,"adr_etab_1":"113 RUE CHAMPIONNET","adr_etab_2":null,"adr_etab_3":null,"adr_etab_4":null,"type_etabl":"Maternelle","geo_point_2d":{"lon":2.3376453406275184,"lat":48.89551539019333},"st_area_shape":33346.0218828436,"st_perimeter_shape":3271.853900765691}},{"type":"Feature","geometry":{"coordinates":[[[2.338643,48.895036],[2.338557,48.894778],[2.338555,48.894779],[2.338558,48.894788],[2.33857,48.894824],[2.338577,48.894847],[2.338582,48.894863],[2.33859,48.894887],[2.3386,48.894915],[2.338617,48.894968],[2.338622,48.894981],[2.338635,48.895023],[2.33864,48.895036],[2.338643,48.895036]]],"type":"Polygon"},"properties":{"id_projet":"MATERNELLES (année scolaire 2024/2025)","libelle":"CLOYS (41) MAT","annee_scol":"2024-2025","zone_commune":0,"etiquette":"Secteur de l'école","lib_etab_1":null,"lib_etab_2":null,"lib_etab_3":null,"lib_etab_4":null,"adr_etab_1":null,"adr_etab_2":null,"adr_etab_3":null,"adr_etab_4":null,"type_etabl":"Maternelle","geo_point_2d":{"lon":2.3385989921809496,"lat":48.894908679699704},"st_area_shape":6.044423945160064,"st_perimeter_shape":59.00535425291301}},{"type":"Feature","geometry":{"coordinates":[[[[2.36409,48.887512],[2.364407,48.88743],[2.364749,48.888003],[2.365658,48.887767],[2.366764,48.889728],[2.367965,48.889624],[2.366675,48.886643],[2.365755,48.885614],[2.361336,48.886849],[2.363132,48.889832],[2.364132,48.88985],[2.363124,48.888039],[2.364233,48.887752],[2.36409,48.887512]]],[[[2.365522,48.885372],[2.364804,48.884588],[2.364573,48.8848],[2.365187,48.885498],[2.364995,48.885693],[2.365665,48.885523],[2.365522,48.885372]]],[[[2.363248,48.886136],[2.364903,48.885716],[2.364414,48.885238],[2.362304,48.885325],[2.362157,48.884772],[2.361494,48.884608],[2.361212,48.886026],[2.363248,48.886136]]],[[[2.361336,48.886161],[2.361222,48.886655],[2.362727,48.886271],[2.361336,48.886161]]],[[[2.362399,48.889835],[2.362966,48.889849],[2.361049,48.886824],[2.360317,48.890096],[2.362399,48.889835]],[[2.361057,48.888376],[2.361058,48.888343],[2.361207,48.888343],[2.361247,48.888343],[2.361515,48.888342],[2.361717,48.888341],[2.36192,48.88834],[2.361922,48.888373],[2.361754,48.888374],[2.361697,48.888374],[2.361692,48.888378],[2.361632,48.888379],[2.361629,48.888374],[2.361557,48.888375],[2.361372,48.888375],[2.361191,48.888376],[2.361103,48.888376],[2.361057,48.888376]]]],"type":"MultiPolygon"},"properties":{"id_projet":"MATERNELLES (année scolaire 2024/2025)","libelle":"DEPARTEMENT (51) MAT","annee_scol":"2024-2025","zone_commune":0,"etiquette":"Secteur de l'école 51 RUE DU DEPARTEMENT","lib_etab_1":"DEPARTEMENT (51) MAT","lib_etab_2":null,"lib_etab_3":null,"lib_etab_4":null,"adr_etab_1":"51 RUE DU DEPARTEMENT","adr_etab_2":null,"adr_etab_3":null,"adr_etab_4":null,"type_etabl":"Maternelle","geo_point_2d":{"lon":2.3636766727814966,"lat":48.88748626724899},"st_area_shape":172068.39997386886,"st_perimeter_shape":4665.956826419884}},{"type":"Feature","geometry":{"coordinates":[[[[2.354112,48.895746],[2.354605,48.894588],[2.354348,48.893386],[2.353684,48.893745],[2.353376,48.892415],[2.352353,48.892511],[2.352855,48.893824],[2.353681,48.893745],[2.353742,48.894003],[2.35295,48.894289],[2.353145,48.895933],[2.352691,48.898062],[2.356667,48.898252],[2.356685,48.897973],[2.355728,48.897933],[2.355817,48.895786],[2.354112,48.895746]],[[2.354099,48.895782],[2.354112,48.895746],[2.354079,48.895843],[2.354099,48.895782]],[[2.353876,48.896732],[2.353897,48.896597],[2.353931,48.896378],[2.353876,48.896732]]],[[[2.354999,48.898576],[2.355033,48.898284],[2.353753,48.898254],[2.353711,48.898554],[2.352627,48.898597],[2.352132,48.901496],[2.355159,48.901551],[2.355561,48.898617],[2.354999,48.898576]]],[[[2.349736,48.899632],[2.34759,48.89959],[2.34753,48.900772],[2.351911,48.900858],[2.352137,48.89968],[2.349736,48.899632]]],[[[2.352678,48.895308],[2.352192,48.895372],[2.352313,48.895811],[2.351665,48.897092],[2.348044,48.897277],[2.347529,48.897369],[2.347424,48.897784],[2.35228,48.897887],[2.352678,48.895308]]],[[[2.34973,48.899478],[2.352165,48.899527],[2.352287,48.898588],[2.351264,48.899356],[2.349638,48.899325],[2.349719,48.898899],[2.347603,48.8989],[2.347548,48.89932],[2.34973,48.899478]]],[[[2.356301,48.899487],[2.357645,48.899249],[2.357873,48.898876],[2.356344,48.898684],[2.356301,48.899487]]],[[[2.352715,48.893961],[2.35258,48.893337],[2.352242,48.893578],[2.352632,48.893727],[2.351573,48.893946],[2.352095,48.894325],[2.352738,48.894193],[2.352715,48.893961]]],[[[2.352777,48.8943],[2.352186,48.894417],[2.35278,48.894875],[2.352777,48.8943]]],[[[2.352057,48.893201],[2.352538,48.893191],[2.352348,48.892832],[2.351678,48.893036],[2.352057,48.893201]]],[[[2.352199,48.892701],[2.352239,48.892818],[2.352332,48.8928],[2.352276,48.892686],[2.352199,48.892701]]],[[[2.35285,48.895216],[2.352799,48.895188],[2.35278,48.89519],[2.352729,48.895299],[2.352747,48.895296],[2.352855,48.895282],[2.35285,48.895216]]]],"type":"MultiPolygon"},"properties":{"id_projet":"MATERNELLES (année scolaire 2024/2025)","libelle":"POISSONNIERS (142) POLY","annee_scol":"2024-2025","zone_commune":0,"etiquette":"Secteur de l'école 142 RUE DES POISSONNIERS","lib_etab_1":"POISSONNIERS (142) POLY","lib_etab_2":null,"lib_etab_3":null,"lib_etab_4":null,"adr_etab_1":"142 RUE DES POISSONNIERS","adr_etab_2":null,"adr_etab_3":null,"adr_etab_4":null,"type_etabl":"Maternelle","geo_point_2d":{"lon":2.3527311090946608,"lat":48.89813326835785},"st_area_shape":270358.10082911246,"st_perimeter_shape":7674.639003270114}},{"type":"Feature","geometry":{"coordinates":[[[[2.355833,48.895797],[2.355869,48.895272],[2.356362,48.895284],[2.356519,48.893259],[2.355122,48.893213],[2.355577,48.892369],[2.355012,48.890918],[2.351738,48.891278],[2.352353,48.892511],[2.353376,48.892415],[2.353684,48.893745],[2.354348,48.893386],[2.354605,48.894588],[2.354112,48.895746],[2.355833,48.895797]]],[[[2.351486,48.892786],[2.352237,48.892623],[2.351656,48.891555],[2.351269,48.891716],[2.351821,48.89256],[2.350682,48.89294],[2.351486,48.892786]]],[[[2.350856,48.893081],[2.350931,48.893067],[2.350931,48.893068],[2.351043,48.893047],[2.351042,48.893046],[2.351148,48.893026],[2.351257,48.893005],[2.35135,48.892987],[2.351485,48.892961],[2.351559,48.892947],[2.351622,48.892935],[2.351728,48.892915],[2.351844,48.892893],[2.351952,48.892872],[2.352044,48.892855],[2.352192,48.892826],[2.352239,48.892818],[2.352199,48.892701],[2.352134,48.892713],[2.351996,48.892739],[2.351905,48.892756],[2.351797,48.892777],[2.351679,48.892799],[2.351576,48.892819],[2.351508,48.892832],[2.351435,48.892846],[2.351303,48.892871],[2.351209,48.892888],[2.351165,48.892896],[2.351127,48.892903],[2.351096,48.892909],[2.351002,48.892927],[2.351003,48.892929],[2.350989,48.892932],[2.350881,48.892952],[2.350804,48.892967],[2.350715,48.892983],[2.350786,48.893094],[2.350856,48.893081]]],[[[2.351069,48.893151],[2.351187,48.893128],[2.351188,48.89313],[2.351307,48.893107],[2.351384,48.893092],[2.351396,48.89309],[2.351409,48.893087],[2.351441,48.893081],[2.351528,48.893064],[2.351645,48.893042],[2.351678,48.893036],[2.35171,48.893029],[2.351775,48.893017],[2.351877,48.892997],[2.351986,48.892976],[2.352076,48.892959],[2.352099,48.892955],[2.35216,48.892943],[2.352187,48.892938],[2.352186,48.892936],[2.352225,48.892929],[2.352238,48.892927],[2.352271,48.892921],[2.352311,48.892913],[2.352286,48.892844],[2.352233,48.892854],[2.352215,48.892858],[2.352153,48.89287],[2.352065,48.892887],[2.351974,48.892905],[2.351962,48.892907],[2.351963,48.892909],[2.351959,48.892909],[2.351846,48.892931],[2.35174,48.89295],[2.351614,48.892974],[2.351604,48.892976],[2.351495,48.892996],[2.351378,48.893018],[2.351275,48.893037],[2.351158,48.893059],[2.351053,48.893079],[2.351038,48.893082],[2.350806,48.893126],[2.350792,48.893139],[2.351003,48.893164],[2.351041,48.893157],[2.351069,48.893151]]],[[[2.352512,48.893217],[2.352325,48.893148],[2.35226,48.893161],[2.35211,48.893191],[2.352076,48.893197],[2.352057,48.893201],[2.351891,48.893233],[2.351838,48.893244],[2.351759,48.893259],[2.351758,48.89326],[2.35167,48.893278],[2.351471,48.893316],[2.35128,48.893353],[2.351155,48.893377],[2.351073,48.893524],[2.351087,48.893528],[2.351343,48.893472],[2.351529,48.893431],[2.351728,48.893388],[2.35211,48.893305],[2.35231,48.893261],[2.352512,48.893217]]],[[[2.351879,48.893563],[2.351838,48.893477],[2.351834,48.893478],[2.351876,48.893564],[2.351879,48.893563]]]],"type":"MultiPolygon"},"properties":{"id_projet":"MATERNELLES (année scolaire 2025/2026)","libelle":"SIMPLON (14) POLY","annee_scol":"2025-2026","zone_commune":0,"etiquette":"Secteur de l'école 14 RUE SIMPLON","lib_etab_1":"SIMPLON (14) POLY","lib_etab_2":null,"lib_etab_3":null,"lib_etab_4":null,"adr_etab_1":"14 RUE SIMPLON","adr_etab_2":null,"adr_etab_3":null,"adr_etab_4":null,"type_etabl":"Maternelle","geo_point_2d":{"lon":2.3543160005634984,"lat":48.893113843789706},"st_area_shape":96897.49548616559,"st_perimeter_shape":3037.193301900458}},{"type":"Feature","geometry":{"coordinates":[[[[2.358545,48.899627],[2.360856,48.898336],[2.369965,48.898437],[2.370151,48.896572],[2.371039,48.895847],[2.368463,48.896548],[2.367495,48.897536],[2.361835,48.89759],[2.360416,48.898009],[2.360465,48.89732],[2.359647,48.897159],[2.359665,48.898311],[2.360649,48.898331],[2.358555,48.899505],[2.358483,48.899119],[2.357873,48.898876],[2.357645,48.899249],[2.356788,48.899511],[2.355483,48.899194],[2.355159,48.901551],[2.358395,48.901615],[2.358545,48.899627]]],[[[2.364763,48.89874],[2.36551,48.899142],[2.365465,48.898754],[2.364763,48.89874]]],[[[2.366438,48.898921],[2.365752,48.898759],[2.365667,48.899263],[2.366438,48.898921]]],[[[2.366785,48.898779],[2.366641,48.898925],[2.367316,48.899398],[2.368203,48.898956],[2.366785,48.898779]]],[[[2.368661,48.898815],[2.368515,48.898961],[2.369191,48.899434],[2.370086,48.898988],[2.368661,48.898815]]],[[[2.370052,48.899714],[2.369939,48.899263],[2.369166,48.899615],[2.368415,48.899087],[2.367495,48.89958],[2.366594,48.899088],[2.366097,48.899316],[2.366706,48.899711],[2.370052,48.899714]]],[[[2.360469,48.899798],[2.362194,48.899822],[2.362262,48.898764],[2.359879,48.898995],[2.359854,48.899582],[2.360469,48.899798]]],[[[2.365622,48.900396],[2.370021,48.900328],[2.370037,48.899975],[2.366664,48.899842],[2.365649,48.899417],[2.365382,48.899593],[2.365408,48.899313],[2.364129,48.898763],[2.362369,48.898759],[2.362304,48.900198],[2.365622,48.900396]]],[[[2.363545,48.901722],[2.363587,48.901209],[2.362306,48.901419],[2.362295,48.901697],[2.363545,48.901722]]],[[[2.360684,48.90161],[2.359634,48.901579],[2.359603,48.901718],[2.360427,48.901737],[2.362129,48.901746],[2.362183,48.901638],[2.360684,48.90161]]],[[[2.369968,48.901458],[2.369986,48.901091],[2.364412,48.901116],[2.364355,48.901738],[2.370016,48.901854],[2.369968,48.901458]]]],"type":"MultiPolygon"},"properties":{"id_projet":"MATERNELLES (année scolaire 2025/2026)","libelle":"CHARLES HERMITE (2) MAT","annee_scol":"2025-2026","zone_commune":0,"etiquette":"Secteur de l'école 2 RUE CHARLES HERMITE","lib_etab_1":"CHARLES HERMITE (2) MAT","lib_etab_2":null,"lib_etab_3":null,"lib_etab_4":null,"adr_etab_1":"2 RUE CHARLES HERMITE","adr_etab_2":null,"adr_etab_3":null,"adr_etab_4":null,"type_etabl":"Maternelle","geo_point_2d":{"lon":2.3638595744828286,"lat":48.89939798582973},"st_area_shape":292555.9395033677,"st_perimeter_shape":9143.06603599874}},{"type":"Feature","geometry":{"coordinates":[[[[2.351264,48.899356],[2.352197,48.89852],[2.344584,48.898185],[2.344561,48.898755],[2.349719,48.898899],[2.349638,48.899325],[2.351264,48.899356]]],[[[2.346525,48.896084],[2.346443,48.896041],[2.346388,48.896066],[2.346409,48.896106],[2.346468,48.896216],[2.346475,48.896215],[2.346529,48.896085],[2.346525,48.896084]]],[[[2.343138,48.895007],[2.343096,48.894989],[2.342913,48.89503],[2.342784,48.895059],[2.342498,48.895123],[2.342214,48.895187],[2.342008,48.895233],[2.34217,48.895359],[2.343024,48.895192],[2.343138,48.895007]]],[[[2.346283,48.894934],[2.345842,48.895051],[2.3461,48.89553],[2.346432,48.8952],[2.346283,48.894934]]],[[[2.345891,48.894252],[2.345479,48.894375],[2.345851,48.894913],[2.346203,48.894785],[2.345891,48.894252]]],[[[2.345327,48.894415],[2.34457,48.894618],[2.345946,48.895568],[2.345327,48.894415]]],[[[2.346305,48.896238],[2.346136,48.896113],[2.345138,48.897305],[2.346581,48.896921],[2.346305,48.896238]]],[[[2.346731,48.896994],[2.344992,48.897477],[2.34707,48.897767],[2.346731,48.896994]]],[[[2.348011,48.897187],[2.347776,48.896621],[2.346486,48.896253],[2.347287,48.89775],[2.348011,48.897187]]],[[[2.352359,48.897996],[2.34501,48.8978],[2.346908,48.898063],[2.352359,48.897996]]],[[[2.345404,48.895366],[2.3444,48.894655],[2.343327,48.894938],[2.343399,48.895329],[2.344121,48.895131],[2.343428,48.895486],[2.344334,48.895246],[2.343434,48.895514],[2.343502,48.895739],[2.345728,48.895766],[2.345404,48.895366]]],[[[2.34518,48.896699],[2.345735,48.895891],[2.343502,48.895885],[2.343826,48.896577],[2.344766,48.896326],[2.343833,48.896594],[2.344287,48.8973],[2.34467,48.897308],[2.34518,48.896699]]]],"type":"MultiPolygon"},"properties":{"id_projet":"MATERNELLES (année scolaire 2026/2027)","libelle":"CHAMPIONNET (72) MAT","annee_scol":"2026-2027","zone_commune":0,"etiquette":"Secteur de l'école 72 CHAMPIONNET (72) MAT","lib_etab_1":"CHAMPIONNET (72) MAT","lib_etab_2":null,"lib_etab_3":null,"lib_etab_4":null,"adr_etab_1":"72 CHAMPIONNET (72) MAT","adr_etab_2":null,"adr_etab_3":null,"adr_etab_4":null,"type_etabl":"Maternelle","geo_point_2d":{"lon":2.3467005565007364,"lat":48.89715983366031},"st_area_shape":109608.01371069315,"st_perimeter_shape":6114.100218126221}},{"type":"Feature","geometry":{"coordinates":[[[[2.338359,48.896962],[2.337733,48.897615],[2.338466,48.89738],[2.342503,48.897693],[2.33982,48.897461],[2.342445,48.897602],[2.342205,48.89726],[2.338359,48.896962]],[[2.338359,48.896962],[2.338391,48.897058],[2.338374,48.897009],[2.338359,48.896962]],[[2.340473,48.897261],[2.340646,48.897285],[2.340598,48.897278],[2.340473,48.897261]],[[2.341903,48.897439],[2.342298,48.897493],[2.342228,48.897484],[2.341985,48.897451],[2.341903,48.897439]],[[2.341192,48.897342],[2.341861,48.897433],[2.341824,48.897428],[2.341788,48.897424],[2.341741,48.897417],[2.34172,48.897414],[2.341701,48.897412],[2.341643,48.897404],[2.341576,48.897395],[2.341508,48.897385],[2.341429,48.897375],[2.341405,48.897371],[2.341348,48.897363],[2.341289,48.897355],[2.341241,48.897349],[2.341222,48.897346],[2.341192,48.897342]],[[2.339428,48.897112],[2.339751,48.897159],[2.340032,48.897199],[2.339951,48.897188],[2.339714,48.897155],[2.339428,48.897112]]],[[[2.339087,48.896423],[2.33872,48.896749],[2.342138,48.897124],[2.341669,48.896456],[2.339087,48.896423]]],[[[2.342153,48.896723],[2.343449,48.896362],[2.343338,48.89588],[2.341526,48.895839],[2.342153,48.896723]]],[[[2.339658,48.895578],[2.339341,48.894447],[2.33985,48.895427],[2.340598,48.894625],[2.338997,48.893802],[2.339656,48.895367],[2.339389,48.895647],[2.339658,48.895578]]],[[[2.343857,48.896903],[2.343685,48.896634],[2.342997,48.896815],[2.343675,48.896617],[2.343544,48.896454],[2.342138,48.896848],[2.342452,48.897185],[2.344045,48.897418],[2.343857,48.896903]]],[[[2.341327,48.896345],[2.341594,48.896282],[2.341245,48.895836],[2.339727,48.895816],[2.339114,48.896261],[2.341327,48.896345]]],[[[2.343243,48.895377],[2.343138,48.895007],[2.341752,48.895686],[2.343278,48.895736],[2.343243,48.895377]]],[[[2.340407,48.893905],[2.340223,48.893503],[2.339122,48.89373],[2.340503,48.894439],[2.340407,48.893905]]],[[[2.343898,48.89776],[2.344557,48.897655],[2.344203,48.897529],[2.342472,48.897332],[2.342793,48.897735],[2.343898,48.89776]]],[[[2.338907,48.893621],[2.340214,48.893373],[2.338574,48.893418],[2.338907,48.893621]]],[[[2.341018,48.895384],[2.340697,48.894944],[2.339808,48.895627],[2.340765,48.895324],[2.341201,48.8957],[2.341018,48.895384]]],[[[2.341396,48.89526],[2.340874,48.894849],[2.341348,48.89562],[2.341396,48.89526]]],[[[2.343236,48.898105],[2.342612,48.898092],[2.342513,48.898153],[2.342512,48.89816],[2.342563,48.898205],[2.343766,48.898238],[2.343882,48.89817],[2.343806,48.898117],[2.343236,48.898105]]],[[[2.340201,48.89765],[2.340202,48.897649],[2.341141,48.897685],[2.341142,48.897668],[2.340213,48.897604],[2.340036,48.897592],[2.339841,48.897578],[2.339844,48.897593],[2.339849,48.897623],[2.340033,48.897634],[2.340033,48.897634],[2.340201,48.89765]]]],"type":"MultiPolygon"},"properties":{"id_projet":"MATERNELLES (année scolaire 2026/2027)","libelle":"GUSTAVE ROUANET (1) MAT","annee_scol":"2026-2027","zone_commune":0,"etiquette":"Secteur de l'école 1 GUSTAVE ROUANET (1) MAT","lib_etab_1":"GUSTAVE ROUANET (1) MAT","lib_etab_2":null,"lib_etab_3":null,"lib_etab_4":null,"adr_etab_1":"1 GUSTAVE ROUANET (1) MAT","adr_etab_2":null,"adr_etab_3":null,"adr_etab_4":null,"type_etabl":"Maternelle","geo_point_2d":{"lon":2.3410560186647973,"lat":48.89620408635447},"st_area_shape":90854.33918413846,"st_perimeter_shape":6470.3082753376975}},{"type":"Feature","geometry":{"coordinates":[[[[2.346174,48.890292],[2.347359,48.890262],[2.347349,48.889904],[2.346803,48.889911],[2.347109,48.889545],[2.347535,48.890216],[2.348324,48.890365],[2.348076,48.889096],[2.346571,48.888981],[2.345546,48.890635],[2.346174,48.890292]]],[[[2.348666,48.890383],[2.348794,48.890344],[2.348793,48.890345],[2.348975,48.890294],[2.348977,48.890295],[2.348977,48.890297],[2.349151,48.89025],[2.349151,48.890247],[2.349174,48.890204],[2.349179,48.890193],[2.349208,48.890139],[2.34921,48.890139],[2.349269,48.89003],[2.349269,48.890029],[2.349375,48.889846],[2.349356,48.889842],[2.349176,48.889978],[2.349068,48.89006],[2.348961,48.890141],[2.348854,48.890221],[2.348797,48.890264],[2.348657,48.89037],[2.348666,48.890383]]],[[[2.347755,48.892746],[2.347098,48.892127],[2.347874,48.89343],[2.347755,48.892746]]],[[[2.347943,48.888537],[2.346697,48.888886],[2.348018,48.888986],[2.347943,48.888537]]],[[[2.34779,48.89358],[2.346901,48.892153],[2.347354,48.893539],[2.34779,48.89358]]],[[[2.349388,48.891492],[2.349087,48.891386],[2.349012,48.890656],[2.348569,48.890517],[2.348805,48.89159],[2.349388,48.891492]]],[[[2.348395,48.890603],[2.347565,48.891262],[2.348596,48.891516],[2.348395,48.890603]]],[[[2.347522,48.891365],[2.346452,48.89202],[2.34852,48.891664],[2.347522,48.891365]]],[[[2.348383,48.889162],[2.348544,48.890292],[2.349392,48.889495],[2.348383,48.889162]]],[[[2.34585,48.890912],[2.345601,48.890872],[2.346263,48.891964],[2.347173,48.891319],[2.34585,48.890912]]],[[[2.349382,48.888433],[2.34812,48.888453],[2.348218,48.888997],[2.349306,48.889352],[2.349382,48.888433]]],[[[2.346113,48.892004],[2.345443,48.8909],[2.34477,48.891815],[2.345076,48.892301],[2.346113,48.892004]]],[[[2.346924,48.890368],[2.345705,48.890757],[2.347277,48.891183],[2.348275,48.890493],[2.346924,48.890368]]]],"type":"MultiPolygon"},"properties":{"id_projet":"MATERNELLES (année scolaire 2026/2027)","libelle":"FERDINAND FLOCON (3) MAT","annee_scol":"2026-2027","zone_commune":0,"etiquette":"Secteur de l'école 3 FERDINAND FLOCON (3) MAT","lib_etab_1":"FERDINAND FLOCON (3) MAT","lib_etab_2":null,"lib_etab_3":null,"lib_etab_4":null,"adr_etab_1":"3 FERDINAND FLOCON (3) MAT","adr_etab_2":null,"adr_etab_3":null,"adr_etab_4":null,"type_etabl":"Maternelle","geo_point_2d":{"lon":2.3473328140830336,"lat":48.89053848167994},"st_area_shape":79833.27842070063,"st_perimeter_shape":4956.647045323662}},{"type":"Feature","geometry":{"coordinates":[[[[2.351264,48.899356],[2.352197,48.89852],[2.344584,48.898185],[2.344561,48.898755],[2.349719,48.898899],[2.349638,48.899325],[2.351264,48.899356]]],[[[2.34518,48.896699],[2.345735,48.895891],[2.343502,48.895885],[2.343826,48.896577],[2.344766,48.896326],[2.343833,48.896594],[2.344287,48.8973],[2.34467,48.897308],[2.34518,48.896699]]],[[[2.345404,48.895366],[2.3444,48.894655],[2.343327,48.894938],[2.343399,48.895329],[2.344121,48.895131],[2.343428,48.895486],[2.344334,48.895246],[2.343434,48.895514],[2.343502,48.895739],[2.345728,48.895766],[2.345404,48.895366]]],[[[2.348011,48.897187],[2.347776,48.896621],[2.346486,48.896253],[2.347287,48.89775],[2.348011,48.897187]]],[[[2.346731,48.896994],[2.344992,48.897477],[2.34707,48.897767],[2.346731,48.896994]]],[[[2.352359,48.897996],[2.346919,48.897858],[2.346908,48.898063],[2.352359,48.897996]]],[[[2.346305,48.896238],[2.346136,48.896113],[2.345138,48.897305],[2.346581,48.896921],[2.346305,48.896238]]],[[[2.345327,48.894415],[2.34457,48.894618],[2.345946,48.895568],[2.345327,48.894415]]],[[[2.345891,48.894252],[2.345479,48.894375],[2.345851,48.894913],[2.346203,48.894785],[2.345891,48.894252]]],[[[2.346283,48.894934],[2.345842,48.895051],[2.3461,48.89553],[2.346432,48.8952],[2.346283,48.894934]]],[[[2.344039,48.894565],[2.343723,48.894381],[2.343355,48.894777],[2.344039,48.894565]]],[[[2.345253,48.894276],[2.344961,48.894191],[2.344953,48.894193],[2.344882,48.894203],[2.344791,48.894216],[2.344765,48.89422],[2.344719,48.894227],[2.344602,48.894243],[2.344583,48.894246],[2.344586,48.894252],[2.344516,48.89446],[2.344519,48.894468],[2.344556,48.894481],[2.344703,48.894443],[2.344874,48.894398],[2.34505,48.894353],[2.345238,48.894304],[2.345254,48.894278],[2.345253,48.894276]]],[[[2.345832,48.894138],[2.345606,48.894117],[2.345579,48.894125],[2.345579,48.894126],[2.345457,48.894205],[2.345434,48.894246],[2.345442,48.894249],[2.345631,48.894199],[2.345825,48.894148],[2.345832,48.894138]]],[[[2.346525,48.896084],[2.346443,48.896041],[2.346388,48.896066],[2.346409,48.896106],[2.346468,48.896216],[2.346475,48.896215],[2.346529,48.896085],[2.346525,48.896084]]]],"type":"MultiPolygon"},"properties":{"id_projet":"MATERNELLES (année scolaire 2020/2021)","libelle":"CHAMPIONNET (72) MAT","annee_scol":"2020-2021","zone_commune":0,"etiquette":"Secteur de l'école 72 RUE CHAMPIONNET","lib_etab_1":"CHAMPIONNET (72) MAT","lib_etab_2":null,"lib_etab_3":null,"lib_etab_4":null,"adr_etab_1":"72 RUE CHAMPIONNET","adr_etab_2":null,"adr_etab_3":null,"adr_etab_4":null,"type_etabl":null,"geo_point_2d":{"lon":2.3467257197204363,"lat":48.89710758415654},"st_area_shape":107184.97517774967,"st_perimeter_shape":6021.790033595899}},{"type":"Feature","geometry":{"coordinates":[[[[2.356519,48.893259],[2.356549,48.892904],[2.358026,48.892953],[2.358041,48.892671],[2.358512,48.89268],[2.358598,48.89223],[2.359013,48.892613],[2.35958,48.892613],[2.359682,48.891115],[2.357234,48.89121],[2.357269,48.890776],[2.359668,48.890983],[2.359705,48.890407],[2.354916,48.890671],[2.355577,48.892369],[2.355122,48.893213],[2.356519,48.893259]]],[[[2.359716,48.888972],[2.359563,48.887255],[2.358229,48.887336],[2.358013,48.887797],[2.35808,48.886684],[2.359425,48.886649],[2.359311,48.886195],[2.358932,48.886462],[2.357879,48.886421],[2.357824,48.88732],[2.35646,48.887166],[2.356178,48.888648],[2.359716,48.888972]]],[[[2.358168,48.889294],[2.358123,48.888961],[2.356315,48.888795],[2.355921,48.890206],[2.358201,48.890207],[2.358168,48.889294]]],[[[2.359717,48.890056],[2.359719,48.889108],[2.358284,48.888994],[2.358363,48.890183],[2.359717,48.890056]]],[[[2.360264,48.889823],[2.36074,48.887684],[2.360223,48.88768],[2.360406,48.887058],[2.359789,48.886878],[2.360264,48.889823]]],[[[2.359275,48.887184],[2.359543,48.887185],[2.359442,48.886721],[2.358239,48.886751],[2.358201,48.887222],[2.359275,48.887184]]],[[[2.356201,48.887552],[2.355808,48.887774],[2.356119,48.887943],[2.356201,48.887552]]],[[[2.356075,48.888159],[2.356094,48.88807],[2.356078,48.888056],[2.355931,48.888147],[2.35593,48.888147],[2.355926,48.88817],[2.355925,48.888177],[2.355918,48.888211],[2.355911,48.888213],[2.355897,48.888213],[2.355888,48.888256],[2.355886,48.888267],[2.355878,48.888308],[2.355867,48.888361],[2.355864,48.888376],[2.355848,48.888458],[2.355844,48.888477],[2.355841,48.888492],[2.35597,48.888615],[2.355979,48.888611],[2.356004,48.888493],[2.356029,48.888375],[2.356051,48.888271],[2.356075,48.888159]]],[[[2.356235,48.888789],[2.35615,48.888781],[2.356117,48.888797],[2.356093,48.88891],[2.356067,48.889034],[2.356065,48.889045],[2.356052,48.889133],[2.356085,48.889148],[2.356094,48.889148],[2.356157,48.88915],[2.356178,48.889138],[2.356194,48.889041],[2.356214,48.888917],[2.356235,48.888789]]],[[[2.355918,48.88876],[2.355868,48.888755],[2.35585,48.888852],[2.355842,48.888895],[2.355816,48.88904],[2.355813,48.889065],[2.355807,48.889109],[2.355805,48.889126],[2.355804,48.889137],[2.355807,48.889137],[2.355837,48.889139],[2.355873,48.889121],[2.355875,48.889114],[2.355943,48.888782],[2.355918,48.88876]]]],"type":"MultiPolygon"},"properties":{"id_projet":"MATERNELLES (année scolaire 2020/2021)","libelle":"MARX DORMOY (53B) MAT","annee_scol":"2020-2021","zone_commune":0,"etiquette":"Secteur de l'école 53 bis RUE MARX DORMOY","lib_etab_1":"MARX DORMOY (53B) MAT","lib_etab_2":null,"lib_etab_3":null,"lib_etab_4":null,"adr_etab_1":"53 bis RUE MARX DORMOY","adr_etab_2":null,"adr_etab_3":null,"adr_etab_4":null,"type_etabl":null,"geo_point_2d":{"lon":2.3577716568112703,"lat":48.88993312307199},"st_area_shape":179974.06192722768,"st_perimeter_shape":5821.92541218205}},{"type":"Feature","geometry":{"coordinates":[[[[2.353038,48.887572],[2.35331,48.887134],[2.350875,48.886793],[2.351096,48.88718],[2.353038,48.887572]]],[[[2.352395,48.886805],[2.352666,48.886614],[2.350465,48.886283],[2.350818,48.886679],[2.352395,48.886805]]],[[[2.349944,48.88666],[2.349776,48.887156],[2.350006,48.887462],[2.350874,48.887093],[2.350652,48.88675],[2.349944,48.88666]]],[[[2.350955,48.887232],[2.350187,48.887563],[2.351321,48.888129],[2.350955,48.887232]]],[[[2.3515,48.887374],[2.351166,48.887332],[2.351448,48.887886],[2.352645,48.88765],[2.3515,48.887374]]],[[[2.351918,48.886314],[2.351996,48.885969],[2.350237,48.886027],[2.351918,48.886314]]],[[[2.350323,48.885672],[2.34984,48.885549],[2.350185,48.885933],[2.351188,48.885854],[2.351102,48.885588],[2.350323,48.885672]]],[[[2.352068,48.888032],[2.353045,48.888028],[2.352906,48.887711],[2.351494,48.88799],[2.351587,48.888228],[2.352068,48.888032]]],[[[2.349953,48.885915],[2.349755,48.885748],[2.349767,48.886511],[2.350539,48.886625],[2.349953,48.885915]]],[[[2.351016,48.888188],[2.349779,48.887576],[2.350182,48.888025],[2.351016,48.888188]]],[[[2.349225,48.886964],[2.349318,48.88658],[2.347899,48.886406],[2.349225,48.886964]]],[[[2.352602,48.886425],[2.352139,48.885971],[2.352049,48.886395],[2.352602,48.886425]]],[[[2.352219,48.885867],[2.35227,48.885604],[2.351741,48.885574],[2.351197,48.885894],[2.352219,48.885867]]],[[[2.349165,48.886309],[2.349342,48.886451],[2.349303,48.885706],[2.348963,48.885993],[2.349165,48.886309]]],[[[2.353239,48.886964],[2.35325,48.886925],[2.353263,48.886883],[2.353184,48.886871],[2.353133,48.886863],[2.35303,48.886847],[2.353002,48.886843],[2.35299,48.886879],[2.352887,48.886867],[2.352899,48.88683],[2.352679,48.886944],[2.352694,48.886961],[2.352846,48.886984],[2.352948,48.887],[2.353078,48.88702],[2.353216,48.887041],[2.353336,48.887059],[2.35334,48.887057],[2.353242,48.886964],[2.353239,48.886964]]]],"type":"MultiPolygon"},"properties":{"id_projet":"MATERNELLES (année scolaire 2021/2022)","libelle":"RICHOMME (18) MAT","annee_scol":"2021-2022","zone_commune":0,"etiquette":"Secteur de l'école 18 RUE RICHOMME","lib_etab_1":"RICHOMME (18) MAT","lib_etab_2":null,"lib_etab_3":null,"lib_etab_4":null,"adr_etab_1":"18 RUE RICHOMME","adr_etab_2":null,"adr_etab_3":null,"adr_etab_4":null,"type_etabl":"Maternelle","geo_point_2d":{"lon":2.351174828103259,"lat":48.8868804360106},"st_area_shape":46195.08999240062,"st_perimeter_shape":4245.361941068993}},{"type":"Feature","geometry":{"coordinates":[[[[2.3278,48.887716],[2.326908,48.887522],[2.325949,48.888017],[2.326405,48.889451],[2.32776,48.888805],[2.327392,48.8883],[2.3278,48.887716]]],[[[2.332008,48.888963],[2.331184,48.890761],[2.333164,48.890653],[2.332008,48.888963]]],[[[2.331655,48.888926],[2.32946,48.890076],[2.331034,48.890697],[2.331655,48.888926]]],[[[2.327868,48.888888],[2.326464,48.889562],[2.326686,48.890293],[2.328324,48.88944],[2.327868,48.888888]]],[[[2.326234,48.886698],[2.325749,48.887489],[2.325918,48.887907],[2.326849,48.887433],[2.326815,48.886997],[2.326234,48.886698]]],[[[2.333286,48.890783],[2.331722,48.891032],[2.333347,48.891718],[2.333286,48.890783]]],[[[2.326621,48.886035],[2.32617,48.886576],[2.327128,48.887107],[2.327687,48.88676],[2.326621,48.886035]]],[[[2.328132,48.887637],[2.328474,48.887252],[2.327823,48.886824],[2.327149,48.887247],[2.327196,48.887546],[2.328132,48.887637]]],[[[2.333164,48.891766],[2.331143,48.891063],[2.332201,48.891735],[2.333164,48.891766]]],[[[2.334352,48.891379],[2.334047,48.890828],[2.333444,48.890745],[2.333577,48.891766],[2.333792,48.891411],[2.334352,48.891379]]],[[[2.329383,48.89017],[2.329756,48.890712],[2.330935,48.890828],[2.329383,48.89017]]],[[[2.327757,48.889982],[2.327889,48.889888],[2.327912,48.889906],[2.328064,48.889791],[2.328073,48.889798],[2.328212,48.88973],[2.328211,48.889729],[2.328208,48.889727],[2.328207,48.889726],[2.328337,48.889663],[2.328336,48.889662],[2.328312,48.889642],[2.328531,48.889661],[2.328397,48.889515],[2.328253,48.889593],[2.328125,48.889662],[2.327993,48.889733],[2.327814,48.889829],[2.327665,48.88991],[2.32753,48.889982],[2.327466,48.890017],[2.327338,48.890086],[2.327213,48.890154],[2.327084,48.890223],[2.326959,48.89029],[2.326774,48.89039],[2.326917,48.890458],[2.32697,48.89043],[2.327066,48.890379],[2.32719,48.890313],[2.327309,48.890251],[2.327323,48.890244],[2.327337,48.890237],[2.327418,48.890195],[2.327443,48.890182],[2.327453,48.890177],[2.327546,48.890128],[2.327583,48.890109],[2.327634,48.890082],[2.327646,48.890075],[2.327748,48.890021],[2.327782,48.890002],[2.327757,48.889982]]],[[[2.329115,48.89005],[2.32855,48.88975],[2.328537,48.89003],[2.329115,48.89005]]],[[[2.332262,48.888648],[2.331926,48.888593],[2.332223,48.889011],[2.332262,48.888648]]],[[[2.332948,48.889699],[2.332626,48.889572],[2.333017,48.890076],[2.332948,48.889699]]],[[[2.332648,48.889206],[2.332327,48.889158],[2.332554,48.889446],[2.332648,48.889206]]],[[[2.327007,48.887155],[2.326941,48.887114],[2.326867,48.887129],[2.326865,48.887133],[2.32684,48.887207],[2.326861,48.887251],[2.326934,48.887402],[2.327023,48.887399],[2.327012,48.887236],[2.327007,48.887155]]],[[[2.333467,48.890418],[2.333444,48.89038],[2.333245,48.890425],[2.333262,48.890455],[2.333283,48.890486],[2.333299,48.890508],[2.333371,48.890609],[2.33338,48.890612],[2.333481,48.890466],[2.333489,48.890465],[2.333495,48.890464],[2.333479,48.890438],[2.333467,48.890418]]]],"type":"MultiPolygon"},"properties":{"id_projet":"MATERNELLES (année scolaire 2021/2022)","libelle":"CARPEAUX (5-7) MAT","annee_scol":"2021-2022","zone_commune":0,"etiquette":"Secteur de l'école 5 RUE CARPEAUX","lib_etab_1":"CARPEAUX (5-7) MAT","lib_etab_2":null,"lib_etab_3":null,"lib_etab_4":null,"adr_etab_1":"5 RUE CARPEAUX","adr_etab_2":null,"adr_etab_3":null,"adr_etab_4":null,"type_etabl":"Maternelle","geo_point_2d":{"lon":2.3294276740234037,"lat":48.88928949662404},"st_area_shape":102665.81445586098,"st_perimeter_shape":5608.343341512909}},{"type":"Feature","geometry":{"coordinates":[[[[2.356519,48.893259],[2.356549,48.892904],[2.358026,48.892953],[2.358041,48.892671],[2.358512,48.89268],[2.358598,48.89223],[2.359013,48.892613],[2.35958,48.892613],[2.359682,48.891115],[2.357234,48.89121],[2.357269,48.890776],[2.359668,48.890983],[2.359705,48.890407],[2.354916,48.890671],[2.355577,48.892369],[2.355122,48.893213],[2.356519,48.893259]]],[[[2.359275,48.887184],[2.359543,48.887185],[2.359442,48.886721],[2.358239,48.886751],[2.358201,48.887222],[2.359275,48.887184]]],[[[2.356201,48.887552],[2.355808,48.887774],[2.356119,48.887943],[2.356201,48.887552]]],[[[2.356075,48.888159],[2.356094,48.88807],[2.356078,48.888056],[2.355931,48.888147],[2.35593,48.888147],[2.355926,48.88817],[2.355925,48.888177],[2.355918,48.888211],[2.355911,48.888213],[2.355897,48.888213],[2.355888,48.888256],[2.355886,48.888267],[2.355878,48.888308],[2.355867,48.888361],[2.355864,48.888376],[2.355848,48.888458],[2.355844,48.888477],[2.355841,48.888492],[2.35597,48.888615],[2.355979,48.888611],[2.356004,48.888493],[2.356029,48.888375],[2.356051,48.888271],[2.356075,48.888159]]],[[[2.359716,48.888972],[2.359563,48.887255],[2.358229,48.887336],[2.358013,48.887797],[2.35808,48.886684],[2.359425,48.886649],[2.359311,48.886195],[2.358932,48.886462],[2.357879,48.886421],[2.357824,48.88732],[2.35646,48.887166],[2.356178,48.888648],[2.359716,48.888972]]],[[[2.355918,48.88876],[2.355868,48.888755],[2.35585,48.888852],[2.355842,48.888895],[2.355816,48.88904],[2.355813,48.889065],[2.355807,48.889109],[2.355805,48.889126],[2.355804,48.889137],[2.355807,48.889137],[2.355837,48.889139],[2.355873,48.889121],[2.355875,48.889114],[2.355943,48.888782],[2.355918,48.88876]]],[[[2.356235,48.888789],[2.35615,48.888781],[2.356117,48.888797],[2.356093,48.88891],[2.356067,48.889034],[2.356065,48.889045],[2.356052,48.889133],[2.356085,48.889148],[2.356094,48.889148],[2.356157,48.88915],[2.356178,48.889138],[2.356194,48.889041],[2.356214,48.888917],[2.356235,48.888789]]],[[[2.360264,48.889823],[2.36074,48.887684],[2.360223,48.88768],[2.360406,48.887058],[2.359789,48.886878],[2.360264,48.889823]]],[[[2.359717,48.890056],[2.359719,48.889108],[2.358284,48.888994],[2.358363,48.890183],[2.359717,48.890056]]],[[[2.358168,48.889294],[2.358123,48.888961],[2.356315,48.888795],[2.355921,48.890206],[2.358201,48.890207],[2.358168,48.889294]]]],"type":"MultiPolygon"},"properties":{"id_projet":"MATERNELLES (année scolaire 2023/2024)","libelle":"MARX DORMOY (53B) MAT","annee_scol":"2023-2024","zone_commune":0,"etiquette":"Secteur de l'école 53 bis RUE MARX DORMOY","lib_etab_1":"MARX DORMOY (53B) MAT","lib_etab_2":null,"lib_etab_3":null,"lib_etab_4":null,"adr_etab_1":"53 bis RUE MARX DORMOY","adr_etab_2":null,"adr_etab_3":null,"adr_etab_4":null,"type_etabl":"Maternelle","geo_point_2d":{"lon":2.3577716568112717,"lat":48.88993312307199},"st_area_shape":179974.06192722774,"st_perimeter_shape":5821.925412182052}}]}