{"type":"FeatureCollection","features":[{"type":"Feature","geometry":{"coordinates":[[[[2.378935,48.888666],[2.37974,48.887877],[2.370896,48.883518],[2.370503,48.88306],[2.370788,48.883651],[2.370193,48.884153],[2.369588,48.88403],[2.378935,48.888666]]],[[[2.376003,48.884096],[2.375898,48.883977],[2.375813,48.884105],[2.375919,48.884133],[2.375957,48.884128],[2.376003,48.884096]]],[[[2.379843,48.888191],[2.379921,48.888148],[2.379977,48.888175],[2.380027,48.888132],[2.380028,48.888131],[2.379964,48.887995],[2.379837,48.888107],[2.379778,48.888159],[2.379843,48.888191]]],[[[2.380349,48.887655],[2.380323,48.887636],[2.380174,48.887767],[2.380046,48.887881],[2.380049,48.887898],[2.380062,48.887904],[2.380344,48.887852],[2.380333,48.887846],[2.38032,48.887839],[2.380318,48.887838],[2.380349,48.887655]]],[[[2.381725,48.88651],[2.382613,48.886189],[2.382132,48.88608],[2.381725,48.88651]]],[[[2.379926,48.885035],[2.379778,48.884979],[2.379768,48.884981],[2.379886,48.885101],[2.379885,48.885103],[2.379884,48.885105],[2.379674,48.885112],[2.379766,48.885136],[2.379851,48.885158],[2.379978,48.885192],[2.380117,48.885228],[2.38026,48.885266],[2.380337,48.885286],[2.380418,48.885308],[2.380488,48.885326],[2.380823,48.885415],[2.380845,48.885385],[2.380526,48.885264],[2.380388,48.885211],[2.380319,48.885185],[2.380178,48.885131],[2.380045,48.88508],[2.379926,48.885035]]],[[[2.381017,48.887602],[2.38128,48.8875],[2.380809,48.887234],[2.380437,48.887559],[2.381017,48.887602]]],[[[2.381998,48.887226],[2.381413,48.886713],[2.380897,48.887157],[2.381998,48.887226]]],[[[2.383975,48.88595],[2.383262,48.886029],[2.384461,48.886368],[2.383975,48.88595]]],[[[2.382991,48.885603],[2.38323,48.88512],[2.382435,48.885814],[2.382996,48.885984],[2.382991,48.885603]]],[[[2.377199,48.884339],[2.37704,48.883942],[2.376192,48.884208],[2.377199,48.884339]]],[[[2.379208,48.884875],[2.377706,48.884357],[2.377348,48.884504],[2.379208,48.884875]]],[[[2.380134,48.884761],[2.379862,48.884887],[2.380878,48.885274],[2.381168,48.884854],[2.380134,48.884761]]],[[[2.369808,48.883605],[2.370006,48.882972],[2.368948,48.883914],[2.369808,48.883605]]],[[[2.378987,48.885235],[2.3785,48.885719],[2.379563,48.886],[2.379887,48.885471],[2.378987,48.885235]]],[[[2.382937,48.885196],[2.383101,48.885015],[2.381332,48.884849],[2.381033,48.885314],[2.382241,48.885786],[2.382937,48.885196]]],[[[2.381698,48.886281],[2.381983,48.886021],[2.381546,48.88621],[2.381596,48.88592],[2.380038,48.885511],[2.379721,48.886031],[2.380281,48.886317],[2.380502,48.885815],[2.38091,48.885923],[2.380559,48.886449],[2.381149,48.886729],[2.381698,48.886281]]],[[[2.384461,48.887485],[2.384689,48.886734],[2.383254,48.886357],[2.382491,48.886499],[2.382863,48.886617],[2.382533,48.887061],[2.384461,48.887485]]],[[[2.377052,48.886385],[2.378268,48.885682],[2.378617,48.885135],[2.3771,48.88474],[2.376764,48.885296],[2.376285,48.885309],[2.377212,48.885765],[2.376621,48.886121],[2.377018,48.885713],[2.376237,48.885329],[2.375702,48.885706],[2.377052,48.886385]]],[[[2.379314,48.887023],[2.381033,48.886807],[2.379233,48.886026],[2.378334,48.885807],[2.377191,48.886449],[2.379152,48.887451],[2.379493,48.88714],[2.379314,48.887023]]]],"type":"MultiPolygon"},"properties":{"id_projet":"4913","libelle":"PIERRE GIRARD (9) ELEM","zone_commune":0,"etiquette":"Secteur de l'école 9 PIERRE GIRARD (9) ELEM","lib_etab_1":"PIERRE GIRARD (9) ELEM","lib_etab_2":null,"lib_etab_3":null,"lib_etab_4":null,"adr_etab_1":"9 PIERRE GIRARD (9) ELEM","adr_etab_2":null,"adr_etab_3":null,"adr_etab_4":null,"annee_scol":"2026-2027","st_area_shape":196055.725753435,"st_perimeter_shape":8348.84685904542,"type_etabl":"Elémentaire","geo_point_2d":{"lon":2.37730869157596,"lat":48.88600120152484}}},{"type":"Feature","geometry":{"coordinates":[[[2.391132,48.888112],[2.391789,48.887204],[2.391506,48.887158],[2.391132,48.888112]]],"type":"Polygon"},"properties":{"id_projet":"4913","libelle":"Z. MANIN(30)/MANIN(40B)/JEAN JAURES(160)","zone_commune":1,"etiquette":"Secteur commun des écoles \n30 MANIN (30) ELEM B \n160 JEAN JAURES (160) ELEM\n40 bis MANIN (40 B) ELEM","lib_etab_1":"MANIN (30) ELEM B","lib_etab_2":"JEAN JAURES (160) ELEM","lib_etab_3":"MANIN (40 B) ELEM","lib_etab_4":null,"adr_etab_1":"30 MANIN (30) ELEM B","adr_etab_2":"160 JEAN JAURES (160) ELEM","adr_etab_3":"40 bis MANIN (40 B) ELEM","adr_etab_4":null,"annee_scol":"2026-2027","st_area_shape":2031.055510961176,"st_perimeter_shape":267.8779237073848,"type_etabl":"Elémentaire","geo_point_2d":{"lon":2.3914537634655084,"lat":48.88760972864151}}},{"type":"Feature","geometry":{"coordinates":[[[[2.376782,48.893578],[2.37613,48.893601],[2.37426,48.894626],[2.376313,48.896321],[2.378933,48.89586],[2.37889,48.895503],[2.376782,48.893578]]],[[[2.374618,48.894341],[2.375626,48.893763],[2.3751,48.893769],[2.374556,48.894298],[2.373497,48.893811],[2.3742,48.89456],[2.374618,48.894341]]],[[[2.381209,48.894332],[2.380479,48.894062],[2.380582,48.893872],[2.378926,48.892595],[2.376937,48.893489],[2.378983,48.894266],[2.378517,48.894909],[2.379247,48.895545],[2.381209,48.894332]],[[2.380269,48.894268],[2.380221,48.894214],[2.380261,48.894251],[2.380288,48.894238],[2.380269,48.894268]],[[2.379963,48.894017],[2.379972,48.894012],[2.38009,48.894107],[2.380088,48.894112],[2.379963,48.894017]]],[[[2.383286,48.89593],[2.382568,48.89565],[2.38256,48.89531],[2.381753,48.89578],[2.383286,48.89593]]],[[[2.37351,48.894133],[2.372308,48.895276],[2.375815,48.896197],[2.37351,48.894133]]],[[[2.376443,48.896739],[2.376616,48.896723],[2.376717,48.896716],[2.376361,48.896644],[2.373976,48.896165],[2.373884,48.896144],[2.373847,48.896134],[2.373795,48.89612],[2.373723,48.896097],[2.371902,48.895438],[2.371835,48.89551],[2.371937,48.895565],[2.372508,48.895781],[2.373071,48.895974],[2.37364,48.896168],[2.373891,48.896232],[2.376383,48.896729],[2.37642,48.896737],[2.376428,48.896736],[2.376443,48.896739]]],[[[2.379584,48.896308],[2.383073,48.896292],[2.38321,48.896057],[2.380052,48.896051],[2.381345,48.895875],[2.382463,48.895223],[2.381392,48.894551],[2.379453,48.895661],[2.379942,48.895934],[2.376822,48.896727],[2.376994,48.897152],[2.37741,48.897224],[2.376994,48.896893],[2.379584,48.896308]]]],"type":"MultiPolygon"},"properties":{"id_projet":"ELEMENTAIRES (année scolaire 2024/2025)","libelle":"G.COLETTE MAGNY (17)/(19)","zone_commune":1,"etiquette":"Secteur commun des écoles \n15 RUE COLETTE MAGNY \n17 RUE COLETTE MAGNY","lib_etab_1":"COLETTE MAGNY (15) ELEM","lib_etab_2":"COLETTE MAGNY (17) ELEM","lib_etab_3":null,"lib_etab_4":null,"adr_etab_1":"15 RUE COLETTE MAGNY","adr_etab_2":"17 RUE COLETTE MAGNY","adr_etab_3":null,"adr_etab_4":null,"annee_scol":"2024-2025","st_area_shape":171764.8856267475,"st_perimeter_shape":6059.354669272971,"type_etabl":"Elémentaire","geo_point_2d":{"lon":2.3776298650298386,"lat":48.8949588476676}}},{"type":"Feature","geometry":{"coordinates":[[[[2.388545,48.886561],[2.389102,48.886091],[2.388164,48.885957],[2.387972,48.88644],[2.388545,48.886561]]],[[[2.38966,48.883811],[2.38943,48.884102],[2.38988,48.883899],[2.38966,48.883811]]],[[[2.394379,48.883973],[2.393808,48.883751],[2.393607,48.884269],[2.394393,48.884429],[2.394119,48.884139],[2.394379,48.883973]]],[[[2.389618,48.886165],[2.389344,48.886126],[2.389344,48.886127],[2.389454,48.886273],[2.389625,48.88631],[2.389733,48.886198],[2.389702,48.886186],[2.3897,48.886186],[2.389699,48.886185],[2.389698,48.886185],[2.389696,48.886184],[2.389694,48.886184],[2.389693,48.886183],[2.389691,48.886183],[2.389689,48.886182],[2.389687,48.886181],[2.389686,48.886181],[2.389684,48.88618],[2.389682,48.88618],[2.38968,48.886179],[2.389679,48.886179],[2.389677,48.886178],[2.389675,48.886178],[2.389674,48.886177],[2.389672,48.886177],[2.389671,48.886176],[2.389669,48.886176],[2.389668,48.886176],[2.389667,48.886175],[2.389666,48.886175],[2.389665,48.886175],[2.389664,48.886174],[2.389662,48.886174],[2.389661,48.886174],[2.38966,48.886173],[2.389659,48.886173],[2.389657,48.886173],[2.389656,48.886172],[2.389655,48.886172],[2.389654,48.886172],[2.389652,48.886172],[2.389651,48.886171],[2.38965,48.886171],[2.389648,48.886171],[2.389647,48.88617],[2.389646,48.88617],[2.389644,48.88617],[2.389643,48.88617],[2.389642,48.886169],[2.38964,48.886169],[2.389639,48.886169],[2.389638,48.886169],[2.389637,48.886168],[2.389635,48.886168],[2.389634,48.886168],[2.389633,48.886168],[2.389632,48.886167],[2.38963,48.886167],[2.389629,48.886167],[2.389628,48.886167],[2.389627,48.886166],[2.389626,48.886166],[2.389624,48.886166],[2.389623,48.886166],[2.389622,48.886165],[2.389621,48.886165],[2.38962,48.886165],[2.389618,48.886165]]],[[[2.389668,48.886995],[2.389227,48.88688],[2.389218,48.887188],[2.389668,48.886995]]]],"type":"MultiPolygon"},"properties":{"id_projet":"4907","libelle":"Z.MANIN A,B/GOUBET","zone_commune":1,"etiquette":"Secteur commun des écoles \n30 RUE MANIN \n40 bis RUE MANIN\n4 RUE GOUBET","lib_etab_1":"MANIN (30) ELEM B","lib_etab_2":"MANIN (40B) ELEM","lib_etab_3":"GOUBET (4) ELEM","lib_etab_4":null,"adr_etab_1":"30 RUE MANIN","adr_etab_2":"40 bis RUE MANIN","adr_etab_3":"4 RUE GOUBET","adr_etab_4":null,"annee_scol":"2025-2026","st_area_shape":7298.655220113322,"st_perimeter_shape":820.6158412165045,"type_etabl":"Elémentaire","geo_point_2d":{"lon":2.390522830562953,"lat":48.88541711658445}}},{"type":"Feature","geometry":{"coordinates":[[[[2.370774,48.901868],[2.370505,48.901801],[2.370537,48.901865],[2.37077,48.90187],[2.370774,48.901868]]],[[[2.388398,48.901413],[2.388393,48.901407],[2.388297,48.901426],[2.388298,48.901432],[2.388333,48.901425],[2.388341,48.901424],[2.388398,48.901413]]]],"type":"MultiPolygon"},"properties":{"id_projet":"4907","libelle":"Z. BOLLAERT(53)/MACDONALD(118)/MACDONALD(141)","zone_commune":1,"etiquette":"Secteur commun des écoles \n53 RUE EMILE BOLLAERT \n118 BOULEVARD MACDONALD\n141 BOULEVARD MACDONALD","lib_etab_1":"EMILE BOLLAERT (53) POLY","lib_etab_2":"MACDONALD (118) POLY","lib_etab_3":"MACDONALD (141) POLY","lib_etab_4":null,"adr_etab_1":"53 RUE EMILE BOLLAERT","adr_etab_2":"118 BOULEVARD MACDONALD","adr_etab_3":"141 BOULEVARD MACDONALD","adr_etab_4":null,"annee_scol":"2025-2026","st_area_shape":68.36606116754395,"st_perimeter_shape":62.34280373528086,"type_etabl":"Elémentaire","geo_point_2d":{"lon":2.371972008319028,"lat":48.901812454582}}},{"type":"Feature","geometry":{"coordinates":[[[[2.374889,48.876445],[2.376745,48.876306],[2.376072,48.874735],[2.375307,48.874064],[2.373818,48.875212],[2.374365,48.876337],[2.374889,48.876445]]],[[[2.373145,48.877933],[2.373939,48.877843],[2.373728,48.877738],[2.374022,48.877173],[2.37326,48.876567],[2.37278,48.876807],[2.372237,48.876598],[2.370892,48.877763],[2.371308,48.877823],[2.372436,48.877028],[2.373145,48.877933]]],[[[2.374192,48.877526],[2.376458,48.876667],[2.378203,48.876613],[2.375398,48.876486],[2.374568,48.876873],[2.374192,48.877526]]],[[[2.374131,48.876941],[2.374195,48.876294],[2.373727,48.875359],[2.372373,48.876477],[2.372836,48.876671],[2.37317,48.876385],[2.374131,48.876941]]],[[[2.376791,48.875143],[2.376881,48.875344],[2.376537,48.875426],[2.376925,48.876334],[2.378088,48.876362],[2.378034,48.875661],[2.378312,48.875328],[2.377962,48.875548],[2.377958,48.876125],[2.377442,48.875927],[2.377613,48.875252],[2.376791,48.875143]]],[[[2.378032,48.877734],[2.37719,48.87812],[2.37775,48.878163],[2.378138,48.878753],[2.378032,48.877734]]],[[[2.377992,48.877699],[2.379131,48.87647],[2.37825,48.876533],[2.378519,48.876821],[2.377992,48.877699]]],[[[2.381091,48.875922],[2.381112,48.875914],[2.381212,48.875873],[2.381235,48.875863],[2.381208,48.875822],[2.380821,48.875855],[2.380806,48.875831],[2.380756,48.875753],[2.380619,48.875787],[2.38062,48.875789],[2.380627,48.875799],[2.380624,48.875807],[2.380606,48.875812],[2.380584,48.875819],[2.380563,48.875825],[2.380458,48.875857],[2.380409,48.875871],[2.380336,48.875893],[2.380238,48.875923],[2.380176,48.875941],[2.380177,48.875943],[2.379637,48.876028],[2.37968,48.876197],[2.379685,48.876198],[2.37969,48.876199],[2.3797,48.876199],[2.379711,48.876198],[2.379721,48.876196],[2.379725,48.876196],[2.379882,48.876173],[2.380017,48.876153],[2.380288,48.876113],[2.380291,48.876112],[2.3805,48.876076],[2.380527,48.876072],[2.380707,48.876035],[2.380763,48.876022],[2.380903,48.875984],[2.381009,48.875951],[2.381091,48.875922]]],[[[2.379134,48.876274],[2.379443,48.876222],[2.378796,48.876005],[2.378266,48.876351],[2.379134,48.876274]]],[[[2.374581,48.876446],[2.374541,48.876439],[2.374408,48.876488],[2.37442,48.876502],[2.374381,48.876536],[2.37438,48.876572],[2.374377,48.876616],[2.374366,48.876693],[2.374363,48.876711],[2.374402,48.876721],[2.374482,48.876663],[2.374534,48.876628],[2.374566,48.876607],[2.374636,48.876566],[2.374645,48.876561],[2.37465,48.876531],[2.374651,48.876529],[2.374642,48.876519],[2.374581,48.876446]]],[[[2.376598,48.875153],[2.376443,48.875116],[2.376412,48.875134],[2.376452,48.875227],[2.376493,48.87532],[2.376528,48.875333],[2.376721,48.875299],[2.376742,48.875275],[2.376725,48.875225],[2.376639,48.875163],[2.376598,48.875153]]],[[[2.376747,48.875111],[2.376791,48.875143],[2.376841,48.875076],[2.376458,48.874953],[2.376356,48.875013],[2.376359,48.875019],[2.376747,48.875111]]]],"type":"MultiPolygon"},"properties":{"id_projet":"4907","libelle":"SIMON BOLIVAR (67) ELEM","zone_commune":0,"etiquette":"Secteur de l'école 67 AVENUE SIMON BOLIVAR","lib_etab_1":"SIMON BOLIVAR (67) ELEM","lib_etab_2":null,"lib_etab_3":null,"lib_etab_4":null,"adr_etab_1":"67 AVENUE SIMON BOLIVAR","adr_etab_2":null,"adr_etab_3":null,"adr_etab_4":null,"annee_scol":"2025-2026","st_area_shape":96344.84683132629,"st_perimeter_shape":5020.105871913857,"type_etabl":"Elémentaire","geo_point_2d":{"lon":2.3752670039488373,"lat":48.87619290303173}}},{"type":"Feature","geometry":{"coordinates":[[[2.37707,48.890502],[2.377652,48.890484],[2.377322,48.890282],[2.37707,48.890502]]],"type":"Polygon"},"properties":{"id_projet":"ELEMENTAIRES (année scolaire 2020/2021)","libelle":"Z.MATHIS/JOMARD/AUBERVILLIERS132","zone_commune":1,"etiquette":"Secteur commun des écoles \n132 RUE D' AUBERVILLIERS \n9 RUE JOMARD\n14 RUE MATHIS","lib_etab_1":"AUBERVILLIERS (132) ELEM","lib_etab_2":"JOMARD (9) ELEM","lib_etab_3":"MATHIS (14) ELEM","lib_etab_4":null,"adr_etab_1":"132 RUE D' AUBERVILLIERS","adr_etab_2":"9 RUE JOMARD","adr_etab_3":"14 RUE MATHIS","adr_etab_4":null,"annee_scol":"2020-2021","st_area_shape":679.7340270613473,"st_perimeter_shape":110.95750394029137,"type_etabl":null,"geo_point_2d":{"lon":2.3773675890346366,"lat":48.890446736429695}}},{"type":"Feature","geometry":{"coordinates":[[[[2.397141,48.881524],[2.396697,48.881486],[2.396101,48.882749],[2.395257,48.883207],[2.396913,48.88346],[2.396967,48.883092],[2.39648,48.883006],[2.397141,48.881524]]],[[[2.392361,48.879077],[2.39232,48.878678],[2.393303,48.877902],[2.392381,48.877801],[2.391406,48.878135],[2.391656,48.878164],[2.391237,48.878511],[2.391606,48.878804],[2.391383,48.879356],[2.392361,48.879077]]],[[[2.389416,48.880628],[2.389959,48.880089],[2.389591,48.879793],[2.388402,48.880602],[2.388519,48.881497],[2.389416,48.880628]]],[[[2.396396,48.881472],[2.393538,48.882052],[2.396001,48.88228],[2.396396,48.881472]]],[[[2.394541,48.882247],[2.393489,48.882191],[2.394849,48.883118],[2.396018,48.882411],[2.394541,48.882247]]],[[[2.390732,48.882443],[2.390449,48.88192],[2.39084,48.882031],[2.390912,48.882403],[2.390954,48.882056],[2.39258,48.881999],[2.390398,48.881367],[2.390057,48.881836],[2.390406,48.88242],[2.390732,48.882443]]],[[[2.390069,48.881929],[2.390338,48.88135],[2.389981,48.881245],[2.389689,48.88168],[2.389769,48.881183],[2.389322,48.881768],[2.38989,48.881918],[2.389234,48.881798],[2.389717,48.881168],[2.389123,48.881492],[2.389444,48.881088],[2.389219,48.881021],[2.388492,48.881813],[2.390069,48.881929]]],[[[2.393518,48.881584],[2.393612,48.881234],[2.392533,48.880633],[2.391849,48.881073],[2.392529,48.881535],[2.392877,48.881052],[2.39328,48.881327],[2.392586,48.881574],[2.39292,48.881801],[2.39341,48.881855],[2.393518,48.881584]]],[[[2.394072,48.880739],[2.394123,48.880353],[2.39345,48.880315],[2.393496,48.880682],[2.393418,48.880313],[2.392256,48.880292],[2.393398,48.881067],[2.393664,48.880691],[2.393614,48.881093],[2.39402,48.881125],[2.394072,48.880739]]],[[[2.39342,48.882398],[2.392926,48.882846],[2.394712,48.883592],[2.394769,48.883323],[2.39342,48.882398]]],[[[2.394535,48.884138],[2.39463,48.883729],[2.392832,48.88294],[2.392549,48.883165],[2.393435,48.883738],[2.394221,48.883806],[2.394191,48.884215],[2.394535,48.884138]]],[[[2.392618,48.882902],[2.391217,48.882528],[2.391273,48.882836],[2.390271,48.882784],[2.392135,48.883327],[2.392618,48.882902]]],[[[2.390571,48.88077],[2.390806,48.88062],[2.390054,48.880154],[2.389305,48.880929],[2.389743,48.881058],[2.389948,48.880746],[2.389779,48.881068],[2.390001,48.881134],[2.390571,48.88077]]],[[[2.395793,48.880964],[2.396852,48.880998],[2.396726,48.880507],[2.396075,48.880462],[2.394965,48.880886],[2.39543,48.881411],[2.39536,48.881072],[2.395793,48.880964]]],[[[2.391172,48.880869],[2.390454,48.881267],[2.392616,48.881902],[2.391172,48.880869]]],[[[2.392653,48.879682],[2.392347,48.879244],[2.391514,48.879555],[2.392019,48.880058],[2.392863,48.880104],[2.392915,48.879714],[2.392653,48.879682]]],[[[2.390362,48.879801],[2.391218,48.879465],[2.391029,48.879058],[2.390156,48.879124],[2.389786,48.879615],[2.390362,48.879801]]],[[[2.390764,48.880166],[2.39153,48.880855],[2.392216,48.880417],[2.390764,48.880166]]],[[[2.394768,48.881287],[2.394552,48.881044],[2.39383,48.881228],[2.393632,48.881765],[2.394967,48.881513],[2.394768,48.881287]]],[[[2.392778,48.882185],[2.391561,48.882492],[2.392766,48.882755],[2.393233,48.882296],[2.392778,48.882185]]],[[[2.392036,48.883416],[2.389929,48.88293],[2.391612,48.883573],[2.392036,48.883416]]],[[[2.391515,48.879758],[2.391243,48.879583],[2.390443,48.879926],[2.39173,48.88004],[2.391515,48.879758]]],[[[2.390144,48.882211],[2.388414,48.882045],[2.390265,48.882522],[2.390144,48.882211]]],[[[2.39465,48.880382],[2.39452,48.880933],[2.395744,48.880463],[2.39465,48.880382]]],[[[2.38836,48.881623],[2.388206,48.880774],[2.387948,48.881699],[2.38836,48.881623]]],[[[2.39619,48.880123],[2.395574,48.879604],[2.395487,48.880248],[2.39619,48.880123]]],[[[2.393797,48.87952],[2.393414,48.879393],[2.393317,48.880129],[2.393714,48.880151],[2.393797,48.87952]]],[[[2.394203,48.880357],[2.39406,48.881109],[2.394478,48.880949],[2.394556,48.880377],[2.394203,48.880357]]],[[[2.390865,48.88066],[2.390042,48.881146],[2.390415,48.881255],[2.391098,48.880818],[2.390865,48.88066]]],[[[2.395932,48.884028],[2.396767,48.883786],[2.39586,48.883593],[2.395932,48.884028]]],[[[2.394218,48.879645],[2.393843,48.879473],[2.393753,48.880153],[2.394148,48.880175],[2.394218,48.879645]]],[[[2.395523,48.879689],[2.395136,48.879598],[2.395052,48.880223],[2.395448,48.880246],[2.395523,48.879689]]],[[[2.392313,48.880483],[2.391558,48.880875],[2.39182,48.881053],[2.392506,48.880614],[2.392313,48.880483]]],[[[2.394654,48.879647],[2.39427,48.87953],[2.394185,48.880177],[2.394579,48.880197],[2.394654,48.879647]]],[[[2.395014,48.880993],[2.394587,48.881031],[2.395006,48.881505],[2.395391,48.88142],[2.395014,48.880993]]],[[[2.395086,48.879675],[2.394701,48.879593],[2.394634,48.880199],[2.395014,48.880221],[2.395086,48.879675]]],[[[2.393328,48.879745],[2.393375,48.879388],[2.393161,48.879435],[2.392903,48.880107],[2.393277,48.880127],[2.393328,48.879745]]],[[[2.390109,48.878936],[2.390789,48.878343],[2.390195,48.87834],[2.390109,48.878936]]],[[[2.390907,48.878995],[2.390612,48.878814],[2.390857,48.878461],[2.390212,48.879023],[2.390907,48.878995]]],[[[2.394943,48.883811],[2.395424,48.883517],[2.395018,48.883513],[2.394943,48.883811]]],[[[2.397561,48.881399],[2.397285,48.881033],[2.396964,48.881214],[2.397561,48.881399]]],[[[2.393062,48.881217],[2.392939,48.881133],[2.392893,48.881139],[2.392828,48.881181],[2.392749,48.881233],[2.392771,48.881332],[2.392784,48.881388],[2.392821,48.881413],[2.39287,48.881418],[2.393015,48.88143],[2.393106,48.881371],[2.393171,48.881329],[2.393193,48.881306],[2.393062,48.881217]]],[[[2.389841,48.879169],[2.389823,48.879143],[2.389618,48.87923],[2.389609,48.87923],[2.389604,48.879231],[2.38952,48.879238],[2.389378,48.879249],[2.389378,48.879261],[2.38951,48.879422],[2.389584,48.879394],[2.389637,48.879348],[2.389788,48.879216],[2.389841,48.879169]]]],"type":"MultiPolygon"},"properties":{"id_projet":"ELEMENTAIRES (année scolaire 2021/2022)","libelle":"G.COMPANS(106)/BRUNET(7)","zone_commune":1,"etiquette":"Secteur commun des écoles \n106 RUE COMPANS \n7 RUE DU GENERAL BRUNET","lib_etab_1":"COMPANS (106) ELEM A","lib_etab_2":"GENERAL BRUNET (7) ELEM","lib_etab_3":null,"lib_etab_4":null,"adr_etab_1":"106 RUE COMPANS","adr_etab_2":"7 RUE DU GENERAL BRUNET","adr_etab_3":null,"adr_etab_4":null,"annee_scol":"2021-2022","st_area_shape":193352.27396902884,"st_perimeter_shape":14614.64534327728,"type_etabl":"Elémentaire","geo_point_2d":{"lon":2.392737621843733,"lat":48.88121954305483}}},{"type":"Feature","geometry":{"coordinates":[[[[2.385069,48.889928],[2.386624,48.887249],[2.385957,48.887499],[2.385678,48.888022],[2.385238,48.887901],[2.385462,48.887545],[2.384926,48.887374],[2.384836,48.886933],[2.383832,48.889338],[2.385069,48.889928]]],[[[2.383672,48.889206],[2.384218,48.888304],[2.382446,48.887735],[2.381855,48.88841],[2.383672,48.889206]]],[[[2.381839,48.888569],[2.381329,48.888402],[2.38101,48.88877],[2.382636,48.889579],[2.383432,48.889301],[2.381839,48.888569]]],[[[2.384325,48.887572],[2.382533,48.887061],[2.382237,48.88746],[2.384199,48.888176],[2.384325,48.887572]]],[[[2.380538,48.883651],[2.381447,48.882649],[2.380732,48.882864],[2.379357,48.88433],[2.379674,48.884603],[2.380538,48.883651]]],[[[2.386494,48.890563],[2.385192,48.890137],[2.38492,48.890666],[2.385254,48.890499],[2.386226,48.890826],[2.386187,48.891284],[2.386802,48.890723],[2.386494,48.890563]]],[[[2.380544,48.884394],[2.381491,48.883717],[2.381254,48.883353],[2.380098,48.884591],[2.380544,48.884394]]],[[[2.382166,48.887862],[2.381461,48.887675],[2.381069,48.888066],[2.381676,48.888391],[2.382166,48.887862]]],[[[2.384513,48.885656],[2.384502,48.88536],[2.384035,48.885462],[2.383974,48.885956],[2.384497,48.88635],[2.384513,48.885656]]],[[[2.384996,48.886661],[2.385195,48.886007],[2.384768,48.88538],[2.384996,48.886661]]],[[[2.375955,48.885726],[2.377042,48.884808],[2.376832,48.884717],[2.375702,48.885706],[2.375955,48.885726]]],[[[2.384112,48.889649],[2.384621,48.890542],[2.384668,48.889919],[2.384112,48.889649]]],[[[2.380409,48.887699],[2.380062,48.887904],[2.381226,48.888344],[2.380409,48.887699]]],[[[2.38115,48.887761],[2.381254,48.887513],[2.380438,48.887573],[2.380979,48.887998],[2.38115,48.887761]]],[[[2.38102,48.888493],[2.380499,48.888234],[2.380295,48.888415],[2.38102,48.888493]]],[[[2.383514,48.889426],[2.382749,48.88969],[2.383046,48.889835],[2.383514,48.889426]]],[[[2.380391,48.88818],[2.380125,48.888048],[2.380007,48.887988],[2.379967,48.887993],[2.379964,48.887995],[2.380028,48.888131],[2.380027,48.888132],[2.379977,48.888175],[2.379921,48.888148],[2.379843,48.888191],[2.380023,48.88828],[2.380186,48.888362],[2.380391,48.88818]]],[[[2.384448,48.884404],[2.384377,48.884313],[2.38432,48.884393],[2.384443,48.884534],[2.384456,48.884548],[2.384457,48.88455],[2.384459,48.884551],[2.38446,48.884553],[2.384462,48.884555],[2.384463,48.884557],[2.384465,48.884559],[2.384466,48.88456],[2.384468,48.884562],[2.384469,48.884564],[2.384471,48.884566],[2.384472,48.884568],[2.384474,48.88457],[2.384475,48.884572],[2.384477,48.884574],[2.384478,48.884576],[2.38448,48.884578],[2.384482,48.88458],[2.384483,48.884583],[2.384485,48.884585],[2.384487,48.884587],[2.384489,48.88459],[2.384491,48.884593],[2.384492,48.884595],[2.384494,48.884598],[2.384496,48.8846],[2.384497,48.884602],[2.384499,48.884604],[2.3845,48.884607],[2.384502,48.884609],[2.384503,48.884611],[2.384505,48.884613],[2.384506,48.884615],[2.384508,48.884617],[2.384509,48.884619],[2.384511,48.884622],[2.384512,48.884624],[2.384514,48.884627],[2.384515,48.884629],[2.384517,48.884632],[2.384519,48.884635],[2.38452,48.884638],[2.384522,48.884642],[2.384525,48.884646],[2.384527,48.88465],[2.384529,48.884653],[2.384531,48.884657],[2.384532,48.88466],[2.384534,48.884664],[2.384536,48.884667],[2.384538,48.88467],[2.384539,48.884673],[2.384541,48.884676],[2.384542,48.884679],[2.384545,48.884685],[2.384547,48.884688],[2.384548,48.884691],[2.38455,48.884693],[2.384551,48.884696],[2.384552,48.884699],[2.384554,48.884702],[2.384555,48.884705],[2.384556,48.884708],[2.384558,48.884711],[2.384559,48.884714],[2.384561,48.884717],[2.384562,48.884721],[2.384564,48.884724],[2.384565,48.884727],[2.384566,48.884731],[2.384568,48.884734],[2.384569,48.884738],[2.384571,48.884741],[2.384572,48.884745],[2.384574,48.884748],[2.384575,48.884752],[2.384576,48.884756],[2.384578,48.88476],[2.384579,48.884764],[2.384581,48.884768],[2.384582,48.884772],[2.384584,48.884776],[2.384585,48.88478],[2.384587,48.884787],[2.38459,48.884793],[2.384592,48.884799],[2.384594,48.884805],[2.384596,48.884811],[2.384597,48.884816],[2.384599,48.884821],[2.384601,48.884827],[2.384603,48.884832],[2.384604,48.884837],[2.384606,48.884842],[2.384607,48.884847],[2.384609,48.884852],[2.384611,48.884857],[2.384612,48.884863],[2.384613,48.884868],[2.384615,48.884874],[2.384617,48.88488],[2.384618,48.884886],[2.38462,48.884893],[2.384621,48.884899],[2.384622,48.884905],[2.384623,48.88491],[2.384624,48.884915],[2.384625,48.88492],[2.384626,48.884925],[2.384627,48.884929],[2.384628,48.884934],[2.384629,48.884938],[2.38463,48.884943],[2.384631,48.884947],[2.384632,48.884951],[2.384632,48.884955],[2.384633,48.88496],[2.384634,48.884964],[2.384635,48.884968],[2.384635,48.884972],[2.384636,48.884976],[2.384637,48.884984],[2.384638,48.884988],[2.384639,48.884993],[2.38464,48.884996],[2.38464,48.885],[2.384641,48.885004],[2.384641,48.885007],[2.384642,48.885011],[2.384643,48.885015],[2.384643,48.885019],[2.384644,48.885023],[2.384644,48.885026],[2.384645,48.88503],[2.384645,48.885034],[2.384646,48.885038],[2.384646,48.885042],[2.384647,48.885046],[2.384647,48.88505],[2.384647,48.885054],[2.384648,48.885058],[2.384648,48.885062],[2.384648,48.885066],[2.384648,48.88507],[2.384648,48.885074],[2.384649,48.885077],[2.384649,48.885079],[2.384649,48.885081],[2.384756,48.885072],[2.384753,48.885039],[2.384738,48.884969],[2.384721,48.884899],[2.384704,48.88483],[2.38468,48.884756],[2.384657,48.884697],[2.384641,48.884658],[2.3846,48.884574],[2.384594,48.884562],[2.384548,48.884553],[2.384488,48.88446],[2.384469,48.884431],[2.384448,48.884404]]],[[[2.384309,48.884564],[2.384276,48.884563],[2.384244,48.884894],[2.384282,48.884906],[2.384359,48.884929],[2.384306,48.885001],[2.384469,48.885073],[2.384484,48.885065],[2.384469,48.884973],[2.384442,48.884867],[2.384416,48.884788],[2.384375,48.884694],[2.384346,48.884632],[2.384309,48.884564]]],[[[2.38483,48.889994],[2.384803,48.889982],[2.384792,48.890338],[2.384884,48.890202],[2.384948,48.890107],[2.38492,48.890039],[2.38483,48.889994]]],[[[2.379886,48.885101],[2.379768,48.884981],[2.379738,48.884986],[2.37965,48.885083],[2.379664,48.885109],[2.379672,48.885111],[2.379674,48.885112],[2.379884,48.885105],[2.379885,48.885103],[2.379886,48.885101]]],[[[2.379432,48.88487],[2.379429,48.884861],[2.379196,48.884871],[2.379208,48.884875],[2.379248,48.884886],[2.379281,48.885008],[2.379315,48.885],[2.379375,48.884934],[2.379392,48.884915],[2.379432,48.88487]]],[[[2.380021,48.884867],[2.379961,48.884756],[2.379959,48.884757],[2.379942,48.884762],[2.37985,48.88486],[2.379859,48.884879],[2.380021,48.884867]]],[[[2.383686,48.889499],[2.38365,48.889486],[2.383606,48.889524],[2.383666,48.889559],[2.383686,48.889499]]]],"type":"MultiPolygon"},"properties":{"id_projet":"ELEMENTAIRES (année scolaire 2022/2023)","libelle":"TANDOU (9) ELEM","zone_commune":0,"etiquette":"Secteur de l'école 9 RUE TANDOU","lib_etab_1":"TANDOU (9) ELEM","lib_etab_2":null,"lib_etab_3":null,"lib_etab_4":null,"adr_etab_1":"9 RUE TANDOU","adr_etab_2":null,"adr_etab_3":null,"adr_etab_4":null,"annee_scol":"2022-2023","st_area_shape":104019.71229341773,"st_perimeter_shape":6836.24707690234,"type_etabl":"Elémentaire","geo_point_2d":{"lon":2.3832508950110536,"lat":48.88779864135566}}},{"type":"Feature","geometry":{"coordinates":[[[[2.393687,48.899298],[2.39552,48.898264],[2.395928,48.897603],[2.390509,48.897594],[2.390921,48.898266],[2.387382,48.898594],[2.386829,48.898084],[2.386375,48.898086],[2.388081,48.899703],[2.393687,48.899298]]],[[[2.384799,48.901044],[2.385485,48.901487],[2.386297,48.900811],[2.386371,48.900127],[2.386091,48.900026],[2.387706,48.899633],[2.386617,48.898927],[2.386382,48.898987],[2.386781,48.899612],[2.383682,48.90052],[2.381361,48.900556],[2.380347,48.902075],[2.384759,48.902101],[2.385294,48.901652],[2.384799,48.901044]]],[[[2.379654,48.90206],[2.380421,48.900823],[2.377534,48.900528],[2.372537,48.901012],[2.373329,48.901925],[2.379654,48.90206]]],[[[2.38109,48.89967],[2.381475,48.899085],[2.374262,48.89894],[2.375035,48.899712],[2.376135,48.899735],[2.37617,48.898976],[2.376424,48.898981],[2.376389,48.89974],[2.377976,48.899771],[2.378011,48.899013],[2.378167,48.899775],[2.379673,48.899805],[2.379708,48.899047],[2.379864,48.899809],[2.38109,48.89967]]],[[[2.384843,48.899884],[2.384668,48.899593],[2.386253,48.89902],[2.3836,48.899664],[2.386605,48.898916],[2.385889,48.898494],[2.382839,48.899142],[2.381968,48.900026],[2.384843,48.899884]]],[[[2.384895,48.898278],[2.385774,48.898156],[2.383991,48.896551],[2.382682,48.898658],[2.384895,48.898278]]],[[[2.391218,48.900564],[2.389316,48.900844],[2.390904,48.900843],[2.391218,48.900564]]],[[[2.380882,48.900558],[2.380884,48.900527],[2.380599,48.900534],[2.379788,48.900553],[2.380516,48.900672],[2.380463,48.900755],[2.380726,48.900715],[2.380826,48.900651],[2.380882,48.900558]]],[[[2.381205,48.900607],[2.381124,48.900595],[2.381071,48.900688],[2.381151,48.900701],[2.381205,48.900607]]]],"type":"MultiPolygon"},"properties":{"id_projet":"ELEMENTAIRES (année scolaire 2022/2023)","libelle":"MACDONALD (118) POLY","zone_commune":0,"etiquette":"Secteur de l'école 118 BOULEVARD MACDONALD","lib_etab_1":"MACDONALD (118) POLY","lib_etab_2":null,"lib_etab_3":null,"lib_etab_4":null,"adr_etab_1":"118 BOULEVARD MACDONALD","adr_etab_2":null,"adr_etab_3":null,"adr_etab_4":null,"annee_scol":"2022-2023","st_area_shape":337910.5961646248,"st_perimeter_shape":9084.750320286188,"type_etabl":"Elémentaire","geo_point_2d":{"lon":2.3841266008297244,"lat":48.89981480695197}}},{"type":"Feature","geometry":{"coordinates":[[[[2.381815,48.886674],[2.381528,48.886674],[2.382173,48.887208],[2.381815,48.886674]]],[[[2.381716,48.885951],[2.381596,48.88592],[2.381536,48.88602],[2.38153,48.88603],[2.381501,48.886079],[2.381477,48.886119],[2.38145,48.886164],[2.381546,48.88621],[2.381585,48.88615],[2.381595,48.886135],[2.38163,48.886086],[2.381716,48.885951]]]],"type":"MultiPolygon"},"properties":{"id_projet":"ELEMENTAIRES (année scolaire 2023/2024)","libelle":"Z.TANDOU(16)/PIERRE GIRARD(9)/TANDOU(9)","zone_commune":1,"etiquette":"Secteur commun des écoles \n9 RUE TANDOU \n9 RUE PIERRE GIRARD\n16 RUE TANDOU","lib_etab_1":"TANDOU (9) ELEM","lib_etab_2":"PIERRE GIRARD (9) ELEM","lib_etab_3":"TANDOU (16) POLY","lib_etab_4":null,"adr_etab_1":"9 RUE TANDOU","adr_etab_2":"9 RUE PIERRE GIRARD","adr_etab_3":"16 RUE TANDOU","adr_etab_4":null,"annee_scol":"2023-2024","st_area_shape":1210.8606725757209,"st_perimeter_shape":264.73342707003326,"type_etabl":"Elémentaire","geo_point_2d":{"lon":2.381802576104898,"lat":48.88670276767857}}},{"type":"Feature","geometry":{"coordinates":[[[[2.371277,48.893145],[2.370988,48.892706],[2.372516,48.892251],[2.371689,48.891971],[2.37233,48.891845],[2.371196,48.889444],[2.369658,48.889565],[2.3697,48.88983],[2.369613,48.889571],[2.368311,48.889732],[2.370271,48.893938],[2.370863,48.893728],[2.370708,48.89345],[2.371277,48.893145]],[[2.370118,48.891426],[2.370302,48.891383],[2.370462,48.891736],[2.370281,48.891784],[2.370118,48.891426]]],[[[2.372067,48.890064],[2.371617,48.889708],[2.372389,48.891216],[2.37274,48.890862],[2.372067,48.890064]]],[[[2.373241,48.889096],[2.373729,48.888924],[2.373734,48.888619],[2.372574,48.889],[2.373241,48.889096]]],[[[2.371883,48.88932],[2.37211,48.889195],[2.37214,48.889216],[2.372212,48.889176],[2.372268,48.889218],[2.372291,48.889205],[2.3723,48.889212],[2.372314,48.889204],[2.372336,48.889221],[2.372354,48.889211],[2.372332,48.889194],[2.37237,48.889172],[2.372357,48.889161],[2.372383,48.889145],[2.372378,48.889142],[2.372428,48.88911],[2.372449,48.889124],[2.37249,48.8891],[2.372475,48.889088],[2.372464,48.889081],[2.372458,48.889077],[2.37244,48.889067],[2.372428,48.889061],[2.372417,48.889058],[2.372407,48.889057],[2.372396,48.889056],[2.372386,48.889057],[2.372375,48.889058],[2.372372,48.889058],[2.371693,48.889255],[2.371677,48.889306],[2.371883,48.88932]]]],"type":"MultiPolygon"},"properties":{"id_projet":"ELEMENTAIRES (année scolaire 2020/2021)","libelle":"AUBERVILLIERS (132) ELEM","zone_commune":0,"etiquette":"Secteur de l'école 132 RUE D' AUBERVILLIERS","lib_etab_1":"AUBERVILLIERS (132) ELEM","lib_etab_2":null,"lib_etab_3":null,"lib_etab_4":null,"adr_etab_1":"132 RUE D' AUBERVILLIERS","adr_etab_2":null,"adr_etab_3":null,"adr_etab_4":null,"annee_scol":"2020-2021","st_area_shape":90136.41991836202,"st_perimeter_shape":2498.321482702311,"type_etabl":null,"geo_point_2d":{"lon":2.370592210815271,"lat":48.891204531916}}},{"type":"Feature","geometry":{"coordinates":[[[[2.380478,48.891533],[2.382048,48.890696],[2.382081,48.89003],[2.380959,48.889474],[2.377769,48.891089],[2.379154,48.89221],[2.380478,48.891533]]],[[[2.378169,48.888716],[2.37728,48.888109],[2.374461,48.888375],[2.375284,48.888502],[2.375685,48.888908],[2.376206,48.888659],[2.376449,48.888918],[2.376012,48.889733],[2.378169,48.888716]]],[[[2.378434,48.890611],[2.379093,48.890271],[2.37882,48.890067],[2.379207,48.890183],[2.379801,48.889811],[2.378818,48.88932],[2.378577,48.889472],[2.37855,48.88921],[2.378163,48.88955],[2.378731,48.889869],[2.377975,48.889691],[2.37746,48.890161],[2.378158,48.890732],[2.378434,48.890611]]],[[[2.377311,48.890114],[2.378545,48.889036],[2.378295,48.888788],[2.376159,48.889819],[2.376875,48.890415],[2.377311,48.890114]]],[[[2.375301,48.888241],[2.377087,48.888005],[2.376197,48.887955],[2.375789,48.887562],[2.374346,48.888061],[2.375301,48.888241]]],[[[2.380339,48.88917],[2.379758,48.888903],[2.379207,48.88938],[2.379715,48.889634],[2.380339,48.88917]]],[[[2.377897,48.89058],[2.377423,48.890211],[2.377652,48.890484],[2.37705,48.890519],[2.377623,48.891004],[2.378086,48.890787],[2.377897,48.89058]]],[[[2.382421,48.8902],[2.382276,48.890128],[2.38224,48.89014],[2.382221,48.890514],[2.38226,48.890523],[2.382355,48.89044],[2.382289,48.890364],[2.382551,48.890266],[2.382489,48.890234],[2.382421,48.8902]]],[[[2.378773,48.88886],[2.378768,48.88884],[2.378678,48.888795],[2.378633,48.888837],[2.37862,48.888849],[2.378611,48.888844],[2.378549,48.8889],[2.378563,48.888907],[2.378555,48.888914],[2.378659,48.88896],[2.378773,48.88886]]]],"type":"MultiPolygon"},"properties":{"id_projet":"ELEMENTAIRES (année scolaire 2020/2021)","libelle":"JOMARD (9) ELEM","zone_commune":0,"etiquette":"Secteur de l'école 9 RUE JOMARD","lib_etab_1":"JOMARD (9) ELEM","lib_etab_2":null,"lib_etab_3":null,"lib_etab_4":null,"adr_etab_1":"9 RUE JOMARD","adr_etab_2":null,"adr_etab_3":null,"adr_etab_4":null,"annee_scol":"2020-2021","st_area_shape":105092.36612798362,"st_perimeter_shape":4255.955351006293,"type_etabl":null,"geo_point_2d":{"lon":2.3786207315693693,"lat":48.88996768743633}}},{"type":"Feature","geometry":{"coordinates":[[[[2.389154,48.897348],[2.392167,48.896884],[2.394053,48.895393],[2.386955,48.891994],[2.387317,48.891082],[2.387642,48.891241],[2.387988,48.890923],[2.387097,48.890613],[2.386209,48.892059],[2.387205,48.892477],[2.38643,48.892739],[2.384328,48.896103],[2.385652,48.897329],[2.389154,48.897348]]],[[[2.382724,48.893552],[2.383854,48.892928],[2.382364,48.891739],[2.38021,48.893015],[2.381758,48.894229],[2.382724,48.893552]]],[[[2.381493,48.892117],[2.383665,48.890873],[2.383026,48.890595],[2.382174,48.890771],[2.379299,48.892296],[2.380125,48.892945],[2.381493,48.892117]]],[[[2.390921,48.898266],[2.390509,48.897594],[2.385973,48.897704],[2.387382,48.898594],[2.390921,48.898266]]],[[[2.384042,48.891005],[2.382556,48.891706],[2.383926,48.892814],[2.384499,48.89129],[2.384042,48.891005]]],[[[2.396289,48.896642],[2.396346,48.896252],[2.394979,48.895993],[2.394645,48.897347],[2.395882,48.897314],[2.396289,48.896642]]],[[[2.383768,48.894132],[2.382553,48.894693],[2.383626,48.895597],[2.384248,48.8946],[2.383768,48.894132]]],[[[2.382469,48.895196],[2.382106,48.894897],[2.383519,48.894009],[2.383375,48.893749],[2.381866,48.894309],[2.3823,48.894639],[2.381994,48.895089],[2.382469,48.895196]]],[[[2.384993,48.891746],[2.384665,48.891371],[2.384074,48.892932],[2.385238,48.892379],[2.384993,48.891746]]],[[[2.393607,48.89729],[2.394031,48.895882],[2.392694,48.897068],[2.393607,48.89729]]],[[[2.385214,48.89305],[2.385375,48.892443],[2.384242,48.893071],[2.38463,48.893381],[2.385214,48.89305]]],[[[2.385412,48.89056],[2.384968,48.890736],[2.386187,48.891284],[2.386226,48.890826],[2.385412,48.89056]]],[[[2.384415,48.893379],[2.384069,48.89314],[2.383438,48.893692],[2.3837,48.893907],[2.384415,48.893379]]],[[[2.38461,48.893561],[2.383786,48.893977],[2.384352,48.894341],[2.38461,48.893561]]],[[[2.384621,48.890542],[2.383822,48.889587],[2.383646,48.890133],[2.384621,48.890542]]],[[[2.392492,48.89736],[2.391955,48.897329],[2.391251,48.897482],[2.39127,48.89755],[2.39142,48.897541],[2.392103,48.897501],[2.39236,48.897486],[2.392491,48.897409],[2.392492,48.89736]]],[[[2.383235,48.895844],[2.38256,48.89531],[2.382568,48.89565],[2.383235,48.895844]]],[[[2.383666,48.889559],[2.383216,48.889864],[2.383518,48.890011],[2.383666,48.889559]]],[[[2.38297,48.890472],[2.382686,48.890332],[2.382389,48.89059],[2.382412,48.890611],[2.382962,48.890499],[2.38297,48.890472]]],[[[2.385067,48.893287],[2.385034,48.893271],[2.384735,48.893439],[2.384732,48.893466],[2.384855,48.893566],[2.384894,48.893562],[2.385067,48.893287]]],[[[2.386495,48.891413],[2.386462,48.891389],[2.386376,48.891346],[2.386326,48.891396],[2.386323,48.891394],[2.386268,48.891448],[2.386355,48.891491],[2.386395,48.891511],[2.386495,48.891413]]],[[[2.383924,48.893079],[2.383939,48.892985],[2.383857,48.893114],[2.383924,48.893079]]],[[[2.38009,48.894107],[2.379972,48.894012],[2.379963,48.894017],[2.380088,48.894112],[2.38009,48.894107]]],[[[2.380269,48.894268],[2.380288,48.894238],[2.380261,48.894251],[2.380221,48.894214],[2.380269,48.894268]]]],"type":"MultiPolygon"},"properties":{"id_projet":"ELEMENTAIRES (année scolaire 2020/2021)","libelle":"G.BARBANEGRE(7)A/B","zone_commune":1,"etiquette":"Secteur commun des écoles \n7 RUE BARBANEGRE (A) \n7 RUE BARBANEGRE (B)","lib_etab_1":"BARBANEGRE (7) ELEM B","lib_etab_2":"BARBANEGRE (7) ELEM A","lib_etab_3":null,"lib_etab_4":null,"adr_etab_1":"7 RUE BARBANEGRE (A)","adr_etab_2":"7 RUE BARBANEGRE (B)","adr_etab_3":null,"adr_etab_4":null,"annee_scol":"2020-2021","st_area_shape":431837.0285068161,"st_perimeter_shape":10053.96565736721,"type_etabl":null,"geo_point_2d":{"lon":2.3872162631654854,"lat":48.89467807073323}}},{"type":"Feature","geometry":{"coordinates":[[[[2.380541,48.882205],[2.380898,48.881732],[2.380155,48.882198],[2.378598,48.881582],[2.37821,48.881998],[2.375914,48.881415],[2.374942,48.882335],[2.375629,48.882716],[2.380281,48.882498],[2.380541,48.882205]]],[[[2.378854,48.884288],[2.380111,48.882686],[2.37601,48.88293],[2.378854,48.884288]]],[[[2.383066,48.884735],[2.383268,48.884486],[2.382987,48.884294],[2.382805,48.88458],[2.382386,48.884338],[2.382074,48.884552],[2.382389,48.884018],[2.382882,48.884359],[2.383257,48.883785],[2.384052,48.884195],[2.382428,48.882964],[2.382141,48.883449],[2.382385,48.883604],[2.382013,48.883664],[2.381386,48.884724],[2.383066,48.884735]]],[[[2.379548,48.884066],[2.380732,48.882864],[2.381433,48.882636],[2.380333,48.882689],[2.378876,48.884489],[2.379625,48.884614],[2.379357,48.88433],[2.379548,48.884066]]],[[[2.381262,48.884635],[2.381884,48.883586],[2.381268,48.88335],[2.381341,48.88393],[2.380069,48.884624],[2.381262,48.884635]]],[[[2.373574,48.882814],[2.373379,48.882617],[2.37372,48.88271],[2.374404,48.882219],[2.373892,48.882148],[2.372597,48.882807],[2.371791,48.882868],[2.373574,48.882814]]],[[[2.374097,48.883035],[2.371952,48.883086],[2.373405,48.883469],[2.374097,48.883035]]],[[[2.376492,48.883546],[2.376799,48.883517],[2.375692,48.882949],[2.375189,48.883297],[2.37624,48.883742],[2.376492,48.883546]]],[[[2.37392,48.88343],[2.374822,48.883402],[2.375592,48.8829],[2.37447,48.882954],[2.37392,48.88343]]],[[[2.379196,48.884871],[2.377834,48.884088],[2.377312,48.884473],[2.379196,48.884871]]],[[[2.381527,48.882348],[2.381088,48.882236],[2.381009,48.881855],[2.380513,48.882465],[2.381527,48.882348]]],[[[2.37739,48.884335],[2.377767,48.884057],[2.377012,48.883636],[2.377165,48.884365],[2.37739,48.884335]]],[[[2.374937,48.882502],[2.374442,48.882324],[2.373924,48.882732],[2.374937,48.882502]]],[[[2.38199,48.883265],[2.382287,48.882903],[2.381768,48.882739],[2.381521,48.883116],[2.38199,48.883265]]],[[[2.383585,48.883118],[2.382848,48.882656],[2.382652,48.882826],[2.383462,48.883457],[2.383585,48.883118]]],[[[2.371295,48.882721],[2.371214,48.882652],[2.37119,48.882633],[2.371128,48.882665],[2.371069,48.882607],[2.370979,48.882654],[2.370928,48.882606],[2.370782,48.882687],[2.370691,48.88262],[2.370551,48.882519],[2.370517,48.882543],[2.370516,48.882689],[2.370536,48.882708],[2.370541,48.882714],[2.370544,48.882715],[2.370627,48.882736],[2.370671,48.882748],[2.37076,48.882771],[2.370879,48.882802],[2.371128,48.882867],[2.371321,48.882918],[2.371307,48.882731],[2.371295,48.882721]]],[[[2.383925,48.883694],[2.38369,48.883635],[2.383835,48.883748],[2.383959,48.883844],[2.38408,48.883939],[2.384216,48.884045],[2.384257,48.884044],[2.38438,48.883936],[2.384279,48.883884],[2.384254,48.883871],[2.384229,48.883858],[2.384237,48.883845],[2.384266,48.8838],[2.384275,48.883784],[2.384146,48.883752],[2.384131,48.883748],[2.384105,48.88374],[2.384064,48.88373],[2.384047,48.883726],[2.383969,48.883706],[2.383925,48.883694]]]],"type":"MultiPolygon"},"properties":{"id_projet":"ELEMENTAIRES (année scolaire 2020/2021)","libelle":"ARMAND CARREL (43) ELEM","zone_commune":0,"etiquette":"Secteur de l'école 43 RUE ARMAND CARREL","lib_etab_1":"ARMAND CARREL (43) ELEM","lib_etab_2":null,"lib_etab_3":null,"lib_etab_4":null,"adr_etab_1":"43 RUE ARMAND CARREL","adr_etab_2":null,"adr_etab_3":null,"adr_etab_4":null,"annee_scol":"2020-2021","st_area_shape":124028.894071251,"st_perimeter_shape":7636.091643602531,"type_etabl":null,"geo_point_2d":{"lon":2.378413596418995,"lat":48.883114092495894}}},{"type":"Feature","geometry":{"coordinates":[[[2.391132,48.888112],[2.391789,48.887204],[2.391506,48.887158],[2.391132,48.888112]]],"type":"Polygon"},"properties":{"id_projet":"ELEMENTAIRES (année scolaire 2021/2022)","libelle":"Z. MANIN(30)/MANIN(40B)/JEAN JAURES(160)","zone_commune":1,"etiquette":"Secteur commun des écoles \n30 RUE MANIN \n40 bis RUE MANIN\n160 AVENUE JEAN JAURES","lib_etab_1":"MANIN (30) ELEM B","lib_etab_2":"MANIN (40B) ELEM","lib_etab_3":"JEAN JAURES (160) ELEM","lib_etab_4":null,"adr_etab_1":"30 RUE MANIN","adr_etab_2":"40 bis RUE MANIN","adr_etab_3":"160 AVENUE JEAN JAURES","adr_etab_4":null,"annee_scol":"2021-2022","st_area_shape":2031.055510961176,"st_perimeter_shape":267.8779237073848,"type_etabl":"Elémentaire","geo_point_2d":{"lon":2.3914537634655084,"lat":48.88760972864151}}},{"type":"Feature","geometry":{"coordinates":[[[[2.373962,48.898933],[2.37137,48.898879],[2.371337,48.899639],[2.373926,48.89969],[2.373962,48.898933]]],[[[2.371833,48.90128],[2.37038,48.90148],[2.37077,48.90187],[2.371997,48.901896],[2.371833,48.90128]]],[[[2.373329,48.901925],[2.372537,48.901012],[2.37209,48.901089],[2.372806,48.901913],[2.373329,48.901925]]],[[[2.374262,48.89894],[2.374214,48.899697],[2.375035,48.899712],[2.374262,48.89894]]],[[[2.37123,48.89846],[2.371252,48.898004],[2.370611,48.898295],[2.37123,48.89846]]],[[[2.372611,48.901909],[2.372274,48.901671],[2.372174,48.901702],[2.372159,48.9019],[2.372611,48.901909]]]],"type":"MultiPolygon"},"properties":{"id_projet":"ELEMENTAIRES (année scolaire 2021/2022)","libelle":"EMILE BOLLAERT (53) POLY","zone_commune":0,"etiquette":"Secteur de l'école 53 RUE EMILE BOLLAERT","lib_etab_1":"EMILE BOLLAERT (53) POLY","lib_etab_2":null,"lib_etab_3":null,"lib_etab_4":null,"adr_etab_1":"53 RUE EMILE BOLLAERT","adr_etab_2":null,"adr_etab_3":null,"adr_etab_4":null,"annee_scol":"2021-2022","st_area_shape":31724.548741265437,"st_perimeter_shape":1714.104449995393,"type_etabl":"Elémentaire","geo_point_2d":{"lon":2.372414990657024,"lat":48.90011635284078}}},{"type":"Feature","geometry":{"coordinates":[[[[2.370774,48.901868],[2.370505,48.901801],[2.370537,48.901865],[2.37077,48.90187],[2.370774,48.901868]]],[[[2.388398,48.901413],[2.388393,48.901407],[2.388297,48.901426],[2.388298,48.901432],[2.388333,48.901425],[2.388341,48.901424],[2.388398,48.901413]]]],"type":"MultiPolygon"},"properties":{"id_projet":"ELEMENTAIRES (année scolaire 2022/2023)","libelle":"Z. BOLLAERT(53)/MACDONALD(118)/MACDONALD(141)","zone_commune":1,"etiquette":"Secteur commun des écoles \n53 RUE EMILE BOLLAERT \n118 BOULEVARD MACDONALD\n141 BOULEVARD MACDONALD","lib_etab_1":"EMILE BOLLAERT (53) POLY","lib_etab_2":"MACDONALD (118) POLY","lib_etab_3":"MACDONALD (141) POLY","lib_etab_4":null,"adr_etab_1":"53 RUE EMILE BOLLAERT","adr_etab_2":"118 BOULEVARD MACDONALD","adr_etab_3":"141 BOULEVARD MACDONALD","adr_etab_4":null,"annee_scol":"2022-2023","st_area_shape":68.36606116754395,"st_perimeter_shape":62.34280373528086,"type_etabl":"Elémentaire","geo_point_2d":{"lon":2.371972008319028,"lat":48.901812454582}}},{"type":"Feature","geometry":{"coordinates":[[[[2.375307,48.892113],[2.376716,48.893355],[2.378678,48.892399],[2.376746,48.890901],[2.375307,48.892113]]],[[[2.370633,48.897673],[2.370862,48.897305],[2.374216,48.896891],[2.371645,48.895869],[2.370642,48.89675],[2.370633,48.897673]]],[[[2.370412,48.894055],[2.372987,48.893274],[2.372516,48.892251],[2.370988,48.892706],[2.371354,48.89326],[2.370708,48.89345],[2.370863,48.893728],[2.370111,48.89399],[2.370412,48.894055]]],[[[2.372966,48.892741],[2.374196,48.892348],[2.374523,48.89252],[2.37489,48.892138],[2.373566,48.891203],[2.373766,48.891452],[2.372557,48.89184],[2.372966,48.892741]]],[[[2.375268,48.892415],[2.373617,48.893646],[2.376553,48.893463],[2.375268,48.892415]]],[[[2.370633,48.897673],[2.370611,48.898295],[2.371252,48.898004],[2.371271,48.897662],[2.377219,48.897708],[2.372707,48.897435],[2.370805,48.897449],[2.370633,48.897673]]],[[[2.371854,48.895148],[2.373017,48.893917],[2.370591,48.894536],[2.371854,48.895148]]],[[[2.371455,48.894191],[2.373171,48.893681],[2.372985,48.893377],[2.371462,48.893818],[2.370263,48.894185],[2.370521,48.894441],[2.371455,48.894191]]],[[[2.377887,48.893686],[2.37692,48.893521],[2.378517,48.894909],[2.378983,48.894266],[2.377887,48.893686]]],[[[2.374419,48.891507],[2.375102,48.891993],[2.376525,48.890702],[2.374833,48.8916],[2.374012,48.891123],[2.374419,48.891507]]],[[[2.374556,48.894298],[2.3751,48.893769],[2.375626,48.893763],[2.373515,48.893786],[2.374556,48.894298]]],[[[2.373381,48.893101],[2.374423,48.892554],[2.373049,48.892923],[2.373381,48.893101]]],[[[2.372453,48.891611],[2.373636,48.891404],[2.373484,48.891218],[2.372394,48.891415],[2.372453,48.891611]]],[[[2.373337,48.893553],[2.374014,48.892981],[2.373221,48.893265],[2.373337,48.893553]]],[[[2.371689,48.891971],[2.37247,48.892151],[2.37233,48.891845],[2.371689,48.891971]]],[[[2.382289,48.890364],[2.382355,48.89044],[2.382554,48.890267],[2.382551,48.890266],[2.382289,48.890364]]],[[[2.375397,48.889249],[2.3754,48.889252],[2.375681,48.889124],[2.375679,48.889121],[2.375397,48.889249]]]],"type":"MultiPolygon"},"properties":{"id_projet":"ELEMENTAIRES (année scolaire 2022/2023)","libelle":"G.OURCQ(105)A/(105B)B","zone_commune":1,"etiquette":"Secteur commun des écoles \n105 bis RUE DE L'OURCQ (ECOLE B) (A) \n105 bis RUE DE L'OURCQ (ECOLE B) (B","lib_etab_1":"OURCQ (105B) ELEM A","lib_etab_2":"OURCQ (105B) ELEM B","lib_etab_3":null,"lib_etab_4":null,"adr_etab_1":"105 bis RUE DE L'OURCQ (ECOLE B) (A)","adr_etab_2":"105 bis RUE DE L'OURCQ (ECOLE B) (B)","adr_etab_3":null,"adr_etab_4":null,"annee_scol":"2022-2023","st_area_shape":162892.6722921505,"st_perimeter_shape":7957.994928303144,"type_etabl":"Elémentaire","geo_point_2d":{"lon":2.374077807869104,"lat":48.89374738444224}}},{"type":"Feature","geometry":{"coordinates":[[[[2.389154,48.897348],[2.392167,48.896884],[2.394053,48.895393],[2.386955,48.891994],[2.387317,48.891082],[2.387642,48.891241],[2.387988,48.890923],[2.387097,48.890613],[2.386209,48.892059],[2.387205,48.892477],[2.38643,48.892739],[2.384328,48.896103],[2.385652,48.897329],[2.389154,48.897348]]],[[[2.382724,48.893552],[2.383854,48.892928],[2.382364,48.891739],[2.38021,48.893015],[2.381758,48.894229],[2.382724,48.893552]]],[[[2.381493,48.892117],[2.383665,48.890873],[2.383026,48.890595],[2.382174,48.890771],[2.379299,48.892296],[2.380125,48.892945],[2.381493,48.892117]]],[[[2.390921,48.898266],[2.390509,48.897594],[2.385973,48.897704],[2.387382,48.898594],[2.390921,48.898266]]],[[[2.384042,48.891005],[2.382556,48.891706],[2.383926,48.892814],[2.384499,48.89129],[2.384042,48.891005]]],[[[2.396289,48.896642],[2.396346,48.896252],[2.394979,48.895993],[2.394645,48.897347],[2.395882,48.897314],[2.396289,48.896642]]],[[[2.383768,48.894132],[2.382553,48.894693],[2.383626,48.895597],[2.384248,48.8946],[2.383768,48.894132]]],[[[2.382469,48.895196],[2.382106,48.894897],[2.383519,48.894009],[2.383375,48.893749],[2.381866,48.894309],[2.3823,48.894639],[2.381994,48.895089],[2.382469,48.895196]]],[[[2.384993,48.891746],[2.384665,48.891371],[2.384074,48.892932],[2.385238,48.892379],[2.384993,48.891746]]],[[[2.393607,48.89729],[2.394031,48.895882],[2.392694,48.897068],[2.393607,48.89729]]],[[[2.385214,48.89305],[2.385375,48.892443],[2.384242,48.893071],[2.38463,48.893381],[2.385214,48.89305]]],[[[2.385412,48.89056],[2.384968,48.890736],[2.386187,48.891284],[2.386226,48.890826],[2.385412,48.89056]]],[[[2.384415,48.893379],[2.384069,48.89314],[2.383438,48.893692],[2.3837,48.893907],[2.384415,48.893379]]],[[[2.38461,48.893561],[2.383786,48.893977],[2.384352,48.894341],[2.38461,48.893561]]],[[[2.384621,48.890542],[2.383822,48.889587],[2.383646,48.890133],[2.384621,48.890542]]],[[[2.392492,48.89736],[2.391955,48.897329],[2.391251,48.897482],[2.39127,48.89755],[2.39142,48.897541],[2.392103,48.897501],[2.39236,48.897486],[2.392491,48.897409],[2.392492,48.89736]]],[[[2.383235,48.895844],[2.38256,48.89531],[2.382568,48.89565],[2.383235,48.895844]]],[[[2.383666,48.889559],[2.383216,48.889864],[2.383518,48.890011],[2.383666,48.889559]]],[[[2.38297,48.890472],[2.382686,48.890332],[2.382389,48.89059],[2.382412,48.890611],[2.382962,48.890499],[2.38297,48.890472]]],[[[2.385067,48.893287],[2.385034,48.893271],[2.384735,48.893439],[2.384732,48.893466],[2.384855,48.893566],[2.384894,48.893562],[2.385067,48.893287]]],[[[2.386495,48.891413],[2.386462,48.891389],[2.386376,48.891346],[2.386326,48.891396],[2.386323,48.891394],[2.386268,48.891448],[2.386355,48.891491],[2.386395,48.891511],[2.386495,48.891413]]],[[[2.383924,48.893079],[2.383939,48.892985],[2.383857,48.893114],[2.383924,48.893079]]],[[[2.38009,48.894107],[2.379972,48.894012],[2.379963,48.894017],[2.380088,48.894112],[2.38009,48.894107]]],[[[2.380269,48.894268],[2.380288,48.894238],[2.380261,48.894251],[2.380221,48.894214],[2.380269,48.894268]]]],"type":"MultiPolygon"},"properties":{"id_projet":"ELEMENTAIRES (année scolaire 2022/2023)","libelle":"G.BARBANEGRE(7)A/B","zone_commune":1,"etiquette":"Secteur commun des écoles \n7 RUE BARBANEGRE (A) \n7 RUE BARBANEGRE (B)","lib_etab_1":"BARBANEGRE (7) ELEM B","lib_etab_2":"BARBANEGRE (7) ELEM A","lib_etab_3":null,"lib_etab_4":null,"adr_etab_1":"7 RUE BARBANEGRE (A)","adr_etab_2":"7 RUE BARBANEGRE (B)","adr_etab_3":null,"adr_etab_4":null,"annee_scol":"2022-2023","st_area_shape":431837.0285068161,"st_perimeter_shape":10053.96565736721,"type_etabl":"Elémentaire","geo_point_2d":{"lon":2.3872162631654854,"lat":48.89467807073323}}},{"type":"Feature","geometry":{"coordinates":[[[2.386356,48.887248],[2.386294,48.887242],[2.386334,48.887164],[2.386276,48.887149],[2.386219,48.887248],[2.386118,48.887211],[2.385957,48.887499],[2.386193,48.887559],[2.386237,48.887486],[2.386248,48.887468],[2.386251,48.887468],[2.386322,48.887359],[2.386339,48.887335],[2.386353,48.887312],[2.386358,48.887313],[2.386363,48.887305],[2.38639,48.887262],[2.386389,48.887258],[2.386356,48.887249],[2.386356,48.887248]]],"type":"Polygon"},"properties":{"id_projet":"ELEMENTAIRES (année scolaire 2022/2023)","libelle":"TANDOU (9) / TANDOU (16) / JEAN JAURES (160)","zone_commune":1,"etiquette":"Secteur commun des écoles \n9 RUE TANDOU \n16 RUE TANDOU\n160 AVENUE JEAN JAURES","lib_etab_1":"TANDOU (9) ELEM","lib_etab_2":"TANDOU (16) POLY","lib_etab_3":"JEAN JAURES (160) ELEM","lib_etab_4":null,"adr_etab_1":"9 RUE TANDOU","adr_etab_2":"16 RUE TANDOU","adr_etab_3":"160 AVENUE JEAN JAURES","adr_etab_4":null,"annee_scol":"2022-2023","st_area_shape":723.6772522984592,"st_perimeter_shape":131.16757025235472,"type_etabl":"Elémentaire","geo_point_2d":{"lon":2.3861742267385986,"lat":48.88736936842264}}},{"type":"Feature","geometry":{"coordinates":[[[[2.384135,48.888056],[2.382237,48.88746],[2.382863,48.886617],[2.38255,48.886337],[2.381755,48.8866],[2.382173,48.887208],[2.381528,48.886674],[2.381998,48.887226],[2.380903,48.887159],[2.384135,48.888056]]],[[[2.384134,48.884473],[2.384199,48.884379],[2.384255,48.884299],[2.384223,48.884287],[2.384159,48.884364],[2.384141,48.884357],[2.384083,48.884463],[2.384044,48.884456],[2.383949,48.884613],[2.384021,48.884635],[2.384134,48.884473]]],[[[2.385037,48.884696],[2.385176,48.884193],[2.385698,48.884246],[2.385566,48.884807],[2.385973,48.884834],[2.385876,48.884063],[2.384735,48.883813],[2.384377,48.884313],[2.384704,48.88483],[2.384865,48.884626],[2.384831,48.884948],[2.385037,48.884696]]],[[[2.383864,48.884859],[2.383951,48.884735],[2.383867,48.88471],[2.383865,48.884709],[2.383837,48.884717],[2.383819,48.884742],[2.383818,48.884743],[2.383802,48.884738],[2.383798,48.884737],[2.383768,48.884781],[2.383743,48.884816],[2.383736,48.884826],[2.383712,48.88482],[2.383666,48.884808],[2.383627,48.884855],[2.38375,48.885023],[2.383803,48.884947],[2.383842,48.884891],[2.383864,48.884859]]],[[[2.384226,48.884562],[2.383879,48.885051],[2.384245,48.884895],[2.384226,48.884562]]],[[[2.383288,48.885678],[2.38365,48.885118],[2.382991,48.885603],[2.383062,48.886001],[2.383288,48.885678]]],[[[2.383262,48.886029],[2.383975,48.88595],[2.383777,48.885214],[2.383262,48.886029]]],[[[2.38091,48.885923],[2.380502,48.885815],[2.380281,48.886317],[2.380559,48.886449],[2.38091,48.885923]]],[[[2.381804,48.886483],[2.381928,48.886442],[2.382057,48.8864],[2.382197,48.886353],[2.382322,48.886313],[2.382614,48.886216],[2.382614,48.886209],[2.382082,48.886197],[2.38213,48.88622],[2.381974,48.88636],[2.381964,48.886355],[2.381958,48.886352],[2.381854,48.886407],[2.381844,48.886403],[2.381777,48.886469],[2.381736,48.886448],[2.381725,48.88651],[2.381804,48.886483]]],[[[2.386355,48.887338],[2.386624,48.887249],[2.386615,48.887237],[2.386463,48.887198],[2.3864,48.887181],[2.386396,48.88718],[2.386334,48.887164],[2.386294,48.887242],[2.386356,48.887248],[2.386356,48.887249],[2.386389,48.887258],[2.38639,48.887262],[2.386363,48.887305],[2.386358,48.887313],[2.386353,48.887312],[2.386339,48.887335],[2.386355,48.887338]]],[[[2.380014,48.887752],[2.380236,48.887557],[2.3798,48.887452],[2.380035,48.887249],[2.380275,48.887524],[2.38105,48.886815],[2.379314,48.887023],[2.379493,48.88714],[2.379152,48.887451],[2.380014,48.887752]]],[[[2.38177,48.887811],[2.38229,48.887685],[2.380809,48.887234],[2.38177,48.887811]]],[[[2.385957,48.887499],[2.386276,48.887149],[2.384879,48.886631],[2.384926,48.887374],[2.385462,48.887545],[2.385238,48.887901],[2.385678,48.888022],[2.385957,48.887499]]]],"type":"MultiPolygon"},"properties":{"id_projet":"ELEMENTAIRES (année scolaire 2023/2024)","libelle":"TANDOU (16) POLY","zone_commune":0,"etiquette":"Secteur de l'école 16 RUE TANDOU","lib_etab_1":"TANDOU (16) POLY","lib_etab_2":null,"lib_etab_3":null,"lib_etab_4":null,"adr_etab_1":"16 RUE TANDOU","adr_etab_2":null,"adr_etab_3":null,"adr_etab_4":null,"annee_scol":"2023-2024","st_area_shape":41569.59916407881,"st_perimeter_shape":4176.958165642832,"type_etabl":"Elémentaire","geo_point_2d":{"lon":2.3829991075787986,"lat":48.886449948475374}}},{"type":"Feature","geometry":{"coordinates":[[[[2.384668,48.875907],[2.38525,48.875884],[2.385396,48.87671],[2.385864,48.876724],[2.385686,48.875162],[2.386171,48.874428],[2.385752,48.874731],[2.385622,48.874204],[2.383808,48.875577],[2.383596,48.875853],[2.383913,48.876719],[2.38496,48.876752],[2.384668,48.875907]]],[[[2.385855,48.875337],[2.386204,48.87529],[2.386278,48.874531],[2.385855,48.875337]]],[[[2.383895,48.875368],[2.385475,48.874206],[2.384659,48.874168],[2.3838,48.874611],[2.383307,48.875309],[2.382638,48.875304],[2.38355,48.87571],[2.383895,48.875368]]],[[[2.386506,48.876579],[2.387314,48.876305],[2.386797,48.876459],[2.386604,48.876055],[2.386134,48.876114],[2.386619,48.875675],[2.385792,48.875383],[2.385975,48.876578],[2.386506,48.876579]]],[[[2.383704,48.876465],[2.383476,48.875807],[2.382505,48.875419],[2.382043,48.875644],[2.383069,48.876848],[2.383782,48.876716],[2.383704,48.876465]]],[[[2.385945,48.877119],[2.386925,48.876992],[2.386813,48.876675],[2.387382,48.876462],[2.385385,48.876819],[2.385525,48.877476],[2.385945,48.877119]]],[[[2.381921,48.875746],[2.381334,48.876598],[2.38131,48.877518],[2.382823,48.876881],[2.381921,48.875746]]],[[[2.387362,48.877689],[2.387832,48.877262],[2.386837,48.877437],[2.386958,48.877851],[2.387362,48.877689]]],[[[2.383261,48.877828],[2.384651,48.87796],[2.385177,48.877662],[2.385448,48.877888],[2.385119,48.876866],[2.382582,48.877193],[2.383022,48.878105],[2.383261,48.877828]],[[2.38469,48.877872],[2.384688,48.87788],[2.384688,48.877879],[2.38469,48.877872]]],[[[2.386618,48.877507],[2.385783,48.877616],[2.38581,48.878161],[2.386618,48.877507]]],[[[2.381926,48.878095],[2.382824,48.87816],[2.38228,48.877334],[2.381415,48.877791],[2.381785,48.878259],[2.381926,48.878095]]]],"type":"MultiPolygon"},"properties":{"id_projet":"ELEMENTAIRES (année scolaire 2023/2024)","libelle":"ALOUETTES (5) ELEM","zone_commune":0,"etiquette":"Secteur de l'école 5 RUE DES ALOUETTES","lib_etab_1":"ALOUETTES (5) ELEM","lib_etab_2":null,"lib_etab_3":null,"lib_etab_4":null,"adr_etab_1":"5 RUE DES ALOUETTES","adr_etab_2":null,"adr_etab_3":null,"adr_etab_4":null,"annee_scol":"2023-2024","st_area_shape":102869.1899754879,"st_perimeter_shape":5497.572362979616,"type_etabl":"Elémentaire","geo_point_2d":{"lon":2.3841693303691356,"lat":48.876382234896525}}},{"type":"Feature","geometry":{"coordinates":[[[[2.37542,48.889937],[2.373734,48.888619],[2.373263,48.88919],[2.372602,48.88906],[2.37281,48.889457],[2.372282,48.889832],[2.373866,48.890963],[2.375946,48.890589],[2.37542,48.889937]]],[[[2.376449,48.888918],[2.374363,48.888401],[2.375356,48.889217],[2.376124,48.888832],[2.3754,48.889252],[2.376004,48.889727],[2.376449,48.888918]]],[[[2.372685,48.889325],[2.37249,48.8891],[2.37166,48.88936],[2.372191,48.889763],[2.372685,48.889325]]],[[[2.371794,48.889736],[2.372609,48.890491],[2.37274,48.890862],[2.372389,48.891216],[2.373397,48.891048],[2.371794,48.889736]]],[[[2.37523,48.891423],[2.376531,48.890697],[2.374078,48.891111],[2.374833,48.8916],[2.37523,48.891423]]]],"type":"MultiPolygon"},"properties":{"id_projet":"ELEMENTAIRES (année scolaire 2024/2025)","libelle":"MATHIS (14) ELEM","zone_commune":0,"etiquette":"Secteur de l'école 14 RUE MATHIS","lib_etab_1":"MATHIS (14) ELEM","lib_etab_2":null,"lib_etab_3":null,"lib_etab_4":null,"adr_etab_1":"14 RUE MATHIS","adr_etab_2":null,"adr_etab_3":null,"adr_etab_4":null,"annee_scol":"2024-2025","st_area_shape":58494.139217646,"st_perimeter_shape":2794.5817737552675,"type_etabl":"Elémentaire","geo_point_2d":{"lon":2.374193438120934,"lat":48.88997736376546}}},{"type":"Feature","geometry":{"coordinates":[[[[2.379598,48.889946],[2.379462,48.889858],[2.379192,48.890018],[2.379207,48.890183],[2.379228,48.890202],[2.379276,48.890178],[2.37936,48.890135],[2.379426,48.890101],[2.379378,48.89006],[2.37938,48.890059],[2.379598,48.889946]]],[[[2.378708,48.889265],[2.37859,48.889206],[2.378573,48.889208],[2.378577,48.889472],[2.378818,48.88932],[2.378708,48.889265]]],[[[2.378346,48.889715],[2.378127,48.889583],[2.377992,48.889701],[2.37799,48.889703],[2.378192,48.889859],[2.378346,48.889715]]]],"type":"MultiPolygon"},"properties":{"id_projet":"ELEMENTAIRES (année scolaire 2024/2025)","libelle":"Z.MATHIS/JOMARD","zone_commune":1,"etiquette":"Secteur commun des écoles \n9 RUE JOMARD \n14 RUE MATHIS","lib_etab_1":"JOMARD (9) ELEM","lib_etab_2":"MATHIS (14) ELEM","lib_etab_3":null,"lib_etab_4":null,"adr_etab_1":"9 RUE JOMARD","adr_etab_2":"14 RUE MATHIS","adr_etab_3":null,"adr_etab_4":null,"annee_scol":"2024-2025","st_area_shape":1178.3922246137304,"st_perimeter_shape":263.3052966502349,"type_etabl":"Elémentaire","geo_point_2d":{"lon":2.3787935330791092,"lat":48.889759242139974}}},{"type":"Feature","geometry":{"coordinates":[[[2.39027,48.883602],[2.389899,48.883445],[2.38989,48.883453],[2.389904,48.88346],[2.389738,48.883633],[2.390106,48.883781],[2.390172,48.883709],[2.39027,48.883602]]],"type":"Polygon"},"properties":{"id_projet":"4907","libelle":"Z.MANIN A(40 T) ET B(30)/COMPANS A(106)/BRUNET B(7)","zone_commune":1,"etiquette":"Secteur commun des écoles \n106 RUE COMPANS \n7 RUE DU GENERAL BRUNET\n30 RUE MANIN\n40 bis RUE MANIN","lib_etab_1":"COMPANS (106) ELEM A","lib_etab_2":"GENERAL BRUNET (7) ELEM","lib_etab_3":"MANIN (30) ELEM B","lib_etab_4":"MANIN (40B) ELEM","adr_etab_1":"106 RUE COMPANS","adr_etab_2":"7 RUE DU GENERAL BRUNET","adr_etab_3":"30 RUE MANIN","adr_etab_4":"40 bis RUE MANIN","annee_scol":"2025-2026","st_area_shape":742.345269751267,"st_perimeter_shape":112.46674055901802,"type_etabl":"Elémentaire","geo_point_2d":{"lon":2.39000512969017,"lat":48.88361603124395}}},{"type":"Feature","geometry":{"coordinates":[[[[2.39492,48.889668],[2.388258,48.892646],[2.393897,48.895341],[2.39506,48.891052],[2.395273,48.889854],[2.39492,48.889668]]],[[[2.403003,48.877414],[2.403006,48.877409],[2.402832,48.877445],[2.402834,48.877448],[2.403003,48.877414]]],[[[2.397083,48.88313],[2.40029,48.882241],[2.400436,48.881771],[2.399785,48.880671],[2.399228,48.880476],[2.397243,48.881628],[2.39648,48.883006],[2.396967,48.883092],[2.396913,48.88346],[2.397083,48.88313]]],[[[2.399491,48.883445],[2.400972,48.882226],[2.401067,48.881174],[2.40022,48.880973],[2.400836,48.881794],[2.400468,48.882492],[2.398014,48.883063],[2.397375,48.883493],[2.398516,48.883782],[2.399339,48.883376],[2.39897,48.883861],[2.399491,48.883445]]],[[[2.396801,48.883823],[2.396767,48.883786],[2.396614,48.883953],[2.396722,48.884026],[2.396726,48.884025],[2.396801,48.883823]]],[[[2.395926,48.884036],[2.395733,48.883879],[2.395799,48.884214],[2.395926,48.884036]]],[[[2.397676,48.883914],[2.397197,48.883897],[2.397065,48.884242],[2.397948,48.884064],[2.397676,48.883914]]],[[[2.39498,48.884125],[2.39486,48.88399],[2.394719,48.884418],[2.394761,48.884493],[2.394868,48.884468],[2.394882,48.884424],[2.39498,48.884125]]],[[[2.400109,48.883812],[2.399068,48.884715],[2.399552,48.884811],[2.400109,48.883812]]],[[[2.386464,48.884763],[2.386452,48.884761],[2.386451,48.884768],[2.386464,48.884763]]],[[[2.385975,48.884834],[2.385973,48.884834],[2.385942,48.884845],[2.385985,48.88485],[2.385993,48.884838],[2.385975,48.884834]]],[[[2.38482,48.885144],[2.384813,48.885144],[2.384815,48.88519],[2.38482,48.885191],[2.38482,48.885144]]],[[[2.395244,48.885295],[2.395312,48.884719],[2.39476,48.884746],[2.394681,48.885035],[2.395244,48.885295]]],[[[2.394727,48.885221],[2.394514,48.885679],[2.39528,48.885531],[2.394727,48.885221]]],[[[2.396371,48.88527],[2.396645,48.884244],[2.395993,48.88457],[2.395666,48.885491],[2.396303,48.885736],[2.396371,48.88527]]],[[[2.398341,48.885859],[2.39921,48.88585],[2.399468,48.88496],[2.398814,48.884847],[2.398183,48.885612],[2.398341,48.885859]]],[[[2.398901,48.883904],[2.397079,48.884543],[2.396866,48.886034],[2.398901,48.883904]]],[[[2.395377,48.886205],[2.396274,48.885937],[2.395557,48.885605],[2.395377,48.886205]]],[[[2.394833,48.88587],[2.394502,48.885857],[2.39448,48.886211],[2.395093,48.886229],[2.394833,48.88587]]],[[[2.393246,48.886266],[2.393056,48.886227],[2.393051,48.886251],[2.393045,48.88628],[2.39327,48.886301],[2.393246,48.886266]]],[[[2.393736,48.886299],[2.393617,48.886245],[2.393517,48.88632],[2.393727,48.886339],[2.39373,48.886333],[2.393732,48.886326],[2.393734,48.886318],[2.393736,48.88631],[2.393736,48.886304],[2.393736,48.886299]]],[[[2.399208,48.886128],[2.399209,48.88598],[2.399109,48.885988],[2.39904,48.885999],[2.399019,48.886026],[2.399071,48.886168],[2.399122,48.886304],[2.399135,48.886338],[2.399143,48.886358],[2.39917,48.886434],[2.399205,48.886523],[2.399206,48.886347],[2.399207,48.886289],[2.399207,48.886285],[2.399207,48.886239],[2.399208,48.886128]]],[[[2.398291,48.887723],[2.399196,48.887579],[2.398824,48.88603],[2.398297,48.886103],[2.398291,48.887723]]],[[[2.395705,48.888037],[2.396158,48.886481],[2.394456,48.886613],[2.395705,48.888037]]],[[[2.399191,48.888229],[2.399195,48.887671],[2.398186,48.887831],[2.398095,48.888421],[2.399191,48.888229]]],[[[2.393128,48.886435],[2.392895,48.886443],[2.393206,48.886618],[2.392839,48.887593],[2.393104,48.887755],[2.393088,48.888597],[2.393657,48.887197],[2.393128,48.886435]]],[[[2.394933,48.889092],[2.395396,48.888898],[2.395518,48.888462],[2.393991,48.886755],[2.394824,48.888514],[2.393808,48.887289],[2.393353,48.888461],[2.394399,48.888511],[2.394417,48.888967],[2.394741,48.888673],[2.394933,48.889092]],[[2.394961,48.888638],[2.394963,48.888622],[2.395243,48.888653],[2.394958,48.888659],[2.394961,48.888638]]],[[[2.398585,48.888777],[2.398556,48.888539],[2.398079,48.888593],[2.398014,48.889356],[2.39866,48.88941],[2.398585,48.888777]]],[[[2.398012,48.8862],[2.397636,48.886189],[2.396931,48.888742],[2.397331,48.889453],[2.397744,48.889313],[2.398012,48.8862]]],[[[2.397983,48.889564],[2.397733,48.88984],[2.398844,48.890128],[2.398941,48.889598],[2.397983,48.889564]]],[[[2.397212,48.890242],[2.396324,48.890949],[2.395297,48.895139],[2.397046,48.895382],[2.39759,48.894625],[2.398253,48.891275],[2.397884,48.890443],[2.397212,48.890242]]]],"type":"MultiPolygon"},"properties":{"id_projet":"ELEMENTAIRES (année scolaire 2024/2025)","libelle":"CHEMINETS (16) ELEM","zone_commune":0,"etiquette":"Secteur de l'école 16 RUE DES CHEMINETS","lib_etab_1":"CHEMINETS (16) ELEM","lib_etab_2":null,"lib_etab_3":null,"lib_etab_4":null,"adr_etab_1":"16 RUE DES CHEMINETS","adr_etab_2":null,"adr_etab_3":null,"adr_etab_4":null,"annee_scol":"2024-2025","st_area_shape":413762.4337667966,"st_perimeter_shape":12689.934527008118,"type_etabl":"Elémentaire","geo_point_2d":{"lon":2.395520055731345,"lat":48.88939124393978}}},{"type":"Feature","geometry":{"coordinates":[[[[2.389799,48.885957],[2.390056,48.884464],[2.387548,48.884302],[2.386991,48.885611],[2.389799,48.885957]]],[[[2.38721,48.882862],[2.387136,48.882219],[2.387846,48.881905],[2.388152,48.88082],[2.386009,48.882692],[2.38721,48.882862]]],[[[2.38779,48.883329],[2.387764,48.883311],[2.3875,48.883439],[2.38754,48.883446],[2.387587,48.883455],[2.387728,48.883482],[2.387748,48.883434],[2.38779,48.883329]]],[[[2.38443,48.883893],[2.38426,48.883809],[2.384237,48.883845],[2.384229,48.883858],[2.384254,48.883871],[2.384279,48.883884],[2.38438,48.883936],[2.38443,48.883893]]],[[[2.390533,48.883468],[2.389315,48.883096],[2.391152,48.884009],[2.39154,48.883911],[2.390533,48.883468]]],[[[2.386688,48.883552],[2.385933,48.883309],[2.386593,48.883981],[2.38747,48.884068],[2.386688,48.883552]]],[[[2.390127,48.884214],[2.3902,48.884132],[2.390235,48.884098],[2.390223,48.884065],[2.389598,48.884158],[2.38959,48.884157],[2.3896,48.884126],[2.38943,48.884102],[2.389203,48.88407],[2.389211,48.884047],[2.389044,48.884024],[2.388819,48.883994],[2.388416,48.88394],[2.388299,48.883924],[2.388295,48.883939],[2.387668,48.884017],[2.387639,48.884084],[2.388194,48.884141],[2.388234,48.884145],[2.390027,48.884326],[2.390097,48.88425],[2.390132,48.884214],[2.390127,48.884214]]],[[[2.392562,48.884409],[2.392953,48.884241],[2.391756,48.883991],[2.391871,48.88434],[2.392562,48.884409]]],[[[2.394499,48.884243],[2.394191,48.884215],[2.394393,48.884429],[2.394441,48.884411],[2.394499,48.884243]]],[[[2.394322,48.884736],[2.393056,48.884262],[2.393168,48.884588],[2.394322,48.884736]]],[[[2.386451,48.884768],[2.387408,48.884224],[2.386419,48.884171],[2.386451,48.884768]]],[[[2.391743,48.884753],[2.391248,48.884555],[2.391237,48.884567],[2.390634,48.884334],[2.390613,48.884223],[2.390592,48.884226],[2.390533,48.884292],[2.390492,48.884336],[2.390465,48.88437],[2.390508,48.884374],[2.390504,48.884403],[2.390645,48.884416],[2.39118,48.884629],[2.391526,48.884768],[2.391596,48.884798],[2.391652,48.884824],[2.391702,48.884847],[2.391742,48.884866],[2.391784,48.884887],[2.391824,48.884907],[2.391864,48.884929],[2.391893,48.884944],[2.391907,48.884951],[2.391974,48.884895],[2.391743,48.884753]]],[[[2.383286,48.883809],[2.382789,48.884202],[2.383268,48.884486],[2.383219,48.884925],[2.383902,48.884205],[2.383286,48.883809]]],[[[2.383627,48.884855],[2.384223,48.884287],[2.383428,48.884945],[2.383748,48.885026],[2.383627,48.884855]]],[[[2.384222,48.885115],[2.384469,48.885073],[2.384245,48.884895],[2.383879,48.885051],[2.384222,48.885115]]],[[[2.383042,48.885005],[2.382781,48.884957],[2.3827,48.885061],[2.382704,48.885062],[2.382697,48.885071],[2.382747,48.885097],[2.382752,48.8851],[2.382765,48.885106],[2.382791,48.88512],[2.383042,48.885005]]],[[[2.384759,48.885099],[2.384756,48.885072],[2.384649,48.885081],[2.384649,48.885082],[2.384649,48.885084],[2.384649,48.885087],[2.384648,48.885089],[2.384648,48.885094],[2.384648,48.885096],[2.384648,48.885098],[2.384648,48.885101],[2.384648,48.885103],[2.384648,48.885105],[2.384648,48.885108],[2.384648,48.88511],[2.384648,48.885113],[2.384648,48.885116],[2.384648,48.885118],[2.384648,48.885121],[2.384648,48.885124],[2.384648,48.885127],[2.384649,48.885129],[2.384649,48.885132],[2.384649,48.885134],[2.384649,48.885136],[2.384649,48.885138],[2.384649,48.88514],[2.384649,48.885142],[2.384649,48.885143],[2.384649,48.885145],[2.38465,48.885147],[2.38465,48.885149],[2.38465,48.885151],[2.38465,48.885152],[2.38465,48.885154],[2.38465,48.885156],[2.38465,48.885157],[2.384651,48.885159],[2.384764,48.88518],[2.384763,48.885159],[2.384759,48.885099]]],[[[2.385106,48.885245],[2.38612,48.884885],[2.386241,48.88392],[2.385586,48.883295],[2.385289,48.883321],[2.385168,48.883814],[2.385876,48.884063],[2.385993,48.884838],[2.385566,48.884807],[2.385698,48.884246],[2.385176,48.884193],[2.38482,48.88511],[2.385106,48.885245]]],[[[2.383333,48.885268],[2.38344,48.885136],[2.383546,48.885168],[2.383622,48.885112],[2.383521,48.885094],[2.383521,48.885096],[2.383437,48.885081],[2.383411,48.885112],[2.383333,48.885097],[2.383242,48.885117],[2.383333,48.885268]]],[[[2.384371,48.885293],[2.383777,48.885214],[2.384213,48.885518],[2.384371,48.885293]]],[[[2.387181,48.88468],[2.385473,48.885315],[2.386785,48.885604],[2.387181,48.88468]]],[[[2.392109,48.885115],[2.390343,48.884502],[2.390016,48.885917],[2.390573,48.885764],[2.390873,48.884981],[2.392311,48.885552],[2.392437,48.88597],[2.3932,48.886098],[2.392109,48.885115]]],[[[2.394248,48.885574],[2.394282,48.885001],[2.393883,48.885082],[2.394072,48.886194],[2.394248,48.885574]]],[[[2.393136,48.886107],[2.393082,48.886102],[2.393081,48.886105],[2.393056,48.886227],[2.393246,48.886266],[2.393136,48.886107]]],[[[2.393575,48.88622],[2.393384,48.885982],[2.393001,48.885613],[2.393021,48.885604],[2.392886,48.885442],[2.39252,48.885198],[2.392098,48.884961],[2.392044,48.885004],[2.392114,48.885044],[2.392116,48.885064],[2.392131,48.885073],[2.392149,48.885083],[2.392163,48.885091],[2.392181,48.885102],[2.392199,48.885112],[2.392214,48.885121],[2.392236,48.885135],[2.392256,48.885147],[2.392273,48.885158],[2.392306,48.885179],[2.392326,48.885192],[2.392361,48.885215],[2.392381,48.885227],[2.392397,48.885238],[2.392417,48.885251],[2.392434,48.885263],[2.392448,48.885273],[2.392466,48.885285],[2.392485,48.885299],[2.392517,48.885322],[2.392549,48.885346],[2.392569,48.88536],[2.392579,48.885368],[2.392598,48.885383],[2.392615,48.885395],[2.392632,48.885409],[2.392649,48.885422],[2.392679,48.885446],[2.392696,48.88546],[2.392713,48.885473],[2.392742,48.885498],[2.392759,48.885512],[2.392775,48.885525],[2.392788,48.885536],[2.392803,48.885549],[2.392818,48.885563],[2.392834,48.885577],[2.392848,48.885589],[2.392862,48.885602],[2.392882,48.885619],[2.392892,48.885627],[2.392906,48.88564],[2.392918,48.885651],[2.39293,48.885646],[2.393255,48.886004],[2.393274,48.885997],[2.393309,48.886033],[2.393506,48.886319],[2.393517,48.88632],[2.393603,48.886256],[2.393575,48.88622]]],[[[2.386569,48.886216],[2.386695,48.885736],[2.384768,48.885368],[2.385195,48.886007],[2.385279,48.885745],[2.385276,48.886018],[2.386261,48.886161],[2.386302,48.886836],[2.386569,48.886216]]],[[[2.387459,48.886354],[2.387692,48.885849],[2.38692,48.885732],[2.386482,48.886825],[2.387019,48.886278],[2.387362,48.886338],[2.387197,48.887045],[2.387459,48.886354]]],[[[2.387534,48.886753],[2.388178,48.885922],[2.387768,48.885861],[2.387534,48.886753]]],[[[2.389883,48.887212],[2.390277,48.88725],[2.390543,48.88641],[2.390247,48.886213],[2.389446,48.887637],[2.389883,48.887212]]],[[[2.392556,48.888185],[2.393206,48.886618],[2.392895,48.886443],[2.392116,48.888254],[2.392556,48.888185]]],[[[2.392666,48.886577],[2.392304,48.886509],[2.391672,48.888079],[2.391937,48.88828],[2.392666,48.886577]]]],"type":"MultiPolygon"},"properties":{"id_projet":"4907","libelle":"GOUBET (4) ELEM","zone_commune":0,"etiquette":"Secteur de l'école 4 RUE GOUBET","lib_etab_1":"GOUBET (4) ELEM","lib_etab_2":null,"lib_etab_3":null,"lib_etab_4":null,"adr_etab_1":"4 RUE GOUBET","adr_etab_2":null,"adr_etab_3":null,"adr_etab_4":null,"annee_scol":"2025-2026","st_area_shape":138502.3585641377,"st_perimeter_shape":10493.967311166238,"type_etabl":"Elémentaire","geo_point_2d":{"lon":2.3885452297049476,"lat":48.88500645693921}}},{"type":"Feature","geometry":{"coordinates":[[[[2.379598,48.889946],[2.379462,48.889858],[2.379192,48.890018],[2.379207,48.890183],[2.379228,48.890202],[2.379276,48.890178],[2.37936,48.890135],[2.379426,48.890101],[2.379378,48.89006],[2.37938,48.890059],[2.379598,48.889946]]],[[[2.378708,48.889265],[2.37859,48.889206],[2.378573,48.889208],[2.378577,48.889472],[2.378818,48.88932],[2.378708,48.889265]]],[[[2.378346,48.889715],[2.378127,48.889583],[2.377992,48.889701],[2.37799,48.889703],[2.378192,48.889859],[2.378346,48.889715]]]],"type":"MultiPolygon"},"properties":{"id_projet":"4907","libelle":"Z.MATHIS/JOMARD","zone_commune":1,"etiquette":"Secteur commun des écoles \n9 RUE JOMARD \n14 RUE MATHIS","lib_etab_1":"JOMARD (9) ELEM","lib_etab_2":"MATHIS (14) ELEM","lib_etab_3":null,"lib_etab_4":null,"adr_etab_1":"9 RUE JOMARD","adr_etab_2":"14 RUE MATHIS","adr_etab_3":null,"adr_etab_4":null,"annee_scol":"2025-2026","st_area_shape":1178.3922246137304,"st_perimeter_shape":263.3052966502349,"type_etabl":"Elémentaire","geo_point_2d":{"lon":2.3787935330791092,"lat":48.889759242139974}}},{"type":"Feature","geometry":{"coordinates":[[[[2.370774,48.901868],[2.370505,48.901801],[2.370537,48.901865],[2.37077,48.90187],[2.370774,48.901868]]],[[[2.388398,48.901413],[2.388393,48.901407],[2.388297,48.901426],[2.388298,48.901432],[2.388333,48.901425],[2.388341,48.901424],[2.388398,48.901413]]]],"type":"MultiPolygon"},"properties":{"id_projet":"4913","libelle":"Z. BOLLAERT(53)/MACDONALD(118)/MACDONALD(141)","zone_commune":1,"etiquette":"Secteur commun des écoles \n118 MACDONALD (118) POLY \n141 MACDONALD (141) POLY - CESARIA EVORA\n53 EMI","lib_etab_1":"MACDONALD (118) POLY","lib_etab_2":"MACDONALD (141) POLY - Cesária ÉVORA","lib_etab_3":"EMILE BOLLAERT (53) POLY","lib_etab_4":null,"adr_etab_1":"118 MACDONALD (118) POLY","adr_etab_2":"141 MACDONALD (141) POLY - CESARIA EVORA","adr_etab_3":"53 EMILE BOLLAERT (53) POLY","adr_etab_4":null,"annee_scol":"2026-2027","st_area_shape":68.36606116754395,"st_perimeter_shape":62.34280373528086,"type_etabl":"Elémentaire","geo_point_2d":{"lon":2.371972008319028,"lat":48.901812454582}}},{"type":"Feature","geometry":{"coordinates":[[[[2.384668,48.875907],[2.38525,48.875884],[2.385396,48.87671],[2.385864,48.876724],[2.385686,48.875162],[2.386171,48.874428],[2.385752,48.874731],[2.385622,48.874204],[2.383808,48.875577],[2.383596,48.875853],[2.383913,48.876719],[2.38496,48.876752],[2.384668,48.875907]]],[[[2.385855,48.875337],[2.386204,48.87529],[2.386278,48.874531],[2.385855,48.875337]]],[[[2.386618,48.877507],[2.385783,48.877616],[2.38581,48.878161],[2.386618,48.877507]]],[[[2.387362,48.877689],[2.387832,48.877262],[2.386837,48.877437],[2.386958,48.877851],[2.387362,48.877689]]],[[[2.385945,48.877119],[2.386925,48.876992],[2.386813,48.876675],[2.387382,48.876462],[2.385385,48.876819],[2.385525,48.877476],[2.385945,48.877119]]],[[[2.381926,48.878095],[2.382824,48.87816],[2.38228,48.877334],[2.381415,48.877791],[2.381785,48.878259],[2.381926,48.878095]]],[[[2.386506,48.876579],[2.387314,48.876305],[2.386797,48.876459],[2.386604,48.876055],[2.386134,48.876114],[2.386619,48.875675],[2.385792,48.875383],[2.385975,48.876578],[2.386506,48.876579]]],[[[2.383895,48.875368],[2.385475,48.874206],[2.384659,48.874168],[2.3838,48.874611],[2.383307,48.875309],[2.382638,48.875304],[2.38355,48.87571],[2.383895,48.875368]]],[[[2.383704,48.876465],[2.383476,48.875807],[2.382505,48.875419],[2.382043,48.875644],[2.383069,48.876848],[2.383782,48.876716],[2.383704,48.876465]]],[[[2.381921,48.875746],[2.381334,48.876598],[2.38131,48.877518],[2.382823,48.876881],[2.381921,48.875746]]],[[[2.383261,48.877828],[2.384651,48.87796],[2.385177,48.877662],[2.385448,48.877888],[2.385119,48.876866],[2.382582,48.877193],[2.383022,48.878105],[2.383261,48.877828]],[[2.38469,48.877872],[2.384688,48.87788],[2.384688,48.877879],[2.38469,48.877872]]]],"type":"MultiPolygon"},"properties":{"id_projet":"4913","libelle":"ALOUETTES (5) ELEM","zone_commune":0,"etiquette":"Secteur de l'école 5 ALOUETTES (5) ELEM","lib_etab_1":"ALOUETTES (5) ELEM","lib_etab_2":null,"lib_etab_3":null,"lib_etab_4":null,"adr_etab_1":"5 ALOUETTES (5) ELEM","adr_etab_2":null,"adr_etab_3":null,"adr_etab_4":null,"annee_scol":"2026-2027","st_area_shape":102869.1899754879,"st_perimeter_shape":5497.572362979617,"type_etabl":"Elémentaire","geo_point_2d":{"lon":2.3841693303691343,"lat":48.876382234896454}}},{"type":"Feature","geometry":{"coordinates":[[[2.386356,48.887248],[2.386294,48.887242],[2.386334,48.887164],[2.386276,48.887149],[2.386219,48.887248],[2.386118,48.887211],[2.385957,48.887499],[2.386193,48.887559],[2.386237,48.887486],[2.386248,48.887468],[2.386251,48.887468],[2.386322,48.887359],[2.386339,48.887335],[2.386353,48.887312],[2.386358,48.887313],[2.386363,48.887305],[2.38639,48.887262],[2.386389,48.887258],[2.386356,48.887249],[2.386356,48.887248]]],"type":"Polygon"},"properties":{"id_projet":"4913","libelle":"TANDOU (9) / TANDOU (16) / JEAN JAURES (160)","zone_commune":1,"etiquette":"Secteur commun des écoles \n160 JEAN JAURES (160) ELEM \n16 TANDOU (16) POLY\n9 TANDOU (9) ELEM","lib_etab_1":"JEAN JAURES (160) ELEM","lib_etab_2":"TANDOU (16) POLY","lib_etab_3":"TANDOU (9) ELEM","lib_etab_4":null,"adr_etab_1":"160 JEAN JAURES (160) ELEM","adr_etab_2":"16 TANDOU (16) POLY","adr_etab_3":"9 TANDOU (9) ELEM","adr_etab_4":null,"annee_scol":"2026-2027","st_area_shape":723.6772522984592,"st_perimeter_shape":131.16757025235472,"type_etabl":"Elémentaire","geo_point_2d":{"lon":2.3861742267385986,"lat":48.88736936842264}}},{"type":"Feature","geometry":{"coordinates":[[[[2.391158,48.876651],[2.392331,48.876591],[2.391202,48.876591],[2.391009,48.876054],[2.391852,48.875819],[2.391921,48.875532],[2.389677,48.875406],[2.389658,48.876823],[2.391158,48.876651]]],[[[2.385435,48.874053],[2.385364,48.874018],[2.38532,48.87402],[2.38528,48.874126],[2.385333,48.874131],[2.385329,48.874134],[2.385475,48.874206],[2.385583,48.874126],[2.385435,48.874053]]],[[[2.385882,48.874275],[2.385622,48.874204],[2.385752,48.874731],[2.386174,48.874423],[2.385882,48.874275]]],[[[2.387046,48.875368],[2.387361,48.875363],[2.387389,48.874734],[2.386333,48.874497],[2.386204,48.87529],[2.385855,48.875337],[2.387046,48.875368]]],[[[2.389014,48.875414],[2.388754,48.874939],[2.387494,48.874771],[2.387462,48.875571],[2.388979,48.875701],[2.389014,48.875414]]],[[[2.389477,48.875903],[2.389558,48.875364],[2.389189,48.87532],[2.389064,48.876018],[2.389477,48.875903]]],[[[2.388347,48.876097],[2.388938,48.876038],[2.388968,48.875755],[2.387465,48.875639],[2.387634,48.876152],[2.388347,48.876097]]],[[[2.387216,48.876334],[2.387542,48.876303],[2.38736,48.875416],[2.385793,48.875383],[2.386619,48.875675],[2.386134,48.876114],[2.386604,48.876055],[2.386797,48.876459],[2.387216,48.876334]],[[2.387158,48.875612],[2.387166,48.875567],[2.387135,48.875567],[2.387027,48.875567],[2.386842,48.875568],[2.386726,48.875577],[2.386648,48.875584],[2.386626,48.875585],[2.386626,48.875563],[2.386638,48.875561],[2.386661,48.875558],[2.386702,48.875553],[2.386766,48.875545],[2.386781,48.875543],[2.386781,48.875553],[2.387173,48.875549],[2.387173,48.875557],[2.387195,48.875557],[2.387192,48.875612],[2.387158,48.875612]]],[[[2.392189,48.876749],[2.392411,48.876656],[2.392393,48.876648],[2.392334,48.876653],[2.392268,48.876659],[2.392171,48.876667],[2.392046,48.876677],[2.392016,48.87668],[2.392028,48.876733],[2.392056,48.87673],[2.392062,48.876758],[2.392067,48.876758],[2.392189,48.87675],[2.392189,48.876749]]],[[[2.389483,48.876505],[2.3894,48.876174],[2.387679,48.876366],[2.387953,48.877061],[2.389522,48.876862],[2.389483,48.876505]]],[[[2.387584,48.876405],[2.386813,48.876675],[2.38696,48.877094],[2.387741,48.877034],[2.387584,48.876405]]],[[[2.391695,48.877414],[2.391552,48.877174],[2.392029,48.876738],[2.390646,48.876814],[2.3909,48.878219],[2.391205,48.877513],[2.391695,48.877414]]],[[[2.389762,48.878966],[2.389188,48.876981],[2.38796,48.877138],[2.388578,48.877818],[2.388978,48.877769],[2.388571,48.878159],[2.389038,48.878199],[2.388612,48.878397],[2.389096,48.878469],[2.388822,48.878755],[2.389762,48.878966]]],[[[2.390029,48.878943],[2.390195,48.87834],[2.390803,48.87833],[2.390536,48.876801],[2.389294,48.876951],[2.390029,48.878943]]]],"type":"MultiPolygon"},"properties":{"id_projet":"ELEMENTAIRES (année scolaire 2024/2025)","libelle":"FESSART (4) ELEM","zone_commune":0,"etiquette":"Secteur de l'école 4 RUE FESSART","lib_etab_1":"FESSART (4) ELEM","lib_etab_2":null,"lib_etab_3":null,"lib_etab_4":null,"adr_etab_1":"4 RUE FESSART","adr_etab_2":null,"adr_etab_3":null,"adr_etab_4":null,"annee_scol":"2024-2025","st_area_shape":101747.30995077368,"st_perimeter_shape":5776.712388215399,"type_etabl":"Elémentaire","geo_point_2d":{"lon":2.389090350975958,"lat":48.876510487796025}}},{"type":"Feature","geometry":{"coordinates":[[[[2.371277,48.893145],[2.370988,48.892706],[2.372516,48.892251],[2.371689,48.891971],[2.37233,48.891845],[2.371196,48.889444],[2.369658,48.889565],[2.3697,48.88983],[2.369613,48.889571],[2.368311,48.889732],[2.370271,48.893938],[2.370863,48.893728],[2.370708,48.89345],[2.371277,48.893145]],[[2.370118,48.891426],[2.370302,48.891383],[2.370462,48.891736],[2.370281,48.891784],[2.370118,48.891426]]],[[[2.373241,48.889096],[2.373729,48.888924],[2.373734,48.888619],[2.372574,48.889],[2.373241,48.889096]]],[[[2.371883,48.88932],[2.37211,48.889195],[2.37214,48.889216],[2.372212,48.889176],[2.372268,48.889218],[2.372291,48.889205],[2.3723,48.889212],[2.372314,48.889204],[2.372336,48.889221],[2.372354,48.889211],[2.372332,48.889194],[2.37237,48.889172],[2.372357,48.889161],[2.372383,48.889145],[2.372378,48.889142],[2.372428,48.88911],[2.372449,48.889124],[2.37249,48.8891],[2.372475,48.889088],[2.372464,48.889081],[2.372458,48.889077],[2.37244,48.889067],[2.372428,48.889061],[2.372417,48.889058],[2.372407,48.889057],[2.372396,48.889056],[2.372386,48.889057],[2.372375,48.889058],[2.372372,48.889058],[2.371693,48.889255],[2.371677,48.889306],[2.371883,48.88932]]],[[[2.372067,48.890064],[2.371617,48.889708],[2.372389,48.891216],[2.37274,48.890862],[2.372067,48.890064]]]],"type":"MultiPolygon"},"properties":{"id_projet":"ELEMENTAIRES (année scolaire 2024/2025)","libelle":"AUBERVILLIERS (132) ELEM","zone_commune":0,"etiquette":"Secteur de l'école 132 RUE D'AUBERVILLIERS","lib_etab_1":"AUBERVILLIERS (132) ELEM","lib_etab_2":null,"lib_etab_3":null,"lib_etab_4":null,"adr_etab_1":"132 RUE D'AUBERVILLIERS","adr_etab_2":null,"adr_etab_3":null,"adr_etab_4":null,"annee_scol":"2024-2025","st_area_shape":90136.41991836202,"st_perimeter_shape":2498.321482702311,"type_etabl":"Elémentaire","geo_point_2d":{"lon":2.370592210815271,"lat":48.891204531916}}},{"type":"Feature","geometry":{"coordinates":[[[2.386356,48.887248],[2.386294,48.887242],[2.386334,48.887164],[2.386276,48.887149],[2.386219,48.887248],[2.386118,48.887211],[2.385957,48.887499],[2.386193,48.887559],[2.386237,48.887486],[2.386248,48.887468],[2.386251,48.887468],[2.386322,48.887359],[2.386339,48.887335],[2.386353,48.887312],[2.386358,48.887313],[2.386363,48.887305],[2.38639,48.887262],[2.386389,48.887258],[2.386356,48.887249],[2.386356,48.887248]]],"type":"Polygon"},"properties":{"id_projet":"ELEMENTAIRES (année scolaire 2024/2025)","libelle":"TANDOU (9) / TANDOU (16) / JEAN JAURES (160)","zone_commune":1,"etiquette":"Secteur commun des écoles \n9 RUE TANDOU \n16 RUE TANDOU\n160 AVENUE JEAN JAURES","lib_etab_1":"TANDOU (9) ELEM","lib_etab_2":"TANDOU (16) POLY","lib_etab_3":"JEAN JAURES (160) ELEM","lib_etab_4":null,"adr_etab_1":"9 RUE TANDOU","adr_etab_2":"16 RUE TANDOU","adr_etab_3":"160 AVENUE JEAN JAURES","adr_etab_4":null,"annee_scol":"2024-2025","st_area_shape":723.6772522984592,"st_perimeter_shape":131.16757025235472,"type_etabl":"Elémentaire","geo_point_2d":{"lon":2.3861742267385986,"lat":48.88736936842264}}},{"type":"Feature","geometry":{"coordinates":[[[[2.373962,48.898933],[2.37137,48.898879],[2.371337,48.899639],[2.373926,48.89969],[2.373962,48.898933]]],[[[2.371833,48.90128],[2.37038,48.90148],[2.37077,48.90187],[2.371997,48.901896],[2.371833,48.90128]]],[[[2.373329,48.901925],[2.372537,48.901012],[2.37209,48.901089],[2.372806,48.901913],[2.373329,48.901925]]],[[[2.374262,48.89894],[2.374214,48.899697],[2.375035,48.899712],[2.374262,48.89894]]],[[[2.37123,48.89846],[2.371252,48.898004],[2.370611,48.898295],[2.37123,48.89846]]],[[[2.372611,48.901909],[2.372274,48.901671],[2.372174,48.901702],[2.372159,48.9019],[2.372611,48.901909]]]],"type":"MultiPolygon"},"properties":{"id_projet":"ELEMENTAIRES (année scolaire 2020/2021)","libelle":"EMILE BOLLAERT (53) POLY","zone_commune":0,"etiquette":"Secteur de l'école 53 RUE EMILE BOLLAERT","lib_etab_1":"EMILE BOLLAERT (53) POLY","lib_etab_2":null,"lib_etab_3":null,"lib_etab_4":null,"adr_etab_1":"53 RUE EMILE BOLLAERT","adr_etab_2":null,"adr_etab_3":null,"adr_etab_4":null,"annee_scol":"2020-2021","st_area_shape":31724.548741265437,"st_perimeter_shape":1714.104449995393,"type_etabl":null,"geo_point_2d":{"lon":2.372414990657024,"lat":48.90011635284078}}},{"type":"Feature","geometry":{"coordinates":[[[2.386356,48.887248],[2.386294,48.887242],[2.386334,48.887164],[2.386276,48.887149],[2.386219,48.887248],[2.386118,48.887211],[2.385957,48.887499],[2.386193,48.887559],[2.386237,48.887486],[2.386248,48.887468],[2.386251,48.887468],[2.386322,48.887359],[2.386339,48.887335],[2.386353,48.887312],[2.386358,48.887313],[2.386363,48.887305],[2.38639,48.887262],[2.386389,48.887258],[2.386356,48.887249],[2.386356,48.887248]]],"type":"Polygon"},"properties":{"id_projet":"ELEMENTAIRES (année scolaire 2020/2021)","libelle":"TANDOU (9) / TANDOU (16) / JEAN JAURES (160)","zone_commune":1,"etiquette":"Secteur commun des écoles \n9 RUE TANDOU \n16 RUE TANDOU\n160 AVENUE JEAN JAURES","lib_etab_1":"TANDOU (9) ELEM","lib_etab_2":"TANDOU (16) POLY","lib_etab_3":"JEAN JAURES (160) ELEM","lib_etab_4":null,"adr_etab_1":"9 RUE TANDOU","adr_etab_2":"16 RUE TANDOU","adr_etab_3":"160 AVENUE JEAN JAURES","adr_etab_4":null,"annee_scol":"2020-2021","st_area_shape":723.6772522984592,"st_perimeter_shape":131.16757025235472,"type_etabl":null,"geo_point_2d":{"lon":2.3861742267385986,"lat":48.88736936842264}}},{"type":"Feature","geometry":{"coordinates":[[[[2.391158,48.876651],[2.392331,48.876591],[2.391202,48.876591],[2.391009,48.876054],[2.391852,48.875819],[2.391921,48.875532],[2.389677,48.875406],[2.389658,48.876823],[2.391158,48.876651]]],[[[2.390029,48.878943],[2.390195,48.87834],[2.390803,48.87833],[2.390536,48.876801],[2.389294,48.876951],[2.390029,48.878943]]],[[[2.389762,48.878966],[2.389188,48.876981],[2.38796,48.877138],[2.388578,48.877818],[2.388978,48.877769],[2.388571,48.878159],[2.389038,48.878199],[2.388612,48.878397],[2.389096,48.878469],[2.388822,48.878755],[2.389762,48.878966]]],[[[2.389483,48.876505],[2.3894,48.876174],[2.387679,48.876366],[2.387953,48.877061],[2.389522,48.876862],[2.389483,48.876505]]],[[[2.389014,48.875414],[2.388754,48.874939],[2.387494,48.874771],[2.387462,48.875571],[2.388979,48.875701],[2.389014,48.875414]]],[[[2.391695,48.877414],[2.391552,48.877174],[2.392029,48.876738],[2.390646,48.876814],[2.3909,48.878219],[2.391205,48.877513],[2.391695,48.877414]]],[[[2.387216,48.876334],[2.387542,48.876303],[2.38736,48.875416],[2.385793,48.875383],[2.386619,48.875675],[2.386134,48.876114],[2.386604,48.876055],[2.386797,48.876459],[2.387216,48.876334]],[[2.387158,48.875612],[2.387166,48.875567],[2.387135,48.875567],[2.387027,48.875567],[2.386842,48.875568],[2.386726,48.875577],[2.386648,48.875584],[2.386626,48.875585],[2.386626,48.875563],[2.386638,48.875561],[2.386661,48.875558],[2.386702,48.875553],[2.386766,48.875545],[2.386781,48.875543],[2.386781,48.875553],[2.387173,48.875549],[2.387173,48.875557],[2.387195,48.875557],[2.387192,48.875612],[2.387158,48.875612]]],[[[2.387046,48.875368],[2.387361,48.875363],[2.387389,48.874734],[2.386333,48.874497],[2.386204,48.87529],[2.385855,48.875337],[2.387046,48.875368]]],[[[2.388347,48.876097],[2.388938,48.876038],[2.388968,48.875755],[2.387465,48.875639],[2.387634,48.876152],[2.388347,48.876097]]],[[[2.387584,48.876405],[2.386813,48.876675],[2.38696,48.877094],[2.387741,48.877034],[2.387584,48.876405]]],[[[2.389477,48.875903],[2.389558,48.875364],[2.389189,48.87532],[2.389064,48.876018],[2.389477,48.875903]]],[[[2.385882,48.874275],[2.385622,48.874204],[2.385752,48.874731],[2.386174,48.874423],[2.385882,48.874275]]],[[[2.385435,48.874053],[2.385364,48.874018],[2.38532,48.87402],[2.38528,48.874126],[2.385333,48.874131],[2.385329,48.874134],[2.385475,48.874206],[2.385583,48.874126],[2.385435,48.874053]]],[[[2.392189,48.876749],[2.392411,48.876656],[2.392393,48.876648],[2.392334,48.876653],[2.392268,48.876659],[2.392171,48.876667],[2.392046,48.876677],[2.392016,48.87668],[2.392028,48.876733],[2.392056,48.87673],[2.392062,48.876758],[2.392067,48.876758],[2.392189,48.87675],[2.392189,48.876749]]]],"type":"MultiPolygon"},"properties":{"id_projet":"ELEMENTAIRES (année scolaire 2020/2021)","libelle":"FESSART (4) ELEM","zone_commune":0,"etiquette":"Secteur de l'école 4 RUE FESSART","lib_etab_1":"FESSART (4) ELEM","lib_etab_2":null,"lib_etab_3":null,"lib_etab_4":null,"adr_etab_1":"4 RUE FESSART","adr_etab_2":null,"adr_etab_3":null,"adr_etab_4":null,"annee_scol":"2020-2021","st_area_shape":101747.3099507737,"st_perimeter_shape":5776.7123882154,"type_etabl":null,"geo_point_2d":{"lon":2.3890903509759567,"lat":48.87651048779593}}},{"type":"Feature","geometry":{"coordinates":[[[2.37707,48.890502],[2.377652,48.890484],[2.377322,48.890282],[2.37707,48.890502]]],"type":"Polygon"},"properties":{"id_projet":"ELEMENTAIRES (année scolaire 2022/2023)","libelle":"Z.MATHIS/JOMARD/AUBERVILLIERS132","zone_commune":1,"etiquette":"Secteur commun des écoles \n132 RUE D'AUBERVILLIERS \n9 RUE JOMARD\n14 RUE MATHIS","lib_etab_1":"AUBERVILLIERS (132) ELEM","lib_etab_2":"JOMARD (9) ELEM","lib_etab_3":"MATHIS (14) ELEM","lib_etab_4":null,"adr_etab_1":"132 RUE D'AUBERVILLIERS","adr_etab_2":"9 RUE JOMARD","adr_etab_3":"14 RUE MATHIS","adr_etab_4":null,"annee_scol":"2022-2023","st_area_shape":679.7340270613473,"st_perimeter_shape":110.95750394029137,"type_etabl":"Elémentaire","geo_point_2d":{"lon":2.3773675890346366,"lat":48.890446736429695}}},{"type":"Feature","geometry":{"coordinates":[[[[2.374836,48.884362],[2.374955,48.884176],[2.37093,48.883149],[2.372413,48.884099],[2.372715,48.883887],[2.372524,48.884089],[2.37414,48.884891],[2.374836,48.884362]]],[[[2.375996,48.885285],[2.3767,48.884634],[2.375155,48.884228],[2.374253,48.884948],[2.375609,48.885619],[2.375996,48.885285]]],[[[2.375813,48.884105],[2.376623,48.883444],[2.37624,48.883742],[2.375085,48.883231],[2.3736,48.883497],[2.375813,48.884105]]],[[[2.376192,48.884208],[2.376857,48.884077],[2.377012,48.883636],[2.376192,48.884208]]],[[[2.3771,48.88474],[2.376938,48.884697],[2.376935,48.884698],[2.376907,48.884792],[2.377041,48.884809],[2.3771,48.88474]]]],"type":"MultiPolygon"},"properties":{"id_projet":"ELEMENTAIRES (année scolaire 2022/2023)","libelle":"HENRI NOGUERES (10) POLY","zone_commune":0,"etiquette":"Secteur de l'école 10 RUE HENRI NOGUERES","lib_etab_1":"HENRI NOGUERES (10) POLY","lib_etab_2":null,"lib_etab_3":null,"lib_etab_4":null,"adr_etab_1":"10 RUE HENRI NOGUERES","adr_etab_2":null,"adr_etab_3":null,"adr_etab_4":null,"annee_scol":"2022-2023","st_area_shape":43720.583398588824,"st_perimeter_shape":2198.319049019865,"type_etabl":"Elémentaire","geo_point_2d":{"lon":2.3745210464064535,"lat":48.88422180169538}}},{"type":"Feature","geometry":{"coordinates":[[[[2.381401,48.898624],[2.381792,48.897933],[2.377182,48.897617],[2.371267,48.8977],[2.37124,48.898252],[2.381401,48.898624]]],[[[2.383073,48.896292],[2.379943,48.89617],[2.376994,48.896893],[2.37741,48.897224],[2.38236,48.897509],[2.383073,48.896292]]]],"type":"MultiPolygon"},"properties":{"id_projet":"ELEMENTAIRES (année scolaire 2020/2021)","libelle":"MACDONALD (141) POLY","zone_commune":0,"etiquette":"Secteur de l'école 141 BD MACDONALD","lib_etab_1":"MACDONALD (141) POLY","lib_etab_2":null,"lib_etab_3":null,"lib_etab_4":null,"adr_etab_1":"141 BD MACDONALD","adr_etab_2":null,"adr_etab_3":null,"adr_etab_4":null,"annee_scol":"2020-2021","st_area_shape":106612.08668405979,"st_perimeter_shape":2764.9121875073297,"type_etabl":null,"geo_point_2d":{"lon":2.378267691499239,"lat":48.89758766281626}}},{"type":"Feature","geometry":{"coordinates":[[[[2.39492,48.889668],[2.388258,48.892646],[2.393897,48.895341],[2.39506,48.891052],[2.395273,48.889854],[2.39492,48.889668]]],[[[2.397212,48.890242],[2.396324,48.890949],[2.395297,48.895139],[2.397046,48.895382],[2.39759,48.894625],[2.398253,48.891275],[2.397884,48.890443],[2.397212,48.890242]]],[[[2.397083,48.88313],[2.40029,48.882241],[2.400436,48.881771],[2.399785,48.880671],[2.399228,48.880476],[2.397243,48.881628],[2.39648,48.883006],[2.396967,48.883092],[2.396913,48.88346],[2.397083,48.88313]]],[[[2.399491,48.883445],[2.400972,48.882226],[2.401067,48.881174],[2.40022,48.880973],[2.400836,48.881794],[2.400468,48.882492],[2.398014,48.883063],[2.397375,48.883493],[2.398516,48.883782],[2.399339,48.883376],[2.39897,48.883861],[2.399491,48.883445]]],[[[2.398012,48.8862],[2.397636,48.886189],[2.396931,48.888742],[2.397331,48.889453],[2.397744,48.889313],[2.398012,48.8862]]],[[[2.394933,48.889092],[2.395396,48.888898],[2.395518,48.888462],[2.393991,48.886755],[2.394824,48.888514],[2.393808,48.887289],[2.393353,48.888461],[2.394399,48.888511],[2.394417,48.888967],[2.394741,48.888673],[2.394933,48.889092]],[[2.394961,48.888638],[2.394963,48.888622],[2.395243,48.888653],[2.394958,48.888659],[2.394961,48.888638]]],[[[2.395705,48.888037],[2.396158,48.886481],[2.394456,48.886613],[2.395705,48.888037]]],[[[2.398291,48.887723],[2.399196,48.887579],[2.398824,48.88603],[2.398297,48.886103],[2.398291,48.887723]]],[[[2.398901,48.883904],[2.397079,48.884543],[2.396866,48.886034],[2.398901,48.883904]]],[[[2.393128,48.886435],[2.392895,48.886443],[2.393206,48.886618],[2.392839,48.887593],[2.393104,48.887755],[2.393088,48.888597],[2.393657,48.887197],[2.393128,48.886435]]],[[[2.398341,48.885859],[2.39921,48.88585],[2.399468,48.88496],[2.398814,48.884847],[2.398183,48.885612],[2.398341,48.885859]]],[[[2.399191,48.888229],[2.399195,48.887671],[2.398186,48.887831],[2.398095,48.888421],[2.399191,48.888229]]],[[[2.396371,48.88527],[2.396645,48.884244],[2.395993,48.88457],[2.395666,48.885491],[2.396303,48.885736],[2.396371,48.88527]]],[[[2.398585,48.888777],[2.398556,48.888539],[2.398079,48.888593],[2.398014,48.889356],[2.39866,48.88941],[2.398585,48.888777]]],[[[2.397983,48.889564],[2.397733,48.88984],[2.398844,48.890128],[2.398941,48.889598],[2.397983,48.889564]]],[[[2.395377,48.886205],[2.396274,48.885937],[2.395557,48.885605],[2.395377,48.886205]]],[[[2.400109,48.883812],[2.399068,48.884715],[2.399552,48.884811],[2.400109,48.883812]]],[[[2.395244,48.885295],[2.395312,48.884719],[2.39476,48.884746],[2.394681,48.885035],[2.395244,48.885295]]],[[[2.397676,48.883914],[2.397197,48.883897],[2.397065,48.884242],[2.397948,48.884064],[2.397676,48.883914]]],[[[2.394727,48.885221],[2.394514,48.885679],[2.39528,48.885531],[2.394727,48.885221]]],[[[2.394833,48.88587],[2.394502,48.885857],[2.39448,48.886211],[2.395093,48.886229],[2.394833,48.88587]]],[[[2.39498,48.884125],[2.39486,48.88399],[2.394719,48.884418],[2.394761,48.884493],[2.394868,48.884468],[2.394882,48.884424],[2.39498,48.884125]]],[[[2.399208,48.886128],[2.399209,48.88598],[2.399109,48.885988],[2.39904,48.885999],[2.399019,48.886026],[2.399071,48.886168],[2.399122,48.886304],[2.399135,48.886338],[2.399143,48.886358],[2.39917,48.886434],[2.399205,48.886523],[2.399206,48.886347],[2.399207,48.886289],[2.399207,48.886285],[2.399207,48.886239],[2.399208,48.886128]]],[[[2.395926,48.884036],[2.395733,48.883879],[2.395799,48.884214],[2.395926,48.884036]]],[[[2.396801,48.883823],[2.396767,48.883786],[2.396614,48.883953],[2.396722,48.884026],[2.396726,48.884025],[2.396801,48.883823]]],[[[2.393736,48.886299],[2.393617,48.886245],[2.393517,48.88632],[2.393727,48.886339],[2.39373,48.886333],[2.393732,48.886326],[2.393734,48.886318],[2.393736,48.88631],[2.393736,48.886304],[2.393736,48.886299]]],[[[2.393246,48.886266],[2.393056,48.886227],[2.393051,48.886251],[2.393045,48.88628],[2.39327,48.886301],[2.393246,48.886266]]],[[[2.403003,48.877414],[2.403006,48.877409],[2.402832,48.877445],[2.402834,48.877448],[2.403003,48.877414]]],[[[2.385975,48.884834],[2.385973,48.884834],[2.385942,48.884845],[2.385985,48.88485],[2.385993,48.884838],[2.385975,48.884834]]],[[[2.38482,48.885144],[2.384813,48.885144],[2.384815,48.88519],[2.38482,48.885191],[2.38482,48.885144]]],[[[2.386464,48.884763],[2.386452,48.884761],[2.386451,48.884768],[2.386464,48.884763]]]],"type":"MultiPolygon"},"properties":{"id_projet":"ELEMENTAIRES (année scolaire 2020/2021)","libelle":"CHEMINETS (16) ELEM","zone_commune":0,"etiquette":"Secteur de l'école 16 RUE DES CHEMINETS","lib_etab_1":"CHEMINETS (16) ELEM","lib_etab_2":null,"lib_etab_3":null,"lib_etab_4":null,"adr_etab_1":"16 RUE DES CHEMINETS","adr_etab_2":null,"adr_etab_3":null,"adr_etab_4":null,"annee_scol":"2020-2021","st_area_shape":413762.43376679654,"st_perimeter_shape":12689.93452700812,"type_etabl":null,"geo_point_2d":{"lon":2.3955200557313443,"lat":48.88939124393984}}},{"type":"Feature","geometry":{"coordinates":[[[[2.391672,48.888079],[2.39254,48.886382],[2.390247,48.886213],[2.390543,48.88641],[2.390277,48.88725],[2.389889,48.887195],[2.389428,48.887667],[2.391132,48.888112],[2.391506,48.887158],[2.391789,48.887204],[2.391291,48.888154],[2.391874,48.888306],[2.391672,48.888079]]],[[[2.390265,48.882522],[2.388414,48.882045],[2.388095,48.882969],[2.390265,48.882522]]],[[[2.393888,48.885549],[2.393883,48.885082],[2.394213,48.88494],[2.392482,48.884796],[2.393958,48.886168],[2.393888,48.885549]]],[[[2.393808,48.883751],[2.393094,48.883342],[2.391875,48.883904],[2.393607,48.884269],[2.393808,48.883751]]],[[[2.392974,48.888094],[2.393104,48.887755],[2.392839,48.887593],[2.392556,48.888185],[2.392065,48.888355],[2.393046,48.888612],[2.392974,48.888094]]],[[[2.39296,48.884458],[2.392953,48.884241],[2.391441,48.884297],[2.392896,48.884688],[2.39296,48.884458]]],[[[2.394399,48.888511],[2.393294,48.888621],[2.394417,48.888967],[2.394399,48.888511]]],[[[2.394255,48.884832],[2.393168,48.884588],[2.393047,48.88426],[2.392952,48.884695],[2.394255,48.884832]]],[[[2.393727,48.886276],[2.392823,48.885278],[2.392098,48.884961],[2.393727,48.886276]]],[[[2.391276,48.884219],[2.390258,48.883614],[2.390106,48.883781],[2.391276,48.884219]]],[[[2.392074,48.882147],[2.390954,48.882056],[2.391101,48.882361],[2.392074,48.882147]]],[[[2.396722,48.884026],[2.396594,48.88394],[2.395932,48.884028],[2.395799,48.884214],[2.395814,48.884242],[2.395943,48.884212],[2.396569,48.884062],[2.396722,48.884026]]],[[[2.395309,48.884719],[2.395573,48.884444],[2.394743,48.884723],[2.395309,48.884719]]],[[[2.395385,48.884207],[2.394978,48.884132],[2.394868,48.884468],[2.395385,48.884207]]],[[[2.390687,48.88199],[2.390449,48.88192],[2.390455,48.88193],[2.390484,48.881988],[2.390516,48.882051],[2.390515,48.882052],[2.390732,48.882443],[2.390738,48.882441],[2.390912,48.882403],[2.390759,48.882128],[2.39084,48.882031],[2.390766,48.882013],[2.390687,48.88199]]],[[[2.396648,48.884235],[2.396529,48.884216],[2.395944,48.884351],[2.395949,48.884364],[2.395903,48.884375],[2.395919,48.884407],[2.395905,48.88441],[2.395993,48.88457],[2.396645,48.884244],[2.396648,48.884235]]],[[[2.39501,48.889122],[2.395175,48.888998],[2.394798,48.889059],[2.394886,48.888742],[2.394595,48.888689],[2.394434,48.888972],[2.39501,48.889122]]],[[[2.391604,48.884593],[2.391318,48.884479],[2.391248,48.884555],[2.391743,48.884753],[2.391974,48.884895],[2.392044,48.884836],[2.392034,48.88483],[2.392065,48.884804],[2.391956,48.884749],[2.391885,48.884715],[2.391759,48.884657],[2.391604,48.884593]]],[[[2.389372,48.887274],[2.388998,48.887553],[2.38929,48.887609],[2.389372,48.887274]]],[[[2.39586,48.883593],[2.395849,48.883591],[2.395733,48.883879],[2.395907,48.883855],[2.39586,48.883593]]],[[[2.390618,48.882468],[2.390572,48.882386],[2.390406,48.88242],[2.390449,48.882505],[2.390618,48.882468]]]],"type":"MultiPolygon"},"properties":{"id_projet":"ELEMENTAIRES (année scolaire 2022/2023)","libelle":"MANIN (40B) ELEM","zone_commune":0,"etiquette":"Secteur de l'école 40 bis RUE MANIN","lib_etab_1":"MANIN (40B) ELEM","lib_etab_2":null,"lib_etab_3":null,"lib_etab_4":null,"adr_etab_1":"40 bis RUE MANIN","adr_etab_2":null,"adr_etab_3":null,"adr_etab_4":null,"annee_scol":"2022-2023","st_area_shape":71997.1772978814,"st_perimeter_shape":5837.464795999291,"type_etabl":"Elémentaire","geo_point_2d":{"lon":2.3918950267861234,"lat":48.885566013814774}}},{"type":"Feature","geometry":{"coordinates":[[[[2.391158,48.876651],[2.392331,48.876591],[2.391202,48.876591],[2.391009,48.876054],[2.391852,48.875819],[2.391921,48.875532],[2.389677,48.875406],[2.389658,48.876823],[2.391158,48.876651]]],[[[2.390029,48.878943],[2.390195,48.87834],[2.390803,48.87833],[2.390536,48.876801],[2.389294,48.876951],[2.390029,48.878943]]],[[[2.389762,48.878966],[2.389188,48.876981],[2.38796,48.877138],[2.388578,48.877818],[2.388978,48.877769],[2.388571,48.878159],[2.389038,48.878199],[2.388612,48.878397],[2.389096,48.878469],[2.388822,48.878755],[2.389762,48.878966]]],[[[2.389483,48.876505],[2.3894,48.876174],[2.387679,48.876366],[2.387953,48.877061],[2.389522,48.876862],[2.389483,48.876505]]],[[[2.389014,48.875414],[2.388754,48.874939],[2.387494,48.874771],[2.387462,48.875571],[2.388979,48.875701],[2.389014,48.875414]]],[[[2.391695,48.877414],[2.391552,48.877174],[2.392029,48.876738],[2.390646,48.876814],[2.3909,48.878219],[2.391205,48.877513],[2.391695,48.877414]]],[[[2.387216,48.876334],[2.387542,48.876303],[2.38736,48.875416],[2.385793,48.875383],[2.386619,48.875675],[2.386134,48.876114],[2.386604,48.876055],[2.386797,48.876459],[2.387216,48.876334]],[[2.387158,48.875612],[2.387166,48.875567],[2.387135,48.875567],[2.387027,48.875567],[2.386842,48.875568],[2.386726,48.875577],[2.386648,48.875584],[2.386626,48.875585],[2.386626,48.875563],[2.386638,48.875561],[2.386661,48.875558],[2.386702,48.875553],[2.386766,48.875545],[2.386781,48.875543],[2.386781,48.875553],[2.387173,48.875549],[2.387173,48.875557],[2.387195,48.875557],[2.387192,48.875612],[2.387158,48.875612]]],[[[2.387046,48.875368],[2.387361,48.875363],[2.387389,48.874734],[2.386333,48.874497],[2.386204,48.87529],[2.385855,48.875337],[2.387046,48.875368]]],[[[2.388347,48.876097],[2.388938,48.876038],[2.388968,48.875755],[2.387465,48.875639],[2.387634,48.876152],[2.388347,48.876097]]],[[[2.387584,48.876405],[2.386813,48.876675],[2.38696,48.877094],[2.387741,48.877034],[2.387584,48.876405]]],[[[2.389477,48.875903],[2.389558,48.875364],[2.389189,48.87532],[2.389064,48.876018],[2.389477,48.875903]]],[[[2.385882,48.874275],[2.385622,48.874204],[2.385752,48.874731],[2.386174,48.874423],[2.385882,48.874275]]],[[[2.385435,48.874053],[2.385364,48.874018],[2.38532,48.87402],[2.38528,48.874126],[2.385333,48.874131],[2.385329,48.874134],[2.385475,48.874206],[2.385583,48.874126],[2.385435,48.874053]]],[[[2.392189,48.876749],[2.392411,48.876656],[2.392393,48.876648],[2.392334,48.876653],[2.392268,48.876659],[2.392171,48.876667],[2.392046,48.876677],[2.392016,48.87668],[2.392028,48.876733],[2.392056,48.87673],[2.392062,48.876758],[2.392067,48.876758],[2.392189,48.87675],[2.392189,48.876749]]]],"type":"MultiPolygon"},"properties":{"id_projet":"ELEMENTAIRES (année scolaire 2022/2023)","libelle":"FESSART (4) ELEM","zone_commune":0,"etiquette":"Secteur de l'école 4 RUE FESSART","lib_etab_1":"FESSART (4) ELEM","lib_etab_2":null,"lib_etab_3":null,"lib_etab_4":null,"adr_etab_1":"4 RUE FESSART","adr_etab_2":null,"adr_etab_3":null,"adr_etab_4":null,"annee_scol":"2022-2023","st_area_shape":101747.3099507737,"st_perimeter_shape":5776.7123882154,"type_etabl":"Elémentaire","geo_point_2d":{"lon":2.3890903509759567,"lat":48.87651048779593}}},{"type":"Feature","geometry":{"coordinates":[[[[2.391372,48.885262],[2.390873,48.884981],[2.390573,48.885764],[2.390134,48.886026],[2.393045,48.886283],[2.393092,48.886053],[2.392437,48.88597],[2.392311,48.885552],[2.391372,48.885262]]],[[[2.387928,48.8829],[2.388336,48.881697],[2.387136,48.882219],[2.38721,48.882862],[2.385978,48.882876],[2.387805,48.88312],[2.387928,48.8829]]],[[[2.385258,48.883169],[2.382848,48.882656],[2.383585,48.883118],[2.383462,48.883457],[2.38443,48.883893],[2.385258,48.883169]]],[[[2.385942,48.880067],[2.385543,48.883011],[2.385939,48.882665],[2.386165,48.880989],[2.386531,48.8804],[2.385942,48.880067]]],[[[2.389479,48.883958],[2.389545,48.883766],[2.388011,48.883319],[2.387668,48.884017],[2.389479,48.883958]]],[[[2.3875,48.883439],[2.385968,48.883271],[2.38747,48.884068],[2.387728,48.883482],[2.3875,48.883439]]],[[[2.391698,48.883813],[2.392044,48.883435],[2.391612,48.883573],[2.389607,48.882883],[2.391698,48.883813]]],[[[2.389621,48.883204],[2.389341,48.882934],[2.388379,48.883146],[2.389738,48.883633],[2.389904,48.88346],[2.389621,48.883204]]],[[[2.392386,48.883817],[2.393041,48.883363],[2.392549,48.883165],[2.391852,48.883855],[2.392386,48.883817]]],[[[2.395458,48.885362],[2.395706,48.885118],[2.395607,48.884445],[2.395309,48.884719],[2.395458,48.885362]]],[[[2.390954,48.882863],[2.391273,48.882836],[2.391216,48.882528],[2.390258,48.882734],[2.390954,48.882863]]],[[[2.3851,48.883937],[2.385289,48.883321],[2.384735,48.883813],[2.3851,48.883937]]],[[[2.395469,48.883833],[2.395424,48.883517],[2.394943,48.883811],[2.395469,48.883833]]],[[[2.390733,48.884243],[2.390664,48.884215],[2.390613,48.884223],[2.390634,48.884334],[2.391237,48.884567],[2.391318,48.884479],[2.39128,48.884462],[2.390839,48.884285],[2.390733,48.884243]]],[[[2.395338,48.88405],[2.394863,48.883983],[2.39486,48.88399],[2.39498,48.884125],[2.394978,48.884132],[2.395385,48.884207],[2.395499,48.88426],[2.395531,48.884253],[2.395458,48.884119],[2.395338,48.88405]]],[[[2.389925,48.883916],[2.38959,48.884157],[2.390223,48.884065],[2.389925,48.883916]]],[[[2.391835,48.88423],[2.391756,48.883991],[2.391433,48.884272],[2.391835,48.88423]]],[[[2.395037,48.885891],[2.394862,48.886113],[2.395109,48.886227],[2.395037,48.885891]]],[[[2.391555,48.883955],[2.391215,48.883998],[2.391276,48.884219],[2.391555,48.883955]]],[[[2.395154,48.885648],[2.395254,48.885555],[2.394882,48.885564],[2.394911,48.88569],[2.39502,48.885692],[2.395154,48.885648]]]],"type":"MultiPolygon"},"properties":{"id_projet":"ELEMENTAIRES (année scolaire 2022/2023)","libelle":"MANIN (30) ELEM B","zone_commune":0,"etiquette":"Secteur de l'école 30 RUE MANIN","lib_etab_1":"MANIN (30) ELEM B","lib_etab_2":null,"lib_etab_3":null,"lib_etab_4":null,"adr_etab_1":"30 RUE MANIN","adr_etab_2":null,"adr_etab_3":null,"adr_etab_4":null,"annee_scol":"2022-2023","st_area_shape":77761.94899916374,"st_perimeter_shape":5836.542168647697,"type_etabl":"Elémentaire","geo_point_2d":{"lon":2.388655096775998,"lat":48.88359223837576}}},{"type":"Feature","geometry":{"coordinates":[[[[2.378935,48.888666],[2.37974,48.887877],[2.370896,48.883518],[2.370503,48.88306],[2.370788,48.883651],[2.370193,48.884153],[2.369588,48.88403],[2.378935,48.888666]]],[[[2.369808,48.883605],[2.370006,48.882972],[2.368948,48.883914],[2.369808,48.883605]]],[[[2.376003,48.884096],[2.375898,48.883977],[2.375813,48.884105],[2.375919,48.884133],[2.375957,48.884128],[2.376003,48.884096]]],[[[2.377199,48.884339],[2.37704,48.883942],[2.376192,48.884208],[2.377199,48.884339]]],[[[2.379208,48.884875],[2.377706,48.884357],[2.377348,48.884504],[2.379208,48.884875]]],[[[2.380134,48.884761],[2.379862,48.884887],[2.380878,48.885274],[2.381168,48.884854],[2.380134,48.884761]]],[[[2.379926,48.885035],[2.379778,48.884979],[2.379768,48.884981],[2.379886,48.885101],[2.379885,48.885103],[2.379884,48.885105],[2.379674,48.885112],[2.379766,48.885136],[2.379851,48.885158],[2.379978,48.885192],[2.380117,48.885228],[2.38026,48.885266],[2.380337,48.885286],[2.380418,48.885308],[2.380488,48.885326],[2.380823,48.885415],[2.380845,48.885385],[2.380526,48.885264],[2.380388,48.885211],[2.380319,48.885185],[2.380178,48.885131],[2.380045,48.88508],[2.379926,48.885035]]],[[[2.382937,48.885196],[2.383101,48.885015],[2.381332,48.884849],[2.381033,48.885314],[2.382241,48.885786],[2.382937,48.885196]]],[[[2.382991,48.885603],[2.38323,48.88512],[2.382435,48.885814],[2.382996,48.885984],[2.382991,48.885603]]],[[[2.378987,48.885235],[2.3785,48.885719],[2.379563,48.886],[2.379887,48.885471],[2.378987,48.885235]]],[[[2.383975,48.88595],[2.383262,48.886029],[2.384461,48.886368],[2.383975,48.88595]]],[[[2.377052,48.886385],[2.378268,48.885682],[2.378617,48.885135],[2.3771,48.88474],[2.376764,48.885296],[2.376285,48.885309],[2.377212,48.885765],[2.376621,48.886121],[2.377018,48.885713],[2.376237,48.885329],[2.375702,48.885706],[2.377052,48.886385]]],[[[2.381725,48.88651],[2.382613,48.886189],[2.382132,48.88608],[2.381725,48.88651]]],[[[2.381698,48.886281],[2.381983,48.886021],[2.381546,48.88621],[2.381596,48.88592],[2.380038,48.885511],[2.379721,48.886031],[2.380281,48.886317],[2.380502,48.885815],[2.38091,48.885923],[2.380559,48.886449],[2.381149,48.886729],[2.381698,48.886281]]],[[[2.381998,48.887226],[2.381413,48.886713],[2.380897,48.887157],[2.381998,48.887226]]],[[[2.379314,48.887023],[2.381033,48.886807],[2.379233,48.886026],[2.378334,48.885807],[2.377191,48.886449],[2.379152,48.887451],[2.379493,48.88714],[2.379314,48.887023]]],[[[2.384461,48.887485],[2.384689,48.886734],[2.383254,48.886357],[2.382491,48.886499],[2.382863,48.886617],[2.382533,48.887061],[2.384461,48.887485]]],[[[2.381017,48.887602],[2.38128,48.8875],[2.380809,48.887234],[2.380437,48.887559],[2.381017,48.887602]]],[[[2.380349,48.887655],[2.380323,48.887636],[2.380174,48.887767],[2.380046,48.887881],[2.380049,48.887898],[2.380062,48.887904],[2.380344,48.887852],[2.380333,48.887846],[2.38032,48.887839],[2.380318,48.887838],[2.380349,48.887655]]],[[[2.379843,48.888191],[2.379921,48.888148],[2.379977,48.888175],[2.380027,48.888132],[2.380028,48.888131],[2.379964,48.887995],[2.379837,48.888107],[2.379778,48.888159],[2.379843,48.888191]]]],"type":"MultiPolygon"},"properties":{"id_projet":"ELEMENTAIRES (année scolaire 2023/2024)","libelle":"PIERRE GIRARD (9) ELEM","zone_commune":0,"etiquette":"Secteur de l'école 9 RUE PIERRE GIRARD","lib_etab_1":"PIERRE GIRARD (9) ELEM","lib_etab_2":null,"lib_etab_3":null,"lib_etab_4":null,"adr_etab_1":"9 RUE PIERRE GIRARD","adr_etab_2":null,"adr_etab_3":null,"adr_etab_4":null,"annee_scol":"2023-2024","st_area_shape":196055.725753435,"st_perimeter_shape":8348.846859045418,"type_etabl":"Elémentaire","geo_point_2d":{"lon":2.377308691575959,"lat":48.886001201524884}}},{"type":"Feature","geometry":{"coordinates":[[[[2.388545,48.886561],[2.389102,48.886091],[2.388164,48.885957],[2.387972,48.88644],[2.388545,48.886561]]],[[[2.38966,48.883811],[2.38943,48.884102],[2.38988,48.883899],[2.38966,48.883811]]],[[[2.394379,48.883973],[2.393808,48.883751],[2.393607,48.884269],[2.394393,48.884429],[2.394119,48.884139],[2.394379,48.883973]]],[[[2.389618,48.886165],[2.389344,48.886126],[2.389344,48.886127],[2.389454,48.886273],[2.389625,48.88631],[2.389733,48.886198],[2.389702,48.886186],[2.3897,48.886186],[2.389699,48.886185],[2.389698,48.886185],[2.389696,48.886184],[2.389694,48.886184],[2.389693,48.886183],[2.389691,48.886183],[2.389689,48.886182],[2.389687,48.886181],[2.389686,48.886181],[2.389684,48.88618],[2.389682,48.88618],[2.38968,48.886179],[2.389679,48.886179],[2.389677,48.886178],[2.389675,48.886178],[2.389674,48.886177],[2.389672,48.886177],[2.389671,48.886176],[2.389669,48.886176],[2.389668,48.886176],[2.389667,48.886175],[2.389666,48.886175],[2.389665,48.886175],[2.389664,48.886174],[2.389662,48.886174],[2.389661,48.886174],[2.38966,48.886173],[2.389659,48.886173],[2.389657,48.886173],[2.389656,48.886172],[2.389655,48.886172],[2.389654,48.886172],[2.389652,48.886172],[2.389651,48.886171],[2.38965,48.886171],[2.389648,48.886171],[2.389647,48.88617],[2.389646,48.88617],[2.389644,48.88617],[2.389643,48.88617],[2.389642,48.886169],[2.38964,48.886169],[2.389639,48.886169],[2.389638,48.886169],[2.389637,48.886168],[2.389635,48.886168],[2.389634,48.886168],[2.389633,48.886168],[2.389632,48.886167],[2.38963,48.886167],[2.389629,48.886167],[2.389628,48.886167],[2.389627,48.886166],[2.389626,48.886166],[2.389624,48.886166],[2.389623,48.886166],[2.389622,48.886165],[2.389621,48.886165],[2.38962,48.886165],[2.389618,48.886165]]],[[[2.389668,48.886995],[2.389227,48.88688],[2.389218,48.887188],[2.389668,48.886995]]]],"type":"MultiPolygon"},"properties":{"id_projet":"ELEMENTAIRES (année scolaire 2023/2024)","libelle":"Z.MANIN A,B/GOUBET","zone_commune":1,"etiquette":"Secteur commun des écoles \n30 RUE MANIN \n40 bis RUE MANIN\n4 RUE GOUBET","lib_etab_1":"MANIN (30) ELEM B","lib_etab_2":"MANIN (40B) ELEM","lib_etab_3":"GOUBET (4) ELEM","lib_etab_4":null,"adr_etab_1":"30 RUE MANIN","adr_etab_2":"40 bis RUE MANIN","adr_etab_3":"4 RUE GOUBET","adr_etab_4":null,"annee_scol":"2023-2024","st_area_shape":7298.655220113322,"st_perimeter_shape":820.6158412165045,"type_etabl":"Elémentaire","geo_point_2d":{"lon":2.390522830562953,"lat":48.88541711658445}}},{"type":"Feature","geometry":{"coordinates":[[[[2.368149,48.889566],[2.371134,48.889215],[2.369289,48.886708],[2.367182,48.887371],[2.368149,48.889566]]],[[[2.371702,48.88533],[2.369459,48.884374],[2.371148,48.885403],[2.37103,48.885676],[2.371702,48.88533]]],[[[2.369521,48.885166],[2.368944,48.885316],[2.36949,48.885669],[2.369321,48.886357],[2.370301,48.885873],[2.369521,48.885166]]],[[[2.368842,48.88629],[2.368191,48.886428],[2.368527,48.886744],[2.368983,48.886581],[2.368842,48.88629]]],[[[2.367102,48.886616],[2.36671,48.88638],[2.366933,48.886756],[2.367102,48.886616]]],[[[2.373406,48.887094],[2.374359,48.886714],[2.371772,48.885432],[2.371159,48.885755],[2.372978,48.887265],[2.373406,48.887094]]],[[[2.367966,48.886948],[2.368382,48.886797],[2.368038,48.886481],[2.366977,48.886869],[2.36716,48.887238],[2.367966,48.886948]]],[[[2.374607,48.886771],[2.373039,48.887314],[2.373627,48.887801],[2.375309,48.887149],[2.374607,48.886771]]],[[[2.374395,48.888269],[2.374346,48.888061],[2.375789,48.887562],[2.376197,48.887955],[2.377011,48.887967],[2.375366,48.887233],[2.37374,48.887859],[2.374395,48.888269]]],[[[2.371719,48.886954],[2.370517,48.885969],[2.369429,48.886651],[2.370211,48.887323],[2.371294,48.889073],[2.373507,48.888499],[2.371719,48.886954]]]],"type":"MultiPolygon"},"properties":{"id_projet":"ELEMENTAIRES (année scolaire 2023/2024)","libelle":"G.TANGER(41)A/B","zone_commune":1,"etiquette":"Secteur commun des écoles \n41 RUE DE TANGER (A) \n41 RUE DE TANGER (B)","lib_etab_1":"TANGER (41) ELEM A","lib_etab_2":"TANGER (41) ELEM B","lib_etab_3":null,"lib_etab_4":null,"adr_etab_1":"41 RUE DE TANGER (A)","adr_etab_2":"41 RUE DE TANGER (B)","adr_etab_3":null,"adr_etab_4":null,"annee_scol":"2023-2024","st_area_shape":156713.52473050656,"st_perimeter_shape":5291.875488776005,"type_etabl":"Elémentaire","geo_point_2d":{"lon":2.3708714890932967,"lat":48.8875083710487}}},{"type":"Feature","geometry":{"coordinates":[[[2.391132,48.888112],[2.391789,48.887204],[2.391506,48.887158],[2.391132,48.888112]]],"type":"Polygon"},"properties":{"id_projet":"ELEMENTAIRES (année scolaire 2023/2024)","libelle":"Z. MANIN(30)/MANIN(40B)/JEAN JAURES(160)","zone_commune":1,"etiquette":"Secteur commun des écoles \n30 RUE MANIN \n40 bis RUE MANIN\n160 AVENUE JEAN JAURES","lib_etab_1":"MANIN (30) ELEM B","lib_etab_2":"MANIN (40B) ELEM","lib_etab_3":"JEAN JAURES (160) ELEM","lib_etab_4":null,"adr_etab_1":"30 RUE MANIN","adr_etab_2":"40 bis RUE MANIN","adr_etab_3":"160 AVENUE JEAN JAURES","adr_etab_4":null,"annee_scol":"2023-2024","st_area_shape":2031.055510961176,"st_perimeter_shape":267.8779237073848,"type_etabl":"Elémentaire","geo_point_2d":{"lon":2.3914537634655084,"lat":48.88760972864151}}},{"type":"Feature","geometry":{"coordinates":[[[[2.391372,48.885262],[2.390873,48.884981],[2.390573,48.885764],[2.390134,48.886026],[2.393045,48.886283],[2.393092,48.886053],[2.392437,48.88597],[2.392311,48.885552],[2.391372,48.885262]]],[[[2.390954,48.882863],[2.391273,48.882836],[2.391216,48.882528],[2.390258,48.882734],[2.390954,48.882863]]],[[[2.385942,48.880067],[2.385543,48.883011],[2.385939,48.882665],[2.386165,48.880989],[2.386531,48.8804],[2.385942,48.880067]]],[[[2.387928,48.8829],[2.388336,48.881697],[2.387136,48.882219],[2.38721,48.882862],[2.385978,48.882876],[2.387805,48.88312],[2.387928,48.8829]]],[[[2.389621,48.883204],[2.389341,48.882934],[2.388379,48.883146],[2.389738,48.883633],[2.389904,48.88346],[2.389621,48.883204]]],[[[2.391698,48.883813],[2.392044,48.883435],[2.391612,48.883573],[2.389607,48.882883],[2.391698,48.883813]]],[[[2.395469,48.883833],[2.395424,48.883517],[2.394943,48.883811],[2.395469,48.883833]]],[[[2.392386,48.883817],[2.393041,48.883363],[2.392549,48.883165],[2.391852,48.883855],[2.392386,48.883817]]],[[[2.385258,48.883169],[2.382848,48.882656],[2.383585,48.883118],[2.383462,48.883457],[2.38443,48.883893],[2.385258,48.883169]]],[[[2.3851,48.883937],[2.385289,48.883321],[2.384735,48.883813],[2.3851,48.883937]]],[[[2.3875,48.883439],[2.385968,48.883271],[2.38747,48.884068],[2.387728,48.883482],[2.3875,48.883439]]],[[[2.389479,48.883958],[2.389545,48.883766],[2.388011,48.883319],[2.387668,48.884017],[2.389479,48.883958]]],[[[2.389925,48.883916],[2.38959,48.884157],[2.390223,48.884065],[2.389925,48.883916]]],[[[2.391555,48.883955],[2.391215,48.883998],[2.391276,48.884219],[2.391555,48.883955]]],[[[2.395338,48.88405],[2.394863,48.883983],[2.39486,48.88399],[2.39498,48.884125],[2.394978,48.884132],[2.395385,48.884207],[2.395499,48.88426],[2.395531,48.884253],[2.395458,48.884119],[2.395338,48.88405]]],[[[2.391835,48.88423],[2.391756,48.883991],[2.391433,48.884272],[2.391835,48.88423]]],[[[2.390733,48.884243],[2.390664,48.884215],[2.390613,48.884223],[2.390634,48.884334],[2.391237,48.884567],[2.391318,48.884479],[2.39128,48.884462],[2.390839,48.884285],[2.390733,48.884243]]],[[[2.395458,48.885362],[2.395706,48.885118],[2.395607,48.884445],[2.395309,48.884719],[2.395458,48.885362]]],[[[2.395154,48.885648],[2.395254,48.885555],[2.394882,48.885564],[2.394911,48.88569],[2.39502,48.885692],[2.395154,48.885648]]],[[[2.395037,48.885891],[2.394862,48.886113],[2.395109,48.886227],[2.395037,48.885891]]]],"type":"MultiPolygon"},"properties":{"id_projet":"ELEMENTAIRES (année scolaire 2024/2025)","libelle":"MANIN (30) ELEM B","zone_commune":0,"etiquette":"Secteur de l'école 30 RUE MANIN","lib_etab_1":"MANIN (30) ELEM B","lib_etab_2":null,"lib_etab_3":null,"lib_etab_4":null,"adr_etab_1":"30 RUE MANIN","adr_etab_2":null,"adr_etab_3":null,"adr_etab_4":null,"annee_scol":"2024-2025","st_area_shape":77761.94899916375,"st_perimeter_shape":5836.542168647697,"type_etabl":"Elémentaire","geo_point_2d":{"lon":2.388655096776001,"lat":48.88359223837582}}},{"type":"Feature","geometry":{"coordinates":[[[2.39255,48.878707],[2.39232,48.878678],[2.392246,48.878843],[2.392241,48.878844],[2.392163,48.878982],[2.392254,48.878969],[2.392267,48.878967],[2.392419,48.878946],[2.392479,48.878812],[2.392501,48.878759],[2.39255,48.878707]]],"type":"Polygon"},"properties":{"id_projet":"ELEMENTAIRES (année scolaire 2024/2025)","libelle":"Z.COMPANS/BRUNET/E. COTTON","zone_commune":1,"etiquette":"Secteur commun des écoles \n106 RUE COMPANS \n7 RUE DU GENERAL BRUNET\n16 RUE EUGENIE COTTON (ECOLE A (","lib_etab_1":"COMPANS (106) ELEM A","lib_etab_2":"GENERAL BRUNET (7) ELEM","lib_etab_3":"EUGENIE COTTON (16) ELEM B","lib_etab_4":"EUGENIE COTTON (16) ELEM A","adr_etab_1":"106 RUE COMPANS","adr_etab_2":"7 RUE DU GENERAL BRUNET","adr_etab_3":"16 RUE EUGENIE COTTON (ECOLE A (A)","adr_etab_4":"16 RUE EUGENIE COTTON (ECOLE A (B)","annee_scol":"2024-2025","st_area_shape":503.5120688628077,"st_perimeter_shape":100.67104677646168,"type_etabl":"Elémentaire","geo_point_2d":{"lon":2.392355988625038,"lat":48.87882870841526}}},{"type":"Feature","geometry":{"coordinates":[[[[2.374942,48.882335],[2.375914,48.881415],[2.37821,48.881998],[2.378598,48.881582],[2.380155,48.882198],[2.380898,48.881732],[2.376559,48.880595],[2.373978,48.881746],[2.374942,48.882335]]],[[[2.378183,48.876846],[2.378157,48.876824],[2.377817,48.876841],[2.377733,48.876845],[2.377637,48.87685],[2.377544,48.876854],[2.377465,48.876858],[2.377383,48.876862],[2.377274,48.876867],[2.377172,48.876871],[2.377071,48.876876],[2.376961,48.876881],[2.376908,48.876884],[2.376836,48.876906],[2.376649,48.876964],[2.376538,48.876999],[2.376462,48.877022],[2.376391,48.877044],[2.37629,48.877075],[2.376231,48.877094],[2.376164,48.877126],[2.376092,48.877159],[2.37602,48.877193],[2.3758,48.877297],[2.375809,48.877323],[2.376074,48.877352],[2.376082,48.877353],[2.376167,48.877362],[2.376206,48.877366],[2.376256,48.877358],[2.376272,48.877353],[2.376365,48.877322],[2.376453,48.877292],[2.376664,48.877223],[2.37675,48.877196],[2.376995,48.877115],[2.377013,48.87711],[2.377486,48.877088],[2.378034,48.877061],[2.378069,48.877044],[2.378155,48.876894],[2.378183,48.876846]]],[[[2.378009,48.877139],[2.377984,48.877119],[2.377791,48.877128],[2.377761,48.877129],[2.377647,48.877133],[2.377457,48.877143],[2.377349,48.877149],[2.377107,48.877161],[2.377036,48.877164],[2.376913,48.877204],[2.376736,48.877262],[2.37664,48.877293],[2.376414,48.877366],[2.376419,48.877391],[2.376659,48.877417],[2.376753,48.877412],[2.376941,48.877403],[2.377131,48.877393],[2.377363,48.877382],[2.377606,48.87737],[2.377863,48.877358],[2.3779,48.87734],[2.377921,48.877297],[2.377961,48.877224],[2.378009,48.877139]]],[[[2.377992,48.877699],[2.378519,48.876821],[2.378352,48.87661],[2.377992,48.877699]]],[[[2.377782,48.877543],[2.375759,48.8774],[2.376734,48.877713],[2.377782,48.877543]]],[[[2.373939,48.87774],[2.373728,48.877738],[2.373735,48.877777],[2.373746,48.877792],[2.373745,48.877805],[2.373746,48.877807],[2.373954,48.877817],[2.373939,48.87774]]],[[[2.375869,48.877847],[2.375366,48.878046],[2.37673,48.878177],[2.375869,48.877847]]],[[[2.373373,48.878073],[2.372436,48.877028],[2.371308,48.877823],[2.370882,48.877771],[2.373373,48.878073]]],[[[2.373998,48.87797],[2.37338,48.878223],[2.374055,48.878298],[2.373998,48.87797]]],[[[2.375788,48.877673],[2.375663,48.877308],[2.37618,48.877037],[2.378206,48.876634],[2.375874,48.876867],[2.374197,48.877671],[2.374951,48.877437],[2.374236,48.877849],[2.374361,48.878289],[2.375097,48.878413],[2.375788,48.877673]]],[[[2.378136,48.878753],[2.37775,48.878163],[2.37719,48.87812],[2.377979,48.877723],[2.375938,48.877689],[2.376864,48.878018],[2.376846,48.878261],[2.375397,48.878112],[2.375288,48.878403],[2.378136,48.878753]]],[[[2.371437,48.878846],[2.372623,48.878321],[2.370975,48.878137],[2.37083,48.878415],[2.371437,48.878846]]],[[[2.375596,48.878651],[2.375842,48.879981],[2.37813,48.878958],[2.375596,48.878651]]],[[[2.375527,48.879614],[2.375381,48.878672],[2.374422,48.878543],[2.374503,48.879603],[2.375483,48.879994],[2.375527,48.879614]]],[[[2.374071,48.880285],[2.374234,48.879382],[2.37302,48.879988],[2.374239,48.879317],[2.374022,48.878476],[2.372965,48.87836],[2.371479,48.878955],[2.373024,48.88066],[2.374071,48.880285]]],[[[2.375178,48.88003],[2.374499,48.879818],[2.374154,48.880652],[2.375434,48.880164],[2.375178,48.88003]]],[[[2.378709,48.881071],[2.37943,48.880415],[2.378441,48.879103],[2.375995,48.880128],[2.378709,48.881071]]],[[[2.372246,48.880117],[2.371267,48.880459],[2.371857,48.881068],[2.372705,48.88066],[2.372246,48.880117]]],[[[2.373966,48.880487],[2.372939,48.880806],[2.373226,48.881137],[2.373966,48.880487]]],[[[2.379596,48.880596],[2.378967,48.881145],[2.380408,48.881371],[2.379596,48.880596]]],[[[2.376338,48.880491],[2.375674,48.880273],[2.374043,48.881025],[2.374438,48.881411],[2.376338,48.880491]]],[[[2.372734,48.88073],[2.371908,48.881122],[2.372331,48.881525],[2.373039,48.881218],[2.372734,48.88073]]],[[[2.374283,48.881454],[2.373907,48.881086],[2.373487,48.881274],[2.373864,48.881642],[2.374283,48.881454]]],[[[2.381136,48.88192],[2.381088,48.882236],[2.381561,48.882258],[2.381136,48.88192]]],[[[2.371648,48.881014],[2.371233,48.880586],[2.37066,48.880633],[2.372091,48.879955],[2.370562,48.87856],[2.370522,48.882281],[2.372171,48.881595],[2.371648,48.881014]]],[[[2.374939,48.882489],[2.374777,48.882404],[2.374518,48.882271],[2.374442,48.882324],[2.374562,48.882392],[2.374633,48.882488],[2.374659,48.882472],[2.374664,48.882476],[2.374937,48.882502],[2.374939,48.882489]]],[[[2.371791,48.882868],[2.374408,48.882216],[2.37379,48.881836],[2.371791,48.882868]]],[[[2.371718,48.882733],[2.373658,48.881701],[2.373213,48.881357],[2.370576,48.882501],[2.371324,48.882919],[2.371718,48.882733]]],[[[2.375692,48.882949],[2.375596,48.8829],[2.375592,48.8829],[2.375085,48.883231],[2.375189,48.883297],[2.375692,48.882949]]]],"type":"MultiPolygon"},"properties":{"id_projet":"ELEMENTAIRES (année scolaire 2024/2025)","libelle":"G.SIMON BOLIVAR(119)A/B","zone_commune":1,"etiquette":"Secteur commun des écoles \n119 AVENUE SIMON BOLIVAR (EC.B (A) \n119 AVENUE SIMON BOLIVAR (EC.B (B)","lib_etab_1":"SIMON BOLIVAR (119) ELEM A","lib_etab_2":"SIMON BOLIVAR (119) ELEM B","lib_etab_3":null,"lib_etab_4":null,"adr_etab_1":"119 AVENUE SIMON BOLIVAR (EC.B (A)","adr_etab_2":"119 AVENUE SIMON BOLIVAR (EC.B (B)","adr_etab_3":null,"adr_etab_4":null,"annee_scol":"2024-2025","st_area_shape":266213.68441879743,"st_perimeter_shape":12870.344652855094,"type_etabl":"Elémentaire","geo_point_2d":{"lon":2.3748536876406643,"lat":48.879926241485606}}},{"type":"Feature","geometry":{"coordinates":[[[[2.388258,48.892646],[2.394917,48.889665],[2.389221,48.888099],[2.388414,48.889418],[2.387766,48.889564],[2.387097,48.890613],[2.387988,48.890923],[2.387642,48.891241],[2.387317,48.891082],[2.386876,48.89192],[2.388258,48.892646]]],[[[2.386302,48.886836],[2.386261,48.886161],[2.385276,48.886018],[2.385279,48.885745],[2.385038,48.886519],[2.386302,48.886836]]],[[[2.387133,48.886858],[2.387362,48.886338],[2.387019,48.886278],[2.386463,48.886871],[2.387183,48.887079],[2.387133,48.886858]]],[[[2.38881,48.886907],[2.389102,48.886091],[2.388545,48.886561],[2.387865,48.886449],[2.387256,48.887099],[2.388524,48.88743],[2.38881,48.886907]]],[[[2.389508,48.887254],[2.389227,48.88688],[2.389668,48.886995],[2.38993,48.88647],[2.389344,48.886127],[2.388679,48.88747],[2.388995,48.887558],[2.389185,48.887233],[2.389304,48.887585],[2.389508,48.887254]]],[[[2.388454,48.888385],[2.389114,48.887891],[2.386822,48.887291],[2.38634,48.888285],[2.388223,48.888759],[2.388454,48.888385]]],[[[2.388398,48.888919],[2.386351,48.888395],[2.386074,48.888697],[2.388206,48.889362],[2.388398,48.888919]]],[[[2.386542,48.888986],[2.385975,48.888846],[2.385584,48.88943],[2.387254,48.889892],[2.387651,48.889273],[2.386542,48.888986]]],[[[2.385679,48.889623],[2.385281,48.890014],[2.386852,48.890529],[2.387168,48.890032],[2.385679,48.889623]]]],"type":"MultiPolygon"},"properties":{"id_projet":"ELEMENTAIRES (année scolaire 2024/2025)","libelle":"JEAN JAURES (160) ELEM","zone_commune":0,"etiquette":"Secteur de l'école 160 AVENUE JEAN JAURES","lib_etab_1":"JEAN JAURES (160) ELEM","lib_etab_2":null,"lib_etab_3":null,"lib_etab_4":null,"adr_etab_1":"160 AVENUE JEAN JAURES","adr_etab_2":null,"adr_etab_3":null,"adr_etab_4":null,"annee_scol":"2024-2025","st_area_shape":216088.7890790835,"st_perimeter_shape":5360.303387616249,"type_etabl":"Elémentaire","geo_point_2d":{"lon":2.3893812074360086,"lat":48.889619252541884}}},{"type":"Feature","geometry":{"coordinates":[[[2.397978,48.878057],[2.398095,48.878074],[2.398136,48.87808],[2.398173,48.878085],[2.398178,48.878068],[2.398183,48.878048],[2.398187,48.878034],[2.398192,48.878014],[2.398195,48.878005],[2.398209,48.877952],[2.398225,48.877894],[2.398189,48.87789],[2.398173,48.877888],[2.398115,48.877882],[2.398103,48.877881],[2.397981,48.877868],[2.397978,48.878057]]],"type":"Polygon"},"properties":{"id_projet":"4907","libelle":"Z. E. COTTON/ROMAINVILLE A(57)/ROMAINVILLE B(59)","zone_commune":1,"etiquette":"Secteur commun des écoles \n16 RUE EUGENIE COTTON (ECOLE A (A) \n16 RUE EUGENIE COTTON (ECOLE A (B)\n59","lib_etab_1":"EUGENIE COTTON (16) ELEM B","lib_etab_2":"EUGENIE COTTON (16) ELEM A","lib_etab_3":"ROMAINVILLE (59) ELEM B","lib_etab_4":"ROMAINVILLE (57) ELEM A","adr_etab_1":"16 RUE EUGENIE COTTON (ECOLE A (A)","adr_etab_2":"16 RUE EUGENIE COTTON (ECOLE A (B)","adr_etab_3":"59 RUE DE ROMAINVILLE","adr_etab_4":"57 RUE DE ROMAINVILLE","annee_scol":"2025-2026","st_area_shape":346.1677794652005,"st_perimeter_shape":75.34131896034776,"type_etabl":"Elémentaire","geo_point_2d":{"lon":2.3980905245391044,"lat":48.87797255987482}}},{"type":"Feature","geometry":{"coordinates":[[[[2.385069,48.889928],[2.386624,48.887249],[2.385957,48.887499],[2.385678,48.888022],[2.385238,48.887901],[2.385462,48.887545],[2.384926,48.887374],[2.384836,48.886933],[2.383832,48.889338],[2.385069,48.889928]]],[[[2.380544,48.884394],[2.381491,48.883717],[2.381254,48.883353],[2.380098,48.884591],[2.380544,48.884394]]],[[[2.380538,48.883651],[2.381447,48.882649],[2.380732,48.882864],[2.379357,48.88433],[2.379674,48.884603],[2.380538,48.883651]]],[[[2.380021,48.884867],[2.379961,48.884756],[2.379959,48.884757],[2.379942,48.884762],[2.37985,48.88486],[2.379859,48.884879],[2.380021,48.884867]]],[[[2.379432,48.88487],[2.379429,48.884861],[2.379196,48.884871],[2.379208,48.884875],[2.379248,48.884886],[2.379281,48.885008],[2.379315,48.885],[2.379375,48.884934],[2.379392,48.884915],[2.379432,48.88487]]],[[[2.384309,48.884564],[2.384276,48.884563],[2.384244,48.884894],[2.384282,48.884906],[2.384359,48.884929],[2.384306,48.885001],[2.384469,48.885073],[2.384484,48.885065],[2.384469,48.884973],[2.384442,48.884867],[2.384416,48.884788],[2.384375,48.884694],[2.384346,48.884632],[2.384309,48.884564]]],[[[2.384448,48.884404],[2.384377,48.884313],[2.38432,48.884393],[2.384443,48.884534],[2.384456,48.884548],[2.384457,48.88455],[2.384459,48.884551],[2.38446,48.884553],[2.384462,48.884555],[2.384463,48.884557],[2.384465,48.884559],[2.384466,48.88456],[2.384468,48.884562],[2.384469,48.884564],[2.384471,48.884566],[2.384472,48.884568],[2.384474,48.88457],[2.384475,48.884572],[2.384477,48.884574],[2.384478,48.884576],[2.38448,48.884578],[2.384482,48.88458],[2.384483,48.884583],[2.384485,48.884585],[2.384487,48.884587],[2.384489,48.88459],[2.384491,48.884593],[2.384492,48.884595],[2.384494,48.884598],[2.384496,48.8846],[2.384497,48.884602],[2.384499,48.884604],[2.3845,48.884607],[2.384502,48.884609],[2.384503,48.884611],[2.384505,48.884613],[2.384506,48.884615],[2.384508,48.884617],[2.384509,48.884619],[2.384511,48.884622],[2.384512,48.884624],[2.384514,48.884627],[2.384515,48.884629],[2.384517,48.884632],[2.384519,48.884635],[2.38452,48.884638],[2.384522,48.884642],[2.384525,48.884646],[2.384527,48.88465],[2.384529,48.884653],[2.384531,48.884657],[2.384532,48.88466],[2.384534,48.884664],[2.384536,48.884667],[2.384538,48.88467],[2.384539,48.884673],[2.384541,48.884676],[2.384542,48.884679],[2.384545,48.884685],[2.384547,48.884688],[2.384548,48.884691],[2.38455,48.884693],[2.384551,48.884696],[2.384552,48.884699],[2.384554,48.884702],[2.384555,48.884705],[2.384556,48.884708],[2.384558,48.884711],[2.384559,48.884714],[2.384561,48.884717],[2.384562,48.884721],[2.384564,48.884724],[2.384565,48.884727],[2.384566,48.884731],[2.384568,48.884734],[2.384569,48.884738],[2.384571,48.884741],[2.384572,48.884745],[2.384574,48.884748],[2.384575,48.884752],[2.384576,48.884756],[2.384578,48.88476],[2.384579,48.884764],[2.384581,48.884768],[2.384582,48.884772],[2.384584,48.884776],[2.384585,48.88478],[2.384587,48.884787],[2.38459,48.884793],[2.384592,48.884799],[2.384594,48.884805],[2.384596,48.884811],[2.384597,48.884816],[2.384599,48.884821],[2.384601,48.884827],[2.384603,48.884832],[2.384604,48.884837],[2.384606,48.884842],[2.384607,48.884847],[2.384609,48.884852],[2.384611,48.884857],[2.384612,48.884863],[2.384613,48.884868],[2.384615,48.884874],[2.384617,48.88488],[2.384618,48.884886],[2.38462,48.884893],[2.384621,48.884899],[2.384622,48.884905],[2.384623,48.88491],[2.384624,48.884915],[2.384625,48.88492],[2.384626,48.884925],[2.384627,48.884929],[2.384628,48.884934],[2.384629,48.884938],[2.38463,48.884943],[2.384631,48.884947],[2.384632,48.884951],[2.384632,48.884955],[2.384633,48.88496],[2.384634,48.884964],[2.384635,48.884968],[2.384635,48.884972],[2.384636,48.884976],[2.384637,48.884984],[2.384638,48.884988],[2.384639,48.884993],[2.38464,48.884996],[2.38464,48.885],[2.384641,48.885004],[2.384641,48.885007],[2.384642,48.885011],[2.384643,48.885015],[2.384643,48.885019],[2.384644,48.885023],[2.384644,48.885026],[2.384645,48.88503],[2.384645,48.885034],[2.384646,48.885038],[2.384646,48.885042],[2.384647,48.885046],[2.384647,48.88505],[2.384647,48.885054],[2.384648,48.885058],[2.384648,48.885062],[2.384648,48.885066],[2.384648,48.88507],[2.384648,48.885074],[2.384649,48.885077],[2.384649,48.885079],[2.384649,48.885081],[2.384756,48.885072],[2.384753,48.885039],[2.384738,48.884969],[2.384721,48.884899],[2.384704,48.88483],[2.38468,48.884756],[2.384657,48.884697],[2.384641,48.884658],[2.3846,48.884574],[2.384594,48.884562],[2.384548,48.884553],[2.384488,48.88446],[2.384469,48.884431],[2.384448,48.884404]]],[[[2.379886,48.885101],[2.379768,48.884981],[2.379738,48.884986],[2.37965,48.885083],[2.379664,48.885109],[2.379672,48.885111],[2.379674,48.885112],[2.379884,48.885105],[2.379885,48.885103],[2.379886,48.885101]]],[[[2.375955,48.885726],[2.377042,48.884808],[2.376832,48.884717],[2.375702,48.885706],[2.375955,48.885726]]],[[[2.384513,48.885656],[2.384502,48.88536],[2.384035,48.885462],[2.383974,48.885956],[2.384497,48.88635],[2.384513,48.885656]]],[[[2.384996,48.886661],[2.385195,48.886007],[2.384768,48.88538],[2.384996,48.886661]]],[[[2.38115,48.887761],[2.381254,48.887513],[2.380438,48.887573],[2.380979,48.887998],[2.38115,48.887761]]],[[[2.384325,48.887572],[2.382533,48.887061],[2.382237,48.88746],[2.384199,48.888176],[2.384325,48.887572]]],[[[2.380391,48.88818],[2.380125,48.888048],[2.380007,48.887988],[2.379967,48.887993],[2.379964,48.887995],[2.380028,48.888131],[2.380027,48.888132],[2.379977,48.888175],[2.379921,48.888148],[2.379843,48.888191],[2.380023,48.88828],[2.380186,48.888362],[2.380391,48.88818]]],[[[2.382166,48.887862],[2.381461,48.887675],[2.381069,48.888066],[2.381676,48.888391],[2.382166,48.887862]]],[[[2.380409,48.887699],[2.380062,48.887904],[2.381226,48.888344],[2.380409,48.887699]]],[[[2.38102,48.888493],[2.380499,48.888234],[2.380295,48.888415],[2.38102,48.888493]]],[[[2.383672,48.889206],[2.384218,48.888304],[2.382446,48.887735],[2.381855,48.88841],[2.383672,48.889206]]],[[[2.383686,48.889499],[2.38365,48.889486],[2.383606,48.889524],[2.383666,48.889559],[2.383686,48.889499]]],[[[2.381839,48.888569],[2.381329,48.888402],[2.38101,48.88877],[2.382636,48.889579],[2.383432,48.889301],[2.381839,48.888569]]],[[[2.383514,48.889426],[2.382749,48.88969],[2.383046,48.889835],[2.383514,48.889426]]],[[[2.38483,48.889994],[2.384803,48.889982],[2.384792,48.890338],[2.384884,48.890202],[2.384948,48.890107],[2.38492,48.890039],[2.38483,48.889994]]],[[[2.384112,48.889649],[2.384621,48.890542],[2.384668,48.889919],[2.384112,48.889649]]],[[[2.386494,48.890563],[2.385192,48.890137],[2.38492,48.890666],[2.385254,48.890499],[2.386226,48.890826],[2.386187,48.891284],[2.386802,48.890723],[2.386494,48.890563]]]],"type":"MultiPolygon"},"properties":{"id_projet":"4907","libelle":"TANDOU (9) ELEM","zone_commune":0,"etiquette":"Secteur de l'école 9 RUE TANDOU","lib_etab_1":"TANDOU (9) ELEM","lib_etab_2":null,"lib_etab_3":null,"lib_etab_4":null,"adr_etab_1":"9 RUE TANDOU","adr_etab_2":null,"adr_etab_3":null,"adr_etab_4":null,"annee_scol":"2025-2026","st_area_shape":104019.71229341775,"st_perimeter_shape":6836.247076902338,"type_etabl":"Elémentaire","geo_point_2d":{"lon":2.383250895011058,"lat":48.88779864135573}}},{"type":"Feature","geometry":{"coordinates":[[[[2.367406,48.884953],[2.36596,48.885581],[2.366659,48.886316],[2.368201,48.885729],[2.367406,48.884953]]],[[[2.368558,48.884588],[2.368781,48.884484],[2.368567,48.884311],[2.36779,48.884385],[2.368143,48.884712],[2.368558,48.884588]]],[[[2.36781,48.884593],[2.367045,48.884434],[2.367661,48.885007],[2.36781,48.884593]]],[[[2.366234,48.884854],[2.366615,48.885146],[2.36727,48.884861],[2.366818,48.884424],[2.365001,48.884566],[2.365554,48.885149],[2.366234,48.884854]]],[[[2.366536,48.885179],[2.36618,48.884939],[2.365597,48.885194],[2.365883,48.885463],[2.366536,48.885179]]],[[[2.371148,48.885403],[2.369437,48.884394],[2.370886,48.885559],[2.371148,48.885403]]],[[[2.368887,48.884569],[2.367896,48.885099],[2.369321,48.886357],[2.36949,48.885669],[2.368944,48.885316],[2.369404,48.885072],[2.368887,48.884569]]],[[[2.367341,48.88661],[2.368723,48.88618],[2.368292,48.885777],[2.366712,48.886376],[2.367234,48.886477],[2.366935,48.88676],[2.367341,48.88661]]],[[[2.367438,48.886911],[2.36801,48.88649],[2.366992,48.886843],[2.367438,48.886911]]]],"type":"MultiPolygon"},"properties":{"id_projet":"4907","libelle":"TANGER (17) ELEM","zone_commune":0,"etiquette":"Secteur de l'école 17 RUE DE TANGER","lib_etab_1":"TANGER (17) ELEM","lib_etab_2":null,"lib_etab_3":null,"lib_etab_4":null,"adr_etab_1":"17 RUE DE TANGER","adr_etab_2":null,"adr_etab_3":null,"adr_etab_4":null,"annee_scol":"2025-2026","st_area_shape":49705.31624034393,"st_perimeter_shape":3041.848024913452,"type_etabl":"Elémentaire","geo_point_2d":{"lon":2.367632595013904,"lat":48.885395188150994}}},{"type":"Feature","geometry":{"coordinates":[[[[2.389154,48.897348],[2.392167,48.896884],[2.394053,48.895393],[2.386955,48.891994],[2.387317,48.891082],[2.387642,48.891241],[2.387988,48.890923],[2.387097,48.890613],[2.386209,48.892059],[2.387205,48.892477],[2.38643,48.892739],[2.384328,48.896103],[2.385652,48.897329],[2.389154,48.897348]]],[[[2.383666,48.889559],[2.383216,48.889864],[2.383518,48.890011],[2.383666,48.889559]]],[[[2.384621,48.890542],[2.383822,48.889587],[2.383646,48.890133],[2.384621,48.890542]]],[[[2.38297,48.890472],[2.382686,48.890332],[2.382389,48.89059],[2.382412,48.890611],[2.382962,48.890499],[2.38297,48.890472]]],[[[2.385412,48.89056],[2.384968,48.890736],[2.386187,48.891284],[2.386226,48.890826],[2.385412,48.89056]]],[[[2.386495,48.891413],[2.386462,48.891389],[2.386376,48.891346],[2.386326,48.891396],[2.386323,48.891394],[2.386268,48.891448],[2.386355,48.891491],[2.386395,48.891511],[2.386495,48.891413]]],[[[2.384042,48.891005],[2.382556,48.891706],[2.383926,48.892814],[2.384499,48.89129],[2.384042,48.891005]]],[[[2.384993,48.891746],[2.384665,48.891371],[2.384074,48.892932],[2.385238,48.892379],[2.384993,48.891746]]],[[[2.381493,48.892117],[2.383665,48.890873],[2.383026,48.890595],[2.382174,48.890771],[2.379299,48.892296],[2.380125,48.892945],[2.381493,48.892117]]],[[[2.383924,48.893079],[2.383939,48.892985],[2.383857,48.893114],[2.383924,48.893079]]],[[[2.385214,48.89305],[2.385375,48.892443],[2.384242,48.893071],[2.38463,48.893381],[2.385214,48.89305]]],[[[2.385067,48.893287],[2.385034,48.893271],[2.384735,48.893439],[2.384732,48.893466],[2.384855,48.893566],[2.384894,48.893562],[2.385067,48.893287]]],[[[2.384415,48.893379],[2.384069,48.89314],[2.383438,48.893692],[2.3837,48.893907],[2.384415,48.893379]]],[[[2.38009,48.894107],[2.379972,48.894012],[2.379963,48.894017],[2.380088,48.894112],[2.38009,48.894107]]],[[[2.382724,48.893552],[2.383854,48.892928],[2.382364,48.891739],[2.38021,48.893015],[2.381758,48.894229],[2.382724,48.893552]]],[[[2.380269,48.894268],[2.380288,48.894238],[2.380261,48.894251],[2.380221,48.894214],[2.380269,48.894268]]],[[[2.38461,48.893561],[2.383786,48.893977],[2.384352,48.894341],[2.38461,48.893561]]],[[[2.382469,48.895196],[2.382106,48.894897],[2.383519,48.894009],[2.383375,48.893749],[2.381866,48.894309],[2.3823,48.894639],[2.381994,48.895089],[2.382469,48.895196]]],[[[2.383768,48.894132],[2.382553,48.894693],[2.383626,48.895597],[2.384248,48.8946],[2.383768,48.894132]]],[[[2.383235,48.895844],[2.38256,48.89531],[2.382568,48.89565],[2.383235,48.895844]]],[[[2.393607,48.89729],[2.394031,48.895882],[2.392694,48.897068],[2.393607,48.89729]]],[[[2.396289,48.896642],[2.396346,48.896252],[2.394979,48.895993],[2.394645,48.897347],[2.395882,48.897314],[2.396289,48.896642]]],[[[2.392492,48.89736],[2.391955,48.897329],[2.391251,48.897482],[2.39127,48.89755],[2.39142,48.897541],[2.392103,48.897501],[2.39236,48.897486],[2.392491,48.897409],[2.392492,48.89736]]],[[[2.390921,48.898266],[2.390509,48.897594],[2.385973,48.897704],[2.387382,48.898594],[2.390921,48.898266]]]],"type":"MultiPolygon"},"properties":{"id_projet":"4907","libelle":"G.BARBANEGRE(7)A/B","zone_commune":1,"etiquette":"Secteur commun des écoles \n7 RUE BARBANEGRE (A) \n7 RUE BARBANEGRE (B)","lib_etab_1":"BARBANEGRE (7) ELEM B","lib_etab_2":"BARBANEGRE (7) ELEM A","lib_etab_3":null,"lib_etab_4":null,"adr_etab_1":"7 RUE BARBANEGRE (A)","adr_etab_2":"7 RUE BARBANEGRE (B)","adr_etab_3":null,"adr_etab_4":null,"annee_scol":"2025-2026","st_area_shape":431837.0285068161,"st_perimeter_shape":10053.965657367207,"type_etabl":"Elémentaire","geo_point_2d":{"lon":2.387216263165485,"lat":48.894678070733235}}},{"type":"Feature","geometry":{"coordinates":[[[[2.397141,48.881524],[2.396697,48.881486],[2.396101,48.882749],[2.395257,48.883207],[2.396913,48.88346],[2.396967,48.883092],[2.39648,48.883006],[2.397141,48.881524]]],[[[2.390907,48.878995],[2.390612,48.878814],[2.390857,48.878461],[2.390212,48.879023],[2.390907,48.878995]]],[[[2.390109,48.878936],[2.390789,48.878343],[2.390195,48.87834],[2.390109,48.878936]]],[[[2.392361,48.879077],[2.39232,48.878678],[2.393303,48.877902],[2.392381,48.877801],[2.391406,48.878135],[2.391656,48.878164],[2.391237,48.878511],[2.391606,48.878804],[2.391383,48.879356],[2.392361,48.879077]]],[[[2.389841,48.879169],[2.389823,48.879143],[2.389618,48.87923],[2.389609,48.87923],[2.389604,48.879231],[2.38952,48.879238],[2.389378,48.879249],[2.389378,48.879261],[2.38951,48.879422],[2.389584,48.879394],[2.389637,48.879348],[2.389788,48.879216],[2.389841,48.879169]]],[[[2.390362,48.879801],[2.391218,48.879465],[2.391029,48.879058],[2.390156,48.879124],[2.389786,48.879615],[2.390362,48.879801]]],[[[2.391515,48.879758],[2.391243,48.879583],[2.390443,48.879926],[2.39173,48.88004],[2.391515,48.879758]]],[[[2.392653,48.879682],[2.392347,48.879244],[2.391514,48.879555],[2.392019,48.880058],[2.392863,48.880104],[2.392915,48.879714],[2.392653,48.879682]]],[[[2.393328,48.879745],[2.393375,48.879388],[2.393161,48.879435],[2.392903,48.880107],[2.393277,48.880127],[2.393328,48.879745]]],[[[2.393797,48.87952],[2.393414,48.879393],[2.393317,48.880129],[2.393714,48.880151],[2.393797,48.87952]]],[[[2.394218,48.879645],[2.393843,48.879473],[2.393753,48.880153],[2.394148,48.880175],[2.394218,48.879645]]],[[[2.394654,48.879647],[2.39427,48.87953],[2.394185,48.880177],[2.394579,48.880197],[2.394654,48.879647]]],[[[2.395086,48.879675],[2.394701,48.879593],[2.394634,48.880199],[2.395014,48.880221],[2.395086,48.879675]]],[[[2.395523,48.879689],[2.395136,48.879598],[2.395052,48.880223],[2.395448,48.880246],[2.395523,48.879689]]],[[[2.39619,48.880123],[2.395574,48.879604],[2.395487,48.880248],[2.39619,48.880123]]],[[[2.390764,48.880166],[2.39153,48.880855],[2.392216,48.880417],[2.390764,48.880166]]],[[[2.39465,48.880382],[2.39452,48.880933],[2.395744,48.880463],[2.39465,48.880382]]],[[[2.392313,48.880483],[2.391558,48.880875],[2.39182,48.881053],[2.392506,48.880614],[2.392313,48.880483]]],[[[2.394203,48.880357],[2.39406,48.881109],[2.394478,48.880949],[2.394556,48.880377],[2.394203,48.880357]]],[[[2.394072,48.880739],[2.394123,48.880353],[2.39345,48.880315],[2.393496,48.880682],[2.393418,48.880313],[2.392256,48.880292],[2.393398,48.881067],[2.393664,48.880691],[2.393614,48.881093],[2.39402,48.881125],[2.394072,48.880739]]],[[[2.390571,48.88077],[2.390806,48.88062],[2.390054,48.880154],[2.389305,48.880929],[2.389743,48.881058],[2.389948,48.880746],[2.389779,48.881068],[2.390001,48.881134],[2.390571,48.88077]]],[[[2.390865,48.88066],[2.390042,48.881146],[2.390415,48.881255],[2.391098,48.880818],[2.390865,48.88066]]],[[[2.397561,48.881399],[2.397285,48.881033],[2.396964,48.881214],[2.397561,48.881399]]],[[[2.395793,48.880964],[2.396852,48.880998],[2.396726,48.880507],[2.396075,48.880462],[2.394965,48.880886],[2.39543,48.881411],[2.39536,48.881072],[2.395793,48.880964]]],[[[2.393062,48.881217],[2.392939,48.881133],[2.392893,48.881139],[2.392828,48.881181],[2.392749,48.881233],[2.392771,48.881332],[2.392784,48.881388],[2.392821,48.881413],[2.39287,48.881418],[2.393015,48.88143],[2.393106,48.881371],[2.393171,48.881329],[2.393193,48.881306],[2.393062,48.881217]]],[[[2.395014,48.880993],[2.394587,48.881031],[2.395006,48.881505],[2.395391,48.88142],[2.395014,48.880993]]],[[[2.389416,48.880628],[2.389959,48.880089],[2.389591,48.879793],[2.388402,48.880602],[2.388519,48.881497],[2.389416,48.880628]]],[[[2.38836,48.881623],[2.388206,48.880774],[2.387948,48.881699],[2.38836,48.881623]]],[[[2.394768,48.881287],[2.394552,48.881044],[2.39383,48.881228],[2.393632,48.881765],[2.394967,48.881513],[2.394768,48.881287]]],[[[2.393518,48.881584],[2.393612,48.881234],[2.392533,48.880633],[2.391849,48.881073],[2.392529,48.881535],[2.392877,48.881052],[2.39328,48.881327],[2.392586,48.881574],[2.39292,48.881801],[2.39341,48.881855],[2.393518,48.881584]]],[[[2.391172,48.880869],[2.390454,48.881267],[2.392616,48.881902],[2.391172,48.880869]]],[[[2.390069,48.881929],[2.390338,48.88135],[2.389981,48.881245],[2.389689,48.88168],[2.389769,48.881183],[2.389322,48.881768],[2.38989,48.881918],[2.389234,48.881798],[2.389717,48.881168],[2.389123,48.881492],[2.389444,48.881088],[2.389219,48.881021],[2.388492,48.881813],[2.390069,48.881929]]],[[[2.396396,48.881472],[2.393538,48.882052],[2.396001,48.88228],[2.396396,48.881472]]],[[[2.390732,48.882443],[2.390449,48.88192],[2.39084,48.882031],[2.390912,48.882403],[2.390954,48.882056],[2.39258,48.881999],[2.390398,48.881367],[2.390057,48.881836],[2.390406,48.88242],[2.390732,48.882443]]],[[[2.390144,48.882211],[2.388414,48.882045],[2.390265,48.882522],[2.390144,48.882211]]],[[[2.392778,48.882185],[2.391561,48.882492],[2.392766,48.882755],[2.393233,48.882296],[2.392778,48.882185]]],[[[2.394541,48.882247],[2.393489,48.882191],[2.394849,48.883118],[2.396018,48.882411],[2.394541,48.882247]]],[[[2.392618,48.882902],[2.391217,48.882528],[2.391273,48.882836],[2.390271,48.882784],[2.392135,48.883327],[2.392618,48.882902]]],[[[2.392036,48.883416],[2.389929,48.88293],[2.391612,48.883573],[2.392036,48.883416]]],[[[2.39342,48.882398],[2.392926,48.882846],[2.394712,48.883592],[2.394769,48.883323],[2.39342,48.882398]]],[[[2.394943,48.883811],[2.395424,48.883517],[2.395018,48.883513],[2.394943,48.883811]]],[[[2.395932,48.884028],[2.396767,48.883786],[2.39586,48.883593],[2.395932,48.884028]]],[[[2.394535,48.884138],[2.39463,48.883729],[2.392832,48.88294],[2.392549,48.883165],[2.393435,48.883738],[2.394221,48.883806],[2.394191,48.884215],[2.394535,48.884138]]]],"type":"MultiPolygon"},"properties":{"id_projet":"4907","libelle":"G.COMPANS(106)/BRUNET(7)","zone_commune":1,"etiquette":"Secteur commun des écoles \n106 RUE COMPANS \n7 RUE DU GENERAL BRUNET","lib_etab_1":"COMPANS (106) ELEM A","lib_etab_2":"GENERAL BRUNET (7) ELEM","lib_etab_3":null,"lib_etab_4":null,"adr_etab_1":"106 RUE COMPANS","adr_etab_2":"7 RUE DU GENERAL BRUNET","adr_etab_3":null,"adr_etab_4":null,"annee_scol":"2025-2026","st_area_shape":193352.27396902876,"st_perimeter_shape":14614.64534327728,"type_etabl":"Elémentaire","geo_point_2d":{"lon":2.3927376218437315,"lat":48.88121954305493}}},{"type":"Feature","geometry":{"coordinates":[[[[2.388258,48.892646],[2.394917,48.889665],[2.389221,48.888099],[2.388414,48.889418],[2.387766,48.889564],[2.387097,48.890613],[2.387988,48.890923],[2.387642,48.891241],[2.387317,48.891082],[2.386876,48.89192],[2.388258,48.892646]]],[[[2.387133,48.886858],[2.387362,48.886338],[2.387019,48.886278],[2.386463,48.886871],[2.387183,48.887079],[2.387133,48.886858]]],[[[2.386302,48.886836],[2.386261,48.886161],[2.385276,48.886018],[2.385279,48.885745],[2.385038,48.886519],[2.386302,48.886836]]],[[[2.389508,48.887254],[2.389227,48.88688],[2.389668,48.886995],[2.38993,48.88647],[2.389344,48.886127],[2.388679,48.88747],[2.388995,48.887558],[2.389185,48.887233],[2.389304,48.887585],[2.389508,48.887254]]],[[[2.385679,48.889623],[2.385281,48.890014],[2.386852,48.890529],[2.387168,48.890032],[2.385679,48.889623]]],[[[2.388398,48.888919],[2.386351,48.888395],[2.386074,48.888697],[2.388206,48.889362],[2.388398,48.888919]]],[[[2.38881,48.886907],[2.389102,48.886091],[2.388545,48.886561],[2.387865,48.886449],[2.387256,48.887099],[2.388524,48.88743],[2.38881,48.886907]]],[[[2.386542,48.888986],[2.385975,48.888846],[2.385584,48.88943],[2.387254,48.889892],[2.387651,48.889273],[2.386542,48.888986]]],[[[2.388454,48.888385],[2.389114,48.887891],[2.386822,48.887291],[2.38634,48.888285],[2.388223,48.888759],[2.388454,48.888385]]]],"type":"MultiPolygon"},"properties":{"id_projet":"4913","libelle":"JEAN JAURES (160) ELEM","zone_commune":0,"etiquette":"Secteur de l'école 160 JEAN JAURES (160) ELEM","lib_etab_1":"JEAN JAURES (160) ELEM","lib_etab_2":null,"lib_etab_3":null,"lib_etab_4":null,"adr_etab_1":"160 JEAN JAURES (160) ELEM","adr_etab_2":null,"adr_etab_3":null,"adr_etab_4":null,"annee_scol":"2026-2027","st_area_shape":216088.7890790835,"st_perimeter_shape":5360.303387616249,"type_etabl":"Elémentaire","geo_point_2d":{"lon":2.389381207436009,"lat":48.889619252541884}}},{"type":"Feature","geometry":{"coordinates":[[[2.384942,48.876701],[2.385396,48.87671],[2.38525,48.875884],[2.384754,48.875752],[2.384942,48.876701]]],"type":"Polygon"},"properties":{"id_projet":"4913","libelle":"Z.FESSART/ALOUETTES/VILLETTE","zone_commune":1,"etiquette":"Secteur commun des écoles \n4 FESSART (4) ELEM \n61 VILLETTE (61) ELEM\n5 ALOUETTES (5) ELEM","lib_etab_1":"FESSART (4) ELEM","lib_etab_2":"VILLETTE (61) ELEM","lib_etab_3":"ALOUETTES (5) ELEM","lib_etab_4":null,"adr_etab_1":"4 FESSART (4) ELEM","adr_etab_2":"61 VILLETTE (61) ELEM","adr_etab_3":"5 ALOUETTES (5) ELEM","adr_etab_4":null,"annee_scol":"2026-2027","st_area_shape":3795.816932412156,"st_perimeter_shape":276.91322854943536,"type_etabl":"Elémentaire","geo_point_2d":{"lon":2.3850447360722047,"lat":48.87624162515637}}},{"type":"Feature","geometry":{"coordinates":[[[[2.370774,48.901868],[2.370505,48.901801],[2.370537,48.901865],[2.37077,48.90187],[2.370774,48.901868]]],[[[2.388398,48.901413],[2.388393,48.901407],[2.388297,48.901426],[2.388298,48.901432],[2.388333,48.901425],[2.388341,48.901424],[2.388398,48.901413]]]],"type":"MultiPolygon"},"properties":{"id_projet":"ELEMENTAIRES (année scolaire 2021/2022)","libelle":"Z. BOLLAERT(53)/MACDONALD(118)/MACDONALD(141)","zone_commune":1,"etiquette":"Secteur commun des écoles \n53 RUE EMILE BOLLAERT \n118 BOULEVARD MAC DONALD\n141 BD MACDONALD","lib_etab_1":"EMILE BOLLAERT (53) POLY","lib_etab_2":"MACDONALD (118) POLY","lib_etab_3":"MACDONALD (141) POLY","lib_etab_4":null,"adr_etab_1":"53 RUE EMILE BOLLAERT","adr_etab_2":"118 BOULEVARD MAC DONALD","adr_etab_3":"141 BD MACDONALD","adr_etab_4":null,"annee_scol":"2021-2022","st_area_shape":68.36606116754395,"st_perimeter_shape":62.34280373528086,"type_etabl":"Elémentaire","geo_point_2d":{"lon":2.371972008319028,"lat":48.901812454582}}},{"type":"Feature","geometry":{"coordinates":[[[[2.380478,48.891533],[2.382048,48.890696],[2.382081,48.89003],[2.380959,48.889474],[2.377769,48.891089],[2.379154,48.89221],[2.380478,48.891533]]],[[[2.378169,48.888716],[2.37728,48.888109],[2.374461,48.888375],[2.375284,48.888502],[2.375685,48.888908],[2.376206,48.888659],[2.376449,48.888918],[2.376012,48.889733],[2.378169,48.888716]]],[[[2.378434,48.890611],[2.379093,48.890271],[2.37882,48.890067],[2.379207,48.890183],[2.379801,48.889811],[2.378818,48.88932],[2.378577,48.889472],[2.37855,48.88921],[2.378163,48.88955],[2.378731,48.889869],[2.377975,48.889691],[2.37746,48.890161],[2.378158,48.890732],[2.378434,48.890611]]],[[[2.377311,48.890114],[2.378545,48.889036],[2.378295,48.888788],[2.376159,48.889819],[2.376875,48.890415],[2.377311,48.890114]]],[[[2.375301,48.888241],[2.377087,48.888005],[2.376197,48.887955],[2.375789,48.887562],[2.374346,48.888061],[2.375301,48.888241]]],[[[2.380339,48.88917],[2.379758,48.888903],[2.379207,48.88938],[2.379715,48.889634],[2.380339,48.88917]]],[[[2.377897,48.89058],[2.377423,48.890211],[2.377652,48.890484],[2.37705,48.890519],[2.377623,48.891004],[2.378086,48.890787],[2.377897,48.89058]]],[[[2.382421,48.8902],[2.382276,48.890128],[2.38224,48.89014],[2.382221,48.890514],[2.38226,48.890523],[2.382355,48.89044],[2.382289,48.890364],[2.382551,48.890266],[2.382489,48.890234],[2.382421,48.8902]]],[[[2.378773,48.88886],[2.378768,48.88884],[2.378678,48.888795],[2.378633,48.888837],[2.37862,48.888849],[2.378611,48.888844],[2.378549,48.8889],[2.378563,48.888907],[2.378555,48.888914],[2.378659,48.88896],[2.378773,48.88886]]]],"type":"MultiPolygon"},"properties":{"id_projet":"ELEMENTAIRES (année scolaire 2022/2023)","libelle":"JOMARD (9) ELEM","zone_commune":0,"etiquette":"Secteur de l'école 9 RUE JOMARD","lib_etab_1":"JOMARD (9) ELEM","lib_etab_2":null,"lib_etab_3":null,"lib_etab_4":null,"adr_etab_1":"9 RUE JOMARD","adr_etab_2":null,"adr_etab_3":null,"adr_etab_4":null,"annee_scol":"2022-2023","st_area_shape":105092.36612798362,"st_perimeter_shape":4255.955351006293,"type_etabl":"Elémentaire","geo_point_2d":{"lon":2.3786207315693693,"lat":48.88996768743633}}},{"type":"Feature","geometry":{"coordinates":[[[2.39027,48.883602],[2.389899,48.883445],[2.38989,48.883453],[2.389904,48.88346],[2.389738,48.883633],[2.390106,48.883781],[2.390172,48.883709],[2.39027,48.883602]]],"type":"Polygon"},"properties":{"id_projet":"ELEMENTAIRES (année scolaire 2023/2024)","libelle":"Z.MANIN A(40 T) ET B(30)/COMPANS A(106)/BRUNET B(7)","zone_commune":1,"etiquette":"Secteur commun des écoles \n106 RUE COMPANS \n7 RUE DU GENERAL BRUNET\n30 RUE MANIN\n40 bis RUE MANIN","lib_etab_1":"COMPANS (106) ELEM A","lib_etab_2":"GENERAL BRUNET (7) ELEM","lib_etab_3":"MANIN (30) ELEM B","lib_etab_4":"MANIN (40B) ELEM","adr_etab_1":"106 RUE COMPANS","adr_etab_2":"7 RUE DU GENERAL BRUNET","adr_etab_3":"30 RUE MANIN","adr_etab_4":"40 bis RUE MANIN","annee_scol":"2023-2024","st_area_shape":742.345269751267,"st_perimeter_shape":112.46674055901802,"type_etabl":"Elémentaire","geo_point_2d":{"lon":2.39000512969017,"lat":48.88361603124395}}},{"type":"Feature","geometry":{"coordinates":[[[2.37707,48.890502],[2.377652,48.890484],[2.377322,48.890282],[2.37707,48.890502]]],"type":"Polygon"},"properties":{"id_projet":"ELEMENTAIRES (année scolaire 2023/2024)","libelle":"Z.MATHIS/JOMARD/AUBERVILLIERS132","zone_commune":1,"etiquette":"Secteur commun des écoles \n132 RUE D'AUBERVILLIERS \n9 RUE JOMARD\n14 RUE MATHIS","lib_etab_1":"AUBERVILLIERS (132) ELEM","lib_etab_2":"JOMARD (9) ELEM","lib_etab_3":"MATHIS (14) ELEM","lib_etab_4":null,"adr_etab_1":"132 RUE D'AUBERVILLIERS","adr_etab_2":"9 RUE JOMARD","adr_etab_3":"14 RUE MATHIS","adr_etab_4":null,"annee_scol":"2023-2024","st_area_shape":679.7340270613473,"st_perimeter_shape":110.95750394029137,"type_etabl":"Elémentaire","geo_point_2d":{"lon":2.3773675890346366,"lat":48.890446736429695}}},{"type":"Feature","geometry":{"coordinates":[[[[2.388545,48.886561],[2.389102,48.886091],[2.388164,48.885957],[2.387972,48.88644],[2.388545,48.886561]]],[[[2.38966,48.883811],[2.38943,48.884102],[2.38988,48.883899],[2.38966,48.883811]]],[[[2.394379,48.883973],[2.393808,48.883751],[2.393607,48.884269],[2.394393,48.884429],[2.394119,48.884139],[2.394379,48.883973]]],[[[2.389618,48.886165],[2.389344,48.886126],[2.389344,48.886127],[2.389454,48.886273],[2.389625,48.88631],[2.389733,48.886198],[2.389702,48.886186],[2.3897,48.886186],[2.389699,48.886185],[2.389698,48.886185],[2.389696,48.886184],[2.389694,48.886184],[2.389693,48.886183],[2.389691,48.886183],[2.389689,48.886182],[2.389687,48.886181],[2.389686,48.886181],[2.389684,48.88618],[2.389682,48.88618],[2.38968,48.886179],[2.389679,48.886179],[2.389677,48.886178],[2.389675,48.886178],[2.389674,48.886177],[2.389672,48.886177],[2.389671,48.886176],[2.389669,48.886176],[2.389668,48.886176],[2.389667,48.886175],[2.389666,48.886175],[2.389665,48.886175],[2.389664,48.886174],[2.389662,48.886174],[2.389661,48.886174],[2.38966,48.886173],[2.389659,48.886173],[2.389657,48.886173],[2.389656,48.886172],[2.389655,48.886172],[2.389654,48.886172],[2.389652,48.886172],[2.389651,48.886171],[2.38965,48.886171],[2.389648,48.886171],[2.389647,48.88617],[2.389646,48.88617],[2.389644,48.88617],[2.389643,48.88617],[2.389642,48.886169],[2.38964,48.886169],[2.389639,48.886169],[2.389638,48.886169],[2.389637,48.886168],[2.389635,48.886168],[2.389634,48.886168],[2.389633,48.886168],[2.389632,48.886167],[2.38963,48.886167],[2.389629,48.886167],[2.389628,48.886167],[2.389627,48.886166],[2.389626,48.886166],[2.389624,48.886166],[2.389623,48.886166],[2.389622,48.886165],[2.389621,48.886165],[2.38962,48.886165],[2.389618,48.886165]]],[[[2.389668,48.886995],[2.389227,48.88688],[2.389218,48.887188],[2.389668,48.886995]]]],"type":"MultiPolygon"},"properties":{"id_projet":"ELEMENTAIRES (année scolaire 2024/2025)","libelle":"Z.MANIN A,B/GOUBET","zone_commune":1,"etiquette":"Secteur commun des écoles \n30 RUE MANIN \n40 bis RUE MANIN\n4 RUE GOUBET","lib_etab_1":"MANIN (30) ELEM B","lib_etab_2":"MANIN (40B) ELEM","lib_etab_3":"GOUBET (4) ELEM","lib_etab_4":null,"adr_etab_1":"30 RUE MANIN","adr_etab_2":"40 bis RUE MANIN","adr_etab_3":"4 RUE GOUBET","adr_etab_4":null,"annee_scol":"2024-2025","st_area_shape":7298.655220113322,"st_perimeter_shape":820.6158412165045,"type_etabl":"Elémentaire","geo_point_2d":{"lon":2.390522830562953,"lat":48.88541711658445}}},{"type":"Feature","geometry":{"coordinates":[[[2.391132,48.888112],[2.391789,48.887204],[2.391506,48.887158],[2.391132,48.888112]]],"type":"Polygon"},"properties":{"id_projet":"ELEMENTAIRES (année scolaire 2024/2025)","libelle":"Z. MANIN(30)/MANIN(40B)/JEAN JAURES(160)","zone_commune":1,"etiquette":"Secteur commun des écoles \n30 RUE MANIN \n40 bis RUE MANIN\n160 AVENUE JEAN JAURES","lib_etab_1":"MANIN (30) ELEM B","lib_etab_2":"MANIN (40B) ELEM","lib_etab_3":"JEAN JAURES (160) ELEM","lib_etab_4":null,"adr_etab_1":"30 RUE MANIN","adr_etab_2":"40 bis RUE MANIN","adr_etab_3":"160 AVENUE JEAN JAURES","adr_etab_4":null,"annee_scol":"2024-2025","st_area_shape":2031.055510961176,"st_perimeter_shape":267.8779237073848,"type_etabl":"Elémentaire","geo_point_2d":{"lon":2.3914537634655084,"lat":48.88760972864151}}},{"type":"Feature","geometry":{"coordinates":[[[[2.381401,48.898624],[2.381792,48.897933],[2.377182,48.897617],[2.371267,48.8977],[2.37124,48.898252],[2.381401,48.898624]]],[[[2.383073,48.896292],[2.379943,48.89617],[2.376994,48.896893],[2.37741,48.897224],[2.38236,48.897509],[2.383073,48.896292]]]],"type":"MultiPolygon"},"properties":{"id_projet":"ELEMENTAIRES (année scolaire 2024/2025)","libelle":"MACDONALD (141) POLY","zone_commune":0,"etiquette":"Secteur de l'école 141 BOULEVARD MACDONALD","lib_etab_1":"MACDONALD (141) POLY","lib_etab_2":null,"lib_etab_3":null,"lib_etab_4":null,"adr_etab_1":"141 BOULEVARD MACDONALD","adr_etab_2":null,"adr_etab_3":null,"adr_etab_4":null,"annee_scol":"2024-2025","st_area_shape":108950.0651791862,"st_perimeter_shape":2742.166626075365,"type_etabl":"Elémentaire","geo_point_2d":{"lon":2.3782050007972795,"lat":48.89760626593292}}},{"type":"Feature","geometry":{"coordinates":[[[2.39255,48.878707],[2.39232,48.878678],[2.392246,48.878843],[2.392241,48.878844],[2.392163,48.878982],[2.392254,48.878969],[2.392267,48.878967],[2.392419,48.878946],[2.392479,48.878812],[2.392501,48.878759],[2.39255,48.878707]]],"type":"Polygon"},"properties":{"id_projet":"4913","libelle":"Z.COMPANS/BRUNET/E. COTTON","zone_commune":1,"etiquette":"Secteur commun des écoles \n106 COMPANS (106) ELEM A \n7 GENERAL BRUNET (7) ELEM\n16 EUGENIE COTTON (16","lib_etab_1":"COMPANS (106) ELEM A","lib_etab_2":"GENERAL BRUNET (7) ELEM","lib_etab_3":"EUGENIE COTTON (16) ELEM A","lib_etab_4":"EUGENIE COTTON (16) ELEM B","adr_etab_1":"106 COMPANS (106) ELEM A","adr_etab_2":"7 GENERAL BRUNET (7) ELEM","adr_etab_3":"16 EUGENIE COTTON (16) ELEM A","adr_etab_4":"16 EUGENIE COTTON (16) ELEM B","annee_scol":"2026-2027","st_area_shape":503.5120688628077,"st_perimeter_shape":100.67104677646168,"type_etabl":"Elémentaire","geo_point_2d":{"lon":2.392355988625038,"lat":48.87882870841526}}},{"type":"Feature","geometry":{"coordinates":[[[[2.389154,48.897348],[2.392167,48.896884],[2.394053,48.895393],[2.386955,48.891994],[2.387317,48.891082],[2.387642,48.891241],[2.387988,48.890923],[2.387097,48.890613],[2.386209,48.892059],[2.387205,48.892477],[2.38643,48.892739],[2.384328,48.896103],[2.385652,48.897329],[2.389154,48.897348]]],[[[2.380269,48.894268],[2.380288,48.894238],[2.380261,48.894251],[2.380221,48.894214],[2.380269,48.894268]]],[[[2.38009,48.894107],[2.379972,48.894012],[2.379963,48.894017],[2.380088,48.894112],[2.38009,48.894107]]],[[[2.383924,48.893079],[2.383939,48.892985],[2.383857,48.893114],[2.383924,48.893079]]],[[[2.386495,48.891413],[2.386462,48.891389],[2.386376,48.891346],[2.386326,48.891396],[2.386323,48.891394],[2.386268,48.891448],[2.386355,48.891491],[2.386395,48.891511],[2.386495,48.891413]]],[[[2.385067,48.893287],[2.385034,48.893271],[2.384735,48.893439],[2.384732,48.893466],[2.384855,48.893566],[2.384894,48.893562],[2.385067,48.893287]]],[[[2.38297,48.890472],[2.382686,48.890332],[2.382389,48.89059],[2.382412,48.890611],[2.382962,48.890499],[2.38297,48.890472]]],[[[2.383666,48.889559],[2.383216,48.889864],[2.383518,48.890011],[2.383666,48.889559]]],[[[2.383235,48.895844],[2.38256,48.89531],[2.382568,48.89565],[2.383235,48.895844]]],[[[2.392492,48.89736],[2.391955,48.897329],[2.391251,48.897482],[2.39127,48.89755],[2.39142,48.897541],[2.392103,48.897501],[2.39236,48.897486],[2.392491,48.897409],[2.392492,48.89736]]],[[[2.384621,48.890542],[2.383822,48.889587],[2.383646,48.890133],[2.384621,48.890542]]],[[[2.38461,48.893561],[2.383786,48.893977],[2.384352,48.894341],[2.38461,48.893561]]],[[[2.384415,48.893379],[2.384069,48.89314],[2.383438,48.893692],[2.3837,48.893907],[2.384415,48.893379]]],[[[2.385412,48.89056],[2.384968,48.890736],[2.386187,48.891284],[2.386226,48.890826],[2.385412,48.89056]]],[[[2.385214,48.89305],[2.385375,48.892443],[2.384242,48.893071],[2.38463,48.893381],[2.385214,48.89305]]],[[[2.393607,48.89729],[2.394031,48.895882],[2.392694,48.897068],[2.393607,48.89729]]],[[[2.384993,48.891746],[2.384665,48.891371],[2.384074,48.892932],[2.385238,48.892379],[2.384993,48.891746]]],[[[2.382469,48.895196],[2.382106,48.894897],[2.383519,48.894009],[2.383375,48.893749],[2.381866,48.894309],[2.3823,48.894639],[2.381994,48.895089],[2.382469,48.895196]]],[[[2.383768,48.894132],[2.382553,48.894693],[2.383626,48.895597],[2.384248,48.8946],[2.383768,48.894132]]],[[[2.396289,48.896642],[2.396346,48.896252],[2.394979,48.895993],[2.394645,48.897347],[2.395882,48.897314],[2.396289,48.896642]]],[[[2.384042,48.891005],[2.382556,48.891706],[2.383926,48.892814],[2.384499,48.89129],[2.384042,48.891005]]],[[[2.390921,48.898266],[2.390509,48.897594],[2.385973,48.897704],[2.387382,48.898594],[2.390921,48.898266]]],[[[2.381493,48.892117],[2.383665,48.890873],[2.383026,48.890595],[2.382174,48.890771],[2.379299,48.892296],[2.380125,48.892945],[2.381493,48.892117]]],[[[2.382724,48.893552],[2.383854,48.892928],[2.382364,48.891739],[2.38021,48.893015],[2.381758,48.894229],[2.382724,48.893552]]]],"type":"MultiPolygon"},"properties":{"id_projet":"4913","libelle":"G.BARBANEGRE(7)A/B","zone_commune":1,"etiquette":"Secteur commun des écoles \n7 BARBANEGRE (7) ELEM A \n7 BARBANEGRE (7) ELEM B","lib_etab_1":"BARBANEGRE (7) ELEM A","lib_etab_2":"BARBANEGRE (7) ELEM B","lib_etab_3":null,"lib_etab_4":null,"adr_etab_1":"7 BARBANEGRE (7) ELEM A","adr_etab_2":"7 BARBANEGRE (7) ELEM B","adr_etab_3":null,"adr_etab_4":null,"annee_scol":"2026-2027","st_area_shape":431837.0285068161,"st_perimeter_shape":10053.96565736721,"type_etabl":"Elémentaire","geo_point_2d":{"lon":2.3872162631654836,"lat":48.894678070733235}}},{"type":"Feature","geometry":{"coordinates":[[[[2.391672,48.888079],[2.39254,48.886382],[2.390247,48.886213],[2.390543,48.88641],[2.390277,48.88725],[2.389889,48.887195],[2.389428,48.887667],[2.391132,48.888112],[2.391506,48.887158],[2.391789,48.887204],[2.391291,48.888154],[2.391874,48.888306],[2.391672,48.888079]]],[[[2.390618,48.882468],[2.390572,48.882386],[2.390406,48.88242],[2.390449,48.882505],[2.390618,48.882468]]],[[[2.39586,48.883593],[2.395849,48.883591],[2.395733,48.883879],[2.395907,48.883855],[2.39586,48.883593]]],[[[2.389372,48.887274],[2.388998,48.887553],[2.38929,48.887609],[2.389372,48.887274]]],[[[2.391604,48.884593],[2.391318,48.884479],[2.391248,48.884555],[2.391743,48.884753],[2.391974,48.884895],[2.392044,48.884836],[2.392034,48.88483],[2.392065,48.884804],[2.391956,48.884749],[2.391885,48.884715],[2.391759,48.884657],[2.391604,48.884593]]],[[[2.39501,48.889122],[2.395175,48.888998],[2.394798,48.889059],[2.394886,48.888742],[2.394595,48.888689],[2.394434,48.888972],[2.39501,48.889122]]],[[[2.396648,48.884235],[2.396529,48.884216],[2.395944,48.884351],[2.395949,48.884364],[2.395903,48.884375],[2.395919,48.884407],[2.395905,48.88441],[2.395993,48.88457],[2.396645,48.884244],[2.396648,48.884235]]],[[[2.390687,48.88199],[2.390449,48.88192],[2.390455,48.88193],[2.390484,48.881988],[2.390516,48.882051],[2.390515,48.882052],[2.390732,48.882443],[2.390738,48.882441],[2.390912,48.882403],[2.390759,48.882128],[2.39084,48.882031],[2.390766,48.882013],[2.390687,48.88199]]],[[[2.395385,48.884207],[2.394978,48.884132],[2.394868,48.884468],[2.395385,48.884207]]],[[[2.395309,48.884719],[2.395573,48.884444],[2.394743,48.884723],[2.395309,48.884719]]],[[[2.396722,48.884026],[2.396594,48.88394],[2.395932,48.884028],[2.395799,48.884214],[2.395814,48.884242],[2.395943,48.884212],[2.396569,48.884062],[2.396722,48.884026]]],[[[2.392074,48.882147],[2.390954,48.882056],[2.391101,48.882361],[2.392074,48.882147]]],[[[2.391276,48.884219],[2.390258,48.883614],[2.390106,48.883781],[2.391276,48.884219]]],[[[2.393727,48.886276],[2.392823,48.885278],[2.392098,48.884961],[2.393727,48.886276]]],[[[2.394255,48.884832],[2.393168,48.884588],[2.393047,48.88426],[2.392952,48.884695],[2.394255,48.884832]]],[[[2.394399,48.888511],[2.393294,48.888621],[2.394417,48.888967],[2.394399,48.888511]]],[[[2.39296,48.884458],[2.392953,48.884241],[2.391441,48.884297],[2.392896,48.884688],[2.39296,48.884458]]],[[[2.392974,48.888094],[2.393104,48.887755],[2.392839,48.887593],[2.392556,48.888185],[2.392065,48.888355],[2.393046,48.888612],[2.392974,48.888094]]],[[[2.393808,48.883751],[2.393094,48.883342],[2.391875,48.883904],[2.393607,48.884269],[2.393808,48.883751]]],[[[2.393888,48.885549],[2.393883,48.885082],[2.394213,48.88494],[2.392482,48.884796],[2.393958,48.886168],[2.393888,48.885549]]],[[[2.390265,48.882522],[2.388414,48.882045],[2.388095,48.882969],[2.390265,48.882522]]]],"type":"MultiPolygon"},"properties":{"id_projet":"4913","libelle":"MANIN (40B) ELEM","zone_commune":0,"etiquette":"Secteur de l'école 40 bis MANIN (40 B) ELEM","lib_etab_1":"MANIN (40 B) ELEM","lib_etab_2":null,"lib_etab_3":null,"lib_etab_4":null,"adr_etab_1":"40 bis MANIN (40 B) ELEM","adr_etab_2":null,"adr_etab_3":null,"adr_etab_4":null,"annee_scol":"2026-2027","st_area_shape":71997.1772978814,"st_perimeter_shape":5837.464795999288,"type_etabl":"Elémentaire","geo_point_2d":{"lon":2.391895026786119,"lat":48.88556601381489}}},{"type":"Feature","geometry":{"coordinates":[[[2.384942,48.876701],[2.385396,48.87671],[2.38525,48.875884],[2.384754,48.875752],[2.384942,48.876701]]],"type":"Polygon"},"properties":{"id_projet":"ELEMENTAIRES (année scolaire 2024/2025)","libelle":"Z.FESSART/ALOUETTES/VILLETTE","zone_commune":1,"etiquette":"Secteur commun des écoles \n4 RUE FESSART \n5 RUE DES ALOUETTES\n61 RUE DE LA VILLETTE","lib_etab_1":"FESSART (4) ELEM","lib_etab_2":"ALOUETTES (5) ELEM","lib_etab_3":"VILLETTE (61) ELEM","lib_etab_4":null,"adr_etab_1":"4 RUE FESSART","adr_etab_2":"5 RUE DES ALOUETTES","adr_etab_3":"61 RUE DE LA VILLETTE","adr_etab_4":null,"annee_scol":"2024-2025","st_area_shape":3795.816932412156,"st_perimeter_shape":276.91322854943536,"type_etabl":"Elémentaire","geo_point_2d":{"lon":2.3850447360722047,"lat":48.87624162515637}}},{"type":"Feature","geometry":{"coordinates":[[[[2.389799,48.885957],[2.390056,48.884464],[2.387548,48.884302],[2.386991,48.885611],[2.389799,48.885957]]],[[[2.384759,48.885099],[2.384756,48.885072],[2.384649,48.885081],[2.384649,48.885082],[2.384649,48.885084],[2.384649,48.885087],[2.384648,48.885089],[2.384648,48.885094],[2.384648,48.885096],[2.384648,48.885098],[2.384648,48.885101],[2.384648,48.885103],[2.384648,48.885105],[2.384648,48.885108],[2.384648,48.88511],[2.384648,48.885113],[2.384648,48.885116],[2.384648,48.885118],[2.384648,48.885121],[2.384648,48.885124],[2.384648,48.885127],[2.384649,48.885129],[2.384649,48.885132],[2.384649,48.885134],[2.384649,48.885136],[2.384649,48.885138],[2.384649,48.88514],[2.384649,48.885142],[2.384649,48.885143],[2.384649,48.885145],[2.38465,48.885147],[2.38465,48.885149],[2.38465,48.885151],[2.38465,48.885152],[2.38465,48.885154],[2.38465,48.885156],[2.38465,48.885157],[2.384651,48.885159],[2.384764,48.88518],[2.384763,48.885159],[2.384759,48.885099]]],[[[2.38443,48.883893],[2.38426,48.883809],[2.384237,48.883845],[2.384229,48.883858],[2.384254,48.883871],[2.384279,48.883884],[2.38438,48.883936],[2.38443,48.883893]]],[[[2.393136,48.886107],[2.393082,48.886102],[2.393081,48.886105],[2.393056,48.886227],[2.393246,48.886266],[2.393136,48.886107]]],[[[2.38779,48.883329],[2.387764,48.883311],[2.3875,48.883439],[2.38754,48.883446],[2.387587,48.883455],[2.387728,48.883482],[2.387748,48.883434],[2.38779,48.883329]]],[[[2.383333,48.885268],[2.38344,48.885136],[2.383546,48.885168],[2.383622,48.885112],[2.383521,48.885094],[2.383521,48.885096],[2.383437,48.885081],[2.383411,48.885112],[2.383333,48.885097],[2.383242,48.885117],[2.383333,48.885268]]],[[[2.383042,48.885005],[2.382781,48.884957],[2.3827,48.885061],[2.382704,48.885062],[2.382697,48.885071],[2.382747,48.885097],[2.382752,48.8851],[2.382765,48.885106],[2.382791,48.88512],[2.383042,48.885005]]],[[[2.394499,48.884243],[2.394191,48.884215],[2.394393,48.884429],[2.394441,48.884411],[2.394499,48.884243]]],[[[2.384222,48.885115],[2.384469,48.885073],[2.384245,48.884895],[2.383879,48.885051],[2.384222,48.885115]]],[[[2.383627,48.884855],[2.384223,48.884287],[2.383428,48.884945],[2.383748,48.885026],[2.383627,48.884855]]],[[[2.384371,48.885293],[2.383777,48.885214],[2.384213,48.885518],[2.384371,48.885293]]],[[[2.391743,48.884753],[2.391248,48.884555],[2.391237,48.884567],[2.390634,48.884334],[2.390613,48.884223],[2.390592,48.884226],[2.390533,48.884292],[2.390492,48.884336],[2.390465,48.88437],[2.390508,48.884374],[2.390504,48.884403],[2.390645,48.884416],[2.39118,48.884629],[2.391526,48.884768],[2.391596,48.884798],[2.391652,48.884824],[2.391702,48.884847],[2.391742,48.884866],[2.391784,48.884887],[2.391824,48.884907],[2.391864,48.884929],[2.391893,48.884944],[2.391907,48.884951],[2.391974,48.884895],[2.391743,48.884753]]],[[[2.393575,48.88622],[2.393384,48.885982],[2.393001,48.885613],[2.393021,48.885604],[2.392886,48.885442],[2.39252,48.885198],[2.392098,48.884961],[2.392044,48.885004],[2.392114,48.885044],[2.392116,48.885064],[2.392131,48.885073],[2.392149,48.885083],[2.392163,48.885091],[2.392181,48.885102],[2.392199,48.885112],[2.392214,48.885121],[2.392236,48.885135],[2.392256,48.885147],[2.392273,48.885158],[2.392306,48.885179],[2.392326,48.885192],[2.392361,48.885215],[2.392381,48.885227],[2.392397,48.885238],[2.392417,48.885251],[2.392434,48.885263],[2.392448,48.885273],[2.392466,48.885285],[2.392485,48.885299],[2.392517,48.885322],[2.392549,48.885346],[2.392569,48.88536],[2.392579,48.885368],[2.392598,48.885383],[2.392615,48.885395],[2.392632,48.885409],[2.392649,48.885422],[2.392679,48.885446],[2.392696,48.88546],[2.392713,48.885473],[2.392742,48.885498],[2.392759,48.885512],[2.392775,48.885525],[2.392788,48.885536],[2.392803,48.885549],[2.392818,48.885563],[2.392834,48.885577],[2.392848,48.885589],[2.392862,48.885602],[2.392882,48.885619],[2.392892,48.885627],[2.392906,48.88564],[2.392918,48.885651],[2.39293,48.885646],[2.393255,48.886004],[2.393274,48.885997],[2.393309,48.886033],[2.393506,48.886319],[2.393517,48.88632],[2.393603,48.886256],[2.393575,48.88622]]],[[[2.392562,48.884409],[2.392953,48.884241],[2.391756,48.883991],[2.391871,48.88434],[2.392562,48.884409]]],[[[2.394322,48.884736],[2.393056,48.884262],[2.393168,48.884588],[2.394322,48.884736]]],[[[2.394248,48.885574],[2.394282,48.885001],[2.393883,48.885082],[2.394072,48.886194],[2.394248,48.885574]]],[[[2.387534,48.886753],[2.388178,48.885922],[2.387768,48.885861],[2.387534,48.886753]]],[[[2.386688,48.883552],[2.385933,48.883309],[2.386593,48.883981],[2.38747,48.884068],[2.386688,48.883552]]],[[[2.390127,48.884214],[2.3902,48.884132],[2.390235,48.884098],[2.390223,48.884065],[2.389598,48.884158],[2.38959,48.884157],[2.3896,48.884126],[2.38943,48.884102],[2.389203,48.88407],[2.389211,48.884047],[2.389044,48.884024],[2.388819,48.883994],[2.388416,48.88394],[2.388299,48.883924],[2.388295,48.883939],[2.387668,48.884017],[2.387639,48.884084],[2.388194,48.884141],[2.388234,48.884145],[2.390027,48.884326],[2.390097,48.88425],[2.390132,48.884214],[2.390127,48.884214]]],[[[2.386451,48.884768],[2.387408,48.884224],[2.386419,48.884171],[2.386451,48.884768]]],[[[2.389883,48.887212],[2.390277,48.88725],[2.390543,48.88641],[2.390247,48.886213],[2.389446,48.887637],[2.389883,48.887212]]],[[[2.390533,48.883468],[2.389315,48.883096],[2.391152,48.884009],[2.39154,48.883911],[2.390533,48.883468]]],[[[2.383286,48.883809],[2.382789,48.884202],[2.383268,48.884486],[2.383219,48.884925],[2.383902,48.884205],[2.383286,48.883809]]],[[[2.392666,48.886577],[2.392304,48.886509],[2.391672,48.888079],[2.391937,48.88828],[2.392666,48.886577]]],[[[2.387459,48.886354],[2.387692,48.885849],[2.38692,48.885732],[2.386482,48.886825],[2.387019,48.886278],[2.387362,48.886338],[2.387197,48.887045],[2.387459,48.886354]]],[[[2.392556,48.888185],[2.393206,48.886618],[2.392895,48.886443],[2.392116,48.888254],[2.392556,48.888185]]],[[[2.387181,48.88468],[2.385473,48.885315],[2.386785,48.885604],[2.387181,48.88468]]],[[[2.38721,48.882862],[2.387136,48.882219],[2.387846,48.881905],[2.388152,48.88082],[2.386009,48.882692],[2.38721,48.882862]]],[[[2.386569,48.886216],[2.386695,48.885736],[2.384768,48.885368],[2.384879,48.886631],[2.385279,48.885745],[2.385276,48.886018],[2.386261,48.886161],[2.386302,48.886836],[2.386569,48.886216]]],[[[2.385106,48.885245],[2.38612,48.884885],[2.386241,48.88392],[2.385586,48.883295],[2.385289,48.883321],[2.385168,48.883814],[2.385876,48.884063],[2.385993,48.884838],[2.385566,48.884807],[2.385698,48.884246],[2.385176,48.884193],[2.38482,48.88511],[2.385106,48.885245]]],[[[2.392109,48.885115],[2.390343,48.884502],[2.390016,48.885917],[2.390573,48.885764],[2.390873,48.884981],[2.392311,48.885552],[2.392437,48.88597],[2.3932,48.886098],[2.392109,48.885115]]]],"type":"MultiPolygon"},"properties":{"id_projet":"4913","libelle":"GOUBET (4) ELEM","zone_commune":0,"etiquette":"Secteur de l'école 4 GOUBET (4) ELEM","lib_etab_1":"GOUBET (4) ELEM","lib_etab_2":null,"lib_etab_3":null,"lib_etab_4":null,"adr_etab_1":"4 GOUBET (4) ELEM","adr_etab_2":null,"adr_etab_3":null,"adr_etab_4":null,"annee_scol":"2026-2027","st_area_shape":141396.94311510585,"st_perimeter_shape":10640.478841386981,"type_etabl":"Elémentaire","geo_point_2d":{"lon":2.3884718163766356,"lat":48.8850266461964}}},{"type":"Feature","geometry":{"coordinates":[[[2.37707,48.890502],[2.377652,48.890484],[2.377322,48.890282],[2.37707,48.890502]]],"type":"Polygon"},"properties":{"id_projet":"4913","libelle":"Z.MATHIS/JOMARD/AUBERVILLIERS132","zone_commune":1,"etiquette":"Secteur commun des écoles \n132 AUBERVILLIERS (132) ELEM \n9 JOMARD (9) ELEM\n14 MATHIS (14) ELEM","lib_etab_1":"AUBERVILLIERS (132) ELEM","lib_etab_2":"JOMARD (9) ELEM","lib_etab_3":"MATHIS (14) ELEM","lib_etab_4":null,"adr_etab_1":"132 AUBERVILLIERS (132) ELEM","adr_etab_2":"9 JOMARD (9) ELEM","adr_etab_3":"14 MATHIS (14) ELEM","adr_etab_4":null,"annee_scol":"2026-2027","st_area_shape":679.7340270613473,"st_perimeter_shape":110.95750394029137,"type_etabl":"Elémentaire","geo_point_2d":{"lon":2.3773675890346366,"lat":48.890446736429695}}},{"type":"Feature","geometry":{"coordinates":[[[[2.39492,48.889668],[2.388258,48.892646],[2.393897,48.895341],[2.39506,48.891052],[2.395273,48.889854],[2.39492,48.889668]]],[[[2.386464,48.884763],[2.386452,48.884761],[2.386451,48.884768],[2.386464,48.884763]]],[[[2.38482,48.885144],[2.384813,48.885144],[2.384815,48.88519],[2.38482,48.885191],[2.38482,48.885144]]],[[[2.385975,48.884834],[2.385973,48.884834],[2.385942,48.884845],[2.385985,48.88485],[2.385993,48.884838],[2.385975,48.884834]]],[[[2.403003,48.877414],[2.403006,48.877409],[2.402832,48.877445],[2.402834,48.877448],[2.403003,48.877414]]],[[[2.393246,48.886266],[2.393056,48.886227],[2.393051,48.886251],[2.393045,48.88628],[2.39327,48.886301],[2.393246,48.886266]]],[[[2.393736,48.886299],[2.393617,48.886245],[2.393517,48.88632],[2.393727,48.886339],[2.39373,48.886333],[2.393732,48.886326],[2.393734,48.886318],[2.393736,48.88631],[2.393736,48.886304],[2.393736,48.886299]]],[[[2.396801,48.883823],[2.396767,48.883786],[2.396614,48.883953],[2.396722,48.884026],[2.396726,48.884025],[2.396801,48.883823]]],[[[2.402507,48.882221],[2.402527,48.882158],[2.402429,48.882161],[2.402122,48.8823],[2.402143,48.882328],[2.401847,48.88246],[2.401892,48.882493],[2.402507,48.882221]]],[[[2.395926,48.884036],[2.395733,48.883879],[2.395799,48.884214],[2.395926,48.884036]]],[[[2.399208,48.886128],[2.399209,48.88598],[2.399109,48.885988],[2.39904,48.885999],[2.399019,48.886026],[2.399071,48.886168],[2.399122,48.886304],[2.399135,48.886338],[2.399143,48.886358],[2.39917,48.886434],[2.399205,48.886523],[2.399206,48.886347],[2.399207,48.886289],[2.399207,48.886285],[2.399207,48.886239],[2.399208,48.886128]]],[[[2.39498,48.884125],[2.39486,48.88399],[2.394719,48.884418],[2.394761,48.884493],[2.394868,48.884468],[2.394882,48.884424],[2.39498,48.884125]]],[[[2.394833,48.88587],[2.394502,48.885857],[2.39448,48.886211],[2.395093,48.886229],[2.394833,48.88587]]],[[[2.394727,48.885221],[2.394514,48.885679],[2.39528,48.885531],[2.394727,48.885221]]],[[[2.397676,48.883914],[2.397197,48.883897],[2.397065,48.884242],[2.397948,48.884064],[2.397676,48.883914]]],[[[2.395244,48.885295],[2.395312,48.884719],[2.39476,48.884746],[2.394681,48.885035],[2.395244,48.885295]]],[[[2.400109,48.883812],[2.399068,48.884715],[2.399552,48.884811],[2.400109,48.883812]]],[[[2.395377,48.886205],[2.396274,48.885937],[2.395557,48.885605],[2.395377,48.886205]]],[[[2.397983,48.889564],[2.397733,48.88984],[2.398844,48.890128],[2.398941,48.889598],[2.397983,48.889564]]],[[[2.398585,48.888777],[2.398556,48.888539],[2.398079,48.888593],[2.398014,48.889356],[2.39866,48.88941],[2.398585,48.888777]]],[[[2.396371,48.88527],[2.396645,48.884244],[2.395993,48.88457],[2.395666,48.885491],[2.396303,48.885736],[2.396371,48.88527]]],[[[2.399191,48.888229],[2.399195,48.887671],[2.398186,48.887831],[2.398095,48.888421],[2.399191,48.888229]]],[[[2.398341,48.885859],[2.39921,48.88585],[2.399468,48.88496],[2.398814,48.884847],[2.398183,48.885612],[2.398341,48.885859]]],[[[2.393128,48.886435],[2.392895,48.886443],[2.393206,48.886618],[2.392839,48.887593],[2.393104,48.887755],[2.393088,48.888597],[2.393657,48.887197],[2.393128,48.886435]]],[[[2.398901,48.883904],[2.397079,48.884543],[2.396866,48.886034],[2.398901,48.883904]]],[[[2.398291,48.887723],[2.399196,48.887579],[2.398824,48.88603],[2.398297,48.886103],[2.398291,48.887723]]],[[[2.395705,48.888037],[2.396158,48.886481],[2.394456,48.886613],[2.395705,48.888037]]],[[[2.394933,48.889092],[2.395396,48.888898],[2.395518,48.888462],[2.393991,48.886755],[2.394824,48.888514],[2.393808,48.887289],[2.393353,48.888461],[2.394399,48.888511],[2.394417,48.888967],[2.394741,48.888673],[2.394933,48.889092]],[[2.394961,48.888638],[2.394963,48.888622],[2.395243,48.888653],[2.394958,48.888659],[2.394961,48.888638]]],[[[2.398012,48.8862],[2.397636,48.886189],[2.396931,48.888742],[2.397331,48.889453],[2.397744,48.889313],[2.398012,48.8862]]],[[[2.399491,48.883445],[2.400972,48.882226],[2.401067,48.881174],[2.40022,48.880973],[2.400836,48.881794],[2.400468,48.882492],[2.398014,48.883063],[2.397375,48.883493],[2.398516,48.883782],[2.399339,48.883376],[2.39897,48.883861],[2.399491,48.883445]]],[[[2.397083,48.88313],[2.40029,48.882241],[2.400436,48.881771],[2.399785,48.880671],[2.399228,48.880476],[2.397243,48.881628],[2.39648,48.883006],[2.396967,48.883092],[2.396913,48.88346],[2.397083,48.88313]]],[[[2.397212,48.890242],[2.396324,48.890949],[2.395297,48.895139],[2.397046,48.895382],[2.39759,48.894625],[2.398253,48.891275],[2.397884,48.890443],[2.397212,48.890242]]]],"type":"MultiPolygon"},"properties":{"id_projet":"4913","libelle":"CHEMINETS (16) ELEM","zone_commune":0,"etiquette":"Secteur de l'école 16 CHEMINETS (16) ELEM","lib_etab_1":"CHEMINETS (16) ELEM","lib_etab_2":null,"lib_etab_3":null,"lib_etab_4":null,"adr_etab_1":"16 CHEMINETS (16) ELEM","adr_etab_2":null,"adr_etab_3":null,"adr_etab_4":null,"annee_scol":"2026-2027","st_area_shape":414159.4778509479,"st_perimeter_shape":12820.66206398713,"type_etabl":"Elémentaire","geo_point_2d":{"lon":2.3955264834368024,"lat":48.88938445177273}}},{"type":"Feature","geometry":{"coordinates":[[[[2.380541,48.882205],[2.380898,48.881732],[2.380155,48.882198],[2.378598,48.881582],[2.37821,48.881998],[2.375914,48.881415],[2.374942,48.882335],[2.375629,48.882716],[2.380281,48.882498],[2.380541,48.882205]]],[[[2.383925,48.883694],[2.38369,48.883635],[2.383835,48.883748],[2.383959,48.883844],[2.38408,48.883939],[2.384216,48.884045],[2.384257,48.884044],[2.38438,48.883936],[2.384279,48.883884],[2.384254,48.883871],[2.384229,48.883858],[2.384237,48.883845],[2.384266,48.8838],[2.384275,48.883784],[2.384146,48.883752],[2.384131,48.883748],[2.384105,48.88374],[2.384064,48.88373],[2.384047,48.883726],[2.383969,48.883706],[2.383925,48.883694]]],[[[2.371295,48.882721],[2.371214,48.882652],[2.37119,48.882633],[2.371128,48.882665],[2.371069,48.882607],[2.370979,48.882654],[2.370928,48.882606],[2.370782,48.882687],[2.370691,48.88262],[2.370551,48.882519],[2.370517,48.882543],[2.370516,48.882689],[2.370536,48.882708],[2.370541,48.882714],[2.370544,48.882715],[2.370627,48.882736],[2.370671,48.882748],[2.37076,48.882771],[2.370879,48.882802],[2.371128,48.882867],[2.371321,48.882918],[2.371307,48.882731],[2.371295,48.882721]]],[[[2.383585,48.883118],[2.382848,48.882656],[2.382652,48.882826],[2.383462,48.883457],[2.383585,48.883118]]],[[[2.38199,48.883265],[2.382287,48.882903],[2.381768,48.882739],[2.381521,48.883116],[2.38199,48.883265]]],[[[2.374937,48.882502],[2.374442,48.882324],[2.373924,48.882732],[2.374937,48.882502]]],[[[2.37739,48.884335],[2.377767,48.884057],[2.377012,48.883636],[2.377165,48.884365],[2.37739,48.884335]]],[[[2.381527,48.882348],[2.381088,48.882236],[2.381009,48.881855],[2.380513,48.882465],[2.381527,48.882348]]],[[[2.379196,48.884871],[2.377834,48.884088],[2.377312,48.884473],[2.379196,48.884871]]],[[[2.37392,48.88343],[2.374822,48.883402],[2.375592,48.8829],[2.37447,48.882954],[2.37392,48.88343]]],[[[2.376492,48.883546],[2.376799,48.883517],[2.375692,48.882949],[2.375189,48.883297],[2.37624,48.883742],[2.376492,48.883546]]],[[[2.374097,48.883035],[2.371952,48.883086],[2.373405,48.883469],[2.374097,48.883035]]],[[[2.373574,48.882814],[2.373379,48.882617],[2.37372,48.88271],[2.374404,48.882219],[2.373892,48.882148],[2.372597,48.882807],[2.371791,48.882868],[2.373574,48.882814]]],[[[2.381262,48.884635],[2.381884,48.883586],[2.381268,48.88335],[2.381341,48.88393],[2.380069,48.884624],[2.381262,48.884635]]],[[[2.379548,48.884066],[2.380732,48.882864],[2.381433,48.882636],[2.380333,48.882689],[2.378876,48.884489],[2.379625,48.884614],[2.379357,48.88433],[2.379548,48.884066]]],[[[2.383066,48.884735],[2.383268,48.884486],[2.382987,48.884294],[2.382805,48.88458],[2.382386,48.884338],[2.382074,48.884552],[2.382389,48.884018],[2.382882,48.884359],[2.383257,48.883785],[2.384052,48.884195],[2.382428,48.882964],[2.382141,48.883449],[2.382385,48.883604],[2.382013,48.883664],[2.381386,48.884724],[2.383066,48.884735]]],[[[2.378854,48.884288],[2.380111,48.882686],[2.37601,48.88293],[2.378854,48.884288]]]],"type":"MultiPolygon"},"properties":{"id_projet":"4913","libelle":"ARMAND CARREL (43) ELEM","zone_commune":0,"etiquette":"Secteur de l'école 43 ARMAND CARREL (43) ELEM","lib_etab_1":"ARMAND CARREL (43) ELEM","lib_etab_2":null,"lib_etab_3":null,"lib_etab_4":null,"adr_etab_1":"43 ARMAND CARREL (43) ELEM","adr_etab_2":null,"adr_etab_3":null,"adr_etab_4":null,"annee_scol":"2026-2027","st_area_shape":124028.89407125096,"st_perimeter_shape":7636.091643602532,"type_etabl":"Elémentaire","geo_point_2d":{"lon":2.3784135964189974,"lat":48.88311409249588}}},{"type":"Feature","geometry":{"coordinates":[[[[2.376782,48.893578],[2.37613,48.893601],[2.37426,48.894626],[2.376313,48.896321],[2.378933,48.89586],[2.37889,48.895503],[2.376782,48.893578]]],[[[2.383286,48.89593],[2.382568,48.89565],[2.38256,48.89531],[2.381753,48.89578],[2.383286,48.89593]]],[[[2.374618,48.894341],[2.375626,48.893763],[2.3751,48.893769],[2.374556,48.894298],[2.373497,48.893811],[2.3742,48.89456],[2.374618,48.894341]]],[[[2.376443,48.896739],[2.376616,48.896723],[2.376717,48.896716],[2.376361,48.896644],[2.373976,48.896165],[2.373884,48.896144],[2.373847,48.896134],[2.373795,48.89612],[2.373723,48.896097],[2.371902,48.895438],[2.371835,48.89551],[2.371937,48.895565],[2.372508,48.895781],[2.373071,48.895974],[2.37364,48.896168],[2.373891,48.896232],[2.376383,48.896729],[2.37642,48.896737],[2.376428,48.896736],[2.376443,48.896739]]],[[[2.37351,48.894133],[2.372308,48.895276],[2.375815,48.896197],[2.37351,48.894133]]],[[[2.379584,48.896308],[2.383073,48.896292],[2.38321,48.896057],[2.380052,48.896051],[2.381345,48.895875],[2.382463,48.895223],[2.381392,48.894551],[2.379453,48.895661],[2.379942,48.895934],[2.376822,48.896727],[2.376994,48.897152],[2.37741,48.897224],[2.376994,48.896893],[2.379584,48.896308]]],[[[2.381209,48.894332],[2.380479,48.894062],[2.380582,48.893872],[2.378926,48.892595],[2.376937,48.893489],[2.378983,48.894266],[2.378517,48.894909],[2.379247,48.895545],[2.381209,48.894332]],[[2.380269,48.894268],[2.380221,48.894214],[2.380261,48.894251],[2.380288,48.894238],[2.380269,48.894268]],[[2.379963,48.894017],[2.379972,48.894012],[2.38009,48.894107],[2.380088,48.894112],[2.379963,48.894017]]]],"type":"MultiPolygon"},"properties":{"id_projet":"4913","libelle":"G.COLETTE MAGNY (17)/(19)","zone_commune":1,"etiquette":"Secteur commun des écoles \n17 COLETTE MAGNY (17) ELEM \n15 COLETTE MAGNY (15) ELEM","lib_etab_1":"COLETTE MAGNY (17) ELEM","lib_etab_2":"COLETTE MAGNY (15) ELEM","lib_etab_3":null,"lib_etab_4":null,"adr_etab_1":"17 COLETTE MAGNY (17) ELEM","adr_etab_2":"15 COLETTE MAGNY (15) ELEM","adr_etab_3":null,"adr_etab_4":null,"annee_scol":"2026-2027","st_area_shape":171764.88562674748,"st_perimeter_shape":6059.354669272971,"type_etabl":"Elémentaire","geo_point_2d":{"lon":2.377629865029839,"lat":48.89495884766754}}},{"type":"Feature","geometry":{"coordinates":[[[[2.391672,48.888079],[2.39254,48.886382],[2.390247,48.886213],[2.390543,48.88641],[2.390277,48.88725],[2.389889,48.887195],[2.389428,48.887667],[2.391132,48.888112],[2.391506,48.887158],[2.391789,48.887204],[2.391291,48.888154],[2.391874,48.888306],[2.391672,48.888079]]],[[[2.390265,48.882522],[2.388414,48.882045],[2.388095,48.882969],[2.390265,48.882522]]],[[[2.393888,48.885549],[2.393883,48.885082],[2.394213,48.88494],[2.392482,48.884796],[2.393958,48.886168],[2.393888,48.885549]]],[[[2.393808,48.883751],[2.393094,48.883342],[2.391875,48.883904],[2.393607,48.884269],[2.393808,48.883751]]],[[[2.392974,48.888094],[2.393104,48.887755],[2.392839,48.887593],[2.392556,48.888185],[2.392065,48.888355],[2.393046,48.888612],[2.392974,48.888094]]],[[[2.39296,48.884458],[2.392953,48.884241],[2.391441,48.884297],[2.392896,48.884688],[2.39296,48.884458]]],[[[2.394399,48.888511],[2.393294,48.888621],[2.394417,48.888967],[2.394399,48.888511]]],[[[2.394255,48.884832],[2.393168,48.884588],[2.393047,48.88426],[2.392952,48.884695],[2.394255,48.884832]]],[[[2.393727,48.886276],[2.392823,48.885278],[2.392098,48.884961],[2.393727,48.886276]]],[[[2.391276,48.884219],[2.390258,48.883614],[2.390106,48.883781],[2.391276,48.884219]]],[[[2.392074,48.882147],[2.390954,48.882056],[2.391101,48.882361],[2.392074,48.882147]]],[[[2.396722,48.884026],[2.396594,48.88394],[2.395932,48.884028],[2.395799,48.884214],[2.395814,48.884242],[2.395943,48.884212],[2.396569,48.884062],[2.396722,48.884026]]],[[[2.395309,48.884719],[2.395573,48.884444],[2.394743,48.884723],[2.395309,48.884719]]],[[[2.395385,48.884207],[2.394978,48.884132],[2.394868,48.884468],[2.395385,48.884207]]],[[[2.390687,48.88199],[2.390449,48.88192],[2.390455,48.88193],[2.390484,48.881988],[2.390516,48.882051],[2.390515,48.882052],[2.390732,48.882443],[2.390738,48.882441],[2.390912,48.882403],[2.390759,48.882128],[2.39084,48.882031],[2.390766,48.882013],[2.390687,48.88199]]],[[[2.396648,48.884235],[2.396529,48.884216],[2.395944,48.884351],[2.395949,48.884364],[2.395903,48.884375],[2.395919,48.884407],[2.395905,48.88441],[2.395993,48.88457],[2.396645,48.884244],[2.396648,48.884235]]],[[[2.39501,48.889122],[2.395175,48.888998],[2.394798,48.889059],[2.394886,48.888742],[2.394595,48.888689],[2.394434,48.888972],[2.39501,48.889122]]],[[[2.391604,48.884593],[2.391318,48.884479],[2.391248,48.884555],[2.391743,48.884753],[2.391974,48.884895],[2.392044,48.884836],[2.392034,48.88483],[2.392065,48.884804],[2.391956,48.884749],[2.391885,48.884715],[2.391759,48.884657],[2.391604,48.884593]]],[[[2.389372,48.887274],[2.388998,48.887553],[2.38929,48.887609],[2.389372,48.887274]]],[[[2.39586,48.883593],[2.395849,48.883591],[2.395733,48.883879],[2.395907,48.883855],[2.39586,48.883593]]],[[[2.390618,48.882468],[2.390572,48.882386],[2.390406,48.88242],[2.390449,48.882505],[2.390618,48.882468]]]],"type":"MultiPolygon"},"properties":{"id_projet":"ELEMENTAIRES (année scolaire 2020/2021)","libelle":"MANIN (40B) ELEM","zone_commune":0,"etiquette":"Secteur de l'école 40 bis RUE MANIN","lib_etab_1":"MANIN (40B) ELEM","lib_etab_2":null,"lib_etab_3":null,"lib_etab_4":null,"adr_etab_1":"40 bis RUE MANIN","adr_etab_2":null,"adr_etab_3":null,"adr_etab_4":null,"annee_scol":"2020-2021","st_area_shape":71997.1772978814,"st_perimeter_shape":5837.464795999291,"type_etabl":null,"geo_point_2d":{"lon":2.3918950267861234,"lat":48.885566013814774}}},{"type":"Feature","geometry":{"coordinates":[[[[2.391372,48.885262],[2.390873,48.884981],[2.390573,48.885764],[2.390134,48.886026],[2.393045,48.886283],[2.393092,48.886053],[2.392437,48.88597],[2.392311,48.885552],[2.391372,48.885262]]],[[[2.387928,48.8829],[2.388336,48.881697],[2.387136,48.882219],[2.38721,48.882862],[2.385978,48.882876],[2.387805,48.88312],[2.387928,48.8829]]],[[[2.385258,48.883169],[2.382848,48.882656],[2.383585,48.883118],[2.383462,48.883457],[2.38443,48.883893],[2.385258,48.883169]]],[[[2.385942,48.880067],[2.385543,48.883011],[2.385939,48.882665],[2.386165,48.880989],[2.386531,48.8804],[2.385942,48.880067]]],[[[2.389479,48.883958],[2.389545,48.883766],[2.388011,48.883319],[2.387668,48.884017],[2.389479,48.883958]]],[[[2.3875,48.883439],[2.385968,48.883271],[2.38747,48.884068],[2.387728,48.883482],[2.3875,48.883439]]],[[[2.391698,48.883813],[2.392044,48.883435],[2.391612,48.883573],[2.389607,48.882883],[2.391698,48.883813]]],[[[2.389621,48.883204],[2.389341,48.882934],[2.388379,48.883146],[2.389738,48.883633],[2.389904,48.88346],[2.389621,48.883204]]],[[[2.392386,48.883817],[2.393041,48.883363],[2.392549,48.883165],[2.391852,48.883855],[2.392386,48.883817]]],[[[2.395458,48.885362],[2.395706,48.885118],[2.395607,48.884445],[2.395309,48.884719],[2.395458,48.885362]]],[[[2.390954,48.882863],[2.391273,48.882836],[2.391216,48.882528],[2.390258,48.882734],[2.390954,48.882863]]],[[[2.3851,48.883937],[2.385289,48.883321],[2.384735,48.883813],[2.3851,48.883937]]],[[[2.395469,48.883833],[2.395424,48.883517],[2.394943,48.883811],[2.395469,48.883833]]],[[[2.390733,48.884243],[2.390664,48.884215],[2.390613,48.884223],[2.390634,48.884334],[2.391237,48.884567],[2.391318,48.884479],[2.39128,48.884462],[2.390839,48.884285],[2.390733,48.884243]]],[[[2.395338,48.88405],[2.394863,48.883983],[2.39486,48.88399],[2.39498,48.884125],[2.394978,48.884132],[2.395385,48.884207],[2.395499,48.88426],[2.395531,48.884253],[2.395458,48.884119],[2.395338,48.88405]]],[[[2.389925,48.883916],[2.38959,48.884157],[2.390223,48.884065],[2.389925,48.883916]]],[[[2.391835,48.88423],[2.391756,48.883991],[2.391433,48.884272],[2.391835,48.88423]]],[[[2.395037,48.885891],[2.394862,48.886113],[2.395109,48.886227],[2.395037,48.885891]]],[[[2.391555,48.883955],[2.391215,48.883998],[2.391276,48.884219],[2.391555,48.883955]]],[[[2.395154,48.885648],[2.395254,48.885555],[2.394882,48.885564],[2.394911,48.88569],[2.39502,48.885692],[2.395154,48.885648]]]],"type":"MultiPolygon"},"properties":{"id_projet":"ELEMENTAIRES (année scolaire 2020/2021)","libelle":"MANIN (30) ELEM B","zone_commune":0,"etiquette":"Secteur de l'école 30 RUE MANIN","lib_etab_1":"MANIN (30) ELEM B","lib_etab_2":null,"lib_etab_3":null,"lib_etab_4":null,"adr_etab_1":"30 RUE MANIN","adr_etab_2":null,"adr_etab_3":null,"adr_etab_4":null,"annee_scol":"2020-2021","st_area_shape":77761.94899916374,"st_perimeter_shape":5836.542168647697,"type_etabl":null,"geo_point_2d":{"lon":2.388655096775998,"lat":48.88359223837576}}},{"type":"Feature","geometry":{"coordinates":[[[[2.367406,48.884953],[2.36596,48.885581],[2.366659,48.886316],[2.368201,48.885729],[2.367406,48.884953]]],[[[2.368887,48.884569],[2.367896,48.885099],[2.369321,48.886357],[2.36949,48.885669],[2.368944,48.885316],[2.369404,48.885072],[2.368887,48.884569]]],[[[2.366234,48.884854],[2.366615,48.885146],[2.36727,48.884861],[2.366818,48.884424],[2.365001,48.884566],[2.365554,48.885149],[2.366234,48.884854]]],[[[2.367341,48.88661],[2.368723,48.88618],[2.368292,48.885777],[2.366712,48.886376],[2.367234,48.886477],[2.366935,48.88676],[2.367341,48.88661]]],[[[2.371148,48.885403],[2.369437,48.884394],[2.370886,48.885559],[2.371148,48.885403]]],[[[2.36781,48.884593],[2.367045,48.884434],[2.367661,48.885007],[2.36781,48.884593]]],[[[2.366536,48.885179],[2.36618,48.884939],[2.365597,48.885194],[2.365883,48.885463],[2.366536,48.885179]]],[[[2.368558,48.884588],[2.368781,48.884484],[2.368567,48.884311],[2.36779,48.884385],[2.368143,48.884712],[2.368558,48.884588]]],[[[2.367438,48.886911],[2.36801,48.88649],[2.366992,48.886843],[2.367438,48.886911]]]],"type":"MultiPolygon"},"properties":{"id_projet":"ELEMENTAIRES (année scolaire 2020/2021)","libelle":"TANGER (17) ELEM","zone_commune":0,"etiquette":"Secteur de l'école 17 RUE DE TANGER","lib_etab_1":"TANGER (17) ELEM","lib_etab_2":null,"lib_etab_3":null,"lib_etab_4":null,"adr_etab_1":"17 RUE DE TANGER","adr_etab_2":null,"adr_etab_3":null,"adr_etab_4":null,"annee_scol":"2020-2021","st_area_shape":49705.31624034393,"st_perimeter_shape":3041.8480249134527,"type_etabl":null,"geo_point_2d":{"lon":2.367632595013903,"lat":48.88539518815098}}},{"type":"Feature","geometry":{"coordinates":[[[[2.388545,48.886561],[2.389102,48.886091],[2.388164,48.885957],[2.387972,48.88644],[2.388545,48.886561]]],[[[2.394379,48.883973],[2.393808,48.883751],[2.393607,48.884269],[2.394393,48.884429],[2.394119,48.884139],[2.394379,48.883973]]],[[[2.389668,48.886995],[2.389227,48.88688],[2.389218,48.887188],[2.389668,48.886995]]],[[[2.38966,48.883811],[2.38943,48.884102],[2.38988,48.883899],[2.38966,48.883811]]],[[[2.389618,48.886165],[2.389344,48.886126],[2.389344,48.886127],[2.389454,48.886273],[2.389625,48.88631],[2.389733,48.886198],[2.389702,48.886186],[2.3897,48.886186],[2.389699,48.886185],[2.389698,48.886185],[2.389696,48.886184],[2.389694,48.886184],[2.389693,48.886183],[2.389691,48.886183],[2.389689,48.886182],[2.389687,48.886181],[2.389686,48.886181],[2.389684,48.88618],[2.389682,48.88618],[2.38968,48.886179],[2.389679,48.886179],[2.389677,48.886178],[2.389675,48.886178],[2.389674,48.886177],[2.389672,48.886177],[2.389671,48.886176],[2.389669,48.886176],[2.389668,48.886176],[2.389667,48.886175],[2.389666,48.886175],[2.389665,48.886175],[2.389664,48.886174],[2.389662,48.886174],[2.389661,48.886174],[2.38966,48.886173],[2.389659,48.886173],[2.389657,48.886173],[2.389656,48.886172],[2.389655,48.886172],[2.389654,48.886172],[2.389652,48.886172],[2.389651,48.886171],[2.38965,48.886171],[2.389648,48.886171],[2.389647,48.88617],[2.389646,48.88617],[2.389644,48.88617],[2.389643,48.88617],[2.389642,48.886169],[2.38964,48.886169],[2.389639,48.886169],[2.389638,48.886169],[2.389637,48.886168],[2.389635,48.886168],[2.389634,48.886168],[2.389633,48.886168],[2.389632,48.886167],[2.38963,48.886167],[2.389629,48.886167],[2.389628,48.886167],[2.389627,48.886166],[2.389626,48.886166],[2.389624,48.886166],[2.389623,48.886166],[2.389622,48.886165],[2.389621,48.886165],[2.38962,48.886165],[2.389618,48.886165]]]],"type":"MultiPolygon"},"properties":{"id_projet":"ELEMENTAIRES (année scolaire 2021/2022)","libelle":"Z.MANIN A,B/GOUBET","zone_commune":1,"etiquette":"Secteur commun des écoles \n30 RUE MANIN \n40 bis RUE MANIN\n4 RUE GOUBET","lib_etab_1":"MANIN (30) ELEM B","lib_etab_2":"MANIN (40B) ELEM","lib_etab_3":"GOUBET (4) ELEM","lib_etab_4":null,"adr_etab_1":"30 RUE MANIN","adr_etab_2":"40 bis RUE MANIN","adr_etab_3":"4 RUE GOUBET","adr_etab_4":null,"annee_scol":"2021-2022","st_area_shape":7298.655220113323,"st_perimeter_shape":820.6158412165045,"type_etabl":"Elémentaire","geo_point_2d":{"lon":2.390522830562953,"lat":48.88541711658447}}},{"type":"Feature","geometry":{"coordinates":[[[2.39027,48.883602],[2.389899,48.883445],[2.38989,48.883453],[2.389904,48.88346],[2.389738,48.883633],[2.390106,48.883781],[2.390172,48.883709],[2.39027,48.883602]]],"type":"Polygon"},"properties":{"id_projet":"ELEMENTAIRES (année scolaire 2021/2022)","libelle":"Z.MANIN A(40 T) ET B(30)/COMPANS A(106)/BRUNET B(7)","zone_commune":1,"etiquette":"Secteur commun des écoles \n106 RUE COMPANS \n7 RUE DU GENERAL BRUNET\n30 RUE MANIN\n40 bis RUE MANIN","lib_etab_1":"COMPANS (106) ELEM A","lib_etab_2":"GENERAL BRUNET (7) ELEM","lib_etab_3":"MANIN (30) ELEM B","lib_etab_4":"MANIN (40B) ELEM","adr_etab_1":"106 RUE COMPANS","adr_etab_2":"7 RUE DU GENERAL BRUNET","adr_etab_3":"30 RUE MANIN","adr_etab_4":"40 bis RUE MANIN","annee_scol":"2021-2022","st_area_shape":742.345269751267,"st_perimeter_shape":112.46674055901802,"type_etabl":"Elémentaire","geo_point_2d":{"lon":2.39000512969017,"lat":48.88361603124395}}},{"type":"Feature","geometry":{"coordinates":[[[[2.381401,48.898624],[2.381792,48.897933],[2.377182,48.897617],[2.371267,48.8977],[2.37124,48.898252],[2.381401,48.898624]]],[[[2.383073,48.896292],[2.379943,48.89617],[2.376994,48.896893],[2.37741,48.897224],[2.38236,48.897509],[2.383073,48.896292]]]],"type":"MultiPolygon"},"properties":{"id_projet":"ELEMENTAIRES (année scolaire 2021/2022)","libelle":"MACDONALD (141) POLY","zone_commune":0,"etiquette":"Secteur de l'école 141 BD MACDONALD","lib_etab_1":"MACDONALD (141) POLY","lib_etab_2":null,"lib_etab_3":null,"lib_etab_4":null,"adr_etab_1":"141 BD MACDONALD","adr_etab_2":null,"adr_etab_3":null,"adr_etab_4":null,"annee_scol":"2021-2022","st_area_shape":106612.08668405979,"st_perimeter_shape":2764.9121875073297,"type_etabl":"Elémentaire","geo_point_2d":{"lon":2.378267691499239,"lat":48.89758766281626}}},{"type":"Feature","geometry":{"coordinates":[[[2.397978,48.878057],[2.398095,48.878074],[2.398136,48.87808],[2.398173,48.878085],[2.398178,48.878068],[2.398183,48.878048],[2.398187,48.878034],[2.398192,48.878014],[2.398195,48.878005],[2.398209,48.877952],[2.398225,48.877894],[2.398189,48.87789],[2.398173,48.877888],[2.398115,48.877882],[2.398103,48.877881],[2.397981,48.877868],[2.397978,48.878057]]],"type":"Polygon"},"properties":{"id_projet":"ELEMENTAIRES (année scolaire 2021/2022)","libelle":"Z. E. COTTON/ROMAINVILLE A(57)/ROMAINVILLE B(59)","zone_commune":1,"etiquette":"Secteur commun des écoles \n16 RUE EUGENIE COTTON (A) \n16 RUE EUGENIE COTTON (B)\n59 RUE DE ROMAINVILL","lib_etab_1":"EUGENIE COTTON (16) ELEM B","lib_etab_2":"EUGENIE COTTON (16) ELEM A","lib_etab_3":"ROMAINVILLE (59) ELEM B","lib_etab_4":"ROMAINVILLE (57) ELEM A","adr_etab_1":"16 RUE EUGENIE COTTON (A)","adr_etab_2":"16 RUE EUGENIE COTTON (B)","adr_etab_3":"59 RUE DE ROMAINVILLE","adr_etab_4":"57 RUE DE ROMAINVILLE","annee_scol":"2021-2022","st_area_shape":346.1677794652005,"st_perimeter_shape":75.34131896034776,"type_etabl":"Elémentaire","geo_point_2d":{"lon":2.3980905245391044,"lat":48.87797255987482}}},{"type":"Feature","geometry":{"coordinates":[[[[2.368149,48.889566],[2.371134,48.889215],[2.369289,48.886708],[2.367182,48.887371],[2.368149,48.889566]]],[[[2.371719,48.886954],[2.370517,48.885969],[2.369429,48.886651],[2.370211,48.887323],[2.371294,48.889073],[2.373507,48.888499],[2.371719,48.886954]]],[[[2.373406,48.887094],[2.374359,48.886714],[2.371772,48.885432],[2.371159,48.885755],[2.372978,48.887265],[2.373406,48.887094]]],[[[2.374607,48.886771],[2.373039,48.887314],[2.373627,48.887801],[2.375309,48.887149],[2.374607,48.886771]]],[[[2.374395,48.888269],[2.374346,48.888061],[2.375789,48.887562],[2.376197,48.887955],[2.377011,48.887967],[2.375366,48.887233],[2.37374,48.887859],[2.374395,48.888269]]],[[[2.369521,48.885166],[2.368944,48.885316],[2.36949,48.885669],[2.369321,48.886357],[2.370301,48.885873],[2.369521,48.885166]]],[[[2.371702,48.88533],[2.369459,48.884374],[2.371148,48.885403],[2.37103,48.885676],[2.371702,48.88533]]],[[[2.367966,48.886948],[2.368382,48.886797],[2.368038,48.886481],[2.366977,48.886869],[2.36716,48.887238],[2.367966,48.886948]]],[[[2.368842,48.88629],[2.368191,48.886428],[2.368527,48.886744],[2.368983,48.886581],[2.368842,48.88629]]],[[[2.367102,48.886616],[2.36671,48.88638],[2.366933,48.886756],[2.367102,48.886616]]]],"type":"MultiPolygon"},"properties":{"id_projet":"ELEMENTAIRES (année scolaire 2021/2022)","libelle":"G.TANGER(41)A/B","zone_commune":1,"etiquette":"Secteur commun des écoles \n41 RUE DE TANGER (A) \n41 RUE DE TANGER (B)","lib_etab_1":"TANGER (41) ELEM A","lib_etab_2":"TANGER (41) ELEM B","lib_etab_3":null,"lib_etab_4":null,"adr_etab_1":"41 RUE DE TANGER (A)","adr_etab_2":"41 RUE DE TANGER (B)","adr_etab_3":null,"adr_etab_4":null,"annee_scol":"2021-2022","st_area_shape":156713.52473050662,"st_perimeter_shape":5291.875488776007,"type_etabl":"Elémentaire","geo_point_2d":{"lon":2.3708714890932994,"lat":48.887508371048725}}},{"type":"Feature","geometry":{"coordinates":[[[[2.384668,48.875907],[2.38525,48.875884],[2.385396,48.87671],[2.385864,48.876724],[2.385686,48.875162],[2.386171,48.874428],[2.385752,48.874731],[2.385622,48.874204],[2.383808,48.875577],[2.383596,48.875853],[2.383913,48.876719],[2.38496,48.876752],[2.384668,48.875907]]],[[[2.383261,48.877828],[2.384651,48.87796],[2.385177,48.877662],[2.385448,48.877888],[2.385119,48.876866],[2.382582,48.877193],[2.383022,48.878105],[2.383261,48.877828]],[[2.38469,48.877872],[2.384688,48.87788],[2.384688,48.877879],[2.38469,48.877872]]],[[[2.381921,48.875746],[2.381334,48.876598],[2.38131,48.877518],[2.382823,48.876881],[2.381921,48.875746]]],[[[2.383704,48.876465],[2.383476,48.875807],[2.382505,48.875419],[2.382043,48.875644],[2.383069,48.876848],[2.383782,48.876716],[2.383704,48.876465]]],[[[2.383895,48.875368],[2.385475,48.874206],[2.384659,48.874168],[2.3838,48.874611],[2.383307,48.875309],[2.382638,48.875304],[2.38355,48.87571],[2.383895,48.875368]]],[[[2.386506,48.876579],[2.387314,48.876305],[2.386797,48.876459],[2.386604,48.876055],[2.386134,48.876114],[2.386619,48.875675],[2.385792,48.875383],[2.385975,48.876578],[2.386506,48.876579]]],[[[2.381926,48.878095],[2.382824,48.87816],[2.38228,48.877334],[2.381415,48.877791],[2.381785,48.878259],[2.381926,48.878095]]],[[[2.385945,48.877119],[2.386925,48.876992],[2.386813,48.876675],[2.387382,48.876462],[2.385385,48.876819],[2.385525,48.877476],[2.385945,48.877119]]],[[[2.387362,48.877689],[2.387832,48.877262],[2.386837,48.877437],[2.386958,48.877851],[2.387362,48.877689]]],[[[2.386618,48.877507],[2.385783,48.877616],[2.38581,48.878161],[2.386618,48.877507]]],[[[2.385855,48.875337],[2.386204,48.87529],[2.386278,48.874531],[2.385855,48.875337]]]],"type":"MultiPolygon"},"properties":{"id_projet":"ELEMENTAIRES (année scolaire 2022/2023)","libelle":"ALOUETTES (5) ELEM","zone_commune":0,"etiquette":"Secteur de l'école 5 RUE DES ALOUETTES","lib_etab_1":"ALOUETTES (5) ELEM","lib_etab_2":null,"lib_etab_3":null,"lib_etab_4":null,"adr_etab_1":"5 RUE DES ALOUETTES","adr_etab_2":null,"adr_etab_3":null,"adr_etab_4":null,"annee_scol":"2022-2023","st_area_shape":102869.1899754879,"st_perimeter_shape":5497.572362979616,"type_etabl":"Elémentaire","geo_point_2d":{"lon":2.3841693303691383,"lat":48.87638223489644}}},{"type":"Feature","geometry":{"coordinates":[[[[2.378935,48.888666],[2.37974,48.887877],[2.370896,48.883518],[2.370503,48.88306],[2.370788,48.883651],[2.370193,48.884153],[2.369588,48.88403],[2.378935,48.888666]]],[[[2.379314,48.887023],[2.381033,48.886807],[2.379233,48.886026],[2.378334,48.885807],[2.377191,48.886449],[2.379152,48.887451],[2.379493,48.88714],[2.379314,48.887023]]],[[[2.377052,48.886385],[2.378268,48.885682],[2.378617,48.885135],[2.3771,48.88474],[2.376764,48.885296],[2.376285,48.885309],[2.377212,48.885765],[2.376621,48.886121],[2.377018,48.885713],[2.376237,48.885329],[2.375702,48.885706],[2.377052,48.886385]]],[[[2.384461,48.887485],[2.384689,48.886734],[2.383254,48.886357],[2.382491,48.886499],[2.382863,48.886617],[2.382533,48.887061],[2.384461,48.887485]]],[[[2.381698,48.886281],[2.381983,48.886021],[2.381546,48.88621],[2.381596,48.88592],[2.380038,48.885511],[2.379721,48.886031],[2.380281,48.886317],[2.380502,48.885815],[2.38091,48.885923],[2.380559,48.886449],[2.381149,48.886729],[2.381698,48.886281]]],[[[2.382937,48.885196],[2.383101,48.885015],[2.381332,48.884849],[2.381033,48.885314],[2.382241,48.885786],[2.382937,48.885196]]],[[[2.378987,48.885235],[2.3785,48.885719],[2.379563,48.886],[2.379887,48.885471],[2.378987,48.885235]]],[[[2.369808,48.883605],[2.370006,48.882972],[2.368948,48.883914],[2.369808,48.883605]]],[[[2.380134,48.884761],[2.379862,48.884887],[2.380878,48.885274],[2.381168,48.884854],[2.380134,48.884761]]],[[[2.379208,48.884875],[2.377706,48.884357],[2.377348,48.884504],[2.379208,48.884875]]],[[[2.377199,48.884339],[2.37704,48.883942],[2.376192,48.884208],[2.377199,48.884339]]],[[[2.382991,48.885603],[2.38323,48.88512],[2.382435,48.885814],[2.382996,48.885984],[2.382991,48.885603]]],[[[2.383975,48.88595],[2.383262,48.886029],[2.384461,48.886368],[2.383975,48.88595]]],[[[2.381998,48.887226],[2.381413,48.886713],[2.380897,48.887157],[2.381998,48.887226]]],[[[2.381017,48.887602],[2.38128,48.8875],[2.380809,48.887234],[2.380437,48.887559],[2.381017,48.887602]]],[[[2.379926,48.885035],[2.379778,48.884979],[2.379768,48.884981],[2.379886,48.885101],[2.379885,48.885103],[2.379884,48.885105],[2.379674,48.885112],[2.379766,48.885136],[2.379851,48.885158],[2.379978,48.885192],[2.380117,48.885228],[2.38026,48.885266],[2.380337,48.885286],[2.380418,48.885308],[2.380488,48.885326],[2.380823,48.885415],[2.380845,48.885385],[2.380526,48.885264],[2.380388,48.885211],[2.380319,48.885185],[2.380178,48.885131],[2.380045,48.88508],[2.379926,48.885035]]],[[[2.381725,48.88651],[2.382613,48.886189],[2.382132,48.88608],[2.381725,48.88651]]],[[[2.380349,48.887655],[2.380323,48.887636],[2.380174,48.887767],[2.380046,48.887881],[2.380049,48.887898],[2.380062,48.887904],[2.380344,48.887852],[2.380333,48.887846],[2.38032,48.887839],[2.380318,48.887838],[2.380349,48.887655]]],[[[2.379843,48.888191],[2.379921,48.888148],[2.379977,48.888175],[2.380027,48.888132],[2.380028,48.888131],[2.379964,48.887995],[2.379837,48.888107],[2.379778,48.888159],[2.379843,48.888191]]],[[[2.376003,48.884096],[2.375898,48.883977],[2.375813,48.884105],[2.375919,48.884133],[2.375957,48.884128],[2.376003,48.884096]]]],"type":"MultiPolygon"},"properties":{"id_projet":"ELEMENTAIRES (année scolaire 2022/2023)","libelle":"PIERRE GIRARD (9) ELEM","zone_commune":0,"etiquette":"Secteur de l'école 9 RUE PIERRE GIRARD","lib_etab_1":"PIERRE GIRARD (9) ELEM","lib_etab_2":null,"lib_etab_3":null,"lib_etab_4":null,"adr_etab_1":"9 RUE PIERRE GIRARD","adr_etab_2":null,"adr_etab_3":null,"adr_etab_4":null,"annee_scol":"2022-2023","st_area_shape":196055.725753435,"st_perimeter_shape":8348.84685904542,"type_etabl":"Elémentaire","geo_point_2d":{"lon":2.377308691575956,"lat":48.8860012015249}}},{"type":"Feature","geometry":{"coordinates":[[[[2.389799,48.885957],[2.390056,48.884464],[2.387548,48.884302],[2.386991,48.885611],[2.389799,48.885957]]],[[[2.392109,48.885115],[2.390343,48.884502],[2.390016,48.885917],[2.390573,48.885764],[2.390873,48.884981],[2.392311,48.885552],[2.392437,48.88597],[2.3932,48.886098],[2.392109,48.885115]]],[[[2.385106,48.885245],[2.38612,48.884885],[2.386241,48.88392],[2.385586,48.883295],[2.385289,48.883321],[2.385168,48.883814],[2.385876,48.884063],[2.385993,48.884838],[2.385566,48.884807],[2.385698,48.884246],[2.385176,48.884193],[2.38482,48.88511],[2.385106,48.885245]]],[[[2.38721,48.882862],[2.387136,48.882219],[2.387846,48.881905],[2.388152,48.88082],[2.386009,48.882692],[2.38721,48.882862]]],[[[2.386569,48.886216],[2.386695,48.885736],[2.384768,48.885368],[2.385195,48.886007],[2.385279,48.885745],[2.385276,48.886018],[2.386261,48.886161],[2.386302,48.886836],[2.386569,48.886216]]],[[[2.387181,48.88468],[2.385473,48.885315],[2.386785,48.885604],[2.387181,48.88468]]],[[[2.392556,48.888185],[2.393206,48.886618],[2.392895,48.886443],[2.392116,48.888254],[2.392556,48.888185]]],[[[2.387459,48.886354],[2.387692,48.885849],[2.38692,48.885732],[2.386482,48.886825],[2.387019,48.886278],[2.387362,48.886338],[2.387197,48.887045],[2.387459,48.886354]]],[[[2.392666,48.886577],[2.392304,48.886509],[2.391672,48.888079],[2.391937,48.88828],[2.392666,48.886577]]],[[[2.383286,48.883809],[2.382789,48.884202],[2.383268,48.884486],[2.383219,48.884925],[2.383902,48.884205],[2.383286,48.883809]]],[[[2.390533,48.883468],[2.389315,48.883096],[2.391152,48.884009],[2.39154,48.883911],[2.390533,48.883468]]],[[[2.389883,48.887212],[2.390277,48.88725],[2.390543,48.88641],[2.390247,48.886213],[2.389446,48.887637],[2.389883,48.887212]]],[[[2.386451,48.884768],[2.387408,48.884224],[2.386419,48.884171],[2.386451,48.884768]]],[[[2.390127,48.884214],[2.3902,48.884132],[2.390235,48.884098],[2.390223,48.884065],[2.389598,48.884158],[2.38959,48.884157],[2.3896,48.884126],[2.38943,48.884102],[2.389203,48.88407],[2.389211,48.884047],[2.389044,48.884024],[2.388819,48.883994],[2.388416,48.88394],[2.388299,48.883924],[2.388295,48.883939],[2.387668,48.884017],[2.387639,48.884084],[2.388194,48.884141],[2.388234,48.884145],[2.390027,48.884326],[2.390097,48.88425],[2.390132,48.884214],[2.390127,48.884214]]],[[[2.386688,48.883552],[2.385933,48.883309],[2.386593,48.883981],[2.38747,48.884068],[2.386688,48.883552]]],[[[2.387534,48.886753],[2.388178,48.885922],[2.387768,48.885861],[2.387534,48.886753]]],[[[2.394248,48.885574],[2.394282,48.885001],[2.393883,48.885082],[2.394072,48.886194],[2.394248,48.885574]]],[[[2.394322,48.884736],[2.393056,48.884262],[2.393168,48.884588],[2.394322,48.884736]]],[[[2.392562,48.884409],[2.392953,48.884241],[2.391756,48.883991],[2.391871,48.88434],[2.392562,48.884409]]],[[[2.393575,48.88622],[2.393384,48.885982],[2.393001,48.885613],[2.393021,48.885604],[2.392886,48.885442],[2.39252,48.885198],[2.392098,48.884961],[2.392044,48.885004],[2.392114,48.885044],[2.392116,48.885064],[2.392131,48.885073],[2.392149,48.885083],[2.392163,48.885091],[2.392181,48.885102],[2.392199,48.885112],[2.392214,48.885121],[2.392236,48.885135],[2.392256,48.885147],[2.392273,48.885158],[2.392306,48.885179],[2.392326,48.885192],[2.392361,48.885215],[2.392381,48.885227],[2.392397,48.885238],[2.392417,48.885251],[2.392434,48.885263],[2.392448,48.885273],[2.392466,48.885285],[2.392485,48.885299],[2.392517,48.885322],[2.392549,48.885346],[2.392569,48.88536],[2.392579,48.885368],[2.392598,48.885383],[2.392615,48.885395],[2.392632,48.885409],[2.392649,48.885422],[2.392679,48.885446],[2.392696,48.88546],[2.392713,48.885473],[2.392742,48.885498],[2.392759,48.885512],[2.392775,48.885525],[2.392788,48.885536],[2.392803,48.885549],[2.392818,48.885563],[2.392834,48.885577],[2.392848,48.885589],[2.392862,48.885602],[2.392882,48.885619],[2.392892,48.885627],[2.392906,48.88564],[2.392918,48.885651],[2.39293,48.885646],[2.393255,48.886004],[2.393274,48.885997],[2.393309,48.886033],[2.393506,48.886319],[2.393517,48.88632],[2.393603,48.886256],[2.393575,48.88622]]],[[[2.391743,48.884753],[2.391248,48.884555],[2.391237,48.884567],[2.390634,48.884334],[2.390613,48.884223],[2.390592,48.884226],[2.390533,48.884292],[2.390492,48.884336],[2.390465,48.88437],[2.390508,48.884374],[2.390504,48.884403],[2.390645,48.884416],[2.39118,48.884629],[2.391526,48.884768],[2.391596,48.884798],[2.391652,48.884824],[2.391702,48.884847],[2.391742,48.884866],[2.391784,48.884887],[2.391824,48.884907],[2.391864,48.884929],[2.391893,48.884944],[2.391907,48.884951],[2.391974,48.884895],[2.391743,48.884753]]],[[[2.384371,48.885293],[2.383777,48.885214],[2.384213,48.885518],[2.384371,48.885293]]],[[[2.383627,48.884855],[2.384223,48.884287],[2.383428,48.884945],[2.383748,48.885026],[2.383627,48.884855]]],[[[2.384222,48.885115],[2.384469,48.885073],[2.384245,48.884895],[2.383879,48.885051],[2.384222,48.885115]]],[[[2.394499,48.884243],[2.394191,48.884215],[2.394393,48.884429],[2.394441,48.884411],[2.394499,48.884243]]],[[[2.383042,48.885005],[2.382781,48.884957],[2.3827,48.885061],[2.382704,48.885062],[2.382697,48.885071],[2.382747,48.885097],[2.382752,48.8851],[2.382765,48.885106],[2.382791,48.88512],[2.383042,48.885005]]],[[[2.383333,48.885268],[2.38344,48.885136],[2.383546,48.885168],[2.383622,48.885112],[2.383521,48.885094],[2.383521,48.885096],[2.383437,48.885081],[2.383411,48.885112],[2.383333,48.885097],[2.383242,48.885117],[2.383333,48.885268]]],[[[2.38779,48.883329],[2.387764,48.883311],[2.3875,48.883439],[2.38754,48.883446],[2.387587,48.883455],[2.387728,48.883482],[2.387748,48.883434],[2.38779,48.883329]]],[[[2.393136,48.886107],[2.393082,48.886102],[2.393081,48.886105],[2.393056,48.886227],[2.393246,48.886266],[2.393136,48.886107]]],[[[2.38443,48.883893],[2.38426,48.883809],[2.384237,48.883845],[2.384229,48.883858],[2.384254,48.883871],[2.384279,48.883884],[2.38438,48.883936],[2.38443,48.883893]]],[[[2.384759,48.885099],[2.384756,48.885072],[2.384649,48.885081],[2.384649,48.885082],[2.384649,48.885084],[2.384649,48.885087],[2.384648,48.885089],[2.384648,48.885094],[2.384648,48.885096],[2.384648,48.885098],[2.384648,48.885101],[2.384648,48.885103],[2.384648,48.885105],[2.384648,48.885108],[2.384648,48.88511],[2.384648,48.885113],[2.384648,48.885116],[2.384648,48.885118],[2.384648,48.885121],[2.384648,48.885124],[2.384648,48.885127],[2.384649,48.885129],[2.384649,48.885132],[2.384649,48.885134],[2.384649,48.885136],[2.384649,48.885138],[2.384649,48.88514],[2.384649,48.885142],[2.384649,48.885143],[2.384649,48.885145],[2.38465,48.885147],[2.38465,48.885149],[2.38465,48.885151],[2.38465,48.885152],[2.38465,48.885154],[2.38465,48.885156],[2.38465,48.885157],[2.384651,48.885159],[2.384764,48.88518],[2.384763,48.885159],[2.384759,48.885099]]]],"type":"MultiPolygon"},"properties":{"id_projet":"ELEMENTAIRES (année scolaire 2022/2023)","libelle":"GOUBET (4) ELEM","zone_commune":0,"etiquette":"Secteur de l'école 4 RUE GOUBET","lib_etab_1":"GOUBET (4) ELEM","lib_etab_2":null,"lib_etab_3":null,"lib_etab_4":null,"adr_etab_1":"4 RUE GOUBET","adr_etab_2":null,"adr_etab_3":null,"adr_etab_4":null,"annee_scol":"2022-2023","st_area_shape":138502.3585641377,"st_perimeter_shape":10493.967311166238,"type_etabl":"Elémentaire","geo_point_2d":{"lon":2.3885452297049508,"lat":48.8850064569393}}},{"type":"Feature","geometry":{"coordinates":[[[2.376185,48.89854],[2.37124,48.898252],[2.37123,48.89846],[2.376185,48.89854]]],"type":"Polygon"},"properties":{"id_projet":"ELEMENTAIRES (année scolaire 2023/2024)","libelle":"Z. BOLLAERT(53)/MACDONALD(141)","zone_commune":1,"etiquette":"Secteur commun des écoles \n53 RUE EMILE BOLLAERT \n141 BOULEVARD MACDONALD","lib_etab_1":"EMILE BOLLAERT (53) POLY","lib_etab_2":"MACDONALD (141) POLY","lib_etab_3":null,"lib_etab_4":null,"adr_etab_1":"53 RUE EMILE BOLLAERT","adr_etab_2":"141 BOULEVARD MACDONALD","adr_etab_3":null,"adr_etab_4":null,"annee_scol":"2023-2024","st_area_shape":7688.50609571474,"st_perimeter_shape":795.9777596163481,"type_etabl":"Elémentaire","geo_point_2d":{"lon":2.3736083044285365,"lat":48.8984116495617}}},{"type":"Feature","geometry":{"coordinates":[[[[2.391372,48.885262],[2.390873,48.884981],[2.390573,48.885764],[2.390134,48.886026],[2.393045,48.886283],[2.393092,48.886053],[2.392437,48.88597],[2.392311,48.885552],[2.391372,48.885262]]],[[[2.390954,48.882863],[2.391273,48.882836],[2.391216,48.882528],[2.390258,48.882734],[2.390954,48.882863]]],[[[2.385942,48.880067],[2.385543,48.883011],[2.385939,48.882665],[2.386165,48.880989],[2.386531,48.8804],[2.385942,48.880067]]],[[[2.387928,48.8829],[2.388336,48.881697],[2.387136,48.882219],[2.38721,48.882862],[2.385978,48.882876],[2.387805,48.88312],[2.387928,48.8829]]],[[[2.389621,48.883204],[2.389341,48.882934],[2.388379,48.883146],[2.389738,48.883633],[2.389904,48.88346],[2.389621,48.883204]]],[[[2.391698,48.883813],[2.392044,48.883435],[2.391612,48.883573],[2.389607,48.882883],[2.391698,48.883813]]],[[[2.395469,48.883833],[2.395424,48.883517],[2.394943,48.883811],[2.395469,48.883833]]],[[[2.392386,48.883817],[2.393041,48.883363],[2.392549,48.883165],[2.391852,48.883855],[2.392386,48.883817]]],[[[2.385258,48.883169],[2.382848,48.882656],[2.383585,48.883118],[2.383462,48.883457],[2.38443,48.883893],[2.385258,48.883169]]],[[[2.3851,48.883937],[2.385289,48.883321],[2.384735,48.883813],[2.3851,48.883937]]],[[[2.3875,48.883439],[2.385968,48.883271],[2.38747,48.884068],[2.387728,48.883482],[2.3875,48.883439]]],[[[2.389479,48.883958],[2.389545,48.883766],[2.388011,48.883319],[2.387668,48.884017],[2.389479,48.883958]]],[[[2.389925,48.883916],[2.38959,48.884157],[2.390223,48.884065],[2.389925,48.883916]]],[[[2.391555,48.883955],[2.391215,48.883998],[2.391276,48.884219],[2.391555,48.883955]]],[[[2.395338,48.88405],[2.394863,48.883983],[2.39486,48.88399],[2.39498,48.884125],[2.394978,48.884132],[2.395385,48.884207],[2.395499,48.88426],[2.395531,48.884253],[2.395458,48.884119],[2.395338,48.88405]]],[[[2.391835,48.88423],[2.391756,48.883991],[2.391433,48.884272],[2.391835,48.88423]]],[[[2.390733,48.884243],[2.390664,48.884215],[2.390613,48.884223],[2.390634,48.884334],[2.391237,48.884567],[2.391318,48.884479],[2.39128,48.884462],[2.390839,48.884285],[2.390733,48.884243]]],[[[2.395458,48.885362],[2.395706,48.885118],[2.395607,48.884445],[2.395309,48.884719],[2.395458,48.885362]]],[[[2.395154,48.885648],[2.395254,48.885555],[2.394882,48.885564],[2.394911,48.88569],[2.39502,48.885692],[2.395154,48.885648]]],[[[2.395037,48.885891],[2.394862,48.886113],[2.395109,48.886227],[2.395037,48.885891]]]],"type":"MultiPolygon"},"properties":{"id_projet":"ELEMENTAIRES (année scolaire 2023/2024)","libelle":"MANIN (30) ELEM B","zone_commune":0,"etiquette":"Secteur de l'école 30 RUE MANIN","lib_etab_1":"MANIN (30) ELEM B","lib_etab_2":null,"lib_etab_3":null,"lib_etab_4":null,"adr_etab_1":"30 RUE MANIN","adr_etab_2":null,"adr_etab_3":null,"adr_etab_4":null,"annee_scol":"2023-2024","st_area_shape":77761.94899916375,"st_perimeter_shape":5836.542168647697,"type_etabl":"Elémentaire","geo_point_2d":{"lon":2.388655096776001,"lat":48.88359223837582}}},{"type":"Feature","geometry":{"coordinates":[[[[2.38812,48.879462],[2.387834,48.877275],[2.387309,48.877807],[2.386958,48.877851],[2.386837,48.877437],[2.386305,48.877607],[2.385697,48.878317],[2.385977,48.879406],[2.38812,48.879462]]],[[[2.385582,48.877502],[2.387741,48.877034],[2.385945,48.877119],[2.385582,48.877502]]],[[[2.384688,48.87788],[2.38469,48.877872],[2.384688,48.877879],[2.384688,48.87788]]],[[[2.381127,48.878009],[2.381105,48.87797],[2.381107,48.877969],[2.381101,48.877958],[2.38111,48.877955],[2.381098,48.877936],[2.381089,48.877938],[2.381082,48.877926],[2.381068,48.877929],[2.381062,48.877919],[2.381026,48.877929],[2.381031,48.877939],[2.381012,48.877944],[2.381027,48.877973],[2.38103,48.877973],[2.381038,48.877987],[2.38104,48.877986],[2.381064,48.878025],[2.381127,48.878009]]],[[[2.391868,48.877401],[2.39233,48.876947],[2.391552,48.877174],[2.391695,48.877414],[2.391205,48.877513],[2.391072,48.878096],[2.391868,48.877401]]],[[[2.392,48.878136],[2.392405,48.877804],[2.392307,48.877345],[2.391528,48.878028],[2.392,48.878136]]],[[[2.384372,48.877984],[2.385426,48.877908],[2.385177,48.877662],[2.384651,48.87796],[2.383261,48.877828],[2.38309,48.87813],[2.384372,48.877984]]],[[[2.381883,48.878285],[2.382319,48.878237],[2.382319,48.878238],[2.382447,48.878224],[2.382446,48.878222],[2.382802,48.878183],[2.382822,48.878162],[2.382816,48.878162],[2.382544,48.878023],[2.381926,48.878095],[2.381791,48.878261],[2.38183,48.878271],[2.381883,48.878285]]],[[[2.389127,48.878603],[2.388612,48.878397],[2.389068,48.878334],[2.388571,48.878159],[2.388978,48.877769],[2.388578,48.877818],[2.38796,48.877138],[2.388317,48.878662],[2.389127,48.878603]]],[[[2.385443,48.878101],[2.384917,48.878039],[2.385116,48.878963],[2.385573,48.878733],[2.385443,48.878101]]],[[[2.391059,48.878984],[2.390903,48.878638],[2.390612,48.878814],[2.391059,48.878984]]],[[[2.389727,48.879],[2.38903,48.878874],[2.388815,48.878705],[2.389034,48.878619],[2.388279,48.878674],[2.388384,48.879141],[2.389727,48.879]]],[[[2.384184,48.878814],[2.383942,48.87818],[2.38197,48.878408],[2.384183,48.879198],[2.384184,48.878814]]],[[[2.384966,48.878838],[2.384902,48.87804],[2.384122,48.87814],[2.384391,48.879214],[2.384966,48.878838]]],[[[2.391383,48.879356],[2.391606,48.878804],[2.391237,48.878511],[2.391656,48.878164],[2.390987,48.878488],[2.391383,48.879356]]],[[[2.391101,48.879092],[2.390918,48.879185],[2.391217,48.87939],[2.391101,48.879092]]],[[[2.385658,48.878895],[2.384654,48.879273],[2.385627,48.879379],[2.385658,48.878895]]],[[[2.389804,48.879117],[2.388368,48.879233],[2.388432,48.879459],[2.38944,48.879448],[2.389804,48.879117]]],[[[2.388595,48.879773],[2.388592,48.879729],[2.388533,48.879729],[2.38853,48.879727],[2.388458,48.879728],[2.388459,48.879742],[2.388432,48.879742],[2.388432,48.879762],[2.388459,48.879762],[2.388461,48.879777],[2.388595,48.879773]]],[[[2.386562,48.879932],[2.386279,48.879861],[2.386229,48.879856],[2.386197,48.879873],[2.386,48.879856],[2.385967,48.880016],[2.386015,48.880027],[2.386061,48.880036],[2.386064,48.880036],[2.386121,48.880043],[2.386269,48.880059],[2.386473,48.880076],[2.386535,48.88008],[2.38655,48.879953],[2.386562,48.879932]]]],"type":"MultiPolygon"},"properties":{"id_projet":"ELEMENTAIRES (année scolaire 2023/2024)","libelle":"VILLETTE (61) ELEM","zone_commune":0,"etiquette":"Secteur de l'école 61 RUE DE LA VILLETTE","lib_etab_1":"VILLETTE (61) ELEM","lib_etab_2":null,"lib_etab_3":null,"lib_etab_4":null,"adr_etab_1":"61 RUE DE LA VILLETTE","adr_etab_2":null,"adr_etab_3":null,"adr_etab_4":null,"annee_scol":"2023-2024","st_area_shape":88937.46054858105,"st_perimeter_shape":5796.463193464428,"type_etabl":"Elémentaire","geo_point_2d":{"lon":2.3868041025618045,"lat":48.878439469650594}}},{"type":"Feature","geometry":{"coordinates":[[[[2.374836,48.884362],[2.374955,48.884176],[2.37093,48.883149],[2.372413,48.884099],[2.372715,48.883887],[2.372524,48.884089],[2.37414,48.884891],[2.374836,48.884362]]],[[[2.375813,48.884105],[2.376623,48.883444],[2.37624,48.883742],[2.375085,48.883231],[2.3736,48.883497],[2.375813,48.884105]]],[[[2.376192,48.884208],[2.376857,48.884077],[2.377012,48.883636],[2.376192,48.884208]]],[[[2.3771,48.88474],[2.376938,48.884697],[2.376935,48.884698],[2.376907,48.884792],[2.377041,48.884809],[2.3771,48.88474]]],[[[2.375996,48.885285],[2.3767,48.884634],[2.375155,48.884228],[2.374253,48.884948],[2.375609,48.885619],[2.375996,48.885285]]]],"type":"MultiPolygon"},"properties":{"id_projet":"ELEMENTAIRES (année scolaire 2023/2024)","libelle":"HENRI NOGUERES (10) POLY","zone_commune":0,"etiquette":"Secteur de l'école 10 RUE HENRI NOGUERES","lib_etab_1":"HENRI NOGUERES (10) POLY","lib_etab_2":null,"lib_etab_3":null,"lib_etab_4":null,"adr_etab_1":"10 RUE HENRI NOGUERES","adr_etab_2":null,"adr_etab_3":null,"adr_etab_4":null,"annee_scol":"2023-2024","st_area_shape":43720.58339858883,"st_perimeter_shape":2198.319049019865,"type_etabl":"Elémentaire","geo_point_2d":{"lon":2.374521046406452,"lat":48.88422180169537}}},{"type":"Feature","geometry":{"coordinates":[[[[2.385069,48.889928],[2.386624,48.887249],[2.385957,48.887499],[2.385678,48.888022],[2.385238,48.887901],[2.385462,48.887545],[2.384926,48.887374],[2.384836,48.886933],[2.383832,48.889338],[2.385069,48.889928]]],[[[2.380544,48.884394],[2.381491,48.883717],[2.381254,48.883353],[2.380098,48.884591],[2.380544,48.884394]]],[[[2.380538,48.883651],[2.381447,48.882649],[2.380732,48.882864],[2.379357,48.88433],[2.379674,48.884603],[2.380538,48.883651]]],[[[2.380021,48.884867],[2.379961,48.884756],[2.379959,48.884757],[2.379942,48.884762],[2.37985,48.88486],[2.379859,48.884879],[2.380021,48.884867]]],[[[2.379432,48.88487],[2.379429,48.884861],[2.379196,48.884871],[2.379208,48.884875],[2.379248,48.884886],[2.379281,48.885008],[2.379315,48.885],[2.379375,48.884934],[2.379392,48.884915],[2.379432,48.88487]]],[[[2.384309,48.884564],[2.384276,48.884563],[2.384244,48.884894],[2.384282,48.884906],[2.384359,48.884929],[2.384306,48.885001],[2.384469,48.885073],[2.384484,48.885065],[2.384469,48.884973],[2.384442,48.884867],[2.384416,48.884788],[2.384375,48.884694],[2.384346,48.884632],[2.384309,48.884564]]],[[[2.384448,48.884404],[2.384377,48.884313],[2.38432,48.884393],[2.384443,48.884534],[2.384456,48.884548],[2.384457,48.88455],[2.384459,48.884551],[2.38446,48.884553],[2.384462,48.884555],[2.384463,48.884557],[2.384465,48.884559],[2.384466,48.88456],[2.384468,48.884562],[2.384469,48.884564],[2.384471,48.884566],[2.384472,48.884568],[2.384474,48.88457],[2.384475,48.884572],[2.384477,48.884574],[2.384478,48.884576],[2.38448,48.884578],[2.384482,48.88458],[2.384483,48.884583],[2.384485,48.884585],[2.384487,48.884587],[2.384489,48.88459],[2.384491,48.884593],[2.384492,48.884595],[2.384494,48.884598],[2.384496,48.8846],[2.384497,48.884602],[2.384499,48.884604],[2.3845,48.884607],[2.384502,48.884609],[2.384503,48.884611],[2.384505,48.884613],[2.384506,48.884615],[2.384508,48.884617],[2.384509,48.884619],[2.384511,48.884622],[2.384512,48.884624],[2.384514,48.884627],[2.384515,48.884629],[2.384517,48.884632],[2.384519,48.884635],[2.38452,48.884638],[2.384522,48.884642],[2.384525,48.884646],[2.384527,48.88465],[2.384529,48.884653],[2.384531,48.884657],[2.384532,48.88466],[2.384534,48.884664],[2.384536,48.884667],[2.384538,48.88467],[2.384539,48.884673],[2.384541,48.884676],[2.384542,48.884679],[2.384545,48.884685],[2.384547,48.884688],[2.384548,48.884691],[2.38455,48.884693],[2.384551,48.884696],[2.384552,48.884699],[2.384554,48.884702],[2.384555,48.884705],[2.384556,48.884708],[2.384558,48.884711],[2.384559,48.884714],[2.384561,48.884717],[2.384562,48.884721],[2.384564,48.884724],[2.384565,48.884727],[2.384566,48.884731],[2.384568,48.884734],[2.384569,48.884738],[2.384571,48.884741],[2.384572,48.884745],[2.384574,48.884748],[2.384575,48.884752],[2.384576,48.884756],[2.384578,48.88476],[2.384579,48.884764],[2.384581,48.884768],[2.384582,48.884772],[2.384584,48.884776],[2.384585,48.88478],[2.384587,48.884787],[2.38459,48.884793],[2.384592,48.884799],[2.384594,48.884805],[2.384596,48.884811],[2.384597,48.884816],[2.384599,48.884821],[2.384601,48.884827],[2.384603,48.884832],[2.384604,48.884837],[2.384606,48.884842],[2.384607,48.884847],[2.384609,48.884852],[2.384611,48.884857],[2.384612,48.884863],[2.384613,48.884868],[2.384615,48.884874],[2.384617,48.88488],[2.384618,48.884886],[2.38462,48.884893],[2.384621,48.884899],[2.384622,48.884905],[2.384623,48.88491],[2.384624,48.884915],[2.384625,48.88492],[2.384626,48.884925],[2.384627,48.884929],[2.384628,48.884934],[2.384629,48.884938],[2.38463,48.884943],[2.384631,48.884947],[2.384632,48.884951],[2.384632,48.884955],[2.384633,48.88496],[2.384634,48.884964],[2.384635,48.884968],[2.384635,48.884972],[2.384636,48.884976],[2.384637,48.884984],[2.384638,48.884988],[2.384639,48.884993],[2.38464,48.884996],[2.38464,48.885],[2.384641,48.885004],[2.384641,48.885007],[2.384642,48.885011],[2.384643,48.885015],[2.384643,48.885019],[2.384644,48.885023],[2.384644,48.885026],[2.384645,48.88503],[2.384645,48.885034],[2.384646,48.885038],[2.384646,48.885042],[2.384647,48.885046],[2.384647,48.88505],[2.384647,48.885054],[2.384648,48.885058],[2.384648,48.885062],[2.384648,48.885066],[2.384648,48.88507],[2.384648,48.885074],[2.384649,48.885077],[2.384649,48.885079],[2.384649,48.885081],[2.384756,48.885072],[2.384753,48.885039],[2.384738,48.884969],[2.384721,48.884899],[2.384704,48.88483],[2.38468,48.884756],[2.384657,48.884697],[2.384641,48.884658],[2.3846,48.884574],[2.384594,48.884562],[2.384548,48.884553],[2.384488,48.88446],[2.384469,48.884431],[2.384448,48.884404]]],[[[2.379886,48.885101],[2.379768,48.884981],[2.379738,48.884986],[2.37965,48.885083],[2.379664,48.885109],[2.379672,48.885111],[2.379674,48.885112],[2.379884,48.885105],[2.379885,48.885103],[2.379886,48.885101]]],[[[2.375955,48.885726],[2.377042,48.884808],[2.376832,48.884717],[2.375702,48.885706],[2.375955,48.885726]]],[[[2.384513,48.885656],[2.384502,48.88536],[2.384035,48.885462],[2.383974,48.885956],[2.384497,48.88635],[2.384513,48.885656]]],[[[2.384996,48.886661],[2.385195,48.886007],[2.384768,48.88538],[2.384996,48.886661]]],[[[2.38115,48.887761],[2.381254,48.887513],[2.380438,48.887573],[2.380979,48.887998],[2.38115,48.887761]]],[[[2.384325,48.887572],[2.382533,48.887061],[2.382237,48.88746],[2.384199,48.888176],[2.384325,48.887572]]],[[[2.380391,48.88818],[2.380125,48.888048],[2.380007,48.887988],[2.379967,48.887993],[2.379964,48.887995],[2.380028,48.888131],[2.380027,48.888132],[2.379977,48.888175],[2.379921,48.888148],[2.379843,48.888191],[2.380023,48.88828],[2.380186,48.888362],[2.380391,48.88818]]],[[[2.382166,48.887862],[2.381461,48.887675],[2.381069,48.888066],[2.381676,48.888391],[2.382166,48.887862]]],[[[2.380409,48.887699],[2.380062,48.887904],[2.381226,48.888344],[2.380409,48.887699]]],[[[2.38102,48.888493],[2.380499,48.888234],[2.380295,48.888415],[2.38102,48.888493]]],[[[2.383672,48.889206],[2.384218,48.888304],[2.382446,48.887735],[2.381855,48.88841],[2.383672,48.889206]]],[[[2.383686,48.889499],[2.38365,48.889486],[2.383606,48.889524],[2.383666,48.889559],[2.383686,48.889499]]],[[[2.381839,48.888569],[2.381329,48.888402],[2.38101,48.88877],[2.382636,48.889579],[2.383432,48.889301],[2.381839,48.888569]]],[[[2.383514,48.889426],[2.382749,48.88969],[2.383046,48.889835],[2.383514,48.889426]]],[[[2.38483,48.889994],[2.384803,48.889982],[2.384792,48.890338],[2.384884,48.890202],[2.384948,48.890107],[2.38492,48.890039],[2.38483,48.889994]]],[[[2.384112,48.889649],[2.384621,48.890542],[2.384668,48.889919],[2.384112,48.889649]]],[[[2.386494,48.890563],[2.385192,48.890137],[2.38492,48.890666],[2.385254,48.890499],[2.386226,48.890826],[2.386187,48.891284],[2.386802,48.890723],[2.386494,48.890563]]]],"type":"MultiPolygon"},"properties":{"id_projet":"ELEMENTAIRES (année scolaire 2024/2025)","libelle":"TANDOU (9) ELEM","zone_commune":0,"etiquette":"Secteur de l'école 9 RUE TANDOU","lib_etab_1":"TANDOU (9) ELEM","lib_etab_2":null,"lib_etab_3":null,"lib_etab_4":null,"adr_etab_1":"9 RUE TANDOU","adr_etab_2":null,"adr_etab_3":null,"adr_etab_4":null,"annee_scol":"2024-2025","st_area_shape":104019.71229341775,"st_perimeter_shape":6836.247076902338,"type_etabl":"Elémentaire","geo_point_2d":{"lon":2.383250895011058,"lat":48.88779864135573}}},{"type":"Feature","geometry":{"coordinates":[[[[2.389799,48.885957],[2.390056,48.884464],[2.387548,48.884302],[2.386991,48.885611],[2.389799,48.885957]]],[[[2.38721,48.882862],[2.387136,48.882219],[2.387846,48.881905],[2.388152,48.88082],[2.386009,48.882692],[2.38721,48.882862]]],[[[2.38779,48.883329],[2.387764,48.883311],[2.3875,48.883439],[2.38754,48.883446],[2.387587,48.883455],[2.387728,48.883482],[2.387748,48.883434],[2.38779,48.883329]]],[[[2.38443,48.883893],[2.38426,48.883809],[2.384237,48.883845],[2.384229,48.883858],[2.384254,48.883871],[2.384279,48.883884],[2.38438,48.883936],[2.38443,48.883893]]],[[[2.390533,48.883468],[2.389315,48.883096],[2.391152,48.884009],[2.39154,48.883911],[2.390533,48.883468]]],[[[2.386688,48.883552],[2.385933,48.883309],[2.386593,48.883981],[2.38747,48.884068],[2.386688,48.883552]]],[[[2.390127,48.884214],[2.3902,48.884132],[2.390235,48.884098],[2.390223,48.884065],[2.389598,48.884158],[2.38959,48.884157],[2.3896,48.884126],[2.38943,48.884102],[2.389203,48.88407],[2.389211,48.884047],[2.389044,48.884024],[2.388819,48.883994],[2.388416,48.88394],[2.388299,48.883924],[2.388295,48.883939],[2.387668,48.884017],[2.387639,48.884084],[2.388194,48.884141],[2.388234,48.884145],[2.390027,48.884326],[2.390097,48.88425],[2.390132,48.884214],[2.390127,48.884214]]],[[[2.392562,48.884409],[2.392953,48.884241],[2.391756,48.883991],[2.391871,48.88434],[2.392562,48.884409]]],[[[2.394499,48.884243],[2.394191,48.884215],[2.394393,48.884429],[2.394441,48.884411],[2.394499,48.884243]]],[[[2.394322,48.884736],[2.393056,48.884262],[2.393168,48.884588],[2.394322,48.884736]]],[[[2.386451,48.884768],[2.387408,48.884224],[2.386419,48.884171],[2.386451,48.884768]]],[[[2.391743,48.884753],[2.391248,48.884555],[2.391237,48.884567],[2.390634,48.884334],[2.390613,48.884223],[2.390592,48.884226],[2.390533,48.884292],[2.390492,48.884336],[2.390465,48.88437],[2.390508,48.884374],[2.390504,48.884403],[2.390645,48.884416],[2.39118,48.884629],[2.391526,48.884768],[2.391596,48.884798],[2.391652,48.884824],[2.391702,48.884847],[2.391742,48.884866],[2.391784,48.884887],[2.391824,48.884907],[2.391864,48.884929],[2.391893,48.884944],[2.391907,48.884951],[2.391974,48.884895],[2.391743,48.884753]]],[[[2.383286,48.883809],[2.382789,48.884202],[2.383268,48.884486],[2.383219,48.884925],[2.383902,48.884205],[2.383286,48.883809]]],[[[2.383627,48.884855],[2.384223,48.884287],[2.383428,48.884945],[2.383748,48.885026],[2.383627,48.884855]]],[[[2.384222,48.885115],[2.384469,48.885073],[2.384245,48.884895],[2.383879,48.885051],[2.384222,48.885115]]],[[[2.383042,48.885005],[2.382781,48.884957],[2.3827,48.885061],[2.382704,48.885062],[2.382697,48.885071],[2.382747,48.885097],[2.382752,48.8851],[2.382765,48.885106],[2.382791,48.88512],[2.383042,48.885005]]],[[[2.384759,48.885099],[2.384756,48.885072],[2.384649,48.885081],[2.384649,48.885082],[2.384649,48.885084],[2.384649,48.885087],[2.384648,48.885089],[2.384648,48.885094],[2.384648,48.885096],[2.384648,48.885098],[2.384648,48.885101],[2.384648,48.885103],[2.384648,48.885105],[2.384648,48.885108],[2.384648,48.88511],[2.384648,48.885113],[2.384648,48.885116],[2.384648,48.885118],[2.384648,48.885121],[2.384648,48.885124],[2.384648,48.885127],[2.384649,48.885129],[2.384649,48.885132],[2.384649,48.885134],[2.384649,48.885136],[2.384649,48.885138],[2.384649,48.88514],[2.384649,48.885142],[2.384649,48.885143],[2.384649,48.885145],[2.38465,48.885147],[2.38465,48.885149],[2.38465,48.885151],[2.38465,48.885152],[2.38465,48.885154],[2.38465,48.885156],[2.38465,48.885157],[2.384651,48.885159],[2.384764,48.88518],[2.384763,48.885159],[2.384759,48.885099]]],[[[2.385106,48.885245],[2.38612,48.884885],[2.386241,48.88392],[2.385586,48.883295],[2.385289,48.883321],[2.385168,48.883814],[2.385876,48.884063],[2.385993,48.884838],[2.385566,48.884807],[2.385698,48.884246],[2.385176,48.884193],[2.38482,48.88511],[2.385106,48.885245]]],[[[2.383333,48.885268],[2.38344,48.885136],[2.383546,48.885168],[2.383622,48.885112],[2.383521,48.885094],[2.383521,48.885096],[2.383437,48.885081],[2.383411,48.885112],[2.383333,48.885097],[2.383242,48.885117],[2.383333,48.885268]]],[[[2.384371,48.885293],[2.383777,48.885214],[2.384213,48.885518],[2.384371,48.885293]]],[[[2.387181,48.88468],[2.385473,48.885315],[2.386785,48.885604],[2.387181,48.88468]]],[[[2.392109,48.885115],[2.390343,48.884502],[2.390016,48.885917],[2.390573,48.885764],[2.390873,48.884981],[2.392311,48.885552],[2.392437,48.88597],[2.3932,48.886098],[2.392109,48.885115]]],[[[2.394248,48.885574],[2.394282,48.885001],[2.393883,48.885082],[2.394072,48.886194],[2.394248,48.885574]]],[[[2.393136,48.886107],[2.393082,48.886102],[2.393081,48.886105],[2.393056,48.886227],[2.393246,48.886266],[2.393136,48.886107]]],[[[2.393575,48.88622],[2.393384,48.885982],[2.393001,48.885613],[2.393021,48.885604],[2.392886,48.885442],[2.39252,48.885198],[2.392098,48.884961],[2.392044,48.885004],[2.392114,48.885044],[2.392116,48.885064],[2.392131,48.885073],[2.392149,48.885083],[2.392163,48.885091],[2.392181,48.885102],[2.392199,48.885112],[2.392214,48.885121],[2.392236,48.885135],[2.392256,48.885147],[2.392273,48.885158],[2.392306,48.885179],[2.392326,48.885192],[2.392361,48.885215],[2.392381,48.885227],[2.392397,48.885238],[2.392417,48.885251],[2.392434,48.885263],[2.392448,48.885273],[2.392466,48.885285],[2.392485,48.885299],[2.392517,48.885322],[2.392549,48.885346],[2.392569,48.88536],[2.392579,48.885368],[2.392598,48.885383],[2.392615,48.885395],[2.392632,48.885409],[2.392649,48.885422],[2.392679,48.885446],[2.392696,48.88546],[2.392713,48.885473],[2.392742,48.885498],[2.392759,48.885512],[2.392775,48.885525],[2.392788,48.885536],[2.392803,48.885549],[2.392818,48.885563],[2.392834,48.885577],[2.392848,48.885589],[2.392862,48.885602],[2.392882,48.885619],[2.392892,48.885627],[2.392906,48.88564],[2.392918,48.885651],[2.39293,48.885646],[2.393255,48.886004],[2.393274,48.885997],[2.393309,48.886033],[2.393506,48.886319],[2.393517,48.88632],[2.393603,48.886256],[2.393575,48.88622]]],[[[2.386569,48.886216],[2.386695,48.885736],[2.384768,48.885368],[2.385195,48.886007],[2.385279,48.885745],[2.385276,48.886018],[2.386261,48.886161],[2.386302,48.886836],[2.386569,48.886216]]],[[[2.387459,48.886354],[2.387692,48.885849],[2.38692,48.885732],[2.386482,48.886825],[2.387019,48.886278],[2.387362,48.886338],[2.387197,48.887045],[2.387459,48.886354]]],[[[2.387534,48.886753],[2.388178,48.885922],[2.387768,48.885861],[2.387534,48.886753]]],[[[2.389883,48.887212],[2.390277,48.88725],[2.390543,48.88641],[2.390247,48.886213],[2.389446,48.887637],[2.389883,48.887212]]],[[[2.392556,48.888185],[2.393206,48.886618],[2.392895,48.886443],[2.392116,48.888254],[2.392556,48.888185]]],[[[2.392666,48.886577],[2.392304,48.886509],[2.391672,48.888079],[2.391937,48.88828],[2.392666,48.886577]]]],"type":"MultiPolygon"},"properties":{"id_projet":"ELEMENTAIRES (année scolaire 2024/2025)","libelle":"GOUBET (4) ELEM","zone_commune":0,"etiquette":"Secteur de l'école 4 RUE GOUBET","lib_etab_1":"GOUBET (4) ELEM","lib_etab_2":null,"lib_etab_3":null,"lib_etab_4":null,"adr_etab_1":"4 RUE GOUBET","adr_etab_2":null,"adr_etab_3":null,"adr_etab_4":null,"annee_scol":"2024-2025","st_area_shape":138502.3585641377,"st_perimeter_shape":10493.967311166238,"type_etabl":"Elémentaire","geo_point_2d":{"lon":2.3885452297049476,"lat":48.88500645693921}}},{"type":"Feature","geometry":{"coordinates":[[[[2.378935,48.888666],[2.37974,48.887877],[2.370896,48.883518],[2.370503,48.88306],[2.370788,48.883651],[2.370193,48.884153],[2.369588,48.88403],[2.378935,48.888666]]],[[[2.369808,48.883605],[2.370006,48.882972],[2.368948,48.883914],[2.369808,48.883605]]],[[[2.376003,48.884096],[2.375898,48.883977],[2.375813,48.884105],[2.375919,48.884133],[2.375957,48.884128],[2.376003,48.884096]]],[[[2.377199,48.884339],[2.37704,48.883942],[2.376192,48.884208],[2.377199,48.884339]]],[[[2.379208,48.884875],[2.377706,48.884357],[2.377348,48.884504],[2.379208,48.884875]]],[[[2.380134,48.884761],[2.379862,48.884887],[2.380878,48.885274],[2.381168,48.884854],[2.380134,48.884761]]],[[[2.379926,48.885035],[2.379778,48.884979],[2.379768,48.884981],[2.379886,48.885101],[2.379885,48.885103],[2.379884,48.885105],[2.379674,48.885112],[2.379766,48.885136],[2.379851,48.885158],[2.379978,48.885192],[2.380117,48.885228],[2.38026,48.885266],[2.380337,48.885286],[2.380418,48.885308],[2.380488,48.885326],[2.380823,48.885415],[2.380845,48.885385],[2.380526,48.885264],[2.380388,48.885211],[2.380319,48.885185],[2.380178,48.885131],[2.380045,48.88508],[2.379926,48.885035]]],[[[2.382937,48.885196],[2.383101,48.885015],[2.381332,48.884849],[2.381033,48.885314],[2.382241,48.885786],[2.382937,48.885196]]],[[[2.382991,48.885603],[2.38323,48.88512],[2.382435,48.885814],[2.382996,48.885984],[2.382991,48.885603]]],[[[2.378987,48.885235],[2.3785,48.885719],[2.379563,48.886],[2.379887,48.885471],[2.378987,48.885235]]],[[[2.383975,48.88595],[2.383262,48.886029],[2.384461,48.886368],[2.383975,48.88595]]],[[[2.377052,48.886385],[2.378268,48.885682],[2.378617,48.885135],[2.3771,48.88474],[2.376764,48.885296],[2.376285,48.885309],[2.377212,48.885765],[2.376621,48.886121],[2.377018,48.885713],[2.376237,48.885329],[2.375702,48.885706],[2.377052,48.886385]]],[[[2.381725,48.88651],[2.382613,48.886189],[2.382132,48.88608],[2.381725,48.88651]]],[[[2.381698,48.886281],[2.381983,48.886021],[2.381546,48.88621],[2.381596,48.88592],[2.380038,48.885511],[2.379721,48.886031],[2.380281,48.886317],[2.380502,48.885815],[2.38091,48.885923],[2.380559,48.886449],[2.381149,48.886729],[2.381698,48.886281]]],[[[2.381998,48.887226],[2.381413,48.886713],[2.380897,48.887157],[2.381998,48.887226]]],[[[2.379314,48.887023],[2.381033,48.886807],[2.379233,48.886026],[2.378334,48.885807],[2.377191,48.886449],[2.379152,48.887451],[2.379493,48.88714],[2.379314,48.887023]]],[[[2.384461,48.887485],[2.384689,48.886734],[2.383254,48.886357],[2.382491,48.886499],[2.382863,48.886617],[2.382533,48.887061],[2.384461,48.887485]]],[[[2.381017,48.887602],[2.38128,48.8875],[2.380809,48.887234],[2.380437,48.887559],[2.381017,48.887602]]],[[[2.380349,48.887655],[2.380323,48.887636],[2.380174,48.887767],[2.380046,48.887881],[2.380049,48.887898],[2.380062,48.887904],[2.380344,48.887852],[2.380333,48.887846],[2.38032,48.887839],[2.380318,48.887838],[2.380349,48.887655]]],[[[2.379843,48.888191],[2.379921,48.888148],[2.379977,48.888175],[2.380027,48.888132],[2.380028,48.888131],[2.379964,48.887995],[2.379837,48.888107],[2.379778,48.888159],[2.379843,48.888191]]]],"type":"MultiPolygon"},"properties":{"id_projet":"ELEMENTAIRES (année scolaire 2024/2025)","libelle":"PIERRE GIRARD (9) ELEM","zone_commune":0,"etiquette":"Secteur de l'école 9 RUE PIERRE GIRARD","lib_etab_1":"PIERRE GIRARD (9) ELEM","lib_etab_2":null,"lib_etab_3":null,"lib_etab_4":null,"adr_etab_1":"9 RUE PIERRE GIRARD","adr_etab_2":null,"adr_etab_3":null,"adr_etab_4":null,"annee_scol":"2024-2025","st_area_shape":196055.725753435,"st_perimeter_shape":8348.846859045418,"type_etabl":"Elémentaire","geo_point_2d":{"lon":2.377308691575959,"lat":48.886001201524884}}},{"type":"Feature","geometry":{"coordinates":[[[[2.373962,48.898933],[2.37137,48.898879],[2.371337,48.899639],[2.373926,48.89969],[2.373962,48.898933]]],[[[2.372885,48.898293],[2.37124,48.898252],[2.371252,48.898004],[2.370611,48.898295],[2.372874,48.898494],[2.372885,48.898293]]],[[[2.374262,48.89894],[2.374214,48.899697],[2.375035,48.899712],[2.374262,48.89894]]],[[[2.371833,48.90128],[2.37038,48.90148],[2.37077,48.90187],[2.371997,48.901896],[2.371833,48.90128]]],[[[2.372611,48.901909],[2.372274,48.901671],[2.372174,48.901702],[2.372159,48.9019],[2.372611,48.901909]]],[[[2.373329,48.901925],[2.372537,48.901012],[2.37209,48.901089],[2.372806,48.901913],[2.373329,48.901925]]]],"type":"MultiPolygon"},"properties":{"id_projet":"4907","libelle":"EMILE BOLLAERT (53) POLY","zone_commune":0,"etiquette":"Secteur de l'école 53 RUE EMILE BOLLAERT","lib_etab_1":"EMILE BOLLAERT (53) POLY","lib_etab_2":null,"lib_etab_3":null,"lib_etab_4":null,"adr_etab_1":"53 RUE EMILE BOLLAERT","adr_etab_2":null,"adr_etab_3":null,"adr_etab_4":null,"annee_scol":"2025-2026","st_area_shape":34461.56923837384,"st_perimeter_shape":1954.6261383970104,"type_etabl":"Elémentaire","geo_point_2d":{"lon":2.3723862951001715,"lat":48.89997807518698}}},{"type":"Feature","geometry":{"coordinates":[[[[2.368149,48.889566],[2.371134,48.889215],[2.369289,48.886708],[2.367182,48.887371],[2.368149,48.889566]]],[[[2.371702,48.88533],[2.369459,48.884374],[2.371148,48.885403],[2.37103,48.885676],[2.371702,48.88533]]],[[[2.369521,48.885166],[2.368944,48.885316],[2.36949,48.885669],[2.369321,48.886357],[2.370301,48.885873],[2.369521,48.885166]]],[[[2.368842,48.88629],[2.368191,48.886428],[2.368527,48.886744],[2.368983,48.886581],[2.368842,48.88629]]],[[[2.367102,48.886616],[2.36671,48.88638],[2.366933,48.886756],[2.367102,48.886616]]],[[[2.373406,48.887094],[2.374359,48.886714],[2.371772,48.885432],[2.371159,48.885755],[2.372978,48.887265],[2.373406,48.887094]]],[[[2.367966,48.886948],[2.368382,48.886797],[2.368038,48.886481],[2.366977,48.886869],[2.36716,48.887238],[2.367966,48.886948]]],[[[2.374607,48.886771],[2.373039,48.887314],[2.373627,48.887801],[2.375309,48.887149],[2.374607,48.886771]]],[[[2.374395,48.888269],[2.374346,48.888061],[2.375789,48.887562],[2.376197,48.887955],[2.377011,48.887967],[2.375366,48.887233],[2.37374,48.887859],[2.374395,48.888269]]],[[[2.371719,48.886954],[2.370517,48.885969],[2.369429,48.886651],[2.370211,48.887323],[2.371294,48.889073],[2.373507,48.888499],[2.371719,48.886954]]]],"type":"MultiPolygon"},"properties":{"id_projet":"4907","libelle":"G.TANGER(41)A/B","zone_commune":1,"etiquette":"Secteur commun des écoles \n41 RUE DE TANGER (A) \n41 RUE DE TANGER (B)","lib_etab_1":"TANGER (41) ELEM A","lib_etab_2":"TANGER (41) ELEM B","lib_etab_3":null,"lib_etab_4":null,"adr_etab_1":"41 RUE DE TANGER (A)","adr_etab_2":"41 RUE DE TANGER (B)","adr_etab_3":null,"adr_etab_4":null,"annee_scol":"2025-2026","st_area_shape":156713.52473050656,"st_perimeter_shape":5291.875488776005,"type_etabl":"Elémentaire","geo_point_2d":{"lon":2.3708714890932967,"lat":48.8875083710487}}},{"type":"Feature","geometry":{"coordinates":[[[[2.378935,48.888666],[2.37974,48.887877],[2.370896,48.883518],[2.370503,48.88306],[2.370788,48.883651],[2.370193,48.884153],[2.369588,48.88403],[2.378935,48.888666]]],[[[2.369808,48.883605],[2.370006,48.882972],[2.368948,48.883914],[2.369808,48.883605]]],[[[2.376003,48.884096],[2.375898,48.883977],[2.375813,48.884105],[2.375919,48.884133],[2.375957,48.884128],[2.376003,48.884096]]],[[[2.377199,48.884339],[2.37704,48.883942],[2.376192,48.884208],[2.377199,48.884339]]],[[[2.379208,48.884875],[2.377706,48.884357],[2.377348,48.884504],[2.379208,48.884875]]],[[[2.380134,48.884761],[2.379862,48.884887],[2.380878,48.885274],[2.381168,48.884854],[2.380134,48.884761]]],[[[2.379926,48.885035],[2.379778,48.884979],[2.379768,48.884981],[2.379886,48.885101],[2.379885,48.885103],[2.379884,48.885105],[2.379674,48.885112],[2.379766,48.885136],[2.379851,48.885158],[2.379978,48.885192],[2.380117,48.885228],[2.38026,48.885266],[2.380337,48.885286],[2.380418,48.885308],[2.380488,48.885326],[2.380823,48.885415],[2.380845,48.885385],[2.380526,48.885264],[2.380388,48.885211],[2.380319,48.885185],[2.380178,48.885131],[2.380045,48.88508],[2.379926,48.885035]]],[[[2.382937,48.885196],[2.383101,48.885015],[2.381332,48.884849],[2.381033,48.885314],[2.382241,48.885786],[2.382937,48.885196]]],[[[2.382991,48.885603],[2.38323,48.88512],[2.382435,48.885814],[2.382996,48.885984],[2.382991,48.885603]]],[[[2.378987,48.885235],[2.3785,48.885719],[2.379563,48.886],[2.379887,48.885471],[2.378987,48.885235]]],[[[2.383975,48.88595],[2.383262,48.886029],[2.384461,48.886368],[2.383975,48.88595]]],[[[2.377052,48.886385],[2.378268,48.885682],[2.378617,48.885135],[2.3771,48.88474],[2.376764,48.885296],[2.376285,48.885309],[2.377212,48.885765],[2.376621,48.886121],[2.377018,48.885713],[2.376237,48.885329],[2.375702,48.885706],[2.377052,48.886385]]],[[[2.381725,48.88651],[2.382613,48.886189],[2.382132,48.88608],[2.381725,48.88651]]],[[[2.381698,48.886281],[2.381983,48.886021],[2.381546,48.88621],[2.381596,48.88592],[2.380038,48.885511],[2.379721,48.886031],[2.380281,48.886317],[2.380502,48.885815],[2.38091,48.885923],[2.380559,48.886449],[2.381149,48.886729],[2.381698,48.886281]]],[[[2.381998,48.887226],[2.381413,48.886713],[2.380897,48.887157],[2.381998,48.887226]]],[[[2.379314,48.887023],[2.381033,48.886807],[2.379233,48.886026],[2.378334,48.885807],[2.377191,48.886449],[2.379152,48.887451],[2.379493,48.88714],[2.379314,48.887023]]],[[[2.384461,48.887485],[2.384689,48.886734],[2.383254,48.886357],[2.382491,48.886499],[2.382863,48.886617],[2.382533,48.887061],[2.384461,48.887485]]],[[[2.381017,48.887602],[2.38128,48.8875],[2.380809,48.887234],[2.380437,48.887559],[2.381017,48.887602]]],[[[2.380349,48.887655],[2.380323,48.887636],[2.380174,48.887767],[2.380046,48.887881],[2.380049,48.887898],[2.380062,48.887904],[2.380344,48.887852],[2.380333,48.887846],[2.38032,48.887839],[2.380318,48.887838],[2.380349,48.887655]]],[[[2.379843,48.888191],[2.379921,48.888148],[2.379977,48.888175],[2.380027,48.888132],[2.380028,48.888131],[2.379964,48.887995],[2.379837,48.888107],[2.379778,48.888159],[2.379843,48.888191]]]],"type":"MultiPolygon"},"properties":{"id_projet":"4907","libelle":"PIERRE GIRARD (9) ELEM","zone_commune":0,"etiquette":"Secteur de l'école 9 RUE PIERRE GIRARD","lib_etab_1":"PIERRE GIRARD (9) ELEM","lib_etab_2":null,"lib_etab_3":null,"lib_etab_4":null,"adr_etab_1":"9 RUE PIERRE GIRARD","adr_etab_2":null,"adr_etab_3":null,"adr_etab_4":null,"annee_scol":"2025-2026","st_area_shape":196055.725753435,"st_perimeter_shape":8348.846859045418,"type_etabl":"Elémentaire","geo_point_2d":{"lon":2.377308691575959,"lat":48.886001201524884}}},{"type":"Feature","geometry":{"coordinates":[[[[2.374836,48.884362],[2.374955,48.884176],[2.37093,48.883149],[2.372413,48.884099],[2.372715,48.883887],[2.372524,48.884089],[2.37414,48.884891],[2.374836,48.884362]]],[[[2.375996,48.885285],[2.3767,48.884634],[2.375155,48.884228],[2.374253,48.884948],[2.375609,48.885619],[2.375996,48.885285]]],[[[2.375813,48.884105],[2.376623,48.883444],[2.37624,48.883742],[2.375085,48.883231],[2.3736,48.883497],[2.375813,48.884105]]],[[[2.376192,48.884208],[2.376857,48.884077],[2.377012,48.883636],[2.376192,48.884208]]],[[[2.3771,48.88474],[2.376938,48.884697],[2.376935,48.884698],[2.376907,48.884792],[2.377041,48.884809],[2.3771,48.88474]]]],"type":"MultiPolygon"},"properties":{"id_projet":"ELEMENTAIRES (année scolaire 2020/2021)","libelle":"HENRI NOGUERES (10) POLY","zone_commune":0,"etiquette":"Secteur de l'école 10 RUE HENRI NOGUERES","lib_etab_1":"HENRI NOGUERES (10) POLY","lib_etab_2":null,"lib_etab_3":null,"lib_etab_4":null,"adr_etab_1":"10 RUE HENRI NOGUERES","adr_etab_2":null,"adr_etab_3":null,"adr_etab_4":null,"annee_scol":"2020-2021","st_area_shape":43720.583398588824,"st_perimeter_shape":2198.319049019865,"type_etabl":null,"geo_point_2d":{"lon":2.3745210464064535,"lat":48.88422180169538}}},{"type":"Feature","geometry":{"coordinates":[[[[2.385069,48.889928],[2.386624,48.887249],[2.385957,48.887499],[2.385678,48.888022],[2.385238,48.887901],[2.385462,48.887545],[2.384926,48.887374],[2.384836,48.886933],[2.383832,48.889338],[2.385069,48.889928]]],[[[2.383672,48.889206],[2.384218,48.888304],[2.382446,48.887735],[2.381855,48.88841],[2.383672,48.889206]]],[[[2.381839,48.888569],[2.381329,48.888402],[2.38101,48.88877],[2.382636,48.889579],[2.383432,48.889301],[2.381839,48.888569]]],[[[2.384325,48.887572],[2.382533,48.887061],[2.382237,48.88746],[2.384199,48.888176],[2.384325,48.887572]]],[[[2.380538,48.883651],[2.381447,48.882649],[2.380732,48.882864],[2.379357,48.88433],[2.379674,48.884603],[2.380538,48.883651]]],[[[2.386494,48.890563],[2.385192,48.890137],[2.38492,48.890666],[2.385254,48.890499],[2.386226,48.890826],[2.386187,48.891284],[2.386802,48.890723],[2.386494,48.890563]]],[[[2.380544,48.884394],[2.381491,48.883717],[2.381254,48.883353],[2.380098,48.884591],[2.380544,48.884394]]],[[[2.382166,48.887862],[2.381461,48.887675],[2.381069,48.888066],[2.381676,48.888391],[2.382166,48.887862]]],[[[2.384513,48.885656],[2.384502,48.88536],[2.384035,48.885462],[2.383974,48.885956],[2.384497,48.88635],[2.384513,48.885656]]],[[[2.384996,48.886661],[2.385195,48.886007],[2.384768,48.88538],[2.384996,48.886661]]],[[[2.375955,48.885726],[2.377042,48.884808],[2.376832,48.884717],[2.375702,48.885706],[2.375955,48.885726]]],[[[2.384112,48.889649],[2.384621,48.890542],[2.384668,48.889919],[2.384112,48.889649]]],[[[2.380409,48.887699],[2.380062,48.887904],[2.381226,48.888344],[2.380409,48.887699]]],[[[2.38115,48.887761],[2.381254,48.887513],[2.380438,48.887573],[2.380979,48.887998],[2.38115,48.887761]]],[[[2.38102,48.888493],[2.380499,48.888234],[2.380295,48.888415],[2.38102,48.888493]]],[[[2.383514,48.889426],[2.382749,48.88969],[2.383046,48.889835],[2.383514,48.889426]]],[[[2.380391,48.88818],[2.380125,48.888048],[2.380007,48.887988],[2.379967,48.887993],[2.379964,48.887995],[2.380028,48.888131],[2.380027,48.888132],[2.379977,48.888175],[2.379921,48.888148],[2.379843,48.888191],[2.380023,48.88828],[2.380186,48.888362],[2.380391,48.88818]]],[[[2.384448,48.884404],[2.384377,48.884313],[2.38432,48.884393],[2.384443,48.884534],[2.384456,48.884548],[2.384457,48.88455],[2.384459,48.884551],[2.38446,48.884553],[2.384462,48.884555],[2.384463,48.884557],[2.384465,48.884559],[2.384466,48.88456],[2.384468,48.884562],[2.384469,48.884564],[2.384471,48.884566],[2.384472,48.884568],[2.384474,48.88457],[2.384475,48.884572],[2.384477,48.884574],[2.384478,48.884576],[2.38448,48.884578],[2.384482,48.88458],[2.384483,48.884583],[2.384485,48.884585],[2.384487,48.884587],[2.384489,48.88459],[2.384491,48.884593],[2.384492,48.884595],[2.384494,48.884598],[2.384496,48.8846],[2.384497,48.884602],[2.384499,48.884604],[2.3845,48.884607],[2.384502,48.884609],[2.384503,48.884611],[2.384505,48.884613],[2.384506,48.884615],[2.384508,48.884617],[2.384509,48.884619],[2.384511,48.884622],[2.384512,48.884624],[2.384514,48.884627],[2.384515,48.884629],[2.384517,48.884632],[2.384519,48.884635],[2.38452,48.884638],[2.384522,48.884642],[2.384525,48.884646],[2.384527,48.88465],[2.384529,48.884653],[2.384531,48.884657],[2.384532,48.88466],[2.384534,48.884664],[2.384536,48.884667],[2.384538,48.88467],[2.384539,48.884673],[2.384541,48.884676],[2.384542,48.884679],[2.384545,48.884685],[2.384547,48.884688],[2.384548,48.884691],[2.38455,48.884693],[2.384551,48.884696],[2.384552,48.884699],[2.384554,48.884702],[2.384555,48.884705],[2.384556,48.884708],[2.384558,48.884711],[2.384559,48.884714],[2.384561,48.884717],[2.384562,48.884721],[2.384564,48.884724],[2.384565,48.884727],[2.384566,48.884731],[2.384568,48.884734],[2.384569,48.884738],[2.384571,48.884741],[2.384572,48.884745],[2.384574,48.884748],[2.384575,48.884752],[2.384576,48.884756],[2.384578,48.88476],[2.384579,48.884764],[2.384581,48.884768],[2.384582,48.884772],[2.384584,48.884776],[2.384585,48.88478],[2.384587,48.884787],[2.38459,48.884793],[2.384592,48.884799],[2.384594,48.884805],[2.384596,48.884811],[2.384597,48.884816],[2.384599,48.884821],[2.384601,48.884827],[2.384603,48.884832],[2.384604,48.884837],[2.384606,48.884842],[2.384607,48.884847],[2.384609,48.884852],[2.384611,48.884857],[2.384612,48.884863],[2.384613,48.884868],[2.384615,48.884874],[2.384617,48.88488],[2.384618,48.884886],[2.38462,48.884893],[2.384621,48.884899],[2.384622,48.884905],[2.384623,48.88491],[2.384624,48.884915],[2.384625,48.88492],[2.384626,48.884925],[2.384627,48.884929],[2.384628,48.884934],[2.384629,48.884938],[2.38463,48.884943],[2.384631,48.884947],[2.384632,48.884951],[2.384632,48.884955],[2.384633,48.88496],[2.384634,48.884964],[2.384635,48.884968],[2.384635,48.884972],[2.384636,48.884976],[2.384637,48.884984],[2.384638,48.884988],[2.384639,48.884993],[2.38464,48.884996],[2.38464,48.885],[2.384641,48.885004],[2.384641,48.885007],[2.384642,48.885011],[2.384643,48.885015],[2.384643,48.885019],[2.384644,48.885023],[2.384644,48.885026],[2.384645,48.88503],[2.384645,48.885034],[2.384646,48.885038],[2.384646,48.885042],[2.384647,48.885046],[2.384647,48.88505],[2.384647,48.885054],[2.384648,48.885058],[2.384648,48.885062],[2.384648,48.885066],[2.384648,48.88507],[2.384648,48.885074],[2.384649,48.885077],[2.384649,48.885079],[2.384649,48.885081],[2.384756,48.885072],[2.384753,48.885039],[2.384738,48.884969],[2.384721,48.884899],[2.384704,48.88483],[2.38468,48.884756],[2.384657,48.884697],[2.384641,48.884658],[2.3846,48.884574],[2.384594,48.884562],[2.384548,48.884553],[2.384488,48.88446],[2.384469,48.884431],[2.384448,48.884404]]],[[[2.384309,48.884564],[2.384276,48.884563],[2.384244,48.884894],[2.384282,48.884906],[2.384359,48.884929],[2.384306,48.885001],[2.384469,48.885073],[2.384484,48.885065],[2.384469,48.884973],[2.384442,48.884867],[2.384416,48.884788],[2.384375,48.884694],[2.384346,48.884632],[2.384309,48.884564]]],[[[2.38483,48.889994],[2.384803,48.889982],[2.384792,48.890338],[2.384884,48.890202],[2.384948,48.890107],[2.38492,48.890039],[2.38483,48.889994]]],[[[2.379886,48.885101],[2.379768,48.884981],[2.379738,48.884986],[2.37965,48.885083],[2.379664,48.885109],[2.379672,48.885111],[2.379674,48.885112],[2.379884,48.885105],[2.379885,48.885103],[2.379886,48.885101]]],[[[2.379432,48.88487],[2.379429,48.884861],[2.379196,48.884871],[2.379208,48.884875],[2.379248,48.884886],[2.379281,48.885008],[2.379315,48.885],[2.379375,48.884934],[2.379392,48.884915],[2.379432,48.88487]]],[[[2.380021,48.884867],[2.379961,48.884756],[2.379959,48.884757],[2.379942,48.884762],[2.37985,48.88486],[2.379859,48.884879],[2.380021,48.884867]]],[[[2.383686,48.889499],[2.38365,48.889486],[2.383606,48.889524],[2.383666,48.889559],[2.383686,48.889499]]]],"type":"MultiPolygon"},"properties":{"id_projet":"ELEMENTAIRES (année scolaire 2021/2022)","libelle":"TANDOU (9) ELEM","zone_commune":0,"etiquette":"Secteur de l'école 9 RUE TANDOU","lib_etab_1":"TANDOU (9) ELEM","lib_etab_2":null,"lib_etab_3":null,"lib_etab_4":null,"adr_etab_1":"9 RUE TANDOU","adr_etab_2":null,"adr_etab_3":null,"adr_etab_4":null,"annee_scol":"2021-2022","st_area_shape":104019.71229341773,"st_perimeter_shape":6836.24707690234,"type_etabl":"Elémentaire","geo_point_2d":{"lon":2.3832508950110536,"lat":48.88779864135566}}},{"type":"Feature","geometry":{"coordinates":[[[[2.374942,48.882335],[2.375914,48.881415],[2.37821,48.881998],[2.378598,48.881582],[2.380155,48.882198],[2.380898,48.881732],[2.376559,48.880595],[2.373978,48.881746],[2.374942,48.882335]]],[[[2.374071,48.880285],[2.374234,48.879382],[2.37302,48.879988],[2.374239,48.879317],[2.374022,48.878476],[2.372965,48.87836],[2.371479,48.878955],[2.373024,48.88066],[2.374071,48.880285]]],[[[2.378709,48.881071],[2.37943,48.880415],[2.378441,48.879103],[2.375995,48.880128],[2.378709,48.881071]]],[[[2.371648,48.881014],[2.371233,48.880586],[2.37066,48.880633],[2.372091,48.879955],[2.370562,48.87856],[2.370522,48.882281],[2.372171,48.881595],[2.371648,48.881014]]],[[[2.375596,48.878651],[2.375842,48.879981],[2.37813,48.878958],[2.375596,48.878651]]],[[[2.371718,48.882733],[2.373658,48.881701],[2.373213,48.881357],[2.370576,48.882501],[2.371324,48.882919],[2.371718,48.882733]]],[[[2.375788,48.877673],[2.375663,48.877308],[2.37618,48.877037],[2.378206,48.876634],[2.375874,48.876867],[2.374197,48.877671],[2.374951,48.877437],[2.374236,48.877849],[2.374361,48.878289],[2.375097,48.878413],[2.375788,48.877673]]],[[[2.378136,48.878753],[2.37775,48.878163],[2.37719,48.87812],[2.377979,48.877723],[2.375938,48.877689],[2.376864,48.878018],[2.376846,48.878261],[2.375397,48.878112],[2.375288,48.878403],[2.378136,48.878753]]],[[[2.373373,48.878073],[2.372436,48.877028],[2.371308,48.877823],[2.370882,48.877771],[2.373373,48.878073]]],[[[2.375527,48.879614],[2.375381,48.878672],[2.374422,48.878543],[2.374503,48.879603],[2.375483,48.879994],[2.375527,48.879614]]],[[[2.376338,48.880491],[2.375674,48.880273],[2.374043,48.881025],[2.374438,48.881411],[2.376338,48.880491]]],[[[2.372246,48.880117],[2.371267,48.880459],[2.371857,48.881068],[2.372705,48.88066],[2.372246,48.880117]]],[[[2.371437,48.878846],[2.372623,48.878321],[2.370975,48.878137],[2.37083,48.878415],[2.371437,48.878846]]],[[[2.371791,48.882868],[2.374408,48.882216],[2.37379,48.881836],[2.371791,48.882868]]],[[[2.378183,48.876846],[2.378157,48.876824],[2.377817,48.876841],[2.377733,48.876845],[2.377637,48.87685],[2.377544,48.876854],[2.377465,48.876858],[2.377383,48.876862],[2.377274,48.876867],[2.377172,48.876871],[2.377071,48.876876],[2.376961,48.876881],[2.376908,48.876884],[2.376836,48.876906],[2.376649,48.876964],[2.376538,48.876999],[2.376462,48.877022],[2.376391,48.877044],[2.37629,48.877075],[2.376231,48.877094],[2.376164,48.877126],[2.376092,48.877159],[2.37602,48.877193],[2.3758,48.877297],[2.375809,48.877323],[2.376074,48.877352],[2.376082,48.877353],[2.376167,48.877362],[2.376206,48.877366],[2.376256,48.877358],[2.376272,48.877353],[2.376365,48.877322],[2.376453,48.877292],[2.376664,48.877223],[2.37675,48.877196],[2.376995,48.877115],[2.377013,48.87711],[2.377486,48.877088],[2.378034,48.877061],[2.378069,48.877044],[2.378155,48.876894],[2.378183,48.876846]]],[[[2.379596,48.880596],[2.378967,48.881145],[2.380408,48.881371],[2.379596,48.880596]]],[[[2.375178,48.88003],[2.374499,48.879818],[2.374154,48.880652],[2.375434,48.880164],[2.375178,48.88003]]],[[[2.372734,48.88073],[2.371908,48.881122],[2.372331,48.881525],[2.373039,48.881218],[2.372734,48.88073]]],[[[2.377782,48.877543],[2.375759,48.8774],[2.376734,48.877713],[2.377782,48.877543]]],[[[2.378009,48.877139],[2.377984,48.877119],[2.377791,48.877128],[2.377761,48.877129],[2.377647,48.877133],[2.377457,48.877143],[2.377349,48.877149],[2.377107,48.877161],[2.377036,48.877164],[2.376913,48.877204],[2.376736,48.877262],[2.37664,48.877293],[2.376414,48.877366],[2.376419,48.877391],[2.376659,48.877417],[2.376753,48.877412],[2.376941,48.877403],[2.377131,48.877393],[2.377363,48.877382],[2.377606,48.87737],[2.377863,48.877358],[2.3779,48.87734],[2.377921,48.877297],[2.377961,48.877224],[2.378009,48.877139]]],[[[2.373966,48.880487],[2.372939,48.880806],[2.373226,48.881137],[2.373966,48.880487]]],[[[2.375869,48.877847],[2.375366,48.878046],[2.37673,48.878177],[2.375869,48.877847]]],[[[2.374283,48.881454],[2.373907,48.881086],[2.373487,48.881274],[2.373864,48.881642],[2.374283,48.881454]]],[[[2.377992,48.877699],[2.378519,48.876821],[2.378352,48.87661],[2.377992,48.877699]]],[[[2.373998,48.87797],[2.37338,48.878223],[2.374055,48.878298],[2.373998,48.87797]]],[[[2.381136,48.88192],[2.381088,48.882236],[2.381561,48.882258],[2.381136,48.88192]]],[[[2.375692,48.882949],[2.375596,48.8829],[2.375592,48.8829],[2.375085,48.883231],[2.375189,48.883297],[2.375692,48.882949]]],[[[2.374939,48.882489],[2.374777,48.882404],[2.374518,48.882271],[2.374442,48.882324],[2.374562,48.882392],[2.374633,48.882488],[2.374659,48.882472],[2.374664,48.882476],[2.374937,48.882502],[2.374939,48.882489]]],[[[2.373939,48.87774],[2.373728,48.877738],[2.373735,48.877777],[2.373746,48.877792],[2.373745,48.877805],[2.373746,48.877807],[2.373954,48.877817],[2.373939,48.87774]]]],"type":"MultiPolygon"},"properties":{"id_projet":"ELEMENTAIRES (année scolaire 2021/2022)","libelle":"G.SIMON BOLIVAR(119)A/B","zone_commune":1,"etiquette":"Secteur commun des écoles \n119 AVENUE SIMON BOLIVAR (A) \n119 AVENUE SIMON BOLIVAR (B)","lib_etab_1":"SIMON BOLIVAR (119) ELEM A","lib_etab_2":"SIMON BOLIVAR (119) ELEM B","lib_etab_3":null,"lib_etab_4":null,"adr_etab_1":"119 AVENUE SIMON BOLIVAR (A)","adr_etab_2":"119 AVENUE SIMON BOLIVAR (B)","adr_etab_3":null,"adr_etab_4":null,"annee_scol":"2021-2022","st_area_shape":266213.68441879743,"st_perimeter_shape":12870.344652855096,"type_etabl":"Elémentaire","geo_point_2d":{"lon":2.3748536876406647,"lat":48.87992624148562}}},{"type":"Feature","geometry":{"coordinates":[[[[2.388258,48.892646],[2.394917,48.889665],[2.389221,48.888099],[2.388414,48.889418],[2.387766,48.889564],[2.387097,48.890613],[2.387988,48.890923],[2.387642,48.891241],[2.387317,48.891082],[2.386876,48.89192],[2.388258,48.892646]]],[[[2.388454,48.888385],[2.389114,48.887891],[2.386822,48.887291],[2.38634,48.888285],[2.388223,48.888759],[2.388454,48.888385]]],[[[2.386542,48.888986],[2.385975,48.888846],[2.385584,48.88943],[2.387254,48.889892],[2.387651,48.889273],[2.386542,48.888986]]],[[[2.38881,48.886907],[2.389102,48.886091],[2.388545,48.886561],[2.387865,48.886449],[2.387256,48.887099],[2.388524,48.88743],[2.38881,48.886907]]],[[[2.388398,48.888919],[2.386351,48.888395],[2.386074,48.888697],[2.388206,48.889362],[2.388398,48.888919]]],[[[2.385679,48.889623],[2.385281,48.890014],[2.386852,48.890529],[2.387168,48.890032],[2.385679,48.889623]]],[[[2.389508,48.887254],[2.389227,48.88688],[2.389668,48.886995],[2.38993,48.88647],[2.389344,48.886127],[2.388679,48.88747],[2.388995,48.887558],[2.389185,48.887233],[2.389304,48.887585],[2.389508,48.887254]]],[[[2.386302,48.886836],[2.386261,48.886161],[2.385276,48.886018],[2.385279,48.885745],[2.385038,48.886519],[2.386302,48.886836]]],[[[2.387133,48.886858],[2.387362,48.886338],[2.387019,48.886278],[2.386463,48.886871],[2.387183,48.887079],[2.387133,48.886858]]]],"type":"MultiPolygon"},"properties":{"id_projet":"ELEMENTAIRES (année scolaire 2021/2022)","libelle":"JEAN JAURES (160) ELEM","zone_commune":0,"etiquette":"Secteur de l'école 160 AVENUE JEAN JAURES","lib_etab_1":"JEAN JAURES (160) ELEM","lib_etab_2":null,"lib_etab_3":null,"lib_etab_4":null,"adr_etab_1":"160 AVENUE JEAN JAURES","adr_etab_2":null,"adr_etab_3":null,"adr_etab_4":null,"annee_scol":"2021-2022","st_area_shape":216088.78907908354,"st_perimeter_shape":5360.303387616249,"type_etabl":"Elémentaire","geo_point_2d":{"lon":2.3893812074360086,"lat":48.88961925254187}}},{"type":"Feature","geometry":{"coordinates":[[[[2.381815,48.886674],[2.381528,48.886674],[2.382173,48.887208],[2.381815,48.886674]]],[[[2.381716,48.885951],[2.381596,48.88592],[2.381536,48.88602],[2.38153,48.88603],[2.381501,48.886079],[2.381477,48.886119],[2.38145,48.886164],[2.381546,48.88621],[2.381585,48.88615],[2.381595,48.886135],[2.38163,48.886086],[2.381716,48.885951]]]],"type":"MultiPolygon"},"properties":{"id_projet":"ELEMENTAIRES (année scolaire 2022/2023)","libelle":"Z.TANDOU(16)/PIERRE GIRARD(9)/TANDOU(9)","zone_commune":1,"etiquette":"Secteur commun des écoles \n9 RUE TANDOU \n9 RUE PIERRE GIRARD\n16 RUE TANDOU","lib_etab_1":"TANDOU (9) ELEM","lib_etab_2":"PIERRE GIRARD (9) ELEM","lib_etab_3":"TANDOU (16) POLY","lib_etab_4":null,"adr_etab_1":"9 RUE TANDOU","adr_etab_2":"9 RUE PIERRE GIRARD","adr_etab_3":"16 RUE TANDOU","adr_etab_4":null,"annee_scol":"2022-2023","st_area_shape":1210.8606725757209,"st_perimeter_shape":264.73342707003326,"type_etabl":"Elémentaire","geo_point_2d":{"lon":2.381802576104898,"lat":48.88670276767857}}},{"type":"Feature","geometry":{"coordinates":[[[[2.367406,48.884953],[2.36596,48.885581],[2.366659,48.886316],[2.368201,48.885729],[2.367406,48.884953]]],[[[2.368887,48.884569],[2.367896,48.885099],[2.369321,48.886357],[2.36949,48.885669],[2.368944,48.885316],[2.369404,48.885072],[2.368887,48.884569]]],[[[2.366234,48.884854],[2.366615,48.885146],[2.36727,48.884861],[2.366818,48.884424],[2.365001,48.884566],[2.365554,48.885149],[2.366234,48.884854]]],[[[2.367341,48.88661],[2.368723,48.88618],[2.368292,48.885777],[2.366712,48.886376],[2.367234,48.886477],[2.366935,48.88676],[2.367341,48.88661]]],[[[2.371148,48.885403],[2.369437,48.884394],[2.370886,48.885559],[2.371148,48.885403]]],[[[2.36781,48.884593],[2.367045,48.884434],[2.367661,48.885007],[2.36781,48.884593]]],[[[2.366536,48.885179],[2.36618,48.884939],[2.365597,48.885194],[2.365883,48.885463],[2.366536,48.885179]]],[[[2.368558,48.884588],[2.368781,48.884484],[2.368567,48.884311],[2.36779,48.884385],[2.368143,48.884712],[2.368558,48.884588]]],[[[2.367438,48.886911],[2.36801,48.88649],[2.366992,48.886843],[2.367438,48.886911]]]],"type":"MultiPolygon"},"properties":{"id_projet":"ELEMENTAIRES (année scolaire 2022/2023)","libelle":"TANGER (17) ELEM","zone_commune":0,"etiquette":"Secteur de l'école 17 RUE DE TANGER","lib_etab_1":"TANGER (17) ELEM","lib_etab_2":null,"lib_etab_3":null,"lib_etab_4":null,"adr_etab_1":"17 RUE DE TANGER","adr_etab_2":null,"adr_etab_3":null,"adr_etab_4":null,"annee_scol":"2022-2023","st_area_shape":49705.31624034393,"st_perimeter_shape":3041.8480249134527,"type_etabl":"Elémentaire","geo_point_2d":{"lon":2.367632595013903,"lat":48.88539518815098}}},{"type":"Feature","geometry":{"coordinates":[[[[2.380478,48.891533],[2.382048,48.890696],[2.382081,48.89003],[2.380959,48.889474],[2.377769,48.891089],[2.379154,48.89221],[2.380478,48.891533]]],[[[2.375301,48.888241],[2.377087,48.888005],[2.376197,48.887955],[2.375789,48.887562],[2.374346,48.888061],[2.375301,48.888241]]],[[[2.378773,48.88886],[2.378768,48.88884],[2.378678,48.888795],[2.378633,48.888837],[2.37862,48.888849],[2.378611,48.888844],[2.378549,48.8889],[2.378563,48.888907],[2.378555,48.888914],[2.378659,48.88896],[2.378773,48.88886]]],[[[2.380339,48.88917],[2.379758,48.888903],[2.379207,48.88938],[2.379715,48.889634],[2.380339,48.88917]]],[[[2.378169,48.888716],[2.37728,48.888109],[2.374461,48.888375],[2.375284,48.888502],[2.375685,48.888908],[2.376206,48.888659],[2.376449,48.888918],[2.376012,48.889733],[2.378169,48.888716]]],[[[2.377311,48.890114],[2.378545,48.889036],[2.378295,48.888788],[2.376159,48.889819],[2.376875,48.890415],[2.377311,48.890114]]],[[[2.382421,48.8902],[2.382276,48.890128],[2.38224,48.89014],[2.382221,48.890514],[2.38226,48.890523],[2.382355,48.89044],[2.382289,48.890364],[2.382551,48.890266],[2.382489,48.890234],[2.382421,48.8902]]],[[[2.378434,48.890611],[2.379093,48.890271],[2.37882,48.890067],[2.379207,48.890183],[2.379801,48.889811],[2.378818,48.88932],[2.378577,48.889472],[2.37855,48.88921],[2.378163,48.88955],[2.378731,48.889869],[2.377975,48.889691],[2.37746,48.890161],[2.378158,48.890732],[2.378434,48.890611]]],[[[2.377897,48.89058],[2.377423,48.890211],[2.377652,48.890484],[2.37705,48.890519],[2.377623,48.891004],[2.378086,48.890787],[2.377897,48.89058]]]],"type":"MultiPolygon"},"properties":{"id_projet":"ELEMENTAIRES (année scolaire 2023/2024)","libelle":"JOMARD (9) ELEM","zone_commune":0,"etiquette":"Secteur de l'école 9 RUE JOMARD","lib_etab_1":"JOMARD (9) ELEM","lib_etab_2":null,"lib_etab_3":null,"lib_etab_4":null,"adr_etab_1":"9 RUE JOMARD","adr_etab_2":null,"adr_etab_3":null,"adr_etab_4":null,"annee_scol":"2023-2024","st_area_shape":105092.36612798362,"st_perimeter_shape":4255.955351006293,"type_etabl":"Elémentaire","geo_point_2d":{"lon":2.3786207315693666,"lat":48.88996768743633}}},{"type":"Feature","geometry":{"coordinates":[[[[2.375733,48.892561],[2.376823,48.893362],[2.378678,48.892399],[2.37664,48.890904],[2.375307,48.892113],[2.375733,48.892561]]],[[[2.370633,48.897673],[2.370862,48.897305],[2.374216,48.896891],[2.371645,48.895869],[2.370642,48.89675],[2.370633,48.897673]]],[[[2.370412,48.894055],[2.372987,48.893274],[2.372516,48.892251],[2.370988,48.892706],[2.371354,48.89326],[2.370708,48.89345],[2.370863,48.893728],[2.370111,48.89399],[2.370412,48.894055]]],[[[2.372966,48.892741],[2.374196,48.892348],[2.374523,48.89252],[2.37489,48.892138],[2.373566,48.891203],[2.373766,48.891452],[2.372557,48.89184],[2.372966,48.892741]]],[[[2.375268,48.892415],[2.373617,48.893646],[2.376553,48.893463],[2.375268,48.892415]]],[[[2.370633,48.897673],[2.370611,48.898295],[2.371252,48.898004],[2.371271,48.897662],[2.377219,48.897708],[2.372707,48.897435],[2.370805,48.897449],[2.370633,48.897673]]],[[[2.372663,48.894291],[2.372991,48.893896],[2.370577,48.894581],[2.371758,48.895248],[2.372663,48.894291]]],[[[2.3724,48.893939],[2.373129,48.893743],[2.372985,48.893377],[2.370263,48.894185],[2.370521,48.894441],[2.3724,48.893939]]],[[[2.377887,48.893686],[2.37692,48.893521],[2.378517,48.894909],[2.378983,48.894266],[2.377887,48.893686]]],[[[2.375036,48.892],[2.376525,48.890702],[2.374833,48.8916],[2.374012,48.891123],[2.375036,48.892]]],[[[2.374801,48.894176],[2.375566,48.893711],[2.373507,48.893797],[2.374801,48.894176]]],[[[2.373381,48.893101],[2.374423,48.892554],[2.373049,48.892923],[2.373381,48.893101]]],[[[2.372453,48.891611],[2.373636,48.891404],[2.373484,48.891218],[2.372394,48.891415],[2.372453,48.891611]]],[[[2.373706,48.893259],[2.373985,48.892961],[2.373213,48.893279],[2.373377,48.893558],[2.373706,48.893259]]],[[[2.372073,48.892117],[2.37247,48.892151],[2.37233,48.891845],[2.371689,48.891971],[2.372073,48.892117]]],[[[2.382289,48.890364],[2.382355,48.89044],[2.382554,48.890267],[2.382551,48.890266],[2.382289,48.890364]]],[[[2.375397,48.889249],[2.3754,48.889252],[2.375681,48.889124],[2.375679,48.889121],[2.375397,48.889249]]]],"type":"MultiPolygon"},"properties":{"id_projet":"ELEMENTAIRES (année scolaire 2024/2025)","libelle":"G.OURCQ(105)A/(105B)B","zone_commune":1,"etiquette":"Secteur commun des écoles \n105 bis RUE DE L'OURCQ (ECOLE B) (A) \n105 bis RUE DE L'OURCQ (ECOLE B) (B","lib_etab_1":"OURCQ (105B) ELEM A","lib_etab_2":"OURCQ (105B) ELEM B","lib_etab_3":null,"lib_etab_4":null,"adr_etab_1":"105 bis RUE DE L'OURCQ (ECOLE B) (A)","adr_etab_2":"105 bis RUE DE L'OURCQ (ECOLE B) (B)","adr_etab_3":null,"adr_etab_4":null,"annee_scol":"2024-2025","st_area_shape":162892.6722921505,"st_perimeter_shape":7957.994928303144,"type_etabl":"Elémentaire","geo_point_2d":{"lon":2.374077807869102,"lat":48.89374738444218}}},{"type":"Feature","geometry":{"coordinates":[[[2.39255,48.878707],[2.39232,48.878678],[2.392246,48.878843],[2.392241,48.878844],[2.392163,48.878982],[2.392254,48.878969],[2.392267,48.878967],[2.392419,48.878946],[2.392479,48.878812],[2.392501,48.878759],[2.39255,48.878707]]],"type":"Polygon"},"properties":{"id_projet":"ELEMENTAIRES (année scolaire 2022/2023)","libelle":"Z.COMPANS/BRUNET/E. COTTON","zone_commune":1,"etiquette":"Secteur commun des écoles \n106 RUE COMPANS \n7 RUE DU GENERAL BRUNET\n16 RUE EUGENIE COTTON (ECOLE A (","lib_etab_1":"COMPANS (106) ELEM A","lib_etab_2":"GENERAL BRUNET (7) ELEM","lib_etab_3":"EUGENIE COTTON (16) ELEM B","lib_etab_4":"EUGENIE COTTON (16) ELEM A","adr_etab_1":"106 RUE COMPANS","adr_etab_2":"7 RUE DU GENERAL BRUNET","adr_etab_3":"16 RUE EUGENIE COTTON (ECOLE A (A)","adr_etab_4":"16 RUE EUGENIE COTTON (ECOLE A (B)","annee_scol":"2022-2023","st_area_shape":503.5120688628077,"st_perimeter_shape":100.67104677646168,"type_etabl":"Elémentaire","geo_point_2d":{"lon":2.392355988625038,"lat":48.87882870841526}}},{"type":"Feature","geometry":{"coordinates":[[[[2.367406,48.884953],[2.36596,48.885581],[2.366659,48.886316],[2.368201,48.885729],[2.367406,48.884953]]],[[[2.368558,48.884588],[2.368781,48.884484],[2.368567,48.884311],[2.36779,48.884385],[2.368143,48.884712],[2.368558,48.884588]]],[[[2.36781,48.884593],[2.367045,48.884434],[2.367661,48.885007],[2.36781,48.884593]]],[[[2.366234,48.884854],[2.366615,48.885146],[2.36727,48.884861],[2.366818,48.884424],[2.365001,48.884566],[2.365554,48.885149],[2.366234,48.884854]]],[[[2.366536,48.885179],[2.36618,48.884939],[2.365597,48.885194],[2.365883,48.885463],[2.366536,48.885179]]],[[[2.371148,48.885403],[2.369437,48.884394],[2.370886,48.885559],[2.371148,48.885403]]],[[[2.368887,48.884569],[2.367896,48.885099],[2.369321,48.886357],[2.36949,48.885669],[2.368944,48.885316],[2.369404,48.885072],[2.368887,48.884569]]],[[[2.367341,48.88661],[2.368723,48.88618],[2.368292,48.885777],[2.366712,48.886376],[2.367234,48.886477],[2.366935,48.88676],[2.367341,48.88661]]],[[[2.367438,48.886911],[2.36801,48.88649],[2.366992,48.886843],[2.367438,48.886911]]]],"type":"MultiPolygon"},"properties":{"id_projet":"ELEMENTAIRES (année scolaire 2023/2024)","libelle":"TANGER (17) ELEM","zone_commune":0,"etiquette":"Secteur de l'école 17 RUE DE TANGER","lib_etab_1":"TANGER (17) ELEM","lib_etab_2":null,"lib_etab_3":null,"lib_etab_4":null,"adr_etab_1":"17 RUE DE TANGER","adr_etab_2":null,"adr_etab_3":null,"adr_etab_4":null,"annee_scol":"2023-2024","st_area_shape":49705.31624034393,"st_perimeter_shape":3041.848024913452,"type_etabl":"Elémentaire","geo_point_2d":{"lon":2.367632595013904,"lat":48.885395188150994}}},{"type":"Feature","geometry":{"coordinates":[[[[2.385069,48.889928],[2.386624,48.887249],[2.385957,48.887499],[2.385678,48.888022],[2.385238,48.887901],[2.385462,48.887545],[2.384926,48.887374],[2.384836,48.886933],[2.383832,48.889338],[2.385069,48.889928]]],[[[2.380544,48.884394],[2.381491,48.883717],[2.381254,48.883353],[2.380098,48.884591],[2.380544,48.884394]]],[[[2.380538,48.883651],[2.381447,48.882649],[2.380732,48.882864],[2.379357,48.88433],[2.379674,48.884603],[2.380538,48.883651]]],[[[2.380021,48.884867],[2.379961,48.884756],[2.379959,48.884757],[2.379942,48.884762],[2.37985,48.88486],[2.379859,48.884879],[2.380021,48.884867]]],[[[2.379432,48.88487],[2.379429,48.884861],[2.379196,48.884871],[2.379208,48.884875],[2.379248,48.884886],[2.379281,48.885008],[2.379315,48.885],[2.379375,48.884934],[2.379392,48.884915],[2.379432,48.88487]]],[[[2.384309,48.884564],[2.384276,48.884563],[2.384244,48.884894],[2.384282,48.884906],[2.384359,48.884929],[2.384306,48.885001],[2.384469,48.885073],[2.384484,48.885065],[2.384469,48.884973],[2.384442,48.884867],[2.384416,48.884788],[2.384375,48.884694],[2.384346,48.884632],[2.384309,48.884564]]],[[[2.384448,48.884404],[2.384377,48.884313],[2.38432,48.884393],[2.384443,48.884534],[2.384456,48.884548],[2.384457,48.88455],[2.384459,48.884551],[2.38446,48.884553],[2.384462,48.884555],[2.384463,48.884557],[2.384465,48.884559],[2.384466,48.88456],[2.384468,48.884562],[2.384469,48.884564],[2.384471,48.884566],[2.384472,48.884568],[2.384474,48.88457],[2.384475,48.884572],[2.384477,48.884574],[2.384478,48.884576],[2.38448,48.884578],[2.384482,48.88458],[2.384483,48.884583],[2.384485,48.884585],[2.384487,48.884587],[2.384489,48.88459],[2.384491,48.884593],[2.384492,48.884595],[2.384494,48.884598],[2.384496,48.8846],[2.384497,48.884602],[2.384499,48.884604],[2.3845,48.884607],[2.384502,48.884609],[2.384503,48.884611],[2.384505,48.884613],[2.384506,48.884615],[2.384508,48.884617],[2.384509,48.884619],[2.384511,48.884622],[2.384512,48.884624],[2.384514,48.884627],[2.384515,48.884629],[2.384517,48.884632],[2.384519,48.884635],[2.38452,48.884638],[2.384522,48.884642],[2.384525,48.884646],[2.384527,48.88465],[2.384529,48.884653],[2.384531,48.884657],[2.384532,48.88466],[2.384534,48.884664],[2.384536,48.884667],[2.384538,48.88467],[2.384539,48.884673],[2.384541,48.884676],[2.384542,48.884679],[2.384545,48.884685],[2.384547,48.884688],[2.384548,48.884691],[2.38455,48.884693],[2.384551,48.884696],[2.384552,48.884699],[2.384554,48.884702],[2.384555,48.884705],[2.384556,48.884708],[2.384558,48.884711],[2.384559,48.884714],[2.384561,48.884717],[2.384562,48.884721],[2.384564,48.884724],[2.384565,48.884727],[2.384566,48.884731],[2.384568,48.884734],[2.384569,48.884738],[2.384571,48.884741],[2.384572,48.884745],[2.384574,48.884748],[2.384575,48.884752],[2.384576,48.884756],[2.384578,48.88476],[2.384579,48.884764],[2.384581,48.884768],[2.384582,48.884772],[2.384584,48.884776],[2.384585,48.88478],[2.384587,48.884787],[2.38459,48.884793],[2.384592,48.884799],[2.384594,48.884805],[2.384596,48.884811],[2.384597,48.884816],[2.384599,48.884821],[2.384601,48.884827],[2.384603,48.884832],[2.384604,48.884837],[2.384606,48.884842],[2.384607,48.884847],[2.384609,48.884852],[2.384611,48.884857],[2.384612,48.884863],[2.384613,48.884868],[2.384615,48.884874],[2.384617,48.88488],[2.384618,48.884886],[2.38462,48.884893],[2.384621,48.884899],[2.384622,48.884905],[2.384623,48.88491],[2.384624,48.884915],[2.384625,48.88492],[2.384626,48.884925],[2.384627,48.884929],[2.384628,48.884934],[2.384629,48.884938],[2.38463,48.884943],[2.384631,48.884947],[2.384632,48.884951],[2.384632,48.884955],[2.384633,48.88496],[2.384634,48.884964],[2.384635,48.884968],[2.384635,48.884972],[2.384636,48.884976],[2.384637,48.884984],[2.384638,48.884988],[2.384639,48.884993],[2.38464,48.884996],[2.38464,48.885],[2.384641,48.885004],[2.384641,48.885007],[2.384642,48.885011],[2.384643,48.885015],[2.384643,48.885019],[2.384644,48.885023],[2.384644,48.885026],[2.384645,48.88503],[2.384645,48.885034],[2.384646,48.885038],[2.384646,48.885042],[2.384647,48.885046],[2.384647,48.88505],[2.384647,48.885054],[2.384648,48.885058],[2.384648,48.885062],[2.384648,48.885066],[2.384648,48.88507],[2.384648,48.885074],[2.384649,48.885077],[2.384649,48.885079],[2.384649,48.885081],[2.384756,48.885072],[2.384753,48.885039],[2.384738,48.884969],[2.384721,48.884899],[2.384704,48.88483],[2.38468,48.884756],[2.384657,48.884697],[2.384641,48.884658],[2.3846,48.884574],[2.384594,48.884562],[2.384548,48.884553],[2.384488,48.88446],[2.384469,48.884431],[2.384448,48.884404]]],[[[2.379886,48.885101],[2.379768,48.884981],[2.379738,48.884986],[2.37965,48.885083],[2.379664,48.885109],[2.379672,48.885111],[2.379674,48.885112],[2.379884,48.885105],[2.379885,48.885103],[2.379886,48.885101]]],[[[2.375955,48.885726],[2.377042,48.884808],[2.376832,48.884717],[2.375702,48.885706],[2.375955,48.885726]]],[[[2.384513,48.885656],[2.384502,48.88536],[2.384035,48.885462],[2.383974,48.885956],[2.384497,48.88635],[2.384513,48.885656]]],[[[2.384996,48.886661],[2.385195,48.886007],[2.384768,48.88538],[2.384996,48.886661]]],[[[2.38115,48.887761],[2.381254,48.887513],[2.380438,48.887573],[2.380979,48.887998],[2.38115,48.887761]]],[[[2.384325,48.887572],[2.382533,48.887061],[2.382237,48.88746],[2.384199,48.888176],[2.384325,48.887572]]],[[[2.380391,48.88818],[2.380125,48.888048],[2.380007,48.887988],[2.379967,48.887993],[2.379964,48.887995],[2.380028,48.888131],[2.380027,48.888132],[2.379977,48.888175],[2.379921,48.888148],[2.379843,48.888191],[2.380023,48.88828],[2.380186,48.888362],[2.380391,48.88818]]],[[[2.382166,48.887862],[2.381461,48.887675],[2.381069,48.888066],[2.381676,48.888391],[2.382166,48.887862]]],[[[2.380409,48.887699],[2.380062,48.887904],[2.381226,48.888344],[2.380409,48.887699]]],[[[2.38102,48.888493],[2.380499,48.888234],[2.380295,48.888415],[2.38102,48.888493]]],[[[2.383672,48.889206],[2.384218,48.888304],[2.382446,48.887735],[2.381855,48.88841],[2.383672,48.889206]]],[[[2.383686,48.889499],[2.38365,48.889486],[2.383606,48.889524],[2.383666,48.889559],[2.383686,48.889499]]],[[[2.381839,48.888569],[2.381329,48.888402],[2.38101,48.88877],[2.382636,48.889579],[2.383432,48.889301],[2.381839,48.888569]]],[[[2.383514,48.889426],[2.382749,48.88969],[2.383046,48.889835],[2.383514,48.889426]]],[[[2.38483,48.889994],[2.384803,48.889982],[2.384792,48.890338],[2.384884,48.890202],[2.384948,48.890107],[2.38492,48.890039],[2.38483,48.889994]]],[[[2.384112,48.889649],[2.384621,48.890542],[2.384668,48.889919],[2.384112,48.889649]]],[[[2.386494,48.890563],[2.385192,48.890137],[2.38492,48.890666],[2.385254,48.890499],[2.386226,48.890826],[2.386187,48.891284],[2.386802,48.890723],[2.386494,48.890563]]]],"type":"MultiPolygon"},"properties":{"id_projet":"ELEMENTAIRES (année scolaire 2023/2024)","libelle":"TANDOU (9) ELEM","zone_commune":0,"etiquette":"Secteur de l'école 9 RUE TANDOU","lib_etab_1":"TANDOU (9) ELEM","lib_etab_2":null,"lib_etab_3":null,"lib_etab_4":null,"adr_etab_1":"9 RUE TANDOU","adr_etab_2":null,"adr_etab_3":null,"adr_etab_4":null,"annee_scol":"2023-2024","st_area_shape":104019.71229341775,"st_perimeter_shape":6836.247076902338,"type_etabl":"Elémentaire","geo_point_2d":{"lon":2.383250895011058,"lat":48.88779864135573}}},{"type":"Feature","geometry":{"coordinates":[[[[2.375311,48.892198],[2.376823,48.893362],[2.378678,48.892399],[2.376746,48.890901],[2.375311,48.892198]]],[[[2.370633,48.897673],[2.370862,48.897305],[2.374216,48.896891],[2.371645,48.895869],[2.370642,48.89675],[2.370633,48.897673]]],[[[2.370412,48.894055],[2.372987,48.893274],[2.372516,48.892251],[2.370988,48.892706],[2.371354,48.89326],[2.370708,48.89345],[2.370863,48.893728],[2.370111,48.89399],[2.370412,48.894055]]],[[[2.372966,48.892741],[2.374196,48.892348],[2.374523,48.89252],[2.37489,48.892138],[2.373566,48.891203],[2.373766,48.891452],[2.372557,48.89184],[2.372966,48.892741]]],[[[2.375268,48.892415],[2.373617,48.893646],[2.376553,48.893463],[2.375268,48.892415]]],[[[2.370633,48.897673],[2.370611,48.898295],[2.371252,48.898004],[2.371271,48.897662],[2.377219,48.897708],[2.372707,48.897435],[2.370805,48.897449],[2.370633,48.897673]]],[[[2.37223,48.89475],[2.372991,48.893896],[2.370577,48.894581],[2.371651,48.895257],[2.37223,48.89475]]],[[[2.372166,48.894001],[2.373129,48.893743],[2.372985,48.893377],[2.370263,48.894185],[2.370521,48.894441],[2.372166,48.894001]]],[[[2.377887,48.893686],[2.37692,48.893521],[2.378517,48.894909],[2.378983,48.894266],[2.377887,48.893686]]],[[[2.374642,48.891685],[2.375102,48.891993],[2.376525,48.890702],[2.374833,48.8916],[2.374012,48.891123],[2.374642,48.891685]]],[[[2.374724,48.894214],[2.375566,48.893711],[2.373507,48.893797],[2.374724,48.894214]]],[[[2.373381,48.893101],[2.374423,48.892554],[2.373049,48.892923],[2.373381,48.893101]]],[[[2.372453,48.891611],[2.373636,48.891404],[2.373484,48.891218],[2.372394,48.891415],[2.372453,48.891611]]],[[[2.373473,48.893471],[2.374014,48.892981],[2.373221,48.893265],[2.373473,48.893471]]],[[[2.371953,48.89201],[2.37247,48.892151],[2.37233,48.891845],[2.371953,48.89201]]],[[[2.382289,48.890364],[2.382355,48.89044],[2.382554,48.890267],[2.382551,48.890266],[2.382289,48.890364]]],[[[2.375397,48.889249],[2.3754,48.889252],[2.375681,48.889124],[2.375679,48.889121],[2.375397,48.889249]]]],"type":"MultiPolygon"},"properties":{"id_projet":"ELEMENTAIRES (année scolaire 2020/2021)","libelle":"G.OURCQ(105)A/(105B)B","zone_commune":1,"etiquette":"Secteur commun des écoles \n105 bis RUE DE L' OURCQ (A) \n105 bis RUE DE L' OURCQ (B)","lib_etab_1":"OURCQ (105B) ELEM A","lib_etab_2":"OURCQ (105B) ELEM B","lib_etab_3":null,"lib_etab_4":null,"adr_etab_1":"105 bis RUE DE L' OURCQ (A)","adr_etab_2":"105 bis RUE DE L' OURCQ (B)","adr_etab_3":null,"adr_etab_4":null,"annee_scol":"2020-2021","st_area_shape":162892.6722921505,"st_perimeter_shape":7957.994928303144,"type_etabl":null,"geo_point_2d":{"lon":2.374077807869101,"lat":48.89374738444219}}},{"type":"Feature","geometry":{"coordinates":[[[[2.380478,48.891533],[2.382048,48.890696],[2.382081,48.89003],[2.380959,48.889474],[2.377769,48.891089],[2.379154,48.89221],[2.380478,48.891533]]],[[[2.375301,48.888241],[2.377087,48.888005],[2.376197,48.887955],[2.375789,48.887562],[2.374346,48.888061],[2.375301,48.888241]]],[[[2.378773,48.88886],[2.378768,48.88884],[2.378678,48.888795],[2.378633,48.888837],[2.37862,48.888849],[2.378611,48.888844],[2.378549,48.8889],[2.378563,48.888907],[2.378555,48.888914],[2.378659,48.88896],[2.378773,48.88886]]],[[[2.380339,48.88917],[2.379758,48.888903],[2.379207,48.88938],[2.379715,48.889634],[2.380339,48.88917]]],[[[2.378169,48.888716],[2.37728,48.888109],[2.374461,48.888375],[2.375284,48.888502],[2.375685,48.888908],[2.376206,48.888659],[2.376449,48.888918],[2.376012,48.889733],[2.378169,48.888716]]],[[[2.377311,48.890114],[2.378545,48.889036],[2.378295,48.888788],[2.376159,48.889819],[2.376875,48.890415],[2.377311,48.890114]]],[[[2.382421,48.8902],[2.382276,48.890128],[2.38224,48.89014],[2.382221,48.890514],[2.38226,48.890523],[2.382355,48.89044],[2.382289,48.890364],[2.382551,48.890266],[2.382489,48.890234],[2.382421,48.8902]]],[[[2.378434,48.890611],[2.379093,48.890271],[2.37882,48.890067],[2.379207,48.890183],[2.379801,48.889811],[2.378818,48.88932],[2.378577,48.889472],[2.37855,48.88921],[2.378163,48.88955],[2.378731,48.889869],[2.377975,48.889691],[2.37746,48.890161],[2.378158,48.890732],[2.378434,48.890611]]],[[[2.377897,48.89058],[2.377423,48.890211],[2.377652,48.890484],[2.37705,48.890519],[2.377623,48.891004],[2.378086,48.890787],[2.377897,48.89058]]]],"type":"MultiPolygon"},"properties":{"id_projet":"ELEMENTAIRES (année scolaire 2024/2025)","libelle":"JOMARD (9) ELEM","zone_commune":0,"etiquette":"Secteur de l'école 9 RUE JOMARD","lib_etab_1":"JOMARD (9) ELEM","lib_etab_2":null,"lib_etab_3":null,"lib_etab_4":null,"adr_etab_1":"9 RUE JOMARD","adr_etab_2":null,"adr_etab_3":null,"adr_etab_4":null,"annee_scol":"2024-2025","st_area_shape":105092.36612798362,"st_perimeter_shape":4255.955351006293,"type_etabl":"Elémentaire","geo_point_2d":{"lon":2.3786207315693666,"lat":48.88996768743633}}},{"type":"Feature","geometry":{"coordinates":[[[[2.38812,48.879462],[2.387834,48.877275],[2.387309,48.877807],[2.386958,48.877851],[2.386837,48.877437],[2.386305,48.877607],[2.385697,48.878317],[2.385977,48.879406],[2.38812,48.879462]]],[[[2.385582,48.877502],[2.387741,48.877034],[2.385945,48.877119],[2.385582,48.877502]]],[[[2.384688,48.87788],[2.38469,48.877872],[2.384688,48.877879],[2.384688,48.87788]]],[[[2.381127,48.878009],[2.381105,48.87797],[2.381107,48.877969],[2.381101,48.877958],[2.38111,48.877955],[2.381098,48.877936],[2.381089,48.877938],[2.381082,48.877926],[2.381068,48.877929],[2.381062,48.877919],[2.381026,48.877929],[2.381031,48.877939],[2.381012,48.877944],[2.381027,48.877973],[2.38103,48.877973],[2.381038,48.877987],[2.38104,48.877986],[2.381064,48.878025],[2.381127,48.878009]]],[[[2.391868,48.877401],[2.39233,48.876947],[2.391552,48.877174],[2.391695,48.877414],[2.391205,48.877513],[2.391072,48.878096],[2.391868,48.877401]]],[[[2.392,48.878136],[2.392405,48.877804],[2.392307,48.877345],[2.391528,48.878028],[2.392,48.878136]]],[[[2.384372,48.877984],[2.385426,48.877908],[2.385177,48.877662],[2.384651,48.87796],[2.383261,48.877828],[2.38309,48.87813],[2.384372,48.877984]]],[[[2.381883,48.878285],[2.382319,48.878237],[2.382319,48.878238],[2.382447,48.878224],[2.382446,48.878222],[2.382802,48.878183],[2.382822,48.878162],[2.382816,48.878162],[2.382544,48.878023],[2.381926,48.878095],[2.381791,48.878261],[2.38183,48.878271],[2.381883,48.878285]]],[[[2.389127,48.878603],[2.388612,48.878397],[2.389068,48.878334],[2.388571,48.878159],[2.388978,48.877769],[2.388578,48.877818],[2.38796,48.877138],[2.388317,48.878662],[2.389127,48.878603]]],[[[2.385443,48.878101],[2.384917,48.878039],[2.385116,48.878963],[2.385573,48.878733],[2.385443,48.878101]]],[[[2.391059,48.878984],[2.390903,48.878638],[2.390612,48.878814],[2.391059,48.878984]]],[[[2.389727,48.879],[2.38903,48.878874],[2.388815,48.878705],[2.389034,48.878619],[2.388279,48.878674],[2.388384,48.879141],[2.389727,48.879]]],[[[2.384184,48.878814],[2.383942,48.87818],[2.38197,48.878408],[2.384183,48.879198],[2.384184,48.878814]]],[[[2.384966,48.878838],[2.384902,48.87804],[2.384122,48.87814],[2.384391,48.879214],[2.384966,48.878838]]],[[[2.391383,48.879356],[2.391606,48.878804],[2.391237,48.878511],[2.391656,48.878164],[2.390987,48.878488],[2.391383,48.879356]]],[[[2.391101,48.879092],[2.390918,48.879185],[2.391217,48.87939],[2.391101,48.879092]]],[[[2.385658,48.878895],[2.384654,48.879273],[2.385627,48.879379],[2.385658,48.878895]]],[[[2.389804,48.879117],[2.388368,48.879233],[2.388432,48.879459],[2.38944,48.879448],[2.389804,48.879117]]],[[[2.388595,48.879773],[2.388592,48.879729],[2.388533,48.879729],[2.38853,48.879727],[2.388458,48.879728],[2.388459,48.879742],[2.388432,48.879742],[2.388432,48.879762],[2.388459,48.879762],[2.388461,48.879777],[2.388595,48.879773]]],[[[2.386562,48.879932],[2.386279,48.879861],[2.386229,48.879856],[2.386197,48.879873],[2.386,48.879856],[2.385967,48.880016],[2.386015,48.880027],[2.386061,48.880036],[2.386064,48.880036],[2.386121,48.880043],[2.386269,48.880059],[2.386473,48.880076],[2.386535,48.88008],[2.38655,48.879953],[2.386562,48.879932]]]],"type":"MultiPolygon"},"properties":{"id_projet":"ELEMENTAIRES (année scolaire 2024/2025)","libelle":"VILLETTE (61) ELEM","zone_commune":0,"etiquette":"Secteur de l'école 61 RUE DE LA VILLETTE","lib_etab_1":"VILLETTE (61) ELEM","lib_etab_2":null,"lib_etab_3":null,"lib_etab_4":null,"adr_etab_1":"61 RUE DE LA VILLETTE","adr_etab_2":null,"adr_etab_3":null,"adr_etab_4":null,"annee_scol":"2024-2025","st_area_shape":88937.46054858105,"st_perimeter_shape":5796.463193464428,"type_etabl":"Elémentaire","geo_point_2d":{"lon":2.3868041025618045,"lat":48.878439469650594}}},{"type":"Feature","geometry":{"coordinates":[[[[2.407738,48.878524],[2.407966,48.877893],[2.40745,48.877605],[2.406658,48.878465],[2.40678,48.878258],[2.406135,48.877956],[2.402257,48.8787],[2.401666,48.879874],[2.401745,48.880797],[2.402103,48.881376],[2.40561,48.880128],[2.407738,48.878524]]],[[[2.399639,48.87666],[2.399107,48.875632],[2.398017,48.875562],[2.398419,48.8757],[2.398699,48.876597],[2.399639,48.87666]]],[[[2.402231,48.87645],[2.402406,48.876039],[2.399354,48.875708],[2.399885,48.876769],[2.40206,48.876882],[2.402231,48.87645]],[[2.400251,48.876366],[2.400117,48.876363],[2.399989,48.876361],[2.399918,48.876361],[2.399919,48.876363],[2.39991,48.876362],[2.399909,48.876356],[2.399888,48.876351],[2.399861,48.876347],[2.399809,48.876343],[2.399806,48.876335],[2.399796,48.876335],[2.399797,48.876315],[2.39981,48.876316],[2.399814,48.876313],[2.399841,48.876314],[2.399841,48.876312],[2.399841,48.876311],[2.399922,48.876314],[2.399924,48.876326],[2.399925,48.876338],[2.400165,48.876344],[2.400246,48.876336],[2.400247,48.876319],[2.400298,48.876319],[2.400316,48.876286],[2.40032,48.876287],[2.400319,48.876288],[2.400537,48.876311],[2.400545,48.876286],[2.400634,48.876298],[2.40062,48.876353],[2.400603,48.876348],[2.400571,48.876346],[2.400557,48.876347],[2.400554,48.876356],[2.400339,48.876333],[2.400331,48.876367],[2.400305,48.876367],[2.400273,48.876367],[2.400251,48.876366]]],[[[2.401894,48.877209],[2.402028,48.876909],[2.399886,48.876823],[2.400205,48.877379],[2.401749,48.877488],[2.401894,48.877209]]],[[[2.404239,48.877034],[2.40512,48.876813],[2.40261,48.876082],[2.402385,48.876543],[2.402818,48.876641],[2.402373,48.876555],[2.40195,48.877479],[2.404239,48.877034]]],[[[2.406331,48.877247],[2.405999,48.877126],[2.405735,48.877653],[2.406331,48.877247]]],[[[2.405634,48.877686],[2.405931,48.877089],[2.405464,48.876984],[2.403497,48.877304],[2.405634,48.877686]]],[[[2.401579,48.877574],[2.400429,48.877494],[2.400373,48.877803],[2.401651,48.877961],[2.401579,48.877574]]],[[[2.407148,48.877497],[2.406283,48.877896],[2.406537,48.878052],[2.407148,48.877497]]],[[[2.40007,48.878428],[2.400252,48.877494],[2.39962,48.876721],[2.398413,48.878238],[2.399076,48.877635],[2.398655,48.878234],[2.40007,48.878428]]],[[[2.402657,48.87825],[2.40507,48.87772],[2.403205,48.877367],[2.401995,48.877598],[2.401742,48.878462],[2.402657,48.87825]]],[[[2.401338,48.878674],[2.401634,48.87805],[2.400369,48.877912],[2.400202,48.878521],[2.401338,48.878674]]],[[[2.400849,48.878956],[2.401115,48.878746],[2.400183,48.878628],[2.399883,48.879386],[2.400849,48.878956]]],[[[2.399863,48.878544],[2.398122,48.878396],[2.398965,48.879007],[2.399492,48.879024],[2.399538,48.879508],[2.399863,48.878544]]],[[[2.40029,48.879469],[2.399816,48.879641],[2.400165,48.880032],[2.400599,48.879738],[2.40029,48.879469]]],[[[2.407723,48.880225],[2.408096,48.880204],[2.408063,48.879846],[2.407416,48.880128],[2.407723,48.880225]]],[[[2.409617,48.878308],[2.408485,48.879679],[2.408499,48.880435],[2.409345,48.880263],[2.410683,48.878615],[2.409617,48.878308]]],[[[2.399638,48.879794],[2.39886,48.880193],[2.399969,48.880512],[2.400132,48.880228],[2.399638,48.879794]]],[[[2.407844,48.880365],[2.407167,48.880708],[2.408216,48.880493],[2.407844,48.880365]]],[[[2.406972,48.880646],[2.406885,48.880602],[2.40673,48.880645],[2.405888,48.880877],[2.405943,48.880958],[2.406697,48.880804],[2.406948,48.880752],[2.406972,48.880646]]],[[[2.399058,48.880416],[2.398585,48.880305],[2.397303,48.881141],[2.397569,48.881405],[2.399058,48.880416]]]],"type":"MultiPolygon"},"properties":{"id_projet":"ELEMENTAIRES (année scolaire 2024/2025)","libelle":"G.ROMAINVILLE(57)A/(59)B","zone_commune":1,"etiquette":"Secteur commun des écoles \n59 RUE DE ROMAINVILLE \n57 RUE DE ROMAINVILLE","lib_etab_1":"ROMAINVILLE (59) ELEM B","lib_etab_2":"ROMAINVILLE (57) ELEM A","lib_etab_3":null,"lib_etab_4":null,"adr_etab_1":"59 RUE DE ROMAINVILLE","adr_etab_2":"57 RUE DE ROMAINVILLE","adr_etab_3":null,"adr_etab_4":null,"annee_scol":"2024-2025","st_area_shape":248950.509030893,"st_perimeter_shape":9333.698719883496,"type_etabl":"Elémentaire","geo_point_2d":{"lon":2.403288805311574,"lat":48.87852799464659}}},{"type":"Feature","geometry":{"coordinates":[[[2.391132,48.888112],[2.391789,48.887204],[2.391506,48.887158],[2.391132,48.888112]]],"type":"Polygon"},"properties":{"id_projet":"4907","libelle":"Z. MANIN(30)/MANIN(40B)/JEAN JAURES(160)","zone_commune":1,"etiquette":"Secteur commun des écoles \n30 RUE MANIN \n40 bis RUE MANIN\n160 AVENUE JEAN JAURES","lib_etab_1":"MANIN (30) ELEM B","lib_etab_2":"MANIN (40B) ELEM","lib_etab_3":"JEAN JAURES (160) ELEM","lib_etab_4":null,"adr_etab_1":"30 RUE MANIN","adr_etab_2":"40 bis RUE MANIN","adr_etab_3":"160 AVENUE JEAN JAURES","adr_etab_4":null,"annee_scol":"2025-2026","st_area_shape":2031.055510961176,"st_perimeter_shape":267.8779237073848,"type_etabl":"Elémentaire","geo_point_2d":{"lon":2.3914537634655084,"lat":48.88760972864151}}},{"type":"Feature","geometry":{"coordinates":[[[2.386356,48.887248],[2.386294,48.887242],[2.386334,48.887164],[2.386276,48.887149],[2.386219,48.887248],[2.386118,48.887211],[2.385957,48.887499],[2.386193,48.887559],[2.386237,48.887486],[2.386248,48.887468],[2.386251,48.887468],[2.386322,48.887359],[2.386339,48.887335],[2.386353,48.887312],[2.386358,48.887313],[2.386363,48.887305],[2.38639,48.887262],[2.386389,48.887258],[2.386356,48.887249],[2.386356,48.887248]]],"type":"Polygon"},"properties":{"id_projet":"4907","libelle":"TANDOU (9) / TANDOU (16) / JEAN JAURES (160)","zone_commune":1,"etiquette":"Secteur commun des écoles \n9 RUE TANDOU \n16 RUE TANDOU\n160 AVENUE JEAN JAURES","lib_etab_1":"TANDOU (9) ELEM","lib_etab_2":"TANDOU (16) POLY","lib_etab_3":"JEAN JAURES (160) ELEM","lib_etab_4":null,"adr_etab_1":"9 RUE TANDOU","adr_etab_2":"16 RUE TANDOU","adr_etab_3":"160 AVENUE JEAN JAURES","adr_etab_4":null,"annee_scol":"2025-2026","st_area_shape":723.6772522984592,"st_perimeter_shape":131.16757025235472,"type_etabl":"Elémentaire","geo_point_2d":{"lon":2.3861742267385986,"lat":48.88736936842264}}},{"type":"Feature","geometry":{"coordinates":[[[[2.407738,48.878524],[2.407966,48.877893],[2.40745,48.877605],[2.406658,48.878465],[2.40678,48.878258],[2.406135,48.877956],[2.402257,48.8787],[2.401666,48.879874],[2.401745,48.880797],[2.402103,48.881376],[2.40561,48.880128],[2.407738,48.878524]]],[[[2.406972,48.880646],[2.406885,48.880602],[2.40673,48.880645],[2.405888,48.880877],[2.405943,48.880958],[2.406697,48.880804],[2.406948,48.880752],[2.406972,48.880646]]],[[[2.406331,48.877247],[2.405999,48.877126],[2.405735,48.877653],[2.406331,48.877247]]],[[[2.407844,48.880365],[2.407167,48.880708],[2.408216,48.880493],[2.407844,48.880365]]],[[[2.407723,48.880225],[2.408096,48.880204],[2.408063,48.879846],[2.407416,48.880128],[2.407723,48.880225]]],[[[2.407148,48.877497],[2.406283,48.877896],[2.406537,48.878052],[2.407148,48.877497]]],[[[2.40029,48.879469],[2.399816,48.879641],[2.400165,48.880032],[2.400599,48.879738],[2.40029,48.879469]]],[[[2.401579,48.877574],[2.400429,48.877494],[2.400373,48.877803],[2.401651,48.877961],[2.401579,48.877574]]],[[[2.400849,48.878956],[2.401115,48.878746],[2.400183,48.878628],[2.399883,48.879386],[2.400849,48.878956]]],[[[2.399638,48.879794],[2.39886,48.880193],[2.399969,48.880512],[2.400132,48.880228],[2.399638,48.879794]]],[[[2.401338,48.878674],[2.401634,48.87805],[2.400369,48.877912],[2.400202,48.878521],[2.401338,48.878674]]],[[[2.399058,48.880416],[2.398585,48.880305],[2.397303,48.881141],[2.397569,48.881405],[2.399058,48.880416]]],[[[2.399863,48.878544],[2.398122,48.878396],[2.398965,48.879007],[2.399492,48.879024],[2.399538,48.879508],[2.399863,48.878544]]],[[[2.405634,48.877686],[2.405931,48.877089],[2.405464,48.876984],[2.403497,48.877304],[2.405634,48.877686]]],[[[2.399639,48.87666],[2.399107,48.875632],[2.398017,48.875562],[2.398419,48.8757],[2.398699,48.876597],[2.399639,48.87666]]],[[[2.401894,48.877209],[2.402028,48.876909],[2.399886,48.876823],[2.400205,48.877379],[2.401749,48.877488],[2.401894,48.877209]]],[[[2.40007,48.878428],[2.400252,48.877494],[2.39962,48.876721],[2.398413,48.878238],[2.399076,48.877635],[2.398655,48.878234],[2.40007,48.878428]]],[[[2.402657,48.87825],[2.40507,48.87772],[2.403205,48.877367],[2.401995,48.877598],[2.401742,48.878462],[2.402657,48.87825]]],[[[2.404239,48.877034],[2.40512,48.876813],[2.40261,48.876082],[2.402385,48.876543],[2.402818,48.876641],[2.402373,48.876555],[2.40195,48.877479],[2.404239,48.877034]]],[[[2.402231,48.87645],[2.402406,48.876039],[2.399354,48.875708],[2.399885,48.876769],[2.40206,48.876882],[2.402231,48.87645]],[[2.400251,48.876366],[2.400117,48.876363],[2.399989,48.876361],[2.399918,48.876361],[2.399919,48.876363],[2.39991,48.876362],[2.399909,48.876356],[2.399888,48.876351],[2.399861,48.876347],[2.399809,48.876343],[2.399806,48.876335],[2.399796,48.876335],[2.399797,48.876315],[2.39981,48.876316],[2.399814,48.876313],[2.399841,48.876314],[2.399841,48.876312],[2.399841,48.876311],[2.399922,48.876314],[2.399924,48.876326],[2.399925,48.876338],[2.400165,48.876344],[2.400246,48.876336],[2.400247,48.876319],[2.400298,48.876319],[2.400316,48.876286],[2.40032,48.876287],[2.400319,48.876288],[2.400537,48.876311],[2.400545,48.876286],[2.400634,48.876298],[2.40062,48.876353],[2.400603,48.876348],[2.400571,48.876346],[2.400557,48.876347],[2.400554,48.876356],[2.400339,48.876333],[2.400331,48.876367],[2.400305,48.876367],[2.400273,48.876367],[2.400251,48.876366]]],[[[2.409617,48.878308],[2.408485,48.879679],[2.408499,48.880435],[2.409345,48.880263],[2.410683,48.878615],[2.409617,48.878308]]]],"type":"MultiPolygon"},"properties":{"id_projet":"4913","libelle":"G.ROMAINVILLE(57)A/(59)B","zone_commune":1,"etiquette":"Secteur commun des écoles \n57 ROMAINVILLE (57) ELEM A \n59 ROMAINVILLE (59) ELEM B","lib_etab_1":"ROMAINVILLE (57) ELEM A","lib_etab_2":"ROMAINVILLE (59) ELEM B","lib_etab_3":null,"lib_etab_4":null,"adr_etab_1":"57 ROMAINVILLE (57) ELEM A","adr_etab_2":"59 ROMAINVILLE (59) ELEM B","adr_etab_3":null,"adr_etab_4":null,"annee_scol":"2026-2027","st_area_shape":248950.50903089304,"st_perimeter_shape":9333.698719883494,"type_etabl":"Elémentaire","geo_point_2d":{"lon":2.4032888053115737,"lat":48.8785279946466}}},{"type":"Feature","geometry":{"coordinates":[[[[2.368149,48.889566],[2.371134,48.889215],[2.369289,48.886708],[2.367182,48.887371],[2.368149,48.889566]]],[[[2.367102,48.886616],[2.36671,48.88638],[2.366933,48.886756],[2.367102,48.886616]]],[[[2.368842,48.88629],[2.368191,48.886428],[2.368527,48.886744],[2.368983,48.886581],[2.368842,48.88629]]],[[[2.367966,48.886948],[2.368382,48.886797],[2.368038,48.886481],[2.366977,48.886869],[2.36716,48.887238],[2.367966,48.886948]]],[[[2.371702,48.88533],[2.369459,48.884374],[2.371148,48.885403],[2.37103,48.885676],[2.371702,48.88533]]],[[[2.369521,48.885166],[2.368944,48.885316],[2.36949,48.885669],[2.369321,48.886357],[2.370301,48.885873],[2.369521,48.885166]]],[[[2.374395,48.888269],[2.374346,48.888061],[2.375789,48.887562],[2.376197,48.887955],[2.377011,48.887967],[2.375366,48.887233],[2.37374,48.887859],[2.374395,48.888269]]],[[[2.374607,48.886771],[2.373039,48.887314],[2.373627,48.887801],[2.375309,48.887149],[2.374607,48.886771]]],[[[2.373406,48.887094],[2.374359,48.886714],[2.371772,48.885432],[2.371159,48.885755],[2.372978,48.887265],[2.373406,48.887094]]],[[[2.371719,48.886954],[2.370517,48.885969],[2.369429,48.886651],[2.370211,48.887323],[2.371294,48.889073],[2.373507,48.888499],[2.371719,48.886954]]]],"type":"MultiPolygon"},"properties":{"id_projet":"4913","libelle":"G.TANGER(41)A/B","zone_commune":1,"etiquette":"Secteur commun des écoles \n41 TANGER (41) ELEM B \n41 TANGER (41) ELEM A","lib_etab_1":"TANGER (41) ELEM B","lib_etab_2":"TANGER (41) ELEM A","lib_etab_3":null,"lib_etab_4":null,"adr_etab_1":"41 TANGER (41) ELEM B","adr_etab_2":"41 TANGER (41) ELEM A","adr_etab_3":null,"adr_etab_4":null,"annee_scol":"2026-2027","st_area_shape":156713.52473050656,"st_perimeter_shape":5291.875488776006,"type_etabl":"Elémentaire","geo_point_2d":{"lon":2.370871489093297,"lat":48.887508371048725}}},{"type":"Feature","geometry":{"coordinates":[[[2.39255,48.878707],[2.39232,48.878678],[2.392246,48.878843],[2.392241,48.878844],[2.392163,48.878982],[2.392254,48.878969],[2.392267,48.878967],[2.392419,48.878946],[2.392479,48.878812],[2.392501,48.878759],[2.39255,48.878707]]],"type":"Polygon"},"properties":{"id_projet":"ELEMENTAIRES (année scolaire 2021/2022)","libelle":"Z.COMPANS/BRUNET/E. COTTON","zone_commune":1,"etiquette":"Secteur commun des écoles \n106 RUE COMPANS \n7 RUE DU GENERAL BRUNET\n16 RUE EUGENIE COTTON (A)\n16 RUE","lib_etab_1":"COMPANS (106) ELEM A","lib_etab_2":"GENERAL BRUNET (7) ELEM","lib_etab_3":"EUGENIE COTTON (16) ELEM B","lib_etab_4":"EUGENIE COTTON (16) ELEM A","adr_etab_1":"106 RUE COMPANS","adr_etab_2":"7 RUE DU GENERAL BRUNET","adr_etab_3":"16 RUE EUGENIE COTTON (A)","adr_etab_4":"16 RUE EUGENIE COTTON (B)","annee_scol":"2021-2022","st_area_shape":503.5120688628077,"st_perimeter_shape":100.67104677646168,"type_etabl":"Elémentaire","geo_point_2d":{"lon":2.392355988625038,"lat":48.87882870841526}}},{"type":"Feature","geometry":{"coordinates":[[[[2.391158,48.876651],[2.392331,48.876591],[2.391202,48.876591],[2.391009,48.876054],[2.391852,48.875819],[2.391921,48.875532],[2.389677,48.875406],[2.389658,48.876823],[2.391158,48.876651]]],[[[2.385435,48.874053],[2.385364,48.874018],[2.38532,48.87402],[2.38528,48.874126],[2.385333,48.874131],[2.385329,48.874134],[2.385475,48.874206],[2.385583,48.874126],[2.385435,48.874053]]],[[[2.385882,48.874275],[2.385622,48.874204],[2.385752,48.874731],[2.386174,48.874423],[2.385882,48.874275]]],[[[2.387046,48.875368],[2.387361,48.875363],[2.387389,48.874734],[2.386333,48.874497],[2.386204,48.87529],[2.385855,48.875337],[2.387046,48.875368]]],[[[2.389014,48.875414],[2.388754,48.874939],[2.387494,48.874771],[2.387462,48.875571],[2.388979,48.875701],[2.389014,48.875414]]],[[[2.389477,48.875903],[2.389558,48.875364],[2.389189,48.87532],[2.389064,48.876018],[2.389477,48.875903]]],[[[2.388347,48.876097],[2.388938,48.876038],[2.388968,48.875755],[2.387465,48.875639],[2.387634,48.876152],[2.388347,48.876097]]],[[[2.387216,48.876334],[2.387542,48.876303],[2.38736,48.875416],[2.385793,48.875383],[2.386619,48.875675],[2.386134,48.876114],[2.386604,48.876055],[2.386797,48.876459],[2.387216,48.876334]],[[2.387158,48.875612],[2.387166,48.875567],[2.387135,48.875567],[2.387027,48.875567],[2.386842,48.875568],[2.386726,48.875577],[2.386648,48.875584],[2.386626,48.875585],[2.386626,48.875563],[2.386638,48.875561],[2.386661,48.875558],[2.386702,48.875553],[2.386766,48.875545],[2.386781,48.875543],[2.386781,48.875553],[2.387173,48.875549],[2.387173,48.875557],[2.387195,48.875557],[2.387192,48.875612],[2.387158,48.875612]]],[[[2.392189,48.876749],[2.392411,48.876656],[2.392393,48.876648],[2.392334,48.876653],[2.392268,48.876659],[2.392171,48.876667],[2.392046,48.876677],[2.392016,48.87668],[2.392028,48.876733],[2.392056,48.87673],[2.392062,48.876758],[2.392067,48.876758],[2.392189,48.87675],[2.392189,48.876749]]],[[[2.389483,48.876505],[2.3894,48.876174],[2.387679,48.876366],[2.387953,48.877061],[2.389522,48.876862],[2.389483,48.876505]]],[[[2.387584,48.876405],[2.386813,48.876675],[2.38696,48.877094],[2.387741,48.877034],[2.387584,48.876405]]],[[[2.391695,48.877414],[2.391552,48.877174],[2.392029,48.876738],[2.390646,48.876814],[2.3909,48.878219],[2.391205,48.877513],[2.391695,48.877414]]],[[[2.389762,48.878966],[2.389188,48.876981],[2.38796,48.877138],[2.388578,48.877818],[2.388978,48.877769],[2.388571,48.878159],[2.389038,48.878199],[2.388612,48.878397],[2.389096,48.878469],[2.388822,48.878755],[2.389762,48.878966]]],[[[2.390029,48.878943],[2.390195,48.87834],[2.390803,48.87833],[2.390536,48.876801],[2.389294,48.876951],[2.390029,48.878943]]]],"type":"MultiPolygon"},"properties":{"id_projet":"ELEMENTAIRES (année scolaire 2023/2024)","libelle":"FESSART (4) ELEM","zone_commune":0,"etiquette":"Secteur de l'école 4 RUE FESSART","lib_etab_1":"FESSART (4) ELEM","lib_etab_2":null,"lib_etab_3":null,"lib_etab_4":null,"adr_etab_1":"4 RUE FESSART","adr_etab_2":null,"adr_etab_3":null,"adr_etab_4":null,"annee_scol":"2023-2024","st_area_shape":101747.30995077368,"st_perimeter_shape":5776.712388215399,"type_etabl":"Elémentaire","geo_point_2d":{"lon":2.389090350975958,"lat":48.876510487796025}}},{"type":"Feature","geometry":{"coordinates":[[[[2.379604,48.874014],[2.37974,48.873037],[2.378622,48.872692],[2.377639,48.874141],[2.379432,48.874665],[2.379604,48.874014]]],[[[2.378025,48.873052],[2.378234,48.872583],[2.377126,48.872322],[2.376556,48.8728],[2.376806,48.872991],[2.377299,48.872652],[2.37736,48.87305],[2.378025,48.873052]]],[[[2.376223,48.873785],[2.377428,48.874005],[2.377887,48.87327],[2.37714,48.87286],[2.376563,48.873336],[2.376258,48.873067],[2.375438,48.873906],[2.376078,48.874028],[2.376223,48.873785]]],[[[2.376692,48.874033],[2.377023,48.873905],[2.376607,48.873792],[2.376451,48.874043],[2.376692,48.874033]]],[[[2.382893,48.873624],[2.379946,48.872924],[2.379808,48.873883],[2.381532,48.874349],[2.382893,48.873624]]],[[[2.37999,48.874046],[2.379688,48.874726],[2.381458,48.874425],[2.37999,48.874046]]],[[[2.382311,48.874846],[2.382809,48.873923],[2.381369,48.874606],[2.382311,48.874846]]],[[[2.383412,48.873586],[2.383064,48.873556],[2.382436,48.874872],[2.383638,48.874161],[2.384916,48.87386],[2.383412,48.873586]]],[[[2.383307,48.875309],[2.383953,48.874495],[2.38532,48.87402],[2.383407,48.874513],[2.382485,48.875241],[2.383307,48.875309]]],[[[2.381524,48.874763],[2.381237,48.874745],[2.381842,48.875443],[2.382442,48.87499],[2.381524,48.874763]]],[[[2.382203,48.875632],[2.382351,48.875569],[2.382395,48.875579],[2.382505,48.875419],[2.382392,48.875349],[2.38235,48.87535],[2.382048,48.875597],[2.382043,48.875644],[2.382061,48.875647],[2.382096,48.875658],[2.382145,48.875639],[2.382203,48.875632]]],[[[2.381053,48.874751],[2.380634,48.874784],[2.381324,48.875822],[2.381716,48.875513],[2.381053,48.874751]]],[[[2.380619,48.875787],[2.381208,48.875822],[2.380527,48.874797],[2.379804,48.874829],[2.380619,48.875787]]],[[[2.380336,48.875755],[2.379779,48.874911],[2.378929,48.874733],[2.378765,48.875243],[2.379631,48.876179],[2.380336,48.875755]]],[[[2.378647,48.876106],[2.379456,48.876202],[2.378696,48.875375],[2.378281,48.876315],[2.378647,48.876106]]],[[[2.3784,48.875604],[2.378768,48.874709],[2.376971,48.874227],[2.375907,48.874333],[2.376356,48.875013],[2.377695,48.875328],[2.377442,48.875927],[2.377958,48.876125],[2.377962,48.875548],[2.378312,48.875328],[2.378034,48.875661],[2.378089,48.876359],[2.3784,48.875604]]]],"type":"MultiPolygon"},"properties":{"id_projet":"ELEMENTAIRES (année scolaire 2023/2024)","libelle":"G.GENERAL LASALLE/RAMPAL","zone_commune":1,"etiquette":"Secteur commun des écoles \n11 RUE RAMPAL \n1 RUE DU GENERAL LASALLE","lib_etab_1":"RAMPAL (11) ELEM","lib_etab_2":"GENERAL LASALLE (1) ELEM","lib_etab_3":null,"lib_etab_4":null,"adr_etab_1":"11 RUE RAMPAL","adr_etab_2":"1 RUE DU GENERAL LASALLE","adr_etab_3":null,"adr_etab_4":null,"annee_scol":"2023-2024","st_area_shape":138707.49278983963,"st_perimeter_shape":7071.588793870966,"type_etabl":"Elémentaire","geo_point_2d":{"lon":2.379735304526673,"lat":48.87428795815706}}},{"type":"Feature","geometry":{"coordinates":[[[2.374342,48.881772],[2.374207,48.881644],[2.374129,48.881678],[2.374223,48.881769],[2.374267,48.881812],[2.374342,48.881772]]],"type":"Polygon"},"properties":{"id_projet":"ELEMENTAIRES (année scolaire 2023/2024)","libelle":"Z.ARMAND CARREL(43)/SIMON BOLIVAR A ET B(119)","zone_commune":1,"etiquette":"Secteur commun des écoles \n43 RUE ARMAND CARREL \n119 AVENUE SIMON BOLIVAR (EC.B (A)\n119 AVENUE SIMON","lib_etab_1":"ARMAND CARREL (43) ELEM","lib_etab_2":"SIMON BOLIVAR (119) ELEM A","lib_etab_3":"SIMON BOLIVAR (119) ELEM B","lib_etab_4":null,"adr_etab_1":"43 RUE ARMAND CARREL","adr_etab_2":"119 AVENUE SIMON BOLIVAR (EC.B (A)","adr_etab_3":"119 AVENUE SIMON BOLIVAR (EC.B (B)","adr_etab_4":null,"annee_scol":"2023-2024","st_area_shape":122.72758554794068,"st_perimeter_shape":49.23362524969225,"type_etabl":"Elémentaire","geo_point_2d":{"lon":2.374236358688997,"lat":48.881726784351336}}},{"type":"Feature","geometry":{"coordinates":[[[[2.371277,48.893145],[2.370988,48.892706],[2.372516,48.892251],[2.371689,48.891971],[2.37233,48.891845],[2.371196,48.889444],[2.369658,48.889565],[2.3697,48.88983],[2.369613,48.889571],[2.368311,48.889732],[2.370271,48.893938],[2.370863,48.893728],[2.370708,48.89345],[2.371277,48.893145]],[[2.370118,48.891426],[2.370302,48.891383],[2.370462,48.891736],[2.370281,48.891784],[2.370118,48.891426]]],[[[2.373241,48.889096],[2.373729,48.888924],[2.373734,48.888619],[2.372574,48.889],[2.373241,48.889096]]],[[[2.371883,48.88932],[2.37211,48.889195],[2.37214,48.889216],[2.372212,48.889176],[2.372268,48.889218],[2.372291,48.889205],[2.3723,48.889212],[2.372314,48.889204],[2.372336,48.889221],[2.372354,48.889211],[2.372332,48.889194],[2.37237,48.889172],[2.372357,48.889161],[2.372383,48.889145],[2.372378,48.889142],[2.372428,48.88911],[2.372449,48.889124],[2.37249,48.8891],[2.372475,48.889088],[2.372464,48.889081],[2.372458,48.889077],[2.37244,48.889067],[2.372428,48.889061],[2.372417,48.889058],[2.372407,48.889057],[2.372396,48.889056],[2.372386,48.889057],[2.372375,48.889058],[2.372372,48.889058],[2.371693,48.889255],[2.371677,48.889306],[2.371883,48.88932]]],[[[2.372067,48.890064],[2.371617,48.889708],[2.372389,48.891216],[2.37274,48.890862],[2.372067,48.890064]]]],"type":"MultiPolygon"},"properties":{"id_projet":"ELEMENTAIRES (année scolaire 2023/2024)","libelle":"AUBERVILLIERS (132) ELEM","zone_commune":0,"etiquette":"Secteur de l'école 132 RUE D'AUBERVILLIERS","lib_etab_1":"AUBERVILLIERS (132) ELEM","lib_etab_2":null,"lib_etab_3":null,"lib_etab_4":null,"adr_etab_1":"132 RUE D'AUBERVILLIERS","adr_etab_2":null,"adr_etab_3":null,"adr_etab_4":null,"annee_scol":"2023-2024","st_area_shape":90136.41991836202,"st_perimeter_shape":2498.321482702311,"type_etabl":"Elémentaire","geo_point_2d":{"lon":2.370592210815271,"lat":48.891204531916}}},{"type":"Feature","geometry":{"coordinates":[[[[2.389154,48.897348],[2.392167,48.896884],[2.394053,48.895393],[2.386955,48.891994],[2.387317,48.891082],[2.387642,48.891241],[2.387988,48.890923],[2.387097,48.890613],[2.386209,48.892059],[2.387205,48.892477],[2.38643,48.892739],[2.384328,48.896103],[2.385652,48.897329],[2.389154,48.897348]]],[[[2.383666,48.889559],[2.383216,48.889864],[2.383518,48.890011],[2.383666,48.889559]]],[[[2.384621,48.890542],[2.383822,48.889587],[2.383646,48.890133],[2.384621,48.890542]]],[[[2.38297,48.890472],[2.382686,48.890332],[2.382389,48.89059],[2.382412,48.890611],[2.382962,48.890499],[2.38297,48.890472]]],[[[2.385412,48.89056],[2.384968,48.890736],[2.386187,48.891284],[2.386226,48.890826],[2.385412,48.89056]]],[[[2.386495,48.891413],[2.386462,48.891389],[2.386376,48.891346],[2.386326,48.891396],[2.386323,48.891394],[2.386268,48.891448],[2.386355,48.891491],[2.386395,48.891511],[2.386495,48.891413]]],[[[2.384042,48.891005],[2.382556,48.891706],[2.383926,48.892814],[2.384499,48.89129],[2.384042,48.891005]]],[[[2.384993,48.891746],[2.384665,48.891371],[2.384074,48.892932],[2.385238,48.892379],[2.384993,48.891746]]],[[[2.381493,48.892117],[2.383665,48.890873],[2.383026,48.890595],[2.382174,48.890771],[2.379299,48.892296],[2.380125,48.892945],[2.381493,48.892117]]],[[[2.383924,48.893079],[2.383939,48.892985],[2.383857,48.893114],[2.383924,48.893079]]],[[[2.385214,48.89305],[2.385375,48.892443],[2.384242,48.893071],[2.38463,48.893381],[2.385214,48.89305]]],[[[2.385067,48.893287],[2.385034,48.893271],[2.384735,48.893439],[2.384732,48.893466],[2.384855,48.893566],[2.384894,48.893562],[2.385067,48.893287]]],[[[2.384415,48.893379],[2.384069,48.89314],[2.383438,48.893692],[2.3837,48.893907],[2.384415,48.893379]]],[[[2.38009,48.894107],[2.379972,48.894012],[2.379963,48.894017],[2.380088,48.894112],[2.38009,48.894107]]],[[[2.382724,48.893552],[2.383854,48.892928],[2.382364,48.891739],[2.38021,48.893015],[2.381758,48.894229],[2.382724,48.893552]]],[[[2.380269,48.894268],[2.380288,48.894238],[2.380261,48.894251],[2.380221,48.894214],[2.380269,48.894268]]],[[[2.38461,48.893561],[2.383786,48.893977],[2.384352,48.894341],[2.38461,48.893561]]],[[[2.382469,48.895196],[2.382106,48.894897],[2.383519,48.894009],[2.383375,48.893749],[2.381866,48.894309],[2.3823,48.894639],[2.381994,48.895089],[2.382469,48.895196]]],[[[2.383768,48.894132],[2.382553,48.894693],[2.383626,48.895597],[2.384248,48.8946],[2.383768,48.894132]]],[[[2.383235,48.895844],[2.38256,48.89531],[2.382568,48.89565],[2.383235,48.895844]]],[[[2.393607,48.89729],[2.394031,48.895882],[2.392694,48.897068],[2.393607,48.89729]]],[[[2.396289,48.896642],[2.396346,48.896252],[2.394979,48.895993],[2.394645,48.897347],[2.395882,48.897314],[2.396289,48.896642]]],[[[2.392492,48.89736],[2.391955,48.897329],[2.391251,48.897482],[2.39127,48.89755],[2.39142,48.897541],[2.392103,48.897501],[2.39236,48.897486],[2.392491,48.897409],[2.392492,48.89736]]],[[[2.390921,48.898266],[2.390509,48.897594],[2.385973,48.897704],[2.387382,48.898594],[2.390921,48.898266]]]],"type":"MultiPolygon"},"properties":{"id_projet":"ELEMENTAIRES (année scolaire 2023/2024)","libelle":"G.BARBANEGRE(7)A/B","zone_commune":1,"etiquette":"Secteur commun des écoles \n7 RUE BARBANEGRE (A) \n7 RUE BARBANEGRE (B)","lib_etab_1":"BARBANEGRE (7) ELEM B","lib_etab_2":"BARBANEGRE (7) ELEM A","lib_etab_3":null,"lib_etab_4":null,"adr_etab_1":"7 RUE BARBANEGRE (A)","adr_etab_2":"7 RUE BARBANEGRE (B)","adr_etab_3":null,"adr_etab_4":null,"annee_scol":"2023-2024","st_area_shape":431837.0285068161,"st_perimeter_shape":10053.965657367207,"type_etabl":"Elémentaire","geo_point_2d":{"lon":2.387216263165485,"lat":48.894678070733235}}},{"type":"Feature","geometry":{"coordinates":[[[[2.368149,48.889566],[2.371134,48.889215],[2.369289,48.886708],[2.367182,48.887371],[2.368149,48.889566]]],[[[2.371719,48.886954],[2.370517,48.885969],[2.369429,48.886651],[2.370211,48.887323],[2.371294,48.889073],[2.373507,48.888499],[2.371719,48.886954]]],[[[2.373406,48.887094],[2.374359,48.886714],[2.371772,48.885432],[2.371159,48.885755],[2.372978,48.887265],[2.373406,48.887094]]],[[[2.374607,48.886771],[2.373039,48.887314],[2.373627,48.887801],[2.375309,48.887149],[2.374607,48.886771]]],[[[2.374395,48.888269],[2.374346,48.888061],[2.375789,48.887562],[2.376197,48.887955],[2.377011,48.887967],[2.375366,48.887233],[2.37374,48.887859],[2.374395,48.888269]]],[[[2.369521,48.885166],[2.368944,48.885316],[2.36949,48.885669],[2.369321,48.886357],[2.370301,48.885873],[2.369521,48.885166]]],[[[2.371702,48.88533],[2.369459,48.884374],[2.371148,48.885403],[2.37103,48.885676],[2.371702,48.88533]]],[[[2.367966,48.886948],[2.368382,48.886797],[2.368038,48.886481],[2.366977,48.886869],[2.36716,48.887238],[2.367966,48.886948]]],[[[2.368842,48.88629],[2.368191,48.886428],[2.368527,48.886744],[2.368983,48.886581],[2.368842,48.88629]]],[[[2.367102,48.886616],[2.36671,48.88638],[2.366933,48.886756],[2.367102,48.886616]]]],"type":"MultiPolygon"},"properties":{"id_projet":"ELEMENTAIRES (année scolaire 2020/2021)","libelle":"G.TANGER(41)A/B","zone_commune":1,"etiquette":"Secteur commun des écoles \n41 RUE DE TANGER (A) \n41 RUE DE TANGER (B)","lib_etab_1":"TANGER (41) ELEM A","lib_etab_2":"TANGER (41) ELEM B","lib_etab_3":null,"lib_etab_4":null,"adr_etab_1":"41 RUE DE TANGER (A)","adr_etab_2":"41 RUE DE TANGER (B)","adr_etab_3":null,"adr_etab_4":null,"annee_scol":"2020-2021","st_area_shape":156713.52473050662,"st_perimeter_shape":5291.875488776007,"type_etabl":null,"geo_point_2d":{"lon":2.3708714890932994,"lat":48.887508371048725}}},{"type":"Feature","geometry":{"coordinates":[[[[2.397055,48.875616],[2.395354,48.87548],[2.394989,48.876076],[2.395643,48.876706],[2.397833,48.87695],[2.39785,48.875722],[2.397055,48.875616]]],[[[2.393796,48.878139],[2.393439,48.878011],[2.392609,48.879183],[2.396225,48.879529],[2.396079,48.878986],[2.393922,48.878745],[2.394038,48.878281],[2.393796,48.878139]]],[[[2.39543,48.877302],[2.395359,48.876593],[2.3949,48.876251],[2.393772,48.876231],[2.393081,48.87662],[2.393818,48.877129],[2.393635,48.87732],[2.39543,48.877302]]],[[[2.397814,48.878088],[2.397831,48.877006],[2.395648,48.87675],[2.395713,48.877606],[2.397349,48.878046],[2.397492,48.877786],[2.397814,48.878088]]],[[[2.395275,48.877668],[2.39388,48.877574],[2.393585,48.87789],[2.394163,48.878229],[2.394092,48.878702],[2.396024,48.878921],[2.395275,48.877668]]],[[[2.39836,48.878112],[2.398838,48.876601],[2.398419,48.8757],[2.398017,48.875562],[2.398009,48.876121],[2.398234,48.876123],[2.398008,48.876167],[2.397981,48.877868],[2.398225,48.877894],[2.397977,48.878127],[2.39836,48.878112]]],[[[2.397634,48.878883],[2.395668,48.877945],[2.396468,48.879203],[2.398036,48.879251],[2.397634,48.878883]]],[[[2.397772,48.880168],[2.398281,48.88],[2.398132,48.879405],[2.396656,48.879351],[2.396823,48.88027],[2.397772,48.880168]]],[[[2.393916,48.875984],[2.394653,48.87588],[2.394753,48.875483],[2.39247,48.87567],[2.393087,48.876173],[2.393916,48.875984]]],[[[2.392025,48.876448],[2.392348,48.876565],[2.391927,48.875592],[2.391009,48.876054],[2.391202,48.876591],[2.392025,48.876448]]],[[[2.398122,48.878396],[2.398209,48.878946],[2.399526,48.879504],[2.399492,48.879024],[2.398965,48.879007],[2.398122,48.878396]]],[[[2.39288,48.877427],[2.392323,48.877331],[2.392405,48.877804],[2.393303,48.877902],[2.393578,48.877609],[2.39288,48.877427]]],[[[2.396608,48.880255],[2.396452,48.879684],[2.395608,48.879604],[2.395728,48.879936],[2.396173,48.879973],[2.39617,48.880287],[2.396608,48.880255]]],[[[2.396385,48.880884],[2.39536,48.881072],[2.395531,48.881389],[2.396703,48.881132],[2.396385,48.880884]]],[[[2.398574,48.87935],[2.398262,48.879272],[2.398432,48.879911],[2.399258,48.879667],[2.398574,48.87935]]],[[[2.397848,48.87835],[2.396646,48.878136],[2.397865,48.87879],[2.397848,48.87835]]],[[[2.392508,48.875987],[2.392096,48.875759],[2.392288,48.876341],[2.392902,48.876367],[2.392508,48.875987]]],[[[2.393074,48.879673],[2.393323,48.87938],[2.392365,48.879242],[2.392489,48.879674],[2.393074,48.879673]]],[[[2.397105,48.880866],[2.397147,48.880613],[2.398222,48.880267],[2.396847,48.880497],[2.397105,48.880866]]],[[[2.399084,48.877045],[2.399234,48.876833],[2.398794,48.876966],[2.39856,48.877669],[2.399084,48.877045]]],[[[2.398494,48.878217],[2.39962,48.876721],[2.398528,48.877795],[2.398494,48.878217]]],[[[2.399604,48.876667],[2.39892,48.876603],[2.398832,48.876856],[2.399604,48.876667]]],[[[2.39233,48.876947],[2.392411,48.876656],[2.391947,48.87692],[2.39233,48.876947]]],[[[2.396739,48.880515],[2.396726,48.880507],[2.396617,48.880583],[2.396669,48.880788],[2.396673,48.880804],[2.396679,48.880827],[2.396758,48.880824],[2.396767,48.880824],[2.396816,48.880795],[2.396748,48.880548],[2.396739,48.880515]]],[[[2.394022,48.879633],[2.394197,48.879516],[2.393845,48.879462],[2.394022,48.879633]]],[[[2.393503,48.879407],[2.393453,48.879399],[2.393508,48.879495],[2.393572,48.879497],[2.393601,48.879499],[2.3936,48.879509],[2.393625,48.87951],[2.393682,48.879513],[2.393768,48.87945],[2.393611,48.879425],[2.393503,48.879407]]],[[[2.394865,48.879595],[2.394725,48.879594],[2.394782,48.879656],[2.394886,48.879661],[2.394886,48.879663],[2.395015,48.879671],[2.395042,48.879597],[2.394894,48.879596],[2.394865,48.879595]]],[[[2.394462,48.87956],[2.394314,48.879536],[2.394348,48.879611],[2.394455,48.879617],[2.394452,48.879637],[2.394486,48.879638],[2.39456,48.879642],[2.394622,48.879585],[2.394462,48.87956]]],[[[2.395324,48.879672],[2.395328,48.879641],[2.395451,48.879649],[2.395469,48.879603],[2.395334,48.8796],[2.395192,48.879599],[2.395177,48.879599],[2.395214,48.879665],[2.395324,48.879672]]],[[[2.396835,48.880904],[2.396765,48.880855],[2.396687,48.880898],[2.396675,48.880905],[2.396745,48.880941],[2.396771,48.880955],[2.396826,48.880984],[2.396852,48.880998],[2.396905,48.880954],[2.396835,48.880904]]]],"type":"MultiPolygon"},"properties":{"id_projet":"ELEMENTAIRES (année scolaire 2020/2021)","libelle":"G.EUGENIE COTTON(16)A/B","zone_commune":1,"etiquette":"Secteur commun des écoles \n16 RUE EUGENIE COTTON (A) \n16 RUE EUGENIE COTTON (B)","lib_etab_1":"EUGENIE COTTON (16) ELEM B","lib_etab_2":"EUGENIE COTTON (16) ELEM A","lib_etab_3":null,"lib_etab_4":null,"adr_etab_1":"16 RUE EUGENIE COTTON (A)","adr_etab_2":"16 RUE EUGENIE COTTON (B)","adr_etab_3":null,"adr_etab_4":null,"annee_scol":"2020-2021","st_area_shape":180031.19165512788,"st_perimeter_shape":9292.872161043302,"type_etabl":null,"geo_point_2d":{"lon":2.3957643145738445,"lat":48.877775127010665}}},{"type":"Feature","geometry":{"coordinates":[[[[2.38812,48.879462],[2.387834,48.877275],[2.387309,48.877807],[2.386958,48.877851],[2.386837,48.877437],[2.386305,48.877607],[2.385697,48.878317],[2.385977,48.879406],[2.38812,48.879462]]],[[[2.384184,48.878814],[2.383942,48.87818],[2.38197,48.878408],[2.384183,48.879198],[2.384184,48.878814]]],[[[2.389127,48.878603],[2.388612,48.878397],[2.389068,48.878334],[2.388571,48.878159],[2.388978,48.877769],[2.388578,48.877818],[2.38796,48.877138],[2.388317,48.878662],[2.389127,48.878603]]],[[[2.384966,48.878838],[2.384902,48.87804],[2.384122,48.87814],[2.384391,48.879214],[2.384966,48.878838]]],[[[2.385582,48.877502],[2.387741,48.877034],[2.385945,48.877119],[2.385582,48.877502]]],[[[2.384372,48.877984],[2.385426,48.877908],[2.385177,48.877662],[2.384651,48.87796],[2.383261,48.877828],[2.38309,48.87813],[2.384372,48.877984]]],[[[2.385443,48.878101],[2.384917,48.878039],[2.385116,48.878963],[2.385573,48.878733],[2.385443,48.878101]]],[[[2.391868,48.877401],[2.39233,48.876947],[2.391552,48.877174],[2.391695,48.877414],[2.391205,48.877513],[2.391072,48.878096],[2.391868,48.877401]]],[[[2.389727,48.879],[2.38903,48.878874],[2.388815,48.878705],[2.389034,48.878619],[2.388279,48.878674],[2.388384,48.879141],[2.389727,48.879]]],[[[2.391383,48.879356],[2.391606,48.878804],[2.391237,48.878511],[2.391656,48.878164],[2.390987,48.878488],[2.391383,48.879356]]],[[[2.389804,48.879117],[2.388368,48.879233],[2.388432,48.879459],[2.38944,48.879448],[2.389804,48.879117]]],[[[2.392,48.878136],[2.392405,48.877804],[2.392307,48.877345],[2.391528,48.878028],[2.392,48.878136]]],[[[2.385658,48.878895],[2.384654,48.879273],[2.385627,48.879379],[2.385658,48.878895]]],[[[2.381883,48.878285],[2.382319,48.878237],[2.382319,48.878238],[2.382447,48.878224],[2.382446,48.878222],[2.382802,48.878183],[2.382822,48.878162],[2.382816,48.878162],[2.382544,48.878023],[2.381926,48.878095],[2.381791,48.878261],[2.38183,48.878271],[2.381883,48.878285]]],[[[2.386562,48.879932],[2.386279,48.879861],[2.386229,48.879856],[2.386197,48.879873],[2.386,48.879856],[2.385967,48.880016],[2.386015,48.880027],[2.386061,48.880036],[2.386064,48.880036],[2.386121,48.880043],[2.386269,48.880059],[2.386473,48.880076],[2.386535,48.88008],[2.38655,48.879953],[2.386562,48.879932]]],[[[2.391059,48.878984],[2.390903,48.878638],[2.390612,48.878814],[2.391059,48.878984]]],[[[2.391101,48.879092],[2.390918,48.879185],[2.391217,48.87939],[2.391101,48.879092]]],[[[2.381127,48.878009],[2.381105,48.87797],[2.381107,48.877969],[2.381101,48.877958],[2.38111,48.877955],[2.381098,48.877936],[2.381089,48.877938],[2.381082,48.877926],[2.381068,48.877929],[2.381062,48.877919],[2.381026,48.877929],[2.381031,48.877939],[2.381012,48.877944],[2.381027,48.877973],[2.38103,48.877973],[2.381038,48.877987],[2.38104,48.877986],[2.381064,48.878025],[2.381127,48.878009]]],[[[2.388595,48.879773],[2.388592,48.879729],[2.388533,48.879729],[2.38853,48.879727],[2.388458,48.879728],[2.388459,48.879742],[2.388432,48.879742],[2.388432,48.879762],[2.388459,48.879762],[2.388461,48.879777],[2.388595,48.879773]]],[[[2.384688,48.87788],[2.38469,48.877872],[2.384688,48.877879],[2.384688,48.87788]]]],"type":"MultiPolygon"},"properties":{"id_projet":"ELEMENTAIRES (année scolaire 2021/2022)","libelle":"VILLETTE (61) ELEM","zone_commune":0,"etiquette":"Secteur de l'école 61 RUE DE LA VILLETTE","lib_etab_1":"VILLETTE (61) ELEM","lib_etab_2":null,"lib_etab_3":null,"lib_etab_4":null,"adr_etab_1":"61 RUE DE LA VILLETTE","adr_etab_2":null,"adr_etab_3":null,"adr_etab_4":null,"annee_scol":"2021-2022","st_area_shape":88937.46054858106,"st_perimeter_shape":5796.463193464428,"type_etabl":"Elémentaire","geo_point_2d":{"lon":2.386804102561799,"lat":48.87843946965063}}},{"type":"Feature","geometry":{"coordinates":[[[[2.376782,48.893578],[2.37613,48.893601],[2.37426,48.894626],[2.376313,48.896321],[2.378933,48.89586],[2.37889,48.895503],[2.376782,48.893578]]],[[[2.381209,48.894332],[2.380479,48.894062],[2.380582,48.893872],[2.378926,48.892595],[2.376937,48.893489],[2.378983,48.894266],[2.378517,48.894909],[2.379247,48.895545],[2.381209,48.894332]],[[2.379963,48.894017],[2.379972,48.894012],[2.38009,48.894107],[2.380088,48.894112],[2.379963,48.894017]],[[2.380269,48.894268],[2.380221,48.894214],[2.380261,48.894251],[2.380288,48.894238],[2.380269,48.894268]]],[[[2.379584,48.896308],[2.383073,48.896292],[2.38321,48.896057],[2.380052,48.896051],[2.381345,48.895875],[2.382463,48.895223],[2.381392,48.894551],[2.379453,48.895661],[2.379942,48.895934],[2.376822,48.896727],[2.376994,48.897152],[2.37741,48.897224],[2.376994,48.896893],[2.379584,48.896308]]],[[[2.37351,48.894133],[2.372308,48.895276],[2.375815,48.896197],[2.37351,48.894133]]],[[[2.376443,48.896739],[2.376616,48.896723],[2.376717,48.896716],[2.376361,48.896644],[2.373976,48.896165],[2.373884,48.896144],[2.373847,48.896134],[2.373795,48.89612],[2.373723,48.896097],[2.371902,48.895438],[2.371835,48.89551],[2.371937,48.895565],[2.372508,48.895781],[2.373071,48.895974],[2.37364,48.896168],[2.373891,48.896232],[2.376383,48.896729],[2.37642,48.896737],[2.376428,48.896736],[2.376443,48.896739]]],[[[2.374618,48.894341],[2.375626,48.893763],[2.3751,48.893769],[2.374556,48.894298],[2.373497,48.893811],[2.3742,48.89456],[2.374618,48.894341]]],[[[2.383286,48.89593],[2.382568,48.89565],[2.38256,48.89531],[2.381753,48.89578],[2.383286,48.89593]]]],"type":"MultiPolygon"},"properties":{"id_projet":"ELEMENTAIRES (année scolaire 2021/2022)","libelle":"G.COLETTE MAGNY (17)/(19)","zone_commune":1,"etiquette":"Secteur commun des écoles \n84 RUE CURIAL (A) \n84 RUE CURIAL (B)","lib_etab_1":"COLETTE MAGNY (15) ELEM","lib_etab_2":"COLETTE MAGNY (17) ELEM","lib_etab_3":null,"lib_etab_4":null,"adr_etab_1":"84 RUE CURIAL (A)","adr_etab_2":"84 RUE CURIAL (B)","adr_etab_3":null,"adr_etab_4":null,"annee_scol":"2021-2022","st_area_shape":171764.88562674748,"st_perimeter_shape":6059.354669272971,"type_etabl":"Elémentaire","geo_point_2d":{"lon":2.3776298650298404,"lat":48.89495884766757}}},{"type":"Feature","geometry":{"coordinates":[[[2.376185,48.89854],[2.37124,48.898252],[2.37123,48.89846],[2.376185,48.89854]]],"type":"Polygon"},"properties":{"id_projet":"ELEMENTAIRES (année scolaire 2021/2022)","libelle":"Z. BOLLAERT(53)/MACDONALD(141)","zone_commune":1,"etiquette":"Secteur commun des écoles \n53 RUE EMILE BOLLAERT \n141 BD MACDONALD","lib_etab_1":"EMILE BOLLAERT (53) POLY","lib_etab_2":"MACDONALD (141) POLY","lib_etab_3":null,"lib_etab_4":null,"adr_etab_1":"53 RUE EMILE BOLLAERT","adr_etab_2":"141 BD MACDONALD","adr_etab_3":null,"adr_etab_4":null,"annee_scol":"2021-2022","st_area_shape":7688.50609571474,"st_perimeter_shape":795.9777596163481,"type_etabl":"Elémentaire","geo_point_2d":{"lon":2.3736083044285365,"lat":48.8984116495617}}},{"type":"Feature","geometry":{"coordinates":[[[2.391132,48.888112],[2.391789,48.887204],[2.391506,48.887158],[2.391132,48.888112]]],"type":"Polygon"},"properties":{"id_projet":"ELEMENTAIRES (année scolaire 2022/2023)","libelle":"Z. MANIN(30)/MANIN(40B)/JEAN JAURES(160)","zone_commune":1,"etiquette":"Secteur commun des écoles \n30 RUE MANIN \n40 bis RUE MANIN\n160 AVENUE JEAN JAURES","lib_etab_1":"MANIN (30) ELEM B","lib_etab_2":"MANIN (40B) ELEM","lib_etab_3":"JEAN JAURES (160) ELEM","lib_etab_4":null,"adr_etab_1":"30 RUE MANIN","adr_etab_2":"40 bis RUE MANIN","adr_etab_3":"160 AVENUE JEAN JAURES","adr_etab_4":null,"annee_scol":"2022-2023","st_area_shape":2031.055510961176,"st_perimeter_shape":267.8779237073848,"type_etabl":"Elémentaire","geo_point_2d":{"lon":2.3914537634655084,"lat":48.88760972864151}}},{"type":"Feature","geometry":{"coordinates":[[[[2.374942,48.882335],[2.375914,48.881415],[2.37821,48.881998],[2.378598,48.881582],[2.380155,48.882198],[2.380898,48.881732],[2.376559,48.880595],[2.373978,48.881746],[2.374942,48.882335]]],[[[2.374071,48.880285],[2.374234,48.879382],[2.37302,48.879988],[2.374239,48.879317],[2.374022,48.878476],[2.372965,48.87836],[2.371479,48.878955],[2.373024,48.88066],[2.374071,48.880285]]],[[[2.378709,48.881071],[2.37943,48.880415],[2.378441,48.879103],[2.375995,48.880128],[2.378709,48.881071]]],[[[2.371648,48.881014],[2.371233,48.880586],[2.37066,48.880633],[2.372091,48.879955],[2.370562,48.87856],[2.370522,48.882281],[2.372171,48.881595],[2.371648,48.881014]]],[[[2.375596,48.878651],[2.375842,48.879981],[2.37813,48.878958],[2.375596,48.878651]]],[[[2.371718,48.882733],[2.373658,48.881701],[2.373213,48.881357],[2.370576,48.882501],[2.371324,48.882919],[2.371718,48.882733]]],[[[2.375788,48.877673],[2.375663,48.877308],[2.37618,48.877037],[2.378206,48.876634],[2.375874,48.876867],[2.374197,48.877671],[2.374951,48.877437],[2.374236,48.877849],[2.374361,48.878289],[2.375097,48.878413],[2.375788,48.877673]]],[[[2.378136,48.878753],[2.37775,48.878163],[2.37719,48.87812],[2.377979,48.877723],[2.375938,48.877689],[2.376864,48.878018],[2.376846,48.878261],[2.375397,48.878112],[2.375288,48.878403],[2.378136,48.878753]]],[[[2.373373,48.878073],[2.372436,48.877028],[2.371308,48.877823],[2.370882,48.877771],[2.373373,48.878073]]],[[[2.375527,48.879614],[2.375381,48.878672],[2.374422,48.878543],[2.374503,48.879603],[2.375483,48.879994],[2.375527,48.879614]]],[[[2.376338,48.880491],[2.375674,48.880273],[2.374043,48.881025],[2.374438,48.881411],[2.376338,48.880491]]],[[[2.372246,48.880117],[2.371267,48.880459],[2.371857,48.881068],[2.372705,48.88066],[2.372246,48.880117]]],[[[2.371437,48.878846],[2.372623,48.878321],[2.370975,48.878137],[2.37083,48.878415],[2.371437,48.878846]]],[[[2.371791,48.882868],[2.374408,48.882216],[2.37379,48.881836],[2.371791,48.882868]]],[[[2.378183,48.876846],[2.378157,48.876824],[2.377817,48.876841],[2.377733,48.876845],[2.377637,48.87685],[2.377544,48.876854],[2.377465,48.876858],[2.377383,48.876862],[2.377274,48.876867],[2.377172,48.876871],[2.377071,48.876876],[2.376961,48.876881],[2.376908,48.876884],[2.376836,48.876906],[2.376649,48.876964],[2.376538,48.876999],[2.376462,48.877022],[2.376391,48.877044],[2.37629,48.877075],[2.376231,48.877094],[2.376164,48.877126],[2.376092,48.877159],[2.37602,48.877193],[2.3758,48.877297],[2.375809,48.877323],[2.376074,48.877352],[2.376082,48.877353],[2.376167,48.877362],[2.376206,48.877366],[2.376256,48.877358],[2.376272,48.877353],[2.376365,48.877322],[2.376453,48.877292],[2.376664,48.877223],[2.37675,48.877196],[2.376995,48.877115],[2.377013,48.87711],[2.377486,48.877088],[2.378034,48.877061],[2.378069,48.877044],[2.378155,48.876894],[2.378183,48.876846]]],[[[2.379596,48.880596],[2.378967,48.881145],[2.380408,48.881371],[2.379596,48.880596]]],[[[2.375178,48.88003],[2.374499,48.879818],[2.374154,48.880652],[2.375434,48.880164],[2.375178,48.88003]]],[[[2.372734,48.88073],[2.371908,48.881122],[2.372331,48.881525],[2.373039,48.881218],[2.372734,48.88073]]],[[[2.377782,48.877543],[2.375759,48.8774],[2.376734,48.877713],[2.377782,48.877543]]],[[[2.378009,48.877139],[2.377984,48.877119],[2.377791,48.877128],[2.377761,48.877129],[2.377647,48.877133],[2.377457,48.877143],[2.377349,48.877149],[2.377107,48.877161],[2.377036,48.877164],[2.376913,48.877204],[2.376736,48.877262],[2.37664,48.877293],[2.376414,48.877366],[2.376419,48.877391],[2.376659,48.877417],[2.376753,48.877412],[2.376941,48.877403],[2.377131,48.877393],[2.377363,48.877382],[2.377606,48.87737],[2.377863,48.877358],[2.3779,48.87734],[2.377921,48.877297],[2.377961,48.877224],[2.378009,48.877139]]],[[[2.373966,48.880487],[2.372939,48.880806],[2.373226,48.881137],[2.373966,48.880487]]],[[[2.375869,48.877847],[2.375366,48.878046],[2.37673,48.878177],[2.375869,48.877847]]],[[[2.374283,48.881454],[2.373907,48.881086],[2.373487,48.881274],[2.373864,48.881642],[2.374283,48.881454]]],[[[2.377992,48.877699],[2.378519,48.876821],[2.378352,48.87661],[2.377992,48.877699]]],[[[2.373998,48.87797],[2.37338,48.878223],[2.374055,48.878298],[2.373998,48.87797]]],[[[2.381136,48.88192],[2.381088,48.882236],[2.381561,48.882258],[2.381136,48.88192]]],[[[2.375692,48.882949],[2.375596,48.8829],[2.375592,48.8829],[2.375085,48.883231],[2.375189,48.883297],[2.375692,48.882949]]],[[[2.374939,48.882489],[2.374777,48.882404],[2.374518,48.882271],[2.374442,48.882324],[2.374562,48.882392],[2.374633,48.882488],[2.374659,48.882472],[2.374664,48.882476],[2.374937,48.882502],[2.374939,48.882489]]],[[[2.373939,48.87774],[2.373728,48.877738],[2.373735,48.877777],[2.373746,48.877792],[2.373745,48.877805],[2.373746,48.877807],[2.373954,48.877817],[2.373939,48.87774]]]],"type":"MultiPolygon"},"properties":{"id_projet":"ELEMENTAIRES (année scolaire 2022/2023)","libelle":"G.SIMON BOLIVAR(119)A/B","zone_commune":1,"etiquette":"Secteur commun des écoles \n119 AVENUE SIMON BOLIVAR (EC.B (A) \n119 AVENUE SIMON BOLIVAR (EC.B (B)","lib_etab_1":"SIMON BOLIVAR (119) ELEM A","lib_etab_2":"SIMON BOLIVAR (119) ELEM B","lib_etab_3":null,"lib_etab_4":null,"adr_etab_1":"119 AVENUE SIMON BOLIVAR (EC.B (A)","adr_etab_2":"119 AVENUE SIMON BOLIVAR (EC.B (B)","adr_etab_3":null,"adr_etab_4":null,"annee_scol":"2022-2023","st_area_shape":266213.68441879743,"st_perimeter_shape":12870.344652855096,"type_etabl":"Elémentaire","geo_point_2d":{"lon":2.3748536876406647,"lat":48.87992624148562}}},{"type":"Feature","geometry":{"coordinates":[[[[2.368149,48.889566],[2.371134,48.889215],[2.369289,48.886708],[2.367182,48.887371],[2.368149,48.889566]]],[[[2.371702,48.88533],[2.369459,48.884374],[2.371148,48.885403],[2.37103,48.885676],[2.371702,48.88533]]],[[[2.369521,48.885166],[2.368944,48.885316],[2.36949,48.885669],[2.369321,48.886357],[2.370301,48.885873],[2.369521,48.885166]]],[[[2.368842,48.88629],[2.368191,48.886428],[2.368527,48.886744],[2.368983,48.886581],[2.368842,48.88629]]],[[[2.367102,48.886616],[2.36671,48.88638],[2.366933,48.886756],[2.367102,48.886616]]],[[[2.373406,48.887094],[2.374359,48.886714],[2.371772,48.885432],[2.371159,48.885755],[2.372978,48.887265],[2.373406,48.887094]]],[[[2.367966,48.886948],[2.368382,48.886797],[2.368038,48.886481],[2.366977,48.886869],[2.36716,48.887238],[2.367966,48.886948]]],[[[2.374607,48.886771],[2.373039,48.887314],[2.373627,48.887801],[2.375309,48.887149],[2.374607,48.886771]]],[[[2.374395,48.888269],[2.374346,48.888061],[2.375789,48.887562],[2.376197,48.887955],[2.377011,48.887967],[2.375366,48.887233],[2.37374,48.887859],[2.374395,48.888269]]],[[[2.371719,48.886954],[2.370517,48.885969],[2.369429,48.886651],[2.370211,48.887323],[2.371294,48.889073],[2.373507,48.888499],[2.371719,48.886954]]]],"type":"MultiPolygon"},"properties":{"id_projet":"ELEMENTAIRES (année scolaire 2024/2025)","libelle":"G.TANGER(41)A/B","zone_commune":1,"etiquette":"Secteur commun des écoles \n41 RUE DE TANGER (A) \n41 RUE DE TANGER (B)","lib_etab_1":"TANGER (41) ELEM A","lib_etab_2":"TANGER (41) ELEM B","lib_etab_3":null,"lib_etab_4":null,"adr_etab_1":"41 RUE DE TANGER (A)","adr_etab_2":"41 RUE DE TANGER (B)","adr_etab_3":null,"adr_etab_4":null,"annee_scol":"2024-2025","st_area_shape":156713.52473050656,"st_perimeter_shape":5291.875488776005,"type_etabl":"Elémentaire","geo_point_2d":{"lon":2.3708714890932967,"lat":48.8875083710487}}},{"type":"Feature","geometry":{"coordinates":[[[[2.370774,48.901868],[2.370505,48.901801],[2.370537,48.901865],[2.37077,48.90187],[2.370774,48.901868]]],[[[2.388398,48.901413],[2.388393,48.901407],[2.388297,48.901426],[2.388298,48.901432],[2.388333,48.901425],[2.388341,48.901424],[2.388398,48.901413]]]],"type":"MultiPolygon"},"properties":{"id_projet":"ELEMENTAIRES (année scolaire 2024/2025)","libelle":"Z. BOLLAERT(53)/MACDONALD(118)/MACDONALD(141)","zone_commune":1,"etiquette":"Secteur commun des écoles \n53 RUE EMILE BOLLAERT \n118 BOULEVARD MACDONALD\n141 BOULEVARD MACDONALD","lib_etab_1":"EMILE BOLLAERT (53) POLY","lib_etab_2":"MACDONALD (118) POLY","lib_etab_3":"MACDONALD (141) POLY","lib_etab_4":null,"adr_etab_1":"53 RUE EMILE BOLLAERT","adr_etab_2":"118 BOULEVARD MACDONALD","adr_etab_3":"141 BOULEVARD MACDONALD","adr_etab_4":null,"annee_scol":"2024-2025","st_area_shape":68.36606116754395,"st_perimeter_shape":62.34280373528086,"type_etabl":"Elémentaire","geo_point_2d":{"lon":2.371972008319028,"lat":48.901812454582}}},{"type":"Feature","geometry":{"coordinates":[[[2.374342,48.881772],[2.374207,48.881644],[2.374129,48.881678],[2.374223,48.881769],[2.374267,48.881812],[2.374342,48.881772]]],"type":"Polygon"},"properties":{"id_projet":"4907","libelle":"Z.ARMAND CARREL(43)/SIMON BOLIVAR A ET B(119)","zone_commune":1,"etiquette":"Secteur commun des écoles \n43 RUE ARMAND CARREL \n119 AVENUE SIMON BOLIVAR\n119 AVENUE SIMON BOLIVAR (","lib_etab_1":"ARMAND CARREL (43) ELEM","lib_etab_2":"SIMON BOLIVAR (119) ELEM A","lib_etab_3":"SIMON BOLIVAR (119) ELEM B","lib_etab_4":null,"adr_etab_1":"43 RUE ARMAND CARREL","adr_etab_2":"119 AVENUE SIMON BOLIVAR","adr_etab_3":"119 AVENUE SIMON BOLIVAR (EC.B","adr_etab_4":null,"annee_scol":"2025-2026","st_area_shape":122.72758554794068,"st_perimeter_shape":49.23362524969225,"type_etabl":"Elémentaire","geo_point_2d":{"lon":2.374236358688997,"lat":48.881726784351336}}},{"type":"Feature","geometry":{"coordinates":[[[[2.393687,48.899298],[2.39552,48.898264],[2.395928,48.897603],[2.390509,48.897594],[2.390921,48.898266],[2.387382,48.898594],[2.386829,48.898084],[2.386375,48.898086],[2.388081,48.899703],[2.393687,48.899298]]],[[[2.374505,48.898332],[2.372885,48.898293],[2.372874,48.898494],[2.374475,48.898528],[2.374505,48.898332]]],[[[2.384895,48.898278],[2.385774,48.898156],[2.383991,48.896551],[2.382682,48.898658],[2.384895,48.898278]]],[[[2.38109,48.89967],[2.381475,48.899085],[2.374262,48.89894],[2.375035,48.899712],[2.376135,48.899735],[2.37617,48.898976],[2.376424,48.898981],[2.376389,48.89974],[2.377976,48.899771],[2.378011,48.899013],[2.378167,48.899775],[2.379673,48.899805],[2.379708,48.899047],[2.379864,48.899809],[2.38109,48.89967]]],[[[2.384843,48.899884],[2.384668,48.899593],[2.386253,48.89902],[2.3836,48.899664],[2.386605,48.898916],[2.385889,48.898494],[2.382839,48.899142],[2.381968,48.900026],[2.384843,48.899884]]],[[[2.381205,48.900607],[2.381124,48.900595],[2.381071,48.900688],[2.381151,48.900701],[2.381205,48.900607]]],[[[2.380882,48.900558],[2.380884,48.900527],[2.380599,48.900534],[2.379788,48.900553],[2.380516,48.900672],[2.380463,48.900755],[2.380726,48.900715],[2.380826,48.900651],[2.380882,48.900558]]],[[[2.391218,48.900564],[2.389316,48.900844],[2.390904,48.900843],[2.391218,48.900564]]],[[[2.391,48.901041],[2.391007,48.90094],[2.390711,48.900976],[2.389727,48.901162],[2.389844,48.901236],[2.391,48.901041]]],[[[2.389188,48.901351],[2.389186,48.901263],[2.388298,48.901432],[2.388392,48.901506],[2.389188,48.901351]]],[[[2.388028,48.901577],[2.388097,48.90147],[2.387534,48.901575],[2.387566,48.901667],[2.388028,48.901577]]],[[[2.386552,48.901373],[2.386355,48.901187],[2.385667,48.901687],[2.386552,48.901373]]],[[[2.379654,48.90206],[2.380421,48.900823],[2.377534,48.900528],[2.372537,48.901012],[2.373329,48.901925],[2.379654,48.90206]]],[[[2.384799,48.901044],[2.385485,48.901487],[2.386297,48.900811],[2.386371,48.900127],[2.386091,48.900026],[2.387706,48.899633],[2.386617,48.898927],[2.386382,48.898987],[2.386781,48.899612],[2.383682,48.90052],[2.381361,48.900556],[2.380347,48.902075],[2.384759,48.902101],[2.385294,48.901652],[2.384799,48.901044]]]],"type":"MultiPolygon"},"properties":{"id_projet":"4907","libelle":"MACDONALD (118) POLY","zone_commune":0,"etiquette":"Secteur de l'école 118 BOULEVARD MACDONALD","lib_etab_1":"MACDONALD (118) POLY","lib_etab_2":null,"lib_etab_3":null,"lib_etab_4":null,"adr_etab_1":"118 BOULEVARD MACDONALD","adr_etab_2":null,"adr_etab_3":null,"adr_etab_4":null,"annee_scol":"2025-2026","st_area_shape":344361.5334048185,"st_perimeter_shape":10019.462332673776,"type_etabl":"Elémentaire","geo_point_2d":{"lon":2.384089760656912,"lat":48.89982137164202}}},{"type":"Feature","geometry":{"coordinates":[[[[2.388258,48.892646],[2.394917,48.889665],[2.389221,48.888099],[2.388414,48.889418],[2.387766,48.889564],[2.387097,48.890613],[2.387988,48.890923],[2.387642,48.891241],[2.387317,48.891082],[2.386876,48.89192],[2.388258,48.892646]]],[[[2.386302,48.886836],[2.386261,48.886161],[2.385276,48.886018],[2.385279,48.885745],[2.385038,48.886519],[2.386302,48.886836]]],[[[2.387133,48.886858],[2.387362,48.886338],[2.387019,48.886278],[2.386463,48.886871],[2.387183,48.887079],[2.387133,48.886858]]],[[[2.38881,48.886907],[2.389102,48.886091],[2.388545,48.886561],[2.387865,48.886449],[2.387256,48.887099],[2.388524,48.88743],[2.38881,48.886907]]],[[[2.389508,48.887254],[2.389227,48.88688],[2.389668,48.886995],[2.38993,48.88647],[2.389344,48.886127],[2.388679,48.88747],[2.388995,48.887558],[2.389185,48.887233],[2.389304,48.887585],[2.389508,48.887254]]],[[[2.388454,48.888385],[2.389114,48.887891],[2.386822,48.887291],[2.38634,48.888285],[2.388223,48.888759],[2.388454,48.888385]]],[[[2.388398,48.888919],[2.386351,48.888395],[2.386074,48.888697],[2.388206,48.889362],[2.388398,48.888919]]],[[[2.386542,48.888986],[2.385975,48.888846],[2.385584,48.88943],[2.387254,48.889892],[2.387651,48.889273],[2.386542,48.888986]]],[[[2.385679,48.889623],[2.385281,48.890014],[2.386852,48.890529],[2.387168,48.890032],[2.385679,48.889623]]]],"type":"MultiPolygon"},"properties":{"id_projet":"4907","libelle":"JEAN JAURES (160) ELEM","zone_commune":0,"etiquette":"Secteur de l'école 160 AVENUE JEAN JAURES","lib_etab_1":"JEAN JAURES (160) ELEM","lib_etab_2":null,"lib_etab_3":null,"lib_etab_4":null,"adr_etab_1":"160 AVENUE JEAN JAURES","adr_etab_2":null,"adr_etab_3":null,"adr_etab_4":null,"annee_scol":"2025-2026","st_area_shape":216088.7890790835,"st_perimeter_shape":5360.303387616249,"type_etabl":"Elémentaire","geo_point_2d":{"lon":2.3893812074360086,"lat":48.889619252541884}}},{"type":"Feature","geometry":{"coordinates":[[[[2.384668,48.875907],[2.38525,48.875884],[2.385396,48.87671],[2.385864,48.876724],[2.385686,48.875162],[2.386171,48.874428],[2.385752,48.874731],[2.385622,48.874204],[2.383808,48.875577],[2.383596,48.875853],[2.383913,48.876719],[2.38496,48.876752],[2.384668,48.875907]]],[[[2.385855,48.875337],[2.386204,48.87529],[2.386278,48.874531],[2.385855,48.875337]]],[[[2.383895,48.875368],[2.385475,48.874206],[2.384659,48.874168],[2.3838,48.874611],[2.383307,48.875309],[2.382638,48.875304],[2.38355,48.87571],[2.383895,48.875368]]],[[[2.386506,48.876579],[2.387314,48.876305],[2.386797,48.876459],[2.386604,48.876055],[2.386134,48.876114],[2.386619,48.875675],[2.385792,48.875383],[2.385975,48.876578],[2.386506,48.876579]]],[[[2.383704,48.876465],[2.383476,48.875807],[2.382505,48.875419],[2.382043,48.875644],[2.383069,48.876848],[2.383782,48.876716],[2.383704,48.876465]]],[[[2.385945,48.877119],[2.386925,48.876992],[2.386813,48.876675],[2.387382,48.876462],[2.385385,48.876819],[2.385525,48.877476],[2.385945,48.877119]]],[[[2.381921,48.875746],[2.381334,48.876598],[2.38131,48.877518],[2.382823,48.876881],[2.381921,48.875746]]],[[[2.387362,48.877689],[2.387832,48.877262],[2.386837,48.877437],[2.386958,48.877851],[2.387362,48.877689]]],[[[2.383261,48.877828],[2.384651,48.87796],[2.385177,48.877662],[2.385448,48.877888],[2.385119,48.876866],[2.382582,48.877193],[2.383022,48.878105],[2.383261,48.877828]],[[2.38469,48.877872],[2.384688,48.87788],[2.384688,48.877879],[2.38469,48.877872]]],[[[2.386618,48.877507],[2.385783,48.877616],[2.38581,48.878161],[2.386618,48.877507]]],[[[2.381926,48.878095],[2.382824,48.87816],[2.38228,48.877334],[2.381415,48.877791],[2.381785,48.878259],[2.381926,48.878095]]]],"type":"MultiPolygon"},"properties":{"id_projet":"4907","libelle":"ALOUETTES (5) ELEM","zone_commune":0,"etiquette":"Secteur de l'école 5 RUE DES ALOUETTES","lib_etab_1":"ALOUETTES (5) ELEM","lib_etab_2":null,"lib_etab_3":null,"lib_etab_4":null,"adr_etab_1":"5 RUE DES ALOUETTES","adr_etab_2":null,"adr_etab_3":null,"adr_etab_4":null,"annee_scol":"2025-2026","st_area_shape":102869.1899754879,"st_perimeter_shape":5497.572362979616,"type_etabl":"Elémentaire","geo_point_2d":{"lon":2.3841693303691356,"lat":48.876382234896525}}},{"type":"Feature","geometry":{"coordinates":[[[[2.391672,48.888079],[2.39254,48.886382],[2.390247,48.886213],[2.390543,48.88641],[2.390277,48.88725],[2.389889,48.887195],[2.389428,48.887667],[2.391132,48.888112],[2.391506,48.887158],[2.391789,48.887204],[2.391291,48.888154],[2.391874,48.888306],[2.391672,48.888079]]],[[[2.392074,48.882147],[2.390954,48.882056],[2.391101,48.882361],[2.392074,48.882147]]],[[[2.390687,48.88199],[2.390449,48.88192],[2.390455,48.88193],[2.390484,48.881988],[2.390516,48.882051],[2.390515,48.882052],[2.390732,48.882443],[2.390738,48.882441],[2.390912,48.882403],[2.390759,48.882128],[2.39084,48.882031],[2.390766,48.882013],[2.390687,48.88199]]],[[[2.390618,48.882468],[2.390572,48.882386],[2.390406,48.88242],[2.390449,48.882505],[2.390618,48.882468]]],[[[2.390265,48.882522],[2.388414,48.882045],[2.388095,48.882969],[2.390265,48.882522]]],[[[2.39586,48.883593],[2.395849,48.883591],[2.395733,48.883879],[2.395907,48.883855],[2.39586,48.883593]]],[[[2.396722,48.884026],[2.396594,48.88394],[2.395932,48.884028],[2.395799,48.884214],[2.395814,48.884242],[2.395943,48.884212],[2.396569,48.884062],[2.396722,48.884026]]],[[[2.391276,48.884219],[2.390258,48.883614],[2.390106,48.883781],[2.391276,48.884219]]],[[[2.393808,48.883751],[2.393094,48.883342],[2.391875,48.883904],[2.393607,48.884269],[2.393808,48.883751]]],[[[2.395385,48.884207],[2.394978,48.884132],[2.394868,48.884468],[2.395385,48.884207]]],[[[2.396648,48.884235],[2.396529,48.884216],[2.395944,48.884351],[2.395949,48.884364],[2.395903,48.884375],[2.395919,48.884407],[2.395905,48.88441],[2.395993,48.88457],[2.396645,48.884244],[2.396648,48.884235]]],[[[2.39296,48.884458],[2.392953,48.884241],[2.391441,48.884297],[2.392896,48.884688],[2.39296,48.884458]]],[[[2.395309,48.884719],[2.395573,48.884444],[2.394743,48.884723],[2.395309,48.884719]]],[[[2.394255,48.884832],[2.393168,48.884588],[2.393047,48.88426],[2.392952,48.884695],[2.394255,48.884832]]],[[[2.391604,48.884593],[2.391318,48.884479],[2.391248,48.884555],[2.391743,48.884753],[2.391974,48.884895],[2.392044,48.884836],[2.392034,48.88483],[2.392065,48.884804],[2.391956,48.884749],[2.391885,48.884715],[2.391759,48.884657],[2.391604,48.884593]]],[[[2.393888,48.885549],[2.393883,48.885082],[2.394213,48.88494],[2.392482,48.884796],[2.393958,48.886168],[2.393888,48.885549]]],[[[2.393727,48.886276],[2.392823,48.885278],[2.392098,48.884961],[2.393727,48.886276]]],[[[2.389372,48.887274],[2.388998,48.887553],[2.38929,48.887609],[2.389372,48.887274]]],[[[2.392974,48.888094],[2.393104,48.887755],[2.392839,48.887593],[2.392556,48.888185],[2.392065,48.888355],[2.393046,48.888612],[2.392974,48.888094]]],[[[2.394399,48.888511],[2.393294,48.888621],[2.394417,48.888967],[2.394399,48.888511]]],[[[2.39501,48.889122],[2.395175,48.888998],[2.394798,48.889059],[2.394886,48.888742],[2.394595,48.888689],[2.394434,48.888972],[2.39501,48.889122]]]],"type":"MultiPolygon"},"properties":{"id_projet":"4907","libelle":"MANIN (40B) ELEM","zone_commune":0,"etiquette":"Secteur de l'école 40 bis RUE MANIN","lib_etab_1":"MANIN (40B) ELEM","lib_etab_2":null,"lib_etab_3":null,"lib_etab_4":null,"adr_etab_1":"40 bis RUE MANIN","adr_etab_2":null,"adr_etab_3":null,"adr_etab_4":null,"annee_scol":"2025-2026","st_area_shape":71997.17729788138,"st_perimeter_shape":5837.46479599929,"type_etabl":"Elémentaire","geo_point_2d":{"lon":2.391895026786115,"lat":48.885566013814646}}},{"type":"Feature","geometry":{"coordinates":[[[[2.38812,48.879462],[2.387834,48.877275],[2.387309,48.877807],[2.386958,48.877851],[2.386837,48.877437],[2.386305,48.877607],[2.385697,48.878317],[2.385977,48.879406],[2.38812,48.879462]]],[[[2.385582,48.877502],[2.387741,48.877034],[2.385945,48.877119],[2.385582,48.877502]]],[[[2.384688,48.87788],[2.38469,48.877872],[2.384688,48.877879],[2.384688,48.87788]]],[[[2.381127,48.878009],[2.381105,48.87797],[2.381107,48.877969],[2.381101,48.877958],[2.38111,48.877955],[2.381098,48.877936],[2.381089,48.877938],[2.381082,48.877926],[2.381068,48.877929],[2.381062,48.877919],[2.381026,48.877929],[2.381031,48.877939],[2.381012,48.877944],[2.381027,48.877973],[2.38103,48.877973],[2.381038,48.877987],[2.38104,48.877986],[2.381064,48.878025],[2.381127,48.878009]]],[[[2.391868,48.877401],[2.39233,48.876947],[2.391552,48.877174],[2.391695,48.877414],[2.391205,48.877513],[2.391072,48.878096],[2.391868,48.877401]]],[[[2.392,48.878136],[2.392405,48.877804],[2.392307,48.877345],[2.391528,48.878028],[2.392,48.878136]]],[[[2.384372,48.877984],[2.385426,48.877908],[2.385177,48.877662],[2.384651,48.87796],[2.383261,48.877828],[2.38309,48.87813],[2.384372,48.877984]]],[[[2.381883,48.878285],[2.382319,48.878237],[2.382319,48.878238],[2.382447,48.878224],[2.382446,48.878222],[2.382802,48.878183],[2.382822,48.878162],[2.382816,48.878162],[2.382544,48.878023],[2.381926,48.878095],[2.381791,48.878261],[2.38183,48.878271],[2.381883,48.878285]]],[[[2.389127,48.878603],[2.388612,48.878397],[2.389068,48.878334],[2.388571,48.878159],[2.388978,48.877769],[2.388578,48.877818],[2.38796,48.877138],[2.388317,48.878662],[2.389127,48.878603]]],[[[2.385443,48.878101],[2.384917,48.878039],[2.385116,48.878963],[2.385573,48.878733],[2.385443,48.878101]]],[[[2.391059,48.878984],[2.390903,48.878638],[2.390612,48.878814],[2.391059,48.878984]]],[[[2.389727,48.879],[2.38903,48.878874],[2.388815,48.878705],[2.389034,48.878619],[2.388279,48.878674],[2.388384,48.879141],[2.389727,48.879]]],[[[2.384184,48.878814],[2.383942,48.87818],[2.38197,48.878408],[2.384183,48.879198],[2.384184,48.878814]]],[[[2.384966,48.878838],[2.384902,48.87804],[2.384122,48.87814],[2.384391,48.879214],[2.384966,48.878838]]],[[[2.391383,48.879356],[2.391606,48.878804],[2.391237,48.878511],[2.391656,48.878164],[2.390987,48.878488],[2.391383,48.879356]]],[[[2.391101,48.879092],[2.390918,48.879185],[2.391217,48.87939],[2.391101,48.879092]]],[[[2.385658,48.878895],[2.384654,48.879273],[2.385627,48.879379],[2.385658,48.878895]]],[[[2.389804,48.879117],[2.388368,48.879233],[2.388432,48.879459],[2.38944,48.879448],[2.389804,48.879117]]],[[[2.388595,48.879773],[2.388592,48.879729],[2.388533,48.879729],[2.38853,48.879727],[2.388458,48.879728],[2.388459,48.879742],[2.388432,48.879742],[2.388432,48.879762],[2.388459,48.879762],[2.388461,48.879777],[2.388595,48.879773]]],[[[2.386562,48.879932],[2.386279,48.879861],[2.386229,48.879856],[2.386197,48.879873],[2.386,48.879856],[2.385967,48.880016],[2.386015,48.880027],[2.386061,48.880036],[2.386064,48.880036],[2.386121,48.880043],[2.386269,48.880059],[2.386473,48.880076],[2.386535,48.88008],[2.38655,48.879953],[2.386562,48.879932]]]],"type":"MultiPolygon"},"properties":{"id_projet":"4907","libelle":"VILLETTE (61) ELEM","zone_commune":0,"etiquette":"Secteur de l'école 61 RUE DE LA VILLETTE","lib_etab_1":"VILLETTE (61) ELEM","lib_etab_2":null,"lib_etab_3":null,"lib_etab_4":null,"adr_etab_1":"61 RUE DE LA VILLETTE","adr_etab_2":null,"adr_etab_3":null,"adr_etab_4":null,"annee_scol":"2025-2026","st_area_shape":88937.46054858105,"st_perimeter_shape":5796.463193464428,"type_etabl":"Elémentaire","geo_point_2d":{"lon":2.3868041025618045,"lat":48.878439469650594}}},{"type":"Feature","geometry":{"coordinates":[[[2.37707,48.890502],[2.377652,48.890484],[2.377322,48.890282],[2.37707,48.890502]]],"type":"Polygon"},"properties":{"id_projet":"4907","libelle":"Z.MATHIS/JOMARD/AUBERVILLIERS132","zone_commune":1,"etiquette":"Secteur commun des écoles \n132 RUE D'AUBERVILLIERS \n9 RUE JOMARD\n14 RUE MATHIS","lib_etab_1":"AUBERVILLIERS (132) ELEM","lib_etab_2":"JOMARD (9) ELEM","lib_etab_3":"MATHIS (14) ELEM","lib_etab_4":null,"adr_etab_1":"132 RUE D'AUBERVILLIERS","adr_etab_2":"9 RUE JOMARD","adr_etab_3":"14 RUE MATHIS","adr_etab_4":null,"annee_scol":"2025-2026","st_area_shape":679.7340270613473,"st_perimeter_shape":110.95750394029137,"type_etabl":"Elémentaire","geo_point_2d":{"lon":2.3773675890346366,"lat":48.890446736429695}}},{"type":"Feature","geometry":{"coordinates":[[[[2.397141,48.881524],[2.396697,48.881486],[2.396101,48.882749],[2.395257,48.883207],[2.396913,48.88346],[2.396967,48.883092],[2.39648,48.883006],[2.397141,48.881524]]],[[[2.389841,48.879169],[2.389823,48.879143],[2.389618,48.87923],[2.389609,48.87923],[2.389604,48.879231],[2.38952,48.879238],[2.389378,48.879249],[2.389378,48.879261],[2.38951,48.879422],[2.389584,48.879394],[2.389637,48.879348],[2.389788,48.879216],[2.389841,48.879169]]],[[[2.393062,48.881217],[2.392939,48.881133],[2.392893,48.881139],[2.392828,48.881181],[2.392749,48.881233],[2.392771,48.881332],[2.392784,48.881388],[2.392821,48.881413],[2.39287,48.881418],[2.393015,48.88143],[2.393106,48.881371],[2.393171,48.881329],[2.393193,48.881306],[2.393062,48.881217]]],[[[2.397561,48.881399],[2.397285,48.881033],[2.396964,48.881214],[2.397561,48.881399]]],[[[2.394943,48.883811],[2.395424,48.883517],[2.395018,48.883513],[2.394943,48.883811]]],[[[2.390907,48.878995],[2.390612,48.878814],[2.390857,48.878461],[2.390212,48.879023],[2.390907,48.878995]]],[[[2.390109,48.878936],[2.390789,48.878343],[2.390195,48.87834],[2.390109,48.878936]]],[[[2.393328,48.879745],[2.393375,48.879388],[2.393161,48.879435],[2.392903,48.880107],[2.393277,48.880127],[2.393328,48.879745]]],[[[2.395086,48.879675],[2.394701,48.879593],[2.394634,48.880199],[2.395014,48.880221],[2.395086,48.879675]]],[[[2.395014,48.880993],[2.394587,48.881031],[2.395006,48.881505],[2.395391,48.88142],[2.395014,48.880993]]],[[[2.394654,48.879647],[2.39427,48.87953],[2.394185,48.880177],[2.394579,48.880197],[2.394654,48.879647]]],[[[2.392313,48.880483],[2.391558,48.880875],[2.39182,48.881053],[2.392506,48.880614],[2.392313,48.880483]]],[[[2.395523,48.879689],[2.395136,48.879598],[2.395052,48.880223],[2.395448,48.880246],[2.395523,48.879689]]],[[[2.394218,48.879645],[2.393843,48.879473],[2.393753,48.880153],[2.394148,48.880175],[2.394218,48.879645]]],[[[2.395932,48.884028],[2.396767,48.883786],[2.39586,48.883593],[2.395932,48.884028]]],[[[2.390865,48.88066],[2.390042,48.881146],[2.390415,48.881255],[2.391098,48.880818],[2.390865,48.88066]]],[[[2.394203,48.880357],[2.39406,48.881109],[2.394478,48.880949],[2.394556,48.880377],[2.394203,48.880357]]],[[[2.393797,48.87952],[2.393414,48.879393],[2.393317,48.880129],[2.393714,48.880151],[2.393797,48.87952]]],[[[2.39619,48.880123],[2.395574,48.879604],[2.395487,48.880248],[2.39619,48.880123]]],[[[2.38836,48.881623],[2.388206,48.880774],[2.387948,48.881699],[2.38836,48.881623]]],[[[2.39465,48.880382],[2.39452,48.880933],[2.395744,48.880463],[2.39465,48.880382]]],[[[2.390144,48.882211],[2.388414,48.882045],[2.390265,48.882522],[2.390144,48.882211]]],[[[2.391515,48.879758],[2.391243,48.879583],[2.390443,48.879926],[2.39173,48.88004],[2.391515,48.879758]]],[[[2.392036,48.883416],[2.389929,48.88293],[2.391612,48.883573],[2.392036,48.883416]]],[[[2.392778,48.882185],[2.391561,48.882492],[2.392766,48.882755],[2.393233,48.882296],[2.392778,48.882185]]],[[[2.394768,48.881287],[2.394552,48.881044],[2.39383,48.881228],[2.393632,48.881765],[2.394967,48.881513],[2.394768,48.881287]]],[[[2.390764,48.880166],[2.39153,48.880855],[2.392216,48.880417],[2.390764,48.880166]]],[[[2.390362,48.879801],[2.391218,48.879465],[2.391029,48.879058],[2.390156,48.879124],[2.389786,48.879615],[2.390362,48.879801]]],[[[2.392653,48.879682],[2.392347,48.879244],[2.391514,48.879555],[2.392019,48.880058],[2.392863,48.880104],[2.392915,48.879714],[2.392653,48.879682]]],[[[2.391172,48.880869],[2.390454,48.881267],[2.392616,48.881902],[2.391172,48.880869]]],[[[2.395793,48.880964],[2.396852,48.880998],[2.396726,48.880507],[2.396075,48.880462],[2.394965,48.880886],[2.39543,48.881411],[2.39536,48.881072],[2.395793,48.880964]]],[[[2.390571,48.88077],[2.390806,48.88062],[2.390054,48.880154],[2.389305,48.880929],[2.389743,48.881058],[2.389948,48.880746],[2.389779,48.881068],[2.390001,48.881134],[2.390571,48.88077]]],[[[2.392618,48.882902],[2.391217,48.882528],[2.391273,48.882836],[2.390271,48.882784],[2.392135,48.883327],[2.392618,48.882902]]],[[[2.394535,48.884138],[2.39463,48.883729],[2.392832,48.88294],[2.392549,48.883165],[2.393435,48.883738],[2.394221,48.883806],[2.394191,48.884215],[2.394535,48.884138]]],[[[2.39342,48.882398],[2.392926,48.882846],[2.394712,48.883592],[2.394769,48.883323],[2.39342,48.882398]]],[[[2.394072,48.880739],[2.394123,48.880353],[2.39345,48.880315],[2.393496,48.880682],[2.393418,48.880313],[2.392256,48.880292],[2.393398,48.881067],[2.393664,48.880691],[2.393614,48.881093],[2.39402,48.881125],[2.394072,48.880739]]],[[[2.393518,48.881584],[2.393612,48.881234],[2.392533,48.880633],[2.391849,48.881073],[2.392529,48.881535],[2.392877,48.881052],[2.39328,48.881327],[2.392586,48.881574],[2.39292,48.881801],[2.39341,48.881855],[2.393518,48.881584]]],[[[2.390069,48.881929],[2.390338,48.88135],[2.389981,48.881245],[2.389689,48.88168],[2.389769,48.881183],[2.389322,48.881768],[2.38989,48.881918],[2.389234,48.881798],[2.389717,48.881168],[2.389123,48.881492],[2.389444,48.881088],[2.389219,48.881021],[2.388492,48.881813],[2.390069,48.881929]]],[[[2.390732,48.882443],[2.390449,48.88192],[2.39084,48.882031],[2.390912,48.882403],[2.390954,48.882056],[2.39258,48.881999],[2.390398,48.881367],[2.390057,48.881836],[2.390406,48.88242],[2.390732,48.882443]]],[[[2.394541,48.882247],[2.393489,48.882191],[2.394849,48.883118],[2.396018,48.882411],[2.394541,48.882247]]],[[[2.396396,48.881472],[2.393538,48.882052],[2.396001,48.88228],[2.396396,48.881472]]],[[[2.389416,48.880628],[2.389959,48.880089],[2.389591,48.879793],[2.388402,48.880602],[2.388519,48.881497],[2.389416,48.880628]]],[[[2.392361,48.879077],[2.39232,48.878678],[2.393303,48.877902],[2.392381,48.877801],[2.391406,48.878135],[2.391656,48.878164],[2.391237,48.878511],[2.391606,48.878804],[2.391383,48.879356],[2.392361,48.879077]]]],"type":"MultiPolygon"},"properties":{"id_projet":"4913","libelle":"G.COMPANS(106)/BRUNET(7)","zone_commune":1,"etiquette":"Secteur commun des écoles \n7 GENERAL BRUNET (7) ELEM \n106 COMPANS (106) ELEM A","lib_etab_1":"GENERAL BRUNET (7) ELEM","lib_etab_2":"COMPANS (106) ELEM A","lib_etab_3":null,"lib_etab_4":null,"adr_etab_1":"7 GENERAL BRUNET (7) ELEM","adr_etab_2":"106 COMPANS (106) ELEM A","adr_etab_3":null,"adr_etab_4":null,"annee_scol":"2026-2027","st_area_shape":193352.2739690288,"st_perimeter_shape":14614.645343277278,"type_etabl":"Elémentaire","geo_point_2d":{"lon":2.392737621843737,"lat":48.881219543054975}}},{"type":"Feature","geometry":{"coordinates":[[[[2.38812,48.879462],[2.387834,48.877275],[2.387309,48.877807],[2.386958,48.877851],[2.386837,48.877437],[2.386305,48.877607],[2.385697,48.878317],[2.385977,48.879406],[2.38812,48.879462]]],[[[2.384688,48.87788],[2.38469,48.877872],[2.384688,48.877879],[2.384688,48.87788]]],[[[2.388595,48.879773],[2.388592,48.879729],[2.388533,48.879729],[2.38853,48.879727],[2.388458,48.879728],[2.388459,48.879742],[2.388432,48.879742],[2.388432,48.879762],[2.388459,48.879762],[2.388461,48.879777],[2.388595,48.879773]]],[[[2.381127,48.878009],[2.381105,48.87797],[2.381107,48.877969],[2.381101,48.877958],[2.38111,48.877955],[2.381098,48.877936],[2.381089,48.877938],[2.381082,48.877926],[2.381068,48.877929],[2.381062,48.877919],[2.381026,48.877929],[2.381031,48.877939],[2.381012,48.877944],[2.381027,48.877973],[2.38103,48.877973],[2.381038,48.877987],[2.38104,48.877986],[2.381064,48.878025],[2.381127,48.878009]]],[[[2.391101,48.879092],[2.390918,48.879185],[2.391217,48.87939],[2.391101,48.879092]]],[[[2.391059,48.878984],[2.390903,48.878638],[2.390612,48.878814],[2.391059,48.878984]]],[[[2.386562,48.879932],[2.386279,48.879861],[2.386229,48.879856],[2.386197,48.879873],[2.386,48.879856],[2.385967,48.880016],[2.386015,48.880027],[2.386061,48.880036],[2.386064,48.880036],[2.386121,48.880043],[2.386269,48.880059],[2.386473,48.880076],[2.386535,48.88008],[2.38655,48.879953],[2.386562,48.879932]]],[[[2.381883,48.878285],[2.382319,48.878237],[2.382319,48.878238],[2.382447,48.878224],[2.382446,48.878222],[2.382802,48.878183],[2.382822,48.878162],[2.382816,48.878162],[2.382544,48.878023],[2.381926,48.878095],[2.381791,48.878261],[2.38183,48.878271],[2.381883,48.878285]]],[[[2.385658,48.878895],[2.384654,48.879273],[2.385627,48.879379],[2.385658,48.878895]]],[[[2.392,48.878136],[2.392405,48.877804],[2.392307,48.877345],[2.391528,48.878028],[2.392,48.878136]]],[[[2.389804,48.879117],[2.388368,48.879233],[2.388432,48.879459],[2.38944,48.879448],[2.389804,48.879117]]],[[[2.391383,48.879356],[2.391606,48.878804],[2.391237,48.878511],[2.391656,48.878164],[2.390987,48.878488],[2.391383,48.879356]]],[[[2.389727,48.879],[2.38903,48.878874],[2.388815,48.878705],[2.389034,48.878619],[2.388279,48.878674],[2.388384,48.879141],[2.389727,48.879]]],[[[2.391868,48.877401],[2.39233,48.876947],[2.391552,48.877174],[2.391695,48.877414],[2.391205,48.877513],[2.391072,48.878096],[2.391868,48.877401]]],[[[2.385443,48.878101],[2.384917,48.878039],[2.385116,48.878963],[2.385573,48.878733],[2.385443,48.878101]]],[[[2.384372,48.877984],[2.385426,48.877908],[2.385177,48.877662],[2.384651,48.87796],[2.383261,48.877828],[2.38309,48.87813],[2.384372,48.877984]]],[[[2.385582,48.877502],[2.387741,48.877034],[2.385945,48.877119],[2.385582,48.877502]]],[[[2.384966,48.878838],[2.384902,48.87804],[2.384122,48.87814],[2.384391,48.879214],[2.384966,48.878838]]],[[[2.389127,48.878603],[2.388612,48.878397],[2.389068,48.878334],[2.388571,48.878159],[2.388978,48.877769],[2.388578,48.877818],[2.38796,48.877138],[2.388317,48.878662],[2.389127,48.878603]]],[[[2.384184,48.878814],[2.383942,48.87818],[2.38197,48.878408],[2.384183,48.879198],[2.384184,48.878814]]]],"type":"MultiPolygon"},"properties":{"id_projet":"4913","libelle":"VILLETTE (61) ELEM","zone_commune":0,"etiquette":"Secteur de l'école 61 VILLETTE (61) ELEM","lib_etab_1":"VILLETTE (61) ELEM","lib_etab_2":null,"lib_etab_3":null,"lib_etab_4":null,"adr_etab_1":"61 VILLETTE (61) ELEM","adr_etab_2":null,"adr_etab_3":null,"adr_etab_4":null,"annee_scol":"2026-2027","st_area_shape":88937.46054858106,"st_perimeter_shape":5796.463193464428,"type_etabl":"Elémentaire","geo_point_2d":{"lon":2.386804102561802,"lat":48.878439469650615}}},{"type":"Feature","geometry":{"coordinates":[[[2.39255,48.878707],[2.39232,48.878678],[2.392246,48.878843],[2.392241,48.878844],[2.392163,48.878982],[2.392254,48.878969],[2.392267,48.878967],[2.392419,48.878946],[2.392479,48.878812],[2.392501,48.878759],[2.39255,48.878707]]],"type":"Polygon"},"properties":{"id_projet":"ELEMENTAIRES (année scolaire 2020/2021)","libelle":"Z.COMPANS/BRUNET/E. COTTON","zone_commune":1,"etiquette":"Secteur commun des écoles \n106 RUE COMPANS \n7 RUE DU GENERAL BRUNET\n16 RUE EUGENIE COTTON (A)\n16 RUE","lib_etab_1":"COMPANS (106) ELEM A","lib_etab_2":"GENERAL BRUNET (7) ELEM","lib_etab_3":"EUGENIE COTTON (16) ELEM B","lib_etab_4":"EUGENIE COTTON (16) ELEM A","adr_etab_1":"106 RUE COMPANS","adr_etab_2":"7 RUE DU GENERAL BRUNET","adr_etab_3":"16 RUE EUGENIE COTTON (A)","adr_etab_4":"16 RUE EUGENIE COTTON (B)","annee_scol":"2020-2021","st_area_shape":503.5120688628077,"st_perimeter_shape":100.67104677646168,"type_etabl":null,"geo_point_2d":{"lon":2.392355988625038,"lat":48.87882870841526}}},{"type":"Feature","geometry":{"coordinates":[[[[2.379604,48.874014],[2.37974,48.873037],[2.378622,48.872692],[2.377639,48.874141],[2.379432,48.874665],[2.379604,48.874014]]],[[[2.382893,48.873624],[2.379946,48.872924],[2.379808,48.873883],[2.381532,48.874349],[2.382893,48.873624]]],[[[2.3784,48.875604],[2.378768,48.874709],[2.376971,48.874227],[2.375907,48.874333],[2.376356,48.875013],[2.377695,48.875328],[2.377442,48.875927],[2.377958,48.876125],[2.377962,48.875548],[2.378312,48.875328],[2.378034,48.875661],[2.378089,48.876359],[2.3784,48.875604]]],[[[2.376223,48.873785],[2.377428,48.874005],[2.377887,48.87327],[2.37714,48.87286],[2.376563,48.873336],[2.376258,48.873067],[2.375438,48.873906],[2.376078,48.874028],[2.376223,48.873785]]],[[[2.380336,48.875755],[2.379779,48.874911],[2.378929,48.874733],[2.378765,48.875243],[2.379631,48.876179],[2.380336,48.875755]]],[[[2.383412,48.873586],[2.383064,48.873556],[2.382436,48.874872],[2.383638,48.874161],[2.384916,48.87386],[2.383412,48.873586]]],[[[2.383307,48.875309],[2.383953,48.874495],[2.38532,48.87402],[2.383407,48.874513],[2.382485,48.875241],[2.383307,48.875309]]],[[[2.37999,48.874046],[2.379688,48.874726],[2.381458,48.874425],[2.37999,48.874046]]],[[[2.380619,48.875787],[2.381208,48.875822],[2.380527,48.874797],[2.379804,48.874829],[2.380619,48.875787]]],[[[2.378025,48.873052],[2.378234,48.872583],[2.377126,48.872322],[2.376556,48.8728],[2.376806,48.872991],[2.377299,48.872652],[2.37736,48.87305],[2.378025,48.873052]]],[[[2.382311,48.874846],[2.382809,48.873923],[2.381369,48.874606],[2.382311,48.874846]]],[[[2.381053,48.874751],[2.380634,48.874784],[2.381324,48.875822],[2.381716,48.875513],[2.381053,48.874751]]],[[[2.381524,48.874763],[2.381237,48.874745],[2.381842,48.875443],[2.382442,48.87499],[2.381524,48.874763]]],[[[2.378647,48.876106],[2.379456,48.876202],[2.378696,48.875375],[2.378281,48.876315],[2.378647,48.876106]]],[[[2.376692,48.874033],[2.377023,48.873905],[2.376607,48.873792],[2.376451,48.874043],[2.376692,48.874033]]],[[[2.382203,48.875632],[2.382351,48.875569],[2.382395,48.875579],[2.382505,48.875419],[2.382392,48.875349],[2.38235,48.87535],[2.382048,48.875597],[2.382043,48.875644],[2.382061,48.875647],[2.382096,48.875658],[2.382145,48.875639],[2.382203,48.875632]]]],"type":"MultiPolygon"},"properties":{"id_projet":"ELEMENTAIRES (année scolaire 2020/2021)","libelle":"G.GENERAL LASALLE/RAMPAL","zone_commune":1,"etiquette":"Secteur commun des écoles \n11 RUE RAMPAL \n1 RUE DU GENERAL LASALLE","lib_etab_1":"RAMPAL (11) ELEM","lib_etab_2":"GENERAL LASALLE (1) ELEM","lib_etab_3":null,"lib_etab_4":null,"adr_etab_1":"11 RUE RAMPAL","adr_etab_2":"1 RUE DU GENERAL LASALLE","adr_etab_3":null,"adr_etab_4":null,"annee_scol":"2020-2021","st_area_shape":138707.4927898396,"st_perimeter_shape":7071.588793870966,"type_etabl":null,"geo_point_2d":{"lon":2.3797353045266725,"lat":48.87428795815718}}},{"type":"Feature","geometry":{"coordinates":[[[[2.381815,48.886674],[2.381528,48.886674],[2.382173,48.887208],[2.381815,48.886674]]],[[[2.381716,48.885951],[2.381596,48.88592],[2.381536,48.88602],[2.38153,48.88603],[2.381501,48.886079],[2.381477,48.886119],[2.38145,48.886164],[2.381546,48.88621],[2.381585,48.88615],[2.381595,48.886135],[2.38163,48.886086],[2.381716,48.885951]]]],"type":"MultiPolygon"},"properties":{"id_projet":"ELEMENTAIRES (année scolaire 2020/2021)","libelle":"Z.TANDOU(16)/PIERRE GIRARD(9)/TANDOU(9)","zone_commune":1,"etiquette":"Secteur commun des écoles \n9 RUE TANDOU \n9 RUE PIERRE GIRARD\n16 RUE TANDOU","lib_etab_1":"TANDOU (9) ELEM","lib_etab_2":"PIERRE GIRARD (9) ELEM","lib_etab_3":"TANDOU (16) POLY","lib_etab_4":null,"adr_etab_1":"9 RUE TANDOU","adr_etab_2":"9 RUE PIERRE GIRARD","adr_etab_3":"16 RUE TANDOU","adr_etab_4":null,"annee_scol":"2020-2021","st_area_shape":1210.8606725757209,"st_perimeter_shape":264.73342707003326,"type_etabl":null,"geo_point_2d":{"lon":2.381802576104898,"lat":48.88670276767857}}},{"type":"Feature","geometry":{"coordinates":[[[[2.374942,48.882335],[2.375914,48.881415],[2.37821,48.881998],[2.378598,48.881582],[2.380155,48.882198],[2.380898,48.881732],[2.376559,48.880595],[2.373978,48.881746],[2.374942,48.882335]]],[[[2.374071,48.880285],[2.374234,48.879382],[2.37302,48.879988],[2.374239,48.879317],[2.374022,48.878476],[2.372965,48.87836],[2.371479,48.878955],[2.373024,48.88066],[2.374071,48.880285]]],[[[2.378709,48.881071],[2.37943,48.880415],[2.378441,48.879103],[2.375995,48.880128],[2.378709,48.881071]]],[[[2.371648,48.881014],[2.371233,48.880586],[2.37066,48.880633],[2.372091,48.879955],[2.370562,48.87856],[2.370522,48.882281],[2.372171,48.881595],[2.371648,48.881014]]],[[[2.375596,48.878651],[2.375842,48.879981],[2.37813,48.878958],[2.375596,48.878651]]],[[[2.371718,48.882733],[2.373658,48.881701],[2.373213,48.881357],[2.370576,48.882501],[2.371324,48.882919],[2.371718,48.882733]]],[[[2.375788,48.877673],[2.375663,48.877308],[2.37618,48.877037],[2.378206,48.876634],[2.375874,48.876867],[2.374197,48.877671],[2.374951,48.877437],[2.374236,48.877849],[2.374361,48.878289],[2.375097,48.878413],[2.375788,48.877673]]],[[[2.378136,48.878753],[2.37775,48.878163],[2.37719,48.87812],[2.377979,48.877723],[2.375938,48.877689],[2.376864,48.878018],[2.376846,48.878261],[2.375397,48.878112],[2.375288,48.878403],[2.378136,48.878753]]],[[[2.373373,48.878073],[2.372436,48.877028],[2.371308,48.877823],[2.370882,48.877771],[2.373373,48.878073]]],[[[2.375527,48.879614],[2.375381,48.878672],[2.374422,48.878543],[2.374503,48.879603],[2.375483,48.879994],[2.375527,48.879614]]],[[[2.376338,48.880491],[2.375674,48.880273],[2.374043,48.881025],[2.374438,48.881411],[2.376338,48.880491]]],[[[2.372246,48.880117],[2.371267,48.880459],[2.371857,48.881068],[2.372705,48.88066],[2.372246,48.880117]]],[[[2.371437,48.878846],[2.372623,48.878321],[2.370975,48.878137],[2.37083,48.878415],[2.371437,48.878846]]],[[[2.371791,48.882868],[2.374408,48.882216],[2.37379,48.881836],[2.371791,48.882868]]],[[[2.378183,48.876846],[2.378157,48.876824],[2.377817,48.876841],[2.377733,48.876845],[2.377637,48.87685],[2.377544,48.876854],[2.377465,48.876858],[2.377383,48.876862],[2.377274,48.876867],[2.377172,48.876871],[2.377071,48.876876],[2.376961,48.876881],[2.376908,48.876884],[2.376836,48.876906],[2.376649,48.876964],[2.376538,48.876999],[2.376462,48.877022],[2.376391,48.877044],[2.37629,48.877075],[2.376231,48.877094],[2.376164,48.877126],[2.376092,48.877159],[2.37602,48.877193],[2.3758,48.877297],[2.375809,48.877323],[2.376074,48.877352],[2.376082,48.877353],[2.376167,48.877362],[2.376206,48.877366],[2.376256,48.877358],[2.376272,48.877353],[2.376365,48.877322],[2.376453,48.877292],[2.376664,48.877223],[2.37675,48.877196],[2.376995,48.877115],[2.377013,48.87711],[2.377486,48.877088],[2.378034,48.877061],[2.378069,48.877044],[2.378155,48.876894],[2.378183,48.876846]]],[[[2.379596,48.880596],[2.378967,48.881145],[2.380408,48.881371],[2.379596,48.880596]]],[[[2.375178,48.88003],[2.374499,48.879818],[2.374154,48.880652],[2.375434,48.880164],[2.375178,48.88003]]],[[[2.372734,48.88073],[2.371908,48.881122],[2.372331,48.881525],[2.373039,48.881218],[2.372734,48.88073]]],[[[2.377782,48.877543],[2.375759,48.8774],[2.376734,48.877713],[2.377782,48.877543]]],[[[2.378009,48.877139],[2.377984,48.877119],[2.377791,48.877128],[2.377761,48.877129],[2.377647,48.877133],[2.377457,48.877143],[2.377349,48.877149],[2.377107,48.877161],[2.377036,48.877164],[2.376913,48.877204],[2.376736,48.877262],[2.37664,48.877293],[2.376414,48.877366],[2.376419,48.877391],[2.376659,48.877417],[2.376753,48.877412],[2.376941,48.877403],[2.377131,48.877393],[2.377363,48.877382],[2.377606,48.87737],[2.377863,48.877358],[2.3779,48.87734],[2.377921,48.877297],[2.377961,48.877224],[2.378009,48.877139]]],[[[2.373966,48.880487],[2.372939,48.880806],[2.373226,48.881137],[2.373966,48.880487]]],[[[2.375869,48.877847],[2.375366,48.878046],[2.37673,48.878177],[2.375869,48.877847]]],[[[2.374283,48.881454],[2.373907,48.881086],[2.373487,48.881274],[2.373864,48.881642],[2.374283,48.881454]]],[[[2.377992,48.877699],[2.378519,48.876821],[2.378352,48.87661],[2.377992,48.877699]]],[[[2.373998,48.87797],[2.37338,48.878223],[2.374055,48.878298],[2.373998,48.87797]]],[[[2.381136,48.88192],[2.381088,48.882236],[2.381561,48.882258],[2.381136,48.88192]]],[[[2.375692,48.882949],[2.375596,48.8829],[2.375592,48.8829],[2.375085,48.883231],[2.375189,48.883297],[2.375692,48.882949]]],[[[2.374939,48.882489],[2.374777,48.882404],[2.374518,48.882271],[2.374442,48.882324],[2.374562,48.882392],[2.374633,48.882488],[2.374659,48.882472],[2.374664,48.882476],[2.374937,48.882502],[2.374939,48.882489]]],[[[2.373939,48.87774],[2.373728,48.877738],[2.373735,48.877777],[2.373746,48.877792],[2.373745,48.877805],[2.373746,48.877807],[2.373954,48.877817],[2.373939,48.87774]]]],"type":"MultiPolygon"},"properties":{"id_projet":"ELEMENTAIRES (année scolaire 2020/2021)","libelle":"G.SIMON BOLIVAR(119)A/B","zone_commune":1,"etiquette":"Secteur commun des écoles \n119 AVENUE SIMON BOLIVAR (A) \n119 AVENUE SIMON BOLIVAR (B)","lib_etab_1":"SIMON BOLIVAR (119) ELEM A","lib_etab_2":"SIMON BOLIVAR (119) ELEM B","lib_etab_3":null,"lib_etab_4":null,"adr_etab_1":"119 AVENUE SIMON BOLIVAR (A)","adr_etab_2":"119 AVENUE SIMON BOLIVAR (B)","adr_etab_3":null,"adr_etab_4":null,"annee_scol":"2020-2021","st_area_shape":266213.68441879743,"st_perimeter_shape":12870.344652855096,"type_etabl":null,"geo_point_2d":{"lon":2.3748536876406647,"lat":48.87992624148562}}},{"type":"Feature","geometry":{"coordinates":[[[[2.407738,48.878524],[2.407966,48.877893],[2.40745,48.877605],[2.406658,48.878465],[2.40678,48.878258],[2.406135,48.877956],[2.402257,48.8787],[2.401666,48.879874],[2.401745,48.880797],[2.402103,48.881376],[2.40561,48.880128],[2.407738,48.878524]]],[[[2.409617,48.878308],[2.408485,48.879679],[2.408499,48.880435],[2.409345,48.880263],[2.410683,48.878615],[2.409617,48.878308]]],[[[2.402231,48.87645],[2.402406,48.876039],[2.399354,48.875708],[2.399885,48.876769],[2.40206,48.876882],[2.402231,48.87645]],[[2.400251,48.876366],[2.400117,48.876363],[2.399989,48.876361],[2.399918,48.876361],[2.399919,48.876363],[2.39991,48.876362],[2.399909,48.876356],[2.399888,48.876351],[2.399861,48.876347],[2.399809,48.876343],[2.399806,48.876335],[2.399796,48.876335],[2.399797,48.876315],[2.39981,48.876316],[2.399814,48.876313],[2.399841,48.876314],[2.399841,48.876312],[2.399841,48.876311],[2.399922,48.876314],[2.399924,48.876326],[2.399925,48.876338],[2.400165,48.876344],[2.400246,48.876336],[2.400247,48.876319],[2.400298,48.876319],[2.400316,48.876286],[2.40032,48.876287],[2.400319,48.876288],[2.400537,48.876311],[2.400545,48.876286],[2.400634,48.876298],[2.40062,48.876353],[2.400603,48.876348],[2.400571,48.876346],[2.400557,48.876347],[2.400554,48.876356],[2.400339,48.876333],[2.400331,48.876367],[2.400305,48.876367],[2.400273,48.876367],[2.400251,48.876366]]],[[[2.404239,48.877034],[2.40512,48.876813],[2.40261,48.876082],[2.402385,48.876543],[2.402818,48.876641],[2.402373,48.876555],[2.40195,48.877479],[2.404239,48.877034]]],[[[2.402657,48.87825],[2.40507,48.87772],[2.403205,48.877367],[2.401995,48.877598],[2.401742,48.878462],[2.402657,48.87825]]],[[[2.40007,48.878428],[2.400252,48.877494],[2.39962,48.876721],[2.398413,48.878238],[2.399076,48.877635],[2.398655,48.878234],[2.40007,48.878428]]],[[[2.401894,48.877209],[2.402028,48.876909],[2.399886,48.876823],[2.400205,48.877379],[2.401749,48.877488],[2.401894,48.877209]]],[[[2.399639,48.87666],[2.399107,48.875632],[2.398017,48.875562],[2.398419,48.8757],[2.398699,48.876597],[2.399639,48.87666]]],[[[2.405634,48.877686],[2.405931,48.877089],[2.405464,48.876984],[2.403497,48.877304],[2.405634,48.877686]]],[[[2.399863,48.878544],[2.398122,48.878396],[2.398965,48.879007],[2.399492,48.879024],[2.399538,48.879508],[2.399863,48.878544]]],[[[2.399058,48.880416],[2.398585,48.880305],[2.397303,48.881141],[2.397569,48.881405],[2.399058,48.880416]]],[[[2.401338,48.878674],[2.401634,48.87805],[2.400369,48.877912],[2.400202,48.878521],[2.401338,48.878674]]],[[[2.399638,48.879794],[2.39886,48.880193],[2.399969,48.880512],[2.400132,48.880228],[2.399638,48.879794]]],[[[2.400849,48.878956],[2.401115,48.878746],[2.400183,48.878628],[2.399883,48.879386],[2.400849,48.878956]]],[[[2.401579,48.877574],[2.400429,48.877494],[2.400373,48.877803],[2.401651,48.877961],[2.401579,48.877574]]],[[[2.40029,48.879469],[2.399816,48.879641],[2.400165,48.880032],[2.400599,48.879738],[2.40029,48.879469]]],[[[2.407148,48.877497],[2.406283,48.877896],[2.406537,48.878052],[2.407148,48.877497]]],[[[2.407723,48.880225],[2.408096,48.880204],[2.408063,48.879846],[2.407416,48.880128],[2.407723,48.880225]]],[[[2.407844,48.880365],[2.407167,48.880708],[2.408216,48.880493],[2.407844,48.880365]]],[[[2.406331,48.877247],[2.405999,48.877126],[2.405735,48.877653],[2.406331,48.877247]]],[[[2.406972,48.880646],[2.406885,48.880602],[2.40673,48.880645],[2.405888,48.880877],[2.405943,48.880958],[2.406697,48.880804],[2.406948,48.880752],[2.406972,48.880646]]]],"type":"MultiPolygon"},"properties":{"id_projet":"ELEMENTAIRES (année scolaire 2021/2022)","libelle":"G.ROMAINVILLE(57)A/(59)B","zone_commune":1,"etiquette":"Secteur commun des écoles \n59 RUE DE ROMAINVILLE \n57 RUE DE ROMAINVILLE","lib_etab_1":"ROMAINVILLE (59) ELEM B","lib_etab_2":"ROMAINVILLE (57) ELEM A","lib_etab_3":null,"lib_etab_4":null,"adr_etab_1":"59 RUE DE ROMAINVILLE","adr_etab_2":"57 RUE DE ROMAINVILLE","adr_etab_3":null,"adr_etab_4":null,"annee_scol":"2021-2022","st_area_shape":248950.509030893,"st_perimeter_shape":9333.698719883496,"type_etabl":"Elémentaire","geo_point_2d":{"lon":2.4032888053115746,"lat":48.878527994646554}}},{"type":"Feature","geometry":{"coordinates":[[[2.384942,48.876701],[2.385396,48.87671],[2.38525,48.875884],[2.384754,48.875752],[2.384942,48.876701]]],"type":"Polygon"},"properties":{"id_projet":"ELEMENTAIRES (année scolaire 2021/2022)","libelle":"Z.FESSART/ALOUETTES/VILLETTE","zone_commune":1,"etiquette":"Secteur commun des écoles \n4 RUE FESSART \n5 RUE DES ALOUETTES\n61 RUE DE LA VILLETTE","lib_etab_1":"FESSART (4) ELEM","lib_etab_2":"ALOUETTES (5) ELEM","lib_etab_3":"VILLETTE (61) ELEM","lib_etab_4":null,"adr_etab_1":"4 RUE FESSART","adr_etab_2":"5 RUE DES ALOUETTES","adr_etab_3":"61 RUE DE LA VILLETTE","adr_etab_4":null,"annee_scol":"2021-2022","st_area_shape":3795.816932412156,"st_perimeter_shape":276.91322854943536,"type_etabl":"Elémentaire","geo_point_2d":{"lon":2.3850447360722047,"lat":48.87624162515637}}},{"type":"Feature","geometry":{"coordinates":[[[[2.373962,48.898933],[2.37137,48.898879],[2.371337,48.899639],[2.373926,48.89969],[2.373962,48.898933]]],[[[2.371833,48.90128],[2.37038,48.90148],[2.37077,48.90187],[2.371997,48.901896],[2.371833,48.90128]]],[[[2.373329,48.901925],[2.372537,48.901012],[2.37209,48.901089],[2.372806,48.901913],[2.373329,48.901925]]],[[[2.374262,48.89894],[2.374214,48.899697],[2.375035,48.899712],[2.374262,48.89894]]],[[[2.37123,48.89846],[2.371252,48.898004],[2.370611,48.898295],[2.37123,48.89846]]],[[[2.372611,48.901909],[2.372274,48.901671],[2.372174,48.901702],[2.372159,48.9019],[2.372611,48.901909]]]],"type":"MultiPolygon"},"properties":{"id_projet":"ELEMENTAIRES (année scolaire 2022/2023)","libelle":"EMILE BOLLAERT (53) POLY","zone_commune":0,"etiquette":"Secteur de l'école 53 RUE EMILE BOLLAERT","lib_etab_1":"EMILE BOLLAERT (53) POLY","lib_etab_2":null,"lib_etab_3":null,"lib_etab_4":null,"adr_etab_1":"53 RUE EMILE BOLLAERT","adr_etab_2":null,"adr_etab_3":null,"adr_etab_4":null,"annee_scol":"2022-2023","st_area_shape":31724.548741265437,"st_perimeter_shape":1714.104449995393,"type_etabl":"Elémentaire","geo_point_2d":{"lon":2.372414990657024,"lat":48.90011635284078}}},{"type":"Feature","geometry":{"coordinates":[[[[2.37542,48.889937],[2.373734,48.888619],[2.373263,48.88919],[2.372602,48.88906],[2.37281,48.889457],[2.372282,48.889832],[2.373866,48.890963],[2.375946,48.890589],[2.37542,48.889937]]],[[[2.376449,48.888918],[2.374363,48.888401],[2.375356,48.889217],[2.376124,48.888832],[2.3754,48.889252],[2.376004,48.889727],[2.376449,48.888918]]],[[[2.372685,48.889325],[2.37249,48.8891],[2.37166,48.88936],[2.372191,48.889763],[2.372685,48.889325]]],[[[2.371794,48.889736],[2.372609,48.890491],[2.37274,48.890862],[2.372389,48.891216],[2.373397,48.891048],[2.371794,48.889736]]],[[[2.37523,48.891423],[2.376531,48.890697],[2.374078,48.891111],[2.374833,48.8916],[2.37523,48.891423]]]],"type":"MultiPolygon"},"properties":{"id_projet":"4907","libelle":"MATHIS (14) ELEM","zone_commune":0,"etiquette":"Secteur de l'école 14 RUE MATHIS","lib_etab_1":"MATHIS (14) ELEM","lib_etab_2":null,"lib_etab_3":null,"lib_etab_4":null,"adr_etab_1":"14 RUE MATHIS","adr_etab_2":null,"adr_etab_3":null,"adr_etab_4":null,"annee_scol":"2025-2026","st_area_shape":58494.139217646,"st_perimeter_shape":2794.5817737552675,"type_etabl":"Elémentaire","geo_point_2d":{"lon":2.374193438120934,"lat":48.88997736376546}}},{"type":"Feature","geometry":{"coordinates":[[[[2.379598,48.889946],[2.379462,48.889858],[2.379192,48.890018],[2.379207,48.890183],[2.379228,48.890202],[2.379276,48.890178],[2.37936,48.890135],[2.379426,48.890101],[2.379378,48.89006],[2.37938,48.890059],[2.379598,48.889946]]],[[[2.378708,48.889265],[2.37859,48.889206],[2.378573,48.889208],[2.378577,48.889472],[2.378818,48.88932],[2.378708,48.889265]]],[[[2.378346,48.889715],[2.378127,48.889583],[2.377992,48.889701],[2.37799,48.889703],[2.378192,48.889859],[2.378346,48.889715]]]],"type":"MultiPolygon"},"properties":{"id_projet":"4913","libelle":"Z.MATHIS/JOMARD","zone_commune":1,"etiquette":"Secteur commun des écoles \n14 MATHIS (14) ELEM \n9 JOMARD (9) ELEM","lib_etab_1":"MATHIS (14) ELEM","lib_etab_2":"JOMARD (9) ELEM","lib_etab_3":null,"lib_etab_4":null,"adr_etab_1":"14 MATHIS (14) ELEM","adr_etab_2":"9 JOMARD (9) ELEM","adr_etab_3":null,"adr_etab_4":null,"annee_scol":"2026-2027","st_area_shape":1178.3922246137304,"st_perimeter_shape":263.3052966502349,"type_etabl":"Elémentaire","geo_point_2d":{"lon":2.3787935330791092,"lat":48.889759242139974}}},{"type":"Feature","geometry":{"coordinates":[[[[2.391672,48.888079],[2.39254,48.886382],[2.390247,48.886213],[2.390543,48.88641],[2.390277,48.88725],[2.389889,48.887195],[2.389428,48.887667],[2.391132,48.888112],[2.391506,48.887158],[2.391789,48.887204],[2.391291,48.888154],[2.391874,48.888306],[2.391672,48.888079]]],[[[2.392074,48.882147],[2.390954,48.882056],[2.391101,48.882361],[2.392074,48.882147]]],[[[2.390687,48.88199],[2.390449,48.88192],[2.390455,48.88193],[2.390484,48.881988],[2.390516,48.882051],[2.390515,48.882052],[2.390732,48.882443],[2.390738,48.882441],[2.390912,48.882403],[2.390759,48.882128],[2.39084,48.882031],[2.390766,48.882013],[2.390687,48.88199]]],[[[2.390618,48.882468],[2.390572,48.882386],[2.390406,48.88242],[2.390449,48.882505],[2.390618,48.882468]]],[[[2.390265,48.882522],[2.388414,48.882045],[2.388095,48.882969],[2.390265,48.882522]]],[[[2.39586,48.883593],[2.395849,48.883591],[2.395733,48.883879],[2.395907,48.883855],[2.39586,48.883593]]],[[[2.396722,48.884026],[2.396594,48.88394],[2.395932,48.884028],[2.395799,48.884214],[2.395814,48.884242],[2.395943,48.884212],[2.396569,48.884062],[2.396722,48.884026]]],[[[2.391276,48.884219],[2.390258,48.883614],[2.390106,48.883781],[2.391276,48.884219]]],[[[2.393808,48.883751],[2.393094,48.883342],[2.391875,48.883904],[2.393607,48.884269],[2.393808,48.883751]]],[[[2.395385,48.884207],[2.394978,48.884132],[2.394868,48.884468],[2.395385,48.884207]]],[[[2.396648,48.884235],[2.396529,48.884216],[2.395944,48.884351],[2.395949,48.884364],[2.395903,48.884375],[2.395919,48.884407],[2.395905,48.88441],[2.395993,48.88457],[2.396645,48.884244],[2.396648,48.884235]]],[[[2.39296,48.884458],[2.392953,48.884241],[2.391441,48.884297],[2.392896,48.884688],[2.39296,48.884458]]],[[[2.395309,48.884719],[2.395573,48.884444],[2.394743,48.884723],[2.395309,48.884719]]],[[[2.394255,48.884832],[2.393168,48.884588],[2.393047,48.88426],[2.392952,48.884695],[2.394255,48.884832]]],[[[2.391604,48.884593],[2.391318,48.884479],[2.391248,48.884555],[2.391743,48.884753],[2.391974,48.884895],[2.392044,48.884836],[2.392034,48.88483],[2.392065,48.884804],[2.391956,48.884749],[2.391885,48.884715],[2.391759,48.884657],[2.391604,48.884593]]],[[[2.393888,48.885549],[2.393883,48.885082],[2.394213,48.88494],[2.392482,48.884796],[2.393958,48.886168],[2.393888,48.885549]]],[[[2.393727,48.886276],[2.392823,48.885278],[2.392098,48.884961],[2.393727,48.886276]]],[[[2.389372,48.887274],[2.388998,48.887553],[2.38929,48.887609],[2.389372,48.887274]]],[[[2.392974,48.888094],[2.393104,48.887755],[2.392839,48.887593],[2.392556,48.888185],[2.392065,48.888355],[2.393046,48.888612],[2.392974,48.888094]]],[[[2.394399,48.888511],[2.393294,48.888621],[2.394417,48.888967],[2.394399,48.888511]]],[[[2.39501,48.889122],[2.395175,48.888998],[2.394798,48.889059],[2.394886,48.888742],[2.394595,48.888689],[2.394434,48.888972],[2.39501,48.889122]]]],"type":"MultiPolygon"},"properties":{"id_projet":"ELEMENTAIRES (année scolaire 2023/2024)","libelle":"MANIN (40B) ELEM","zone_commune":0,"etiquette":"Secteur de l'école 40 bis RUE MANIN","lib_etab_1":"MANIN (40B) ELEM","lib_etab_2":null,"lib_etab_3":null,"lib_etab_4":null,"adr_etab_1":"40 bis RUE MANIN","adr_etab_2":null,"adr_etab_3":null,"adr_etab_4":null,"annee_scol":"2023-2024","st_area_shape":71997.17729788138,"st_perimeter_shape":5837.46479599929,"type_etabl":"Elémentaire","geo_point_2d":{"lon":2.391895026786115,"lat":48.885566013814646}}},{"type":"Feature","geometry":{"coordinates":[[[[2.37542,48.889937],[2.373734,48.888619],[2.373263,48.88919],[2.372602,48.88906],[2.37281,48.889457],[2.372282,48.889832],[2.373866,48.890963],[2.375946,48.890589],[2.37542,48.889937]]],[[[2.376449,48.888918],[2.374363,48.888401],[2.375356,48.889217],[2.376124,48.888832],[2.3754,48.889252],[2.376004,48.889727],[2.376449,48.888918]]],[[[2.372685,48.889325],[2.37249,48.8891],[2.37166,48.88936],[2.372191,48.889763],[2.372685,48.889325]]],[[[2.371794,48.889736],[2.372609,48.890491],[2.37274,48.890862],[2.372389,48.891216],[2.373397,48.891048],[2.371794,48.889736]]],[[[2.37523,48.891423],[2.376531,48.890697],[2.374078,48.891111],[2.374833,48.8916],[2.37523,48.891423]]]],"type":"MultiPolygon"},"properties":{"id_projet":"ELEMENTAIRES (année scolaire 2023/2024)","libelle":"MATHIS (14) ELEM","zone_commune":0,"etiquette":"Secteur de l'école 14 RUE MATHIS","lib_etab_1":"MATHIS (14) ELEM","lib_etab_2":null,"lib_etab_3":null,"lib_etab_4":null,"adr_etab_1":"14 RUE MATHIS","adr_etab_2":null,"adr_etab_3":null,"adr_etab_4":null,"annee_scol":"2023-2024","st_area_shape":58494.139217646,"st_perimeter_shape":2794.5817737552675,"type_etabl":"Elémentaire","geo_point_2d":{"lon":2.374193438120934,"lat":48.88997736376546}}},{"type":"Feature","geometry":{"coordinates":[[[[2.397141,48.881524],[2.396697,48.881486],[2.396101,48.882749],[2.395257,48.883207],[2.396913,48.88346],[2.396967,48.883092],[2.39648,48.883006],[2.397141,48.881524]]],[[[2.390907,48.878995],[2.390612,48.878814],[2.390857,48.878461],[2.390212,48.879023],[2.390907,48.878995]]],[[[2.390109,48.878936],[2.390789,48.878343],[2.390195,48.87834],[2.390109,48.878936]]],[[[2.392361,48.879077],[2.39232,48.878678],[2.393303,48.877902],[2.392381,48.877801],[2.391406,48.878135],[2.391656,48.878164],[2.391237,48.878511],[2.391606,48.878804],[2.391383,48.879356],[2.392361,48.879077]]],[[[2.389841,48.879169],[2.389823,48.879143],[2.389618,48.87923],[2.389609,48.87923],[2.389604,48.879231],[2.38952,48.879238],[2.389378,48.879249],[2.389378,48.879261],[2.38951,48.879422],[2.389584,48.879394],[2.389637,48.879348],[2.389788,48.879216],[2.389841,48.879169]]],[[[2.390362,48.879801],[2.391218,48.879465],[2.391029,48.879058],[2.390156,48.879124],[2.389786,48.879615],[2.390362,48.879801]]],[[[2.391515,48.879758],[2.391243,48.879583],[2.390443,48.879926],[2.39173,48.88004],[2.391515,48.879758]]],[[[2.392653,48.879682],[2.392347,48.879244],[2.391514,48.879555],[2.392019,48.880058],[2.392863,48.880104],[2.392915,48.879714],[2.392653,48.879682]]],[[[2.393328,48.879745],[2.393375,48.879388],[2.393161,48.879435],[2.392903,48.880107],[2.393277,48.880127],[2.393328,48.879745]]],[[[2.393797,48.87952],[2.393414,48.879393],[2.393317,48.880129],[2.393714,48.880151],[2.393797,48.87952]]],[[[2.394218,48.879645],[2.393843,48.879473],[2.393753,48.880153],[2.394148,48.880175],[2.394218,48.879645]]],[[[2.394654,48.879647],[2.39427,48.87953],[2.394185,48.880177],[2.394579,48.880197],[2.394654,48.879647]]],[[[2.395086,48.879675],[2.394701,48.879593],[2.394634,48.880199],[2.395014,48.880221],[2.395086,48.879675]]],[[[2.395523,48.879689],[2.395136,48.879598],[2.395052,48.880223],[2.395448,48.880246],[2.395523,48.879689]]],[[[2.39619,48.880123],[2.395574,48.879604],[2.395487,48.880248],[2.39619,48.880123]]],[[[2.390764,48.880166],[2.39153,48.880855],[2.392216,48.880417],[2.390764,48.880166]]],[[[2.39465,48.880382],[2.39452,48.880933],[2.395744,48.880463],[2.39465,48.880382]]],[[[2.392313,48.880483],[2.391558,48.880875],[2.39182,48.881053],[2.392506,48.880614],[2.392313,48.880483]]],[[[2.394203,48.880357],[2.39406,48.881109],[2.394478,48.880949],[2.394556,48.880377],[2.394203,48.880357]]],[[[2.394072,48.880739],[2.394123,48.880353],[2.39345,48.880315],[2.393496,48.880682],[2.393418,48.880313],[2.392256,48.880292],[2.393398,48.881067],[2.393664,48.880691],[2.393614,48.881093],[2.39402,48.881125],[2.394072,48.880739]]],[[[2.390571,48.88077],[2.390806,48.88062],[2.390054,48.880154],[2.389305,48.880929],[2.389743,48.881058],[2.389948,48.880746],[2.389779,48.881068],[2.390001,48.881134],[2.390571,48.88077]]],[[[2.390865,48.88066],[2.390042,48.881146],[2.390415,48.881255],[2.391098,48.880818],[2.390865,48.88066]]],[[[2.397561,48.881399],[2.397285,48.881033],[2.396964,48.881214],[2.397561,48.881399]]],[[[2.395793,48.880964],[2.396852,48.880998],[2.396726,48.880507],[2.396075,48.880462],[2.394965,48.880886],[2.39543,48.881411],[2.39536,48.881072],[2.395793,48.880964]]],[[[2.393062,48.881217],[2.392939,48.881133],[2.392893,48.881139],[2.392828,48.881181],[2.392749,48.881233],[2.392771,48.881332],[2.392784,48.881388],[2.392821,48.881413],[2.39287,48.881418],[2.393015,48.88143],[2.393106,48.881371],[2.393171,48.881329],[2.393193,48.881306],[2.393062,48.881217]]],[[[2.395014,48.880993],[2.394587,48.881031],[2.395006,48.881505],[2.395391,48.88142],[2.395014,48.880993]]],[[[2.389416,48.880628],[2.389959,48.880089],[2.389591,48.879793],[2.388402,48.880602],[2.388519,48.881497],[2.389416,48.880628]]],[[[2.38836,48.881623],[2.388206,48.880774],[2.387948,48.881699],[2.38836,48.881623]]],[[[2.394768,48.881287],[2.394552,48.881044],[2.39383,48.881228],[2.393632,48.881765],[2.394967,48.881513],[2.394768,48.881287]]],[[[2.393518,48.881584],[2.393612,48.881234],[2.392533,48.880633],[2.391849,48.881073],[2.392529,48.881535],[2.392877,48.881052],[2.39328,48.881327],[2.392586,48.881574],[2.39292,48.881801],[2.39341,48.881855],[2.393518,48.881584]]],[[[2.391172,48.880869],[2.390454,48.881267],[2.392616,48.881902],[2.391172,48.880869]]],[[[2.390069,48.881929],[2.390338,48.88135],[2.389981,48.881245],[2.389689,48.88168],[2.389769,48.881183],[2.389322,48.881768],[2.38989,48.881918],[2.389234,48.881798],[2.389717,48.881168],[2.389123,48.881492],[2.389444,48.881088],[2.389219,48.881021],[2.388492,48.881813],[2.390069,48.881929]]],[[[2.396396,48.881472],[2.393538,48.882052],[2.396001,48.88228],[2.396396,48.881472]]],[[[2.390732,48.882443],[2.390449,48.88192],[2.39084,48.882031],[2.390912,48.882403],[2.390954,48.882056],[2.39258,48.881999],[2.390398,48.881367],[2.390057,48.881836],[2.390406,48.88242],[2.390732,48.882443]]],[[[2.390144,48.882211],[2.388414,48.882045],[2.390265,48.882522],[2.390144,48.882211]]],[[[2.392778,48.882185],[2.391561,48.882492],[2.392766,48.882755],[2.393233,48.882296],[2.392778,48.882185]]],[[[2.394541,48.882247],[2.393489,48.882191],[2.394849,48.883118],[2.396018,48.882411],[2.394541,48.882247]]],[[[2.392618,48.882902],[2.391217,48.882528],[2.391273,48.882836],[2.390271,48.882784],[2.392135,48.883327],[2.392618,48.882902]]],[[[2.392036,48.883416],[2.389929,48.88293],[2.391612,48.883573],[2.392036,48.883416]]],[[[2.39342,48.882398],[2.392926,48.882846],[2.394712,48.883592],[2.394769,48.883323],[2.39342,48.882398]]],[[[2.394943,48.883811],[2.395424,48.883517],[2.395018,48.883513],[2.394943,48.883811]]],[[[2.395932,48.884028],[2.396767,48.883786],[2.39586,48.883593],[2.395932,48.884028]]],[[[2.394535,48.884138],[2.39463,48.883729],[2.392832,48.88294],[2.392549,48.883165],[2.393435,48.883738],[2.394221,48.883806],[2.394191,48.884215],[2.394535,48.884138]]]],"type":"MultiPolygon"},"properties":{"id_projet":"ELEMENTAIRES (année scolaire 2023/2024)","libelle":"G.COMPANS(106)/BRUNET(7)","zone_commune":1,"etiquette":"Secteur commun des écoles \n106 RUE COMPANS \n7 RUE DU GENERAL BRUNET","lib_etab_1":"COMPANS (106) ELEM A","lib_etab_2":"GENERAL BRUNET (7) ELEM","lib_etab_3":null,"lib_etab_4":null,"adr_etab_1":"106 RUE COMPANS","adr_etab_2":"7 RUE DU GENERAL BRUNET","adr_etab_3":null,"adr_etab_4":null,"annee_scol":"2023-2024","st_area_shape":193352.27396902876,"st_perimeter_shape":14614.64534327728,"type_etabl":"Elémentaire","geo_point_2d":{"lon":2.3927376218437315,"lat":48.88121954305493}}},{"type":"Feature","geometry":{"coordinates":[[[[2.397055,48.875616],[2.395354,48.87548],[2.394989,48.876076],[2.395643,48.876706],[2.397833,48.87695],[2.39785,48.875722],[2.397055,48.875616]]],[[[2.396835,48.880904],[2.396765,48.880855],[2.396687,48.880898],[2.396675,48.880905],[2.396745,48.880941],[2.396771,48.880955],[2.396826,48.880984],[2.396852,48.880998],[2.396905,48.880954],[2.396835,48.880904]]],[[[2.395324,48.879672],[2.395328,48.879641],[2.395451,48.879649],[2.395469,48.879603],[2.395334,48.8796],[2.395192,48.879599],[2.395177,48.879599],[2.395214,48.879665],[2.395324,48.879672]]],[[[2.394462,48.87956],[2.394314,48.879536],[2.394348,48.879611],[2.394455,48.879617],[2.394452,48.879637],[2.394486,48.879638],[2.39456,48.879642],[2.394622,48.879585],[2.394462,48.87956]]],[[[2.394865,48.879595],[2.394725,48.879594],[2.394782,48.879656],[2.394886,48.879661],[2.394886,48.879663],[2.395015,48.879671],[2.395042,48.879597],[2.394894,48.879596],[2.394865,48.879595]]],[[[2.393503,48.879407],[2.393453,48.879399],[2.393508,48.879495],[2.393572,48.879497],[2.393601,48.879499],[2.3936,48.879509],[2.393625,48.87951],[2.393682,48.879513],[2.393768,48.87945],[2.393611,48.879425],[2.393503,48.879407]]],[[[2.394022,48.879633],[2.394197,48.879516],[2.393845,48.879462],[2.394022,48.879633]]],[[[2.396739,48.880515],[2.396726,48.880507],[2.396617,48.880583],[2.396669,48.880788],[2.396673,48.880804],[2.396679,48.880827],[2.396758,48.880824],[2.396767,48.880824],[2.396816,48.880795],[2.396748,48.880548],[2.396739,48.880515]]],[[[2.39233,48.876947],[2.392411,48.876656],[2.391947,48.87692],[2.39233,48.876947]]],[[[2.399604,48.876667],[2.39892,48.876603],[2.398832,48.876856],[2.399604,48.876667]]],[[[2.398494,48.878217],[2.39962,48.876721],[2.398528,48.877795],[2.398494,48.878217]]],[[[2.399084,48.877045],[2.399234,48.876833],[2.398794,48.876966],[2.39856,48.877669],[2.399084,48.877045]]],[[[2.397105,48.880866],[2.397147,48.880613],[2.398222,48.880267],[2.396847,48.880497],[2.397105,48.880866]]],[[[2.393074,48.879673],[2.393323,48.87938],[2.392365,48.879242],[2.392489,48.879674],[2.393074,48.879673]]],[[[2.392508,48.875987],[2.392096,48.875759],[2.392288,48.876341],[2.392902,48.876367],[2.392508,48.875987]]],[[[2.397848,48.87835],[2.396646,48.878136],[2.397865,48.87879],[2.397848,48.87835]]],[[[2.398574,48.87935],[2.398262,48.879272],[2.398432,48.879911],[2.399258,48.879667],[2.398574,48.87935]]],[[[2.396385,48.880884],[2.39536,48.881072],[2.395531,48.881389],[2.396703,48.881132],[2.396385,48.880884]]],[[[2.396608,48.880255],[2.396452,48.879684],[2.395608,48.879604],[2.395728,48.879936],[2.396173,48.879973],[2.39617,48.880287],[2.396608,48.880255]]],[[[2.39288,48.877427],[2.392323,48.877331],[2.392405,48.877804],[2.393303,48.877902],[2.393578,48.877609],[2.39288,48.877427]]],[[[2.398122,48.878396],[2.398209,48.878946],[2.399526,48.879504],[2.399492,48.879024],[2.398965,48.879007],[2.398122,48.878396]]],[[[2.392025,48.876448],[2.392348,48.876565],[2.391927,48.875592],[2.391009,48.876054],[2.391202,48.876591],[2.392025,48.876448]]],[[[2.393916,48.875984],[2.394653,48.87588],[2.394753,48.875483],[2.39247,48.87567],[2.393087,48.876173],[2.393916,48.875984]]],[[[2.397772,48.880168],[2.398281,48.88],[2.398132,48.879405],[2.396656,48.879351],[2.396823,48.88027],[2.397772,48.880168]]],[[[2.397634,48.878883],[2.395668,48.877945],[2.396468,48.879203],[2.398036,48.879251],[2.397634,48.878883]]],[[[2.39836,48.878112],[2.398838,48.876601],[2.398419,48.8757],[2.398017,48.875562],[2.398009,48.876121],[2.398234,48.876123],[2.398008,48.876167],[2.397981,48.877868],[2.398225,48.877894],[2.397977,48.878127],[2.39836,48.878112]]],[[[2.395275,48.877668],[2.39388,48.877574],[2.393585,48.87789],[2.394163,48.878229],[2.394092,48.878702],[2.396024,48.878921],[2.395275,48.877668]]],[[[2.397814,48.878088],[2.397831,48.877006],[2.395648,48.87675],[2.395713,48.877606],[2.397349,48.878046],[2.397492,48.877786],[2.397814,48.878088]]],[[[2.39543,48.877302],[2.395359,48.876593],[2.3949,48.876251],[2.393772,48.876231],[2.393081,48.87662],[2.393818,48.877129],[2.393635,48.87732],[2.39543,48.877302]]],[[[2.393796,48.878139],[2.393439,48.878011],[2.392609,48.879183],[2.396225,48.879529],[2.396079,48.878986],[2.393922,48.878745],[2.394038,48.878281],[2.393796,48.878139]]]],"type":"MultiPolygon"},"properties":{"id_projet":"4913","libelle":"G.EUGENIE COTTON(16)A/B","zone_commune":1,"etiquette":"Secteur commun des écoles \n16 EUGENIE COTTON (16) ELEM A \n16 EUGENIE COTTON (16) ELEM B","lib_etab_1":"EUGENIE COTTON (16) ELEM A","lib_etab_2":"EUGENIE COTTON (16) ELEM B","lib_etab_3":null,"lib_etab_4":null,"adr_etab_1":"16 EUGENIE COTTON (16) ELEM A","adr_etab_2":"16 EUGENIE COTTON (16) ELEM B","adr_etab_3":null,"adr_etab_4":null,"annee_scol":"2026-2027","st_area_shape":180031.1916551279,"st_perimeter_shape":9292.872161043302,"type_etabl":"Elémentaire","geo_point_2d":{"lon":2.395764314573843,"lat":48.87777512701064}}},{"type":"Feature","geometry":{"coordinates":[[[[2.407738,48.878524],[2.407966,48.877893],[2.40745,48.877605],[2.406658,48.878465],[2.40678,48.878258],[2.406135,48.877956],[2.402257,48.8787],[2.401666,48.879874],[2.401745,48.880797],[2.402103,48.881376],[2.40561,48.880128],[2.407738,48.878524]]],[[[2.409617,48.878308],[2.408485,48.879679],[2.408499,48.880435],[2.409345,48.880263],[2.410683,48.878615],[2.409617,48.878308]]],[[[2.402231,48.87645],[2.402406,48.876039],[2.399354,48.875708],[2.399885,48.876769],[2.40206,48.876882],[2.402231,48.87645]],[[2.400251,48.876366],[2.400117,48.876363],[2.399989,48.876361],[2.399918,48.876361],[2.399919,48.876363],[2.39991,48.876362],[2.399909,48.876356],[2.399888,48.876351],[2.399861,48.876347],[2.399809,48.876343],[2.399806,48.876335],[2.399796,48.876335],[2.399797,48.876315],[2.39981,48.876316],[2.399814,48.876313],[2.399841,48.876314],[2.399841,48.876312],[2.399841,48.876311],[2.399922,48.876314],[2.399924,48.876326],[2.399925,48.876338],[2.400165,48.876344],[2.400246,48.876336],[2.400247,48.876319],[2.400298,48.876319],[2.400316,48.876286],[2.40032,48.876287],[2.400319,48.876288],[2.400537,48.876311],[2.400545,48.876286],[2.400634,48.876298],[2.40062,48.876353],[2.400603,48.876348],[2.400571,48.876346],[2.400557,48.876347],[2.400554,48.876356],[2.400339,48.876333],[2.400331,48.876367],[2.400305,48.876367],[2.400273,48.876367],[2.400251,48.876366]]],[[[2.404239,48.877034],[2.40512,48.876813],[2.40261,48.876082],[2.402385,48.876543],[2.402818,48.876641],[2.402373,48.876555],[2.40195,48.877479],[2.404239,48.877034]]],[[[2.402657,48.87825],[2.40507,48.87772],[2.403205,48.877367],[2.401995,48.877598],[2.401742,48.878462],[2.402657,48.87825]]],[[[2.40007,48.878428],[2.400252,48.877494],[2.39962,48.876721],[2.398413,48.878238],[2.399076,48.877635],[2.398655,48.878234],[2.40007,48.878428]]],[[[2.401894,48.877209],[2.402028,48.876909],[2.399886,48.876823],[2.400205,48.877379],[2.401749,48.877488],[2.401894,48.877209]]],[[[2.399639,48.87666],[2.399107,48.875632],[2.398017,48.875562],[2.398419,48.8757],[2.398699,48.876597],[2.399639,48.87666]]],[[[2.405634,48.877686],[2.405931,48.877089],[2.405464,48.876984],[2.403497,48.877304],[2.405634,48.877686]]],[[[2.399863,48.878544],[2.398122,48.878396],[2.398965,48.879007],[2.399492,48.879024],[2.399538,48.879508],[2.399863,48.878544]]],[[[2.399058,48.880416],[2.398585,48.880305],[2.397303,48.881141],[2.397569,48.881405],[2.399058,48.880416]]],[[[2.401338,48.878674],[2.401634,48.87805],[2.400369,48.877912],[2.400202,48.878521],[2.401338,48.878674]]],[[[2.399638,48.879794],[2.39886,48.880193],[2.399969,48.880512],[2.400132,48.880228],[2.399638,48.879794]]],[[[2.400849,48.878956],[2.401115,48.878746],[2.400183,48.878628],[2.399883,48.879386],[2.400849,48.878956]]],[[[2.401579,48.877574],[2.400429,48.877494],[2.400373,48.877803],[2.401651,48.877961],[2.401579,48.877574]]],[[[2.40029,48.879469],[2.399816,48.879641],[2.400165,48.880032],[2.400599,48.879738],[2.40029,48.879469]]],[[[2.407148,48.877497],[2.406283,48.877896],[2.406537,48.878052],[2.407148,48.877497]]],[[[2.407723,48.880225],[2.408096,48.880204],[2.408063,48.879846],[2.407416,48.880128],[2.407723,48.880225]]],[[[2.407844,48.880365],[2.407167,48.880708],[2.408216,48.880493],[2.407844,48.880365]]],[[[2.406331,48.877247],[2.405999,48.877126],[2.405735,48.877653],[2.406331,48.877247]]],[[[2.406972,48.880646],[2.406885,48.880602],[2.40673,48.880645],[2.405888,48.880877],[2.405943,48.880958],[2.406697,48.880804],[2.406948,48.880752],[2.406972,48.880646]]]],"type":"MultiPolygon"},"properties":{"id_projet":"ELEMENTAIRES (année scolaire 2020/2021)","libelle":"G.ROMAINVILLE(57)A/(59)B","zone_commune":1,"etiquette":"Secteur commun des écoles \n59 RUE DE ROMAINVILLE \n57 RUE DE ROMAINVILLE","lib_etab_1":"ROMAINVILLE (59) ELEM B","lib_etab_2":"ROMAINVILLE (57) ELEM A","lib_etab_3":null,"lib_etab_4":null,"adr_etab_1":"59 RUE DE ROMAINVILLE","adr_etab_2":"57 RUE DE ROMAINVILLE","adr_etab_3":null,"adr_etab_4":null,"annee_scol":"2020-2021","st_area_shape":248950.509030893,"st_perimeter_shape":9333.698719883496,"type_etabl":null,"geo_point_2d":{"lon":2.4032888053115746,"lat":48.878527994646554}}},{"type":"Feature","geometry":{"coordinates":[[[2.386356,48.887248],[2.386294,48.887242],[2.386334,48.887164],[2.386276,48.887149],[2.386219,48.887248],[2.386118,48.887211],[2.385957,48.887499],[2.386193,48.887559],[2.386237,48.887486],[2.386248,48.887468],[2.386251,48.887468],[2.386322,48.887359],[2.386339,48.887335],[2.386353,48.887312],[2.386358,48.887313],[2.386363,48.887305],[2.38639,48.887262],[2.386389,48.887258],[2.386356,48.887249],[2.386356,48.887248]]],"type":"Polygon"},"properties":{"id_projet":"ELEMENTAIRES (année scolaire 2021/2022)","libelle":"TANDOU (9) / TANDOU (16) / JEAN JAURES (160)","zone_commune":1,"etiquette":"Secteur commun des écoles \n9 RUE TANDOU \n16 RUE TANDOU\n160 AVENUE JEAN JAURES","lib_etab_1":"TANDOU (9) ELEM","lib_etab_2":"TANDOU (16) POLY","lib_etab_3":"JEAN JAURES (160) ELEM","lib_etab_4":null,"adr_etab_1":"9 RUE TANDOU","adr_etab_2":"16 RUE TANDOU","adr_etab_3":"160 AVENUE JEAN JAURES","adr_etab_4":null,"annee_scol":"2021-2022","st_area_shape":723.6772522984592,"st_perimeter_shape":131.16757025235472,"type_etabl":"Elémentaire","geo_point_2d":{"lon":2.3861742267385986,"lat":48.88736936842264}}},{"type":"Feature","geometry":{"coordinates":[[[[2.389799,48.885957],[2.390056,48.884464],[2.387548,48.884302],[2.386991,48.885611],[2.389799,48.885957]]],[[[2.392109,48.885115],[2.390343,48.884502],[2.390016,48.885917],[2.390573,48.885764],[2.390873,48.884981],[2.392311,48.885552],[2.392437,48.88597],[2.3932,48.886098],[2.392109,48.885115]]],[[[2.385106,48.885245],[2.38612,48.884885],[2.386241,48.88392],[2.385586,48.883295],[2.385289,48.883321],[2.385168,48.883814],[2.385876,48.884063],[2.385993,48.884838],[2.385566,48.884807],[2.385698,48.884246],[2.385176,48.884193],[2.38482,48.88511],[2.385106,48.885245]]],[[[2.38721,48.882862],[2.387136,48.882219],[2.387846,48.881905],[2.388152,48.88082],[2.386009,48.882692],[2.38721,48.882862]]],[[[2.386569,48.886216],[2.386695,48.885736],[2.384768,48.885368],[2.385195,48.886007],[2.385279,48.885745],[2.385276,48.886018],[2.386261,48.886161],[2.386302,48.886836],[2.386569,48.886216]]],[[[2.387181,48.88468],[2.385473,48.885315],[2.386785,48.885604],[2.387181,48.88468]]],[[[2.392556,48.888185],[2.393206,48.886618],[2.392895,48.886443],[2.392116,48.888254],[2.392556,48.888185]]],[[[2.387459,48.886354],[2.387692,48.885849],[2.38692,48.885732],[2.386482,48.886825],[2.387019,48.886278],[2.387362,48.886338],[2.387197,48.887045],[2.387459,48.886354]]],[[[2.392666,48.886577],[2.392304,48.886509],[2.391672,48.888079],[2.391937,48.88828],[2.392666,48.886577]]],[[[2.383286,48.883809],[2.382789,48.884202],[2.383268,48.884486],[2.383219,48.884925],[2.383902,48.884205],[2.383286,48.883809]]],[[[2.390533,48.883468],[2.389315,48.883096],[2.391152,48.884009],[2.39154,48.883911],[2.390533,48.883468]]],[[[2.389883,48.887212],[2.390277,48.88725],[2.390543,48.88641],[2.390247,48.886213],[2.389446,48.887637],[2.389883,48.887212]]],[[[2.386451,48.884768],[2.387408,48.884224],[2.386419,48.884171],[2.386451,48.884768]]],[[[2.390127,48.884214],[2.3902,48.884132],[2.390235,48.884098],[2.390223,48.884065],[2.389598,48.884158],[2.38959,48.884157],[2.3896,48.884126],[2.38943,48.884102],[2.389203,48.88407],[2.389211,48.884047],[2.389044,48.884024],[2.388819,48.883994],[2.388416,48.88394],[2.388299,48.883924],[2.388295,48.883939],[2.387668,48.884017],[2.387639,48.884084],[2.388194,48.884141],[2.388234,48.884145],[2.390027,48.884326],[2.390097,48.88425],[2.390132,48.884214],[2.390127,48.884214]]],[[[2.386688,48.883552],[2.385933,48.883309],[2.386593,48.883981],[2.38747,48.884068],[2.386688,48.883552]]],[[[2.387534,48.886753],[2.388178,48.885922],[2.387768,48.885861],[2.387534,48.886753]]],[[[2.394248,48.885574],[2.394282,48.885001],[2.393883,48.885082],[2.394072,48.886194],[2.394248,48.885574]]],[[[2.394322,48.884736],[2.393056,48.884262],[2.393168,48.884588],[2.394322,48.884736]]],[[[2.392562,48.884409],[2.392953,48.884241],[2.391756,48.883991],[2.391871,48.88434],[2.392562,48.884409]]],[[[2.393575,48.88622],[2.393384,48.885982],[2.393001,48.885613],[2.393021,48.885604],[2.392886,48.885442],[2.39252,48.885198],[2.392098,48.884961],[2.392044,48.885004],[2.392114,48.885044],[2.392116,48.885064],[2.392131,48.885073],[2.392149,48.885083],[2.392163,48.885091],[2.392181,48.885102],[2.392199,48.885112],[2.392214,48.885121],[2.392236,48.885135],[2.392256,48.885147],[2.392273,48.885158],[2.392306,48.885179],[2.392326,48.885192],[2.392361,48.885215],[2.392381,48.885227],[2.392397,48.885238],[2.392417,48.885251],[2.392434,48.885263],[2.392448,48.885273],[2.392466,48.885285],[2.392485,48.885299],[2.392517,48.885322],[2.392549,48.885346],[2.392569,48.88536],[2.392579,48.885368],[2.392598,48.885383],[2.392615,48.885395],[2.392632,48.885409],[2.392649,48.885422],[2.392679,48.885446],[2.392696,48.88546],[2.392713,48.885473],[2.392742,48.885498],[2.392759,48.885512],[2.392775,48.885525],[2.392788,48.885536],[2.392803,48.885549],[2.392818,48.885563],[2.392834,48.885577],[2.392848,48.885589],[2.392862,48.885602],[2.392882,48.885619],[2.392892,48.885627],[2.392906,48.88564],[2.392918,48.885651],[2.39293,48.885646],[2.393255,48.886004],[2.393274,48.885997],[2.393309,48.886033],[2.393506,48.886319],[2.393517,48.88632],[2.393603,48.886256],[2.393575,48.88622]]],[[[2.391743,48.884753],[2.391248,48.884555],[2.391237,48.884567],[2.390634,48.884334],[2.390613,48.884223],[2.390592,48.884226],[2.390533,48.884292],[2.390492,48.884336],[2.390465,48.88437],[2.390508,48.884374],[2.390504,48.884403],[2.390645,48.884416],[2.39118,48.884629],[2.391526,48.884768],[2.391596,48.884798],[2.391652,48.884824],[2.391702,48.884847],[2.391742,48.884866],[2.391784,48.884887],[2.391824,48.884907],[2.391864,48.884929],[2.391893,48.884944],[2.391907,48.884951],[2.391974,48.884895],[2.391743,48.884753]]],[[[2.384371,48.885293],[2.383777,48.885214],[2.384213,48.885518],[2.384371,48.885293]]],[[[2.383627,48.884855],[2.384223,48.884287],[2.383428,48.884945],[2.383748,48.885026],[2.383627,48.884855]]],[[[2.384222,48.885115],[2.384469,48.885073],[2.384245,48.884895],[2.383879,48.885051],[2.384222,48.885115]]],[[[2.394499,48.884243],[2.394191,48.884215],[2.394393,48.884429],[2.394441,48.884411],[2.394499,48.884243]]],[[[2.383042,48.885005],[2.382781,48.884957],[2.3827,48.885061],[2.382704,48.885062],[2.382697,48.885071],[2.382747,48.885097],[2.382752,48.8851],[2.382765,48.885106],[2.382791,48.88512],[2.383042,48.885005]]],[[[2.383333,48.885268],[2.38344,48.885136],[2.383546,48.885168],[2.383622,48.885112],[2.383521,48.885094],[2.383521,48.885096],[2.383437,48.885081],[2.383411,48.885112],[2.383333,48.885097],[2.383242,48.885117],[2.383333,48.885268]]],[[[2.38779,48.883329],[2.387764,48.883311],[2.3875,48.883439],[2.38754,48.883446],[2.387587,48.883455],[2.387728,48.883482],[2.387748,48.883434],[2.38779,48.883329]]],[[[2.393136,48.886107],[2.393082,48.886102],[2.393081,48.886105],[2.393056,48.886227],[2.393246,48.886266],[2.393136,48.886107]]],[[[2.38443,48.883893],[2.38426,48.883809],[2.384237,48.883845],[2.384229,48.883858],[2.384254,48.883871],[2.384279,48.883884],[2.38438,48.883936],[2.38443,48.883893]]],[[[2.384759,48.885099],[2.384756,48.885072],[2.384649,48.885081],[2.384649,48.885082],[2.384649,48.885084],[2.384649,48.885087],[2.384648,48.885089],[2.384648,48.885094],[2.384648,48.885096],[2.384648,48.885098],[2.384648,48.885101],[2.384648,48.885103],[2.384648,48.885105],[2.384648,48.885108],[2.384648,48.88511],[2.384648,48.885113],[2.384648,48.885116],[2.384648,48.885118],[2.384648,48.885121],[2.384648,48.885124],[2.384648,48.885127],[2.384649,48.885129],[2.384649,48.885132],[2.384649,48.885134],[2.384649,48.885136],[2.384649,48.885138],[2.384649,48.88514],[2.384649,48.885142],[2.384649,48.885143],[2.384649,48.885145],[2.38465,48.885147],[2.38465,48.885149],[2.38465,48.885151],[2.38465,48.885152],[2.38465,48.885154],[2.38465,48.885156],[2.38465,48.885157],[2.384651,48.885159],[2.384764,48.88518],[2.384763,48.885159],[2.384759,48.885099]]]],"type":"MultiPolygon"},"properties":{"id_projet":"ELEMENTAIRES (année scolaire 2021/2022)","libelle":"GOUBET (4) ELEM","zone_commune":0,"etiquette":"Secteur de l'école 4 RUE GOUBET","lib_etab_1":"GOUBET (4) ELEM","lib_etab_2":null,"lib_etab_3":null,"lib_etab_4":null,"adr_etab_1":"4 RUE GOUBET","adr_etab_2":null,"adr_etab_3":null,"adr_etab_4":null,"annee_scol":"2021-2022","st_area_shape":138502.3585641377,"st_perimeter_shape":10493.967311166238,"type_etabl":"Elémentaire","geo_point_2d":{"lon":2.3885452297049508,"lat":48.8850064569393}}},{"type":"Feature","geometry":{"coordinates":[[[[2.367406,48.884953],[2.36596,48.885581],[2.366659,48.886316],[2.368201,48.885729],[2.367406,48.884953]]],[[[2.368558,48.884588],[2.368781,48.884484],[2.368567,48.884311],[2.36779,48.884385],[2.368143,48.884712],[2.368558,48.884588]]],[[[2.36781,48.884593],[2.367045,48.884434],[2.367661,48.885007],[2.36781,48.884593]]],[[[2.366234,48.884854],[2.366615,48.885146],[2.36727,48.884861],[2.366818,48.884424],[2.365001,48.884566],[2.365554,48.885149],[2.366234,48.884854]]],[[[2.366536,48.885179],[2.36618,48.884939],[2.365597,48.885194],[2.365883,48.885463],[2.366536,48.885179]]],[[[2.371148,48.885403],[2.369437,48.884394],[2.370886,48.885559],[2.371148,48.885403]]],[[[2.368887,48.884569],[2.367896,48.885099],[2.369321,48.886357],[2.36949,48.885669],[2.368944,48.885316],[2.369404,48.885072],[2.368887,48.884569]]],[[[2.367341,48.88661],[2.368723,48.88618],[2.368292,48.885777],[2.366712,48.886376],[2.367234,48.886477],[2.366935,48.88676],[2.367341,48.88661]]],[[[2.367438,48.886911],[2.36801,48.88649],[2.366992,48.886843],[2.367438,48.886911]]]],"type":"MultiPolygon"},"properties":{"id_projet":"ELEMENTAIRES (année scolaire 2024/2025)","libelle":"TANGER (17) ELEM","zone_commune":0,"etiquette":"Secteur de l'école 17 RUE DE TANGER","lib_etab_1":"TANGER (17) ELEM","lib_etab_2":null,"lib_etab_3":null,"lib_etab_4":null,"adr_etab_1":"17 RUE DE TANGER","adr_etab_2":null,"adr_etab_3":null,"adr_etab_4":null,"annee_scol":"2024-2025","st_area_shape":49705.31624034393,"st_perimeter_shape":3041.848024913452,"type_etabl":"Elémentaire","geo_point_2d":{"lon":2.367632595013904,"lat":48.885395188150994}}},{"type":"Feature","geometry":{"coordinates":[[[[2.376782,48.893578],[2.37613,48.893601],[2.37426,48.894626],[2.376313,48.896321],[2.378933,48.89586],[2.37889,48.895503],[2.376782,48.893578]]],[[[2.374618,48.894341],[2.375626,48.893763],[2.3751,48.893769],[2.374556,48.894298],[2.373497,48.893811],[2.3742,48.89456],[2.374618,48.894341]]],[[[2.381209,48.894332],[2.380479,48.894062],[2.380582,48.893872],[2.378926,48.892595],[2.376937,48.893489],[2.378983,48.894266],[2.378517,48.894909],[2.379247,48.895545],[2.381209,48.894332]],[[2.380269,48.894268],[2.380221,48.894214],[2.380261,48.894251],[2.380288,48.894238],[2.380269,48.894268]],[[2.379963,48.894017],[2.379972,48.894012],[2.38009,48.894107],[2.380088,48.894112],[2.379963,48.894017]]],[[[2.383286,48.89593],[2.382568,48.89565],[2.38256,48.89531],[2.381753,48.89578],[2.383286,48.89593]]],[[[2.37351,48.894133],[2.372308,48.895276],[2.375815,48.896197],[2.37351,48.894133]]],[[[2.376443,48.896739],[2.376616,48.896723],[2.376717,48.896716],[2.376361,48.896644],[2.373976,48.896165],[2.373884,48.896144],[2.373847,48.896134],[2.373795,48.89612],[2.373723,48.896097],[2.371902,48.895438],[2.371835,48.89551],[2.371937,48.895565],[2.372508,48.895781],[2.373071,48.895974],[2.37364,48.896168],[2.373891,48.896232],[2.376383,48.896729],[2.37642,48.896737],[2.376428,48.896736],[2.376443,48.896739]]],[[[2.379584,48.896308],[2.383073,48.896292],[2.38321,48.896057],[2.380052,48.896051],[2.381345,48.895875],[2.382463,48.895223],[2.381392,48.894551],[2.379453,48.895661],[2.379942,48.895934],[2.376822,48.896727],[2.376994,48.897152],[2.37741,48.897224],[2.376994,48.896893],[2.379584,48.896308]]]],"type":"MultiPolygon"},"properties":{"id_projet":"4907","libelle":"G.COLETTE MAGNY (17)/(19)","zone_commune":1,"etiquette":"Secteur commun des écoles \n15 RUE COLETTE MAGNY \n17 RUE COLETTE MAGNY","lib_etab_1":"COLETTE MAGNY (15) ELEM","lib_etab_2":"COLETTE MAGNY (17) ELEM","lib_etab_3":null,"lib_etab_4":null,"adr_etab_1":"15 RUE COLETTE MAGNY","adr_etab_2":"17 RUE COLETTE MAGNY","adr_etab_3":null,"adr_etab_4":null,"annee_scol":"2025-2026","st_area_shape":171764.8856267475,"st_perimeter_shape":6059.354669272971,"type_etabl":"Elémentaire","geo_point_2d":{"lon":2.3776298650298386,"lat":48.8949588476676}}},{"type":"Feature","geometry":{"coordinates":[[[[2.379604,48.874014],[2.37974,48.873037],[2.378622,48.872692],[2.377639,48.874141],[2.379432,48.874665],[2.379604,48.874014]]],[[[2.378025,48.873052],[2.378234,48.872583],[2.377126,48.872322],[2.376556,48.8728],[2.376806,48.872991],[2.377299,48.872652],[2.37736,48.87305],[2.378025,48.873052]]],[[[2.376223,48.873785],[2.377428,48.874005],[2.377887,48.87327],[2.37714,48.87286],[2.376563,48.873336],[2.376258,48.873067],[2.375438,48.873906],[2.376078,48.874028],[2.376223,48.873785]]],[[[2.376692,48.874033],[2.377023,48.873905],[2.376607,48.873792],[2.376451,48.874043],[2.376692,48.874033]]],[[[2.382893,48.873624],[2.379946,48.872924],[2.379808,48.873883],[2.381532,48.874349],[2.382893,48.873624]]],[[[2.37999,48.874046],[2.379688,48.874726],[2.381458,48.874425],[2.37999,48.874046]]],[[[2.382311,48.874846],[2.382809,48.873923],[2.381369,48.874606],[2.382311,48.874846]]],[[[2.383412,48.873586],[2.383064,48.873556],[2.382436,48.874872],[2.383638,48.874161],[2.384916,48.87386],[2.383412,48.873586]]],[[[2.383307,48.875309],[2.383953,48.874495],[2.38532,48.87402],[2.383407,48.874513],[2.382485,48.875241],[2.383307,48.875309]]],[[[2.381524,48.874763],[2.381237,48.874745],[2.381842,48.875443],[2.382442,48.87499],[2.381524,48.874763]]],[[[2.382203,48.875632],[2.382351,48.875569],[2.382395,48.875579],[2.382505,48.875419],[2.382392,48.875349],[2.38235,48.87535],[2.382048,48.875597],[2.382043,48.875644],[2.382061,48.875647],[2.382096,48.875658],[2.382145,48.875639],[2.382203,48.875632]]],[[[2.381053,48.874751],[2.380634,48.874784],[2.381324,48.875822],[2.381716,48.875513],[2.381053,48.874751]]],[[[2.380619,48.875787],[2.381208,48.875822],[2.380527,48.874797],[2.379804,48.874829],[2.380619,48.875787]]],[[[2.380336,48.875755],[2.379779,48.874911],[2.378929,48.874733],[2.378765,48.875243],[2.379631,48.876179],[2.380336,48.875755]]],[[[2.378647,48.876106],[2.379456,48.876202],[2.378696,48.875375],[2.378281,48.876315],[2.378647,48.876106]]],[[[2.3784,48.875604],[2.378768,48.874709],[2.376971,48.874227],[2.375907,48.874333],[2.376356,48.875013],[2.377695,48.875328],[2.377442,48.875927],[2.377958,48.876125],[2.377962,48.875548],[2.378312,48.875328],[2.378034,48.875661],[2.378089,48.876359],[2.3784,48.875604]]]],"type":"MultiPolygon"},"properties":{"id_projet":"4907","libelle":"G.GENERAL LASALLE/RAMPAL","zone_commune":1,"etiquette":"Secteur commun des écoles \n11 RUE RAMPAL \n1 RUE DU GENERAL LASALLE","lib_etab_1":"RAMPAL (11) ELEM","lib_etab_2":"GENERAL LASALLE (1) ELEM","lib_etab_3":null,"lib_etab_4":null,"adr_etab_1":"11 RUE RAMPAL","adr_etab_2":"1 RUE DU GENERAL LASALLE","adr_etab_3":null,"adr_etab_4":null,"annee_scol":"2025-2026","st_area_shape":138707.49278983963,"st_perimeter_shape":7071.588793870966,"type_etabl":"Elémentaire","geo_point_2d":{"lon":2.379735304526673,"lat":48.87428795815706}}},{"type":"Feature","geometry":{"coordinates":[[[[2.391158,48.876651],[2.392331,48.876591],[2.391202,48.876591],[2.391009,48.876054],[2.391852,48.875819],[2.391921,48.875532],[2.389677,48.875406],[2.389658,48.876823],[2.391158,48.876651]]],[[[2.385435,48.874053],[2.385364,48.874018],[2.38532,48.87402],[2.38528,48.874126],[2.385333,48.874131],[2.385329,48.874134],[2.385475,48.874206],[2.385583,48.874126],[2.385435,48.874053]]],[[[2.385882,48.874275],[2.385622,48.874204],[2.385752,48.874731],[2.386174,48.874423],[2.385882,48.874275]]],[[[2.387046,48.875368],[2.387361,48.875363],[2.387389,48.874734],[2.386333,48.874497],[2.386204,48.87529],[2.385855,48.875337],[2.387046,48.875368]]],[[[2.389014,48.875414],[2.388754,48.874939],[2.387494,48.874771],[2.387462,48.875571],[2.388979,48.875701],[2.389014,48.875414]]],[[[2.389477,48.875903],[2.389558,48.875364],[2.389189,48.87532],[2.389064,48.876018],[2.389477,48.875903]]],[[[2.388347,48.876097],[2.388938,48.876038],[2.388968,48.875755],[2.387465,48.875639],[2.387634,48.876152],[2.388347,48.876097]]],[[[2.387216,48.876334],[2.387542,48.876303],[2.38736,48.875416],[2.385793,48.875383],[2.386619,48.875675],[2.386134,48.876114],[2.386604,48.876055],[2.386797,48.876459],[2.387216,48.876334]],[[2.387158,48.875612],[2.387166,48.875567],[2.387135,48.875567],[2.387027,48.875567],[2.386842,48.875568],[2.386726,48.875577],[2.386648,48.875584],[2.386626,48.875585],[2.386626,48.875563],[2.386638,48.875561],[2.386661,48.875558],[2.386702,48.875553],[2.386766,48.875545],[2.386781,48.875543],[2.386781,48.875553],[2.387173,48.875549],[2.387173,48.875557],[2.387195,48.875557],[2.387192,48.875612],[2.387158,48.875612]]],[[[2.392189,48.876749],[2.392411,48.876656],[2.392393,48.876648],[2.392334,48.876653],[2.392268,48.876659],[2.392171,48.876667],[2.392046,48.876677],[2.392016,48.87668],[2.392028,48.876733],[2.392056,48.87673],[2.392062,48.876758],[2.392067,48.876758],[2.392189,48.87675],[2.392189,48.876749]]],[[[2.389483,48.876505],[2.3894,48.876174],[2.387679,48.876366],[2.387953,48.877061],[2.389522,48.876862],[2.389483,48.876505]]],[[[2.387584,48.876405],[2.386813,48.876675],[2.38696,48.877094],[2.387741,48.877034],[2.387584,48.876405]]],[[[2.391695,48.877414],[2.391552,48.877174],[2.392029,48.876738],[2.390646,48.876814],[2.3909,48.878219],[2.391205,48.877513],[2.391695,48.877414]]],[[[2.389762,48.878966],[2.389188,48.876981],[2.38796,48.877138],[2.388578,48.877818],[2.388978,48.877769],[2.388571,48.878159],[2.389038,48.878199],[2.388612,48.878397],[2.389096,48.878469],[2.388822,48.878755],[2.389762,48.878966]]],[[[2.390029,48.878943],[2.390195,48.87834],[2.390803,48.87833],[2.390536,48.876801],[2.389294,48.876951],[2.390029,48.878943]]]],"type":"MultiPolygon"},"properties":{"id_projet":"4907","libelle":"FESSART (4) ELEM","zone_commune":0,"etiquette":"Secteur de l'école 4 RUE FESSART","lib_etab_1":"FESSART (4) ELEM","lib_etab_2":null,"lib_etab_3":null,"lib_etab_4":null,"adr_etab_1":"4 RUE FESSART","adr_etab_2":null,"adr_etab_3":null,"adr_etab_4":null,"annee_scol":"2025-2026","st_area_shape":101747.30995077368,"st_perimeter_shape":5776.712388215399,"type_etabl":"Elémentaire","geo_point_2d":{"lon":2.389090350975958,"lat":48.876510487796025}}},{"type":"Feature","geometry":{"coordinates":[[[[2.380541,48.882205],[2.380898,48.881732],[2.380155,48.882198],[2.378598,48.881582],[2.37821,48.881998],[2.375914,48.881415],[2.374942,48.882335],[2.375629,48.882716],[2.380281,48.882498],[2.380541,48.882205]]],[[[2.381527,48.882348],[2.381088,48.882236],[2.381009,48.881855],[2.380513,48.882465],[2.381527,48.882348]]],[[[2.374937,48.882502],[2.374442,48.882324],[2.373924,48.882732],[2.374937,48.882502]]],[[[2.373574,48.882814],[2.373379,48.882617],[2.37372,48.88271],[2.374404,48.882219],[2.373892,48.882148],[2.372597,48.882807],[2.371791,48.882868],[2.373574,48.882814]]],[[[2.371295,48.882721],[2.371214,48.882652],[2.37119,48.882633],[2.371128,48.882665],[2.371069,48.882607],[2.370979,48.882654],[2.370928,48.882606],[2.370782,48.882687],[2.370691,48.88262],[2.370551,48.882519],[2.370517,48.882543],[2.370516,48.882689],[2.370536,48.882708],[2.370541,48.882714],[2.370544,48.882715],[2.370627,48.882736],[2.370671,48.882748],[2.37076,48.882771],[2.370879,48.882802],[2.371128,48.882867],[2.371321,48.882918],[2.371307,48.882731],[2.371295,48.882721]]],[[[2.38199,48.883265],[2.382287,48.882903],[2.381768,48.882739],[2.381521,48.883116],[2.38199,48.883265]]],[[[2.383585,48.883118],[2.382848,48.882656],[2.382652,48.882826],[2.383462,48.883457],[2.383585,48.883118]]],[[[2.374097,48.883035],[2.371952,48.883086],[2.373405,48.883469],[2.374097,48.883035]]],[[[2.37392,48.88343],[2.374822,48.883402],[2.375592,48.8829],[2.37447,48.882954],[2.37392,48.88343]]],[[[2.376492,48.883546],[2.376799,48.883517],[2.375692,48.882949],[2.375189,48.883297],[2.37624,48.883742],[2.376492,48.883546]]],[[[2.383925,48.883694],[2.38369,48.883635],[2.383835,48.883748],[2.383959,48.883844],[2.38408,48.883939],[2.384216,48.884045],[2.384257,48.884044],[2.38438,48.883936],[2.384279,48.883884],[2.384254,48.883871],[2.384229,48.883858],[2.384237,48.883845],[2.384266,48.8838],[2.384275,48.883784],[2.384146,48.883752],[2.384131,48.883748],[2.384105,48.88374],[2.384064,48.88373],[2.384047,48.883726],[2.383969,48.883706],[2.383925,48.883694]]],[[[2.378854,48.884288],[2.380111,48.882686],[2.37601,48.88293],[2.378854,48.884288]]],[[[2.37739,48.884335],[2.377767,48.884057],[2.377012,48.883636],[2.377165,48.884365],[2.37739,48.884335]]],[[[2.379548,48.884066],[2.380732,48.882864],[2.381433,48.882636],[2.380333,48.882689],[2.378876,48.884489],[2.379625,48.884614],[2.379357,48.88433],[2.379548,48.884066]]],[[[2.381262,48.884635],[2.381884,48.883586],[2.381268,48.88335],[2.381341,48.88393],[2.380069,48.884624],[2.381262,48.884635]]],[[[2.379196,48.884871],[2.377834,48.884088],[2.377312,48.884473],[2.379196,48.884871]]],[[[2.383066,48.884735],[2.383268,48.884486],[2.382987,48.884294],[2.382805,48.88458],[2.382386,48.884338],[2.382074,48.884552],[2.382389,48.884018],[2.382882,48.884359],[2.383257,48.883785],[2.384052,48.884195],[2.382428,48.882964],[2.382141,48.883449],[2.382385,48.883604],[2.382013,48.883664],[2.381386,48.884724],[2.383066,48.884735]]]],"type":"MultiPolygon"},"properties":{"id_projet":"4907","libelle":"ARMAND CARREL (43) ELEM","zone_commune":0,"etiquette":"Secteur de l'école 43 RUE ARMAND CARREL","lib_etab_1":"ARMAND CARREL (43) ELEM","lib_etab_2":null,"lib_etab_3":null,"lib_etab_4":null,"adr_etab_1":"43 RUE ARMAND CARREL","adr_etab_2":null,"adr_etab_3":null,"adr_etab_4":null,"annee_scol":"2025-2026","st_area_shape":124028.89407125098,"st_perimeter_shape":7636.091643602531,"type_etabl":"Elémentaire","geo_point_2d":{"lon":2.378413596418997,"lat":48.883114092495894}}},{"type":"Feature","geometry":{"coordinates":[[[2.397978,48.878057],[2.398095,48.878074],[2.398136,48.87808],[2.398173,48.878085],[2.398178,48.878068],[2.398183,48.878048],[2.398187,48.878034],[2.398192,48.878014],[2.398195,48.878005],[2.398209,48.877952],[2.398225,48.877894],[2.398189,48.87789],[2.398173,48.877888],[2.398115,48.877882],[2.398103,48.877881],[2.397981,48.877868],[2.397978,48.878057]]],"type":"Polygon"},"properties":{"id_projet":"4913","libelle":"Z. E. COTTON/ROMAINVILLE A(57)/ROMAINVILLE B(59)","zone_commune":1,"etiquette":"Secteur commun des écoles \n16 EUGENIE COTTON (16) ELEM B \n59 ROMAINVILLE (59) ELEM B\n16 EUGENIE COTT","lib_etab_1":"EUGENIE COTTON (16) ELEM B","lib_etab_2":"ROMAINVILLE (59) ELEM B","lib_etab_3":"EUGENIE COTTON (16) ELEM A","lib_etab_4":"ROMAINVILLE (57) ELEM A","adr_etab_1":"16 EUGENIE COTTON (16) ELEM B","adr_etab_2":"59 ROMAINVILLE (59) ELEM B","adr_etab_3":"16 EUGENIE COTTON (16) ELEM A","adr_etab_4":"57 ROMAINVILLE (57) ELEM A","annee_scol":"2026-2027","st_area_shape":346.1677794652005,"st_perimeter_shape":75.34131896034776,"type_etabl":"Elémentaire","geo_point_2d":{"lon":2.3980905245391044,"lat":48.87797255987482}}},{"type":"Feature","geometry":{"coordinates":[[[2.39027,48.883602],[2.389899,48.883445],[2.38989,48.883453],[2.389904,48.88346],[2.389738,48.883633],[2.390106,48.883781],[2.390172,48.883709],[2.39027,48.883602]]],"type":"Polygon"},"properties":{"id_projet":"ELEMENTAIRES (année scolaire 2020/2021)","libelle":"Z.MANIN A(40 T) ET B(30)/COMPANS A(106)/BRUNET B(7)","zone_commune":1,"etiquette":"Secteur commun des écoles \n106 RUE COMPANS \n7 RUE DU GENERAL BRUNET\n30 RUE MANIN\n40 bis RUE MANIN","lib_etab_1":"COMPANS (106) ELEM A","lib_etab_2":"GENERAL BRUNET (7) ELEM","lib_etab_3":"MANIN (30) ELEM B","lib_etab_4":"MANIN (40B) ELEM","adr_etab_1":"106 RUE COMPANS","adr_etab_2":"7 RUE DU GENERAL BRUNET","adr_etab_3":"30 RUE MANIN","adr_etab_4":"40 bis RUE MANIN","annee_scol":"2020-2021","st_area_shape":742.345269751267,"st_perimeter_shape":112.46674055901802,"type_etabl":null,"geo_point_2d":{"lon":2.39000512969017,"lat":48.88361603124395}}},{"type":"Feature","geometry":{"coordinates":[[[[2.397141,48.881524],[2.396697,48.881486],[2.396101,48.882749],[2.395257,48.883207],[2.396913,48.88346],[2.396967,48.883092],[2.39648,48.883006],[2.397141,48.881524]]],[[[2.392361,48.879077],[2.39232,48.878678],[2.393303,48.877902],[2.392381,48.877801],[2.391406,48.878135],[2.391656,48.878164],[2.391237,48.878511],[2.391606,48.878804],[2.391383,48.879356],[2.392361,48.879077]]],[[[2.389416,48.880628],[2.389959,48.880089],[2.389591,48.879793],[2.388402,48.880602],[2.388519,48.881497],[2.389416,48.880628]]],[[[2.396396,48.881472],[2.393538,48.882052],[2.396001,48.88228],[2.396396,48.881472]]],[[[2.394541,48.882247],[2.393489,48.882191],[2.394849,48.883118],[2.396018,48.882411],[2.394541,48.882247]]],[[[2.390732,48.882443],[2.390449,48.88192],[2.39084,48.882031],[2.390912,48.882403],[2.390954,48.882056],[2.39258,48.881999],[2.390398,48.881367],[2.390057,48.881836],[2.390406,48.88242],[2.390732,48.882443]]],[[[2.390069,48.881929],[2.390338,48.88135],[2.389981,48.881245],[2.389689,48.88168],[2.389769,48.881183],[2.389322,48.881768],[2.38989,48.881918],[2.389234,48.881798],[2.389717,48.881168],[2.389123,48.881492],[2.389444,48.881088],[2.389219,48.881021],[2.388492,48.881813],[2.390069,48.881929]]],[[[2.393518,48.881584],[2.393612,48.881234],[2.392533,48.880633],[2.391849,48.881073],[2.392529,48.881535],[2.392877,48.881052],[2.39328,48.881327],[2.392586,48.881574],[2.39292,48.881801],[2.39341,48.881855],[2.393518,48.881584]]],[[[2.394072,48.880739],[2.394123,48.880353],[2.39345,48.880315],[2.393496,48.880682],[2.393418,48.880313],[2.392256,48.880292],[2.393398,48.881067],[2.393664,48.880691],[2.393614,48.881093],[2.39402,48.881125],[2.394072,48.880739]]],[[[2.39342,48.882398],[2.392926,48.882846],[2.394712,48.883592],[2.394769,48.883323],[2.39342,48.882398]]],[[[2.394535,48.884138],[2.39463,48.883729],[2.392832,48.88294],[2.392549,48.883165],[2.393435,48.883738],[2.394221,48.883806],[2.394191,48.884215],[2.394535,48.884138]]],[[[2.392618,48.882902],[2.391217,48.882528],[2.391273,48.882836],[2.390271,48.882784],[2.392135,48.883327],[2.392618,48.882902]]],[[[2.390571,48.88077],[2.390806,48.88062],[2.390054,48.880154],[2.389305,48.880929],[2.389743,48.881058],[2.389948,48.880746],[2.389779,48.881068],[2.390001,48.881134],[2.390571,48.88077]]],[[[2.395793,48.880964],[2.396852,48.880998],[2.396726,48.880507],[2.396075,48.880462],[2.394965,48.880886],[2.39543,48.881411],[2.39536,48.881072],[2.395793,48.880964]]],[[[2.391172,48.880869],[2.390454,48.881267],[2.392616,48.881902],[2.391172,48.880869]]],[[[2.392653,48.879682],[2.392347,48.879244],[2.391514,48.879555],[2.392019,48.880058],[2.392863,48.880104],[2.392915,48.879714],[2.392653,48.879682]]],[[[2.390362,48.879801],[2.391218,48.879465],[2.391029,48.879058],[2.390156,48.879124],[2.389786,48.879615],[2.390362,48.879801]]],[[[2.390764,48.880166],[2.39153,48.880855],[2.392216,48.880417],[2.390764,48.880166]]],[[[2.394768,48.881287],[2.394552,48.881044],[2.39383,48.881228],[2.393632,48.881765],[2.394967,48.881513],[2.394768,48.881287]]],[[[2.392778,48.882185],[2.391561,48.882492],[2.392766,48.882755],[2.393233,48.882296],[2.392778,48.882185]]],[[[2.392036,48.883416],[2.389929,48.88293],[2.391612,48.883573],[2.392036,48.883416]]],[[[2.391515,48.879758],[2.391243,48.879583],[2.390443,48.879926],[2.39173,48.88004],[2.391515,48.879758]]],[[[2.390144,48.882211],[2.388414,48.882045],[2.390265,48.882522],[2.390144,48.882211]]],[[[2.39465,48.880382],[2.39452,48.880933],[2.395744,48.880463],[2.39465,48.880382]]],[[[2.38836,48.881623],[2.388206,48.880774],[2.387948,48.881699],[2.38836,48.881623]]],[[[2.39619,48.880123],[2.395574,48.879604],[2.395487,48.880248],[2.39619,48.880123]]],[[[2.393797,48.87952],[2.393414,48.879393],[2.393317,48.880129],[2.393714,48.880151],[2.393797,48.87952]]],[[[2.394203,48.880357],[2.39406,48.881109],[2.394478,48.880949],[2.394556,48.880377],[2.394203,48.880357]]],[[[2.390865,48.88066],[2.390042,48.881146],[2.390415,48.881255],[2.391098,48.880818],[2.390865,48.88066]]],[[[2.395932,48.884028],[2.396767,48.883786],[2.39586,48.883593],[2.395932,48.884028]]],[[[2.394218,48.879645],[2.393843,48.879473],[2.393753,48.880153],[2.394148,48.880175],[2.394218,48.879645]]],[[[2.395523,48.879689],[2.395136,48.879598],[2.395052,48.880223],[2.395448,48.880246],[2.395523,48.879689]]],[[[2.392313,48.880483],[2.391558,48.880875],[2.39182,48.881053],[2.392506,48.880614],[2.392313,48.880483]]],[[[2.394654,48.879647],[2.39427,48.87953],[2.394185,48.880177],[2.394579,48.880197],[2.394654,48.879647]]],[[[2.395014,48.880993],[2.394587,48.881031],[2.395006,48.881505],[2.395391,48.88142],[2.395014,48.880993]]],[[[2.395086,48.879675],[2.394701,48.879593],[2.394634,48.880199],[2.395014,48.880221],[2.395086,48.879675]]],[[[2.393328,48.879745],[2.393375,48.879388],[2.393161,48.879435],[2.392903,48.880107],[2.393277,48.880127],[2.393328,48.879745]]],[[[2.390109,48.878936],[2.390789,48.878343],[2.390195,48.87834],[2.390109,48.878936]]],[[[2.390907,48.878995],[2.390612,48.878814],[2.390857,48.878461],[2.390212,48.879023],[2.390907,48.878995]]],[[[2.394943,48.883811],[2.395424,48.883517],[2.395018,48.883513],[2.394943,48.883811]]],[[[2.397561,48.881399],[2.397285,48.881033],[2.396964,48.881214],[2.397561,48.881399]]],[[[2.393062,48.881217],[2.392939,48.881133],[2.392893,48.881139],[2.392828,48.881181],[2.392749,48.881233],[2.392771,48.881332],[2.392784,48.881388],[2.392821,48.881413],[2.39287,48.881418],[2.393015,48.88143],[2.393106,48.881371],[2.393171,48.881329],[2.393193,48.881306],[2.393062,48.881217]]],[[[2.389841,48.879169],[2.389823,48.879143],[2.389618,48.87923],[2.389609,48.87923],[2.389604,48.879231],[2.38952,48.879238],[2.389378,48.879249],[2.389378,48.879261],[2.38951,48.879422],[2.389584,48.879394],[2.389637,48.879348],[2.389788,48.879216],[2.389841,48.879169]]]],"type":"MultiPolygon"},"properties":{"id_projet":"ELEMENTAIRES (année scolaire 2020/2021)","libelle":"G.COMPANS(106)/BRUNET(7)","zone_commune":1,"etiquette":"Secteur commun des écoles \n106 RUE COMPANS \n7 RUE DU GENERAL BRUNET","lib_etab_1":"COMPANS (106) ELEM A","lib_etab_2":"GENERAL BRUNET (7) ELEM","lib_etab_3":null,"lib_etab_4":null,"adr_etab_1":"106 RUE COMPANS","adr_etab_2":"7 RUE DU GENERAL BRUNET","adr_etab_3":null,"adr_etab_4":null,"annee_scol":"2020-2021","st_area_shape":193352.27396902884,"st_perimeter_shape":14614.64534327728,"type_etabl":null,"geo_point_2d":{"lon":2.392737621843733,"lat":48.88121954305483}}},{"type":"Feature","geometry":{"coordinates":[[[[2.370774,48.901868],[2.370505,48.901801],[2.370537,48.901865],[2.37077,48.90187],[2.370774,48.901868]]],[[[2.388398,48.901413],[2.388393,48.901407],[2.388297,48.901426],[2.388298,48.901432],[2.388333,48.901425],[2.388341,48.901424],[2.388398,48.901413]]]],"type":"MultiPolygon"},"properties":{"id_projet":"ELEMENTAIRES (année scolaire 2020/2021)","libelle":"Z. BOLLAERT(53)/MACDONALD(118)/MACDONALD(141)","zone_commune":1,"etiquette":"Secteur commun des écoles \n53 RUE EMILE BOLLAERT \n118 BOULEVARD MAC DONALD\n141 BD MACDONALD","lib_etab_1":"EMILE BOLLAERT (53) POLY","lib_etab_2":"MACDONALD (118) POLY","lib_etab_3":"MACDONALD (141) POLY","lib_etab_4":null,"adr_etab_1":"53 RUE EMILE BOLLAERT","adr_etab_2":"118 BOULEVARD MAC DONALD","adr_etab_3":"141 BD MACDONALD","adr_etab_4":null,"annee_scol":"2020-2021","st_area_shape":68.36606116754395,"st_perimeter_shape":62.34280373528086,"type_etabl":null,"geo_point_2d":{"lon":2.371972008319028,"lat":48.901812454582}}},{"type":"Feature","geometry":{"coordinates":[[[[2.375307,48.892113],[2.376716,48.893355],[2.378678,48.892399],[2.376746,48.890901],[2.375307,48.892113]]],[[[2.370633,48.897673],[2.370862,48.897305],[2.374216,48.896891],[2.371645,48.895869],[2.370642,48.89675],[2.370633,48.897673]]],[[[2.370412,48.894055],[2.372987,48.893274],[2.372516,48.892251],[2.370988,48.892706],[2.371354,48.89326],[2.370708,48.89345],[2.370863,48.893728],[2.370111,48.89399],[2.370412,48.894055]]],[[[2.372966,48.892741],[2.374196,48.892348],[2.374523,48.89252],[2.37489,48.892138],[2.373566,48.891203],[2.373766,48.891452],[2.372557,48.89184],[2.372966,48.892741]]],[[[2.375268,48.892415],[2.373617,48.893646],[2.376553,48.893463],[2.375268,48.892415]]],[[[2.370633,48.897673],[2.370611,48.898295],[2.371252,48.898004],[2.371271,48.897662],[2.377219,48.897708],[2.372707,48.897435],[2.370805,48.897449],[2.370633,48.897673]]],[[[2.371854,48.895148],[2.373017,48.893917],[2.370591,48.894536],[2.371854,48.895148]]],[[[2.371455,48.894191],[2.373171,48.893681],[2.372985,48.893377],[2.371462,48.893818],[2.370263,48.894185],[2.370521,48.894441],[2.371455,48.894191]]],[[[2.377887,48.893686],[2.37692,48.893521],[2.378517,48.894909],[2.378983,48.894266],[2.377887,48.893686]]],[[[2.374419,48.891507],[2.375102,48.891993],[2.376525,48.890702],[2.374833,48.8916],[2.374012,48.891123],[2.374419,48.891507]]],[[[2.374556,48.894298],[2.3751,48.893769],[2.375626,48.893763],[2.373515,48.893786],[2.374556,48.894298]]],[[[2.373381,48.893101],[2.374423,48.892554],[2.373049,48.892923],[2.373381,48.893101]]],[[[2.372453,48.891611],[2.373636,48.891404],[2.373484,48.891218],[2.372394,48.891415],[2.372453,48.891611]]],[[[2.373337,48.893553],[2.374014,48.892981],[2.373221,48.893265],[2.373337,48.893553]]],[[[2.371689,48.891971],[2.37247,48.892151],[2.37233,48.891845],[2.371689,48.891971]]],[[[2.382289,48.890364],[2.382355,48.89044],[2.382554,48.890267],[2.382551,48.890266],[2.382289,48.890364]]],[[[2.375397,48.889249],[2.3754,48.889252],[2.375681,48.889124],[2.375679,48.889121],[2.375397,48.889249]]]],"type":"MultiPolygon"},"properties":{"id_projet":"ELEMENTAIRES (année scolaire 2021/2022)","libelle":"G.OURCQ(105)A/(105B)B","zone_commune":1,"etiquette":"Secteur commun des écoles \n105 bis RUE DE L' OURCQ (A) \n105 bis RUE DE L' OURCQ (B)","lib_etab_1":"OURCQ (105B) ELEM A","lib_etab_2":"OURCQ (105B) ELEM B","lib_etab_3":null,"lib_etab_4":null,"adr_etab_1":"105 bis RUE DE L' OURCQ (A)","adr_etab_2":"105 bis RUE DE L' OURCQ (B)","adr_etab_3":null,"adr_etab_4":null,"annee_scol":"2021-2022","st_area_shape":162892.6722921505,"st_perimeter_shape":7957.994928303144,"type_etabl":"Elémentaire","geo_point_2d":{"lon":2.374077807869104,"lat":48.89374738444224}}},{"type":"Feature","geometry":{"coordinates":[[[[2.380541,48.882205],[2.380898,48.881732],[2.380155,48.882198],[2.378598,48.881582],[2.37821,48.881998],[2.375914,48.881415],[2.374942,48.882335],[2.375629,48.882716],[2.380281,48.882498],[2.380541,48.882205]]],[[[2.378854,48.884288],[2.380111,48.882686],[2.37601,48.88293],[2.378854,48.884288]]],[[[2.383066,48.884735],[2.383268,48.884486],[2.382987,48.884294],[2.382805,48.88458],[2.382386,48.884338],[2.382074,48.884552],[2.382389,48.884018],[2.382882,48.884359],[2.383257,48.883785],[2.384052,48.884195],[2.382428,48.882964],[2.382141,48.883449],[2.382385,48.883604],[2.382013,48.883664],[2.381386,48.884724],[2.383066,48.884735]]],[[[2.379548,48.884066],[2.380732,48.882864],[2.381433,48.882636],[2.380333,48.882689],[2.378876,48.884489],[2.379625,48.884614],[2.379357,48.88433],[2.379548,48.884066]]],[[[2.381262,48.884635],[2.381884,48.883586],[2.381268,48.88335],[2.381341,48.88393],[2.380069,48.884624],[2.381262,48.884635]]],[[[2.373574,48.882814],[2.373379,48.882617],[2.37372,48.88271],[2.374404,48.882219],[2.373892,48.882148],[2.372597,48.882807],[2.371791,48.882868],[2.373574,48.882814]]],[[[2.374097,48.883035],[2.371952,48.883086],[2.373405,48.883469],[2.374097,48.883035]]],[[[2.376492,48.883546],[2.376799,48.883517],[2.375692,48.882949],[2.375189,48.883297],[2.37624,48.883742],[2.376492,48.883546]]],[[[2.37392,48.88343],[2.374822,48.883402],[2.375592,48.8829],[2.37447,48.882954],[2.37392,48.88343]]],[[[2.379196,48.884871],[2.377834,48.884088],[2.377312,48.884473],[2.379196,48.884871]]],[[[2.381527,48.882348],[2.381088,48.882236],[2.381009,48.881855],[2.380513,48.882465],[2.381527,48.882348]]],[[[2.37739,48.884335],[2.377767,48.884057],[2.377012,48.883636],[2.377165,48.884365],[2.37739,48.884335]]],[[[2.374937,48.882502],[2.374442,48.882324],[2.373924,48.882732],[2.374937,48.882502]]],[[[2.38199,48.883265],[2.382287,48.882903],[2.381768,48.882739],[2.381521,48.883116],[2.38199,48.883265]]],[[[2.383585,48.883118],[2.382848,48.882656],[2.382652,48.882826],[2.383462,48.883457],[2.383585,48.883118]]],[[[2.371295,48.882721],[2.371214,48.882652],[2.37119,48.882633],[2.371128,48.882665],[2.371069,48.882607],[2.370979,48.882654],[2.370928,48.882606],[2.370782,48.882687],[2.370691,48.88262],[2.370551,48.882519],[2.370517,48.882543],[2.370516,48.882689],[2.370536,48.882708],[2.370541,48.882714],[2.370544,48.882715],[2.370627,48.882736],[2.370671,48.882748],[2.37076,48.882771],[2.370879,48.882802],[2.371128,48.882867],[2.371321,48.882918],[2.371307,48.882731],[2.371295,48.882721]]],[[[2.383925,48.883694],[2.38369,48.883635],[2.383835,48.883748],[2.383959,48.883844],[2.38408,48.883939],[2.384216,48.884045],[2.384257,48.884044],[2.38438,48.883936],[2.384279,48.883884],[2.384254,48.883871],[2.384229,48.883858],[2.384237,48.883845],[2.384266,48.8838],[2.384275,48.883784],[2.384146,48.883752],[2.384131,48.883748],[2.384105,48.88374],[2.384064,48.88373],[2.384047,48.883726],[2.383969,48.883706],[2.383925,48.883694]]]],"type":"MultiPolygon"},"properties":{"id_projet":"ELEMENTAIRES (année scolaire 2021/2022)","libelle":"ARMAND CARREL (43) ELEM","zone_commune":0,"etiquette":"Secteur de l'école 43 RUE ARMAND CARREL","lib_etab_1":"ARMAND CARREL (43) ELEM","lib_etab_2":null,"lib_etab_3":null,"lib_etab_4":null,"adr_etab_1":"43 RUE ARMAND CARREL","adr_etab_2":null,"adr_etab_3":null,"adr_etab_4":null,"annee_scol":"2021-2022","st_area_shape":124028.894071251,"st_perimeter_shape":7636.091643602531,"type_etabl":"Elémentaire","geo_point_2d":{"lon":2.378413596418995,"lat":48.883114092495894}}},{"type":"Feature","geometry":{"coordinates":[[[[2.381401,48.898624],[2.381792,48.897933],[2.377182,48.897617],[2.371267,48.8977],[2.37124,48.898252],[2.381401,48.898624]]],[[[2.383073,48.896292],[2.379943,48.89617],[2.376994,48.896893],[2.37741,48.897224],[2.38236,48.897509],[2.383073,48.896292]]]],"type":"MultiPolygon"},"properties":{"id_projet":"ELEMENTAIRES (année scolaire 2022/2023)","libelle":"MACDONALD (141) POLY","zone_commune":0,"etiquette":"Secteur de l'école 141 BOULEVARD MACDONALD","lib_etab_1":"MACDONALD (141) POLY","lib_etab_2":null,"lib_etab_3":null,"lib_etab_4":null,"adr_etab_1":"141 BOULEVARD MACDONALD","adr_etab_2":null,"adr_etab_3":null,"adr_etab_4":null,"annee_scol":"2022-2023","st_area_shape":106612.08668405979,"st_perimeter_shape":2764.9121875073297,"type_etabl":"Elémentaire","geo_point_2d":{"lon":2.378267691499239,"lat":48.89758766281626}}},{"type":"Feature","geometry":{"coordinates":[[[2.39027,48.883602],[2.389899,48.883445],[2.38989,48.883453],[2.389904,48.88346],[2.389738,48.883633],[2.390106,48.883781],[2.390172,48.883709],[2.39027,48.883602]]],"type":"Polygon"},"properties":{"id_projet":"ELEMENTAIRES (année scolaire 2022/2023)","libelle":"Z.MANIN A(40 T) ET B(30)/COMPANS A(106)/BRUNET B(7)","zone_commune":1,"etiquette":"Secteur commun des écoles \n106 RUE COMPANS \n7 RUE DU GENERAL BRUNET\n30 RUE MANIN\n40 bis RUE MANIN","lib_etab_1":"COMPANS (106) ELEM A","lib_etab_2":"GENERAL BRUNET (7) ELEM","lib_etab_3":"MANIN (30) ELEM B","lib_etab_4":"MANIN (40B) ELEM","adr_etab_1":"106 RUE COMPANS","adr_etab_2":"7 RUE DU GENERAL BRUNET","adr_etab_3":"30 RUE MANIN","adr_etab_4":"40 bis RUE MANIN","annee_scol":"2022-2023","st_area_shape":742.345269751267,"st_perimeter_shape":112.46674055901802,"type_etabl":"Elémentaire","geo_point_2d":{"lon":2.39000512969017,"lat":48.88361603124395}}},{"type":"Feature","geometry":{"coordinates":[[[[2.374765,48.876482],[2.376745,48.876306],[2.376072,48.874735],[2.375307,48.874064],[2.373818,48.875212],[2.374365,48.876337],[2.374765,48.876482]]],[[[2.373145,48.877933],[2.373939,48.877843],[2.373728,48.877738],[2.374022,48.877173],[2.37326,48.876567],[2.37278,48.876807],[2.372237,48.876598],[2.370892,48.877763],[2.371308,48.877823],[2.372436,48.877028],[2.373145,48.877933]]],[[[2.374192,48.877526],[2.376458,48.876667],[2.378203,48.876613],[2.375398,48.876486],[2.374568,48.876873],[2.374192,48.877526]]],[[[2.373642,48.876626],[2.374131,48.876941],[2.374216,48.876584],[2.373727,48.875359],[2.372373,48.876477],[2.373642,48.876626]]],[[[2.376791,48.875143],[2.376881,48.875344],[2.376537,48.875426],[2.376925,48.876334],[2.378088,48.876362],[2.378034,48.875661],[2.378312,48.875328],[2.377962,48.875548],[2.377958,48.876125],[2.377442,48.875927],[2.377613,48.875252],[2.376791,48.875143]]],[[[2.378032,48.877734],[2.37719,48.87812],[2.37775,48.878163],[2.378138,48.878753],[2.378032,48.877734]]],[[[2.377992,48.877699],[2.379131,48.87647],[2.37825,48.876533],[2.378519,48.876821],[2.377992,48.877699]]],[[[2.380707,48.876035],[2.381235,48.875863],[2.380756,48.875753],[2.379637,48.876028],[2.380707,48.876035]]],[[[2.378266,48.876351],[2.379443,48.876222],[2.378796,48.876005],[2.378266,48.876351]]],[[[2.374581,48.876446],[2.374541,48.876439],[2.374408,48.876488],[2.37442,48.876502],[2.374381,48.876536],[2.37438,48.876572],[2.374377,48.876616],[2.374366,48.876693],[2.374363,48.876711],[2.374402,48.876721],[2.374482,48.876663],[2.374534,48.876628],[2.374566,48.876607],[2.374636,48.876566],[2.374645,48.876561],[2.37465,48.876531],[2.374651,48.876529],[2.374642,48.876519],[2.374581,48.876446]]],[[[2.376598,48.875153],[2.376443,48.875116],[2.376412,48.875134],[2.376452,48.875227],[2.376493,48.87532],[2.376528,48.875333],[2.376721,48.875299],[2.376742,48.875275],[2.376725,48.875225],[2.376639,48.875163],[2.376598,48.875153]]],[[[2.376747,48.875111],[2.376791,48.875143],[2.376841,48.875076],[2.376458,48.874953],[2.376356,48.875013],[2.376359,48.875019],[2.376747,48.875111]]]],"type":"MultiPolygon"},"properties":{"id_projet":"ELEMENTAIRES (année scolaire 2022/2023)","libelle":"SIMON BOLIVAR (67) ELEM","zone_commune":0,"etiquette":"Secteur de l'école 67 AVENUE SIMON BOLIVAR","lib_etab_1":"SIMON BOLIVAR (67) ELEM","lib_etab_2":null,"lib_etab_3":null,"lib_etab_4":null,"adr_etab_1":"67 AVENUE SIMON BOLIVAR","adr_etab_2":null,"adr_etab_3":null,"adr_etab_4":null,"annee_scol":"2022-2023","st_area_shape":96344.8468313263,"st_perimeter_shape":5020.105871913856,"type_etabl":"Elémentaire","geo_point_2d":{"lon":2.375267003948837,"lat":48.87619290303171}}},{"type":"Feature","geometry":{"coordinates":[[[[2.393687,48.899298],[2.39552,48.898264],[2.395928,48.897603],[2.390509,48.897594],[2.390921,48.898266],[2.387382,48.898594],[2.386829,48.898084],[2.386375,48.898086],[2.388081,48.899703],[2.393687,48.899298]]],[[[2.384895,48.898278],[2.385774,48.898156],[2.383991,48.896551],[2.382682,48.898658],[2.384895,48.898278]]],[[[2.38109,48.89967],[2.381475,48.899085],[2.374262,48.89894],[2.375035,48.899712],[2.376135,48.899735],[2.37617,48.898976],[2.376424,48.898981],[2.376389,48.89974],[2.377976,48.899771],[2.378011,48.899013],[2.378167,48.899775],[2.379673,48.899805],[2.379708,48.899047],[2.379864,48.899809],[2.38109,48.89967]]],[[[2.384843,48.899884],[2.384668,48.899593],[2.386253,48.89902],[2.3836,48.899664],[2.386605,48.898916],[2.385889,48.898494],[2.382839,48.899142],[2.381968,48.900026],[2.384843,48.899884]]],[[[2.381205,48.900607],[2.381124,48.900595],[2.381071,48.900688],[2.381151,48.900701],[2.381205,48.900607]]],[[[2.380882,48.900558],[2.380884,48.900527],[2.380599,48.900534],[2.379788,48.900553],[2.380516,48.900672],[2.380463,48.900755],[2.380726,48.900715],[2.380826,48.900651],[2.380882,48.900558]]],[[[2.391218,48.900564],[2.389316,48.900844],[2.390904,48.900843],[2.391218,48.900564]]],[[[2.379654,48.90206],[2.380421,48.900823],[2.377534,48.900528],[2.372537,48.901012],[2.373329,48.901925],[2.379654,48.90206]]],[[[2.384799,48.901044],[2.385485,48.901487],[2.386297,48.900811],[2.386371,48.900127],[2.386091,48.900026],[2.387706,48.899633],[2.386617,48.898927],[2.386382,48.898987],[2.386781,48.899612],[2.383682,48.90052],[2.381361,48.900556],[2.380347,48.902075],[2.384759,48.902101],[2.385294,48.901652],[2.384799,48.901044]]]],"type":"MultiPolygon"},"properties":{"id_projet":"ELEMENTAIRES (année scolaire 2023/2024)","libelle":"MACDONALD (118) POLY","zone_commune":0,"etiquette":"Secteur de l'école 118 BOULEVARD MACDONALD","lib_etab_1":"MACDONALD (118) POLY","lib_etab_2":null,"lib_etab_3":null,"lib_etab_4":null,"adr_etab_1":"118 BOULEVARD MACDONALD","adr_etab_2":null,"adr_etab_3":null,"adr_etab_4":null,"annee_scol":"2023-2024","st_area_shape":337910.5961646248,"st_perimeter_shape":9084.750320286188,"type_etabl":"Elémentaire","geo_point_2d":{"lon":2.3841266008297213,"lat":48.899814806951944}}},{"type":"Feature","geometry":{"coordinates":[[[2.384942,48.876701],[2.385396,48.87671],[2.38525,48.875884],[2.384754,48.875752],[2.384942,48.876701]]],"type":"Polygon"},"properties":{"id_projet":"ELEMENTAIRES (année scolaire 2022/2023)","libelle":"Z.FESSART/ALOUETTES/VILLETTE","zone_commune":1,"etiquette":"Secteur commun des écoles \n4 RUE FESSART \n5 RUE DES ALOUETTES\n61 RUE DE LA VILLETTE","lib_etab_1":"FESSART (4) ELEM","lib_etab_2":"ALOUETTES (5) ELEM","lib_etab_3":"VILLETTE (61) ELEM","lib_etab_4":null,"adr_etab_1":"4 RUE FESSART","adr_etab_2":"5 RUE DES ALOUETTES","adr_etab_3":"61 RUE DE LA VILLETTE","adr_etab_4":null,"annee_scol":"2022-2023","st_area_shape":3795.816932412156,"st_perimeter_shape":276.91322854943536,"type_etabl":"Elémentaire","geo_point_2d":{"lon":2.3850447360722047,"lat":48.87624162515637}}},{"type":"Feature","geometry":{"coordinates":[[[[2.388545,48.886561],[2.389102,48.886091],[2.388164,48.885957],[2.387972,48.88644],[2.388545,48.886561]]],[[[2.394379,48.883973],[2.393808,48.883751],[2.393607,48.884269],[2.394393,48.884429],[2.394119,48.884139],[2.394379,48.883973]]],[[[2.389668,48.886995],[2.389227,48.88688],[2.389218,48.887188],[2.389668,48.886995]]],[[[2.38966,48.883811],[2.38943,48.884102],[2.38988,48.883899],[2.38966,48.883811]]],[[[2.389618,48.886165],[2.389344,48.886126],[2.389344,48.886127],[2.389454,48.886273],[2.389625,48.88631],[2.389733,48.886198],[2.389702,48.886186],[2.3897,48.886186],[2.389699,48.886185],[2.389698,48.886185],[2.389696,48.886184],[2.389694,48.886184],[2.389693,48.886183],[2.389691,48.886183],[2.389689,48.886182],[2.389687,48.886181],[2.389686,48.886181],[2.389684,48.88618],[2.389682,48.88618],[2.38968,48.886179],[2.389679,48.886179],[2.389677,48.886178],[2.389675,48.886178],[2.389674,48.886177],[2.389672,48.886177],[2.389671,48.886176],[2.389669,48.886176],[2.389668,48.886176],[2.389667,48.886175],[2.389666,48.886175],[2.389665,48.886175],[2.389664,48.886174],[2.389662,48.886174],[2.389661,48.886174],[2.38966,48.886173],[2.389659,48.886173],[2.389657,48.886173],[2.389656,48.886172],[2.389655,48.886172],[2.389654,48.886172],[2.389652,48.886172],[2.389651,48.886171],[2.38965,48.886171],[2.389648,48.886171],[2.389647,48.88617],[2.389646,48.88617],[2.389644,48.88617],[2.389643,48.88617],[2.389642,48.886169],[2.38964,48.886169],[2.389639,48.886169],[2.389638,48.886169],[2.389637,48.886168],[2.389635,48.886168],[2.389634,48.886168],[2.389633,48.886168],[2.389632,48.886167],[2.38963,48.886167],[2.389629,48.886167],[2.389628,48.886167],[2.389627,48.886166],[2.389626,48.886166],[2.389624,48.886166],[2.389623,48.886166],[2.389622,48.886165],[2.389621,48.886165],[2.38962,48.886165],[2.389618,48.886165]]]],"type":"MultiPolygon"},"properties":{"id_projet":"ELEMENTAIRES (année scolaire 2022/2023)","libelle":"Z.MANIN A,B/GOUBET","zone_commune":1,"etiquette":"Secteur commun des écoles \n30 RUE MANIN \n40 bis RUE MANIN\n4 RUE GOUBET","lib_etab_1":"MANIN (30) ELEM B","lib_etab_2":"MANIN (40B) ELEM","lib_etab_3":"GOUBET (4) ELEM","lib_etab_4":null,"adr_etab_1":"30 RUE MANIN","adr_etab_2":"40 bis RUE MANIN","adr_etab_3":"4 RUE GOUBET","adr_etab_4":null,"annee_scol":"2022-2023","st_area_shape":7298.655220113323,"st_perimeter_shape":820.6158412165045,"type_etabl":"Elémentaire","geo_point_2d":{"lon":2.390522830562953,"lat":48.88541711658447}}},{"type":"Feature","geometry":{"coordinates":[[[2.397978,48.878057],[2.398095,48.878074],[2.398136,48.87808],[2.398173,48.878085],[2.398178,48.878068],[2.398183,48.878048],[2.398187,48.878034],[2.398192,48.878014],[2.398195,48.878005],[2.398209,48.877952],[2.398225,48.877894],[2.398189,48.87789],[2.398173,48.877888],[2.398115,48.877882],[2.398103,48.877881],[2.397981,48.877868],[2.397978,48.878057]]],"type":"Polygon"},"properties":{"id_projet":"ELEMENTAIRES (année scolaire 2023/2024)","libelle":"Z. E. COTTON/ROMAINVILLE A(57)/ROMAINVILLE B(59)","zone_commune":1,"etiquette":"Secteur commun des écoles \n16 RUE EUGENIE COTTON (ECOLE A (A) \n16 RUE EUGENIE COTTON (ECOLE A (B)\n59","lib_etab_1":"EUGENIE COTTON (16) ELEM B","lib_etab_2":"EUGENIE COTTON (16) ELEM A","lib_etab_3":"ROMAINVILLE (59) ELEM B","lib_etab_4":"ROMAINVILLE (57) ELEM A","adr_etab_1":"16 RUE EUGENIE COTTON (ECOLE A (A)","adr_etab_2":"16 RUE EUGENIE COTTON (ECOLE A (B)","adr_etab_3":"59 RUE DE ROMAINVILLE","adr_etab_4":"57 RUE DE ROMAINVILLE","annee_scol":"2023-2024","st_area_shape":346.1677794652005,"st_perimeter_shape":75.34131896034776,"type_etabl":"Elémentaire","geo_point_2d":{"lon":2.3980905245391044,"lat":48.87797255987482}}},{"type":"Feature","geometry":{"coordinates":[[[[2.374942,48.882335],[2.375914,48.881415],[2.37821,48.881998],[2.378598,48.881582],[2.380155,48.882198],[2.380898,48.881732],[2.376559,48.880595],[2.373978,48.881746],[2.374942,48.882335]]],[[[2.378183,48.876846],[2.378157,48.876824],[2.377817,48.876841],[2.377733,48.876845],[2.377637,48.87685],[2.377544,48.876854],[2.377465,48.876858],[2.377383,48.876862],[2.377274,48.876867],[2.377172,48.876871],[2.377071,48.876876],[2.376961,48.876881],[2.376908,48.876884],[2.376836,48.876906],[2.376649,48.876964],[2.376538,48.876999],[2.376462,48.877022],[2.376391,48.877044],[2.37629,48.877075],[2.376231,48.877094],[2.376164,48.877126],[2.376092,48.877159],[2.37602,48.877193],[2.3758,48.877297],[2.375809,48.877323],[2.376074,48.877352],[2.376082,48.877353],[2.376167,48.877362],[2.376206,48.877366],[2.376256,48.877358],[2.376272,48.877353],[2.376365,48.877322],[2.376453,48.877292],[2.376664,48.877223],[2.37675,48.877196],[2.376995,48.877115],[2.377013,48.87711],[2.377486,48.877088],[2.378034,48.877061],[2.378069,48.877044],[2.378155,48.876894],[2.378183,48.876846]]],[[[2.378009,48.877139],[2.377984,48.877119],[2.377791,48.877128],[2.377761,48.877129],[2.377647,48.877133],[2.377457,48.877143],[2.377349,48.877149],[2.377107,48.877161],[2.377036,48.877164],[2.376913,48.877204],[2.376736,48.877262],[2.37664,48.877293],[2.376414,48.877366],[2.376419,48.877391],[2.376659,48.877417],[2.376753,48.877412],[2.376941,48.877403],[2.377131,48.877393],[2.377363,48.877382],[2.377606,48.87737],[2.377863,48.877358],[2.3779,48.87734],[2.377921,48.877297],[2.377961,48.877224],[2.378009,48.877139]]],[[[2.377992,48.877699],[2.378519,48.876821],[2.378352,48.87661],[2.377992,48.877699]]],[[[2.377782,48.877543],[2.375759,48.8774],[2.376734,48.877713],[2.377782,48.877543]]],[[[2.373939,48.87774],[2.373728,48.877738],[2.373735,48.877777],[2.373746,48.877792],[2.373745,48.877805],[2.373746,48.877807],[2.373954,48.877817],[2.373939,48.87774]]],[[[2.375869,48.877847],[2.375366,48.878046],[2.37673,48.878177],[2.375869,48.877847]]],[[[2.373373,48.878073],[2.372436,48.877028],[2.371308,48.877823],[2.370882,48.877771],[2.373373,48.878073]]],[[[2.373998,48.87797],[2.37338,48.878223],[2.374055,48.878298],[2.373998,48.87797]]],[[[2.375788,48.877673],[2.375663,48.877308],[2.37618,48.877037],[2.378206,48.876634],[2.375874,48.876867],[2.374197,48.877671],[2.374951,48.877437],[2.374236,48.877849],[2.374361,48.878289],[2.375097,48.878413],[2.375788,48.877673]]],[[[2.378136,48.878753],[2.37775,48.878163],[2.37719,48.87812],[2.377979,48.877723],[2.375938,48.877689],[2.376864,48.878018],[2.376846,48.878261],[2.375397,48.878112],[2.375288,48.878403],[2.378136,48.878753]]],[[[2.371437,48.878846],[2.372623,48.878321],[2.370975,48.878137],[2.37083,48.878415],[2.371437,48.878846]]],[[[2.375596,48.878651],[2.375842,48.879981],[2.37813,48.878958],[2.375596,48.878651]]],[[[2.375527,48.879614],[2.375381,48.878672],[2.374422,48.878543],[2.374503,48.879603],[2.375483,48.879994],[2.375527,48.879614]]],[[[2.374071,48.880285],[2.374234,48.879382],[2.37302,48.879988],[2.374239,48.879317],[2.374022,48.878476],[2.372965,48.87836],[2.371479,48.878955],[2.373024,48.88066],[2.374071,48.880285]]],[[[2.375178,48.88003],[2.374499,48.879818],[2.374154,48.880652],[2.375434,48.880164],[2.375178,48.88003]]],[[[2.378709,48.881071],[2.37943,48.880415],[2.378441,48.879103],[2.375995,48.880128],[2.378709,48.881071]]],[[[2.372246,48.880117],[2.371267,48.880459],[2.371857,48.881068],[2.372705,48.88066],[2.372246,48.880117]]],[[[2.373966,48.880487],[2.372939,48.880806],[2.373226,48.881137],[2.373966,48.880487]]],[[[2.379596,48.880596],[2.378967,48.881145],[2.380408,48.881371],[2.379596,48.880596]]],[[[2.376338,48.880491],[2.375674,48.880273],[2.374043,48.881025],[2.374438,48.881411],[2.376338,48.880491]]],[[[2.372734,48.88073],[2.371908,48.881122],[2.372331,48.881525],[2.373039,48.881218],[2.372734,48.88073]]],[[[2.374283,48.881454],[2.373907,48.881086],[2.373487,48.881274],[2.373864,48.881642],[2.374283,48.881454]]],[[[2.381136,48.88192],[2.381088,48.882236],[2.381561,48.882258],[2.381136,48.88192]]],[[[2.371648,48.881014],[2.371233,48.880586],[2.37066,48.880633],[2.372091,48.879955],[2.370562,48.87856],[2.370522,48.882281],[2.372171,48.881595],[2.371648,48.881014]]],[[[2.374939,48.882489],[2.374777,48.882404],[2.374518,48.882271],[2.374442,48.882324],[2.374562,48.882392],[2.374633,48.882488],[2.374659,48.882472],[2.374664,48.882476],[2.374937,48.882502],[2.374939,48.882489]]],[[[2.371791,48.882868],[2.374408,48.882216],[2.37379,48.881836],[2.371791,48.882868]]],[[[2.371718,48.882733],[2.373658,48.881701],[2.373213,48.881357],[2.370576,48.882501],[2.371324,48.882919],[2.371718,48.882733]]],[[[2.375692,48.882949],[2.375596,48.8829],[2.375592,48.8829],[2.375085,48.883231],[2.375189,48.883297],[2.375692,48.882949]]]],"type":"MultiPolygon"},"properties":{"id_projet":"ELEMENTAIRES (année scolaire 2023/2024)","libelle":"G.SIMON BOLIVAR(119)A/B","zone_commune":1,"etiquette":"Secteur commun des écoles \n119 AVENUE SIMON BOLIVAR (EC.B (A) \n119 AVENUE SIMON BOLIVAR (EC.B (B)","lib_etab_1":"SIMON BOLIVAR (119) ELEM A","lib_etab_2":"SIMON BOLIVAR (119) ELEM B","lib_etab_3":null,"lib_etab_4":null,"adr_etab_1":"119 AVENUE SIMON BOLIVAR (EC.B (A)","adr_etab_2":"119 AVENUE SIMON BOLIVAR (EC.B (B)","adr_etab_3":null,"adr_etab_4":null,"annee_scol":"2023-2024","st_area_shape":266213.68441879743,"st_perimeter_shape":12870.344652855094,"type_etabl":"Elémentaire","geo_point_2d":{"lon":2.3748536876406643,"lat":48.879926241485606}}},{"type":"Feature","geometry":{"coordinates":[[[[2.380541,48.882205],[2.380898,48.881732],[2.380155,48.882198],[2.378598,48.881582],[2.37821,48.881998],[2.375914,48.881415],[2.374942,48.882335],[2.375629,48.882716],[2.380281,48.882498],[2.380541,48.882205]]],[[[2.381527,48.882348],[2.381088,48.882236],[2.381009,48.881855],[2.380513,48.882465],[2.381527,48.882348]]],[[[2.374937,48.882502],[2.374442,48.882324],[2.373924,48.882732],[2.374937,48.882502]]],[[[2.373574,48.882814],[2.373379,48.882617],[2.37372,48.88271],[2.374404,48.882219],[2.373892,48.882148],[2.372597,48.882807],[2.371791,48.882868],[2.373574,48.882814]]],[[[2.371295,48.882721],[2.371214,48.882652],[2.37119,48.882633],[2.371128,48.882665],[2.371069,48.882607],[2.370979,48.882654],[2.370928,48.882606],[2.370782,48.882687],[2.370691,48.88262],[2.370551,48.882519],[2.370517,48.882543],[2.370516,48.882689],[2.370536,48.882708],[2.370541,48.882714],[2.370544,48.882715],[2.370627,48.882736],[2.370671,48.882748],[2.37076,48.882771],[2.370879,48.882802],[2.371128,48.882867],[2.371321,48.882918],[2.371307,48.882731],[2.371295,48.882721]]],[[[2.38199,48.883265],[2.382287,48.882903],[2.381768,48.882739],[2.381521,48.883116],[2.38199,48.883265]]],[[[2.383585,48.883118],[2.382848,48.882656],[2.382652,48.882826],[2.383462,48.883457],[2.383585,48.883118]]],[[[2.374097,48.883035],[2.371952,48.883086],[2.373405,48.883469],[2.374097,48.883035]]],[[[2.37392,48.88343],[2.374822,48.883402],[2.375592,48.8829],[2.37447,48.882954],[2.37392,48.88343]]],[[[2.376492,48.883546],[2.376799,48.883517],[2.375692,48.882949],[2.375189,48.883297],[2.37624,48.883742],[2.376492,48.883546]]],[[[2.383925,48.883694],[2.38369,48.883635],[2.383835,48.883748],[2.383959,48.883844],[2.38408,48.883939],[2.384216,48.884045],[2.384257,48.884044],[2.38438,48.883936],[2.384279,48.883884],[2.384254,48.883871],[2.384229,48.883858],[2.384237,48.883845],[2.384266,48.8838],[2.384275,48.883784],[2.384146,48.883752],[2.384131,48.883748],[2.384105,48.88374],[2.384064,48.88373],[2.384047,48.883726],[2.383969,48.883706],[2.383925,48.883694]]],[[[2.378854,48.884288],[2.380111,48.882686],[2.37601,48.88293],[2.378854,48.884288]]],[[[2.37739,48.884335],[2.377767,48.884057],[2.377012,48.883636],[2.377165,48.884365],[2.37739,48.884335]]],[[[2.379548,48.884066],[2.380732,48.882864],[2.381433,48.882636],[2.380333,48.882689],[2.378876,48.884489],[2.379625,48.884614],[2.379357,48.88433],[2.379548,48.884066]]],[[[2.381262,48.884635],[2.381884,48.883586],[2.381268,48.88335],[2.381341,48.88393],[2.380069,48.884624],[2.381262,48.884635]]],[[[2.379196,48.884871],[2.377834,48.884088],[2.377312,48.884473],[2.379196,48.884871]]],[[[2.383066,48.884735],[2.383268,48.884486],[2.382987,48.884294],[2.382805,48.88458],[2.382386,48.884338],[2.382074,48.884552],[2.382389,48.884018],[2.382882,48.884359],[2.383257,48.883785],[2.384052,48.884195],[2.382428,48.882964],[2.382141,48.883449],[2.382385,48.883604],[2.382013,48.883664],[2.381386,48.884724],[2.383066,48.884735]]]],"type":"MultiPolygon"},"properties":{"id_projet":"ELEMENTAIRES (année scolaire 2023/2024)","libelle":"ARMAND CARREL (43) ELEM","zone_commune":0,"etiquette":"Secteur de l'école 43 RUE ARMAND CARREL","lib_etab_1":"ARMAND CARREL (43) ELEM","lib_etab_2":null,"lib_etab_3":null,"lib_etab_4":null,"adr_etab_1":"43 RUE ARMAND CARREL","adr_etab_2":null,"adr_etab_3":null,"adr_etab_4":null,"annee_scol":"2023-2024","st_area_shape":124028.89407125098,"st_perimeter_shape":7636.091643602531,"type_etabl":"Elémentaire","geo_point_2d":{"lon":2.378413596418997,"lat":48.883114092495894}}},{"type":"Feature","geometry":{"coordinates":[[[[2.379598,48.889946],[2.379462,48.889858],[2.379192,48.890018],[2.379207,48.890183],[2.379228,48.890202],[2.379276,48.890178],[2.37936,48.890135],[2.379426,48.890101],[2.379378,48.89006],[2.37938,48.890059],[2.379598,48.889946]]],[[[2.378708,48.889265],[2.37859,48.889206],[2.378573,48.889208],[2.378577,48.889472],[2.378818,48.88932],[2.378708,48.889265]]],[[[2.378346,48.889715],[2.378127,48.889583],[2.377992,48.889701],[2.37799,48.889703],[2.378192,48.889859],[2.378346,48.889715]]]],"type":"MultiPolygon"},"properties":{"id_projet":"ELEMENTAIRES (année scolaire 2023/2024)","libelle":"Z.MATHIS/JOMARD","zone_commune":1,"etiquette":"Secteur commun des écoles \n9 RUE JOMARD \n14 RUE MATHIS","lib_etab_1":"JOMARD (9) ELEM","lib_etab_2":"MATHIS (14) ELEM","lib_etab_3":null,"lib_etab_4":null,"adr_etab_1":"9 RUE JOMARD","adr_etab_2":"14 RUE MATHIS","adr_etab_3":null,"adr_etab_4":null,"annee_scol":"2023-2024","st_area_shape":1178.3922246137304,"st_perimeter_shape":263.3052966502349,"type_etabl":"Elémentaire","geo_point_2d":{"lon":2.3787935330791092,"lat":48.889759242139974}}},{"type":"Feature","geometry":{"coordinates":[[[[2.370774,48.901868],[2.370505,48.901801],[2.370537,48.901865],[2.37077,48.90187],[2.370774,48.901868]]],[[[2.388398,48.901413],[2.388393,48.901407],[2.388297,48.901426],[2.388298,48.901432],[2.388333,48.901425],[2.388341,48.901424],[2.388398,48.901413]]]],"type":"MultiPolygon"},"properties":{"id_projet":"ELEMENTAIRES (année scolaire 2023/2024)","libelle":"Z. BOLLAERT(53)/MACDONALD(118)/MACDONALD(141)","zone_commune":1,"etiquette":"Secteur commun des écoles \n53 RUE EMILE BOLLAERT \n118 BOULEVARD MACDONALD\n141 BOULEVARD MACDONALD","lib_etab_1":"EMILE BOLLAERT (53) POLY","lib_etab_2":"MACDONALD (118) POLY","lib_etab_3":"MACDONALD (141) POLY","lib_etab_4":null,"adr_etab_1":"53 RUE EMILE BOLLAERT","adr_etab_2":"118 BOULEVARD MACDONALD","adr_etab_3":"141 BOULEVARD MACDONALD","adr_etab_4":null,"annee_scol":"2023-2024","st_area_shape":68.36606116754395,"st_perimeter_shape":62.34280373528086,"type_etabl":"Elémentaire","geo_point_2d":{"lon":2.371972008319028,"lat":48.901812454582}}},{"type":"Feature","geometry":{"coordinates":[[[[2.397141,48.881524],[2.396697,48.881486],[2.396101,48.882749],[2.395257,48.883207],[2.396913,48.88346],[2.396967,48.883092],[2.39648,48.883006],[2.397141,48.881524]]],[[[2.390907,48.878995],[2.390612,48.878814],[2.390857,48.878461],[2.390212,48.879023],[2.390907,48.878995]]],[[[2.390109,48.878936],[2.390789,48.878343],[2.390195,48.87834],[2.390109,48.878936]]],[[[2.392361,48.879077],[2.39232,48.878678],[2.393303,48.877902],[2.392381,48.877801],[2.391406,48.878135],[2.391656,48.878164],[2.391237,48.878511],[2.391606,48.878804],[2.391383,48.879356],[2.392361,48.879077]]],[[[2.389841,48.879169],[2.389823,48.879143],[2.389618,48.87923],[2.389609,48.87923],[2.389604,48.879231],[2.38952,48.879238],[2.389378,48.879249],[2.389378,48.879261],[2.38951,48.879422],[2.389584,48.879394],[2.389637,48.879348],[2.389788,48.879216],[2.389841,48.879169]]],[[[2.390362,48.879801],[2.391218,48.879465],[2.391029,48.879058],[2.390156,48.879124],[2.389786,48.879615],[2.390362,48.879801]]],[[[2.391515,48.879758],[2.391243,48.879583],[2.390443,48.879926],[2.39173,48.88004],[2.391515,48.879758]]],[[[2.392653,48.879682],[2.392347,48.879244],[2.391514,48.879555],[2.392019,48.880058],[2.392863,48.880104],[2.392915,48.879714],[2.392653,48.879682]]],[[[2.393328,48.879745],[2.393375,48.879388],[2.393161,48.879435],[2.392903,48.880107],[2.393277,48.880127],[2.393328,48.879745]]],[[[2.393797,48.87952],[2.393414,48.879393],[2.393317,48.880129],[2.393714,48.880151],[2.393797,48.87952]]],[[[2.394218,48.879645],[2.393843,48.879473],[2.393753,48.880153],[2.394148,48.880175],[2.394218,48.879645]]],[[[2.394654,48.879647],[2.39427,48.87953],[2.394185,48.880177],[2.394579,48.880197],[2.394654,48.879647]]],[[[2.395086,48.879675],[2.394701,48.879593],[2.394634,48.880199],[2.395014,48.880221],[2.395086,48.879675]]],[[[2.395523,48.879689],[2.395136,48.879598],[2.395052,48.880223],[2.395448,48.880246],[2.395523,48.879689]]],[[[2.39619,48.880123],[2.395574,48.879604],[2.395487,48.880248],[2.39619,48.880123]]],[[[2.390764,48.880166],[2.39153,48.880855],[2.392216,48.880417],[2.390764,48.880166]]],[[[2.39465,48.880382],[2.39452,48.880933],[2.395744,48.880463],[2.39465,48.880382]]],[[[2.392313,48.880483],[2.391558,48.880875],[2.39182,48.881053],[2.392506,48.880614],[2.392313,48.880483]]],[[[2.394203,48.880357],[2.39406,48.881109],[2.394478,48.880949],[2.394556,48.880377],[2.394203,48.880357]]],[[[2.394072,48.880739],[2.394123,48.880353],[2.39345,48.880315],[2.393496,48.880682],[2.393418,48.880313],[2.392256,48.880292],[2.393398,48.881067],[2.393664,48.880691],[2.393614,48.881093],[2.39402,48.881125],[2.394072,48.880739]]],[[[2.390571,48.88077],[2.390806,48.88062],[2.390054,48.880154],[2.389305,48.880929],[2.389743,48.881058],[2.389948,48.880746],[2.389779,48.881068],[2.390001,48.881134],[2.390571,48.88077]]],[[[2.390865,48.88066],[2.390042,48.881146],[2.390415,48.881255],[2.391098,48.880818],[2.390865,48.88066]]],[[[2.397561,48.881399],[2.397285,48.881033],[2.396964,48.881214],[2.397561,48.881399]]],[[[2.395793,48.880964],[2.396852,48.880998],[2.396726,48.880507],[2.396075,48.880462],[2.394965,48.880886],[2.39543,48.881411],[2.39536,48.881072],[2.395793,48.880964]]],[[[2.393062,48.881217],[2.392939,48.881133],[2.392893,48.881139],[2.392828,48.881181],[2.392749,48.881233],[2.392771,48.881332],[2.392784,48.881388],[2.392821,48.881413],[2.39287,48.881418],[2.393015,48.88143],[2.393106,48.881371],[2.393171,48.881329],[2.393193,48.881306],[2.393062,48.881217]]],[[[2.395014,48.880993],[2.394587,48.881031],[2.395006,48.881505],[2.395391,48.88142],[2.395014,48.880993]]],[[[2.389416,48.880628],[2.389959,48.880089],[2.389591,48.879793],[2.388402,48.880602],[2.388519,48.881497],[2.389416,48.880628]]],[[[2.38836,48.881623],[2.388206,48.880774],[2.387948,48.881699],[2.38836,48.881623]]],[[[2.394768,48.881287],[2.394552,48.881044],[2.39383,48.881228],[2.393632,48.881765],[2.394967,48.881513],[2.394768,48.881287]]],[[[2.393518,48.881584],[2.393612,48.881234],[2.392533,48.880633],[2.391849,48.881073],[2.392529,48.881535],[2.392877,48.881052],[2.39328,48.881327],[2.392586,48.881574],[2.39292,48.881801],[2.39341,48.881855],[2.393518,48.881584]]],[[[2.391172,48.880869],[2.390454,48.881267],[2.392616,48.881902],[2.391172,48.880869]]],[[[2.390069,48.881929],[2.390338,48.88135],[2.389981,48.881245],[2.389689,48.88168],[2.389769,48.881183],[2.389322,48.881768],[2.38989,48.881918],[2.389234,48.881798],[2.389717,48.881168],[2.389123,48.881492],[2.389444,48.881088],[2.389219,48.881021],[2.388492,48.881813],[2.390069,48.881929]]],[[[2.396396,48.881472],[2.393538,48.882052],[2.396001,48.88228],[2.396396,48.881472]]],[[[2.390732,48.882443],[2.390449,48.88192],[2.39084,48.882031],[2.390912,48.882403],[2.390954,48.882056],[2.39258,48.881999],[2.390398,48.881367],[2.390057,48.881836],[2.390406,48.88242],[2.390732,48.882443]]],[[[2.390144,48.882211],[2.388414,48.882045],[2.390265,48.882522],[2.390144,48.882211]]],[[[2.392778,48.882185],[2.391561,48.882492],[2.392766,48.882755],[2.393233,48.882296],[2.392778,48.882185]]],[[[2.394541,48.882247],[2.393489,48.882191],[2.394849,48.883118],[2.396018,48.882411],[2.394541,48.882247]]],[[[2.392618,48.882902],[2.391217,48.882528],[2.391273,48.882836],[2.390271,48.882784],[2.392135,48.883327],[2.392618,48.882902]]],[[[2.392036,48.883416],[2.389929,48.88293],[2.391612,48.883573],[2.392036,48.883416]]],[[[2.39342,48.882398],[2.392926,48.882846],[2.394712,48.883592],[2.394769,48.883323],[2.39342,48.882398]]],[[[2.394943,48.883811],[2.395424,48.883517],[2.395018,48.883513],[2.394943,48.883811]]],[[[2.395932,48.884028],[2.396767,48.883786],[2.39586,48.883593],[2.395932,48.884028]]],[[[2.394535,48.884138],[2.39463,48.883729],[2.392832,48.88294],[2.392549,48.883165],[2.393435,48.883738],[2.394221,48.883806],[2.394191,48.884215],[2.394535,48.884138]]]],"type":"MultiPolygon"},"properties":{"id_projet":"ELEMENTAIRES (année scolaire 2024/2025)","libelle":"G.COMPANS(106)/BRUNET(7)","zone_commune":1,"etiquette":"Secteur commun des écoles \n106 RUE COMPANS \n7 RUE DU GENERAL BRUNET","lib_etab_1":"COMPANS (106) ELEM A","lib_etab_2":"GENERAL BRUNET (7) ELEM","lib_etab_3":null,"lib_etab_4":null,"adr_etab_1":"106 RUE COMPANS","adr_etab_2":"7 RUE DU GENERAL BRUNET","adr_etab_3":null,"adr_etab_4":null,"annee_scol":"2024-2025","st_area_shape":193352.27396902876,"st_perimeter_shape":14614.64534327728,"type_etabl":"Elémentaire","geo_point_2d":{"lon":2.3927376218437315,"lat":48.88121954305493}}},{"type":"Feature","geometry":{"coordinates":[[[2.397978,48.878057],[2.398095,48.878074],[2.398136,48.87808],[2.398173,48.878085],[2.398178,48.878068],[2.398183,48.878048],[2.398187,48.878034],[2.398192,48.878014],[2.398195,48.878005],[2.398209,48.877952],[2.398225,48.877894],[2.398189,48.87789],[2.398173,48.877888],[2.398115,48.877882],[2.398103,48.877881],[2.397981,48.877868],[2.397978,48.878057]]],"type":"Polygon"},"properties":{"id_projet":"ELEMENTAIRES (année scolaire 2024/2025)","libelle":"Z. E. COTTON/ROMAINVILLE A(57)/ROMAINVILLE B(59)","zone_commune":1,"etiquette":"Secteur commun des écoles \n16 RUE EUGENIE COTTON (ECOLE A (A) \n16 RUE EUGENIE COTTON (ECOLE A (B)\n59","lib_etab_1":"EUGENIE COTTON (16) ELEM B","lib_etab_2":"EUGENIE COTTON (16) ELEM A","lib_etab_3":"ROMAINVILLE (59) ELEM B","lib_etab_4":"ROMAINVILLE (57) ELEM A","adr_etab_1":"16 RUE EUGENIE COTTON (ECOLE A (A)","adr_etab_2":"16 RUE EUGENIE COTTON (ECOLE A (B)","adr_etab_3":"59 RUE DE ROMAINVILLE","adr_etab_4":"57 RUE DE ROMAINVILLE","annee_scol":"2024-2025","st_area_shape":346.1677794652005,"st_perimeter_shape":75.34131896034776,"type_etabl":"Elémentaire","geo_point_2d":{"lon":2.3980905245391044,"lat":48.87797255987482}}},{"type":"Feature","geometry":{"coordinates":[[[[2.374942,48.882335],[2.375914,48.881415],[2.37821,48.881998],[2.378598,48.881582],[2.380155,48.882198],[2.380898,48.881732],[2.376559,48.880595],[2.373978,48.881746],[2.374942,48.882335]]],[[[2.378183,48.876846],[2.378157,48.876824],[2.377817,48.876841],[2.377733,48.876845],[2.377637,48.87685],[2.377544,48.876854],[2.377465,48.876858],[2.377383,48.876862],[2.377274,48.876867],[2.377172,48.876871],[2.377071,48.876876],[2.376961,48.876881],[2.376908,48.876884],[2.376836,48.876906],[2.376649,48.876964],[2.376538,48.876999],[2.376462,48.877022],[2.376391,48.877044],[2.37629,48.877075],[2.376231,48.877094],[2.376164,48.877126],[2.376092,48.877159],[2.37602,48.877193],[2.3758,48.877297],[2.375809,48.877323],[2.376074,48.877352],[2.376082,48.877353],[2.376167,48.877362],[2.376206,48.877366],[2.376256,48.877358],[2.376272,48.877353],[2.376365,48.877322],[2.376453,48.877292],[2.376664,48.877223],[2.37675,48.877196],[2.376995,48.877115],[2.377013,48.87711],[2.377486,48.877088],[2.378034,48.877061],[2.378069,48.877044],[2.378155,48.876894],[2.378183,48.876846]]],[[[2.378009,48.877139],[2.377984,48.877119],[2.377791,48.877128],[2.377761,48.877129],[2.377647,48.877133],[2.377457,48.877143],[2.377349,48.877149],[2.377107,48.877161],[2.377036,48.877164],[2.376913,48.877204],[2.376736,48.877262],[2.37664,48.877293],[2.376414,48.877366],[2.376419,48.877391],[2.376659,48.877417],[2.376753,48.877412],[2.376941,48.877403],[2.377131,48.877393],[2.377363,48.877382],[2.377606,48.87737],[2.377863,48.877358],[2.3779,48.87734],[2.377921,48.877297],[2.377961,48.877224],[2.378009,48.877139]]],[[[2.377992,48.877699],[2.378519,48.876821],[2.378352,48.87661],[2.377992,48.877699]]],[[[2.377782,48.877543],[2.375759,48.8774],[2.376734,48.877713],[2.377782,48.877543]]],[[[2.373939,48.87774],[2.373728,48.877738],[2.373735,48.877777],[2.373746,48.877792],[2.373745,48.877805],[2.373746,48.877807],[2.373954,48.877817],[2.373939,48.87774]]],[[[2.375869,48.877847],[2.375366,48.878046],[2.37673,48.878177],[2.375869,48.877847]]],[[[2.373373,48.878073],[2.372436,48.877028],[2.371308,48.877823],[2.370882,48.877771],[2.373373,48.878073]]],[[[2.373998,48.87797],[2.37338,48.878223],[2.374055,48.878298],[2.373998,48.87797]]],[[[2.375788,48.877673],[2.375663,48.877308],[2.37618,48.877037],[2.378206,48.876634],[2.375874,48.876867],[2.374197,48.877671],[2.374951,48.877437],[2.374236,48.877849],[2.374361,48.878289],[2.375097,48.878413],[2.375788,48.877673]]],[[[2.378136,48.878753],[2.37775,48.878163],[2.37719,48.87812],[2.377979,48.877723],[2.375938,48.877689],[2.376864,48.878018],[2.376846,48.878261],[2.375397,48.878112],[2.375288,48.878403],[2.378136,48.878753]]],[[[2.371437,48.878846],[2.372623,48.878321],[2.370975,48.878137],[2.37083,48.878415],[2.371437,48.878846]]],[[[2.375596,48.878651],[2.375842,48.879981],[2.37813,48.878958],[2.375596,48.878651]]],[[[2.375527,48.879614],[2.375381,48.878672],[2.374422,48.878543],[2.374503,48.879603],[2.375483,48.879994],[2.375527,48.879614]]],[[[2.374071,48.880285],[2.374234,48.879382],[2.37302,48.879988],[2.374239,48.879317],[2.374022,48.878476],[2.372965,48.87836],[2.371479,48.878955],[2.373024,48.88066],[2.374071,48.880285]]],[[[2.375178,48.88003],[2.374499,48.879818],[2.374154,48.880652],[2.375434,48.880164],[2.375178,48.88003]]],[[[2.378709,48.881071],[2.37943,48.880415],[2.378441,48.879103],[2.375995,48.880128],[2.378709,48.881071]]],[[[2.372246,48.880117],[2.371267,48.880459],[2.371857,48.881068],[2.372705,48.88066],[2.372246,48.880117]]],[[[2.373966,48.880487],[2.372939,48.880806],[2.373226,48.881137],[2.373966,48.880487]]],[[[2.379596,48.880596],[2.378967,48.881145],[2.380408,48.881371],[2.379596,48.880596]]],[[[2.376338,48.880491],[2.375674,48.880273],[2.374043,48.881025],[2.374438,48.881411],[2.376338,48.880491]]],[[[2.372734,48.88073],[2.371908,48.881122],[2.372331,48.881525],[2.373039,48.881218],[2.372734,48.88073]]],[[[2.374283,48.881454],[2.373907,48.881086],[2.373487,48.881274],[2.373864,48.881642],[2.374283,48.881454]]],[[[2.381136,48.88192],[2.381088,48.882236],[2.381561,48.882258],[2.381136,48.88192]]],[[[2.371648,48.881014],[2.371233,48.880586],[2.37066,48.880633],[2.372091,48.879955],[2.370562,48.87856],[2.370522,48.882281],[2.372171,48.881595],[2.371648,48.881014]]],[[[2.374939,48.882489],[2.374777,48.882404],[2.374518,48.882271],[2.374442,48.882324],[2.374562,48.882392],[2.374633,48.882488],[2.374659,48.882472],[2.374664,48.882476],[2.374937,48.882502],[2.374939,48.882489]]],[[[2.371791,48.882868],[2.374408,48.882216],[2.37379,48.881836],[2.371791,48.882868]]],[[[2.371718,48.882733],[2.373658,48.881701],[2.373213,48.881357],[2.370576,48.882501],[2.371324,48.882919],[2.371718,48.882733]]],[[[2.375692,48.882949],[2.375596,48.8829],[2.375592,48.8829],[2.375085,48.883231],[2.375189,48.883297],[2.375692,48.882949]]]],"type":"MultiPolygon"},"properties":{"id_projet":"4907","libelle":"G.SIMON BOLIVAR(119)A/B","zone_commune":1,"etiquette":"Secteur commun des écoles \n119 AVENUE SIMON BOLIVAR \n119 AVENUE SIMON BOLIVAR (EC.B","lib_etab_1":"SIMON BOLIVAR (119) ELEM A","lib_etab_2":"SIMON BOLIVAR (119) ELEM B","lib_etab_3":null,"lib_etab_4":null,"adr_etab_1":"119 AVENUE SIMON BOLIVAR","adr_etab_2":"119 AVENUE SIMON BOLIVAR (EC.B","adr_etab_3":null,"adr_etab_4":null,"annee_scol":"2025-2026","st_area_shape":266213.68441879743,"st_perimeter_shape":12870.344652855094,"type_etabl":"Elémentaire","geo_point_2d":{"lon":2.3748536876406643,"lat":48.879926241485606}}},{"type":"Feature","geometry":{"coordinates":[[[[2.375733,48.892561],[2.376823,48.893362],[2.378678,48.892399],[2.37664,48.890904],[2.375307,48.892113],[2.375733,48.892561]]],[[[2.370633,48.897673],[2.370862,48.897305],[2.374216,48.896891],[2.371645,48.895869],[2.370642,48.89675],[2.370633,48.897673]]],[[[2.370412,48.894055],[2.372987,48.893274],[2.372516,48.892251],[2.370988,48.892706],[2.371354,48.89326],[2.370708,48.89345],[2.370863,48.893728],[2.370111,48.89399],[2.370412,48.894055]]],[[[2.372966,48.892741],[2.374196,48.892348],[2.374523,48.89252],[2.37489,48.892138],[2.373566,48.891203],[2.373766,48.891452],[2.372557,48.89184],[2.372966,48.892741]]],[[[2.375268,48.892415],[2.373617,48.893646],[2.376553,48.893463],[2.375268,48.892415]]],[[[2.370633,48.897673],[2.370611,48.898295],[2.371252,48.898004],[2.371271,48.897662],[2.377219,48.897708],[2.372707,48.897435],[2.370805,48.897449],[2.370633,48.897673]]],[[[2.372663,48.894291],[2.372991,48.893896],[2.370577,48.894581],[2.371758,48.895248],[2.372663,48.894291]]],[[[2.3724,48.893939],[2.373129,48.893743],[2.372985,48.893377],[2.370263,48.894185],[2.370521,48.894441],[2.3724,48.893939]]],[[[2.377887,48.893686],[2.37692,48.893521],[2.378517,48.894909],[2.378983,48.894266],[2.377887,48.893686]]],[[[2.375036,48.892],[2.376525,48.890702],[2.374833,48.8916],[2.374012,48.891123],[2.375036,48.892]]],[[[2.374801,48.894176],[2.375566,48.893711],[2.373507,48.893797],[2.374801,48.894176]]],[[[2.373381,48.893101],[2.374423,48.892554],[2.373049,48.892923],[2.373381,48.893101]]],[[[2.372453,48.891611],[2.373636,48.891404],[2.373484,48.891218],[2.372394,48.891415],[2.372453,48.891611]]],[[[2.373706,48.893259],[2.373985,48.892961],[2.373213,48.893279],[2.373377,48.893558],[2.373706,48.893259]]],[[[2.372073,48.892117],[2.37247,48.892151],[2.37233,48.891845],[2.371689,48.891971],[2.372073,48.892117]]],[[[2.382289,48.890364],[2.382355,48.89044],[2.382554,48.890267],[2.382551,48.890266],[2.382289,48.890364]]],[[[2.375397,48.889249],[2.3754,48.889252],[2.375681,48.889124],[2.375679,48.889121],[2.375397,48.889249]]]],"type":"MultiPolygon"},"properties":{"id_projet":"4907","libelle":"G.OURCQ(105)A/(105B)B","zone_commune":1,"etiquette":"Secteur commun des écoles \n105 bis RUE DE L'OURCQ (ECOLE B) (A) \n105 bis RUE DE L'OURCQ (ECOLE B) (B","lib_etab_1":"OURCQ (105B) ELEM A","lib_etab_2":"OURCQ (105B) ELEM B","lib_etab_3":null,"lib_etab_4":null,"adr_etab_1":"105 bis RUE DE L'OURCQ (ECOLE B) (A)","adr_etab_2":"105 bis RUE DE L'OURCQ (ECOLE B) (B)","adr_etab_3":null,"adr_etab_4":null,"annee_scol":"2025-2026","st_area_shape":162892.6722921505,"st_perimeter_shape":7957.994928303144,"type_etabl":"Elémentaire","geo_point_2d":{"lon":2.374077807869102,"lat":48.89374738444218}}},{"type":"Feature","geometry":{"coordinates":[[[[2.388545,48.886561],[2.389102,48.886091],[2.388164,48.885957],[2.387972,48.88644],[2.388545,48.886561]]],[[[2.389618,48.886165],[2.389344,48.886126],[2.389344,48.886127],[2.389454,48.886273],[2.389625,48.88631],[2.389733,48.886198],[2.389702,48.886186],[2.3897,48.886186],[2.389699,48.886185],[2.389698,48.886185],[2.389696,48.886184],[2.389694,48.886184],[2.389693,48.886183],[2.389691,48.886183],[2.389689,48.886182],[2.389687,48.886181],[2.389686,48.886181],[2.389684,48.88618],[2.389682,48.88618],[2.38968,48.886179],[2.389679,48.886179],[2.389677,48.886178],[2.389675,48.886178],[2.389674,48.886177],[2.389672,48.886177],[2.389671,48.886176],[2.389669,48.886176],[2.389668,48.886176],[2.389667,48.886175],[2.389666,48.886175],[2.389665,48.886175],[2.389664,48.886174],[2.389662,48.886174],[2.389661,48.886174],[2.38966,48.886173],[2.389659,48.886173],[2.389657,48.886173],[2.389656,48.886172],[2.389655,48.886172],[2.389654,48.886172],[2.389652,48.886172],[2.389651,48.886171],[2.38965,48.886171],[2.389648,48.886171],[2.389647,48.88617],[2.389646,48.88617],[2.389644,48.88617],[2.389643,48.88617],[2.389642,48.886169],[2.38964,48.886169],[2.389639,48.886169],[2.389638,48.886169],[2.389637,48.886168],[2.389635,48.886168],[2.389634,48.886168],[2.389633,48.886168],[2.389632,48.886167],[2.38963,48.886167],[2.389629,48.886167],[2.389628,48.886167],[2.389627,48.886166],[2.389626,48.886166],[2.389624,48.886166],[2.389623,48.886166],[2.389622,48.886165],[2.389621,48.886165],[2.38962,48.886165],[2.389618,48.886165]]],[[[2.38966,48.883811],[2.38943,48.884102],[2.38988,48.883899],[2.38966,48.883811]]],[[[2.389668,48.886995],[2.389227,48.88688],[2.389218,48.887188],[2.389668,48.886995]]],[[[2.394379,48.883973],[2.393808,48.883751],[2.393607,48.884269],[2.394393,48.884429],[2.394119,48.884139],[2.394379,48.883973]]]],"type":"MultiPolygon"},"properties":{"id_projet":"4913","libelle":"Z.MANIN A,B/GOUBET","zone_commune":1,"etiquette":"Secteur commun des écoles \n4 GOUBET (4) ELEM \n30 MANIN (30) ELEM B\n40 bis MANIN (40 B) ELEM","lib_etab_1":"GOUBET (4) ELEM","lib_etab_2":"MANIN (30) ELEM B","lib_etab_3":"MANIN (40 B) ELEM","lib_etab_4":null,"adr_etab_1":"4 GOUBET (4) ELEM","adr_etab_2":"30 MANIN (30) ELEM B","adr_etab_3":"40 bis MANIN (40 B) ELEM","adr_etab_4":null,"annee_scol":"2026-2027","st_area_shape":7298.655220113322,"st_perimeter_shape":820.6158412165045,"type_etabl":"Elémentaire","geo_point_2d":{"lon":2.3905228305629533,"lat":48.885417116584456}}},{"type":"Feature","geometry":{"coordinates":[[[[2.388545,48.886561],[2.389102,48.886091],[2.388164,48.885957],[2.387972,48.88644],[2.388545,48.886561]]],[[[2.394379,48.883973],[2.393808,48.883751],[2.393607,48.884269],[2.394393,48.884429],[2.394119,48.884139],[2.394379,48.883973]]],[[[2.389668,48.886995],[2.389227,48.88688],[2.389218,48.887188],[2.389668,48.886995]]],[[[2.38966,48.883811],[2.38943,48.884102],[2.38988,48.883899],[2.38966,48.883811]]],[[[2.389618,48.886165],[2.389344,48.886126],[2.389344,48.886127],[2.389454,48.886273],[2.389625,48.88631],[2.389733,48.886198],[2.389702,48.886186],[2.3897,48.886186],[2.389699,48.886185],[2.389698,48.886185],[2.389696,48.886184],[2.389694,48.886184],[2.389693,48.886183],[2.389691,48.886183],[2.389689,48.886182],[2.389687,48.886181],[2.389686,48.886181],[2.389684,48.88618],[2.389682,48.88618],[2.38968,48.886179],[2.389679,48.886179],[2.389677,48.886178],[2.389675,48.886178],[2.389674,48.886177],[2.389672,48.886177],[2.389671,48.886176],[2.389669,48.886176],[2.389668,48.886176],[2.389667,48.886175],[2.389666,48.886175],[2.389665,48.886175],[2.389664,48.886174],[2.389662,48.886174],[2.389661,48.886174],[2.38966,48.886173],[2.389659,48.886173],[2.389657,48.886173],[2.389656,48.886172],[2.389655,48.886172],[2.389654,48.886172],[2.389652,48.886172],[2.389651,48.886171],[2.38965,48.886171],[2.389648,48.886171],[2.389647,48.88617],[2.389646,48.88617],[2.389644,48.88617],[2.389643,48.88617],[2.389642,48.886169],[2.38964,48.886169],[2.389639,48.886169],[2.389638,48.886169],[2.389637,48.886168],[2.389635,48.886168],[2.389634,48.886168],[2.389633,48.886168],[2.389632,48.886167],[2.38963,48.886167],[2.389629,48.886167],[2.389628,48.886167],[2.389627,48.886166],[2.389626,48.886166],[2.389624,48.886166],[2.389623,48.886166],[2.389622,48.886165],[2.389621,48.886165],[2.38962,48.886165],[2.389618,48.886165]]]],"type":"MultiPolygon"},"properties":{"id_projet":"ELEMENTAIRES (année scolaire 2020/2021)","libelle":"Z.MANIN A,B/GOUBET","zone_commune":1,"etiquette":"Secteur commun des écoles \n30 RUE MANIN \n40 bis RUE MANIN\n4 RUE GOUBET","lib_etab_1":"MANIN (30) ELEM B","lib_etab_2":"MANIN (40B) ELEM","lib_etab_3":"GOUBET (4) ELEM","lib_etab_4":null,"adr_etab_1":"30 RUE MANIN","adr_etab_2":"40 bis RUE MANIN","adr_etab_3":"4 RUE GOUBET","adr_etab_4":null,"annee_scol":"2020-2021","st_area_shape":7298.655220113323,"st_perimeter_shape":820.6158412165045,"type_etabl":null,"geo_point_2d":{"lon":2.390522830562953,"lat":48.88541711658447}}},{"type":"Feature","geometry":{"coordinates":[[[[2.384668,48.875907],[2.38525,48.875884],[2.385396,48.87671],[2.385864,48.876724],[2.385686,48.875162],[2.386171,48.874428],[2.385752,48.874731],[2.385622,48.874204],[2.383808,48.875577],[2.383596,48.875853],[2.383913,48.876719],[2.38496,48.876752],[2.384668,48.875907]]],[[[2.383261,48.877828],[2.384651,48.87796],[2.385177,48.877662],[2.385448,48.877888],[2.385119,48.876866],[2.382582,48.877193],[2.383022,48.878105],[2.383261,48.877828]],[[2.38469,48.877872],[2.384688,48.87788],[2.384688,48.877879],[2.38469,48.877872]]],[[[2.381921,48.875746],[2.381334,48.876598],[2.38131,48.877518],[2.382823,48.876881],[2.381921,48.875746]]],[[[2.383704,48.876465],[2.383476,48.875807],[2.382505,48.875419],[2.382043,48.875644],[2.383069,48.876848],[2.383782,48.876716],[2.383704,48.876465]]],[[[2.383895,48.875368],[2.385475,48.874206],[2.384659,48.874168],[2.3838,48.874611],[2.383307,48.875309],[2.382638,48.875304],[2.38355,48.87571],[2.383895,48.875368]]],[[[2.386506,48.876579],[2.387314,48.876305],[2.386797,48.876459],[2.386604,48.876055],[2.386134,48.876114],[2.386619,48.875675],[2.385792,48.875383],[2.385975,48.876578],[2.386506,48.876579]]],[[[2.381926,48.878095],[2.382824,48.87816],[2.38228,48.877334],[2.381415,48.877791],[2.381785,48.878259],[2.381926,48.878095]]],[[[2.385945,48.877119],[2.386925,48.876992],[2.386813,48.876675],[2.387382,48.876462],[2.385385,48.876819],[2.385525,48.877476],[2.385945,48.877119]]],[[[2.387362,48.877689],[2.387832,48.877262],[2.386837,48.877437],[2.386958,48.877851],[2.387362,48.877689]]],[[[2.386618,48.877507],[2.385783,48.877616],[2.38581,48.878161],[2.386618,48.877507]]],[[[2.385855,48.875337],[2.386204,48.87529],[2.386278,48.874531],[2.385855,48.875337]]]],"type":"MultiPolygon"},"properties":{"id_projet":"ELEMENTAIRES (année scolaire 2020/2021)","libelle":"ALOUETTES (5) ELEM","zone_commune":0,"etiquette":"Secteur de l'école 5 RUE DES ALOUETTES","lib_etab_1":"ALOUETTES (5) ELEM","lib_etab_2":null,"lib_etab_3":null,"lib_etab_4":null,"adr_etab_1":"5 RUE DES ALOUETTES","adr_etab_2":null,"adr_etab_3":null,"adr_etab_4":null,"annee_scol":"2020-2021","st_area_shape":102869.1899754879,"st_perimeter_shape":5497.572362979616,"type_etabl":null,"geo_point_2d":{"lon":2.3841693303691383,"lat":48.87638223489644}}},{"type":"Feature","geometry":{"coordinates":[[[2.397978,48.878057],[2.398095,48.878074],[2.398136,48.87808],[2.398173,48.878085],[2.398178,48.878068],[2.398183,48.878048],[2.398187,48.878034],[2.398192,48.878014],[2.398195,48.878005],[2.398209,48.877952],[2.398225,48.877894],[2.398189,48.87789],[2.398173,48.877888],[2.398115,48.877882],[2.398103,48.877881],[2.397981,48.877868],[2.397978,48.878057]]],"type":"Polygon"},"properties":{"id_projet":"ELEMENTAIRES (année scolaire 2020/2021)","libelle":"Z. E. COTTON/ROMAINVILLE A(57)/ROMAINVILLE B(59)","zone_commune":1,"etiquette":"Secteur commun des écoles \n16 RUE EUGENIE COTTON (A) \n16 RUE EUGENIE COTTON (B)\n59 RUE DE ROMAINVILL","lib_etab_1":"EUGENIE COTTON (16) ELEM B","lib_etab_2":"EUGENIE COTTON (16) ELEM A","lib_etab_3":"ROMAINVILLE (59) ELEM B","lib_etab_4":"ROMAINVILLE (57) ELEM A","adr_etab_1":"16 RUE EUGENIE COTTON (A)","adr_etab_2":"16 RUE EUGENIE COTTON (B)","adr_etab_3":"59 RUE DE ROMAINVILLE","adr_etab_4":"57 RUE DE ROMAINVILLE","annee_scol":"2020-2021","st_area_shape":346.1677794652005,"st_perimeter_shape":75.34131896034776,"type_etabl":null,"geo_point_2d":{"lon":2.3980905245391044,"lat":48.87797255987482}}},{"type":"Feature","geometry":{"coordinates":[[[[2.389799,48.885957],[2.390056,48.884464],[2.387548,48.884302],[2.386991,48.885611],[2.389799,48.885957]]],[[[2.392109,48.885115],[2.390343,48.884502],[2.390016,48.885917],[2.390573,48.885764],[2.390873,48.884981],[2.392311,48.885552],[2.392437,48.88597],[2.3932,48.886098],[2.392109,48.885115]]],[[[2.385106,48.885245],[2.38612,48.884885],[2.386241,48.88392],[2.385586,48.883295],[2.385289,48.883321],[2.385168,48.883814],[2.385876,48.884063],[2.385993,48.884838],[2.385566,48.884807],[2.385698,48.884246],[2.385176,48.884193],[2.38482,48.88511],[2.385106,48.885245]]],[[[2.38721,48.882862],[2.387136,48.882219],[2.387846,48.881905],[2.388152,48.88082],[2.386009,48.882692],[2.38721,48.882862]]],[[[2.386569,48.886216],[2.386695,48.885736],[2.384768,48.885368],[2.385195,48.886007],[2.385279,48.885745],[2.385276,48.886018],[2.386261,48.886161],[2.386302,48.886836],[2.386569,48.886216]]],[[[2.387181,48.88468],[2.385473,48.885315],[2.386785,48.885604],[2.387181,48.88468]]],[[[2.392556,48.888185],[2.393206,48.886618],[2.392895,48.886443],[2.392116,48.888254],[2.392556,48.888185]]],[[[2.387459,48.886354],[2.387692,48.885849],[2.38692,48.885732],[2.386482,48.886825],[2.387019,48.886278],[2.387362,48.886338],[2.387197,48.887045],[2.387459,48.886354]]],[[[2.392666,48.886577],[2.392304,48.886509],[2.391672,48.888079],[2.391937,48.88828],[2.392666,48.886577]]],[[[2.383286,48.883809],[2.382789,48.884202],[2.383268,48.884486],[2.383219,48.884925],[2.383902,48.884205],[2.383286,48.883809]]],[[[2.390533,48.883468],[2.389315,48.883096],[2.391152,48.884009],[2.39154,48.883911],[2.390533,48.883468]]],[[[2.389883,48.887212],[2.390277,48.88725],[2.390543,48.88641],[2.390247,48.886213],[2.389446,48.887637],[2.389883,48.887212]]],[[[2.386451,48.884768],[2.387408,48.884224],[2.386419,48.884171],[2.386451,48.884768]]],[[[2.390127,48.884214],[2.3902,48.884132],[2.390235,48.884098],[2.390223,48.884065],[2.389598,48.884158],[2.38959,48.884157],[2.3896,48.884126],[2.38943,48.884102],[2.389203,48.88407],[2.389211,48.884047],[2.389044,48.884024],[2.388819,48.883994],[2.388416,48.88394],[2.388299,48.883924],[2.388295,48.883939],[2.387668,48.884017],[2.387639,48.884084],[2.388194,48.884141],[2.388234,48.884145],[2.390027,48.884326],[2.390097,48.88425],[2.390132,48.884214],[2.390127,48.884214]]],[[[2.386688,48.883552],[2.385933,48.883309],[2.386593,48.883981],[2.38747,48.884068],[2.386688,48.883552]]],[[[2.387534,48.886753],[2.388178,48.885922],[2.387768,48.885861],[2.387534,48.886753]]],[[[2.394248,48.885574],[2.394282,48.885001],[2.393883,48.885082],[2.394072,48.886194],[2.394248,48.885574]]],[[[2.394322,48.884736],[2.393056,48.884262],[2.393168,48.884588],[2.394322,48.884736]]],[[[2.392562,48.884409],[2.392953,48.884241],[2.391756,48.883991],[2.391871,48.88434],[2.392562,48.884409]]],[[[2.393575,48.88622],[2.393384,48.885982],[2.393001,48.885613],[2.393021,48.885604],[2.392886,48.885442],[2.39252,48.885198],[2.392098,48.884961],[2.392044,48.885004],[2.392114,48.885044],[2.392116,48.885064],[2.392131,48.885073],[2.392149,48.885083],[2.392163,48.885091],[2.392181,48.885102],[2.392199,48.885112],[2.392214,48.885121],[2.392236,48.885135],[2.392256,48.885147],[2.392273,48.885158],[2.392306,48.885179],[2.392326,48.885192],[2.392361,48.885215],[2.392381,48.885227],[2.392397,48.885238],[2.392417,48.885251],[2.392434,48.885263],[2.392448,48.885273],[2.392466,48.885285],[2.392485,48.885299],[2.392517,48.885322],[2.392549,48.885346],[2.392569,48.88536],[2.392579,48.885368],[2.392598,48.885383],[2.392615,48.885395],[2.392632,48.885409],[2.392649,48.885422],[2.392679,48.885446],[2.392696,48.88546],[2.392713,48.885473],[2.392742,48.885498],[2.392759,48.885512],[2.392775,48.885525],[2.392788,48.885536],[2.392803,48.885549],[2.392818,48.885563],[2.392834,48.885577],[2.392848,48.885589],[2.392862,48.885602],[2.392882,48.885619],[2.392892,48.885627],[2.392906,48.88564],[2.392918,48.885651],[2.39293,48.885646],[2.393255,48.886004],[2.393274,48.885997],[2.393309,48.886033],[2.393506,48.886319],[2.393517,48.88632],[2.393603,48.886256],[2.393575,48.88622]]],[[[2.391743,48.884753],[2.391248,48.884555],[2.391237,48.884567],[2.390634,48.884334],[2.390613,48.884223],[2.390592,48.884226],[2.390533,48.884292],[2.390492,48.884336],[2.390465,48.88437],[2.390508,48.884374],[2.390504,48.884403],[2.390645,48.884416],[2.39118,48.884629],[2.391526,48.884768],[2.391596,48.884798],[2.391652,48.884824],[2.391702,48.884847],[2.391742,48.884866],[2.391784,48.884887],[2.391824,48.884907],[2.391864,48.884929],[2.391893,48.884944],[2.391907,48.884951],[2.391974,48.884895],[2.391743,48.884753]]],[[[2.384371,48.885293],[2.383777,48.885214],[2.384213,48.885518],[2.384371,48.885293]]],[[[2.383627,48.884855],[2.384223,48.884287],[2.383428,48.884945],[2.383748,48.885026],[2.383627,48.884855]]],[[[2.384222,48.885115],[2.384469,48.885073],[2.384245,48.884895],[2.383879,48.885051],[2.384222,48.885115]]],[[[2.394499,48.884243],[2.394191,48.884215],[2.394393,48.884429],[2.394441,48.884411],[2.394499,48.884243]]],[[[2.383042,48.885005],[2.382781,48.884957],[2.3827,48.885061],[2.382704,48.885062],[2.382697,48.885071],[2.382747,48.885097],[2.382752,48.8851],[2.382765,48.885106],[2.382791,48.88512],[2.383042,48.885005]]],[[[2.383333,48.885268],[2.38344,48.885136],[2.383546,48.885168],[2.383622,48.885112],[2.383521,48.885094],[2.383521,48.885096],[2.383437,48.885081],[2.383411,48.885112],[2.383333,48.885097],[2.383242,48.885117],[2.383333,48.885268]]],[[[2.38779,48.883329],[2.387764,48.883311],[2.3875,48.883439],[2.38754,48.883446],[2.387587,48.883455],[2.387728,48.883482],[2.387748,48.883434],[2.38779,48.883329]]],[[[2.393136,48.886107],[2.393082,48.886102],[2.393081,48.886105],[2.393056,48.886227],[2.393246,48.886266],[2.393136,48.886107]]],[[[2.38443,48.883893],[2.38426,48.883809],[2.384237,48.883845],[2.384229,48.883858],[2.384254,48.883871],[2.384279,48.883884],[2.38438,48.883936],[2.38443,48.883893]]],[[[2.384759,48.885099],[2.384756,48.885072],[2.384649,48.885081],[2.384649,48.885082],[2.384649,48.885084],[2.384649,48.885087],[2.384648,48.885089],[2.384648,48.885094],[2.384648,48.885096],[2.384648,48.885098],[2.384648,48.885101],[2.384648,48.885103],[2.384648,48.885105],[2.384648,48.885108],[2.384648,48.88511],[2.384648,48.885113],[2.384648,48.885116],[2.384648,48.885118],[2.384648,48.885121],[2.384648,48.885124],[2.384648,48.885127],[2.384649,48.885129],[2.384649,48.885132],[2.384649,48.885134],[2.384649,48.885136],[2.384649,48.885138],[2.384649,48.88514],[2.384649,48.885142],[2.384649,48.885143],[2.384649,48.885145],[2.38465,48.885147],[2.38465,48.885149],[2.38465,48.885151],[2.38465,48.885152],[2.38465,48.885154],[2.38465,48.885156],[2.38465,48.885157],[2.384651,48.885159],[2.384764,48.88518],[2.384763,48.885159],[2.384759,48.885099]]]],"type":"MultiPolygon"},"properties":{"id_projet":"ELEMENTAIRES (année scolaire 2020/2021)","libelle":"GOUBET (4) ELEM","zone_commune":0,"etiquette":"Secteur de l'école 4 RUE GOUBET","lib_etab_1":"GOUBET (4) ELEM","lib_etab_2":null,"lib_etab_3":null,"lib_etab_4":null,"adr_etab_1":"4 RUE GOUBET","adr_etab_2":null,"adr_etab_3":null,"adr_etab_4":null,"annee_scol":"2020-2021","st_area_shape":138502.3585641377,"st_perimeter_shape":10493.967311166238,"type_etabl":null,"geo_point_2d":{"lon":2.3885452297049508,"lat":48.8850064569393}}},{"type":"Feature","geometry":{"coordinates":[[[2.384942,48.876701],[2.385396,48.87671],[2.38525,48.875884],[2.384754,48.875752],[2.384942,48.876701]]],"type":"Polygon"},"properties":{"id_projet":"ELEMENTAIRES (année scolaire 2020/2021)","libelle":"Z.FESSART/ALOUETTES/VILLETTE","zone_commune":1,"etiquette":"Secteur commun des écoles \n4 RUE FESSART \n5 RUE DES ALOUETTES\n61 RUE DE LA VILLETTE","lib_etab_1":"FESSART (4) ELEM","lib_etab_2":"ALOUETTES (5) ELEM","lib_etab_3":"VILLETTE (61) ELEM","lib_etab_4":null,"adr_etab_1":"4 RUE FESSART","adr_etab_2":"5 RUE DES ALOUETTES","adr_etab_3":"61 RUE DE LA VILLETTE","adr_etab_4":null,"annee_scol":"2020-2021","st_area_shape":3795.816932412156,"st_perimeter_shape":276.91322854943536,"type_etabl":null,"geo_point_2d":{"lon":2.3850447360722047,"lat":48.87624162515637}}},{"type":"Feature","geometry":{"coordinates":[[[[2.367406,48.884953],[2.36596,48.885581],[2.366659,48.886316],[2.368201,48.885729],[2.367406,48.884953]]],[[[2.368887,48.884569],[2.367896,48.885099],[2.369321,48.886357],[2.36949,48.885669],[2.368944,48.885316],[2.369404,48.885072],[2.368887,48.884569]]],[[[2.366234,48.884854],[2.366615,48.885146],[2.36727,48.884861],[2.366818,48.884424],[2.365001,48.884566],[2.365554,48.885149],[2.366234,48.884854]]],[[[2.367341,48.88661],[2.368723,48.88618],[2.368292,48.885777],[2.366712,48.886376],[2.367234,48.886477],[2.366935,48.88676],[2.367341,48.88661]]],[[[2.371148,48.885403],[2.369437,48.884394],[2.370886,48.885559],[2.371148,48.885403]]],[[[2.36781,48.884593],[2.367045,48.884434],[2.367661,48.885007],[2.36781,48.884593]]],[[[2.366536,48.885179],[2.36618,48.884939],[2.365597,48.885194],[2.365883,48.885463],[2.366536,48.885179]]],[[[2.368558,48.884588],[2.368781,48.884484],[2.368567,48.884311],[2.36779,48.884385],[2.368143,48.884712],[2.368558,48.884588]]],[[[2.367438,48.886911],[2.36801,48.88649],[2.366992,48.886843],[2.367438,48.886911]]]],"type":"MultiPolygon"},"properties":{"id_projet":"ELEMENTAIRES (année scolaire 2021/2022)","libelle":"TANGER (17) ELEM","zone_commune":0,"etiquette":"Secteur de l'école 17 RUE DE TANGER","lib_etab_1":"TANGER (17) ELEM","lib_etab_2":null,"lib_etab_3":null,"lib_etab_4":null,"adr_etab_1":"17 RUE DE TANGER","adr_etab_2":null,"adr_etab_3":null,"adr_etab_4":null,"annee_scol":"2021-2022","st_area_shape":49705.31624034393,"st_perimeter_shape":3041.8480249134527,"type_etabl":"Elémentaire","geo_point_2d":{"lon":2.367632595013903,"lat":48.88539518815098}}},{"type":"Feature","geometry":{"coordinates":[[[[2.391672,48.888079],[2.39254,48.886382],[2.390247,48.886213],[2.390543,48.88641],[2.390277,48.88725],[2.389889,48.887195],[2.389428,48.887667],[2.391132,48.888112],[2.391506,48.887158],[2.391789,48.887204],[2.391291,48.888154],[2.391874,48.888306],[2.391672,48.888079]]],[[[2.390265,48.882522],[2.388414,48.882045],[2.388095,48.882969],[2.390265,48.882522]]],[[[2.393888,48.885549],[2.393883,48.885082],[2.394213,48.88494],[2.392482,48.884796],[2.393958,48.886168],[2.393888,48.885549]]],[[[2.393808,48.883751],[2.393094,48.883342],[2.391875,48.883904],[2.393607,48.884269],[2.393808,48.883751]]],[[[2.392974,48.888094],[2.393104,48.887755],[2.392839,48.887593],[2.392556,48.888185],[2.392065,48.888355],[2.393046,48.888612],[2.392974,48.888094]]],[[[2.39296,48.884458],[2.392953,48.884241],[2.391441,48.884297],[2.392896,48.884688],[2.39296,48.884458]]],[[[2.394399,48.888511],[2.393294,48.888621],[2.394417,48.888967],[2.394399,48.888511]]],[[[2.394255,48.884832],[2.393168,48.884588],[2.393047,48.88426],[2.392952,48.884695],[2.394255,48.884832]]],[[[2.393727,48.886276],[2.392823,48.885278],[2.392098,48.884961],[2.393727,48.886276]]],[[[2.391276,48.884219],[2.390258,48.883614],[2.390106,48.883781],[2.391276,48.884219]]],[[[2.392074,48.882147],[2.390954,48.882056],[2.391101,48.882361],[2.392074,48.882147]]],[[[2.396722,48.884026],[2.396594,48.88394],[2.395932,48.884028],[2.395799,48.884214],[2.395814,48.884242],[2.395943,48.884212],[2.396569,48.884062],[2.396722,48.884026]]],[[[2.395309,48.884719],[2.395573,48.884444],[2.394743,48.884723],[2.395309,48.884719]]],[[[2.395385,48.884207],[2.394978,48.884132],[2.394868,48.884468],[2.395385,48.884207]]],[[[2.390687,48.88199],[2.390449,48.88192],[2.390455,48.88193],[2.390484,48.881988],[2.390516,48.882051],[2.390515,48.882052],[2.390732,48.882443],[2.390738,48.882441],[2.390912,48.882403],[2.390759,48.882128],[2.39084,48.882031],[2.390766,48.882013],[2.390687,48.88199]]],[[[2.396648,48.884235],[2.396529,48.884216],[2.395944,48.884351],[2.395949,48.884364],[2.395903,48.884375],[2.395919,48.884407],[2.395905,48.88441],[2.395993,48.88457],[2.396645,48.884244],[2.396648,48.884235]]],[[[2.39501,48.889122],[2.395175,48.888998],[2.394798,48.889059],[2.394886,48.888742],[2.394595,48.888689],[2.394434,48.888972],[2.39501,48.889122]]],[[[2.391604,48.884593],[2.391318,48.884479],[2.391248,48.884555],[2.391743,48.884753],[2.391974,48.884895],[2.392044,48.884836],[2.392034,48.88483],[2.392065,48.884804],[2.391956,48.884749],[2.391885,48.884715],[2.391759,48.884657],[2.391604,48.884593]]],[[[2.389372,48.887274],[2.388998,48.887553],[2.38929,48.887609],[2.389372,48.887274]]],[[[2.39586,48.883593],[2.395849,48.883591],[2.395733,48.883879],[2.395907,48.883855],[2.39586,48.883593]]],[[[2.390618,48.882468],[2.390572,48.882386],[2.390406,48.88242],[2.390449,48.882505],[2.390618,48.882468]]]],"type":"MultiPolygon"},"properties":{"id_projet":"ELEMENTAIRES (année scolaire 2021/2022)","libelle":"MANIN (40B) ELEM","zone_commune":0,"etiquette":"Secteur de l'école 40 bis RUE MANIN","lib_etab_1":"MANIN (40B) ELEM","lib_etab_2":null,"lib_etab_3":null,"lib_etab_4":null,"adr_etab_1":"40 bis RUE MANIN","adr_etab_2":null,"adr_etab_3":null,"adr_etab_4":null,"annee_scol":"2021-2022","st_area_shape":71997.1772978814,"st_perimeter_shape":5837.464795999291,"type_etabl":"Elémentaire","geo_point_2d":{"lon":2.3918950267861234,"lat":48.885566013814774}}},{"type":"Feature","geometry":{"coordinates":[[[[2.376782,48.893578],[2.37613,48.893601],[2.37426,48.894626],[2.376313,48.896321],[2.378933,48.89586],[2.37889,48.895503],[2.376782,48.893578]]],[[[2.381209,48.894332],[2.380479,48.894062],[2.380582,48.893872],[2.378926,48.892595],[2.376937,48.893489],[2.378983,48.894266],[2.378517,48.894909],[2.379247,48.895545],[2.381209,48.894332]],[[2.379963,48.894017],[2.379972,48.894012],[2.38009,48.894107],[2.380088,48.894112],[2.379963,48.894017]],[[2.380269,48.894268],[2.380221,48.894214],[2.380261,48.894251],[2.380288,48.894238],[2.380269,48.894268]]],[[[2.379584,48.896308],[2.383073,48.896292],[2.38321,48.896057],[2.380052,48.896051],[2.381345,48.895875],[2.382463,48.895223],[2.381392,48.894551],[2.379453,48.895661],[2.379942,48.895934],[2.376822,48.896727],[2.376994,48.897152],[2.37741,48.897224],[2.376994,48.896893],[2.379584,48.896308]]],[[[2.37351,48.894133],[2.372308,48.895276],[2.375815,48.896197],[2.37351,48.894133]]],[[[2.376443,48.896739],[2.376616,48.896723],[2.376717,48.896716],[2.376361,48.896644],[2.373976,48.896165],[2.373884,48.896144],[2.373847,48.896134],[2.373795,48.89612],[2.373723,48.896097],[2.371902,48.895438],[2.371835,48.89551],[2.371937,48.895565],[2.372508,48.895781],[2.373071,48.895974],[2.37364,48.896168],[2.373891,48.896232],[2.376383,48.896729],[2.37642,48.896737],[2.376428,48.896736],[2.376443,48.896739]]],[[[2.374618,48.894341],[2.375626,48.893763],[2.3751,48.893769],[2.374556,48.894298],[2.373497,48.893811],[2.3742,48.89456],[2.374618,48.894341]]],[[[2.383286,48.89593],[2.382568,48.89565],[2.38256,48.89531],[2.381753,48.89578],[2.383286,48.89593]]]],"type":"MultiPolygon"},"properties":{"id_projet":"ELEMENTAIRES (année scolaire 2022/2023)","libelle":"G.COLETTE MAGNY (17)/(19)","zone_commune":1,"etiquette":"Secteur commun des écoles \n15 RUE COLETTE MAGNY \n17 RUE COLETTE MAGNY","lib_etab_1":"COLETTE MAGNY (15) ELEM","lib_etab_2":"COLETTE MAGNY (17) ELEM","lib_etab_3":null,"lib_etab_4":null,"adr_etab_1":"15 RUE COLETTE MAGNY","adr_etab_2":"17 RUE COLETTE MAGNY","adr_etab_3":null,"adr_etab_4":null,"annee_scol":"2022-2023","st_area_shape":171764.88562674748,"st_perimeter_shape":6059.354669272971,"type_etabl":"Elémentaire","geo_point_2d":{"lon":2.3776298650298404,"lat":48.89495884766757}}},{"type":"Feature","geometry":{"coordinates":[[[[2.37542,48.889937],[2.373734,48.888619],[2.373263,48.88919],[2.372602,48.88906],[2.37281,48.889457],[2.372282,48.889832],[2.373866,48.890963],[2.375946,48.890589],[2.37542,48.889937]]],[[[2.376449,48.888918],[2.374363,48.888401],[2.375356,48.889217],[2.376124,48.888832],[2.3754,48.889252],[2.376004,48.889727],[2.376449,48.888918]]],[[[2.37523,48.891423],[2.376531,48.890697],[2.374078,48.891111],[2.374833,48.8916],[2.37523,48.891423]]],[[[2.371794,48.889736],[2.372609,48.890491],[2.37274,48.890862],[2.372389,48.891216],[2.373397,48.891048],[2.371794,48.889736]]],[[[2.372685,48.889325],[2.37249,48.8891],[2.37166,48.88936],[2.372191,48.889763],[2.372685,48.889325]]]],"type":"MultiPolygon"},"properties":{"id_projet":"ELEMENTAIRES (année scolaire 2022/2023)","libelle":"MATHIS (14) ELEM","zone_commune":0,"etiquette":"Secteur de l'école 14 RUE MATHIS","lib_etab_1":"MATHIS (14) ELEM","lib_etab_2":null,"lib_etab_3":null,"lib_etab_4":null,"adr_etab_1":"14 RUE MATHIS","adr_etab_2":null,"adr_etab_3":null,"adr_etab_4":null,"annee_scol":"2022-2023","st_area_shape":58494.139217646,"st_perimeter_shape":2794.581773755267,"type_etabl":"Elémentaire","geo_point_2d":{"lon":2.374193438120934,"lat":48.88997736376546}}},{"type":"Feature","geometry":{"coordinates":[[[[2.379604,48.874014],[2.37974,48.873037],[2.378622,48.872692],[2.377639,48.874141],[2.379432,48.874665],[2.379604,48.874014]]],[[[2.382893,48.873624],[2.379946,48.872924],[2.379808,48.873883],[2.381532,48.874349],[2.382893,48.873624]]],[[[2.3784,48.875604],[2.378768,48.874709],[2.376971,48.874227],[2.375907,48.874333],[2.376356,48.875013],[2.377695,48.875328],[2.377442,48.875927],[2.377958,48.876125],[2.377962,48.875548],[2.378312,48.875328],[2.378034,48.875661],[2.378089,48.876359],[2.3784,48.875604]]],[[[2.376223,48.873785],[2.377428,48.874005],[2.377887,48.87327],[2.37714,48.87286],[2.376563,48.873336],[2.376258,48.873067],[2.375438,48.873906],[2.376078,48.874028],[2.376223,48.873785]]],[[[2.380336,48.875755],[2.379779,48.874911],[2.378929,48.874733],[2.378765,48.875243],[2.379631,48.876179],[2.380336,48.875755]]],[[[2.383412,48.873586],[2.383064,48.873556],[2.382436,48.874872],[2.383638,48.874161],[2.384916,48.87386],[2.383412,48.873586]]],[[[2.383307,48.875309],[2.383953,48.874495],[2.38532,48.87402],[2.383407,48.874513],[2.382485,48.875241],[2.383307,48.875309]]],[[[2.37999,48.874046],[2.379688,48.874726],[2.381458,48.874425],[2.37999,48.874046]]],[[[2.380619,48.875787],[2.381208,48.875822],[2.380527,48.874797],[2.379804,48.874829],[2.380619,48.875787]]],[[[2.378025,48.873052],[2.378234,48.872583],[2.377126,48.872322],[2.376556,48.8728],[2.376806,48.872991],[2.377299,48.872652],[2.37736,48.87305],[2.378025,48.873052]]],[[[2.382311,48.874846],[2.382809,48.873923],[2.381369,48.874606],[2.382311,48.874846]]],[[[2.381053,48.874751],[2.380634,48.874784],[2.381324,48.875822],[2.381716,48.875513],[2.381053,48.874751]]],[[[2.381524,48.874763],[2.381237,48.874745],[2.381842,48.875443],[2.382442,48.87499],[2.381524,48.874763]]],[[[2.378647,48.876106],[2.379456,48.876202],[2.378696,48.875375],[2.378281,48.876315],[2.378647,48.876106]]],[[[2.376692,48.874033],[2.377023,48.873905],[2.376607,48.873792],[2.376451,48.874043],[2.376692,48.874033]]],[[[2.382203,48.875632],[2.382351,48.875569],[2.382395,48.875579],[2.382505,48.875419],[2.382392,48.875349],[2.38235,48.87535],[2.382048,48.875597],[2.382043,48.875644],[2.382061,48.875647],[2.382096,48.875658],[2.382145,48.875639],[2.382203,48.875632]]]],"type":"MultiPolygon"},"properties":{"id_projet":"ELEMENTAIRES (année scolaire 2022/2023)","libelle":"G.GENERAL LASALLE/RAMPAL","zone_commune":1,"etiquette":"Secteur commun des écoles \n11 RUE RAMPAL \n1 RUE DU GENERAL LASALLE","lib_etab_1":"RAMPAL (11) ELEM","lib_etab_2":"GENERAL LASALLE (1) ELEM","lib_etab_3":null,"lib_etab_4":null,"adr_etab_1":"11 RUE RAMPAL","adr_etab_2":"1 RUE DU GENERAL LASALLE","adr_etab_3":null,"adr_etab_4":null,"annee_scol":"2022-2023","st_area_shape":138707.4927898396,"st_perimeter_shape":7071.588793870966,"type_etabl":"Elémentaire","geo_point_2d":{"lon":2.3797353045266725,"lat":48.87428795815718}}},{"type":"Feature","geometry":{"coordinates":[[[[2.384135,48.888056],[2.382237,48.88746],[2.382863,48.886617],[2.38255,48.886337],[2.381755,48.8866],[2.382173,48.887208],[2.381528,48.886674],[2.381998,48.887226],[2.380903,48.887159],[2.384135,48.888056]]],[[[2.380014,48.887752],[2.380236,48.887557],[2.3798,48.887452],[2.380035,48.887249],[2.380275,48.887524],[2.38105,48.886815],[2.379314,48.887023],[2.379493,48.88714],[2.379152,48.887451],[2.380014,48.887752]]],[[[2.385957,48.887499],[2.386276,48.887149],[2.384879,48.886631],[2.384926,48.887374],[2.385462,48.887545],[2.385238,48.887901],[2.385678,48.888022],[2.385957,48.887499]]],[[[2.385037,48.884696],[2.385176,48.884193],[2.385698,48.884246],[2.385566,48.884807],[2.385973,48.884834],[2.385876,48.884063],[2.384735,48.883813],[2.384377,48.884313],[2.384704,48.88483],[2.384865,48.884626],[2.384831,48.884948],[2.385037,48.884696]]],[[[2.383262,48.886029],[2.383975,48.88595],[2.383777,48.885214],[2.383262,48.886029]]],[[[2.38177,48.887811],[2.38229,48.887685],[2.380809,48.887234],[2.38177,48.887811]]],[[[2.38091,48.885923],[2.380502,48.885815],[2.380281,48.886317],[2.380559,48.886449],[2.38091,48.885923]]],[[[2.383288,48.885678],[2.38365,48.885118],[2.382991,48.885603],[2.383062,48.886001],[2.383288,48.885678]]],[[[2.384226,48.884562],[2.383879,48.885051],[2.384245,48.884895],[2.384226,48.884562]]],[[[2.381804,48.886483],[2.381928,48.886442],[2.382057,48.8864],[2.382197,48.886353],[2.382322,48.886313],[2.382614,48.886216],[2.382614,48.886209],[2.382082,48.886197],[2.38213,48.88622],[2.381974,48.88636],[2.381964,48.886355],[2.381958,48.886352],[2.381854,48.886407],[2.381844,48.886403],[2.381777,48.886469],[2.381736,48.886448],[2.381725,48.88651],[2.381804,48.886483]]],[[[2.383864,48.884859],[2.383951,48.884735],[2.383867,48.88471],[2.383865,48.884709],[2.383837,48.884717],[2.383819,48.884742],[2.383818,48.884743],[2.383802,48.884738],[2.383798,48.884737],[2.383768,48.884781],[2.383743,48.884816],[2.383736,48.884826],[2.383712,48.88482],[2.383666,48.884808],[2.383627,48.884855],[2.38375,48.885023],[2.383803,48.884947],[2.383842,48.884891],[2.383864,48.884859]]],[[[2.386355,48.887338],[2.386624,48.887249],[2.386615,48.887237],[2.386463,48.887198],[2.3864,48.887181],[2.386396,48.88718],[2.386334,48.887164],[2.386294,48.887242],[2.386356,48.887248],[2.386356,48.887249],[2.386389,48.887258],[2.38639,48.887262],[2.386363,48.887305],[2.386358,48.887313],[2.386353,48.887312],[2.386339,48.887335],[2.386355,48.887338]]],[[[2.384134,48.884473],[2.384199,48.884379],[2.384255,48.884299],[2.384223,48.884287],[2.384159,48.884364],[2.384141,48.884357],[2.384083,48.884463],[2.384044,48.884456],[2.383949,48.884613],[2.384021,48.884635],[2.384134,48.884473]]]],"type":"MultiPolygon"},"properties":{"id_projet":"ELEMENTAIRES (année scolaire 2020/2021)","libelle":"TANDOU (16) POLY","zone_commune":0,"etiquette":"Secteur de l'école 16 RUE TANDOU","lib_etab_1":"TANDOU (16) POLY","lib_etab_2":null,"lib_etab_3":null,"lib_etab_4":null,"adr_etab_1":"16 RUE TANDOU","adr_etab_2":null,"adr_etab_3":null,"adr_etab_4":null,"annee_scol":"2020-2021","st_area_shape":41569.599164078805,"st_perimeter_shape":4176.958165642832,"type_etabl":null,"geo_point_2d":{"lon":2.3829991075787986,"lat":48.886449948475395}}},{"type":"Feature","geometry":{"coordinates":[[[[2.379598,48.889946],[2.379462,48.889858],[2.379192,48.890018],[2.379207,48.890183],[2.379228,48.890202],[2.379276,48.890178],[2.37936,48.890135],[2.379426,48.890101],[2.379378,48.89006],[2.37938,48.890059],[2.379598,48.889946]]],[[[2.378346,48.889715],[2.378127,48.889583],[2.377992,48.889701],[2.37799,48.889703],[2.378192,48.889859],[2.378346,48.889715]]],[[[2.378708,48.889265],[2.37859,48.889206],[2.378573,48.889208],[2.378577,48.889472],[2.378818,48.88932],[2.378708,48.889265]]]],"type":"MultiPolygon"},"properties":{"id_projet":"ELEMENTAIRES (année scolaire 2020/2021)","libelle":"Z.MATHIS/JOMARD","zone_commune":1,"etiquette":"Secteur commun des écoles \n9 RUE JOMARD \n14 RUE MATHIS","lib_etab_1":"JOMARD (9) ELEM","lib_etab_2":"MATHIS (14) ELEM","lib_etab_3":null,"lib_etab_4":null,"adr_etab_1":"9 RUE JOMARD","adr_etab_2":"14 RUE MATHIS","adr_etab_3":null,"adr_etab_4":null,"annee_scol":"2020-2021","st_area_shape":1178.3922246137304,"st_perimeter_shape":263.3052966502349,"type_etabl":null,"geo_point_2d":{"lon":2.3787935330791083,"lat":48.88975924213996}}},{"type":"Feature","geometry":{"coordinates":[[[[2.385069,48.889928],[2.386624,48.887249],[2.385957,48.887499],[2.385678,48.888022],[2.385238,48.887901],[2.385462,48.887545],[2.384926,48.887374],[2.384836,48.886933],[2.383832,48.889338],[2.385069,48.889928]]],[[[2.383672,48.889206],[2.384218,48.888304],[2.382446,48.887735],[2.381855,48.88841],[2.383672,48.889206]]],[[[2.381839,48.888569],[2.381329,48.888402],[2.38101,48.88877],[2.382636,48.889579],[2.383432,48.889301],[2.381839,48.888569]]],[[[2.384325,48.887572],[2.382533,48.887061],[2.382237,48.88746],[2.384199,48.888176],[2.384325,48.887572]]],[[[2.380538,48.883651],[2.381447,48.882649],[2.380732,48.882864],[2.379357,48.88433],[2.379674,48.884603],[2.380538,48.883651]]],[[[2.386494,48.890563],[2.385192,48.890137],[2.38492,48.890666],[2.385254,48.890499],[2.386226,48.890826],[2.386187,48.891284],[2.386802,48.890723],[2.386494,48.890563]]],[[[2.380544,48.884394],[2.381491,48.883717],[2.381254,48.883353],[2.380098,48.884591],[2.380544,48.884394]]],[[[2.382166,48.887862],[2.381461,48.887675],[2.381069,48.888066],[2.381676,48.888391],[2.382166,48.887862]]],[[[2.384513,48.885656],[2.384502,48.88536],[2.384035,48.885462],[2.383974,48.885956],[2.384497,48.88635],[2.384513,48.885656]]],[[[2.384996,48.886661],[2.385195,48.886007],[2.384768,48.88538],[2.384996,48.886661]]],[[[2.375955,48.885726],[2.377042,48.884808],[2.376832,48.884717],[2.375702,48.885706],[2.375955,48.885726]]],[[[2.384112,48.889649],[2.384621,48.890542],[2.384668,48.889919],[2.384112,48.889649]]],[[[2.380409,48.887699],[2.380062,48.887904],[2.381226,48.888344],[2.380409,48.887699]]],[[[2.38115,48.887761],[2.381254,48.887513],[2.380438,48.887573],[2.380979,48.887998],[2.38115,48.887761]]],[[[2.38102,48.888493],[2.380499,48.888234],[2.380295,48.888415],[2.38102,48.888493]]],[[[2.383514,48.889426],[2.382749,48.88969],[2.383046,48.889835],[2.383514,48.889426]]],[[[2.380391,48.88818],[2.380125,48.888048],[2.380007,48.887988],[2.379967,48.887993],[2.379964,48.887995],[2.380028,48.888131],[2.380027,48.888132],[2.379977,48.888175],[2.379921,48.888148],[2.379843,48.888191],[2.380023,48.88828],[2.380186,48.888362],[2.380391,48.88818]]],[[[2.384448,48.884404],[2.384377,48.884313],[2.38432,48.884393],[2.384443,48.884534],[2.384456,48.884548],[2.384457,48.88455],[2.384459,48.884551],[2.38446,48.884553],[2.384462,48.884555],[2.384463,48.884557],[2.384465,48.884559],[2.384466,48.88456],[2.384468,48.884562],[2.384469,48.884564],[2.384471,48.884566],[2.384472,48.884568],[2.384474,48.88457],[2.384475,48.884572],[2.384477,48.884574],[2.384478,48.884576],[2.38448,48.884578],[2.384482,48.88458],[2.384483,48.884583],[2.384485,48.884585],[2.384487,48.884587],[2.384489,48.88459],[2.384491,48.884593],[2.384492,48.884595],[2.384494,48.884598],[2.384496,48.8846],[2.384497,48.884602],[2.384499,48.884604],[2.3845,48.884607],[2.384502,48.884609],[2.384503,48.884611],[2.384505,48.884613],[2.384506,48.884615],[2.384508,48.884617],[2.384509,48.884619],[2.384511,48.884622],[2.384512,48.884624],[2.384514,48.884627],[2.384515,48.884629],[2.384517,48.884632],[2.384519,48.884635],[2.38452,48.884638],[2.384522,48.884642],[2.384525,48.884646],[2.384527,48.88465],[2.384529,48.884653],[2.384531,48.884657],[2.384532,48.88466],[2.384534,48.884664],[2.384536,48.884667],[2.384538,48.88467],[2.384539,48.884673],[2.384541,48.884676],[2.384542,48.884679],[2.384545,48.884685],[2.384547,48.884688],[2.384548,48.884691],[2.38455,48.884693],[2.384551,48.884696],[2.384552,48.884699],[2.384554,48.884702],[2.384555,48.884705],[2.384556,48.884708],[2.384558,48.884711],[2.384559,48.884714],[2.384561,48.884717],[2.384562,48.884721],[2.384564,48.884724],[2.384565,48.884727],[2.384566,48.884731],[2.384568,48.884734],[2.384569,48.884738],[2.384571,48.884741],[2.384572,48.884745],[2.384574,48.884748],[2.384575,48.884752],[2.384576,48.884756],[2.384578,48.88476],[2.384579,48.884764],[2.384581,48.884768],[2.384582,48.884772],[2.384584,48.884776],[2.384585,48.88478],[2.384587,48.884787],[2.38459,48.884793],[2.384592,48.884799],[2.384594,48.884805],[2.384596,48.884811],[2.384597,48.884816],[2.384599,48.884821],[2.384601,48.884827],[2.384603,48.884832],[2.384604,48.884837],[2.384606,48.884842],[2.384607,48.884847],[2.384609,48.884852],[2.384611,48.884857],[2.384612,48.884863],[2.384613,48.884868],[2.384615,48.884874],[2.384617,48.88488],[2.384618,48.884886],[2.38462,48.884893],[2.384621,48.884899],[2.384622,48.884905],[2.384623,48.88491],[2.384624,48.884915],[2.384625,48.88492],[2.384626,48.884925],[2.384627,48.884929],[2.384628,48.884934],[2.384629,48.884938],[2.38463,48.884943],[2.384631,48.884947],[2.384632,48.884951],[2.384632,48.884955],[2.384633,48.88496],[2.384634,48.884964],[2.384635,48.884968],[2.384635,48.884972],[2.384636,48.884976],[2.384637,48.884984],[2.384638,48.884988],[2.384639,48.884993],[2.38464,48.884996],[2.38464,48.885],[2.384641,48.885004],[2.384641,48.885007],[2.384642,48.885011],[2.384643,48.885015],[2.384643,48.885019],[2.384644,48.885023],[2.384644,48.885026],[2.384645,48.88503],[2.384645,48.885034],[2.384646,48.885038],[2.384646,48.885042],[2.384647,48.885046],[2.384647,48.88505],[2.384647,48.885054],[2.384648,48.885058],[2.384648,48.885062],[2.384648,48.885066],[2.384648,48.88507],[2.384648,48.885074],[2.384649,48.885077],[2.384649,48.885079],[2.384649,48.885081],[2.384756,48.885072],[2.384753,48.885039],[2.384738,48.884969],[2.384721,48.884899],[2.384704,48.88483],[2.38468,48.884756],[2.384657,48.884697],[2.384641,48.884658],[2.3846,48.884574],[2.384594,48.884562],[2.384548,48.884553],[2.384488,48.88446],[2.384469,48.884431],[2.384448,48.884404]]],[[[2.384309,48.884564],[2.384276,48.884563],[2.384244,48.884894],[2.384282,48.884906],[2.384359,48.884929],[2.384306,48.885001],[2.384469,48.885073],[2.384484,48.885065],[2.384469,48.884973],[2.384442,48.884867],[2.384416,48.884788],[2.384375,48.884694],[2.384346,48.884632],[2.384309,48.884564]]],[[[2.38483,48.889994],[2.384803,48.889982],[2.384792,48.890338],[2.384884,48.890202],[2.384948,48.890107],[2.38492,48.890039],[2.38483,48.889994]]],[[[2.379886,48.885101],[2.379768,48.884981],[2.379738,48.884986],[2.37965,48.885083],[2.379664,48.885109],[2.379672,48.885111],[2.379674,48.885112],[2.379884,48.885105],[2.379885,48.885103],[2.379886,48.885101]]],[[[2.379432,48.88487],[2.379429,48.884861],[2.379196,48.884871],[2.379208,48.884875],[2.379248,48.884886],[2.379281,48.885008],[2.379315,48.885],[2.379375,48.884934],[2.379392,48.884915],[2.379432,48.88487]]],[[[2.380021,48.884867],[2.379961,48.884756],[2.379959,48.884757],[2.379942,48.884762],[2.37985,48.88486],[2.379859,48.884879],[2.380021,48.884867]]],[[[2.383686,48.889499],[2.38365,48.889486],[2.383606,48.889524],[2.383666,48.889559],[2.383686,48.889499]]]],"type":"MultiPolygon"},"properties":{"id_projet":"ELEMENTAIRES (année scolaire 2020/2021)","libelle":"TANDOU (9) ELEM","zone_commune":0,"etiquette":"Secteur de l'école 9 RUE TANDOU","lib_etab_1":"TANDOU (9) ELEM","lib_etab_2":null,"lib_etab_3":null,"lib_etab_4":null,"adr_etab_1":"9 RUE TANDOU","adr_etab_2":null,"adr_etab_3":null,"adr_etab_4":null,"annee_scol":"2020-2021","st_area_shape":104019.71229341773,"st_perimeter_shape":6836.24707690234,"type_etabl":null,"geo_point_2d":{"lon":2.3832508950110536,"lat":48.88779864135566}}},{"type":"Feature","geometry":{"coordinates":[[[[2.388258,48.892646],[2.394917,48.889665],[2.389221,48.888099],[2.388414,48.889418],[2.387766,48.889564],[2.387097,48.890613],[2.387988,48.890923],[2.387642,48.891241],[2.387317,48.891082],[2.386876,48.89192],[2.388258,48.892646]]],[[[2.388454,48.888385],[2.389114,48.887891],[2.386822,48.887291],[2.38634,48.888285],[2.388223,48.888759],[2.388454,48.888385]]],[[[2.386542,48.888986],[2.385975,48.888846],[2.385584,48.88943],[2.387254,48.889892],[2.387651,48.889273],[2.386542,48.888986]]],[[[2.38881,48.886907],[2.389102,48.886091],[2.388545,48.886561],[2.387865,48.886449],[2.387256,48.887099],[2.388524,48.88743],[2.38881,48.886907]]],[[[2.388398,48.888919],[2.386351,48.888395],[2.386074,48.888697],[2.388206,48.889362],[2.388398,48.888919]]],[[[2.385679,48.889623],[2.385281,48.890014],[2.386852,48.890529],[2.387168,48.890032],[2.385679,48.889623]]],[[[2.389508,48.887254],[2.389227,48.88688],[2.389668,48.886995],[2.38993,48.88647],[2.389344,48.886127],[2.388679,48.88747],[2.388995,48.887558],[2.389185,48.887233],[2.389304,48.887585],[2.389508,48.887254]]],[[[2.386302,48.886836],[2.386261,48.886161],[2.385276,48.886018],[2.385279,48.885745],[2.385038,48.886519],[2.386302,48.886836]]],[[[2.387133,48.886858],[2.387362,48.886338],[2.387019,48.886278],[2.386463,48.886871],[2.387183,48.887079],[2.387133,48.886858]]]],"type":"MultiPolygon"},"properties":{"id_projet":"ELEMENTAIRES (année scolaire 2020/2021)","libelle":"JEAN JAURES (160) ELEM","zone_commune":0,"etiquette":"Secteur de l'école 160 AVENUE JEAN JAURES","lib_etab_1":"JEAN JAURES (160) ELEM","lib_etab_2":null,"lib_etab_3":null,"lib_etab_4":null,"adr_etab_1":"160 AVENUE JEAN JAURES","adr_etab_2":null,"adr_etab_3":null,"adr_etab_4":null,"annee_scol":"2020-2021","st_area_shape":216088.78907908354,"st_perimeter_shape":5360.303387616249,"type_etabl":null,"geo_point_2d":{"lon":2.3893812074360086,"lat":48.88961925254187}}},{"type":"Feature","geometry":{"coordinates":[[[[2.37542,48.889937],[2.373734,48.888619],[2.373263,48.88919],[2.372602,48.88906],[2.37281,48.889457],[2.372282,48.889832],[2.373866,48.890963],[2.375946,48.890589],[2.37542,48.889937]]],[[[2.376449,48.888918],[2.374363,48.888401],[2.375356,48.889217],[2.376124,48.888832],[2.3754,48.889252],[2.376004,48.889727],[2.376449,48.888918]]],[[[2.37523,48.891423],[2.376531,48.890697],[2.374078,48.891111],[2.374833,48.8916],[2.37523,48.891423]]],[[[2.371794,48.889736],[2.372609,48.890491],[2.37274,48.890862],[2.372389,48.891216],[2.373397,48.891048],[2.371794,48.889736]]],[[[2.372685,48.889325],[2.37249,48.8891],[2.37166,48.88936],[2.372191,48.889763],[2.372685,48.889325]]]],"type":"MultiPolygon"},"properties":{"id_projet":"ELEMENTAIRES (année scolaire 2020/2021)","libelle":"MATHIS (14) ELEM","zone_commune":0,"etiquette":"Secteur de l'école 14 RUE MATHIS","lib_etab_1":"MATHIS (14) ELEM","lib_etab_2":null,"lib_etab_3":null,"lib_etab_4":null,"adr_etab_1":"14 RUE MATHIS","adr_etab_2":null,"adr_etab_3":null,"adr_etab_4":null,"annee_scol":"2020-2021","st_area_shape":58494.139217646,"st_perimeter_shape":2794.581773755267,"type_etabl":null,"geo_point_2d":{"lon":2.374193438120934,"lat":48.88997736376546}}},{"type":"Feature","geometry":{"coordinates":[[[[2.371277,48.893145],[2.370988,48.892706],[2.372516,48.892251],[2.371689,48.891971],[2.37233,48.891845],[2.371196,48.889444],[2.369658,48.889565],[2.3697,48.88983],[2.369613,48.889571],[2.368311,48.889732],[2.370271,48.893938],[2.370863,48.893728],[2.370708,48.89345],[2.371277,48.893145]],[[2.370118,48.891426],[2.370302,48.891383],[2.370462,48.891736],[2.370281,48.891784],[2.370118,48.891426]]],[[[2.372067,48.890064],[2.371617,48.889708],[2.372389,48.891216],[2.37274,48.890862],[2.372067,48.890064]]],[[[2.373241,48.889096],[2.373729,48.888924],[2.373734,48.888619],[2.372574,48.889],[2.373241,48.889096]]],[[[2.371883,48.88932],[2.37211,48.889195],[2.37214,48.889216],[2.372212,48.889176],[2.372268,48.889218],[2.372291,48.889205],[2.3723,48.889212],[2.372314,48.889204],[2.372336,48.889221],[2.372354,48.889211],[2.372332,48.889194],[2.37237,48.889172],[2.372357,48.889161],[2.372383,48.889145],[2.372378,48.889142],[2.372428,48.88911],[2.372449,48.889124],[2.37249,48.8891],[2.372475,48.889088],[2.372464,48.889081],[2.372458,48.889077],[2.37244,48.889067],[2.372428,48.889061],[2.372417,48.889058],[2.372407,48.889057],[2.372396,48.889056],[2.372386,48.889057],[2.372375,48.889058],[2.372372,48.889058],[2.371693,48.889255],[2.371677,48.889306],[2.371883,48.88932]]]],"type":"MultiPolygon"},"properties":{"id_projet":"ELEMENTAIRES (année scolaire 2021/2022)","libelle":"AUBERVILLIERS (132) ELEM","zone_commune":0,"etiquette":"Secteur de l'école 132 RUE D' AUBERVILLIERS","lib_etab_1":"AUBERVILLIERS (132) ELEM","lib_etab_2":null,"lib_etab_3":null,"lib_etab_4":null,"adr_etab_1":"132 RUE D' AUBERVILLIERS","adr_etab_2":null,"adr_etab_3":null,"adr_etab_4":null,"annee_scol":"2021-2022","st_area_shape":90136.41991836202,"st_perimeter_shape":2498.321482702311,"type_etabl":"Elémentaire","geo_point_2d":{"lon":2.370592210815271,"lat":48.891204531916}}},{"type":"Feature","geometry":{"coordinates":[[[[2.384668,48.875907],[2.38525,48.875884],[2.385396,48.87671],[2.385864,48.876724],[2.385686,48.875162],[2.386171,48.874428],[2.385752,48.874731],[2.385622,48.874204],[2.383808,48.875577],[2.383596,48.875853],[2.383913,48.876719],[2.38496,48.876752],[2.384668,48.875907]]],[[[2.383261,48.877828],[2.384651,48.87796],[2.385177,48.877662],[2.385448,48.877888],[2.385119,48.876866],[2.382582,48.877193],[2.383022,48.878105],[2.383261,48.877828]],[[2.38469,48.877872],[2.384688,48.87788],[2.384688,48.877879],[2.38469,48.877872]]],[[[2.381921,48.875746],[2.381334,48.876598],[2.38131,48.877518],[2.382823,48.876881],[2.381921,48.875746]]],[[[2.383704,48.876465],[2.383476,48.875807],[2.382505,48.875419],[2.382043,48.875644],[2.383069,48.876848],[2.383782,48.876716],[2.383704,48.876465]]],[[[2.383895,48.875368],[2.385475,48.874206],[2.384659,48.874168],[2.3838,48.874611],[2.383307,48.875309],[2.382638,48.875304],[2.38355,48.87571],[2.383895,48.875368]]],[[[2.386506,48.876579],[2.387314,48.876305],[2.386797,48.876459],[2.386604,48.876055],[2.386134,48.876114],[2.386619,48.875675],[2.385792,48.875383],[2.385975,48.876578],[2.386506,48.876579]]],[[[2.381926,48.878095],[2.382824,48.87816],[2.38228,48.877334],[2.381415,48.877791],[2.381785,48.878259],[2.381926,48.878095]]],[[[2.385945,48.877119],[2.386925,48.876992],[2.386813,48.876675],[2.387382,48.876462],[2.385385,48.876819],[2.385525,48.877476],[2.385945,48.877119]]],[[[2.387362,48.877689],[2.387832,48.877262],[2.386837,48.877437],[2.386958,48.877851],[2.387362,48.877689]]],[[[2.386618,48.877507],[2.385783,48.877616],[2.38581,48.878161],[2.386618,48.877507]]],[[[2.385855,48.875337],[2.386204,48.87529],[2.386278,48.874531],[2.385855,48.875337]]]],"type":"MultiPolygon"},"properties":{"id_projet":"ELEMENTAIRES (année scolaire 2021/2022)","libelle":"ALOUETTES (5) ELEM","zone_commune":0,"etiquette":"Secteur de l'école 5 RUE DES ALOUETTES","lib_etab_1":"ALOUETTES (5) ELEM","lib_etab_2":null,"lib_etab_3":null,"lib_etab_4":null,"adr_etab_1":"5 RUE DES ALOUETTES","adr_etab_2":null,"adr_etab_3":null,"adr_etab_4":null,"annee_scol":"2021-2022","st_area_shape":102869.1899754879,"st_perimeter_shape":5497.572362979616,"type_etabl":"Elémentaire","geo_point_2d":{"lon":2.3841693303691383,"lat":48.87638223489644}}},{"type":"Feature","geometry":{"coordinates":[[[[2.397055,48.875616],[2.395354,48.87548],[2.394989,48.876076],[2.395643,48.876706],[2.397833,48.87695],[2.39785,48.875722],[2.397055,48.875616]]],[[[2.393916,48.875984],[2.394653,48.87588],[2.394753,48.875483],[2.39247,48.87567],[2.393087,48.876173],[2.393916,48.875984]]],[[[2.392508,48.875987],[2.392096,48.875759],[2.392288,48.876341],[2.392902,48.876367],[2.392508,48.875987]]],[[[2.392025,48.876448],[2.392348,48.876565],[2.391927,48.875592],[2.391009,48.876054],[2.391202,48.876591],[2.392025,48.876448]]],[[[2.399604,48.876667],[2.39892,48.876603],[2.398832,48.876856],[2.399604,48.876667]]],[[[2.39233,48.876947],[2.392411,48.876656],[2.391947,48.87692],[2.39233,48.876947]]],[[[2.39543,48.877302],[2.395359,48.876593],[2.3949,48.876251],[2.393772,48.876231],[2.393081,48.87662],[2.393818,48.877129],[2.393635,48.87732],[2.39543,48.877302]]],[[[2.399084,48.877045],[2.399234,48.876833],[2.398794,48.876966],[2.39856,48.877669],[2.399084,48.877045]]],[[[2.39288,48.877427],[2.392323,48.877331],[2.392405,48.877804],[2.393303,48.877902],[2.393578,48.877609],[2.39288,48.877427]]],[[[2.397814,48.878088],[2.397831,48.877006],[2.395648,48.87675],[2.395713,48.877606],[2.397349,48.878046],[2.397492,48.877786],[2.397814,48.878088]]],[[[2.39836,48.878112],[2.398838,48.876601],[2.398419,48.8757],[2.398017,48.875562],[2.398009,48.876121],[2.398234,48.876123],[2.398008,48.876167],[2.397981,48.877868],[2.398225,48.877894],[2.397977,48.878127],[2.39836,48.878112]]],[[[2.398494,48.878217],[2.39962,48.876721],[2.398528,48.877795],[2.398494,48.878217]]],[[[2.397848,48.87835],[2.396646,48.878136],[2.397865,48.87879],[2.397848,48.87835]]],[[[2.395275,48.877668],[2.39388,48.877574],[2.393585,48.87789],[2.394163,48.878229],[2.394092,48.878702],[2.396024,48.878921],[2.395275,48.877668]]],[[[2.397634,48.878883],[2.395668,48.877945],[2.396468,48.879203],[2.398036,48.879251],[2.397634,48.878883]]],[[[2.398122,48.878396],[2.398209,48.878946],[2.399526,48.879504],[2.399492,48.879024],[2.398965,48.879007],[2.398122,48.878396]]],[[[2.393503,48.879407],[2.393453,48.879399],[2.393508,48.879495],[2.393572,48.879497],[2.393601,48.879499],[2.3936,48.879509],[2.393625,48.87951],[2.393682,48.879513],[2.393768,48.87945],[2.393611,48.879425],[2.393503,48.879407]]],[[[2.393796,48.878139],[2.393439,48.878011],[2.392609,48.879183],[2.396225,48.879529],[2.396079,48.878986],[2.393922,48.878745],[2.394038,48.878281],[2.393796,48.878139]]],[[[2.394022,48.879633],[2.394197,48.879516],[2.393845,48.879462],[2.394022,48.879633]]],[[[2.394462,48.87956],[2.394314,48.879536],[2.394348,48.879611],[2.394455,48.879617],[2.394452,48.879637],[2.394486,48.879638],[2.39456,48.879642],[2.394622,48.879585],[2.394462,48.87956]]],[[[2.395324,48.879672],[2.395328,48.879641],[2.395451,48.879649],[2.395469,48.879603],[2.395334,48.8796],[2.395192,48.879599],[2.395177,48.879599],[2.395214,48.879665],[2.395324,48.879672]]],[[[2.394865,48.879595],[2.394725,48.879594],[2.394782,48.879656],[2.394886,48.879661],[2.394886,48.879663],[2.395015,48.879671],[2.395042,48.879597],[2.394894,48.879596],[2.394865,48.879595]]],[[[2.393074,48.879673],[2.393323,48.87938],[2.392365,48.879242],[2.392489,48.879674],[2.393074,48.879673]]],[[[2.398574,48.87935],[2.398262,48.879272],[2.398432,48.879911],[2.399258,48.879667],[2.398574,48.87935]]],[[[2.396608,48.880255],[2.396452,48.879684],[2.395608,48.879604],[2.395728,48.879936],[2.396173,48.879973],[2.39617,48.880287],[2.396608,48.880255]]],[[[2.397772,48.880168],[2.398281,48.88],[2.398132,48.879405],[2.396656,48.879351],[2.396823,48.88027],[2.397772,48.880168]]],[[[2.396739,48.880515],[2.396726,48.880507],[2.396617,48.880583],[2.396669,48.880788],[2.396673,48.880804],[2.396679,48.880827],[2.396758,48.880824],[2.396767,48.880824],[2.396816,48.880795],[2.396748,48.880548],[2.396739,48.880515]]],[[[2.397105,48.880866],[2.397147,48.880613],[2.398222,48.880267],[2.396847,48.880497],[2.397105,48.880866]]],[[[2.396835,48.880904],[2.396765,48.880855],[2.396687,48.880898],[2.396675,48.880905],[2.396745,48.880941],[2.396771,48.880955],[2.396826,48.880984],[2.396852,48.880998],[2.396905,48.880954],[2.396835,48.880904]]],[[[2.396385,48.880884],[2.39536,48.881072],[2.395531,48.881389],[2.396703,48.881132],[2.396385,48.880884]]]],"type":"MultiPolygon"},"properties":{"id_projet":"ELEMENTAIRES (année scolaire 2023/2024)","libelle":"G.EUGENIE COTTON(16)A/B","zone_commune":1,"etiquette":"Secteur commun des écoles \n16 RUE EUGENIE COTTON (ECOLE A (A) \n16 RUE EUGENIE COTTON (ECOLE A (B)","lib_etab_1":"EUGENIE COTTON (16) ELEM B","lib_etab_2":"EUGENIE COTTON (16) ELEM A","lib_etab_3":null,"lib_etab_4":null,"adr_etab_1":"16 RUE EUGENIE COTTON (ECOLE A (A)","adr_etab_2":"16 RUE EUGENIE COTTON (ECOLE A (B)","adr_etab_3":null,"adr_etab_4":null,"annee_scol":"2023-2024","st_area_shape":180031.1916551279,"st_perimeter_shape":9292.872161043302,"type_etabl":"Elémentaire","geo_point_2d":{"lon":2.3957643145738383,"lat":48.87777512701062}}},{"type":"Feature","geometry":{"coordinates":[[[2.374342,48.881772],[2.374207,48.881644],[2.374129,48.881678],[2.374223,48.881769],[2.374267,48.881812],[2.374342,48.881772]]],"type":"Polygon"},"properties":{"id_projet":"ELEMENTAIRES (année scolaire 2024/2025)","libelle":"Z.ARMAND CARREL(43)/SIMON BOLIVAR A ET B(119)","zone_commune":1,"etiquette":"Secteur commun des écoles \n43 RUE ARMAND CARREL \n119 AVENUE SIMON BOLIVAR (EC.B (A)\n119 AVENUE SIMON","lib_etab_1":"ARMAND CARREL (43) ELEM","lib_etab_2":"SIMON BOLIVAR (119) ELEM A","lib_etab_3":"SIMON BOLIVAR (119) ELEM B","lib_etab_4":null,"adr_etab_1":"43 RUE ARMAND CARREL","adr_etab_2":"119 AVENUE SIMON BOLIVAR (EC.B (A)","adr_etab_3":"119 AVENUE SIMON BOLIVAR (EC.B (B)","adr_etab_4":null,"annee_scol":"2024-2025","st_area_shape":122.72758554794068,"st_perimeter_shape":49.23362524969225,"type_etabl":"Elémentaire","geo_point_2d":{"lon":2.374236358688997,"lat":48.881726784351336}}},{"type":"Feature","geometry":{"coordinates":[[[[2.380541,48.882205],[2.380898,48.881732],[2.380155,48.882198],[2.378598,48.881582],[2.37821,48.881998],[2.375914,48.881415],[2.374942,48.882335],[2.375629,48.882716],[2.380281,48.882498],[2.380541,48.882205]]],[[[2.381527,48.882348],[2.381088,48.882236],[2.381009,48.881855],[2.380513,48.882465],[2.381527,48.882348]]],[[[2.374937,48.882502],[2.374442,48.882324],[2.373924,48.882732],[2.374937,48.882502]]],[[[2.373574,48.882814],[2.373379,48.882617],[2.37372,48.88271],[2.374404,48.882219],[2.373892,48.882148],[2.372597,48.882807],[2.371791,48.882868],[2.373574,48.882814]]],[[[2.371295,48.882721],[2.371214,48.882652],[2.37119,48.882633],[2.371128,48.882665],[2.371069,48.882607],[2.370979,48.882654],[2.370928,48.882606],[2.370782,48.882687],[2.370691,48.88262],[2.370551,48.882519],[2.370517,48.882543],[2.370516,48.882689],[2.370536,48.882708],[2.370541,48.882714],[2.370544,48.882715],[2.370627,48.882736],[2.370671,48.882748],[2.37076,48.882771],[2.370879,48.882802],[2.371128,48.882867],[2.371321,48.882918],[2.371307,48.882731],[2.371295,48.882721]]],[[[2.38199,48.883265],[2.382287,48.882903],[2.381768,48.882739],[2.381521,48.883116],[2.38199,48.883265]]],[[[2.383585,48.883118],[2.382848,48.882656],[2.382652,48.882826],[2.383462,48.883457],[2.383585,48.883118]]],[[[2.374097,48.883035],[2.371952,48.883086],[2.373405,48.883469],[2.374097,48.883035]]],[[[2.37392,48.88343],[2.374822,48.883402],[2.375592,48.8829],[2.37447,48.882954],[2.37392,48.88343]]],[[[2.376492,48.883546],[2.376799,48.883517],[2.375692,48.882949],[2.375189,48.883297],[2.37624,48.883742],[2.376492,48.883546]]],[[[2.383925,48.883694],[2.38369,48.883635],[2.383835,48.883748],[2.383959,48.883844],[2.38408,48.883939],[2.384216,48.884045],[2.384257,48.884044],[2.38438,48.883936],[2.384279,48.883884],[2.384254,48.883871],[2.384229,48.883858],[2.384237,48.883845],[2.384266,48.8838],[2.384275,48.883784],[2.384146,48.883752],[2.384131,48.883748],[2.384105,48.88374],[2.384064,48.88373],[2.384047,48.883726],[2.383969,48.883706],[2.383925,48.883694]]],[[[2.378854,48.884288],[2.380111,48.882686],[2.37601,48.88293],[2.378854,48.884288]]],[[[2.37739,48.884335],[2.377767,48.884057],[2.377012,48.883636],[2.377165,48.884365],[2.37739,48.884335]]],[[[2.379548,48.884066],[2.380732,48.882864],[2.381433,48.882636],[2.380333,48.882689],[2.378876,48.884489],[2.379625,48.884614],[2.379357,48.88433],[2.379548,48.884066]]],[[[2.381262,48.884635],[2.381884,48.883586],[2.381268,48.88335],[2.381341,48.88393],[2.380069,48.884624],[2.381262,48.884635]]],[[[2.379196,48.884871],[2.377834,48.884088],[2.377312,48.884473],[2.379196,48.884871]]],[[[2.383066,48.884735],[2.383268,48.884486],[2.382987,48.884294],[2.382805,48.88458],[2.382386,48.884338],[2.382074,48.884552],[2.382389,48.884018],[2.382882,48.884359],[2.383257,48.883785],[2.384052,48.884195],[2.382428,48.882964],[2.382141,48.883449],[2.382385,48.883604],[2.382013,48.883664],[2.381386,48.884724],[2.383066,48.884735]]]],"type":"MultiPolygon"},"properties":{"id_projet":"ELEMENTAIRES (année scolaire 2024/2025)","libelle":"ARMAND CARREL (43) ELEM","zone_commune":0,"etiquette":"Secteur de l'école 43 RUE ARMAND CARREL","lib_etab_1":"ARMAND CARREL (43) ELEM","lib_etab_2":null,"lib_etab_3":null,"lib_etab_4":null,"adr_etab_1":"43 RUE ARMAND CARREL","adr_etab_2":null,"adr_etab_3":null,"adr_etab_4":null,"annee_scol":"2024-2025","st_area_shape":124028.89407125098,"st_perimeter_shape":7636.091643602531,"type_etabl":"Elémentaire","geo_point_2d":{"lon":2.378413596418997,"lat":48.883114092495894}}},{"type":"Feature","geometry":{"coordinates":[[[[2.381815,48.886674],[2.381528,48.886674],[2.382173,48.887208],[2.381815,48.886674]]],[[[2.381716,48.885951],[2.381596,48.88592],[2.381536,48.88602],[2.38153,48.88603],[2.381501,48.886079],[2.381477,48.886119],[2.38145,48.886164],[2.381546,48.88621],[2.381585,48.88615],[2.381595,48.886135],[2.38163,48.886086],[2.381716,48.885951]]]],"type":"MultiPolygon"},"properties":{"id_projet":"4907","libelle":"Z.TANDOU(16)/PIERRE GIRARD(9)/TANDOU(9)","zone_commune":1,"etiquette":"Secteur commun des écoles \n9 RUE TANDOU \n9 RUE PIERRE GIRARD\n16 RUE TANDOU","lib_etab_1":"TANDOU (9) ELEM","lib_etab_2":"PIERRE GIRARD (9) ELEM","lib_etab_3":"TANDOU (16) POLY","lib_etab_4":null,"adr_etab_1":"9 RUE TANDOU","adr_etab_2":"9 RUE PIERRE GIRARD","adr_etab_3":"16 RUE TANDOU","adr_etab_4":null,"annee_scol":"2025-2026","st_area_shape":1210.8606725757209,"st_perimeter_shape":264.73342707003326,"type_etabl":"Elémentaire","geo_point_2d":{"lon":2.381802576104898,"lat":48.88670276767857}}},{"type":"Feature","geometry":{"coordinates":[[[[2.384135,48.888056],[2.382237,48.88746],[2.382863,48.886617],[2.38255,48.886337],[2.381755,48.8866],[2.382173,48.887208],[2.381528,48.886674],[2.381998,48.887226],[2.380903,48.887159],[2.384135,48.888056]]],[[[2.384134,48.884473],[2.384199,48.884379],[2.384255,48.884299],[2.384223,48.884287],[2.384159,48.884364],[2.384141,48.884357],[2.384083,48.884463],[2.384044,48.884456],[2.383949,48.884613],[2.384021,48.884635],[2.384134,48.884473]]],[[[2.385037,48.884696],[2.385176,48.884193],[2.385698,48.884246],[2.385566,48.884807],[2.385973,48.884834],[2.385876,48.884063],[2.384735,48.883813],[2.384377,48.884313],[2.384704,48.88483],[2.384865,48.884626],[2.384831,48.884948],[2.385037,48.884696]]],[[[2.383864,48.884859],[2.383951,48.884735],[2.383867,48.88471],[2.383865,48.884709],[2.383837,48.884717],[2.383819,48.884742],[2.383818,48.884743],[2.383802,48.884738],[2.383798,48.884737],[2.383768,48.884781],[2.383743,48.884816],[2.383736,48.884826],[2.383712,48.88482],[2.383666,48.884808],[2.383627,48.884855],[2.38375,48.885023],[2.383803,48.884947],[2.383842,48.884891],[2.383864,48.884859]]],[[[2.384226,48.884562],[2.383879,48.885051],[2.384245,48.884895],[2.384226,48.884562]]],[[[2.383288,48.885678],[2.38365,48.885118],[2.382991,48.885603],[2.383062,48.886001],[2.383288,48.885678]]],[[[2.383262,48.886029],[2.383975,48.88595],[2.383777,48.885214],[2.383262,48.886029]]],[[[2.38091,48.885923],[2.380502,48.885815],[2.380281,48.886317],[2.380559,48.886449],[2.38091,48.885923]]],[[[2.381804,48.886483],[2.381928,48.886442],[2.382057,48.8864],[2.382197,48.886353],[2.382322,48.886313],[2.382614,48.886216],[2.382614,48.886209],[2.382082,48.886197],[2.38213,48.88622],[2.381974,48.88636],[2.381964,48.886355],[2.381958,48.886352],[2.381854,48.886407],[2.381844,48.886403],[2.381777,48.886469],[2.381736,48.886448],[2.381725,48.88651],[2.381804,48.886483]]],[[[2.386355,48.887338],[2.386624,48.887249],[2.386615,48.887237],[2.386463,48.887198],[2.3864,48.887181],[2.386396,48.88718],[2.386334,48.887164],[2.386294,48.887242],[2.386356,48.887248],[2.386356,48.887249],[2.386389,48.887258],[2.38639,48.887262],[2.386363,48.887305],[2.386358,48.887313],[2.386353,48.887312],[2.386339,48.887335],[2.386355,48.887338]]],[[[2.380014,48.887752],[2.380236,48.887557],[2.3798,48.887452],[2.380035,48.887249],[2.380275,48.887524],[2.38105,48.886815],[2.379314,48.887023],[2.379493,48.88714],[2.379152,48.887451],[2.380014,48.887752]]],[[[2.38177,48.887811],[2.38229,48.887685],[2.380809,48.887234],[2.38177,48.887811]]],[[[2.385957,48.887499],[2.386276,48.887149],[2.384879,48.886631],[2.384926,48.887374],[2.385462,48.887545],[2.385238,48.887901],[2.385678,48.888022],[2.385957,48.887499]]]],"type":"MultiPolygon"},"properties":{"id_projet":"4907","libelle":"TANDOU (16) POLY","zone_commune":0,"etiquette":"Secteur de l'école 16 RUE TANDOU","lib_etab_1":"TANDOU (16) POLY","lib_etab_2":null,"lib_etab_3":null,"lib_etab_4":null,"adr_etab_1":"16 RUE TANDOU","adr_etab_2":null,"adr_etab_3":null,"adr_etab_4":null,"annee_scol":"2025-2026","st_area_shape":41569.59916407881,"st_perimeter_shape":4176.958165642832,"type_etabl":"Elémentaire","geo_point_2d":{"lon":2.3829991075787986,"lat":48.886449948475374}}},{"type":"Feature","geometry":{"coordinates":[[[[2.374836,48.884362],[2.374955,48.884176],[2.37093,48.883149],[2.372413,48.884099],[2.372715,48.883887],[2.372524,48.884089],[2.37414,48.884891],[2.374836,48.884362]]],[[[2.375813,48.884105],[2.376623,48.883444],[2.37624,48.883742],[2.375085,48.883231],[2.3736,48.883497],[2.375813,48.884105]]],[[[2.376192,48.884208],[2.376857,48.884077],[2.377012,48.883636],[2.376192,48.884208]]],[[[2.3771,48.88474],[2.376938,48.884697],[2.376935,48.884698],[2.376907,48.884792],[2.377041,48.884809],[2.3771,48.88474]]],[[[2.375996,48.885285],[2.3767,48.884634],[2.375155,48.884228],[2.374253,48.884948],[2.375609,48.885619],[2.375996,48.885285]]]],"type":"MultiPolygon"},"properties":{"id_projet":"4907","libelle":"HENRI NOGUERES (10) POLY","zone_commune":0,"etiquette":"Secteur de l'école 10 RUE HENRI NOGUERES","lib_etab_1":"HENRI NOGUERES (10) POLY","lib_etab_2":null,"lib_etab_3":null,"lib_etab_4":null,"adr_etab_1":"10 RUE HENRI NOGUERES","adr_etab_2":null,"adr_etab_3":null,"adr_etab_4":null,"annee_scol":"2025-2026","st_area_shape":43720.58339858883,"st_perimeter_shape":2198.319049019865,"type_etabl":"Elémentaire","geo_point_2d":{"lon":2.374521046406452,"lat":48.88422180169537}}},{"type":"Feature","geometry":{"coordinates":[[[2.39255,48.878707],[2.39232,48.878678],[2.392246,48.878843],[2.392241,48.878844],[2.392163,48.878982],[2.392254,48.878969],[2.392267,48.878967],[2.392419,48.878946],[2.392479,48.878812],[2.392501,48.878759],[2.39255,48.878707]]],"type":"Polygon"},"properties":{"id_projet":"4907","libelle":"Z.COMPANS/BRUNET/E. COTTON","zone_commune":1,"etiquette":"Secteur commun des écoles \n106 RUE COMPANS \n7 RUE DU GENERAL BRUNET\n16 RUE EUGENIE COTTON (ECOLE A (","lib_etab_1":"COMPANS (106) ELEM A","lib_etab_2":"GENERAL BRUNET (7) ELEM","lib_etab_3":"EUGENIE COTTON (16) ELEM B","lib_etab_4":"EUGENIE COTTON (16) ELEM A","adr_etab_1":"106 RUE COMPANS","adr_etab_2":"7 RUE DU GENERAL BRUNET","adr_etab_3":"16 RUE EUGENIE COTTON (ECOLE A (A)","adr_etab_4":"16 RUE EUGENIE COTTON (ECOLE A (B)","annee_scol":"2025-2026","st_area_shape":503.5120688628077,"st_perimeter_shape":100.67104677646168,"type_etabl":"Elémentaire","geo_point_2d":{"lon":2.392355988625038,"lat":48.87882870841526}}},{"type":"Feature","geometry":{"coordinates":[[[[2.374942,48.882335],[2.375914,48.881415],[2.37821,48.881998],[2.378598,48.881582],[2.380155,48.882198],[2.380898,48.881732],[2.376559,48.880595],[2.373978,48.881746],[2.374942,48.882335]]],[[[2.373939,48.87774],[2.373728,48.877738],[2.373735,48.877777],[2.373746,48.877792],[2.373745,48.877805],[2.373746,48.877807],[2.373954,48.877817],[2.373939,48.87774]]],[[[2.374939,48.882489],[2.374777,48.882404],[2.374518,48.882271],[2.374442,48.882324],[2.374562,48.882392],[2.374633,48.882488],[2.374659,48.882472],[2.374664,48.882476],[2.374937,48.882502],[2.374939,48.882489]]],[[[2.375692,48.882949],[2.375596,48.8829],[2.375592,48.8829],[2.375085,48.883231],[2.375189,48.883297],[2.375692,48.882949]]],[[[2.381136,48.88192],[2.381088,48.882236],[2.381561,48.882258],[2.381136,48.88192]]],[[[2.373998,48.87797],[2.37338,48.878223],[2.374055,48.878298],[2.373998,48.87797]]],[[[2.377992,48.877699],[2.378519,48.876821],[2.378352,48.87661],[2.377992,48.877699]]],[[[2.374283,48.881454],[2.373907,48.881086],[2.373487,48.881274],[2.373864,48.881642],[2.374283,48.881454]]],[[[2.375869,48.877847],[2.375366,48.878046],[2.37673,48.878177],[2.375869,48.877847]]],[[[2.373966,48.880487],[2.372939,48.880806],[2.373226,48.881137],[2.373966,48.880487]]],[[[2.378009,48.877139],[2.377984,48.877119],[2.377791,48.877128],[2.377761,48.877129],[2.377647,48.877133],[2.377457,48.877143],[2.377349,48.877149],[2.377107,48.877161],[2.377036,48.877164],[2.376913,48.877204],[2.376736,48.877262],[2.37664,48.877293],[2.376414,48.877366],[2.376419,48.877391],[2.376659,48.877417],[2.376753,48.877412],[2.376941,48.877403],[2.377131,48.877393],[2.377363,48.877382],[2.377606,48.87737],[2.377863,48.877358],[2.3779,48.87734],[2.377921,48.877297],[2.377961,48.877224],[2.378009,48.877139]]],[[[2.377782,48.877543],[2.375759,48.8774],[2.376734,48.877713],[2.377782,48.877543]]],[[[2.372734,48.88073],[2.371908,48.881122],[2.372331,48.881525],[2.373039,48.881218],[2.372734,48.88073]]],[[[2.375178,48.88003],[2.374499,48.879818],[2.374154,48.880652],[2.375434,48.880164],[2.375178,48.88003]]],[[[2.379596,48.880596],[2.378967,48.881145],[2.380408,48.881371],[2.379596,48.880596]]],[[[2.378183,48.876846],[2.378157,48.876824],[2.377817,48.876841],[2.377733,48.876845],[2.377637,48.87685],[2.377544,48.876854],[2.377465,48.876858],[2.377383,48.876862],[2.377274,48.876867],[2.377172,48.876871],[2.377071,48.876876],[2.376961,48.876881],[2.376908,48.876884],[2.376836,48.876906],[2.376649,48.876964],[2.376538,48.876999],[2.376462,48.877022],[2.376391,48.877044],[2.37629,48.877075],[2.376231,48.877094],[2.376164,48.877126],[2.376092,48.877159],[2.37602,48.877193],[2.3758,48.877297],[2.375809,48.877323],[2.376074,48.877352],[2.376082,48.877353],[2.376167,48.877362],[2.376206,48.877366],[2.376256,48.877358],[2.376272,48.877353],[2.376365,48.877322],[2.376453,48.877292],[2.376664,48.877223],[2.37675,48.877196],[2.376995,48.877115],[2.377013,48.87711],[2.377486,48.877088],[2.378034,48.877061],[2.378069,48.877044],[2.378155,48.876894],[2.378183,48.876846]]],[[[2.371791,48.882868],[2.374408,48.882216],[2.37379,48.881836],[2.371791,48.882868]]],[[[2.371437,48.878846],[2.372623,48.878321],[2.370975,48.878137],[2.37083,48.878415],[2.371437,48.878846]]],[[[2.372246,48.880117],[2.371267,48.880459],[2.371857,48.881068],[2.372705,48.88066],[2.372246,48.880117]]],[[[2.376338,48.880491],[2.375674,48.880273],[2.374043,48.881025],[2.374438,48.881411],[2.376338,48.880491]]],[[[2.375527,48.879614],[2.375381,48.878672],[2.374422,48.878543],[2.374503,48.879603],[2.375483,48.879994],[2.375527,48.879614]]],[[[2.373373,48.878073],[2.372436,48.877028],[2.371308,48.877823],[2.370882,48.877771],[2.373373,48.878073]]],[[[2.378136,48.878753],[2.37775,48.878163],[2.37719,48.87812],[2.377979,48.877723],[2.375938,48.877689],[2.376864,48.878018],[2.376846,48.878261],[2.375397,48.878112],[2.375288,48.878403],[2.378136,48.878753]]],[[[2.375788,48.877673],[2.375663,48.877308],[2.37618,48.877037],[2.378206,48.876634],[2.375874,48.876867],[2.374197,48.877671],[2.374951,48.877437],[2.374236,48.877849],[2.374361,48.878289],[2.375097,48.878413],[2.375788,48.877673]]],[[[2.371718,48.882733],[2.373658,48.881701],[2.373213,48.881357],[2.370576,48.882501],[2.371324,48.882919],[2.371718,48.882733]]],[[[2.375596,48.878651],[2.375842,48.879981],[2.37813,48.878958],[2.375596,48.878651]]],[[[2.371648,48.881014],[2.371233,48.880586],[2.37066,48.880633],[2.372091,48.879955],[2.370562,48.87856],[2.370522,48.882281],[2.372171,48.881595],[2.371648,48.881014]]],[[[2.378709,48.881071],[2.37943,48.880415],[2.378441,48.879103],[2.375995,48.880128],[2.378709,48.881071]]],[[[2.374071,48.880285],[2.374234,48.879382],[2.37302,48.879988],[2.374239,48.879317],[2.374022,48.878476],[2.372965,48.87836],[2.371479,48.878955],[2.373024,48.88066],[2.374071,48.880285]]]],"type":"MultiPolygon"},"properties":{"id_projet":"4913","libelle":"G.SIMON BOLIVAR(119)A/B","zone_commune":1,"etiquette":"Secteur commun des écoles \n119 SIMON BOLIVAR (119) ELEM A \n119 SIMON BOLIVAR (119) ELEM B","lib_etab_1":"SIMON BOLIVAR (119) ELEM A","lib_etab_2":"SIMON BOLIVAR (119) ELEM B","lib_etab_3":null,"lib_etab_4":null,"adr_etab_1":"119 SIMON BOLIVAR (119) ELEM A","adr_etab_2":"119 SIMON BOLIVAR (119) ELEM B","adr_etab_3":null,"adr_etab_4":null,"annee_scol":"2026-2027","st_area_shape":266213.68441879743,"st_perimeter_shape":12870.344652855094,"type_etabl":"Elémentaire","geo_point_2d":{"lon":2.3748536876406616,"lat":48.879926241485556}}},{"type":"Feature","geometry":{"coordinates":[[[[2.374836,48.884362],[2.374955,48.884176],[2.37093,48.883149],[2.372413,48.884099],[2.372715,48.883887],[2.372524,48.884089],[2.37414,48.884891],[2.374836,48.884362]]],[[[2.3771,48.88474],[2.376938,48.884697],[2.376935,48.884698],[2.376907,48.884792],[2.377041,48.884809],[2.3771,48.88474]]],[[[2.376192,48.884208],[2.376857,48.884077],[2.377012,48.883636],[2.376192,48.884208]]],[[[2.375813,48.884105],[2.376623,48.883444],[2.37624,48.883742],[2.375085,48.883231],[2.3736,48.883497],[2.375813,48.884105]]],[[[2.375996,48.885285],[2.3767,48.884634],[2.375155,48.884228],[2.374253,48.884948],[2.375609,48.885619],[2.375996,48.885285]]]],"type":"MultiPolygon"},"properties":{"id_projet":"4913","libelle":"HENRI NOGUERES (10) POLY","zone_commune":0,"etiquette":"Secteur de l'école 10 HENRI NOGUERES (10) POLY","lib_etab_1":"HENRI NOGUERES (10) POLY","lib_etab_2":null,"lib_etab_3":null,"lib_etab_4":null,"adr_etab_1":"10 HENRI NOGUERES (10) POLY","adr_etab_2":null,"adr_etab_3":null,"adr_etab_4":null,"annee_scol":"2026-2027","st_area_shape":43720.58339858883,"st_perimeter_shape":2198.319049019865,"type_etabl":"Elémentaire","geo_point_2d":{"lon":2.3745210464064512,"lat":48.88422180169535}}},{"type":"Feature","geometry":{"coordinates":[[[[2.380478,48.891533],[2.382048,48.890696],[2.382081,48.89003],[2.380959,48.889474],[2.377769,48.891089],[2.379154,48.89221],[2.380478,48.891533]]],[[[2.378773,48.88886],[2.378768,48.88884],[2.378678,48.888795],[2.378633,48.888837],[2.37862,48.888849],[2.378611,48.888844],[2.378549,48.8889],[2.378563,48.888907],[2.378555,48.888914],[2.378659,48.88896],[2.378773,48.88886]]],[[[2.382421,48.8902],[2.382276,48.890128],[2.38224,48.89014],[2.382221,48.890514],[2.38226,48.890523],[2.382355,48.89044],[2.382289,48.890364],[2.382551,48.890266],[2.382489,48.890234],[2.382421,48.8902]]],[[[2.377897,48.89058],[2.377423,48.890211],[2.377652,48.890484],[2.37705,48.890519],[2.377623,48.891004],[2.378086,48.890787],[2.377897,48.89058]]],[[[2.380339,48.88917],[2.379758,48.888903],[2.379207,48.88938],[2.379715,48.889634],[2.380339,48.88917]]],[[[2.375301,48.888241],[2.377087,48.888005],[2.376197,48.887955],[2.375789,48.887562],[2.374346,48.888061],[2.375301,48.888241]]],[[[2.377311,48.890114],[2.378545,48.889036],[2.378295,48.888788],[2.376159,48.889819],[2.376875,48.890415],[2.377311,48.890114]]],[[[2.378434,48.890611],[2.379093,48.890271],[2.37882,48.890067],[2.379207,48.890183],[2.379801,48.889811],[2.378818,48.88932],[2.378577,48.889472],[2.37855,48.88921],[2.378163,48.88955],[2.378731,48.889869],[2.377975,48.889691],[2.37746,48.890161],[2.378158,48.890732],[2.378434,48.890611]]],[[[2.378169,48.888716],[2.37728,48.888109],[2.374461,48.888375],[2.375284,48.888502],[2.375685,48.888908],[2.376206,48.888659],[2.376449,48.888918],[2.376012,48.889733],[2.378169,48.888716]]]],"type":"MultiPolygon"},"properties":{"id_projet":"4913","libelle":"JOMARD (9) ELEM","zone_commune":0,"etiquette":"Secteur de l'école 9 JOMARD (9) ELEM","lib_etab_1":"JOMARD (9) ELEM","lib_etab_2":null,"lib_etab_3":null,"lib_etab_4":null,"adr_etab_1":"9 JOMARD (9) ELEM","adr_etab_2":null,"adr_etab_3":null,"adr_etab_4":null,"annee_scol":"2026-2027","st_area_shape":105092.36612798361,"st_perimeter_shape":4255.955351006293,"type_etabl":"Elémentaire","geo_point_2d":{"lon":2.378620731569367,"lat":48.88996768743633}}},{"type":"Feature","geometry":{"coordinates":[[[[2.367406,48.884953],[2.36596,48.885581],[2.366659,48.886316],[2.368201,48.885729],[2.367406,48.884953]]],[[[2.367438,48.886911],[2.36801,48.88649],[2.366992,48.886843],[2.367438,48.886911]]],[[[2.368558,48.884588],[2.368781,48.884484],[2.368567,48.884311],[2.36779,48.884385],[2.368143,48.884712],[2.368558,48.884588]]],[[[2.366536,48.885179],[2.36618,48.884939],[2.365597,48.885194],[2.365883,48.885463],[2.366536,48.885179]]],[[[2.36781,48.884593],[2.367045,48.884434],[2.367661,48.885007],[2.36781,48.884593]]],[[[2.371148,48.885403],[2.369437,48.884394],[2.370886,48.885559],[2.371148,48.885403]]],[[[2.367341,48.88661],[2.368723,48.88618],[2.368292,48.885777],[2.366712,48.886376],[2.367234,48.886477],[2.366935,48.88676],[2.367341,48.88661]]],[[[2.366234,48.884854],[2.366615,48.885146],[2.36727,48.884861],[2.366818,48.884424],[2.365001,48.884566],[2.365554,48.885149],[2.366234,48.884854]]],[[[2.368887,48.884569],[2.367896,48.885099],[2.369321,48.886357],[2.36949,48.885669],[2.368944,48.885316],[2.369404,48.885072],[2.368887,48.884569]]]],"type":"MultiPolygon"},"properties":{"id_projet":"4913","libelle":"TANGER (17) ELEM","zone_commune":0,"etiquette":"Secteur de l'école 17 TANGER (17) ELEM","lib_etab_1":"TANGER (17) ELEM","lib_etab_2":null,"lib_etab_3":null,"lib_etab_4":null,"adr_etab_1":"17 TANGER (17) ELEM","adr_etab_2":null,"adr_etab_3":null,"adr_etab_4":null,"annee_scol":"2026-2027","st_area_shape":49705.31624034392,"st_perimeter_shape":3041.848024913452,"type_etabl":"Elémentaire","geo_point_2d":{"lon":2.367632595013905,"lat":48.88539518815101}}},{"type":"Feature","geometry":{"coordinates":[[[[2.374836,48.884362],[2.374955,48.884176],[2.37093,48.883149],[2.372413,48.884099],[2.372715,48.883887],[2.372524,48.884089],[2.37414,48.884891],[2.374836,48.884362]]],[[[2.375813,48.884105],[2.376623,48.883444],[2.37624,48.883742],[2.375085,48.883231],[2.3736,48.883497],[2.375813,48.884105]]],[[[2.376192,48.884208],[2.376857,48.884077],[2.377012,48.883636],[2.376192,48.884208]]],[[[2.3771,48.88474],[2.376938,48.884697],[2.376935,48.884698],[2.376907,48.884792],[2.377041,48.884809],[2.3771,48.88474]]],[[[2.375996,48.885285],[2.3767,48.884634],[2.375155,48.884228],[2.374253,48.884948],[2.375609,48.885619],[2.375996,48.885285]]]],"type":"MultiPolygon"},"properties":{"id_projet":"ELEMENTAIRES (année scolaire 2024/2025)","libelle":"HENRI NOGUERES (10) POLY","zone_commune":0,"etiquette":"Secteur de l'école 10 RUE HENRI NOGUERES","lib_etab_1":"HENRI NOGUERES (10) POLY","lib_etab_2":null,"lib_etab_3":null,"lib_etab_4":null,"adr_etab_1":"10 RUE HENRI NOGUERES","adr_etab_2":null,"adr_etab_3":null,"adr_etab_4":null,"annee_scol":"2024-2025","st_area_shape":43720.58339858883,"st_perimeter_shape":2198.319049019865,"type_etabl":"Elémentaire","geo_point_2d":{"lon":2.374521046406452,"lat":48.88422180169537}}},{"type":"Feature","geometry":{"coordinates":[[[[2.375733,48.892561],[2.376823,48.893362],[2.378678,48.892399],[2.37664,48.890904],[2.375307,48.892113],[2.375733,48.892561]]],[[[2.370633,48.897673],[2.370862,48.897305],[2.374216,48.896891],[2.371645,48.895869],[2.370642,48.89675],[2.370633,48.897673]]],[[[2.370412,48.894055],[2.372987,48.893274],[2.372516,48.892251],[2.370988,48.892706],[2.371354,48.89326],[2.370708,48.89345],[2.370863,48.893728],[2.370111,48.89399],[2.370412,48.894055]]],[[[2.372966,48.892741],[2.374196,48.892348],[2.374523,48.89252],[2.37489,48.892138],[2.373566,48.891203],[2.373766,48.891452],[2.372557,48.89184],[2.372966,48.892741]]],[[[2.375268,48.892415],[2.373617,48.893646],[2.376553,48.893463],[2.375268,48.892415]]],[[[2.370633,48.897673],[2.370611,48.898295],[2.371252,48.898004],[2.371271,48.897662],[2.377219,48.897708],[2.372707,48.897435],[2.370805,48.897449],[2.370633,48.897673]]],[[[2.372663,48.894291],[2.372991,48.893896],[2.370577,48.894581],[2.371758,48.895248],[2.372663,48.894291]]],[[[2.3724,48.893939],[2.373129,48.893743],[2.372985,48.893377],[2.370263,48.894185],[2.370521,48.894441],[2.3724,48.893939]]],[[[2.377887,48.893686],[2.37692,48.893521],[2.378517,48.894909],[2.378983,48.894266],[2.377887,48.893686]]],[[[2.375036,48.892],[2.376525,48.890702],[2.374833,48.8916],[2.374012,48.891123],[2.375036,48.892]]],[[[2.374801,48.894176],[2.375566,48.893711],[2.373507,48.893797],[2.374801,48.894176]]],[[[2.373381,48.893101],[2.374423,48.892554],[2.373049,48.892923],[2.373381,48.893101]]],[[[2.372453,48.891611],[2.373636,48.891404],[2.373484,48.891218],[2.372394,48.891415],[2.372453,48.891611]]],[[[2.373706,48.893259],[2.373985,48.892961],[2.373213,48.893279],[2.373377,48.893558],[2.373706,48.893259]]],[[[2.372073,48.892117],[2.37247,48.892151],[2.37233,48.891845],[2.371689,48.891971],[2.372073,48.892117]]],[[[2.382289,48.890364],[2.382355,48.89044],[2.382554,48.890267],[2.382551,48.890266],[2.382289,48.890364]]],[[[2.375397,48.889249],[2.3754,48.889252],[2.375681,48.889124],[2.375679,48.889121],[2.375397,48.889249]]]],"type":"MultiPolygon"},"properties":{"id_projet":"4913","libelle":"G.OURCQ(105)A/(105B)B","zone_commune":1,"etiquette":"Secteur commun des écoles \n105 bis OURCQ (105 B) ELEM B \n105 bis OURCQ (105 B) ELEM A","lib_etab_1":"OURCQ (105 B) ELEM B","lib_etab_2":"OURCQ (105 B) ELEM A","lib_etab_3":null,"lib_etab_4":null,"adr_etab_1":"105 bis OURCQ (105 B) ELEM B","adr_etab_2":"105 bis OURCQ (105 B) ELEM A","adr_etab_3":null,"adr_etab_4":null,"annee_scol":"2026-2027","st_area_shape":162892.6722921505,"st_perimeter_shape":7957.994928303144,"type_etabl":"Elémentaire","geo_point_2d":{"lon":2.374077807869102,"lat":48.89374738444218}}},{"type":"Feature","geometry":{"coordinates":[[[[2.381815,48.886674],[2.381528,48.886674],[2.382173,48.887208],[2.381815,48.886674]]],[[[2.381716,48.885951],[2.381596,48.88592],[2.381536,48.88602],[2.38153,48.88603],[2.381501,48.886079],[2.381477,48.886119],[2.38145,48.886164],[2.381546,48.88621],[2.381585,48.88615],[2.381595,48.886135],[2.38163,48.886086],[2.381716,48.885951]]]],"type":"MultiPolygon"},"properties":{"id_projet":"4913","libelle":"Z.TANDOU(16)/PIERRE GIRARD(9)/TANDOU(9)","zone_commune":1,"etiquette":"Secteur commun des écoles \n9 TANDOU (9) ELEM \n16 TANDOU (16) POLY\n9 PIERRE GIRARD (9) ELEM","lib_etab_1":"TANDOU (9) ELEM","lib_etab_2":"TANDOU (16) POLY","lib_etab_3":"PIERRE GIRARD (9) ELEM","lib_etab_4":null,"adr_etab_1":"9 TANDOU (9) ELEM","adr_etab_2":"16 TANDOU (16) POLY","adr_etab_3":"9 PIERRE GIRARD (9) ELEM","adr_etab_4":null,"annee_scol":"2026-2027","st_area_shape":1210.8606725757209,"st_perimeter_shape":264.73342707003326,"type_etabl":"Elémentaire","geo_point_2d":{"lon":2.381802576104898,"lat":48.88670276767857}}},{"type":"Feature","geometry":{"coordinates":[[[[2.374889,48.876445],[2.376745,48.876306],[2.376072,48.874735],[2.375307,48.874064],[2.373818,48.875212],[2.374365,48.876337],[2.374889,48.876445]]],[[[2.373145,48.877933],[2.373939,48.877843],[2.373728,48.877738],[2.374022,48.877173],[2.37326,48.876567],[2.37278,48.876807],[2.372237,48.876598],[2.370892,48.877763],[2.371308,48.877823],[2.372436,48.877028],[2.373145,48.877933]]],[[[2.374192,48.877526],[2.376458,48.876667],[2.378203,48.876613],[2.375398,48.876486],[2.374568,48.876873],[2.374192,48.877526]]],[[[2.374131,48.876941],[2.374195,48.876294],[2.373727,48.875359],[2.372373,48.876477],[2.372836,48.876671],[2.37317,48.876385],[2.374131,48.876941]]],[[[2.376791,48.875143],[2.376881,48.875344],[2.376537,48.875426],[2.376925,48.876334],[2.378088,48.876362],[2.378034,48.875661],[2.378312,48.875328],[2.377962,48.875548],[2.377958,48.876125],[2.377442,48.875927],[2.377613,48.875252],[2.376791,48.875143]]],[[[2.378032,48.877734],[2.37719,48.87812],[2.37775,48.878163],[2.378138,48.878753],[2.378032,48.877734]]],[[[2.377992,48.877699],[2.379131,48.87647],[2.37825,48.876533],[2.378519,48.876821],[2.377992,48.877699]]],[[[2.381091,48.875922],[2.381112,48.875914],[2.381212,48.875873],[2.381235,48.875863],[2.381208,48.875822],[2.380821,48.875855],[2.380806,48.875831],[2.380756,48.875753],[2.380619,48.875787],[2.38062,48.875789],[2.380627,48.875799],[2.380624,48.875807],[2.380606,48.875812],[2.380584,48.875819],[2.380563,48.875825],[2.380458,48.875857],[2.380409,48.875871],[2.380336,48.875893],[2.380238,48.875923],[2.380176,48.875941],[2.380177,48.875943],[2.379637,48.876028],[2.37968,48.876197],[2.379685,48.876198],[2.37969,48.876199],[2.3797,48.876199],[2.379711,48.876198],[2.379721,48.876196],[2.379725,48.876196],[2.379882,48.876173],[2.380017,48.876153],[2.380288,48.876113],[2.380291,48.876112],[2.3805,48.876076],[2.380527,48.876072],[2.380707,48.876035],[2.380763,48.876022],[2.380903,48.875984],[2.381009,48.875951],[2.381091,48.875922]]],[[[2.379134,48.876274],[2.379443,48.876222],[2.378796,48.876005],[2.378266,48.876351],[2.379134,48.876274]]],[[[2.374581,48.876446],[2.374541,48.876439],[2.374408,48.876488],[2.37442,48.876502],[2.374381,48.876536],[2.37438,48.876572],[2.374377,48.876616],[2.374366,48.876693],[2.374363,48.876711],[2.374402,48.876721],[2.374482,48.876663],[2.374534,48.876628],[2.374566,48.876607],[2.374636,48.876566],[2.374645,48.876561],[2.37465,48.876531],[2.374651,48.876529],[2.374642,48.876519],[2.374581,48.876446]]],[[[2.376598,48.875153],[2.376443,48.875116],[2.376412,48.875134],[2.376452,48.875227],[2.376493,48.87532],[2.376528,48.875333],[2.376721,48.875299],[2.376742,48.875275],[2.376725,48.875225],[2.376639,48.875163],[2.376598,48.875153]]],[[[2.376747,48.875111],[2.376791,48.875143],[2.376841,48.875076],[2.376458,48.874953],[2.376356,48.875013],[2.376359,48.875019],[2.376747,48.875111]]]],"type":"MultiPolygon"},"properties":{"id_projet":"4913","libelle":"SIMON BOLIVAR (67) ELEM","zone_commune":0,"etiquette":"Secteur de l'école 67 SIMON BOLIVAR (67) ELEM","lib_etab_1":"SIMON BOLIVAR (67) ELEM","lib_etab_2":null,"lib_etab_3":null,"lib_etab_4":null,"adr_etab_1":"67 SIMON BOLIVAR (67) ELEM","adr_etab_2":null,"adr_etab_3":null,"adr_etab_4":null,"annee_scol":"2026-2027","st_area_shape":96344.84683132629,"st_perimeter_shape":5020.105871913857,"type_etabl":"Elémentaire","geo_point_2d":{"lon":2.3752670039488373,"lat":48.87619290303173}}},{"type":"Feature","geometry":{"coordinates":[[[[2.384135,48.888056],[2.382237,48.88746],[2.382863,48.886617],[2.38255,48.886337],[2.381755,48.8866],[2.382173,48.887208],[2.381528,48.886674],[2.381998,48.887226],[2.380903,48.887159],[2.384135,48.888056]]],[[[2.384134,48.884473],[2.384199,48.884379],[2.384255,48.884299],[2.384223,48.884287],[2.384159,48.884364],[2.384141,48.884357],[2.384083,48.884463],[2.384044,48.884456],[2.383949,48.884613],[2.384021,48.884635],[2.384134,48.884473]]],[[[2.386355,48.887338],[2.386624,48.887249],[2.386615,48.887237],[2.386463,48.887198],[2.3864,48.887181],[2.386396,48.88718],[2.386334,48.887164],[2.386294,48.887242],[2.386356,48.887248],[2.386356,48.887249],[2.386389,48.887258],[2.38639,48.887262],[2.386363,48.887305],[2.386358,48.887313],[2.386353,48.887312],[2.386339,48.887335],[2.386355,48.887338]]],[[[2.383864,48.884859],[2.383951,48.884735],[2.383867,48.88471],[2.383865,48.884709],[2.383837,48.884717],[2.383819,48.884742],[2.383818,48.884743],[2.383802,48.884738],[2.383798,48.884737],[2.383768,48.884781],[2.383743,48.884816],[2.383736,48.884826],[2.383712,48.88482],[2.383666,48.884808],[2.383627,48.884855],[2.38375,48.885023],[2.383803,48.884947],[2.383842,48.884891],[2.383864,48.884859]]],[[[2.381804,48.886483],[2.381928,48.886442],[2.382057,48.8864],[2.382197,48.886353],[2.382322,48.886313],[2.382614,48.886216],[2.382614,48.886209],[2.382082,48.886197],[2.38213,48.88622],[2.381974,48.88636],[2.381964,48.886355],[2.381958,48.886352],[2.381854,48.886407],[2.381844,48.886403],[2.381777,48.886469],[2.381736,48.886448],[2.381725,48.88651],[2.381804,48.886483]]],[[[2.384226,48.884562],[2.383879,48.885051],[2.384245,48.884895],[2.384226,48.884562]]],[[[2.383288,48.885678],[2.38365,48.885118],[2.382991,48.885603],[2.383062,48.886001],[2.383288,48.885678]]],[[[2.38091,48.885923],[2.380502,48.885815],[2.380281,48.886317],[2.380559,48.886449],[2.38091,48.885923]]],[[[2.38177,48.887811],[2.38229,48.887685],[2.380809,48.887234],[2.38177,48.887811]]],[[[2.383262,48.886029],[2.383975,48.88595],[2.383777,48.885214],[2.383262,48.886029]]],[[[2.385037,48.884696],[2.385176,48.884193],[2.385698,48.884246],[2.385566,48.884807],[2.385973,48.884834],[2.385876,48.884063],[2.384735,48.883813],[2.384377,48.884313],[2.384704,48.88483],[2.384865,48.884626],[2.384831,48.884948],[2.385037,48.884696]]],[[[2.385957,48.887499],[2.386276,48.887149],[2.384879,48.886631],[2.384926,48.887374],[2.385462,48.887545],[2.385238,48.887901],[2.385678,48.888022],[2.385957,48.887499]]],[[[2.380014,48.887752],[2.380236,48.887557],[2.3798,48.887452],[2.380035,48.887249],[2.380275,48.887524],[2.38105,48.886815],[2.379314,48.887023],[2.379493,48.88714],[2.379152,48.887451],[2.380014,48.887752]]]],"type":"MultiPolygon"},"properties":{"id_projet":"4913","libelle":"TANDOU (16) POLY","zone_commune":0,"etiquette":"Secteur de l'école 16 TANDOU (16) POLY","lib_etab_1":"TANDOU (16) POLY","lib_etab_2":null,"lib_etab_3":null,"lib_etab_4":null,"adr_etab_1":"16 TANDOU (16) POLY","adr_etab_2":null,"adr_etab_3":null,"adr_etab_4":null,"annee_scol":"2026-2027","st_area_shape":41569.59916407881,"st_perimeter_shape":4176.958165642832,"type_etabl":"Elémentaire","geo_point_2d":{"lon":2.3829991075787995,"lat":48.88644994847542}}},{"type":"Feature","geometry":{"coordinates":[[[2.391132,48.888112],[2.391789,48.887204],[2.391506,48.887158],[2.391132,48.888112]]],"type":"Polygon"},"properties":{"id_projet":"ELEMENTAIRES (année scolaire 2020/2021)","libelle":"Z. MANIN(30)/MANIN(40B)/JEAN JAURES(160)","zone_commune":1,"etiquette":"Secteur commun des écoles \n30 RUE MANIN \n40 bis RUE MANIN\n160 AVENUE JEAN JAURES","lib_etab_1":"MANIN (30) ELEM B","lib_etab_2":"MANIN (40B) ELEM","lib_etab_3":"JEAN JAURES (160) ELEM","lib_etab_4":null,"adr_etab_1":"30 RUE MANIN","adr_etab_2":"40 bis RUE MANIN","adr_etab_3":"160 AVENUE JEAN JAURES","adr_etab_4":null,"annee_scol":"2020-2021","st_area_shape":2031.055510961176,"st_perimeter_shape":267.8779237073848,"type_etabl":null,"geo_point_2d":{"lon":2.3914537634655084,"lat":48.88760972864151}}},{"type":"Feature","geometry":{"coordinates":[[[[2.374799,48.876485],[2.376745,48.876306],[2.376072,48.874735],[2.375307,48.874064],[2.373818,48.875212],[2.374365,48.876337],[2.374799,48.876485]]],[[[2.373145,48.877933],[2.373939,48.877843],[2.373728,48.877738],[2.374022,48.877173],[2.37326,48.876567],[2.37278,48.876807],[2.372237,48.876598],[2.370892,48.877763],[2.371308,48.877823],[2.372436,48.877028],[2.373145,48.877933]]],[[[2.374192,48.877526],[2.376458,48.876667],[2.378203,48.876613],[2.375398,48.876486],[2.374568,48.876873],[2.374192,48.877526]]],[[[2.373843,48.876728],[2.374131,48.876941],[2.374209,48.876374],[2.373727,48.875359],[2.372373,48.876477],[2.372836,48.876671],[2.37317,48.876385],[2.373843,48.876728]]],[[[2.376791,48.875143],[2.376881,48.875344],[2.376537,48.875426],[2.376925,48.876334],[2.378088,48.876362],[2.378034,48.875661],[2.378312,48.875328],[2.377962,48.875548],[2.377958,48.876125],[2.377442,48.875927],[2.377613,48.875252],[2.376791,48.875143]]],[[[2.378032,48.877734],[2.37719,48.87812],[2.37775,48.878163],[2.378138,48.878753],[2.378032,48.877734]]],[[[2.377992,48.877699],[2.379131,48.87647],[2.37825,48.876533],[2.378519,48.876821],[2.377992,48.877699]]],[[[2.380903,48.875984],[2.381235,48.875863],[2.380756,48.875753],[2.379637,48.876028],[2.380903,48.875984]]],[[[2.378266,48.876351],[2.379443,48.876222],[2.378796,48.876005],[2.378266,48.876351]]],[[[2.374581,48.876446],[2.374541,48.876439],[2.374408,48.876488],[2.37442,48.876502],[2.374381,48.876536],[2.37438,48.876572],[2.374377,48.876616],[2.374366,48.876693],[2.374363,48.876711],[2.374402,48.876721],[2.374482,48.876663],[2.374534,48.876628],[2.374566,48.876607],[2.374636,48.876566],[2.374645,48.876561],[2.37465,48.876531],[2.374651,48.876529],[2.374642,48.876519],[2.374581,48.876446]]],[[[2.376598,48.875153],[2.376443,48.875116],[2.376412,48.875134],[2.376452,48.875227],[2.376493,48.87532],[2.376528,48.875333],[2.376721,48.875299],[2.376742,48.875275],[2.376725,48.875225],[2.376639,48.875163],[2.376598,48.875153]]],[[[2.376747,48.875111],[2.376791,48.875143],[2.376841,48.875076],[2.376458,48.874953],[2.376356,48.875013],[2.376359,48.875019],[2.376747,48.875111]]]],"type":"MultiPolygon"},"properties":{"id_projet":"ELEMENTAIRES (année scolaire 2020/2021)","libelle":"SIMON BOLIVAR (67) ELEM","zone_commune":0,"etiquette":"Secteur de l'école 67 AVENUE SIMON BOLIVAR","lib_etab_1":"SIMON BOLIVAR (67) ELEM","lib_etab_2":null,"lib_etab_3":null,"lib_etab_4":null,"adr_etab_1":"67 AVENUE SIMON BOLIVAR","adr_etab_2":null,"adr_etab_3":null,"adr_etab_4":null,"annee_scol":"2020-2021","st_area_shape":96344.8468313263,"st_perimeter_shape":5020.105871913856,"type_etabl":null,"geo_point_2d":{"lon":2.3752670039488355,"lat":48.876192903031644}}},{"type":"Feature","geometry":{"coordinates":[[[[2.38812,48.879462],[2.387834,48.877275],[2.387309,48.877807],[2.386958,48.877851],[2.386837,48.877437],[2.386305,48.877607],[2.385697,48.878317],[2.385977,48.879406],[2.38812,48.879462]]],[[[2.384184,48.878814],[2.383942,48.87818],[2.38197,48.878408],[2.384183,48.879198],[2.384184,48.878814]]],[[[2.389127,48.878603],[2.388612,48.878397],[2.389068,48.878334],[2.388571,48.878159],[2.388978,48.877769],[2.388578,48.877818],[2.38796,48.877138],[2.388317,48.878662],[2.389127,48.878603]]],[[[2.384966,48.878838],[2.384902,48.87804],[2.384122,48.87814],[2.384391,48.879214],[2.384966,48.878838]]],[[[2.385582,48.877502],[2.387741,48.877034],[2.385945,48.877119],[2.385582,48.877502]]],[[[2.384372,48.877984],[2.385426,48.877908],[2.385177,48.877662],[2.384651,48.87796],[2.383261,48.877828],[2.38309,48.87813],[2.384372,48.877984]]],[[[2.385443,48.878101],[2.384917,48.878039],[2.385116,48.878963],[2.385573,48.878733],[2.385443,48.878101]]],[[[2.391868,48.877401],[2.39233,48.876947],[2.391552,48.877174],[2.391695,48.877414],[2.391205,48.877513],[2.391072,48.878096],[2.391868,48.877401]]],[[[2.389727,48.879],[2.38903,48.878874],[2.388815,48.878705],[2.389034,48.878619],[2.388279,48.878674],[2.388384,48.879141],[2.389727,48.879]]],[[[2.391383,48.879356],[2.391606,48.878804],[2.391237,48.878511],[2.391656,48.878164],[2.390987,48.878488],[2.391383,48.879356]]],[[[2.389804,48.879117],[2.388368,48.879233],[2.388432,48.879459],[2.38944,48.879448],[2.389804,48.879117]]],[[[2.392,48.878136],[2.392405,48.877804],[2.392307,48.877345],[2.391528,48.878028],[2.392,48.878136]]],[[[2.385658,48.878895],[2.384654,48.879273],[2.385627,48.879379],[2.385658,48.878895]]],[[[2.381883,48.878285],[2.382319,48.878237],[2.382319,48.878238],[2.382447,48.878224],[2.382446,48.878222],[2.382802,48.878183],[2.382822,48.878162],[2.382816,48.878162],[2.382544,48.878023],[2.381926,48.878095],[2.381791,48.878261],[2.38183,48.878271],[2.381883,48.878285]]],[[[2.386562,48.879932],[2.386279,48.879861],[2.386229,48.879856],[2.386197,48.879873],[2.386,48.879856],[2.385967,48.880016],[2.386015,48.880027],[2.386061,48.880036],[2.386064,48.880036],[2.386121,48.880043],[2.386269,48.880059],[2.386473,48.880076],[2.386535,48.88008],[2.38655,48.879953],[2.386562,48.879932]]],[[[2.391059,48.878984],[2.390903,48.878638],[2.390612,48.878814],[2.391059,48.878984]]],[[[2.391101,48.879092],[2.390918,48.879185],[2.391217,48.87939],[2.391101,48.879092]]],[[[2.381127,48.878009],[2.381105,48.87797],[2.381107,48.877969],[2.381101,48.877958],[2.38111,48.877955],[2.381098,48.877936],[2.381089,48.877938],[2.381082,48.877926],[2.381068,48.877929],[2.381062,48.877919],[2.381026,48.877929],[2.381031,48.877939],[2.381012,48.877944],[2.381027,48.877973],[2.38103,48.877973],[2.381038,48.877987],[2.38104,48.877986],[2.381064,48.878025],[2.381127,48.878009]]],[[[2.388595,48.879773],[2.388592,48.879729],[2.388533,48.879729],[2.38853,48.879727],[2.388458,48.879728],[2.388459,48.879742],[2.388432,48.879742],[2.388432,48.879762],[2.388459,48.879762],[2.388461,48.879777],[2.388595,48.879773]]],[[[2.384688,48.87788],[2.38469,48.877872],[2.384688,48.877879],[2.384688,48.87788]]]],"type":"MultiPolygon"},"properties":{"id_projet":"ELEMENTAIRES (année scolaire 2020/2021)","libelle":"VILLETTE (61) ELEM","zone_commune":0,"etiquette":"Secteur de l'école 61 RUE DE LA VILLETTE","lib_etab_1":"VILLETTE (61) ELEM","lib_etab_2":null,"lib_etab_3":null,"lib_etab_4":null,"adr_etab_1":"61 RUE DE LA VILLETTE","adr_etab_2":null,"adr_etab_3":null,"adr_etab_4":null,"annee_scol":"2020-2021","st_area_shape":88937.46054858106,"st_perimeter_shape":5796.463193464428,"type_etabl":null,"geo_point_2d":{"lon":2.386804102561799,"lat":48.87843946965063}}},{"type":"Feature","geometry":{"coordinates":[[[[2.393687,48.899298],[2.39552,48.898264],[2.395928,48.897603],[2.390509,48.897594],[2.390921,48.898266],[2.387382,48.898594],[2.386829,48.898084],[2.386375,48.898086],[2.388081,48.899703],[2.393687,48.899298]]],[[[2.384799,48.901044],[2.385485,48.901487],[2.386297,48.900811],[2.386371,48.900127],[2.386091,48.900026],[2.387706,48.899633],[2.386617,48.898927],[2.386382,48.898987],[2.386781,48.899612],[2.383682,48.90052],[2.381361,48.900556],[2.380347,48.902075],[2.384759,48.902101],[2.385294,48.901652],[2.384799,48.901044]]],[[[2.379654,48.90206],[2.380421,48.900823],[2.377534,48.900528],[2.372537,48.901012],[2.373329,48.901925],[2.379654,48.90206]]],[[[2.38109,48.89967],[2.381475,48.899085],[2.374262,48.89894],[2.375035,48.899712],[2.376135,48.899735],[2.37617,48.898976],[2.376424,48.898981],[2.376389,48.89974],[2.377976,48.899771],[2.378011,48.899013],[2.378167,48.899775],[2.379673,48.899805],[2.379708,48.899047],[2.379864,48.899809],[2.38109,48.89967]]],[[[2.384843,48.899884],[2.384668,48.899593],[2.386253,48.89902],[2.3836,48.899664],[2.386605,48.898916],[2.385889,48.898494],[2.382839,48.899142],[2.381968,48.900026],[2.384843,48.899884]]],[[[2.384895,48.898278],[2.385774,48.898156],[2.383991,48.896551],[2.382682,48.898658],[2.384895,48.898278]]],[[[2.391218,48.900564],[2.389316,48.900844],[2.390904,48.900843],[2.391218,48.900564]]],[[[2.380882,48.900558],[2.380884,48.900527],[2.380599,48.900534],[2.379788,48.900553],[2.380516,48.900672],[2.380463,48.900755],[2.380726,48.900715],[2.380826,48.900651],[2.380882,48.900558]]],[[[2.381205,48.900607],[2.381124,48.900595],[2.381071,48.900688],[2.381151,48.900701],[2.381205,48.900607]]]],"type":"MultiPolygon"},"properties":{"id_projet":"ELEMENTAIRES (année scolaire 2021/2022)","libelle":"MACDONALD (118) POLY","zone_commune":0,"etiquette":"Secteur de l'école 118 BOULEVARD MAC DONALD","lib_etab_1":"MACDONALD (118) POLY","lib_etab_2":null,"lib_etab_3":null,"lib_etab_4":null,"adr_etab_1":"118 BOULEVARD MAC DONALD","adr_etab_2":null,"adr_etab_3":null,"adr_etab_4":null,"annee_scol":"2021-2022","st_area_shape":337910.5961646248,"st_perimeter_shape":9084.750320286188,"type_etabl":"Elémentaire","geo_point_2d":{"lon":2.3841266008297244,"lat":48.89981480695197}}},{"type":"Feature","geometry":{"coordinates":[[[2.376185,48.89854],[2.37124,48.898252],[2.37123,48.89846],[2.376185,48.89854]]],"type":"Polygon"},"properties":{"id_projet":"ELEMENTAIRES (année scolaire 2022/2023)","libelle":"Z. BOLLAERT(53)/MACDONALD(141)","zone_commune":1,"etiquette":"Secteur commun des écoles \n53 RUE EMILE BOLLAERT \n141 BOULEVARD MACDONALD","lib_etab_1":"EMILE BOLLAERT (53) POLY","lib_etab_2":"MACDONALD (141) POLY","lib_etab_3":null,"lib_etab_4":null,"adr_etab_1":"53 RUE EMILE BOLLAERT","adr_etab_2":"141 BOULEVARD MACDONALD","adr_etab_3":null,"adr_etab_4":null,"annee_scol":"2022-2023","st_area_shape":7688.50609571474,"st_perimeter_shape":795.9777596163481,"type_etabl":"Elémentaire","geo_point_2d":{"lon":2.3736083044285365,"lat":48.8984116495617}}},{"type":"Feature","geometry":{"coordinates":[[[[2.371277,48.893145],[2.370988,48.892706],[2.372516,48.892251],[2.371689,48.891971],[2.37233,48.891845],[2.371196,48.889444],[2.369658,48.889565],[2.3697,48.88983],[2.369613,48.889571],[2.368311,48.889732],[2.370271,48.893938],[2.370863,48.893728],[2.370708,48.89345],[2.371277,48.893145]],[[2.370118,48.891426],[2.370302,48.891383],[2.370462,48.891736],[2.370281,48.891784],[2.370118,48.891426]]],[[[2.372067,48.890064],[2.371617,48.889708],[2.372389,48.891216],[2.37274,48.890862],[2.372067,48.890064]]],[[[2.373241,48.889096],[2.373729,48.888924],[2.373734,48.888619],[2.372574,48.889],[2.373241,48.889096]]],[[[2.371883,48.88932],[2.37211,48.889195],[2.37214,48.889216],[2.372212,48.889176],[2.372268,48.889218],[2.372291,48.889205],[2.3723,48.889212],[2.372314,48.889204],[2.372336,48.889221],[2.372354,48.889211],[2.372332,48.889194],[2.37237,48.889172],[2.372357,48.889161],[2.372383,48.889145],[2.372378,48.889142],[2.372428,48.88911],[2.372449,48.889124],[2.37249,48.8891],[2.372475,48.889088],[2.372464,48.889081],[2.372458,48.889077],[2.37244,48.889067],[2.372428,48.889061],[2.372417,48.889058],[2.372407,48.889057],[2.372396,48.889056],[2.372386,48.889057],[2.372375,48.889058],[2.372372,48.889058],[2.371693,48.889255],[2.371677,48.889306],[2.371883,48.88932]]]],"type":"MultiPolygon"},"properties":{"id_projet":"ELEMENTAIRES (année scolaire 2022/2023)","libelle":"AUBERVILLIERS (132) ELEM","zone_commune":0,"etiquette":"Secteur de l'école 132 RUE D'AUBERVILLIERS","lib_etab_1":"AUBERVILLIERS (132) ELEM","lib_etab_2":null,"lib_etab_3":null,"lib_etab_4":null,"adr_etab_1":"132 RUE D'AUBERVILLIERS","adr_etab_2":null,"adr_etab_3":null,"adr_etab_4":null,"annee_scol":"2022-2023","st_area_shape":90136.41991836202,"st_perimeter_shape":2498.321482702311,"type_etabl":"Elémentaire","geo_point_2d":{"lon":2.370592210815271,"lat":48.891204531916}}},{"type":"Feature","geometry":{"coordinates":[[[2.374342,48.881772],[2.374207,48.881644],[2.374129,48.881678],[2.374223,48.881769],[2.374267,48.881812],[2.374342,48.881772]]],"type":"Polygon"},"properties":{"id_projet":"ELEMENTAIRES (année scolaire 2022/2023)","libelle":"Z.ARMAND CARREL(43)/SIMON BOLIVAR A ET B(119)","zone_commune":1,"etiquette":"Secteur commun des écoles \n43 RUE ARMAND CARREL \n119 AVENUE SIMON BOLIVAR (EC.B (A)\n119 AVENUE SIMON","lib_etab_1":"ARMAND CARREL (43) ELEM","lib_etab_2":"SIMON BOLIVAR (119) ELEM A","lib_etab_3":"SIMON BOLIVAR (119) ELEM B","lib_etab_4":null,"adr_etab_1":"43 RUE ARMAND CARREL","adr_etab_2":"119 AVENUE SIMON BOLIVAR (EC.B (A)","adr_etab_3":"119 AVENUE SIMON BOLIVAR (EC.B (B)","adr_etab_4":null,"annee_scol":"2022-2023","st_area_shape":122.72758554794068,"st_perimeter_shape":49.23362524969225,"type_etabl":"Elémentaire","geo_point_2d":{"lon":2.374236358688997,"lat":48.881726784351336}}},{"type":"Feature","geometry":{"coordinates":[[[[2.384135,48.888056],[2.382237,48.88746],[2.382863,48.886617],[2.38255,48.886337],[2.381755,48.8866],[2.382173,48.887208],[2.381528,48.886674],[2.381998,48.887226],[2.380903,48.887159],[2.384135,48.888056]]],[[[2.380014,48.887752],[2.380236,48.887557],[2.3798,48.887452],[2.380035,48.887249],[2.380275,48.887524],[2.38105,48.886815],[2.379314,48.887023],[2.379493,48.88714],[2.379152,48.887451],[2.380014,48.887752]]],[[[2.385957,48.887499],[2.386276,48.887149],[2.384879,48.886631],[2.384926,48.887374],[2.385462,48.887545],[2.385238,48.887901],[2.385678,48.888022],[2.385957,48.887499]]],[[[2.385037,48.884696],[2.385176,48.884193],[2.385698,48.884246],[2.385566,48.884807],[2.385973,48.884834],[2.385876,48.884063],[2.384735,48.883813],[2.384377,48.884313],[2.384704,48.88483],[2.384865,48.884626],[2.384831,48.884948],[2.385037,48.884696]]],[[[2.383262,48.886029],[2.383975,48.88595],[2.383777,48.885214],[2.383262,48.886029]]],[[[2.38177,48.887811],[2.38229,48.887685],[2.380809,48.887234],[2.38177,48.887811]]],[[[2.38091,48.885923],[2.380502,48.885815],[2.380281,48.886317],[2.380559,48.886449],[2.38091,48.885923]]],[[[2.383288,48.885678],[2.38365,48.885118],[2.382991,48.885603],[2.383062,48.886001],[2.383288,48.885678]]],[[[2.384226,48.884562],[2.383879,48.885051],[2.384245,48.884895],[2.384226,48.884562]]],[[[2.381804,48.886483],[2.381928,48.886442],[2.382057,48.8864],[2.382197,48.886353],[2.382322,48.886313],[2.382614,48.886216],[2.382614,48.886209],[2.382082,48.886197],[2.38213,48.88622],[2.381974,48.88636],[2.381964,48.886355],[2.381958,48.886352],[2.381854,48.886407],[2.381844,48.886403],[2.381777,48.886469],[2.381736,48.886448],[2.381725,48.88651],[2.381804,48.886483]]],[[[2.383864,48.884859],[2.383951,48.884735],[2.383867,48.88471],[2.383865,48.884709],[2.383837,48.884717],[2.383819,48.884742],[2.383818,48.884743],[2.383802,48.884738],[2.383798,48.884737],[2.383768,48.884781],[2.383743,48.884816],[2.383736,48.884826],[2.383712,48.88482],[2.383666,48.884808],[2.383627,48.884855],[2.38375,48.885023],[2.383803,48.884947],[2.383842,48.884891],[2.383864,48.884859]]],[[[2.386355,48.887338],[2.386624,48.887249],[2.386615,48.887237],[2.386463,48.887198],[2.3864,48.887181],[2.386396,48.88718],[2.386334,48.887164],[2.386294,48.887242],[2.386356,48.887248],[2.386356,48.887249],[2.386389,48.887258],[2.38639,48.887262],[2.386363,48.887305],[2.386358,48.887313],[2.386353,48.887312],[2.386339,48.887335],[2.386355,48.887338]]],[[[2.384134,48.884473],[2.384199,48.884379],[2.384255,48.884299],[2.384223,48.884287],[2.384159,48.884364],[2.384141,48.884357],[2.384083,48.884463],[2.384044,48.884456],[2.383949,48.884613],[2.384021,48.884635],[2.384134,48.884473]]]],"type":"MultiPolygon"},"properties":{"id_projet":"ELEMENTAIRES (année scolaire 2022/2023)","libelle":"TANDOU (16) POLY","zone_commune":0,"etiquette":"Secteur de l'école 16 RUE TANDOU","lib_etab_1":"TANDOU (16) POLY","lib_etab_2":null,"lib_etab_3":null,"lib_etab_4":null,"adr_etab_1":"16 RUE TANDOU","adr_etab_2":null,"adr_etab_3":null,"adr_etab_4":null,"annee_scol":"2022-2023","st_area_shape":41569.599164078805,"st_perimeter_shape":4176.958165642832,"type_etabl":"Elémentaire","geo_point_2d":{"lon":2.3829991075787986,"lat":48.886449948475395}}},{"type":"Feature","geometry":{"coordinates":[[[[2.381401,48.898624],[2.381792,48.897933],[2.377182,48.897617],[2.371267,48.8977],[2.37124,48.898252],[2.381401,48.898624]]],[[[2.383073,48.896292],[2.379943,48.89617],[2.376994,48.896893],[2.37741,48.897224],[2.38236,48.897509],[2.383073,48.896292]]]],"type":"MultiPolygon"},"properties":{"id_projet":"ELEMENTAIRES (année scolaire 2023/2024)","libelle":"MACDONALD (141) POLY","zone_commune":0,"etiquette":"Secteur de l'école 141 BOULEVARD MACDONALD","lib_etab_1":"MACDONALD (141) POLY","lib_etab_2":null,"lib_etab_3":null,"lib_etab_4":null,"adr_etab_1":"141 BOULEVARD MACDONALD","adr_etab_2":null,"adr_etab_3":null,"adr_etab_4":null,"annee_scol":"2023-2024","st_area_shape":106612.08668405979,"st_perimeter_shape":2764.9121875073297,"type_etabl":"Elémentaire","geo_point_2d":{"lon":2.378267691499239,"lat":48.89758766281626}}},{"type":"Feature","geometry":{"coordinates":[[[[2.397055,48.875616],[2.395354,48.87548],[2.394989,48.876076],[2.395643,48.876706],[2.397833,48.87695],[2.39785,48.875722],[2.397055,48.875616]]],[[[2.393916,48.875984],[2.394653,48.87588],[2.394753,48.875483],[2.39247,48.87567],[2.393087,48.876173],[2.393916,48.875984]]],[[[2.392508,48.875987],[2.392096,48.875759],[2.392288,48.876341],[2.392902,48.876367],[2.392508,48.875987]]],[[[2.392025,48.876448],[2.392348,48.876565],[2.391927,48.875592],[2.391009,48.876054],[2.391202,48.876591],[2.392025,48.876448]]],[[[2.399604,48.876667],[2.39892,48.876603],[2.398832,48.876856],[2.399604,48.876667]]],[[[2.39233,48.876947],[2.392411,48.876656],[2.391947,48.87692],[2.39233,48.876947]]],[[[2.39543,48.877302],[2.395359,48.876593],[2.3949,48.876251],[2.393772,48.876231],[2.393081,48.87662],[2.393818,48.877129],[2.393635,48.87732],[2.39543,48.877302]]],[[[2.399084,48.877045],[2.399234,48.876833],[2.398794,48.876966],[2.39856,48.877669],[2.399084,48.877045]]],[[[2.39288,48.877427],[2.392323,48.877331],[2.392405,48.877804],[2.393303,48.877902],[2.393578,48.877609],[2.39288,48.877427]]],[[[2.397814,48.878088],[2.397831,48.877006],[2.395648,48.87675],[2.395713,48.877606],[2.397349,48.878046],[2.397492,48.877786],[2.397814,48.878088]]],[[[2.39836,48.878112],[2.398838,48.876601],[2.398419,48.8757],[2.398017,48.875562],[2.398009,48.876121],[2.398234,48.876123],[2.398008,48.876167],[2.397981,48.877868],[2.398225,48.877894],[2.397977,48.878127],[2.39836,48.878112]]],[[[2.398494,48.878217],[2.39962,48.876721],[2.398528,48.877795],[2.398494,48.878217]]],[[[2.397848,48.87835],[2.396646,48.878136],[2.397865,48.87879],[2.397848,48.87835]]],[[[2.395275,48.877668],[2.39388,48.877574],[2.393585,48.87789],[2.394163,48.878229],[2.394092,48.878702],[2.396024,48.878921],[2.395275,48.877668]]],[[[2.397634,48.878883],[2.395668,48.877945],[2.396468,48.879203],[2.398036,48.879251],[2.397634,48.878883]]],[[[2.398122,48.878396],[2.398209,48.878946],[2.399526,48.879504],[2.399492,48.879024],[2.398965,48.879007],[2.398122,48.878396]]],[[[2.393503,48.879407],[2.393453,48.879399],[2.393508,48.879495],[2.393572,48.879497],[2.393601,48.879499],[2.3936,48.879509],[2.393625,48.87951],[2.393682,48.879513],[2.393768,48.87945],[2.393611,48.879425],[2.393503,48.879407]]],[[[2.393796,48.878139],[2.393439,48.878011],[2.392609,48.879183],[2.396225,48.879529],[2.396079,48.878986],[2.393922,48.878745],[2.394038,48.878281],[2.393796,48.878139]]],[[[2.394022,48.879633],[2.394197,48.879516],[2.393845,48.879462],[2.394022,48.879633]]],[[[2.394462,48.87956],[2.394314,48.879536],[2.394348,48.879611],[2.394455,48.879617],[2.394452,48.879637],[2.394486,48.879638],[2.39456,48.879642],[2.394622,48.879585],[2.394462,48.87956]]],[[[2.395324,48.879672],[2.395328,48.879641],[2.395451,48.879649],[2.395469,48.879603],[2.395334,48.8796],[2.395192,48.879599],[2.395177,48.879599],[2.395214,48.879665],[2.395324,48.879672]]],[[[2.394865,48.879595],[2.394725,48.879594],[2.394782,48.879656],[2.394886,48.879661],[2.394886,48.879663],[2.395015,48.879671],[2.395042,48.879597],[2.394894,48.879596],[2.394865,48.879595]]],[[[2.393074,48.879673],[2.393323,48.87938],[2.392365,48.879242],[2.392489,48.879674],[2.393074,48.879673]]],[[[2.398574,48.87935],[2.398262,48.879272],[2.398432,48.879911],[2.399258,48.879667],[2.398574,48.87935]]],[[[2.396608,48.880255],[2.396452,48.879684],[2.395608,48.879604],[2.395728,48.879936],[2.396173,48.879973],[2.39617,48.880287],[2.396608,48.880255]]],[[[2.397772,48.880168],[2.398281,48.88],[2.398132,48.879405],[2.396656,48.879351],[2.396823,48.88027],[2.397772,48.880168]]],[[[2.396739,48.880515],[2.396726,48.880507],[2.396617,48.880583],[2.396669,48.880788],[2.396673,48.880804],[2.396679,48.880827],[2.396758,48.880824],[2.396767,48.880824],[2.396816,48.880795],[2.396748,48.880548],[2.396739,48.880515]]],[[[2.397105,48.880866],[2.397147,48.880613],[2.398222,48.880267],[2.396847,48.880497],[2.397105,48.880866]]],[[[2.396835,48.880904],[2.396765,48.880855],[2.396687,48.880898],[2.396675,48.880905],[2.396745,48.880941],[2.396771,48.880955],[2.396826,48.880984],[2.396852,48.880998],[2.396905,48.880954],[2.396835,48.880904]]],[[[2.396385,48.880884],[2.39536,48.881072],[2.395531,48.881389],[2.396703,48.881132],[2.396385,48.880884]]]],"type":"MultiPolygon"},"properties":{"id_projet":"ELEMENTAIRES (année scolaire 2024/2025)","libelle":"G.EUGENIE COTTON(16)A/B","zone_commune":1,"etiquette":"Secteur commun des écoles \n16 RUE EUGENIE COTTON (ECOLE A (A) \n16 RUE EUGENIE COTTON (ECOLE A (B)","lib_etab_1":"EUGENIE COTTON (16) ELEM B","lib_etab_2":"EUGENIE COTTON (16) ELEM A","lib_etab_3":null,"lib_etab_4":null,"adr_etab_1":"16 RUE EUGENIE COTTON (ECOLE A (A)","adr_etab_2":"16 RUE EUGENIE COTTON (ECOLE A (B)","adr_etab_3":null,"adr_etab_4":null,"annee_scol":"2024-2025","st_area_shape":180031.1916551279,"st_perimeter_shape":9292.872161043302,"type_etabl":"Elémentaire","geo_point_2d":{"lon":2.3957643145738383,"lat":48.87777512701062}}},{"type":"Feature","geometry":{"coordinates":[[[2.37707,48.890502],[2.377652,48.890484],[2.377322,48.890282],[2.37707,48.890502]]],"type":"Polygon"},"properties":{"id_projet":"ELEMENTAIRES (année scolaire 2021/2022)","libelle":"Z.MATHIS/JOMARD/AUBERVILLIERS132","zone_commune":1,"etiquette":"Secteur commun des écoles \n132 RUE D' AUBERVILLIERS \n9 RUE JOMARD\n14 RUE MATHIS","lib_etab_1":"AUBERVILLIERS (132) ELEM","lib_etab_2":"JOMARD (9) ELEM","lib_etab_3":"MATHIS (14) ELEM","lib_etab_4":null,"adr_etab_1":"132 RUE D' AUBERVILLIERS","adr_etab_2":"9 RUE JOMARD","adr_etab_3":"14 RUE MATHIS","adr_etab_4":null,"annee_scol":"2021-2022","st_area_shape":679.7340270613473,"st_perimeter_shape":110.95750394029137,"type_etabl":"Elémentaire","geo_point_2d":{"lon":2.3773675890346366,"lat":48.890446736429695}}},{"type":"Feature","geometry":{"coordinates":[[[[2.379598,48.889946],[2.379462,48.889858],[2.379192,48.890018],[2.379207,48.890183],[2.379228,48.890202],[2.379276,48.890178],[2.37936,48.890135],[2.379426,48.890101],[2.379378,48.89006],[2.37938,48.890059],[2.379598,48.889946]]],[[[2.378346,48.889715],[2.378127,48.889583],[2.377992,48.889701],[2.37799,48.889703],[2.378192,48.889859],[2.378346,48.889715]]],[[[2.378708,48.889265],[2.37859,48.889206],[2.378573,48.889208],[2.378577,48.889472],[2.378818,48.88932],[2.378708,48.889265]]]],"type":"MultiPolygon"},"properties":{"id_projet":"ELEMENTAIRES (année scolaire 2021/2022)","libelle":"Z.MATHIS/JOMARD","zone_commune":1,"etiquette":"Secteur commun des écoles \n9 RUE JOMARD \n14 RUE MATHIS","lib_etab_1":"JOMARD (9) ELEM","lib_etab_2":"MATHIS (14) ELEM","lib_etab_3":null,"lib_etab_4":null,"adr_etab_1":"9 RUE JOMARD","adr_etab_2":"14 RUE MATHIS","adr_etab_3":null,"adr_etab_4":null,"annee_scol":"2021-2022","st_area_shape":1178.3922246137304,"st_perimeter_shape":263.3052966502349,"type_etabl":"Elémentaire","geo_point_2d":{"lon":2.3787935330791083,"lat":48.88975924213996}}},{"type":"Feature","geometry":{"coordinates":[[[2.374342,48.881772],[2.374207,48.881644],[2.374129,48.881678],[2.374223,48.881769],[2.374267,48.881812],[2.374342,48.881772]]],"type":"Polygon"},"properties":{"id_projet":"ELEMENTAIRES (année scolaire 2021/2022)","libelle":"Z.ARMAND CARREL(43)/SIMON BOLIVAR A ET B(119)","zone_commune":1,"etiquette":"Secteur commun des écoles \n43 RUE ARMAND CARREL \n119 AVENUE SIMON BOLIVAR (A)\n119 AVENUE SIMON BOLIV","lib_etab_1":"ARMAND CARREL (43) ELEM","lib_etab_2":"SIMON BOLIVAR (119) ELEM A","lib_etab_3":"SIMON BOLIVAR (119) ELEM B","lib_etab_4":null,"adr_etab_1":"43 RUE ARMAND CARREL","adr_etab_2":"119 AVENUE SIMON BOLIVAR (A)","adr_etab_3":"119 AVENUE SIMON BOLIVAR (B)","adr_etab_4":null,"annee_scol":"2021-2022","st_area_shape":122.72758554794068,"st_perimeter_shape":49.23362524969225,"type_etabl":"Elémentaire","geo_point_2d":{"lon":2.374236358688997,"lat":48.881726784351336}}},{"type":"Feature","geometry":{"coordinates":[[[[2.397141,48.881524],[2.396697,48.881486],[2.396101,48.882749],[2.395257,48.883207],[2.396913,48.88346],[2.396967,48.883092],[2.39648,48.883006],[2.397141,48.881524]]],[[[2.392361,48.879077],[2.39232,48.878678],[2.393303,48.877902],[2.392381,48.877801],[2.391406,48.878135],[2.391656,48.878164],[2.391237,48.878511],[2.391606,48.878804],[2.391383,48.879356],[2.392361,48.879077]]],[[[2.389416,48.880628],[2.389959,48.880089],[2.389591,48.879793],[2.388402,48.880602],[2.388519,48.881497],[2.389416,48.880628]]],[[[2.396396,48.881472],[2.393538,48.882052],[2.396001,48.88228],[2.396396,48.881472]]],[[[2.394541,48.882247],[2.393489,48.882191],[2.394849,48.883118],[2.396018,48.882411],[2.394541,48.882247]]],[[[2.390732,48.882443],[2.390449,48.88192],[2.39084,48.882031],[2.390912,48.882403],[2.390954,48.882056],[2.39258,48.881999],[2.390398,48.881367],[2.390057,48.881836],[2.390406,48.88242],[2.390732,48.882443]]],[[[2.390069,48.881929],[2.390338,48.88135],[2.389981,48.881245],[2.389689,48.88168],[2.389769,48.881183],[2.389322,48.881768],[2.38989,48.881918],[2.389234,48.881798],[2.389717,48.881168],[2.389123,48.881492],[2.389444,48.881088],[2.389219,48.881021],[2.388492,48.881813],[2.390069,48.881929]]],[[[2.393518,48.881584],[2.393612,48.881234],[2.392533,48.880633],[2.391849,48.881073],[2.392529,48.881535],[2.392877,48.881052],[2.39328,48.881327],[2.392586,48.881574],[2.39292,48.881801],[2.39341,48.881855],[2.393518,48.881584]]],[[[2.394072,48.880739],[2.394123,48.880353],[2.39345,48.880315],[2.393496,48.880682],[2.393418,48.880313],[2.392256,48.880292],[2.393398,48.881067],[2.393664,48.880691],[2.393614,48.881093],[2.39402,48.881125],[2.394072,48.880739]]],[[[2.39342,48.882398],[2.392926,48.882846],[2.394712,48.883592],[2.394769,48.883323],[2.39342,48.882398]]],[[[2.394535,48.884138],[2.39463,48.883729],[2.392832,48.88294],[2.392549,48.883165],[2.393435,48.883738],[2.394221,48.883806],[2.394191,48.884215],[2.394535,48.884138]]],[[[2.392618,48.882902],[2.391217,48.882528],[2.391273,48.882836],[2.390271,48.882784],[2.392135,48.883327],[2.392618,48.882902]]],[[[2.390571,48.88077],[2.390806,48.88062],[2.390054,48.880154],[2.389305,48.880929],[2.389743,48.881058],[2.389948,48.880746],[2.389779,48.881068],[2.390001,48.881134],[2.390571,48.88077]]],[[[2.395793,48.880964],[2.396852,48.880998],[2.396726,48.880507],[2.396075,48.880462],[2.394965,48.880886],[2.39543,48.881411],[2.39536,48.881072],[2.395793,48.880964]]],[[[2.391172,48.880869],[2.390454,48.881267],[2.392616,48.881902],[2.391172,48.880869]]],[[[2.392653,48.879682],[2.392347,48.879244],[2.391514,48.879555],[2.392019,48.880058],[2.392863,48.880104],[2.392915,48.879714],[2.392653,48.879682]]],[[[2.390362,48.879801],[2.391218,48.879465],[2.391029,48.879058],[2.390156,48.879124],[2.389786,48.879615],[2.390362,48.879801]]],[[[2.390764,48.880166],[2.39153,48.880855],[2.392216,48.880417],[2.390764,48.880166]]],[[[2.394768,48.881287],[2.394552,48.881044],[2.39383,48.881228],[2.393632,48.881765],[2.394967,48.881513],[2.394768,48.881287]]],[[[2.392778,48.882185],[2.391561,48.882492],[2.392766,48.882755],[2.393233,48.882296],[2.392778,48.882185]]],[[[2.392036,48.883416],[2.389929,48.88293],[2.391612,48.883573],[2.392036,48.883416]]],[[[2.391515,48.879758],[2.391243,48.879583],[2.390443,48.879926],[2.39173,48.88004],[2.391515,48.879758]]],[[[2.390144,48.882211],[2.388414,48.882045],[2.390265,48.882522],[2.390144,48.882211]]],[[[2.39465,48.880382],[2.39452,48.880933],[2.395744,48.880463],[2.39465,48.880382]]],[[[2.38836,48.881623],[2.388206,48.880774],[2.387948,48.881699],[2.38836,48.881623]]],[[[2.39619,48.880123],[2.395574,48.879604],[2.395487,48.880248],[2.39619,48.880123]]],[[[2.393797,48.87952],[2.393414,48.879393],[2.393317,48.880129],[2.393714,48.880151],[2.393797,48.87952]]],[[[2.394203,48.880357],[2.39406,48.881109],[2.394478,48.880949],[2.394556,48.880377],[2.394203,48.880357]]],[[[2.390865,48.88066],[2.390042,48.881146],[2.390415,48.881255],[2.391098,48.880818],[2.390865,48.88066]]],[[[2.395932,48.884028],[2.396767,48.883786],[2.39586,48.883593],[2.395932,48.884028]]],[[[2.394218,48.879645],[2.393843,48.879473],[2.393753,48.880153],[2.394148,48.880175],[2.394218,48.879645]]],[[[2.395523,48.879689],[2.395136,48.879598],[2.395052,48.880223],[2.395448,48.880246],[2.395523,48.879689]]],[[[2.392313,48.880483],[2.391558,48.880875],[2.39182,48.881053],[2.392506,48.880614],[2.392313,48.880483]]],[[[2.394654,48.879647],[2.39427,48.87953],[2.394185,48.880177],[2.394579,48.880197],[2.394654,48.879647]]],[[[2.395014,48.880993],[2.394587,48.881031],[2.395006,48.881505],[2.395391,48.88142],[2.395014,48.880993]]],[[[2.395086,48.879675],[2.394701,48.879593],[2.394634,48.880199],[2.395014,48.880221],[2.395086,48.879675]]],[[[2.393328,48.879745],[2.393375,48.879388],[2.393161,48.879435],[2.392903,48.880107],[2.393277,48.880127],[2.393328,48.879745]]],[[[2.390109,48.878936],[2.390789,48.878343],[2.390195,48.87834],[2.390109,48.878936]]],[[[2.390907,48.878995],[2.390612,48.878814],[2.390857,48.878461],[2.390212,48.879023],[2.390907,48.878995]]],[[[2.394943,48.883811],[2.395424,48.883517],[2.395018,48.883513],[2.394943,48.883811]]],[[[2.397561,48.881399],[2.397285,48.881033],[2.396964,48.881214],[2.397561,48.881399]]],[[[2.393062,48.881217],[2.392939,48.881133],[2.392893,48.881139],[2.392828,48.881181],[2.392749,48.881233],[2.392771,48.881332],[2.392784,48.881388],[2.392821,48.881413],[2.39287,48.881418],[2.393015,48.88143],[2.393106,48.881371],[2.393171,48.881329],[2.393193,48.881306],[2.393062,48.881217]]],[[[2.389841,48.879169],[2.389823,48.879143],[2.389618,48.87923],[2.389609,48.87923],[2.389604,48.879231],[2.38952,48.879238],[2.389378,48.879249],[2.389378,48.879261],[2.38951,48.879422],[2.389584,48.879394],[2.389637,48.879348],[2.389788,48.879216],[2.389841,48.879169]]]],"type":"MultiPolygon"},"properties":{"id_projet":"ELEMENTAIRES (année scolaire 2022/2023)","libelle":"G.COMPANS(106)/BRUNET(7)","zone_commune":1,"etiquette":"Secteur commun des écoles \n106 RUE COMPANS \n7 RUE DU GENERAL BRUNET","lib_etab_1":"COMPANS (106) ELEM A","lib_etab_2":"GENERAL BRUNET (7) ELEM","lib_etab_3":null,"lib_etab_4":null,"adr_etab_1":"106 RUE COMPANS","adr_etab_2":"7 RUE DU GENERAL BRUNET","adr_etab_3":null,"adr_etab_4":null,"annee_scol":"2022-2023","st_area_shape":193352.27396902884,"st_perimeter_shape":14614.64534327728,"type_etabl":"Elémentaire","geo_point_2d":{"lon":2.392737621843733,"lat":48.88121954305483}}},{"type":"Feature","geometry":{"coordinates":[[[[2.368149,48.889566],[2.371134,48.889215],[2.369289,48.886708],[2.367182,48.887371],[2.368149,48.889566]]],[[[2.371719,48.886954],[2.370517,48.885969],[2.369429,48.886651],[2.370211,48.887323],[2.371294,48.889073],[2.373507,48.888499],[2.371719,48.886954]]],[[[2.373406,48.887094],[2.374359,48.886714],[2.371772,48.885432],[2.371159,48.885755],[2.372978,48.887265],[2.373406,48.887094]]],[[[2.374607,48.886771],[2.373039,48.887314],[2.373627,48.887801],[2.375309,48.887149],[2.374607,48.886771]]],[[[2.374395,48.888269],[2.374346,48.888061],[2.375789,48.887562],[2.376197,48.887955],[2.377011,48.887967],[2.375366,48.887233],[2.37374,48.887859],[2.374395,48.888269]]],[[[2.369521,48.885166],[2.368944,48.885316],[2.36949,48.885669],[2.369321,48.886357],[2.370301,48.885873],[2.369521,48.885166]]],[[[2.371702,48.88533],[2.369459,48.884374],[2.371148,48.885403],[2.37103,48.885676],[2.371702,48.88533]]],[[[2.367966,48.886948],[2.368382,48.886797],[2.368038,48.886481],[2.366977,48.886869],[2.36716,48.887238],[2.367966,48.886948]]],[[[2.368842,48.88629],[2.368191,48.886428],[2.368527,48.886744],[2.368983,48.886581],[2.368842,48.88629]]],[[[2.367102,48.886616],[2.36671,48.88638],[2.366933,48.886756],[2.367102,48.886616]]]],"type":"MultiPolygon"},"properties":{"id_projet":"ELEMENTAIRES (année scolaire 2022/2023)","libelle":"G.TANGER(41)A/B","zone_commune":1,"etiquette":"Secteur commun des écoles \n41 RUE DE TANGER (A) \n41 RUE DE TANGER (B)","lib_etab_1":"TANGER (41) ELEM A","lib_etab_2":"TANGER (41) ELEM B","lib_etab_3":null,"lib_etab_4":null,"adr_etab_1":"41 RUE DE TANGER (A)","adr_etab_2":"41 RUE DE TANGER (B)","adr_etab_3":null,"adr_etab_4":null,"annee_scol":"2022-2023","st_area_shape":156713.52473050662,"st_perimeter_shape":5291.875488776007,"type_etabl":"Elémentaire","geo_point_2d":{"lon":2.3708714890932994,"lat":48.887508371048725}}},{"type":"Feature","geometry":{"coordinates":[[[[2.384135,48.888056],[2.382237,48.88746],[2.382863,48.886617],[2.38255,48.886337],[2.381755,48.8866],[2.382173,48.887208],[2.381528,48.886674],[2.381998,48.887226],[2.380903,48.887159],[2.384135,48.888056]]],[[[2.384134,48.884473],[2.384199,48.884379],[2.384255,48.884299],[2.384223,48.884287],[2.384159,48.884364],[2.384141,48.884357],[2.384083,48.884463],[2.384044,48.884456],[2.383949,48.884613],[2.384021,48.884635],[2.384134,48.884473]]],[[[2.385037,48.884696],[2.385176,48.884193],[2.385698,48.884246],[2.385566,48.884807],[2.385973,48.884834],[2.385876,48.884063],[2.384735,48.883813],[2.384377,48.884313],[2.384704,48.88483],[2.384865,48.884626],[2.384831,48.884948],[2.385037,48.884696]]],[[[2.383864,48.884859],[2.383951,48.884735],[2.383867,48.88471],[2.383865,48.884709],[2.383837,48.884717],[2.383819,48.884742],[2.383818,48.884743],[2.383802,48.884738],[2.383798,48.884737],[2.383768,48.884781],[2.383743,48.884816],[2.383736,48.884826],[2.383712,48.88482],[2.383666,48.884808],[2.383627,48.884855],[2.38375,48.885023],[2.383803,48.884947],[2.383842,48.884891],[2.383864,48.884859]]],[[[2.384226,48.884562],[2.383879,48.885051],[2.384245,48.884895],[2.384226,48.884562]]],[[[2.383288,48.885678],[2.38365,48.885118],[2.382991,48.885603],[2.383062,48.886001],[2.383288,48.885678]]],[[[2.383262,48.886029],[2.383975,48.88595],[2.383777,48.885214],[2.383262,48.886029]]],[[[2.38091,48.885923],[2.380502,48.885815],[2.380281,48.886317],[2.380559,48.886449],[2.38091,48.885923]]],[[[2.381804,48.886483],[2.381928,48.886442],[2.382057,48.8864],[2.382197,48.886353],[2.382322,48.886313],[2.382614,48.886216],[2.382614,48.886209],[2.382082,48.886197],[2.38213,48.88622],[2.381974,48.88636],[2.381964,48.886355],[2.381958,48.886352],[2.381854,48.886407],[2.381844,48.886403],[2.381777,48.886469],[2.381736,48.886448],[2.381725,48.88651],[2.381804,48.886483]]],[[[2.386355,48.887338],[2.386624,48.887249],[2.386615,48.887237],[2.386463,48.887198],[2.3864,48.887181],[2.386396,48.88718],[2.386334,48.887164],[2.386294,48.887242],[2.386356,48.887248],[2.386356,48.887249],[2.386389,48.887258],[2.38639,48.887262],[2.386363,48.887305],[2.386358,48.887313],[2.386353,48.887312],[2.386339,48.887335],[2.386355,48.887338]]],[[[2.380014,48.887752],[2.380236,48.887557],[2.3798,48.887452],[2.380035,48.887249],[2.380275,48.887524],[2.38105,48.886815],[2.379314,48.887023],[2.379493,48.88714],[2.379152,48.887451],[2.380014,48.887752]]],[[[2.38177,48.887811],[2.38229,48.887685],[2.380809,48.887234],[2.38177,48.887811]]],[[[2.385957,48.887499],[2.386276,48.887149],[2.384879,48.886631],[2.384926,48.887374],[2.385462,48.887545],[2.385238,48.887901],[2.385678,48.888022],[2.385957,48.887499]]]],"type":"MultiPolygon"},"properties":{"id_projet":"ELEMENTAIRES (année scolaire 2024/2025)","libelle":"TANDOU (16) POLY","zone_commune":0,"etiquette":"Secteur de l'école 16 RUE TANDOU","lib_etab_1":"TANDOU (16) POLY","lib_etab_2":null,"lib_etab_3":null,"lib_etab_4":null,"adr_etab_1":"16 RUE TANDOU","adr_etab_2":null,"adr_etab_3":null,"adr_etab_4":null,"annee_scol":"2024-2025","st_area_shape":41569.59916407881,"st_perimeter_shape":4176.958165642832,"type_etabl":"Elémentaire","geo_point_2d":{"lon":2.3829991075787986,"lat":48.886449948475374}}},{"type":"Feature","geometry":{"coordinates":[[[[2.384668,48.875907],[2.38525,48.875884],[2.385396,48.87671],[2.385864,48.876724],[2.385686,48.875162],[2.386171,48.874428],[2.385752,48.874731],[2.385622,48.874204],[2.383808,48.875577],[2.383596,48.875853],[2.383913,48.876719],[2.38496,48.876752],[2.384668,48.875907]]],[[[2.385855,48.875337],[2.386204,48.87529],[2.386278,48.874531],[2.385855,48.875337]]],[[[2.383895,48.875368],[2.385475,48.874206],[2.384659,48.874168],[2.3838,48.874611],[2.383307,48.875309],[2.382638,48.875304],[2.38355,48.87571],[2.383895,48.875368]]],[[[2.386506,48.876579],[2.387314,48.876305],[2.386797,48.876459],[2.386604,48.876055],[2.386134,48.876114],[2.386619,48.875675],[2.385792,48.875383],[2.385975,48.876578],[2.386506,48.876579]]],[[[2.383704,48.876465],[2.383476,48.875807],[2.382505,48.875419],[2.382043,48.875644],[2.383069,48.876848],[2.383782,48.876716],[2.383704,48.876465]]],[[[2.385945,48.877119],[2.386925,48.876992],[2.386813,48.876675],[2.387382,48.876462],[2.385385,48.876819],[2.385525,48.877476],[2.385945,48.877119]]],[[[2.381921,48.875746],[2.381334,48.876598],[2.38131,48.877518],[2.382823,48.876881],[2.381921,48.875746]]],[[[2.387362,48.877689],[2.387832,48.877262],[2.386837,48.877437],[2.386958,48.877851],[2.387362,48.877689]]],[[[2.383261,48.877828],[2.384651,48.87796],[2.385177,48.877662],[2.385448,48.877888],[2.385119,48.876866],[2.382582,48.877193],[2.383022,48.878105],[2.383261,48.877828]],[[2.38469,48.877872],[2.384688,48.87788],[2.384688,48.877879],[2.38469,48.877872]]],[[[2.386618,48.877507],[2.385783,48.877616],[2.38581,48.878161],[2.386618,48.877507]]],[[[2.381926,48.878095],[2.382824,48.87816],[2.38228,48.877334],[2.381415,48.877791],[2.381785,48.878259],[2.381926,48.878095]]]],"type":"MultiPolygon"},"properties":{"id_projet":"ELEMENTAIRES (année scolaire 2024/2025)","libelle":"ALOUETTES (5) ELEM","zone_commune":0,"etiquette":"Secteur de l'école 5 RUE DES ALOUETTES","lib_etab_1":"ALOUETTES (5) ELEM","lib_etab_2":null,"lib_etab_3":null,"lib_etab_4":null,"adr_etab_1":"5 RUE DES ALOUETTES","adr_etab_2":null,"adr_etab_3":null,"adr_etab_4":null,"annee_scol":"2024-2025","st_area_shape":102869.1899754879,"st_perimeter_shape":5497.572362979616,"type_etabl":"Elémentaire","geo_point_2d":{"lon":2.3841693303691356,"lat":48.876382234896525}}},{"type":"Feature","geometry":{"coordinates":[[[[2.374889,48.876445],[2.376745,48.876306],[2.376072,48.874735],[2.375307,48.874064],[2.373818,48.875212],[2.374365,48.876337],[2.374889,48.876445]]],[[[2.373145,48.877933],[2.373939,48.877843],[2.373728,48.877738],[2.374022,48.877173],[2.37326,48.876567],[2.37278,48.876807],[2.372237,48.876598],[2.370892,48.877763],[2.371308,48.877823],[2.372436,48.877028],[2.373145,48.877933]]],[[[2.374192,48.877526],[2.376458,48.876667],[2.378203,48.876613],[2.375398,48.876486],[2.374568,48.876873],[2.374192,48.877526]]],[[[2.374131,48.876941],[2.374195,48.876294],[2.373727,48.875359],[2.372373,48.876477],[2.372836,48.876671],[2.37317,48.876385],[2.374131,48.876941]]],[[[2.376791,48.875143],[2.376881,48.875344],[2.376537,48.875426],[2.376925,48.876334],[2.378088,48.876362],[2.378034,48.875661],[2.378312,48.875328],[2.377962,48.875548],[2.377958,48.876125],[2.377442,48.875927],[2.377613,48.875252],[2.376791,48.875143]]],[[[2.378032,48.877734],[2.37719,48.87812],[2.37775,48.878163],[2.378138,48.878753],[2.378032,48.877734]]],[[[2.377992,48.877699],[2.379131,48.87647],[2.37825,48.876533],[2.378519,48.876821],[2.377992,48.877699]]],[[[2.381091,48.875922],[2.381112,48.875914],[2.381212,48.875873],[2.381235,48.875863],[2.381208,48.875822],[2.380821,48.875855],[2.380806,48.875831],[2.380756,48.875753],[2.380619,48.875787],[2.38062,48.875789],[2.380627,48.875799],[2.380624,48.875807],[2.380606,48.875812],[2.380584,48.875819],[2.380563,48.875825],[2.380458,48.875857],[2.380409,48.875871],[2.380336,48.875893],[2.380238,48.875923],[2.380176,48.875941],[2.380177,48.875943],[2.379637,48.876028],[2.37968,48.876197],[2.379685,48.876198],[2.37969,48.876199],[2.3797,48.876199],[2.379711,48.876198],[2.379721,48.876196],[2.379725,48.876196],[2.379882,48.876173],[2.380017,48.876153],[2.380288,48.876113],[2.380291,48.876112],[2.3805,48.876076],[2.380527,48.876072],[2.380707,48.876035],[2.380763,48.876022],[2.380903,48.875984],[2.381009,48.875951],[2.381091,48.875922]]],[[[2.379134,48.876274],[2.379443,48.876222],[2.378796,48.876005],[2.378266,48.876351],[2.379134,48.876274]]],[[[2.374581,48.876446],[2.374541,48.876439],[2.374408,48.876488],[2.37442,48.876502],[2.374381,48.876536],[2.37438,48.876572],[2.374377,48.876616],[2.374366,48.876693],[2.374363,48.876711],[2.374402,48.876721],[2.374482,48.876663],[2.374534,48.876628],[2.374566,48.876607],[2.374636,48.876566],[2.374645,48.876561],[2.37465,48.876531],[2.374651,48.876529],[2.374642,48.876519],[2.374581,48.876446]]],[[[2.376598,48.875153],[2.376443,48.875116],[2.376412,48.875134],[2.376452,48.875227],[2.376493,48.87532],[2.376528,48.875333],[2.376721,48.875299],[2.376742,48.875275],[2.376725,48.875225],[2.376639,48.875163],[2.376598,48.875153]]],[[[2.376747,48.875111],[2.376791,48.875143],[2.376841,48.875076],[2.376458,48.874953],[2.376356,48.875013],[2.376359,48.875019],[2.376747,48.875111]]]],"type":"MultiPolygon"},"properties":{"id_projet":"ELEMENTAIRES (année scolaire 2024/2025)","libelle":"SIMON BOLIVAR (67) ELEM","zone_commune":0,"etiquette":"Secteur de l'école 67 AVENUE SIMON BOLIVAR","lib_etab_1":"SIMON BOLIVAR (67) ELEM","lib_etab_2":null,"lib_etab_3":null,"lib_etab_4":null,"adr_etab_1":"67 AVENUE SIMON BOLIVAR","adr_etab_2":null,"adr_etab_3":null,"adr_etab_4":null,"annee_scol":"2024-2025","st_area_shape":96344.84683132629,"st_perimeter_shape":5020.105871913857,"type_etabl":"Elémentaire","geo_point_2d":{"lon":2.3752670039488373,"lat":48.87619290303173}}},{"type":"Feature","geometry":{"coordinates":[[[[2.381401,48.898624],[2.381792,48.897933],[2.377182,48.897617],[2.371267,48.8977],[2.37124,48.898252],[2.381401,48.898624]]],[[[2.383073,48.896292],[2.379943,48.89617],[2.376994,48.896893],[2.37741,48.897224],[2.38236,48.897509],[2.383073,48.896292]]]],"type":"MultiPolygon"},"properties":{"id_projet":"4907","libelle":"MACDONALD (141) POLY","zone_commune":0,"etiquette":"Secteur de l'école 141 BOULEVARD MACDONALD","lib_etab_1":"MACDONALD (141) POLY","lib_etab_2":null,"lib_etab_3":null,"lib_etab_4":null,"adr_etab_1":"141 BOULEVARD MACDONALD","adr_etab_2":null,"adr_etab_3":null,"adr_etab_4":null,"annee_scol":"2025-2026","st_area_shape":108950.0651791862,"st_perimeter_shape":2742.166626075365,"type_etabl":"Elémentaire","geo_point_2d":{"lon":2.3782050007972795,"lat":48.89760626593292}}},{"type":"Feature","geometry":{"coordinates":[[[[2.39492,48.889668],[2.388258,48.892646],[2.393897,48.895341],[2.39506,48.891052],[2.395273,48.889854],[2.39492,48.889668]]],[[[2.403003,48.877414],[2.403006,48.877409],[2.402832,48.877445],[2.402834,48.877448],[2.403003,48.877414]]],[[[2.402507,48.882221],[2.402527,48.882158],[2.402429,48.882161],[2.402122,48.8823],[2.402143,48.882328],[2.401847,48.88246],[2.401892,48.882493],[2.402507,48.882221]]],[[[2.397083,48.88313],[2.40029,48.882241],[2.400436,48.881771],[2.399785,48.880671],[2.399228,48.880476],[2.397243,48.881628],[2.39648,48.883006],[2.396967,48.883092],[2.396913,48.88346],[2.397083,48.88313]]],[[[2.399491,48.883445],[2.400972,48.882226],[2.401067,48.881174],[2.40022,48.880973],[2.400836,48.881794],[2.400468,48.882492],[2.398014,48.883063],[2.397375,48.883493],[2.398516,48.883782],[2.399339,48.883376],[2.39897,48.883861],[2.399491,48.883445]]],[[[2.396801,48.883823],[2.396767,48.883786],[2.396614,48.883953],[2.396722,48.884026],[2.396726,48.884025],[2.396801,48.883823]]],[[[2.395926,48.884036],[2.395733,48.883879],[2.395799,48.884214],[2.395926,48.884036]]],[[[2.397676,48.883914],[2.397197,48.883897],[2.397065,48.884242],[2.397948,48.884064],[2.397676,48.883914]]],[[[2.39498,48.884125],[2.39486,48.88399],[2.394719,48.884418],[2.394761,48.884493],[2.394868,48.884468],[2.394882,48.884424],[2.39498,48.884125]]],[[[2.400109,48.883812],[2.399068,48.884715],[2.399552,48.884811],[2.400109,48.883812]]],[[[2.386464,48.884763],[2.386452,48.884761],[2.386451,48.884768],[2.386464,48.884763]]],[[[2.385975,48.884834],[2.385973,48.884834],[2.385942,48.884845],[2.385985,48.88485],[2.385993,48.884838],[2.385975,48.884834]]],[[[2.38482,48.885144],[2.384813,48.885144],[2.384815,48.88519],[2.38482,48.885191],[2.38482,48.885144]]],[[[2.395244,48.885295],[2.395312,48.884719],[2.39476,48.884746],[2.394681,48.885035],[2.395244,48.885295]]],[[[2.394727,48.885221],[2.394514,48.885679],[2.39528,48.885531],[2.394727,48.885221]]],[[[2.396371,48.88527],[2.396645,48.884244],[2.395993,48.88457],[2.395666,48.885491],[2.396303,48.885736],[2.396371,48.88527]]],[[[2.398341,48.885859],[2.39921,48.88585],[2.399468,48.88496],[2.398814,48.884847],[2.398183,48.885612],[2.398341,48.885859]]],[[[2.398901,48.883904],[2.397079,48.884543],[2.396866,48.886034],[2.398901,48.883904]]],[[[2.395377,48.886205],[2.396274,48.885937],[2.395557,48.885605],[2.395377,48.886205]]],[[[2.394833,48.88587],[2.394502,48.885857],[2.39448,48.886211],[2.395093,48.886229],[2.394833,48.88587]]],[[[2.393246,48.886266],[2.393056,48.886227],[2.393051,48.886251],[2.393045,48.88628],[2.39327,48.886301],[2.393246,48.886266]]],[[[2.393736,48.886299],[2.393617,48.886245],[2.393517,48.88632],[2.393727,48.886339],[2.39373,48.886333],[2.393732,48.886326],[2.393734,48.886318],[2.393736,48.88631],[2.393736,48.886304],[2.393736,48.886299]]],[[[2.399208,48.886128],[2.399209,48.88598],[2.399109,48.885988],[2.39904,48.885999],[2.399019,48.886026],[2.399071,48.886168],[2.399122,48.886304],[2.399135,48.886338],[2.399143,48.886358],[2.39917,48.886434],[2.399205,48.886523],[2.399206,48.886347],[2.399207,48.886289],[2.399207,48.886285],[2.399207,48.886239],[2.399208,48.886128]]],[[[2.398291,48.887723],[2.399196,48.887579],[2.398824,48.88603],[2.398297,48.886103],[2.398291,48.887723]]],[[[2.395705,48.888037],[2.396158,48.886481],[2.394456,48.886613],[2.395705,48.888037]]],[[[2.399191,48.888229],[2.399195,48.887671],[2.398186,48.887831],[2.398095,48.888421],[2.399191,48.888229]]],[[[2.393128,48.886435],[2.392895,48.886443],[2.393206,48.886618],[2.392839,48.887593],[2.393104,48.887755],[2.393088,48.888597],[2.393657,48.887197],[2.393128,48.886435]]],[[[2.394933,48.889092],[2.395396,48.888898],[2.395518,48.888462],[2.393991,48.886755],[2.394824,48.888514],[2.393808,48.887289],[2.393353,48.888461],[2.394399,48.888511],[2.394417,48.888967],[2.394741,48.888673],[2.394933,48.889092]],[[2.394961,48.888638],[2.394963,48.888622],[2.395243,48.888653],[2.394958,48.888659],[2.394961,48.888638]]],[[[2.398585,48.888777],[2.398556,48.888539],[2.398079,48.888593],[2.398014,48.889356],[2.39866,48.88941],[2.398585,48.888777]]],[[[2.398012,48.8862],[2.397636,48.886189],[2.396931,48.888742],[2.397331,48.889453],[2.397744,48.889313],[2.398012,48.8862]]],[[[2.397983,48.889564],[2.397733,48.88984],[2.398844,48.890128],[2.398941,48.889598],[2.397983,48.889564]]],[[[2.397212,48.890242],[2.396324,48.890949],[2.395297,48.895139],[2.397046,48.895382],[2.39759,48.894625],[2.398253,48.891275],[2.397884,48.890443],[2.397212,48.890242]]]],"type":"MultiPolygon"},"properties":{"id_projet":"4907","libelle":"CHEMINETS (16) ELEM","zone_commune":0,"etiquette":"Secteur de l'école 16 RUE DES CHEMINETS","lib_etab_1":"CHEMINETS (16) ELEM","lib_etab_2":null,"lib_etab_3":null,"lib_etab_4":null,"adr_etab_1":"16 RUE DES CHEMINETS","adr_etab_2":null,"adr_etab_3":null,"adr_etab_4":null,"annee_scol":"2025-2026","st_area_shape":414159.4778509479,"st_perimeter_shape":12820.66206398713,"type_etabl":"Elémentaire","geo_point_2d":{"lon":2.3955264834368006,"lat":48.88938445177271}}},{"type":"Feature","geometry":{"coordinates":[[[[2.373962,48.898933],[2.37137,48.898879],[2.371337,48.899639],[2.373926,48.89969],[2.373962,48.898933]]],[[[2.372611,48.901909],[2.372274,48.901671],[2.372174,48.901702],[2.372159,48.9019],[2.372611,48.901909]]],[[[2.374262,48.89894],[2.374214,48.899697],[2.375035,48.899712],[2.374262,48.89894]]],[[[2.372885,48.898293],[2.37124,48.898252],[2.371252,48.898004],[2.370611,48.898295],[2.372874,48.898494],[2.372885,48.898293]]],[[[2.373329,48.901925],[2.372537,48.901012],[2.37209,48.901089],[2.372806,48.901913],[2.373329,48.901925]]],[[[2.371833,48.90128],[2.37038,48.90148],[2.37077,48.90187],[2.371997,48.901896],[2.371833,48.90128]]]],"type":"MultiPolygon"},"properties":{"id_projet":"4913","libelle":"EMILE BOLLAERT (53) POLY","zone_commune":0,"etiquette":"Secteur de l'école 53 EMILE BOLLAERT (53) POLY","lib_etab_1":"EMILE BOLLAERT (53) POLY","lib_etab_2":null,"lib_etab_3":null,"lib_etab_4":null,"adr_etab_1":"53 EMILE BOLLAERT (53) POLY","adr_etab_2":null,"adr_etab_3":null,"adr_etab_4":null,"annee_scol":"2026-2027","st_area_shape":34461.56923837384,"st_perimeter_shape":1954.6261383970104,"type_etabl":"Elémentaire","geo_point_2d":{"lon":2.372386295100172,"lat":48.89997807518698}}},{"type":"Feature","geometry":{"coordinates":[[[[2.37542,48.889937],[2.373734,48.888619],[2.373263,48.88919],[2.372602,48.88906],[2.37281,48.889457],[2.372282,48.889832],[2.373866,48.890963],[2.375946,48.890589],[2.37542,48.889937]]],[[[2.372685,48.889325],[2.37249,48.8891],[2.37166,48.88936],[2.372191,48.889763],[2.372685,48.889325]]],[[[2.371794,48.889736],[2.372609,48.890491],[2.37274,48.890862],[2.372389,48.891216],[2.373397,48.891048],[2.371794,48.889736]]],[[[2.37523,48.891423],[2.376531,48.890697],[2.374078,48.891111],[2.374833,48.8916],[2.37523,48.891423]]],[[[2.376449,48.888918],[2.374363,48.888401],[2.375356,48.889217],[2.376124,48.888832],[2.3754,48.889252],[2.376004,48.889727],[2.376449,48.888918]]]],"type":"MultiPolygon"},"properties":{"id_projet":"4913","libelle":"MATHIS (14) ELEM","zone_commune":0,"etiquette":"Secteur de l'école 14 MATHIS (14) ELEM","lib_etab_1":"MATHIS (14) ELEM","lib_etab_2":null,"lib_etab_3":null,"lib_etab_4":null,"adr_etab_1":"14 MATHIS (14) ELEM","adr_etab_2":null,"adr_etab_3":null,"adr_etab_4":null,"annee_scol":"2026-2027","st_area_shape":58494.139217646,"st_perimeter_shape":2794.581773755267,"type_etabl":"Elémentaire","geo_point_2d":{"lon":2.3741934381209346,"lat":48.88997736376545}}},{"type":"Feature","geometry":{"coordinates":[[[[2.38812,48.879462],[2.387834,48.877275],[2.387309,48.877807],[2.386958,48.877851],[2.386837,48.877437],[2.386305,48.877607],[2.385697,48.878317],[2.385977,48.879406],[2.38812,48.879462]]],[[[2.384184,48.878814],[2.383942,48.87818],[2.38197,48.878408],[2.384183,48.879198],[2.384184,48.878814]]],[[[2.389127,48.878603],[2.388612,48.878397],[2.389068,48.878334],[2.388571,48.878159],[2.388978,48.877769],[2.388578,48.877818],[2.38796,48.877138],[2.388317,48.878662],[2.389127,48.878603]]],[[[2.384966,48.878838],[2.384902,48.87804],[2.384122,48.87814],[2.384391,48.879214],[2.384966,48.878838]]],[[[2.385582,48.877502],[2.387741,48.877034],[2.385945,48.877119],[2.385582,48.877502]]],[[[2.384372,48.877984],[2.385426,48.877908],[2.385177,48.877662],[2.384651,48.87796],[2.383261,48.877828],[2.38309,48.87813],[2.384372,48.877984]]],[[[2.385443,48.878101],[2.384917,48.878039],[2.385116,48.878963],[2.385573,48.878733],[2.385443,48.878101]]],[[[2.391868,48.877401],[2.39233,48.876947],[2.391552,48.877174],[2.391695,48.877414],[2.391205,48.877513],[2.391072,48.878096],[2.391868,48.877401]]],[[[2.389727,48.879],[2.38903,48.878874],[2.388815,48.878705],[2.389034,48.878619],[2.388279,48.878674],[2.388384,48.879141],[2.389727,48.879]]],[[[2.391383,48.879356],[2.391606,48.878804],[2.391237,48.878511],[2.391656,48.878164],[2.390987,48.878488],[2.391383,48.879356]]],[[[2.389804,48.879117],[2.388368,48.879233],[2.388432,48.879459],[2.38944,48.879448],[2.389804,48.879117]]],[[[2.392,48.878136],[2.392405,48.877804],[2.392307,48.877345],[2.391528,48.878028],[2.392,48.878136]]],[[[2.385658,48.878895],[2.384654,48.879273],[2.385627,48.879379],[2.385658,48.878895]]],[[[2.381883,48.878285],[2.382319,48.878237],[2.382319,48.878238],[2.382447,48.878224],[2.382446,48.878222],[2.382802,48.878183],[2.382822,48.878162],[2.382816,48.878162],[2.382544,48.878023],[2.381926,48.878095],[2.381791,48.878261],[2.38183,48.878271],[2.381883,48.878285]]],[[[2.386562,48.879932],[2.386279,48.879861],[2.386229,48.879856],[2.386197,48.879873],[2.386,48.879856],[2.385967,48.880016],[2.386015,48.880027],[2.386061,48.880036],[2.386064,48.880036],[2.386121,48.880043],[2.386269,48.880059],[2.386473,48.880076],[2.386535,48.88008],[2.38655,48.879953],[2.386562,48.879932]]],[[[2.391059,48.878984],[2.390903,48.878638],[2.390612,48.878814],[2.391059,48.878984]]],[[[2.391101,48.879092],[2.390918,48.879185],[2.391217,48.87939],[2.391101,48.879092]]],[[[2.381127,48.878009],[2.381105,48.87797],[2.381107,48.877969],[2.381101,48.877958],[2.38111,48.877955],[2.381098,48.877936],[2.381089,48.877938],[2.381082,48.877926],[2.381068,48.877929],[2.381062,48.877919],[2.381026,48.877929],[2.381031,48.877939],[2.381012,48.877944],[2.381027,48.877973],[2.38103,48.877973],[2.381038,48.877987],[2.38104,48.877986],[2.381064,48.878025],[2.381127,48.878009]]],[[[2.388595,48.879773],[2.388592,48.879729],[2.388533,48.879729],[2.38853,48.879727],[2.388458,48.879728],[2.388459,48.879742],[2.388432,48.879742],[2.388432,48.879762],[2.388459,48.879762],[2.388461,48.879777],[2.388595,48.879773]]],[[[2.384688,48.87788],[2.38469,48.877872],[2.384688,48.877879],[2.384688,48.87788]]]],"type":"MultiPolygon"},"properties":{"id_projet":"ELEMENTAIRES (année scolaire 2022/2023)","libelle":"VILLETTE (61) ELEM","zone_commune":0,"etiquette":"Secteur de l'école 61 RUE DE LA VILLETTE","lib_etab_1":"VILLETTE (61) ELEM","lib_etab_2":null,"lib_etab_3":null,"lib_etab_4":null,"adr_etab_1":"61 RUE DE LA VILLETTE","adr_etab_2":null,"adr_etab_3":null,"adr_etab_4":null,"annee_scol":"2022-2023","st_area_shape":88937.46054858106,"st_perimeter_shape":5796.463193464428,"type_etabl":"Elémentaire","geo_point_2d":{"lon":2.386804102561799,"lat":48.87843946965063}}},{"type":"Feature","geometry":{"coordinates":[[[2.386356,48.887248],[2.386294,48.887242],[2.386334,48.887164],[2.386276,48.887149],[2.386219,48.887248],[2.386118,48.887211],[2.385957,48.887499],[2.386193,48.887559],[2.386237,48.887486],[2.386248,48.887468],[2.386251,48.887468],[2.386322,48.887359],[2.386339,48.887335],[2.386353,48.887312],[2.386358,48.887313],[2.386363,48.887305],[2.38639,48.887262],[2.386389,48.887258],[2.386356,48.887249],[2.386356,48.887248]]],"type":"Polygon"},"properties":{"id_projet":"ELEMENTAIRES (année scolaire 2023/2024)","libelle":"TANDOU (9) / TANDOU (16) / JEAN JAURES (160)","zone_commune":1,"etiquette":"Secteur commun des écoles \n9 RUE TANDOU \n16 RUE TANDOU\n160 AVENUE JEAN JAURES","lib_etab_1":"TANDOU (9) ELEM","lib_etab_2":"TANDOU (16) POLY","lib_etab_3":"JEAN JAURES (160) ELEM","lib_etab_4":null,"adr_etab_1":"9 RUE TANDOU","adr_etab_2":"16 RUE TANDOU","adr_etab_3":"160 AVENUE JEAN JAURES","adr_etab_4":null,"annee_scol":"2023-2024","st_area_shape":723.6772522984592,"st_perimeter_shape":131.16757025235472,"type_etabl":"Elémentaire","geo_point_2d":{"lon":2.3861742267385986,"lat":48.88736936842264}}},{"type":"Feature","geometry":{"coordinates":[[[[2.373962,48.898933],[2.37137,48.898879],[2.371337,48.899639],[2.373926,48.89969],[2.373962,48.898933]]],[[[2.37123,48.89846],[2.371252,48.898004],[2.370611,48.898295],[2.37123,48.89846]]],[[[2.374262,48.89894],[2.374214,48.899697],[2.375035,48.899712],[2.374262,48.89894]]],[[[2.371833,48.90128],[2.37038,48.90148],[2.37077,48.90187],[2.371997,48.901896],[2.371833,48.90128]]],[[[2.372611,48.901909],[2.372274,48.901671],[2.372174,48.901702],[2.372159,48.9019],[2.372611,48.901909]]],[[[2.373329,48.901925],[2.372537,48.901012],[2.37209,48.901089],[2.372806,48.901913],[2.373329,48.901925]]]],"type":"MultiPolygon"},"properties":{"id_projet":"ELEMENTAIRES (année scolaire 2023/2024)","libelle":"EMILE BOLLAERT (53) POLY","zone_commune":0,"etiquette":"Secteur de l'école 53 RUE EMILE BOLLAERT","lib_etab_1":"EMILE BOLLAERT (53) POLY","lib_etab_2":null,"lib_etab_3":null,"lib_etab_4":null,"adr_etab_1":"53 RUE EMILE BOLLAERT","adr_etab_2":null,"adr_etab_3":null,"adr_etab_4":null,"annee_scol":"2023-2024","st_area_shape":31724.54874126544,"st_perimeter_shape":1714.104449995393,"type_etabl":"Elémentaire","geo_point_2d":{"lon":2.3724149906570227,"lat":48.900116352840776}}},{"type":"Feature","geometry":{"coordinates":[[[2.384942,48.876701],[2.385396,48.87671],[2.38525,48.875884],[2.384754,48.875752],[2.384942,48.876701]]],"type":"Polygon"},"properties":{"id_projet":"ELEMENTAIRES (année scolaire 2023/2024)","libelle":"Z.FESSART/ALOUETTES/VILLETTE","zone_commune":1,"etiquette":"Secteur commun des écoles \n4 RUE FESSART \n5 RUE DES ALOUETTES\n61 RUE DE LA VILLETTE","lib_etab_1":"FESSART (4) ELEM","lib_etab_2":"ALOUETTES (5) ELEM","lib_etab_3":"VILLETTE (61) ELEM","lib_etab_4":null,"adr_etab_1":"4 RUE FESSART","adr_etab_2":"5 RUE DES ALOUETTES","adr_etab_3":"61 RUE DE LA VILLETTE","adr_etab_4":null,"annee_scol":"2023-2024","st_area_shape":3795.816932412156,"st_perimeter_shape":276.91322854943536,"type_etabl":"Elémentaire","geo_point_2d":{"lon":2.3850447360722047,"lat":48.87624162515637}}},{"type":"Feature","geometry":{"coordinates":[[[2.39255,48.878707],[2.39232,48.878678],[2.392246,48.878843],[2.392241,48.878844],[2.392163,48.878982],[2.392254,48.878969],[2.392267,48.878967],[2.392419,48.878946],[2.392479,48.878812],[2.392501,48.878759],[2.39255,48.878707]]],"type":"Polygon"},"properties":{"id_projet":"ELEMENTAIRES (année scolaire 2023/2024)","libelle":"Z.COMPANS/BRUNET/E. COTTON","zone_commune":1,"etiquette":"Secteur commun des écoles \n106 RUE COMPANS \n7 RUE DU GENERAL BRUNET\n16 RUE EUGENIE COTTON (ECOLE A (","lib_etab_1":"COMPANS (106) ELEM A","lib_etab_2":"GENERAL BRUNET (7) ELEM","lib_etab_3":"EUGENIE COTTON (16) ELEM B","lib_etab_4":"EUGENIE COTTON (16) ELEM A","adr_etab_1":"106 RUE COMPANS","adr_etab_2":"7 RUE DU GENERAL BRUNET","adr_etab_3":"16 RUE EUGENIE COTTON (ECOLE A (A)","adr_etab_4":"16 RUE EUGENIE COTTON (ECOLE A (B)","annee_scol":"2023-2024","st_area_shape":503.5120688628077,"st_perimeter_shape":100.67104677646168,"type_etabl":"Elémentaire","geo_point_2d":{"lon":2.392355988625038,"lat":48.87882870841526}}},{"type":"Feature","geometry":{"coordinates":[[[[2.388258,48.892646],[2.394917,48.889665],[2.389221,48.888099],[2.388414,48.889418],[2.387766,48.889564],[2.387097,48.890613],[2.387988,48.890923],[2.387642,48.891241],[2.387317,48.891082],[2.386876,48.89192],[2.388258,48.892646]]],[[[2.386302,48.886836],[2.386261,48.886161],[2.385276,48.886018],[2.385279,48.885745],[2.385038,48.886519],[2.386302,48.886836]]],[[[2.387133,48.886858],[2.387362,48.886338],[2.387019,48.886278],[2.386463,48.886871],[2.387183,48.887079],[2.387133,48.886858]]],[[[2.38881,48.886907],[2.389102,48.886091],[2.388545,48.886561],[2.387865,48.886449],[2.387256,48.887099],[2.388524,48.88743],[2.38881,48.886907]]],[[[2.389508,48.887254],[2.389227,48.88688],[2.389668,48.886995],[2.38993,48.88647],[2.389344,48.886127],[2.388679,48.88747],[2.388995,48.887558],[2.389185,48.887233],[2.389304,48.887585],[2.389508,48.887254]]],[[[2.388454,48.888385],[2.389114,48.887891],[2.386822,48.887291],[2.38634,48.888285],[2.388223,48.888759],[2.388454,48.888385]]],[[[2.388398,48.888919],[2.386351,48.888395],[2.386074,48.888697],[2.388206,48.889362],[2.388398,48.888919]]],[[[2.386542,48.888986],[2.385975,48.888846],[2.385584,48.88943],[2.387254,48.889892],[2.387651,48.889273],[2.386542,48.888986]]],[[[2.385679,48.889623],[2.385281,48.890014],[2.386852,48.890529],[2.387168,48.890032],[2.385679,48.889623]]]],"type":"MultiPolygon"},"properties":{"id_projet":"ELEMENTAIRES (année scolaire 2023/2024)","libelle":"JEAN JAURES (160) ELEM","zone_commune":0,"etiquette":"Secteur de l'école 160 AVENUE JEAN JAURES","lib_etab_1":"JEAN JAURES (160) ELEM","lib_etab_2":null,"lib_etab_3":null,"lib_etab_4":null,"adr_etab_1":"160 AVENUE JEAN JAURES","adr_etab_2":null,"adr_etab_3":null,"adr_etab_4":null,"annee_scol":"2023-2024","st_area_shape":216088.7890790835,"st_perimeter_shape":5360.303387616249,"type_etabl":"Elémentaire","geo_point_2d":{"lon":2.3893812074360086,"lat":48.889619252541884}}},{"type":"Feature","geometry":{"coordinates":[[[[2.393687,48.899298],[2.39552,48.898264],[2.395928,48.897603],[2.390509,48.897594],[2.390921,48.898266],[2.387382,48.898594],[2.386829,48.898084],[2.386375,48.898086],[2.388081,48.899703],[2.393687,48.899298]]],[[[2.374505,48.898332],[2.372885,48.898293],[2.372874,48.898494],[2.374475,48.898528],[2.374505,48.898332]]],[[[2.384895,48.898278],[2.385774,48.898156],[2.383991,48.896551],[2.382682,48.898658],[2.384895,48.898278]]],[[[2.38109,48.89967],[2.381475,48.899085],[2.374262,48.89894],[2.375035,48.899712],[2.376135,48.899735],[2.37617,48.898976],[2.376424,48.898981],[2.376389,48.89974],[2.377976,48.899771],[2.378011,48.899013],[2.378167,48.899775],[2.379673,48.899805],[2.379708,48.899047],[2.379864,48.899809],[2.38109,48.89967]]],[[[2.384843,48.899884],[2.384668,48.899593],[2.386253,48.89902],[2.3836,48.899664],[2.386605,48.898916],[2.385889,48.898494],[2.382839,48.899142],[2.381968,48.900026],[2.384843,48.899884]]],[[[2.381205,48.900607],[2.381124,48.900595],[2.381071,48.900688],[2.381151,48.900701],[2.381205,48.900607]]],[[[2.380882,48.900558],[2.380884,48.900527],[2.380599,48.900534],[2.379788,48.900553],[2.380516,48.900672],[2.380463,48.900755],[2.380726,48.900715],[2.380826,48.900651],[2.380882,48.900558]]],[[[2.391218,48.900564],[2.389316,48.900844],[2.390904,48.900843],[2.391218,48.900564]]],[[[2.379654,48.90206],[2.380421,48.900823],[2.377534,48.900528],[2.372537,48.901012],[2.373329,48.901925],[2.379654,48.90206]]],[[[2.384799,48.901044],[2.385485,48.901487],[2.386297,48.900811],[2.386371,48.900127],[2.386091,48.900026],[2.387706,48.899633],[2.386617,48.898927],[2.386382,48.898987],[2.386781,48.899612],[2.383682,48.90052],[2.381361,48.900556],[2.380347,48.902075],[2.384759,48.902101],[2.385294,48.901652],[2.384799,48.901044]]]],"type":"MultiPolygon"},"properties":{"id_projet":"ELEMENTAIRES (année scolaire 2024/2025)","libelle":"MACDONALD (118) POLY","zone_commune":0,"etiquette":"Secteur de l'école 118 BOULEVARD MACDONALD","lib_etab_1":"MACDONALD (118) POLY","lib_etab_2":null,"lib_etab_3":null,"lib_etab_4":null,"adr_etab_1":"118 BOULEVARD MACDONALD","adr_etab_2":null,"adr_etab_3":null,"adr_etab_4":null,"annee_scol":"2024-2025","st_area_shape":340524.1059347276,"st_perimeter_shape":9365.279641980473,"type_etabl":"Elémentaire","geo_point_2d":{"lon":2.3840464366325436,"lat":48.89980403632396}}},{"type":"Feature","geometry":{"coordinates":[[[2.39027,48.883602],[2.389899,48.883445],[2.38989,48.883453],[2.389904,48.88346],[2.389738,48.883633],[2.390106,48.883781],[2.390172,48.883709],[2.39027,48.883602]]],"type":"Polygon"},"properties":{"id_projet":"ELEMENTAIRES (année scolaire 2024/2025)","libelle":"Z.MANIN A(40 T) ET B(30)/COMPANS A(106)/BRUNET B(7)","zone_commune":1,"etiquette":"Secteur commun des écoles \n106 RUE COMPANS \n7 RUE DU GENERAL BRUNET\n30 RUE MANIN\n40 bis RUE MANIN","lib_etab_1":"COMPANS (106) ELEM A","lib_etab_2":"GENERAL BRUNET (7) ELEM","lib_etab_3":"MANIN (30) ELEM B","lib_etab_4":"MANIN (40B) ELEM","adr_etab_1":"106 RUE COMPANS","adr_etab_2":"7 RUE DU GENERAL BRUNET","adr_etab_3":"30 RUE MANIN","adr_etab_4":"40 bis RUE MANIN","annee_scol":"2024-2025","st_area_shape":742.345269751267,"st_perimeter_shape":112.46674055901802,"type_etabl":"Elémentaire","geo_point_2d":{"lon":2.39000512969017,"lat":48.88361603124395}}},{"type":"Feature","geometry":{"coordinates":[[[2.39027,48.883602],[2.389899,48.883445],[2.38989,48.883453],[2.389904,48.88346],[2.389738,48.883633],[2.390106,48.883781],[2.390172,48.883709],[2.39027,48.883602]]],"type":"Polygon"},"properties":{"id_projet":"4913","libelle":"Z.MANIN A(40 T) ET B(30)/COMPANS A(106)/BRUNET B(7)","zone_commune":1,"etiquette":"Secteur commun des écoles \n106 COMPANS (106) ELEM A \n7 GENERAL BRUNET (7) ELEM\n40 bis MANIN (40 B) E","lib_etab_1":"COMPANS (106) ELEM A","lib_etab_2":"GENERAL BRUNET (7) ELEM","lib_etab_3":"MANIN (40 B) ELEM","lib_etab_4":"MANIN (30) ELEM B","adr_etab_1":"106 COMPANS (106) ELEM A","adr_etab_2":"7 GENERAL BRUNET (7) ELEM","adr_etab_3":"40 bis MANIN (40 B) ELEM","adr_etab_4":"30 MANIN (30) ELEM B","annee_scol":"2026-2027","st_area_shape":742.345269751267,"st_perimeter_shape":112.46674055901802,"type_etabl":"Elémentaire","geo_point_2d":{"lon":2.39000512969017,"lat":48.88361603124395}}},{"type":"Feature","geometry":{"coordinates":[[[[2.379604,48.874014],[2.37974,48.873037],[2.378622,48.872692],[2.377639,48.874141],[2.379432,48.874665],[2.379604,48.874014]]],[[[2.382203,48.875632],[2.382351,48.875569],[2.382395,48.875579],[2.382505,48.875419],[2.382392,48.875349],[2.38235,48.87535],[2.382048,48.875597],[2.382043,48.875644],[2.382061,48.875647],[2.382096,48.875658],[2.382145,48.875639],[2.382203,48.875632]]],[[[2.376692,48.874033],[2.377023,48.873905],[2.376607,48.873792],[2.376451,48.874043],[2.376692,48.874033]]],[[[2.378647,48.876106],[2.379456,48.876202],[2.378696,48.875375],[2.378281,48.876315],[2.378647,48.876106]]],[[[2.381524,48.874763],[2.381237,48.874745],[2.381842,48.875443],[2.382442,48.87499],[2.381524,48.874763]]],[[[2.381053,48.874751],[2.380634,48.874784],[2.381324,48.875822],[2.381716,48.875513],[2.381053,48.874751]]],[[[2.382311,48.874846],[2.382809,48.873923],[2.381369,48.874606],[2.382311,48.874846]]],[[[2.378025,48.873052],[2.378234,48.872583],[2.377126,48.872322],[2.376556,48.8728],[2.376806,48.872991],[2.377299,48.872652],[2.37736,48.87305],[2.378025,48.873052]]],[[[2.380619,48.875787],[2.381208,48.875822],[2.380527,48.874797],[2.379804,48.874829],[2.380619,48.875787]]],[[[2.37999,48.874046],[2.379688,48.874726],[2.381458,48.874425],[2.37999,48.874046]]],[[[2.383307,48.875309],[2.383953,48.874495],[2.38532,48.87402],[2.383407,48.874513],[2.382485,48.875241],[2.383307,48.875309]]],[[[2.383412,48.873586],[2.383064,48.873556],[2.382436,48.874872],[2.383638,48.874161],[2.384916,48.87386],[2.383412,48.873586]]],[[[2.380336,48.875755],[2.379779,48.874911],[2.378929,48.874733],[2.378765,48.875243],[2.379631,48.876179],[2.380336,48.875755]]],[[[2.376223,48.873785],[2.377428,48.874005],[2.377887,48.87327],[2.37714,48.87286],[2.376563,48.873336],[2.376258,48.873067],[2.375438,48.873906],[2.376078,48.874028],[2.376223,48.873785]]],[[[2.3784,48.875604],[2.378768,48.874709],[2.376971,48.874227],[2.375907,48.874333],[2.376356,48.875013],[2.377695,48.875328],[2.377442,48.875927],[2.377958,48.876125],[2.377962,48.875548],[2.378312,48.875328],[2.378034,48.875661],[2.378089,48.876359],[2.3784,48.875604]]],[[[2.382893,48.873624],[2.379946,48.872924],[2.379808,48.873883],[2.381532,48.874349],[2.382893,48.873624]]]],"type":"MultiPolygon"},"properties":{"id_projet":"4913","libelle":"G.GENERAL LASALLE/RAMPAL","zone_commune":1,"etiquette":"Secteur commun des écoles \n11 RAMPAL (11) ELEM \n1 GENERAL LASALLE (1) ELEM","lib_etab_1":"RAMPAL (11) ELEM","lib_etab_2":"GENERAL LASALLE (1) ELEM","lib_etab_3":null,"lib_etab_4":null,"adr_etab_1":"11 RAMPAL (11) ELEM","adr_etab_2":"1 GENERAL LASALLE (1) ELEM","adr_etab_3":null,"adr_etab_4":null,"annee_scol":"2026-2027","st_area_shape":138707.49278983963,"st_perimeter_shape":7071.588793870965,"type_etabl":"Elémentaire","geo_point_2d":{"lon":2.3797353045266707,"lat":48.87428795815711}}},{"type":"Feature","geometry":{"coordinates":[[[[2.391158,48.876651],[2.392331,48.876591],[2.391202,48.876591],[2.391009,48.876054],[2.391852,48.875819],[2.391921,48.875532],[2.389677,48.875406],[2.389658,48.876823],[2.391158,48.876651]]],[[[2.392189,48.876749],[2.392411,48.876656],[2.392393,48.876648],[2.392334,48.876653],[2.392268,48.876659],[2.392171,48.876667],[2.392046,48.876677],[2.392016,48.87668],[2.392028,48.876733],[2.392056,48.87673],[2.392062,48.876758],[2.392067,48.876758],[2.392189,48.87675],[2.392189,48.876749]]],[[[2.385435,48.874053],[2.385364,48.874018],[2.38532,48.87402],[2.38528,48.874126],[2.385333,48.874131],[2.385329,48.874134],[2.385475,48.874206],[2.385583,48.874126],[2.385435,48.874053]]],[[[2.385882,48.874275],[2.385622,48.874204],[2.385752,48.874731],[2.386174,48.874423],[2.385882,48.874275]]],[[[2.389477,48.875903],[2.389558,48.875364],[2.389189,48.87532],[2.389064,48.876018],[2.389477,48.875903]]],[[[2.387584,48.876405],[2.386813,48.876675],[2.38696,48.877094],[2.387741,48.877034],[2.387584,48.876405]]],[[[2.388347,48.876097],[2.388938,48.876038],[2.388968,48.875755],[2.387465,48.875639],[2.387634,48.876152],[2.388347,48.876097]]],[[[2.387046,48.875368],[2.387361,48.875363],[2.387389,48.874734],[2.386333,48.874497],[2.386204,48.87529],[2.385855,48.875337],[2.387046,48.875368]]],[[[2.387216,48.876334],[2.387542,48.876303],[2.38736,48.875416],[2.385793,48.875383],[2.386619,48.875675],[2.386134,48.876114],[2.386604,48.876055],[2.386797,48.876459],[2.387216,48.876334]],[[2.387158,48.875612],[2.387166,48.875567],[2.387135,48.875567],[2.387027,48.875567],[2.386842,48.875568],[2.386726,48.875577],[2.386648,48.875584],[2.386626,48.875585],[2.386626,48.875563],[2.386638,48.875561],[2.386661,48.875558],[2.386702,48.875553],[2.386766,48.875545],[2.386781,48.875543],[2.386781,48.875553],[2.387173,48.875549],[2.387173,48.875557],[2.387195,48.875557],[2.387192,48.875612],[2.387158,48.875612]]],[[[2.391695,48.877414],[2.391552,48.877174],[2.392029,48.876738],[2.390646,48.876814],[2.3909,48.878219],[2.391205,48.877513],[2.391695,48.877414]]],[[[2.389014,48.875414],[2.388754,48.874939],[2.387494,48.874771],[2.387462,48.875571],[2.388979,48.875701],[2.389014,48.875414]]],[[[2.389483,48.876505],[2.3894,48.876174],[2.387679,48.876366],[2.387953,48.877061],[2.389522,48.876862],[2.389483,48.876505]]],[[[2.389762,48.878966],[2.389188,48.876981],[2.38796,48.877138],[2.388578,48.877818],[2.388978,48.877769],[2.388571,48.878159],[2.389038,48.878199],[2.388612,48.878397],[2.389096,48.878469],[2.388822,48.878755],[2.389762,48.878966]]],[[[2.390029,48.878943],[2.390195,48.87834],[2.390803,48.87833],[2.390536,48.876801],[2.389294,48.876951],[2.390029,48.878943]]]],"type":"MultiPolygon"},"properties":{"id_projet":"4913","libelle":"FESSART (4) ELEM","zone_commune":0,"etiquette":"Secteur de l'école 4 FESSART (4) ELEM","lib_etab_1":"FESSART (4) ELEM","lib_etab_2":null,"lib_etab_3":null,"lib_etab_4":null,"adr_etab_1":"4 FESSART (4) ELEM","adr_etab_2":null,"adr_etab_3":null,"adr_etab_4":null,"annee_scol":"2026-2027","st_area_shape":101747.30995077368,"st_perimeter_shape":5776.712388215399,"type_etabl":"Elémentaire","geo_point_2d":{"lon":2.3890903509759607,"lat":48.87651048779603}}},{"type":"Feature","geometry":{"coordinates":[[[[2.391372,48.885262],[2.390873,48.884981],[2.390573,48.885764],[2.390134,48.886026],[2.393045,48.886283],[2.393092,48.886053],[2.392437,48.88597],[2.392311,48.885552],[2.391372,48.885262]]],[[[2.395154,48.885648],[2.395254,48.885555],[2.394882,48.885564],[2.394911,48.88569],[2.39502,48.885692],[2.395154,48.885648]]],[[[2.391555,48.883955],[2.391215,48.883998],[2.391276,48.884219],[2.391555,48.883955]]],[[[2.395037,48.885891],[2.394862,48.886113],[2.395109,48.886227],[2.395037,48.885891]]],[[[2.391835,48.88423],[2.391756,48.883991],[2.391433,48.884272],[2.391835,48.88423]]],[[[2.389925,48.883916],[2.38959,48.884157],[2.390223,48.884065],[2.389925,48.883916]]],[[[2.395338,48.88405],[2.394863,48.883983],[2.39486,48.88399],[2.39498,48.884125],[2.394978,48.884132],[2.395385,48.884207],[2.395499,48.88426],[2.395531,48.884253],[2.395458,48.884119],[2.395338,48.88405]]],[[[2.390733,48.884243],[2.390664,48.884215],[2.390613,48.884223],[2.390634,48.884334],[2.391237,48.884567],[2.391318,48.884479],[2.39128,48.884462],[2.390839,48.884285],[2.390733,48.884243]]],[[[2.395469,48.883833],[2.395424,48.883517],[2.394943,48.883811],[2.395469,48.883833]]],[[[2.3851,48.883937],[2.385289,48.883321],[2.384735,48.883813],[2.3851,48.883937]]],[[[2.390954,48.882863],[2.391273,48.882836],[2.391216,48.882528],[2.390258,48.882734],[2.390954,48.882863]]],[[[2.395458,48.885362],[2.395706,48.885118],[2.395607,48.884445],[2.395309,48.884719],[2.395458,48.885362]]],[[[2.392386,48.883817],[2.393041,48.883363],[2.392549,48.883165],[2.391852,48.883855],[2.392386,48.883817]]],[[[2.389621,48.883204],[2.389341,48.882934],[2.388379,48.883146],[2.389738,48.883633],[2.389904,48.88346],[2.389621,48.883204]]],[[[2.391698,48.883813],[2.392044,48.883435],[2.391612,48.883573],[2.389607,48.882883],[2.391698,48.883813]]],[[[2.3875,48.883439],[2.385968,48.883271],[2.38747,48.884068],[2.387728,48.883482],[2.3875,48.883439]]],[[[2.389479,48.883958],[2.389545,48.883766],[2.388011,48.883319],[2.387668,48.884017],[2.389479,48.883958]]],[[[2.385942,48.880067],[2.385543,48.883011],[2.385939,48.882665],[2.386165,48.880989],[2.386531,48.8804],[2.385942,48.880067]]],[[[2.385258,48.883169],[2.382848,48.882656],[2.383585,48.883118],[2.383462,48.883457],[2.38443,48.883893],[2.385258,48.883169]]],[[[2.387928,48.8829],[2.388336,48.881697],[2.387136,48.882219],[2.38721,48.882862],[2.385978,48.882876],[2.387805,48.88312],[2.387928,48.8829]]]],"type":"MultiPolygon"},"properties":{"id_projet":"4913","libelle":"MANIN (30) ELEM B","zone_commune":0,"etiquette":"Secteur de l'école 30 MANIN (30) ELEM B","lib_etab_1":"MANIN (30) ELEM B","lib_etab_2":null,"lib_etab_3":null,"lib_etab_4":null,"adr_etab_1":"30 MANIN (30) ELEM B","adr_etab_2":null,"adr_etab_3":null,"adr_etab_4":null,"annee_scol":"2026-2027","st_area_shape":77761.94899916375,"st_perimeter_shape":5836.5421686476975,"type_etabl":"Elémentaire","geo_point_2d":{"lon":2.3886550967759974,"lat":48.883592238375755}}},{"type":"Feature","geometry":{"coordinates":[[[2.374342,48.881772],[2.374207,48.881644],[2.374129,48.881678],[2.374223,48.881769],[2.374267,48.881812],[2.374342,48.881772]]],"type":"Polygon"},"properties":{"id_projet":"ELEMENTAIRES (année scolaire 2020/2021)","libelle":"Z.ARMAND CARREL(43)/SIMON BOLIVAR A ET B(119)","zone_commune":1,"etiquette":"Secteur commun des écoles \n43 RUE ARMAND CARREL \n119 AVENUE SIMON BOLIVAR (A)\n119 AVENUE SIMON BOLIV","lib_etab_1":"ARMAND CARREL (43) ELEM","lib_etab_2":"SIMON BOLIVAR (119) ELEM A","lib_etab_3":"SIMON BOLIVAR (119) ELEM B","lib_etab_4":null,"adr_etab_1":"43 RUE ARMAND CARREL","adr_etab_2":"119 AVENUE SIMON BOLIVAR (A)","adr_etab_3":"119 AVENUE SIMON BOLIVAR (B)","adr_etab_4":null,"annee_scol":"2020-2021","st_area_shape":122.72758554794068,"st_perimeter_shape":49.23362524969225,"type_etabl":null,"geo_point_2d":{"lon":2.374236358688997,"lat":48.881726784351336}}},{"type":"Feature","geometry":{"coordinates":[[[[2.39492,48.889668],[2.388258,48.892646],[2.393897,48.895341],[2.39506,48.891052],[2.395273,48.889854],[2.39492,48.889668]]],[[[2.397212,48.890242],[2.396324,48.890949],[2.395297,48.895139],[2.397046,48.895382],[2.39759,48.894625],[2.398253,48.891275],[2.397884,48.890443],[2.397212,48.890242]]],[[[2.397083,48.88313],[2.40029,48.882241],[2.400436,48.881771],[2.399785,48.880671],[2.399228,48.880476],[2.397243,48.881628],[2.39648,48.883006],[2.396967,48.883092],[2.396913,48.88346],[2.397083,48.88313]]],[[[2.399491,48.883445],[2.400972,48.882226],[2.401067,48.881174],[2.40022,48.880973],[2.400836,48.881794],[2.400468,48.882492],[2.398014,48.883063],[2.397375,48.883493],[2.398516,48.883782],[2.399339,48.883376],[2.39897,48.883861],[2.399491,48.883445]]],[[[2.398012,48.8862],[2.397636,48.886189],[2.396931,48.888742],[2.397331,48.889453],[2.397744,48.889313],[2.398012,48.8862]]],[[[2.394933,48.889092],[2.395396,48.888898],[2.395518,48.888462],[2.393991,48.886755],[2.394824,48.888514],[2.393808,48.887289],[2.393353,48.888461],[2.394399,48.888511],[2.394417,48.888967],[2.394741,48.888673],[2.394933,48.889092]],[[2.394961,48.888638],[2.394963,48.888622],[2.395243,48.888653],[2.394958,48.888659],[2.394961,48.888638]]],[[[2.395705,48.888037],[2.396158,48.886481],[2.394456,48.886613],[2.395705,48.888037]]],[[[2.398291,48.887723],[2.399196,48.887579],[2.398824,48.88603],[2.398297,48.886103],[2.398291,48.887723]]],[[[2.398901,48.883904],[2.397079,48.884543],[2.396866,48.886034],[2.398901,48.883904]]],[[[2.393128,48.886435],[2.392895,48.886443],[2.393206,48.886618],[2.392839,48.887593],[2.393104,48.887755],[2.393088,48.888597],[2.393657,48.887197],[2.393128,48.886435]]],[[[2.398341,48.885859],[2.39921,48.88585],[2.399468,48.88496],[2.398814,48.884847],[2.398183,48.885612],[2.398341,48.885859]]],[[[2.399191,48.888229],[2.399195,48.887671],[2.398186,48.887831],[2.398095,48.888421],[2.399191,48.888229]]],[[[2.396371,48.88527],[2.396645,48.884244],[2.395993,48.88457],[2.395666,48.885491],[2.396303,48.885736],[2.396371,48.88527]]],[[[2.398585,48.888777],[2.398556,48.888539],[2.398079,48.888593],[2.398014,48.889356],[2.39866,48.88941],[2.398585,48.888777]]],[[[2.397983,48.889564],[2.397733,48.88984],[2.398844,48.890128],[2.398941,48.889598],[2.397983,48.889564]]],[[[2.395377,48.886205],[2.396274,48.885937],[2.395557,48.885605],[2.395377,48.886205]]],[[[2.400109,48.883812],[2.399068,48.884715],[2.399552,48.884811],[2.400109,48.883812]]],[[[2.395244,48.885295],[2.395312,48.884719],[2.39476,48.884746],[2.394681,48.885035],[2.395244,48.885295]]],[[[2.397676,48.883914],[2.397197,48.883897],[2.397065,48.884242],[2.397948,48.884064],[2.397676,48.883914]]],[[[2.394727,48.885221],[2.394514,48.885679],[2.39528,48.885531],[2.394727,48.885221]]],[[[2.394833,48.88587],[2.394502,48.885857],[2.39448,48.886211],[2.395093,48.886229],[2.394833,48.88587]]],[[[2.39498,48.884125],[2.39486,48.88399],[2.394719,48.884418],[2.394761,48.884493],[2.394868,48.884468],[2.394882,48.884424],[2.39498,48.884125]]],[[[2.399208,48.886128],[2.399209,48.88598],[2.399109,48.885988],[2.39904,48.885999],[2.399019,48.886026],[2.399071,48.886168],[2.399122,48.886304],[2.399135,48.886338],[2.399143,48.886358],[2.39917,48.886434],[2.399205,48.886523],[2.399206,48.886347],[2.399207,48.886289],[2.399207,48.886285],[2.399207,48.886239],[2.399208,48.886128]]],[[[2.395926,48.884036],[2.395733,48.883879],[2.395799,48.884214],[2.395926,48.884036]]],[[[2.396801,48.883823],[2.396767,48.883786],[2.396614,48.883953],[2.396722,48.884026],[2.396726,48.884025],[2.396801,48.883823]]],[[[2.393736,48.886299],[2.393617,48.886245],[2.393517,48.88632],[2.393727,48.886339],[2.39373,48.886333],[2.393732,48.886326],[2.393734,48.886318],[2.393736,48.88631],[2.393736,48.886304],[2.393736,48.886299]]],[[[2.393246,48.886266],[2.393056,48.886227],[2.393051,48.886251],[2.393045,48.88628],[2.39327,48.886301],[2.393246,48.886266]]],[[[2.403003,48.877414],[2.403006,48.877409],[2.402832,48.877445],[2.402834,48.877448],[2.403003,48.877414]]],[[[2.385975,48.884834],[2.385973,48.884834],[2.385942,48.884845],[2.385985,48.88485],[2.385993,48.884838],[2.385975,48.884834]]],[[[2.38482,48.885144],[2.384813,48.885144],[2.384815,48.88519],[2.38482,48.885191],[2.38482,48.885144]]],[[[2.386464,48.884763],[2.386452,48.884761],[2.386451,48.884768],[2.386464,48.884763]]]],"type":"MultiPolygon"},"properties":{"id_projet":"ELEMENTAIRES (année scolaire 2021/2022)","libelle":"CHEMINETS (16) ELEM","zone_commune":0,"etiquette":"Secteur de l'école 16 RUE DES CHEMINETS","lib_etab_1":"CHEMINETS (16) ELEM","lib_etab_2":null,"lib_etab_3":null,"lib_etab_4":null,"adr_etab_1":"16 RUE DES CHEMINETS","adr_etab_2":null,"adr_etab_3":null,"adr_etab_4":null,"annee_scol":"2021-2022","st_area_shape":413762.43376679654,"st_perimeter_shape":12689.93452700812,"type_etabl":"Elémentaire","geo_point_2d":{"lon":2.3955200557313443,"lat":48.88939124393984}}},{"type":"Feature","geometry":{"coordinates":[[[[2.389154,48.897348],[2.392167,48.896884],[2.394053,48.895393],[2.386955,48.891994],[2.387317,48.891082],[2.387642,48.891241],[2.387988,48.890923],[2.387097,48.890613],[2.386209,48.892059],[2.387205,48.892477],[2.38643,48.892739],[2.384328,48.896103],[2.385652,48.897329],[2.389154,48.897348]]],[[[2.382724,48.893552],[2.383854,48.892928],[2.382364,48.891739],[2.38021,48.893015],[2.381758,48.894229],[2.382724,48.893552]]],[[[2.381493,48.892117],[2.383665,48.890873],[2.383026,48.890595],[2.382174,48.890771],[2.379299,48.892296],[2.380125,48.892945],[2.381493,48.892117]]],[[[2.390921,48.898266],[2.390509,48.897594],[2.385973,48.897704],[2.387382,48.898594],[2.390921,48.898266]]],[[[2.384042,48.891005],[2.382556,48.891706],[2.383926,48.892814],[2.384499,48.89129],[2.384042,48.891005]]],[[[2.396289,48.896642],[2.396346,48.896252],[2.394979,48.895993],[2.394645,48.897347],[2.395882,48.897314],[2.396289,48.896642]]],[[[2.383768,48.894132],[2.382553,48.894693],[2.383626,48.895597],[2.384248,48.8946],[2.383768,48.894132]]],[[[2.382469,48.895196],[2.382106,48.894897],[2.383519,48.894009],[2.383375,48.893749],[2.381866,48.894309],[2.3823,48.894639],[2.381994,48.895089],[2.382469,48.895196]]],[[[2.384993,48.891746],[2.384665,48.891371],[2.384074,48.892932],[2.385238,48.892379],[2.384993,48.891746]]],[[[2.393607,48.89729],[2.394031,48.895882],[2.392694,48.897068],[2.393607,48.89729]]],[[[2.385214,48.89305],[2.385375,48.892443],[2.384242,48.893071],[2.38463,48.893381],[2.385214,48.89305]]],[[[2.385412,48.89056],[2.384968,48.890736],[2.386187,48.891284],[2.386226,48.890826],[2.385412,48.89056]]],[[[2.384415,48.893379],[2.384069,48.89314],[2.383438,48.893692],[2.3837,48.893907],[2.384415,48.893379]]],[[[2.38461,48.893561],[2.383786,48.893977],[2.384352,48.894341],[2.38461,48.893561]]],[[[2.384621,48.890542],[2.383822,48.889587],[2.383646,48.890133],[2.384621,48.890542]]],[[[2.392492,48.89736],[2.391955,48.897329],[2.391251,48.897482],[2.39127,48.89755],[2.39142,48.897541],[2.392103,48.897501],[2.39236,48.897486],[2.392491,48.897409],[2.392492,48.89736]]],[[[2.383235,48.895844],[2.38256,48.89531],[2.382568,48.89565],[2.383235,48.895844]]],[[[2.383666,48.889559],[2.383216,48.889864],[2.383518,48.890011],[2.383666,48.889559]]],[[[2.38297,48.890472],[2.382686,48.890332],[2.382389,48.89059],[2.382412,48.890611],[2.382962,48.890499],[2.38297,48.890472]]],[[[2.385067,48.893287],[2.385034,48.893271],[2.384735,48.893439],[2.384732,48.893466],[2.384855,48.893566],[2.384894,48.893562],[2.385067,48.893287]]],[[[2.386495,48.891413],[2.386462,48.891389],[2.386376,48.891346],[2.386326,48.891396],[2.386323,48.891394],[2.386268,48.891448],[2.386355,48.891491],[2.386395,48.891511],[2.386495,48.891413]]],[[[2.383924,48.893079],[2.383939,48.892985],[2.383857,48.893114],[2.383924,48.893079]]],[[[2.38009,48.894107],[2.379972,48.894012],[2.379963,48.894017],[2.380088,48.894112],[2.38009,48.894107]]],[[[2.380269,48.894268],[2.380288,48.894238],[2.380261,48.894251],[2.380221,48.894214],[2.380269,48.894268]]]],"type":"MultiPolygon"},"properties":{"id_projet":"ELEMENTAIRES (année scolaire 2021/2022)","libelle":"G.BARBANEGRE(7)A/B","zone_commune":1,"etiquette":"Secteur commun des écoles \n7 RUE BARBANEGRE (A) \n7 RUE BARBANEGRE (B)","lib_etab_1":"BARBANEGRE (7) ELEM B","lib_etab_2":"BARBANEGRE (7) ELEM A","lib_etab_3":null,"lib_etab_4":null,"adr_etab_1":"7 RUE BARBANEGRE (A)","adr_etab_2":"7 RUE BARBANEGRE (B)","adr_etab_3":null,"adr_etab_4":null,"annee_scol":"2021-2022","st_area_shape":431837.0285068161,"st_perimeter_shape":10053.96565736721,"type_etabl":"Elémentaire","geo_point_2d":{"lon":2.3872162631654854,"lat":48.89467807073323}}},{"type":"Feature","geometry":{"coordinates":[[[[2.37542,48.889937],[2.373734,48.888619],[2.373263,48.88919],[2.372602,48.88906],[2.37281,48.889457],[2.372282,48.889832],[2.373866,48.890963],[2.375946,48.890589],[2.37542,48.889937]]],[[[2.376449,48.888918],[2.374363,48.888401],[2.375356,48.889217],[2.376124,48.888832],[2.3754,48.889252],[2.376004,48.889727],[2.376449,48.888918]]],[[[2.37523,48.891423],[2.376531,48.890697],[2.374078,48.891111],[2.374833,48.8916],[2.37523,48.891423]]],[[[2.371794,48.889736],[2.372609,48.890491],[2.37274,48.890862],[2.372389,48.891216],[2.373397,48.891048],[2.371794,48.889736]]],[[[2.372685,48.889325],[2.37249,48.8891],[2.37166,48.88936],[2.372191,48.889763],[2.372685,48.889325]]]],"type":"MultiPolygon"},"properties":{"id_projet":"ELEMENTAIRES (année scolaire 2021/2022)","libelle":"MATHIS (14) ELEM","zone_commune":0,"etiquette":"Secteur de l'école 14 RUE MATHIS","lib_etab_1":"MATHIS (14) ELEM","lib_etab_2":null,"lib_etab_3":null,"lib_etab_4":null,"adr_etab_1":"14 RUE MATHIS","adr_etab_2":null,"adr_etab_3":null,"adr_etab_4":null,"annee_scol":"2021-2022","st_area_shape":58494.139217646,"st_perimeter_shape":2794.581773755267,"type_etabl":"Elémentaire","geo_point_2d":{"lon":2.374193438120934,"lat":48.88997736376546}}},{"type":"Feature","geometry":{"coordinates":[[[[2.397055,48.875616],[2.395354,48.87548],[2.394989,48.876076],[2.395643,48.876706],[2.397833,48.87695],[2.39785,48.875722],[2.397055,48.875616]]],[[[2.393796,48.878139],[2.393439,48.878011],[2.392609,48.879183],[2.396225,48.879529],[2.396079,48.878986],[2.393922,48.878745],[2.394038,48.878281],[2.393796,48.878139]]],[[[2.39543,48.877302],[2.395359,48.876593],[2.3949,48.876251],[2.393772,48.876231],[2.393081,48.87662],[2.393818,48.877129],[2.393635,48.87732],[2.39543,48.877302]]],[[[2.397814,48.878088],[2.397831,48.877006],[2.395648,48.87675],[2.395713,48.877606],[2.397349,48.878046],[2.397492,48.877786],[2.397814,48.878088]]],[[[2.395275,48.877668],[2.39388,48.877574],[2.393585,48.87789],[2.394163,48.878229],[2.394092,48.878702],[2.396024,48.878921],[2.395275,48.877668]]],[[[2.39836,48.878112],[2.398838,48.876601],[2.398419,48.8757],[2.398017,48.875562],[2.398009,48.876121],[2.398234,48.876123],[2.398008,48.876167],[2.397981,48.877868],[2.398225,48.877894],[2.397977,48.878127],[2.39836,48.878112]]],[[[2.397634,48.878883],[2.395668,48.877945],[2.396468,48.879203],[2.398036,48.879251],[2.397634,48.878883]]],[[[2.397772,48.880168],[2.398281,48.88],[2.398132,48.879405],[2.396656,48.879351],[2.396823,48.88027],[2.397772,48.880168]]],[[[2.393916,48.875984],[2.394653,48.87588],[2.394753,48.875483],[2.39247,48.87567],[2.393087,48.876173],[2.393916,48.875984]]],[[[2.392025,48.876448],[2.392348,48.876565],[2.391927,48.875592],[2.391009,48.876054],[2.391202,48.876591],[2.392025,48.876448]]],[[[2.398122,48.878396],[2.398209,48.878946],[2.399526,48.879504],[2.399492,48.879024],[2.398965,48.879007],[2.398122,48.878396]]],[[[2.39288,48.877427],[2.392323,48.877331],[2.392405,48.877804],[2.393303,48.877902],[2.393578,48.877609],[2.39288,48.877427]]],[[[2.396608,48.880255],[2.396452,48.879684],[2.395608,48.879604],[2.395728,48.879936],[2.396173,48.879973],[2.39617,48.880287],[2.396608,48.880255]]],[[[2.396385,48.880884],[2.39536,48.881072],[2.395531,48.881389],[2.396703,48.881132],[2.396385,48.880884]]],[[[2.398574,48.87935],[2.398262,48.879272],[2.398432,48.879911],[2.399258,48.879667],[2.398574,48.87935]]],[[[2.397848,48.87835],[2.396646,48.878136],[2.397865,48.87879],[2.397848,48.87835]]],[[[2.392508,48.875987],[2.392096,48.875759],[2.392288,48.876341],[2.392902,48.876367],[2.392508,48.875987]]],[[[2.393074,48.879673],[2.393323,48.87938],[2.392365,48.879242],[2.392489,48.879674],[2.393074,48.879673]]],[[[2.397105,48.880866],[2.397147,48.880613],[2.398222,48.880267],[2.396847,48.880497],[2.397105,48.880866]]],[[[2.399084,48.877045],[2.399234,48.876833],[2.398794,48.876966],[2.39856,48.877669],[2.399084,48.877045]]],[[[2.398494,48.878217],[2.39962,48.876721],[2.398528,48.877795],[2.398494,48.878217]]],[[[2.399604,48.876667],[2.39892,48.876603],[2.398832,48.876856],[2.399604,48.876667]]],[[[2.39233,48.876947],[2.392411,48.876656],[2.391947,48.87692],[2.39233,48.876947]]],[[[2.396739,48.880515],[2.396726,48.880507],[2.396617,48.880583],[2.396669,48.880788],[2.396673,48.880804],[2.396679,48.880827],[2.396758,48.880824],[2.396767,48.880824],[2.396816,48.880795],[2.396748,48.880548],[2.396739,48.880515]]],[[[2.394022,48.879633],[2.394197,48.879516],[2.393845,48.879462],[2.394022,48.879633]]],[[[2.393503,48.879407],[2.393453,48.879399],[2.393508,48.879495],[2.393572,48.879497],[2.393601,48.879499],[2.3936,48.879509],[2.393625,48.87951],[2.393682,48.879513],[2.393768,48.87945],[2.393611,48.879425],[2.393503,48.879407]]],[[[2.394865,48.879595],[2.394725,48.879594],[2.394782,48.879656],[2.394886,48.879661],[2.394886,48.879663],[2.395015,48.879671],[2.395042,48.879597],[2.394894,48.879596],[2.394865,48.879595]]],[[[2.394462,48.87956],[2.394314,48.879536],[2.394348,48.879611],[2.394455,48.879617],[2.394452,48.879637],[2.394486,48.879638],[2.39456,48.879642],[2.394622,48.879585],[2.394462,48.87956]]],[[[2.395324,48.879672],[2.395328,48.879641],[2.395451,48.879649],[2.395469,48.879603],[2.395334,48.8796],[2.395192,48.879599],[2.395177,48.879599],[2.395214,48.879665],[2.395324,48.879672]]],[[[2.396835,48.880904],[2.396765,48.880855],[2.396687,48.880898],[2.396675,48.880905],[2.396745,48.880941],[2.396771,48.880955],[2.396826,48.880984],[2.396852,48.880998],[2.396905,48.880954],[2.396835,48.880904]]]],"type":"MultiPolygon"},"properties":{"id_projet":"ELEMENTAIRES (année scolaire 2021/2022)","libelle":"G.EUGENIE COTTON(16)A/B","zone_commune":1,"etiquette":"Secteur commun des écoles \n16 RUE EUGENIE COTTON (A) \n16 RUE EUGENIE COTTON (B)","lib_etab_1":"EUGENIE COTTON (16) ELEM B","lib_etab_2":"EUGENIE COTTON (16) ELEM A","lib_etab_3":null,"lib_etab_4":null,"adr_etab_1":"16 RUE EUGENIE COTTON (A)","adr_etab_2":"16 RUE EUGENIE COTTON (B)","adr_etab_3":null,"adr_etab_4":null,"annee_scol":"2021-2022","st_area_shape":180031.19165512788,"st_perimeter_shape":9292.872161043302,"type_etabl":"Elémentaire","geo_point_2d":{"lon":2.3957643145738445,"lat":48.877775127010665}}},{"type":"Feature","geometry":{"coordinates":[[[[2.384135,48.888056],[2.382237,48.88746],[2.382863,48.886617],[2.38255,48.886337],[2.381755,48.8866],[2.382173,48.887208],[2.381528,48.886674],[2.381998,48.887226],[2.380903,48.887159],[2.384135,48.888056]]],[[[2.380014,48.887752],[2.380236,48.887557],[2.3798,48.887452],[2.380035,48.887249],[2.380275,48.887524],[2.38105,48.886815],[2.379314,48.887023],[2.379493,48.88714],[2.379152,48.887451],[2.380014,48.887752]]],[[[2.385957,48.887499],[2.386276,48.887149],[2.384879,48.886631],[2.384926,48.887374],[2.385462,48.887545],[2.385238,48.887901],[2.385678,48.888022],[2.385957,48.887499]]],[[[2.385037,48.884696],[2.385176,48.884193],[2.385698,48.884246],[2.385566,48.884807],[2.385973,48.884834],[2.385876,48.884063],[2.384735,48.883813],[2.384377,48.884313],[2.384704,48.88483],[2.384865,48.884626],[2.384831,48.884948],[2.385037,48.884696]]],[[[2.383262,48.886029],[2.383975,48.88595],[2.383777,48.885214],[2.383262,48.886029]]],[[[2.38177,48.887811],[2.38229,48.887685],[2.380809,48.887234],[2.38177,48.887811]]],[[[2.38091,48.885923],[2.380502,48.885815],[2.380281,48.886317],[2.380559,48.886449],[2.38091,48.885923]]],[[[2.383288,48.885678],[2.38365,48.885118],[2.382991,48.885603],[2.383062,48.886001],[2.383288,48.885678]]],[[[2.384226,48.884562],[2.383879,48.885051],[2.384245,48.884895],[2.384226,48.884562]]],[[[2.381804,48.886483],[2.381928,48.886442],[2.382057,48.8864],[2.382197,48.886353],[2.382322,48.886313],[2.382614,48.886216],[2.382614,48.886209],[2.382082,48.886197],[2.38213,48.88622],[2.381974,48.88636],[2.381964,48.886355],[2.381958,48.886352],[2.381854,48.886407],[2.381844,48.886403],[2.381777,48.886469],[2.381736,48.886448],[2.381725,48.88651],[2.381804,48.886483]]],[[[2.383864,48.884859],[2.383951,48.884735],[2.383867,48.88471],[2.383865,48.884709],[2.383837,48.884717],[2.383819,48.884742],[2.383818,48.884743],[2.383802,48.884738],[2.383798,48.884737],[2.383768,48.884781],[2.383743,48.884816],[2.383736,48.884826],[2.383712,48.88482],[2.383666,48.884808],[2.383627,48.884855],[2.38375,48.885023],[2.383803,48.884947],[2.383842,48.884891],[2.383864,48.884859]]],[[[2.386355,48.887338],[2.386624,48.887249],[2.386615,48.887237],[2.386463,48.887198],[2.3864,48.887181],[2.386396,48.88718],[2.386334,48.887164],[2.386294,48.887242],[2.386356,48.887248],[2.386356,48.887249],[2.386389,48.887258],[2.38639,48.887262],[2.386363,48.887305],[2.386358,48.887313],[2.386353,48.887312],[2.386339,48.887335],[2.386355,48.887338]]],[[[2.384134,48.884473],[2.384199,48.884379],[2.384255,48.884299],[2.384223,48.884287],[2.384159,48.884364],[2.384141,48.884357],[2.384083,48.884463],[2.384044,48.884456],[2.383949,48.884613],[2.384021,48.884635],[2.384134,48.884473]]]],"type":"MultiPolygon"},"properties":{"id_projet":"ELEMENTAIRES (année scolaire 2021/2022)","libelle":"TANDOU (16) POLY","zone_commune":0,"etiquette":"Secteur de l'école 16 RUE TANDOU","lib_etab_1":"TANDOU (16) POLY","lib_etab_2":null,"lib_etab_3":null,"lib_etab_4":null,"adr_etab_1":"16 RUE TANDOU","adr_etab_2":null,"adr_etab_3":null,"adr_etab_4":null,"annee_scol":"2021-2022","st_area_shape":41569.599164078805,"st_perimeter_shape":4176.958165642832,"type_etabl":"Elémentaire","geo_point_2d":{"lon":2.3829991075787986,"lat":48.886449948475395}}},{"type":"Feature","geometry":{"coordinates":[[[[2.391158,48.876651],[2.392331,48.876591],[2.391202,48.876591],[2.391009,48.876054],[2.391852,48.875819],[2.391921,48.875532],[2.389677,48.875406],[2.389658,48.876823],[2.391158,48.876651]]],[[[2.390029,48.878943],[2.390195,48.87834],[2.390803,48.87833],[2.390536,48.876801],[2.389294,48.876951],[2.390029,48.878943]]],[[[2.389762,48.878966],[2.389188,48.876981],[2.38796,48.877138],[2.388578,48.877818],[2.388978,48.877769],[2.388571,48.878159],[2.389038,48.878199],[2.388612,48.878397],[2.389096,48.878469],[2.388822,48.878755],[2.389762,48.878966]]],[[[2.389483,48.876505],[2.3894,48.876174],[2.387679,48.876366],[2.387953,48.877061],[2.389522,48.876862],[2.389483,48.876505]]],[[[2.389014,48.875414],[2.388754,48.874939],[2.387494,48.874771],[2.387462,48.875571],[2.388979,48.875701],[2.389014,48.875414]]],[[[2.391695,48.877414],[2.391552,48.877174],[2.392029,48.876738],[2.390646,48.876814],[2.3909,48.878219],[2.391205,48.877513],[2.391695,48.877414]]],[[[2.387216,48.876334],[2.387542,48.876303],[2.38736,48.875416],[2.385793,48.875383],[2.386619,48.875675],[2.386134,48.876114],[2.386604,48.876055],[2.386797,48.876459],[2.387216,48.876334]],[[2.387158,48.875612],[2.387166,48.875567],[2.387135,48.875567],[2.387027,48.875567],[2.386842,48.875568],[2.386726,48.875577],[2.386648,48.875584],[2.386626,48.875585],[2.386626,48.875563],[2.386638,48.875561],[2.386661,48.875558],[2.386702,48.875553],[2.386766,48.875545],[2.386781,48.875543],[2.386781,48.875553],[2.387173,48.875549],[2.387173,48.875557],[2.387195,48.875557],[2.387192,48.875612],[2.387158,48.875612]]],[[[2.387046,48.875368],[2.387361,48.875363],[2.387389,48.874734],[2.386333,48.874497],[2.386204,48.87529],[2.385855,48.875337],[2.387046,48.875368]]],[[[2.388347,48.876097],[2.388938,48.876038],[2.388968,48.875755],[2.387465,48.875639],[2.387634,48.876152],[2.388347,48.876097]]],[[[2.387584,48.876405],[2.386813,48.876675],[2.38696,48.877094],[2.387741,48.877034],[2.387584,48.876405]]],[[[2.389477,48.875903],[2.389558,48.875364],[2.389189,48.87532],[2.389064,48.876018],[2.389477,48.875903]]],[[[2.385882,48.874275],[2.385622,48.874204],[2.385752,48.874731],[2.386174,48.874423],[2.385882,48.874275]]],[[[2.385435,48.874053],[2.385364,48.874018],[2.38532,48.87402],[2.38528,48.874126],[2.385333,48.874131],[2.385329,48.874134],[2.385475,48.874206],[2.385583,48.874126],[2.385435,48.874053]]],[[[2.392189,48.876749],[2.392411,48.876656],[2.392393,48.876648],[2.392334,48.876653],[2.392268,48.876659],[2.392171,48.876667],[2.392046,48.876677],[2.392016,48.87668],[2.392028,48.876733],[2.392056,48.87673],[2.392062,48.876758],[2.392067,48.876758],[2.392189,48.87675],[2.392189,48.876749]]]],"type":"MultiPolygon"},"properties":{"id_projet":"ELEMENTAIRES (année scolaire 2021/2022)","libelle":"FESSART (4) ELEM","zone_commune":0,"etiquette":"Secteur de l'école 4 RUE FESSART","lib_etab_1":"FESSART (4) ELEM","lib_etab_2":null,"lib_etab_3":null,"lib_etab_4":null,"adr_etab_1":"4 RUE FESSART","adr_etab_2":null,"adr_etab_3":null,"adr_etab_4":null,"annee_scol":"2021-2022","st_area_shape":101747.3099507737,"st_perimeter_shape":5776.7123882154,"type_etabl":"Elémentaire","geo_point_2d":{"lon":2.3890903509759567,"lat":48.87651048779593}}},{"type":"Feature","geometry":{"coordinates":[[[[2.39492,48.889668],[2.388258,48.892646],[2.393897,48.895341],[2.39506,48.891052],[2.395273,48.889854],[2.39492,48.889668]]],[[[2.397212,48.890242],[2.396324,48.890949],[2.395297,48.895139],[2.397046,48.895382],[2.39759,48.894625],[2.398253,48.891275],[2.397884,48.890443],[2.397212,48.890242]]],[[[2.397083,48.88313],[2.40029,48.882241],[2.400436,48.881771],[2.399785,48.880671],[2.399228,48.880476],[2.397243,48.881628],[2.39648,48.883006],[2.396967,48.883092],[2.396913,48.88346],[2.397083,48.88313]]],[[[2.399491,48.883445],[2.400972,48.882226],[2.401067,48.881174],[2.40022,48.880973],[2.400836,48.881794],[2.400468,48.882492],[2.398014,48.883063],[2.397375,48.883493],[2.398516,48.883782],[2.399339,48.883376],[2.39897,48.883861],[2.399491,48.883445]]],[[[2.398012,48.8862],[2.397636,48.886189],[2.396931,48.888742],[2.397331,48.889453],[2.397744,48.889313],[2.398012,48.8862]]],[[[2.394933,48.889092],[2.395396,48.888898],[2.395518,48.888462],[2.393991,48.886755],[2.394824,48.888514],[2.393808,48.887289],[2.393353,48.888461],[2.394399,48.888511],[2.394417,48.888967],[2.394741,48.888673],[2.394933,48.889092]],[[2.394961,48.888638],[2.394963,48.888622],[2.395243,48.888653],[2.394958,48.888659],[2.394961,48.888638]]],[[[2.395705,48.888037],[2.396158,48.886481],[2.394456,48.886613],[2.395705,48.888037]]],[[[2.398291,48.887723],[2.399196,48.887579],[2.398824,48.88603],[2.398297,48.886103],[2.398291,48.887723]]],[[[2.398901,48.883904],[2.397079,48.884543],[2.396866,48.886034],[2.398901,48.883904]]],[[[2.393128,48.886435],[2.392895,48.886443],[2.393206,48.886618],[2.392839,48.887593],[2.393104,48.887755],[2.393088,48.888597],[2.393657,48.887197],[2.393128,48.886435]]],[[[2.398341,48.885859],[2.39921,48.88585],[2.399468,48.88496],[2.398814,48.884847],[2.398183,48.885612],[2.398341,48.885859]]],[[[2.399191,48.888229],[2.399195,48.887671],[2.398186,48.887831],[2.398095,48.888421],[2.399191,48.888229]]],[[[2.396371,48.88527],[2.396645,48.884244],[2.395993,48.88457],[2.395666,48.885491],[2.396303,48.885736],[2.396371,48.88527]]],[[[2.398585,48.888777],[2.398556,48.888539],[2.398079,48.888593],[2.398014,48.889356],[2.39866,48.88941],[2.398585,48.888777]]],[[[2.397983,48.889564],[2.397733,48.88984],[2.398844,48.890128],[2.398941,48.889598],[2.397983,48.889564]]],[[[2.395377,48.886205],[2.396274,48.885937],[2.395557,48.885605],[2.395377,48.886205]]],[[[2.400109,48.883812],[2.399068,48.884715],[2.399552,48.884811],[2.400109,48.883812]]],[[[2.395244,48.885295],[2.395312,48.884719],[2.39476,48.884746],[2.394681,48.885035],[2.395244,48.885295]]],[[[2.397676,48.883914],[2.397197,48.883897],[2.397065,48.884242],[2.397948,48.884064],[2.397676,48.883914]]],[[[2.394727,48.885221],[2.394514,48.885679],[2.39528,48.885531],[2.394727,48.885221]]],[[[2.394833,48.88587],[2.394502,48.885857],[2.39448,48.886211],[2.395093,48.886229],[2.394833,48.88587]]],[[[2.39498,48.884125],[2.39486,48.88399],[2.394719,48.884418],[2.394761,48.884493],[2.394868,48.884468],[2.394882,48.884424],[2.39498,48.884125]]],[[[2.399208,48.886128],[2.399209,48.88598],[2.399109,48.885988],[2.39904,48.885999],[2.399019,48.886026],[2.399071,48.886168],[2.399122,48.886304],[2.399135,48.886338],[2.399143,48.886358],[2.39917,48.886434],[2.399205,48.886523],[2.399206,48.886347],[2.399207,48.886289],[2.399207,48.886285],[2.399207,48.886239],[2.399208,48.886128]]],[[[2.395926,48.884036],[2.395733,48.883879],[2.395799,48.884214],[2.395926,48.884036]]],[[[2.396801,48.883823],[2.396767,48.883786],[2.396614,48.883953],[2.396722,48.884026],[2.396726,48.884025],[2.396801,48.883823]]],[[[2.393736,48.886299],[2.393617,48.886245],[2.393517,48.88632],[2.393727,48.886339],[2.39373,48.886333],[2.393732,48.886326],[2.393734,48.886318],[2.393736,48.88631],[2.393736,48.886304],[2.393736,48.886299]]],[[[2.393246,48.886266],[2.393056,48.886227],[2.393051,48.886251],[2.393045,48.88628],[2.39327,48.886301],[2.393246,48.886266]]],[[[2.403003,48.877414],[2.403006,48.877409],[2.402832,48.877445],[2.402834,48.877448],[2.403003,48.877414]]],[[[2.385975,48.884834],[2.385973,48.884834],[2.385942,48.884845],[2.385985,48.88485],[2.385993,48.884838],[2.385975,48.884834]]],[[[2.38482,48.885144],[2.384813,48.885144],[2.384815,48.88519],[2.38482,48.885191],[2.38482,48.885144]]],[[[2.386464,48.884763],[2.386452,48.884761],[2.386451,48.884768],[2.386464,48.884763]]]],"type":"MultiPolygon"},"properties":{"id_projet":"ELEMENTAIRES (année scolaire 2022/2023)","libelle":"CHEMINETS (16) ELEM","zone_commune":0,"etiquette":"Secteur de l'école 16 RUE DES CHEMINETS","lib_etab_1":"CHEMINETS (16) ELEM","lib_etab_2":null,"lib_etab_3":null,"lib_etab_4":null,"adr_etab_1":"16 RUE DES CHEMINETS","adr_etab_2":null,"adr_etab_3":null,"adr_etab_4":null,"annee_scol":"2022-2023","st_area_shape":413762.43376679654,"st_perimeter_shape":12689.93452700812,"type_etabl":"Elémentaire","geo_point_2d":{"lon":2.3955200557313443,"lat":48.88939124393984}}},{"type":"Feature","geometry":{"coordinates":[[[[2.397055,48.875616],[2.395354,48.87548],[2.394989,48.876076],[2.395643,48.876706],[2.397833,48.87695],[2.39785,48.875722],[2.397055,48.875616]]],[[[2.393796,48.878139],[2.393439,48.878011],[2.392609,48.879183],[2.396225,48.879529],[2.396079,48.878986],[2.393922,48.878745],[2.394038,48.878281],[2.393796,48.878139]]],[[[2.39543,48.877302],[2.395359,48.876593],[2.3949,48.876251],[2.393772,48.876231],[2.393081,48.87662],[2.393818,48.877129],[2.393635,48.87732],[2.39543,48.877302]]],[[[2.397814,48.878088],[2.397831,48.877006],[2.395648,48.87675],[2.395713,48.877606],[2.397349,48.878046],[2.397492,48.877786],[2.397814,48.878088]]],[[[2.395275,48.877668],[2.39388,48.877574],[2.393585,48.87789],[2.394163,48.878229],[2.394092,48.878702],[2.396024,48.878921],[2.395275,48.877668]]],[[[2.39836,48.878112],[2.398838,48.876601],[2.398419,48.8757],[2.398017,48.875562],[2.398009,48.876121],[2.398234,48.876123],[2.398008,48.876167],[2.397981,48.877868],[2.398225,48.877894],[2.397977,48.878127],[2.39836,48.878112]]],[[[2.397634,48.878883],[2.395668,48.877945],[2.396468,48.879203],[2.398036,48.879251],[2.397634,48.878883]]],[[[2.397772,48.880168],[2.398281,48.88],[2.398132,48.879405],[2.396656,48.879351],[2.396823,48.88027],[2.397772,48.880168]]],[[[2.393916,48.875984],[2.394653,48.87588],[2.394753,48.875483],[2.39247,48.87567],[2.393087,48.876173],[2.393916,48.875984]]],[[[2.392025,48.876448],[2.392348,48.876565],[2.391927,48.875592],[2.391009,48.876054],[2.391202,48.876591],[2.392025,48.876448]]],[[[2.398122,48.878396],[2.398209,48.878946],[2.399526,48.879504],[2.399492,48.879024],[2.398965,48.879007],[2.398122,48.878396]]],[[[2.39288,48.877427],[2.392323,48.877331],[2.392405,48.877804],[2.393303,48.877902],[2.393578,48.877609],[2.39288,48.877427]]],[[[2.396608,48.880255],[2.396452,48.879684],[2.395608,48.879604],[2.395728,48.879936],[2.396173,48.879973],[2.39617,48.880287],[2.396608,48.880255]]],[[[2.396385,48.880884],[2.39536,48.881072],[2.395531,48.881389],[2.396703,48.881132],[2.396385,48.880884]]],[[[2.398574,48.87935],[2.398262,48.879272],[2.398432,48.879911],[2.399258,48.879667],[2.398574,48.87935]]],[[[2.397848,48.87835],[2.396646,48.878136],[2.397865,48.87879],[2.397848,48.87835]]],[[[2.392508,48.875987],[2.392096,48.875759],[2.392288,48.876341],[2.392902,48.876367],[2.392508,48.875987]]],[[[2.393074,48.879673],[2.393323,48.87938],[2.392365,48.879242],[2.392489,48.879674],[2.393074,48.879673]]],[[[2.397105,48.880866],[2.397147,48.880613],[2.398222,48.880267],[2.396847,48.880497],[2.397105,48.880866]]],[[[2.399084,48.877045],[2.399234,48.876833],[2.398794,48.876966],[2.39856,48.877669],[2.399084,48.877045]]],[[[2.398494,48.878217],[2.39962,48.876721],[2.398528,48.877795],[2.398494,48.878217]]],[[[2.399604,48.876667],[2.39892,48.876603],[2.398832,48.876856],[2.399604,48.876667]]],[[[2.39233,48.876947],[2.392411,48.876656],[2.391947,48.87692],[2.39233,48.876947]]],[[[2.396739,48.880515],[2.396726,48.880507],[2.396617,48.880583],[2.396669,48.880788],[2.396673,48.880804],[2.396679,48.880827],[2.396758,48.880824],[2.396767,48.880824],[2.396816,48.880795],[2.396748,48.880548],[2.396739,48.880515]]],[[[2.394022,48.879633],[2.394197,48.879516],[2.393845,48.879462],[2.394022,48.879633]]],[[[2.393503,48.879407],[2.393453,48.879399],[2.393508,48.879495],[2.393572,48.879497],[2.393601,48.879499],[2.3936,48.879509],[2.393625,48.87951],[2.393682,48.879513],[2.393768,48.87945],[2.393611,48.879425],[2.393503,48.879407]]],[[[2.394865,48.879595],[2.394725,48.879594],[2.394782,48.879656],[2.394886,48.879661],[2.394886,48.879663],[2.395015,48.879671],[2.395042,48.879597],[2.394894,48.879596],[2.394865,48.879595]]],[[[2.394462,48.87956],[2.394314,48.879536],[2.394348,48.879611],[2.394455,48.879617],[2.394452,48.879637],[2.394486,48.879638],[2.39456,48.879642],[2.394622,48.879585],[2.394462,48.87956]]],[[[2.395324,48.879672],[2.395328,48.879641],[2.395451,48.879649],[2.395469,48.879603],[2.395334,48.8796],[2.395192,48.879599],[2.395177,48.879599],[2.395214,48.879665],[2.395324,48.879672]]],[[[2.396835,48.880904],[2.396765,48.880855],[2.396687,48.880898],[2.396675,48.880905],[2.396745,48.880941],[2.396771,48.880955],[2.396826,48.880984],[2.396852,48.880998],[2.396905,48.880954],[2.396835,48.880904]]]],"type":"MultiPolygon"},"properties":{"id_projet":"ELEMENTAIRES (année scolaire 2022/2023)","libelle":"G.EUGENIE COTTON(16)A/B","zone_commune":1,"etiquette":"Secteur commun des écoles \n16 RUE EUGENIE COTTON (ECOLE A (A) \n16 RUE EUGENIE COTTON (ECOLE A (B)","lib_etab_1":"EUGENIE COTTON (16) ELEM B","lib_etab_2":"EUGENIE COTTON (16) ELEM A","lib_etab_3":null,"lib_etab_4":null,"adr_etab_1":"16 RUE EUGENIE COTTON (ECOLE A (A)","adr_etab_2":"16 RUE EUGENIE COTTON (ECOLE A (B)","adr_etab_3":null,"adr_etab_4":null,"annee_scol":"2022-2023","st_area_shape":180031.19165512788,"st_perimeter_shape":9292.872161043302,"type_etabl":"Elémentaire","geo_point_2d":{"lon":2.3957643145738445,"lat":48.877775127010665}}},{"type":"Feature","geometry":{"coordinates":[[[[2.389799,48.885957],[2.390056,48.884464],[2.387548,48.884302],[2.386991,48.885611],[2.389799,48.885957]]],[[[2.38721,48.882862],[2.387136,48.882219],[2.387846,48.881905],[2.388152,48.88082],[2.386009,48.882692],[2.38721,48.882862]]],[[[2.38779,48.883329],[2.387764,48.883311],[2.3875,48.883439],[2.38754,48.883446],[2.387587,48.883455],[2.387728,48.883482],[2.387748,48.883434],[2.38779,48.883329]]],[[[2.38443,48.883893],[2.38426,48.883809],[2.384237,48.883845],[2.384229,48.883858],[2.384254,48.883871],[2.384279,48.883884],[2.38438,48.883936],[2.38443,48.883893]]],[[[2.390533,48.883468],[2.389315,48.883096],[2.391152,48.884009],[2.39154,48.883911],[2.390533,48.883468]]],[[[2.386688,48.883552],[2.385933,48.883309],[2.386593,48.883981],[2.38747,48.884068],[2.386688,48.883552]]],[[[2.390127,48.884214],[2.3902,48.884132],[2.390235,48.884098],[2.390223,48.884065],[2.389598,48.884158],[2.38959,48.884157],[2.3896,48.884126],[2.38943,48.884102],[2.389203,48.88407],[2.389211,48.884047],[2.389044,48.884024],[2.388819,48.883994],[2.388416,48.88394],[2.388299,48.883924],[2.388295,48.883939],[2.387668,48.884017],[2.387639,48.884084],[2.388194,48.884141],[2.388234,48.884145],[2.390027,48.884326],[2.390097,48.88425],[2.390132,48.884214],[2.390127,48.884214]]],[[[2.392562,48.884409],[2.392953,48.884241],[2.391756,48.883991],[2.391871,48.88434],[2.392562,48.884409]]],[[[2.394499,48.884243],[2.394191,48.884215],[2.394393,48.884429],[2.394441,48.884411],[2.394499,48.884243]]],[[[2.394322,48.884736],[2.393056,48.884262],[2.393168,48.884588],[2.394322,48.884736]]],[[[2.386451,48.884768],[2.387408,48.884224],[2.386419,48.884171],[2.386451,48.884768]]],[[[2.391743,48.884753],[2.391248,48.884555],[2.391237,48.884567],[2.390634,48.884334],[2.390613,48.884223],[2.390592,48.884226],[2.390533,48.884292],[2.390492,48.884336],[2.390465,48.88437],[2.390508,48.884374],[2.390504,48.884403],[2.390645,48.884416],[2.39118,48.884629],[2.391526,48.884768],[2.391596,48.884798],[2.391652,48.884824],[2.391702,48.884847],[2.391742,48.884866],[2.391784,48.884887],[2.391824,48.884907],[2.391864,48.884929],[2.391893,48.884944],[2.391907,48.884951],[2.391974,48.884895],[2.391743,48.884753]]],[[[2.383286,48.883809],[2.382789,48.884202],[2.383268,48.884486],[2.383219,48.884925],[2.383902,48.884205],[2.383286,48.883809]]],[[[2.383627,48.884855],[2.384223,48.884287],[2.383428,48.884945],[2.383748,48.885026],[2.383627,48.884855]]],[[[2.384222,48.885115],[2.384469,48.885073],[2.384245,48.884895],[2.383879,48.885051],[2.384222,48.885115]]],[[[2.383042,48.885005],[2.382781,48.884957],[2.3827,48.885061],[2.382704,48.885062],[2.382697,48.885071],[2.382747,48.885097],[2.382752,48.8851],[2.382765,48.885106],[2.382791,48.88512],[2.383042,48.885005]]],[[[2.384759,48.885099],[2.384756,48.885072],[2.384649,48.885081],[2.384649,48.885082],[2.384649,48.885084],[2.384649,48.885087],[2.384648,48.885089],[2.384648,48.885094],[2.384648,48.885096],[2.384648,48.885098],[2.384648,48.885101],[2.384648,48.885103],[2.384648,48.885105],[2.384648,48.885108],[2.384648,48.88511],[2.384648,48.885113],[2.384648,48.885116],[2.384648,48.885118],[2.384648,48.885121],[2.384648,48.885124],[2.384648,48.885127],[2.384649,48.885129],[2.384649,48.885132],[2.384649,48.885134],[2.384649,48.885136],[2.384649,48.885138],[2.384649,48.88514],[2.384649,48.885142],[2.384649,48.885143],[2.384649,48.885145],[2.38465,48.885147],[2.38465,48.885149],[2.38465,48.885151],[2.38465,48.885152],[2.38465,48.885154],[2.38465,48.885156],[2.38465,48.885157],[2.384651,48.885159],[2.384764,48.88518],[2.384763,48.885159],[2.384759,48.885099]]],[[[2.385106,48.885245],[2.38612,48.884885],[2.386241,48.88392],[2.385586,48.883295],[2.385289,48.883321],[2.385168,48.883814],[2.385876,48.884063],[2.385993,48.884838],[2.385566,48.884807],[2.385698,48.884246],[2.385176,48.884193],[2.38482,48.88511],[2.385106,48.885245]]],[[[2.383333,48.885268],[2.38344,48.885136],[2.383546,48.885168],[2.383622,48.885112],[2.383521,48.885094],[2.383521,48.885096],[2.383437,48.885081],[2.383411,48.885112],[2.383333,48.885097],[2.383242,48.885117],[2.383333,48.885268]]],[[[2.384371,48.885293],[2.383777,48.885214],[2.384213,48.885518],[2.384371,48.885293]]],[[[2.387181,48.88468],[2.385473,48.885315],[2.386785,48.885604],[2.387181,48.88468]]],[[[2.392109,48.885115],[2.390343,48.884502],[2.390016,48.885917],[2.390573,48.885764],[2.390873,48.884981],[2.392311,48.885552],[2.392437,48.88597],[2.3932,48.886098],[2.392109,48.885115]]],[[[2.394248,48.885574],[2.394282,48.885001],[2.393883,48.885082],[2.394072,48.886194],[2.394248,48.885574]]],[[[2.393136,48.886107],[2.393082,48.886102],[2.393081,48.886105],[2.393056,48.886227],[2.393246,48.886266],[2.393136,48.886107]]],[[[2.393575,48.88622],[2.393384,48.885982],[2.393001,48.885613],[2.393021,48.885604],[2.392886,48.885442],[2.39252,48.885198],[2.392098,48.884961],[2.392044,48.885004],[2.392114,48.885044],[2.392116,48.885064],[2.392131,48.885073],[2.392149,48.885083],[2.392163,48.885091],[2.392181,48.885102],[2.392199,48.885112],[2.392214,48.885121],[2.392236,48.885135],[2.392256,48.885147],[2.392273,48.885158],[2.392306,48.885179],[2.392326,48.885192],[2.392361,48.885215],[2.392381,48.885227],[2.392397,48.885238],[2.392417,48.885251],[2.392434,48.885263],[2.392448,48.885273],[2.392466,48.885285],[2.392485,48.885299],[2.392517,48.885322],[2.392549,48.885346],[2.392569,48.88536],[2.392579,48.885368],[2.392598,48.885383],[2.392615,48.885395],[2.392632,48.885409],[2.392649,48.885422],[2.392679,48.885446],[2.392696,48.88546],[2.392713,48.885473],[2.392742,48.885498],[2.392759,48.885512],[2.392775,48.885525],[2.392788,48.885536],[2.392803,48.885549],[2.392818,48.885563],[2.392834,48.885577],[2.392848,48.885589],[2.392862,48.885602],[2.392882,48.885619],[2.392892,48.885627],[2.392906,48.88564],[2.392918,48.885651],[2.39293,48.885646],[2.393255,48.886004],[2.393274,48.885997],[2.393309,48.886033],[2.393506,48.886319],[2.393517,48.88632],[2.393603,48.886256],[2.393575,48.88622]]],[[[2.386569,48.886216],[2.386695,48.885736],[2.384768,48.885368],[2.385195,48.886007],[2.385279,48.885745],[2.385276,48.886018],[2.386261,48.886161],[2.386302,48.886836],[2.386569,48.886216]]],[[[2.387459,48.886354],[2.387692,48.885849],[2.38692,48.885732],[2.386482,48.886825],[2.387019,48.886278],[2.387362,48.886338],[2.387197,48.887045],[2.387459,48.886354]]],[[[2.387534,48.886753],[2.388178,48.885922],[2.387768,48.885861],[2.387534,48.886753]]],[[[2.389883,48.887212],[2.390277,48.88725],[2.390543,48.88641],[2.390247,48.886213],[2.389446,48.887637],[2.389883,48.887212]]],[[[2.392556,48.888185],[2.393206,48.886618],[2.392895,48.886443],[2.392116,48.888254],[2.392556,48.888185]]],[[[2.392666,48.886577],[2.392304,48.886509],[2.391672,48.888079],[2.391937,48.88828],[2.392666,48.886577]]]],"type":"MultiPolygon"},"properties":{"id_projet":"ELEMENTAIRES (année scolaire 2023/2024)","libelle":"GOUBET (4) ELEM","zone_commune":0,"etiquette":"Secteur de l'école 4 RUE GOUBET","lib_etab_1":"GOUBET (4) ELEM","lib_etab_2":null,"lib_etab_3":null,"lib_etab_4":null,"adr_etab_1":"4 RUE GOUBET","adr_etab_2":null,"adr_etab_3":null,"adr_etab_4":null,"annee_scol":"2023-2024","st_area_shape":138502.3585641377,"st_perimeter_shape":10493.967311166238,"type_etabl":"Elémentaire","geo_point_2d":{"lon":2.3885452297049476,"lat":48.88500645693921}}},{"type":"Feature","geometry":{"coordinates":[[[[2.375733,48.892561],[2.376823,48.893362],[2.378678,48.892399],[2.37664,48.890904],[2.375307,48.892113],[2.375733,48.892561]]],[[[2.370633,48.897673],[2.370862,48.897305],[2.374216,48.896891],[2.371645,48.895869],[2.370642,48.89675],[2.370633,48.897673]]],[[[2.370412,48.894055],[2.372987,48.893274],[2.372516,48.892251],[2.370988,48.892706],[2.371354,48.89326],[2.370708,48.89345],[2.370863,48.893728],[2.370111,48.89399],[2.370412,48.894055]]],[[[2.372966,48.892741],[2.374196,48.892348],[2.374523,48.89252],[2.37489,48.892138],[2.373566,48.891203],[2.373766,48.891452],[2.372557,48.89184],[2.372966,48.892741]]],[[[2.375268,48.892415],[2.373617,48.893646],[2.376553,48.893463],[2.375268,48.892415]]],[[[2.370633,48.897673],[2.370611,48.898295],[2.371252,48.898004],[2.371271,48.897662],[2.377219,48.897708],[2.372707,48.897435],[2.370805,48.897449],[2.370633,48.897673]]],[[[2.372663,48.894291],[2.372991,48.893896],[2.370577,48.894581],[2.371758,48.895248],[2.372663,48.894291]]],[[[2.3724,48.893939],[2.373129,48.893743],[2.372985,48.893377],[2.370263,48.894185],[2.370521,48.894441],[2.3724,48.893939]]],[[[2.377887,48.893686],[2.37692,48.893521],[2.378517,48.894909],[2.378983,48.894266],[2.377887,48.893686]]],[[[2.375036,48.892],[2.376525,48.890702],[2.374833,48.8916],[2.374012,48.891123],[2.375036,48.892]]],[[[2.374801,48.894176],[2.375566,48.893711],[2.373507,48.893797],[2.374801,48.894176]]],[[[2.373381,48.893101],[2.374423,48.892554],[2.373049,48.892923],[2.373381,48.893101]]],[[[2.372453,48.891611],[2.373636,48.891404],[2.373484,48.891218],[2.372394,48.891415],[2.372453,48.891611]]],[[[2.373706,48.893259],[2.373985,48.892961],[2.373213,48.893279],[2.373377,48.893558],[2.373706,48.893259]]],[[[2.372073,48.892117],[2.37247,48.892151],[2.37233,48.891845],[2.371689,48.891971],[2.372073,48.892117]]],[[[2.382289,48.890364],[2.382355,48.89044],[2.382554,48.890267],[2.382551,48.890266],[2.382289,48.890364]]],[[[2.375397,48.889249],[2.3754,48.889252],[2.375681,48.889124],[2.375679,48.889121],[2.375397,48.889249]]]],"type":"MultiPolygon"},"properties":{"id_projet":"ELEMENTAIRES (année scolaire 2023/2024)","libelle":"G.OURCQ(105)A/(105B)B","zone_commune":1,"etiquette":"Secteur commun des écoles \n105 bis RUE DE L'OURCQ (ECOLE B) (A) \n105 bis RUE DE L'OURCQ (ECOLE B) (B","lib_etab_1":"OURCQ (105B) ELEM A","lib_etab_2":"OURCQ (105B) ELEM B","lib_etab_3":null,"lib_etab_4":null,"adr_etab_1":"105 bis RUE DE L'OURCQ (ECOLE B) (A)","adr_etab_2":"105 bis RUE DE L'OURCQ (ECOLE B) (B)","adr_etab_3":null,"adr_etab_4":null,"annee_scol":"2023-2024","st_area_shape":162892.6722921505,"st_perimeter_shape":7957.994928303144,"type_etabl":"Elémentaire","geo_point_2d":{"lon":2.374077807869102,"lat":48.89374738444218}}},{"type":"Feature","geometry":{"coordinates":[[[[2.391672,48.888079],[2.39254,48.886382],[2.390247,48.886213],[2.390543,48.88641],[2.390277,48.88725],[2.389889,48.887195],[2.389428,48.887667],[2.391132,48.888112],[2.391506,48.887158],[2.391789,48.887204],[2.391291,48.888154],[2.391874,48.888306],[2.391672,48.888079]]],[[[2.392074,48.882147],[2.390954,48.882056],[2.391101,48.882361],[2.392074,48.882147]]],[[[2.390687,48.88199],[2.390449,48.88192],[2.390455,48.88193],[2.390484,48.881988],[2.390516,48.882051],[2.390515,48.882052],[2.390732,48.882443],[2.390738,48.882441],[2.390912,48.882403],[2.390759,48.882128],[2.39084,48.882031],[2.390766,48.882013],[2.390687,48.88199]]],[[[2.390618,48.882468],[2.390572,48.882386],[2.390406,48.88242],[2.390449,48.882505],[2.390618,48.882468]]],[[[2.390265,48.882522],[2.388414,48.882045],[2.388095,48.882969],[2.390265,48.882522]]],[[[2.39586,48.883593],[2.395849,48.883591],[2.395733,48.883879],[2.395907,48.883855],[2.39586,48.883593]]],[[[2.396722,48.884026],[2.396594,48.88394],[2.395932,48.884028],[2.395799,48.884214],[2.395814,48.884242],[2.395943,48.884212],[2.396569,48.884062],[2.396722,48.884026]]],[[[2.391276,48.884219],[2.390258,48.883614],[2.390106,48.883781],[2.391276,48.884219]]],[[[2.393808,48.883751],[2.393094,48.883342],[2.391875,48.883904],[2.393607,48.884269],[2.393808,48.883751]]],[[[2.395385,48.884207],[2.394978,48.884132],[2.394868,48.884468],[2.395385,48.884207]]],[[[2.396648,48.884235],[2.396529,48.884216],[2.395944,48.884351],[2.395949,48.884364],[2.395903,48.884375],[2.395919,48.884407],[2.395905,48.88441],[2.395993,48.88457],[2.396645,48.884244],[2.396648,48.884235]]],[[[2.39296,48.884458],[2.392953,48.884241],[2.391441,48.884297],[2.392896,48.884688],[2.39296,48.884458]]],[[[2.395309,48.884719],[2.395573,48.884444],[2.394743,48.884723],[2.395309,48.884719]]],[[[2.394255,48.884832],[2.393168,48.884588],[2.393047,48.88426],[2.392952,48.884695],[2.394255,48.884832]]],[[[2.391604,48.884593],[2.391318,48.884479],[2.391248,48.884555],[2.391743,48.884753],[2.391974,48.884895],[2.392044,48.884836],[2.392034,48.88483],[2.392065,48.884804],[2.391956,48.884749],[2.391885,48.884715],[2.391759,48.884657],[2.391604,48.884593]]],[[[2.393888,48.885549],[2.393883,48.885082],[2.394213,48.88494],[2.392482,48.884796],[2.393958,48.886168],[2.393888,48.885549]]],[[[2.393727,48.886276],[2.392823,48.885278],[2.392098,48.884961],[2.393727,48.886276]]],[[[2.389372,48.887274],[2.388998,48.887553],[2.38929,48.887609],[2.389372,48.887274]]],[[[2.392974,48.888094],[2.393104,48.887755],[2.392839,48.887593],[2.392556,48.888185],[2.392065,48.888355],[2.393046,48.888612],[2.392974,48.888094]]],[[[2.394399,48.888511],[2.393294,48.888621],[2.394417,48.888967],[2.394399,48.888511]]],[[[2.39501,48.889122],[2.395175,48.888998],[2.394798,48.889059],[2.394886,48.888742],[2.394595,48.888689],[2.394434,48.888972],[2.39501,48.889122]]]],"type":"MultiPolygon"},"properties":{"id_projet":"ELEMENTAIRES (année scolaire 2024/2025)","libelle":"MANIN (40B) ELEM","zone_commune":0,"etiquette":"Secteur de l'école 40 bis RUE MANIN","lib_etab_1":"MANIN (40B) ELEM","lib_etab_2":null,"lib_etab_3":null,"lib_etab_4":null,"adr_etab_1":"40 bis RUE MANIN","adr_etab_2":null,"adr_etab_3":null,"adr_etab_4":null,"annee_scol":"2024-2025","st_area_shape":71997.17729788138,"st_perimeter_shape":5837.46479599929,"type_etabl":"Elémentaire","geo_point_2d":{"lon":2.391895026786115,"lat":48.885566013814646}}},{"type":"Feature","geometry":{"coordinates":[[[[2.389154,48.897348],[2.392167,48.896884],[2.394053,48.895393],[2.386955,48.891994],[2.387317,48.891082],[2.387642,48.891241],[2.387988,48.890923],[2.387097,48.890613],[2.386209,48.892059],[2.387205,48.892477],[2.38643,48.892739],[2.384328,48.896103],[2.385652,48.897329],[2.389154,48.897348]]],[[[2.383666,48.889559],[2.383216,48.889864],[2.383518,48.890011],[2.383666,48.889559]]],[[[2.384621,48.890542],[2.383822,48.889587],[2.383646,48.890133],[2.384621,48.890542]]],[[[2.38297,48.890472],[2.382686,48.890332],[2.382389,48.89059],[2.382412,48.890611],[2.382962,48.890499],[2.38297,48.890472]]],[[[2.385412,48.89056],[2.384968,48.890736],[2.386187,48.891284],[2.386226,48.890826],[2.385412,48.89056]]],[[[2.386495,48.891413],[2.386462,48.891389],[2.386376,48.891346],[2.386326,48.891396],[2.386323,48.891394],[2.386268,48.891448],[2.386355,48.891491],[2.386395,48.891511],[2.386495,48.891413]]],[[[2.384042,48.891005],[2.382556,48.891706],[2.383926,48.892814],[2.384499,48.89129],[2.384042,48.891005]]],[[[2.384993,48.891746],[2.384665,48.891371],[2.384074,48.892932],[2.385238,48.892379],[2.384993,48.891746]]],[[[2.381493,48.892117],[2.383665,48.890873],[2.383026,48.890595],[2.382174,48.890771],[2.379299,48.892296],[2.380125,48.892945],[2.381493,48.892117]]],[[[2.383924,48.893079],[2.383939,48.892985],[2.383857,48.893114],[2.383924,48.893079]]],[[[2.385214,48.89305],[2.385375,48.892443],[2.384242,48.893071],[2.38463,48.893381],[2.385214,48.89305]]],[[[2.385067,48.893287],[2.385034,48.893271],[2.384735,48.893439],[2.384732,48.893466],[2.384855,48.893566],[2.384894,48.893562],[2.385067,48.893287]]],[[[2.384415,48.893379],[2.384069,48.89314],[2.383438,48.893692],[2.3837,48.893907],[2.384415,48.893379]]],[[[2.38009,48.894107],[2.379972,48.894012],[2.379963,48.894017],[2.380088,48.894112],[2.38009,48.894107]]],[[[2.382724,48.893552],[2.383854,48.892928],[2.382364,48.891739],[2.38021,48.893015],[2.381758,48.894229],[2.382724,48.893552]]],[[[2.380269,48.894268],[2.380288,48.894238],[2.380261,48.894251],[2.380221,48.894214],[2.380269,48.894268]]],[[[2.38461,48.893561],[2.383786,48.893977],[2.384352,48.894341],[2.38461,48.893561]]],[[[2.382469,48.895196],[2.382106,48.894897],[2.383519,48.894009],[2.383375,48.893749],[2.381866,48.894309],[2.3823,48.894639],[2.381994,48.895089],[2.382469,48.895196]]],[[[2.383768,48.894132],[2.382553,48.894693],[2.383626,48.895597],[2.384248,48.8946],[2.383768,48.894132]]],[[[2.383235,48.895844],[2.38256,48.89531],[2.382568,48.89565],[2.383235,48.895844]]],[[[2.393607,48.89729],[2.394031,48.895882],[2.392694,48.897068],[2.393607,48.89729]]],[[[2.396289,48.896642],[2.396346,48.896252],[2.394979,48.895993],[2.394645,48.897347],[2.395882,48.897314],[2.396289,48.896642]]],[[[2.392492,48.89736],[2.391955,48.897329],[2.391251,48.897482],[2.39127,48.89755],[2.39142,48.897541],[2.392103,48.897501],[2.39236,48.897486],[2.392491,48.897409],[2.392492,48.89736]]],[[[2.390921,48.898266],[2.390509,48.897594],[2.385973,48.897704],[2.387382,48.898594],[2.390921,48.898266]]]],"type":"MultiPolygon"},"properties":{"id_projet":"ELEMENTAIRES (année scolaire 2024/2025)","libelle":"G.BARBANEGRE(7)A/B","zone_commune":1,"etiquette":"Secteur commun des écoles \n7 RUE BARBAN�GRE (A) \n7 RUE BARBAN�GRE (B)","lib_etab_1":"BARBANEGRE (7) ELEM B","lib_etab_2":"BARBANEGRE (7) ELEM A","lib_etab_3":null,"lib_etab_4":null,"adr_etab_1":"7 RUE BARBAN�GRE (A)","adr_etab_2":"7 RUE BARBAN�GRE (B)","adr_etab_3":null,"adr_etab_4":null,"annee_scol":"2024-2025","st_area_shape":431837.0285068161,"st_perimeter_shape":10053.965657367207,"type_etabl":"Elémentaire","geo_point_2d":{"lon":2.387216263165485,"lat":48.894678070733235}}},{"type":"Feature","geometry":{"coordinates":[[[[2.380478,48.891533],[2.382048,48.890696],[2.382081,48.89003],[2.380959,48.889474],[2.377769,48.891089],[2.379154,48.89221],[2.380478,48.891533]]],[[[2.375301,48.888241],[2.377087,48.888005],[2.376197,48.887955],[2.375789,48.887562],[2.374346,48.888061],[2.375301,48.888241]]],[[[2.378773,48.88886],[2.378768,48.88884],[2.378678,48.888795],[2.378633,48.888837],[2.37862,48.888849],[2.378611,48.888844],[2.378549,48.8889],[2.378563,48.888907],[2.378555,48.888914],[2.378659,48.88896],[2.378773,48.88886]]],[[[2.380339,48.88917],[2.379758,48.888903],[2.379207,48.88938],[2.379715,48.889634],[2.380339,48.88917]]],[[[2.378169,48.888716],[2.37728,48.888109],[2.374461,48.888375],[2.375284,48.888502],[2.375685,48.888908],[2.376206,48.888659],[2.376449,48.888918],[2.376012,48.889733],[2.378169,48.888716]]],[[[2.377311,48.890114],[2.378545,48.889036],[2.378295,48.888788],[2.376159,48.889819],[2.376875,48.890415],[2.377311,48.890114]]],[[[2.382421,48.8902],[2.382276,48.890128],[2.38224,48.89014],[2.382221,48.890514],[2.38226,48.890523],[2.382355,48.89044],[2.382289,48.890364],[2.382551,48.890266],[2.382489,48.890234],[2.382421,48.8902]]],[[[2.378434,48.890611],[2.379093,48.890271],[2.37882,48.890067],[2.379207,48.890183],[2.379801,48.889811],[2.378818,48.88932],[2.378577,48.889472],[2.37855,48.88921],[2.378163,48.88955],[2.378731,48.889869],[2.377975,48.889691],[2.37746,48.890161],[2.378158,48.890732],[2.378434,48.890611]]],[[[2.377897,48.89058],[2.377423,48.890211],[2.377652,48.890484],[2.37705,48.890519],[2.377623,48.891004],[2.378086,48.890787],[2.377897,48.89058]]]],"type":"MultiPolygon"},"properties":{"id_projet":"4907","libelle":"JOMARD (9) ELEM","zone_commune":0,"etiquette":"Secteur de l'école 9 RUE JOMARD","lib_etab_1":"JOMARD (9) ELEM","lib_etab_2":null,"lib_etab_3":null,"lib_etab_4":null,"adr_etab_1":"9 RUE JOMARD","adr_etab_2":null,"adr_etab_3":null,"adr_etab_4":null,"annee_scol":"2025-2026","st_area_shape":105092.36612798362,"st_perimeter_shape":4255.955351006293,"type_etabl":"Elémentaire","geo_point_2d":{"lon":2.3786207315693666,"lat":48.88996768743633}}},{"type":"Feature","geometry":{"coordinates":[[[[2.391372,48.885262],[2.390873,48.884981],[2.390573,48.885764],[2.390134,48.886026],[2.393045,48.886283],[2.393092,48.886053],[2.392437,48.88597],[2.392311,48.885552],[2.391372,48.885262]]],[[[2.390954,48.882863],[2.391273,48.882836],[2.391216,48.882528],[2.390258,48.882734],[2.390954,48.882863]]],[[[2.385942,48.880067],[2.385543,48.883011],[2.385939,48.882665],[2.386165,48.880989],[2.386531,48.8804],[2.385942,48.880067]]],[[[2.387928,48.8829],[2.388336,48.881697],[2.387136,48.882219],[2.38721,48.882862],[2.385978,48.882876],[2.387805,48.88312],[2.387928,48.8829]]],[[[2.389621,48.883204],[2.389341,48.882934],[2.388379,48.883146],[2.389738,48.883633],[2.389904,48.88346],[2.389621,48.883204]]],[[[2.391698,48.883813],[2.392044,48.883435],[2.391612,48.883573],[2.389607,48.882883],[2.391698,48.883813]]],[[[2.395469,48.883833],[2.395424,48.883517],[2.394943,48.883811],[2.395469,48.883833]]],[[[2.392386,48.883817],[2.393041,48.883363],[2.392549,48.883165],[2.391852,48.883855],[2.392386,48.883817]]],[[[2.385258,48.883169],[2.382848,48.882656],[2.383585,48.883118],[2.383462,48.883457],[2.38443,48.883893],[2.385258,48.883169]]],[[[2.3851,48.883937],[2.385289,48.883321],[2.384735,48.883813],[2.3851,48.883937]]],[[[2.3875,48.883439],[2.385968,48.883271],[2.38747,48.884068],[2.387728,48.883482],[2.3875,48.883439]]],[[[2.389479,48.883958],[2.389545,48.883766],[2.388011,48.883319],[2.387668,48.884017],[2.389479,48.883958]]],[[[2.389925,48.883916],[2.38959,48.884157],[2.390223,48.884065],[2.389925,48.883916]]],[[[2.391555,48.883955],[2.391215,48.883998],[2.391276,48.884219],[2.391555,48.883955]]],[[[2.395338,48.88405],[2.394863,48.883983],[2.39486,48.88399],[2.39498,48.884125],[2.394978,48.884132],[2.395385,48.884207],[2.395499,48.88426],[2.395531,48.884253],[2.395458,48.884119],[2.395338,48.88405]]],[[[2.391835,48.88423],[2.391756,48.883991],[2.391433,48.884272],[2.391835,48.88423]]],[[[2.390733,48.884243],[2.390664,48.884215],[2.390613,48.884223],[2.390634,48.884334],[2.391237,48.884567],[2.391318,48.884479],[2.39128,48.884462],[2.390839,48.884285],[2.390733,48.884243]]],[[[2.395458,48.885362],[2.395706,48.885118],[2.395607,48.884445],[2.395309,48.884719],[2.395458,48.885362]]],[[[2.395154,48.885648],[2.395254,48.885555],[2.394882,48.885564],[2.394911,48.88569],[2.39502,48.885692],[2.395154,48.885648]]],[[[2.395037,48.885891],[2.394862,48.886113],[2.395109,48.886227],[2.395037,48.885891]]]],"type":"MultiPolygon"},"properties":{"id_projet":"4907","libelle":"MANIN (30) ELEM B","zone_commune":0,"etiquette":"Secteur de l'école 30 RUE MANIN","lib_etab_1":"MANIN (30) ELEM B","lib_etab_2":null,"lib_etab_3":null,"lib_etab_4":null,"adr_etab_1":"30 RUE MANIN","adr_etab_2":null,"adr_etab_3":null,"adr_etab_4":null,"annee_scol":"2025-2026","st_area_shape":77761.94899916375,"st_perimeter_shape":5836.542168647697,"type_etabl":"Elémentaire","geo_point_2d":{"lon":2.388655096776001,"lat":48.88359223837582}}},{"type":"Feature","geometry":{"coordinates":[[[[2.385069,48.889928],[2.386624,48.887249],[2.385957,48.887499],[2.385678,48.888022],[2.385238,48.887901],[2.385462,48.887545],[2.384926,48.887374],[2.384836,48.886933],[2.383832,48.889338],[2.385069,48.889928]]],[[[2.383686,48.889499],[2.38365,48.889486],[2.383606,48.889524],[2.383666,48.889559],[2.383686,48.889499]]],[[[2.380021,48.884867],[2.379961,48.884756],[2.379959,48.884757],[2.379942,48.884762],[2.37985,48.88486],[2.379859,48.884879],[2.380021,48.884867]]],[[[2.379432,48.88487],[2.379429,48.884861],[2.379196,48.884871],[2.379208,48.884875],[2.379248,48.884886],[2.379281,48.885008],[2.379315,48.885],[2.379375,48.884934],[2.379392,48.884915],[2.379432,48.88487]]],[[[2.379886,48.885101],[2.379768,48.884981],[2.379738,48.884986],[2.37965,48.885083],[2.379664,48.885109],[2.379672,48.885111],[2.379674,48.885112],[2.379884,48.885105],[2.379885,48.885103],[2.379886,48.885101]]],[[[2.38483,48.889994],[2.384803,48.889982],[2.384792,48.890338],[2.384884,48.890202],[2.384948,48.890107],[2.38492,48.890039],[2.38483,48.889994]]],[[[2.384309,48.884564],[2.384276,48.884563],[2.384244,48.884894],[2.384282,48.884906],[2.384359,48.884929],[2.384306,48.885001],[2.384469,48.885073],[2.384484,48.885065],[2.384469,48.884973],[2.384442,48.884867],[2.384416,48.884788],[2.384375,48.884694],[2.384346,48.884632],[2.384309,48.884564]]],[[[2.384448,48.884404],[2.384377,48.884313],[2.38432,48.884393],[2.384443,48.884534],[2.384456,48.884548],[2.384457,48.88455],[2.384459,48.884551],[2.38446,48.884553],[2.384462,48.884555],[2.384463,48.884557],[2.384465,48.884559],[2.384466,48.88456],[2.384468,48.884562],[2.384469,48.884564],[2.384471,48.884566],[2.384472,48.884568],[2.384474,48.88457],[2.384475,48.884572],[2.384477,48.884574],[2.384478,48.884576],[2.38448,48.884578],[2.384482,48.88458],[2.384483,48.884583],[2.384485,48.884585],[2.384487,48.884587],[2.384489,48.88459],[2.384491,48.884593],[2.384492,48.884595],[2.384494,48.884598],[2.384496,48.8846],[2.384497,48.884602],[2.384499,48.884604],[2.3845,48.884607],[2.384502,48.884609],[2.384503,48.884611],[2.384505,48.884613],[2.384506,48.884615],[2.384508,48.884617],[2.384509,48.884619],[2.384511,48.884622],[2.384512,48.884624],[2.384514,48.884627],[2.384515,48.884629],[2.384517,48.884632],[2.384519,48.884635],[2.38452,48.884638],[2.384522,48.884642],[2.384525,48.884646],[2.384527,48.88465],[2.384529,48.884653],[2.384531,48.884657],[2.384532,48.88466],[2.384534,48.884664],[2.384536,48.884667],[2.384538,48.88467],[2.384539,48.884673],[2.384541,48.884676],[2.384542,48.884679],[2.384545,48.884685],[2.384547,48.884688],[2.384548,48.884691],[2.38455,48.884693],[2.384551,48.884696],[2.384552,48.884699],[2.384554,48.884702],[2.384555,48.884705],[2.384556,48.884708],[2.384558,48.884711],[2.384559,48.884714],[2.384561,48.884717],[2.384562,48.884721],[2.384564,48.884724],[2.384565,48.884727],[2.384566,48.884731],[2.384568,48.884734],[2.384569,48.884738],[2.384571,48.884741],[2.384572,48.884745],[2.384574,48.884748],[2.384575,48.884752],[2.384576,48.884756],[2.384578,48.88476],[2.384579,48.884764],[2.384581,48.884768],[2.384582,48.884772],[2.384584,48.884776],[2.384585,48.88478],[2.384587,48.884787],[2.38459,48.884793],[2.384592,48.884799],[2.384594,48.884805],[2.384596,48.884811],[2.384597,48.884816],[2.384599,48.884821],[2.384601,48.884827],[2.384603,48.884832],[2.384604,48.884837],[2.384606,48.884842],[2.384607,48.884847],[2.384609,48.884852],[2.384611,48.884857],[2.384612,48.884863],[2.384613,48.884868],[2.384615,48.884874],[2.384617,48.88488],[2.384618,48.884886],[2.38462,48.884893],[2.384621,48.884899],[2.384622,48.884905],[2.384623,48.88491],[2.384624,48.884915],[2.384625,48.88492],[2.384626,48.884925],[2.384627,48.884929],[2.384628,48.884934],[2.384629,48.884938],[2.38463,48.884943],[2.384631,48.884947],[2.384632,48.884951],[2.384632,48.884955],[2.384633,48.88496],[2.384634,48.884964],[2.384635,48.884968],[2.384635,48.884972],[2.384636,48.884976],[2.384637,48.884984],[2.384638,48.884988],[2.384639,48.884993],[2.38464,48.884996],[2.38464,48.885],[2.384641,48.885004],[2.384641,48.885007],[2.384642,48.885011],[2.384643,48.885015],[2.384643,48.885019],[2.384644,48.885023],[2.384644,48.885026],[2.384645,48.88503],[2.384645,48.885034],[2.384646,48.885038],[2.384646,48.885042],[2.384647,48.885046],[2.384647,48.88505],[2.384647,48.885054],[2.384648,48.885058],[2.384648,48.885062],[2.384648,48.885066],[2.384648,48.88507],[2.384648,48.885074],[2.384649,48.885077],[2.384649,48.885079],[2.384649,48.885081],[2.384756,48.885072],[2.384753,48.885039],[2.384738,48.884969],[2.384721,48.884899],[2.384704,48.88483],[2.38468,48.884756],[2.384657,48.884697],[2.384641,48.884658],[2.3846,48.884574],[2.384594,48.884562],[2.384548,48.884553],[2.384488,48.88446],[2.384469,48.884431],[2.384448,48.884404]]],[[[2.380391,48.88818],[2.380125,48.888048],[2.380007,48.887988],[2.379967,48.887993],[2.379964,48.887995],[2.380028,48.888131],[2.380027,48.888132],[2.379977,48.888175],[2.379921,48.888148],[2.379843,48.888191],[2.380023,48.88828],[2.380186,48.888362],[2.380391,48.88818]]],[[[2.383514,48.889426],[2.382749,48.88969],[2.383046,48.889835],[2.383514,48.889426]]],[[[2.38102,48.888493],[2.380499,48.888234],[2.380295,48.888415],[2.38102,48.888493]]],[[[2.38115,48.887761],[2.381254,48.887513],[2.380438,48.887573],[2.380979,48.887998],[2.38115,48.887761]]],[[[2.380409,48.887699],[2.380062,48.887904],[2.381226,48.888344],[2.380409,48.887699]]],[[[2.384112,48.889649],[2.384621,48.890542],[2.384668,48.889919],[2.384112,48.889649]]],[[[2.375955,48.885726],[2.377042,48.884808],[2.376832,48.884717],[2.375702,48.885706],[2.375955,48.885726]]],[[[2.384513,48.885656],[2.384502,48.88536],[2.384035,48.885462],[2.383974,48.885956],[2.384497,48.88635],[2.384513,48.885656]]],[[[2.382166,48.887862],[2.381461,48.887675],[2.381069,48.888066],[2.381676,48.888391],[2.382166,48.887862]]],[[[2.380544,48.884394],[2.381491,48.883717],[2.381254,48.883353],[2.380098,48.884591],[2.380544,48.884394]]],[[[2.386494,48.890563],[2.385192,48.890137],[2.38492,48.890666],[2.385254,48.890499],[2.386226,48.890826],[2.386187,48.891284],[2.386802,48.890723],[2.386494,48.890563]]],[[[2.380538,48.883651],[2.381447,48.882649],[2.380732,48.882864],[2.379357,48.88433],[2.379674,48.884603],[2.380538,48.883651]]],[[[2.384325,48.887572],[2.382533,48.887061],[2.382237,48.88746],[2.384199,48.888176],[2.384325,48.887572]]],[[[2.381839,48.888569],[2.381329,48.888402],[2.38101,48.88877],[2.382636,48.889579],[2.383432,48.889301],[2.381839,48.888569]]],[[[2.383672,48.889206],[2.384218,48.888304],[2.382446,48.887735],[2.381855,48.88841],[2.383672,48.889206]]]],"type":"MultiPolygon"},"properties":{"id_projet":"4913","libelle":"TANDOU (9) ELEM","zone_commune":0,"etiquette":"Secteur de l'école 9 TANDOU (9) ELEM","lib_etab_1":"TANDOU (9) ELEM","lib_etab_2":null,"lib_etab_3":null,"lib_etab_4":null,"adr_etab_1":"9 TANDOU (9) ELEM","adr_etab_2":null,"adr_etab_3":null,"adr_etab_4":null,"annee_scol":"2026-2027","st_area_shape":101125.12774244961,"st_perimeter_shape":6527.744353725091,"type_etabl":"Elémentaire","geo_point_2d":{"lon":2.383202000212396,"lat":48.88785033363486}}},{"type":"Feature","geometry":{"coordinates":[[[[2.407738,48.878524],[2.407966,48.877893],[2.40745,48.877605],[2.406658,48.878465],[2.40678,48.878258],[2.406135,48.877956],[2.402257,48.8787],[2.401666,48.879874],[2.401745,48.880797],[2.402103,48.881376],[2.40561,48.880128],[2.407738,48.878524]]],[[[2.399639,48.87666],[2.399107,48.875632],[2.398017,48.875562],[2.398419,48.8757],[2.398699,48.876597],[2.399639,48.87666]]],[[[2.402231,48.87645],[2.402406,48.876039],[2.399354,48.875708],[2.399885,48.876769],[2.40206,48.876882],[2.402231,48.87645]],[[2.400251,48.876366],[2.400117,48.876363],[2.399989,48.876361],[2.399918,48.876361],[2.399919,48.876363],[2.39991,48.876362],[2.399909,48.876356],[2.399888,48.876351],[2.399861,48.876347],[2.399809,48.876343],[2.399806,48.876335],[2.399796,48.876335],[2.399797,48.876315],[2.39981,48.876316],[2.399814,48.876313],[2.399841,48.876314],[2.399841,48.876312],[2.399841,48.876311],[2.399922,48.876314],[2.399924,48.876326],[2.399925,48.876338],[2.400165,48.876344],[2.400246,48.876336],[2.400247,48.876319],[2.400298,48.876319],[2.400316,48.876286],[2.40032,48.876287],[2.400319,48.876288],[2.400537,48.876311],[2.400545,48.876286],[2.400634,48.876298],[2.40062,48.876353],[2.400603,48.876348],[2.400571,48.876346],[2.400557,48.876347],[2.400554,48.876356],[2.400339,48.876333],[2.400331,48.876367],[2.400305,48.876367],[2.400273,48.876367],[2.400251,48.876366]]],[[[2.401894,48.877209],[2.402028,48.876909],[2.399886,48.876823],[2.400205,48.877379],[2.401749,48.877488],[2.401894,48.877209]]],[[[2.404239,48.877034],[2.40512,48.876813],[2.40261,48.876082],[2.402385,48.876543],[2.402818,48.876641],[2.402373,48.876555],[2.40195,48.877479],[2.404239,48.877034]]],[[[2.406331,48.877247],[2.405999,48.877126],[2.405735,48.877653],[2.406331,48.877247]]],[[[2.405634,48.877686],[2.405931,48.877089],[2.405464,48.876984],[2.403497,48.877304],[2.405634,48.877686]]],[[[2.401579,48.877574],[2.400429,48.877494],[2.400373,48.877803],[2.401651,48.877961],[2.401579,48.877574]]],[[[2.407148,48.877497],[2.406283,48.877896],[2.406537,48.878052],[2.407148,48.877497]]],[[[2.40007,48.878428],[2.400252,48.877494],[2.39962,48.876721],[2.398413,48.878238],[2.399076,48.877635],[2.398655,48.878234],[2.40007,48.878428]]],[[[2.402657,48.87825],[2.40507,48.87772],[2.403205,48.877367],[2.401995,48.877598],[2.401742,48.878462],[2.402657,48.87825]]],[[[2.401338,48.878674],[2.401634,48.87805],[2.400369,48.877912],[2.400202,48.878521],[2.401338,48.878674]]],[[[2.400849,48.878956],[2.401115,48.878746],[2.400183,48.878628],[2.399883,48.879386],[2.400849,48.878956]]],[[[2.399863,48.878544],[2.398122,48.878396],[2.398965,48.879007],[2.399492,48.879024],[2.399538,48.879508],[2.399863,48.878544]]],[[[2.40029,48.879469],[2.399816,48.879641],[2.400165,48.880032],[2.400599,48.879738],[2.40029,48.879469]]],[[[2.407723,48.880225],[2.408096,48.880204],[2.408063,48.879846],[2.407416,48.880128],[2.407723,48.880225]]],[[[2.409617,48.878308],[2.408485,48.879679],[2.408499,48.880435],[2.409345,48.880263],[2.410683,48.878615],[2.409617,48.878308]]],[[[2.399638,48.879794],[2.39886,48.880193],[2.399969,48.880512],[2.400132,48.880228],[2.399638,48.879794]]],[[[2.407844,48.880365],[2.407167,48.880708],[2.408216,48.880493],[2.407844,48.880365]]],[[[2.406972,48.880646],[2.406885,48.880602],[2.40673,48.880645],[2.405888,48.880877],[2.405943,48.880958],[2.406697,48.880804],[2.406948,48.880752],[2.406972,48.880646]]],[[[2.399058,48.880416],[2.398585,48.880305],[2.397303,48.881141],[2.397569,48.881405],[2.399058,48.880416]]]],"type":"MultiPolygon"},"properties":{"id_projet":"ELEMENTAIRES (année scolaire 2023/2024)","libelle":"G.ROMAINVILLE(57)A/(59)B","zone_commune":1,"etiquette":"Secteur commun des écoles \n59 RUE DE ROMAINVILLE \n57 RUE DE ROMAINVILLE","lib_etab_1":"ROMAINVILLE (59) ELEM B","lib_etab_2":"ROMAINVILLE (57) ELEM A","lib_etab_3":null,"lib_etab_4":null,"adr_etab_1":"59 RUE DE ROMAINVILLE","adr_etab_2":"57 RUE DE ROMAINVILLE","adr_etab_3":null,"adr_etab_4":null,"annee_scol":"2023-2024","st_area_shape":248950.509030893,"st_perimeter_shape":9333.698719883496,"type_etabl":"Elémentaire","geo_point_2d":{"lon":2.403288805311574,"lat":48.87852799464659}}},{"type":"Feature","geometry":{"coordinates":[[[[2.39492,48.889668],[2.388258,48.892646],[2.393897,48.895341],[2.39506,48.891052],[2.395273,48.889854],[2.39492,48.889668]]],[[[2.403003,48.877414],[2.403006,48.877409],[2.402832,48.877445],[2.402834,48.877448],[2.403003,48.877414]]],[[[2.397083,48.88313],[2.40029,48.882241],[2.400436,48.881771],[2.399785,48.880671],[2.399228,48.880476],[2.397243,48.881628],[2.39648,48.883006],[2.396967,48.883092],[2.396913,48.88346],[2.397083,48.88313]]],[[[2.399491,48.883445],[2.400972,48.882226],[2.401067,48.881174],[2.40022,48.880973],[2.400836,48.881794],[2.400468,48.882492],[2.398014,48.883063],[2.397375,48.883493],[2.398516,48.883782],[2.399339,48.883376],[2.39897,48.883861],[2.399491,48.883445]]],[[[2.396801,48.883823],[2.396767,48.883786],[2.396614,48.883953],[2.396722,48.884026],[2.396726,48.884025],[2.396801,48.883823]]],[[[2.395926,48.884036],[2.395733,48.883879],[2.395799,48.884214],[2.395926,48.884036]]],[[[2.397676,48.883914],[2.397197,48.883897],[2.397065,48.884242],[2.397948,48.884064],[2.397676,48.883914]]],[[[2.39498,48.884125],[2.39486,48.88399],[2.394719,48.884418],[2.394761,48.884493],[2.394868,48.884468],[2.394882,48.884424],[2.39498,48.884125]]],[[[2.400109,48.883812],[2.399068,48.884715],[2.399552,48.884811],[2.400109,48.883812]]],[[[2.386464,48.884763],[2.386452,48.884761],[2.386451,48.884768],[2.386464,48.884763]]],[[[2.385975,48.884834],[2.385973,48.884834],[2.385942,48.884845],[2.385985,48.88485],[2.385993,48.884838],[2.385975,48.884834]]],[[[2.38482,48.885144],[2.384813,48.885144],[2.384815,48.88519],[2.38482,48.885191],[2.38482,48.885144]]],[[[2.395244,48.885295],[2.395312,48.884719],[2.39476,48.884746],[2.394681,48.885035],[2.395244,48.885295]]],[[[2.394727,48.885221],[2.394514,48.885679],[2.39528,48.885531],[2.394727,48.885221]]],[[[2.396371,48.88527],[2.396645,48.884244],[2.395993,48.88457],[2.395666,48.885491],[2.396303,48.885736],[2.396371,48.88527]]],[[[2.398341,48.885859],[2.39921,48.88585],[2.399468,48.88496],[2.398814,48.884847],[2.398183,48.885612],[2.398341,48.885859]]],[[[2.398901,48.883904],[2.397079,48.884543],[2.396866,48.886034],[2.398901,48.883904]]],[[[2.395377,48.886205],[2.396274,48.885937],[2.395557,48.885605],[2.395377,48.886205]]],[[[2.394833,48.88587],[2.394502,48.885857],[2.39448,48.886211],[2.395093,48.886229],[2.394833,48.88587]]],[[[2.393246,48.886266],[2.393056,48.886227],[2.393051,48.886251],[2.393045,48.88628],[2.39327,48.886301],[2.393246,48.886266]]],[[[2.393736,48.886299],[2.393617,48.886245],[2.393517,48.88632],[2.393727,48.886339],[2.39373,48.886333],[2.393732,48.886326],[2.393734,48.886318],[2.393736,48.88631],[2.393736,48.886304],[2.393736,48.886299]]],[[[2.399208,48.886128],[2.399209,48.88598],[2.399109,48.885988],[2.39904,48.885999],[2.399019,48.886026],[2.399071,48.886168],[2.399122,48.886304],[2.399135,48.886338],[2.399143,48.886358],[2.39917,48.886434],[2.399205,48.886523],[2.399206,48.886347],[2.399207,48.886289],[2.399207,48.886285],[2.399207,48.886239],[2.399208,48.886128]]],[[[2.398291,48.887723],[2.399196,48.887579],[2.398824,48.88603],[2.398297,48.886103],[2.398291,48.887723]]],[[[2.395705,48.888037],[2.396158,48.886481],[2.394456,48.886613],[2.395705,48.888037]]],[[[2.399191,48.888229],[2.399195,48.887671],[2.398186,48.887831],[2.398095,48.888421],[2.399191,48.888229]]],[[[2.393128,48.886435],[2.392895,48.886443],[2.393206,48.886618],[2.392839,48.887593],[2.393104,48.887755],[2.393088,48.888597],[2.393657,48.887197],[2.393128,48.886435]]],[[[2.394933,48.889092],[2.395396,48.888898],[2.395518,48.888462],[2.393991,48.886755],[2.394824,48.888514],[2.393808,48.887289],[2.393353,48.888461],[2.394399,48.888511],[2.394417,48.888967],[2.394741,48.888673],[2.394933,48.889092]],[[2.394961,48.888638],[2.394963,48.888622],[2.395243,48.888653],[2.394958,48.888659],[2.394961,48.888638]]],[[[2.398585,48.888777],[2.398556,48.888539],[2.398079,48.888593],[2.398014,48.889356],[2.39866,48.88941],[2.398585,48.888777]]],[[[2.398012,48.8862],[2.397636,48.886189],[2.396931,48.888742],[2.397331,48.889453],[2.397744,48.889313],[2.398012,48.8862]]],[[[2.397983,48.889564],[2.397733,48.88984],[2.398844,48.890128],[2.398941,48.889598],[2.397983,48.889564]]],[[[2.397212,48.890242],[2.396324,48.890949],[2.395297,48.895139],[2.397046,48.895382],[2.39759,48.894625],[2.398253,48.891275],[2.397884,48.890443],[2.397212,48.890242]]]],"type":"MultiPolygon"},"properties":{"id_projet":"ELEMENTAIRES (année scolaire 2023/2024)","libelle":"CHEMINETS (16) ELEM","zone_commune":0,"etiquette":"Secteur de l'école 16 RUE DES CHEMINETS","lib_etab_1":"CHEMINETS (16) ELEM","lib_etab_2":null,"lib_etab_3":null,"lib_etab_4":null,"adr_etab_1":"16 RUE DES CHEMINETS","adr_etab_2":null,"adr_etab_3":null,"adr_etab_4":null,"annee_scol":"2023-2024","st_area_shape":413762.4337667966,"st_perimeter_shape":12689.934527008118,"type_etabl":"Elémentaire","geo_point_2d":{"lon":2.395520055731345,"lat":48.88939124393978}}},{"type":"Feature","geometry":{"coordinates":[[[2.376185,48.89854],[2.37124,48.898252],[2.37123,48.89846],[2.376185,48.89854]]],"type":"Polygon"},"properties":{"id_projet":"ELEMENTAIRES (année scolaire 2020/2021)","libelle":"Z. BOLLAERT(53)/MACDONALD(141)","zone_commune":1,"etiquette":"Secteur commun des écoles \n53 RUE EMILE BOLLAERT \n141 BD MACDONALD","lib_etab_1":"EMILE BOLLAERT (53) POLY","lib_etab_2":"MACDONALD (141) POLY","lib_etab_3":null,"lib_etab_4":null,"adr_etab_1":"53 RUE EMILE BOLLAERT","adr_etab_2":"141 BD MACDONALD","adr_etab_3":null,"adr_etab_4":null,"annee_scol":"2020-2021","st_area_shape":7688.50609571474,"st_perimeter_shape":795.9777596163481,"type_etabl":null,"geo_point_2d":{"lon":2.3736083044285365,"lat":48.8984116495617}}},{"type":"Feature","geometry":{"coordinates":[[[[2.376782,48.893578],[2.37613,48.893601],[2.37426,48.894626],[2.376313,48.896321],[2.378933,48.89586],[2.37889,48.895503],[2.376782,48.893578]]],[[[2.381209,48.894332],[2.380479,48.894062],[2.380582,48.893872],[2.378926,48.892595],[2.376937,48.893489],[2.378983,48.894266],[2.378517,48.894909],[2.379247,48.895545],[2.381209,48.894332]],[[2.379963,48.894017],[2.379972,48.894012],[2.38009,48.894107],[2.380088,48.894112],[2.379963,48.894017]],[[2.380269,48.894268],[2.380221,48.894214],[2.380261,48.894251],[2.380288,48.894238],[2.380269,48.894268]]],[[[2.379584,48.896308],[2.383073,48.896292],[2.38321,48.896057],[2.380052,48.896051],[2.381345,48.895875],[2.382463,48.895223],[2.381392,48.894551],[2.379453,48.895661],[2.379942,48.895934],[2.376822,48.896727],[2.376994,48.897152],[2.37741,48.897224],[2.376994,48.896893],[2.379584,48.896308]]],[[[2.37351,48.894133],[2.372308,48.895276],[2.375815,48.896197],[2.37351,48.894133]]],[[[2.376443,48.896739],[2.376616,48.896723],[2.376717,48.896716],[2.376361,48.896644],[2.373976,48.896165],[2.373884,48.896144],[2.373847,48.896134],[2.373795,48.89612],[2.373723,48.896097],[2.371902,48.895438],[2.371835,48.89551],[2.371937,48.895565],[2.372508,48.895781],[2.373071,48.895974],[2.37364,48.896168],[2.373891,48.896232],[2.376383,48.896729],[2.37642,48.896737],[2.376428,48.896736],[2.376443,48.896739]]],[[[2.374618,48.894341],[2.375626,48.893763],[2.3751,48.893769],[2.374556,48.894298],[2.373497,48.893811],[2.3742,48.89456],[2.374618,48.894341]]],[[[2.383286,48.89593],[2.382568,48.89565],[2.38256,48.89531],[2.381753,48.89578],[2.383286,48.89593]]]],"type":"MultiPolygon"},"properties":{"id_projet":"ELEMENTAIRES (année scolaire 2020/2021)","libelle":"G.COLETTE MAGNY (17)/(19)","zone_commune":1,"etiquette":"Secteur commun des écoles \n84 RUE CURIAL (A) \n84 RUE CURIAL (B)","lib_etab_1":"COLETTE MAGNY (15) ELEM","lib_etab_2":"COLETTE MAGNY (17) ELEM","lib_etab_3":null,"lib_etab_4":null,"adr_etab_1":"84 RUE CURIAL (A)","adr_etab_2":"84 RUE CURIAL (B)","adr_etab_3":null,"adr_etab_4":null,"annee_scol":"2020-2021","st_area_shape":171764.88562674748,"st_perimeter_shape":6059.354669272971,"type_etabl":null,"geo_point_2d":{"lon":2.3776298650298404,"lat":48.89495884766757}}},{"type":"Feature","geometry":{"coordinates":[[[[2.374765,48.876482],[2.376745,48.876306],[2.376072,48.874735],[2.375307,48.874064],[2.373818,48.875212],[2.374365,48.876337],[2.374765,48.876482]]],[[[2.373145,48.877933],[2.373939,48.877843],[2.373728,48.877738],[2.374022,48.877173],[2.37326,48.876567],[2.37278,48.876807],[2.372237,48.876598],[2.370892,48.877763],[2.371308,48.877823],[2.372436,48.877028],[2.373145,48.877933]]],[[[2.374192,48.877526],[2.376458,48.876667],[2.378203,48.876613],[2.375398,48.876486],[2.374568,48.876873],[2.374192,48.877526]]],[[[2.373642,48.876626],[2.374131,48.876941],[2.374216,48.876584],[2.373727,48.875359],[2.372373,48.876477],[2.373642,48.876626]]],[[[2.376791,48.875143],[2.376881,48.875344],[2.376537,48.875426],[2.376925,48.876334],[2.378088,48.876362],[2.378034,48.875661],[2.378312,48.875328],[2.377962,48.875548],[2.377958,48.876125],[2.377442,48.875927],[2.377613,48.875252],[2.376791,48.875143]]],[[[2.378032,48.877734],[2.37719,48.87812],[2.37775,48.878163],[2.378138,48.878753],[2.378032,48.877734]]],[[[2.377992,48.877699],[2.379131,48.87647],[2.37825,48.876533],[2.378519,48.876821],[2.377992,48.877699]]],[[[2.380707,48.876035],[2.381235,48.875863],[2.380756,48.875753],[2.379637,48.876028],[2.380707,48.876035]]],[[[2.378266,48.876351],[2.379443,48.876222],[2.378796,48.876005],[2.378266,48.876351]]],[[[2.374581,48.876446],[2.374541,48.876439],[2.374408,48.876488],[2.37442,48.876502],[2.374381,48.876536],[2.37438,48.876572],[2.374377,48.876616],[2.374366,48.876693],[2.374363,48.876711],[2.374402,48.876721],[2.374482,48.876663],[2.374534,48.876628],[2.374566,48.876607],[2.374636,48.876566],[2.374645,48.876561],[2.37465,48.876531],[2.374651,48.876529],[2.374642,48.876519],[2.374581,48.876446]]],[[[2.376598,48.875153],[2.376443,48.875116],[2.376412,48.875134],[2.376452,48.875227],[2.376493,48.87532],[2.376528,48.875333],[2.376721,48.875299],[2.376742,48.875275],[2.376725,48.875225],[2.376639,48.875163],[2.376598,48.875153]]],[[[2.376747,48.875111],[2.376791,48.875143],[2.376841,48.875076],[2.376458,48.874953],[2.376356,48.875013],[2.376359,48.875019],[2.376747,48.875111]]]],"type":"MultiPolygon"},"properties":{"id_projet":"ELEMENTAIRES (année scolaire 2021/2022)","libelle":"SIMON BOLIVAR (67) ELEM","zone_commune":0,"etiquette":"Secteur de l'école 67 AVENUE SIMON BOLIVAR","lib_etab_1":"SIMON BOLIVAR (67) ELEM","lib_etab_2":null,"lib_etab_3":null,"lib_etab_4":null,"adr_etab_1":"67 AVENUE SIMON BOLIVAR","adr_etab_2":null,"adr_etab_3":null,"adr_etab_4":null,"annee_scol":"2021-2022","st_area_shape":96344.8468313263,"st_perimeter_shape":5020.105871913856,"type_etabl":"Elémentaire","geo_point_2d":{"lon":2.375267003948837,"lat":48.87619290303171}}},{"type":"Feature","geometry":{"coordinates":[[[[2.374836,48.884362],[2.374955,48.884176],[2.37093,48.883149],[2.372413,48.884099],[2.372715,48.883887],[2.372524,48.884089],[2.37414,48.884891],[2.374836,48.884362]]],[[[2.375996,48.885285],[2.3767,48.884634],[2.375155,48.884228],[2.374253,48.884948],[2.375609,48.885619],[2.375996,48.885285]]],[[[2.375813,48.884105],[2.376623,48.883444],[2.37624,48.883742],[2.375085,48.883231],[2.3736,48.883497],[2.375813,48.884105]]],[[[2.376192,48.884208],[2.376857,48.884077],[2.377012,48.883636],[2.376192,48.884208]]],[[[2.3771,48.88474],[2.376938,48.884697],[2.376935,48.884698],[2.376907,48.884792],[2.377041,48.884809],[2.3771,48.88474]]]],"type":"MultiPolygon"},"properties":{"id_projet":"ELEMENTAIRES (année scolaire 2021/2022)","libelle":"HENRI NOGUERES (10) POLY","zone_commune":0,"etiquette":"Secteur de l'école 10 RUE HENRI NOGUERES","lib_etab_1":"HENRI NOGUERES (10) POLY","lib_etab_2":null,"lib_etab_3":null,"lib_etab_4":null,"adr_etab_1":"10 RUE HENRI NOGUERES","adr_etab_2":null,"adr_etab_3":null,"adr_etab_4":null,"annee_scol":"2021-2022","st_area_shape":43720.583398588824,"st_perimeter_shape":2198.319049019865,"type_etabl":"Elémentaire","geo_point_2d":{"lon":2.3745210464064535,"lat":48.88422180169538}}},{"type":"Feature","geometry":{"coordinates":[[[[2.378935,48.888666],[2.37974,48.887877],[2.370896,48.883518],[2.370503,48.88306],[2.370788,48.883651],[2.370193,48.884153],[2.369588,48.88403],[2.378935,48.888666]]],[[[2.379314,48.887023],[2.381033,48.886807],[2.379233,48.886026],[2.378334,48.885807],[2.377191,48.886449],[2.379152,48.887451],[2.379493,48.88714],[2.379314,48.887023]]],[[[2.377052,48.886385],[2.378268,48.885682],[2.378617,48.885135],[2.3771,48.88474],[2.376764,48.885296],[2.376285,48.885309],[2.377212,48.885765],[2.376621,48.886121],[2.377018,48.885713],[2.376237,48.885329],[2.375702,48.885706],[2.377052,48.886385]]],[[[2.384461,48.887485],[2.384689,48.886734],[2.383254,48.886357],[2.382491,48.886499],[2.382863,48.886617],[2.382533,48.887061],[2.384461,48.887485]]],[[[2.381698,48.886281],[2.381983,48.886021],[2.381546,48.88621],[2.381596,48.88592],[2.380038,48.885511],[2.379721,48.886031],[2.380281,48.886317],[2.380502,48.885815],[2.38091,48.885923],[2.380559,48.886449],[2.381149,48.886729],[2.381698,48.886281]]],[[[2.382937,48.885196],[2.383101,48.885015],[2.381332,48.884849],[2.381033,48.885314],[2.382241,48.885786],[2.382937,48.885196]]],[[[2.378987,48.885235],[2.3785,48.885719],[2.379563,48.886],[2.379887,48.885471],[2.378987,48.885235]]],[[[2.369808,48.883605],[2.370006,48.882972],[2.368948,48.883914],[2.369808,48.883605]]],[[[2.380134,48.884761],[2.379862,48.884887],[2.380878,48.885274],[2.381168,48.884854],[2.380134,48.884761]]],[[[2.379208,48.884875],[2.377706,48.884357],[2.377348,48.884504],[2.379208,48.884875]]],[[[2.377199,48.884339],[2.37704,48.883942],[2.376192,48.884208],[2.377199,48.884339]]],[[[2.382991,48.885603],[2.38323,48.88512],[2.382435,48.885814],[2.382996,48.885984],[2.382991,48.885603]]],[[[2.383975,48.88595],[2.383262,48.886029],[2.384461,48.886368],[2.383975,48.88595]]],[[[2.381998,48.887226],[2.381413,48.886713],[2.380897,48.887157],[2.381998,48.887226]]],[[[2.381017,48.887602],[2.38128,48.8875],[2.380809,48.887234],[2.380437,48.887559],[2.381017,48.887602]]],[[[2.379926,48.885035],[2.379778,48.884979],[2.379768,48.884981],[2.379886,48.885101],[2.379885,48.885103],[2.379884,48.885105],[2.379674,48.885112],[2.379766,48.885136],[2.379851,48.885158],[2.379978,48.885192],[2.380117,48.885228],[2.38026,48.885266],[2.380337,48.885286],[2.380418,48.885308],[2.380488,48.885326],[2.380823,48.885415],[2.380845,48.885385],[2.380526,48.885264],[2.380388,48.885211],[2.380319,48.885185],[2.380178,48.885131],[2.380045,48.88508],[2.379926,48.885035]]],[[[2.381725,48.88651],[2.382613,48.886189],[2.382132,48.88608],[2.381725,48.88651]]],[[[2.380349,48.887655],[2.380323,48.887636],[2.380174,48.887767],[2.380046,48.887881],[2.380049,48.887898],[2.380062,48.887904],[2.380344,48.887852],[2.380333,48.887846],[2.38032,48.887839],[2.380318,48.887838],[2.380349,48.887655]]],[[[2.379843,48.888191],[2.379921,48.888148],[2.379977,48.888175],[2.380027,48.888132],[2.380028,48.888131],[2.379964,48.887995],[2.379837,48.888107],[2.379778,48.888159],[2.379843,48.888191]]],[[[2.376003,48.884096],[2.375898,48.883977],[2.375813,48.884105],[2.375919,48.884133],[2.375957,48.884128],[2.376003,48.884096]]]],"type":"MultiPolygon"},"properties":{"id_projet":"ELEMENTAIRES (année scolaire 2021/2022)","libelle":"PIERRE GIRARD (9) ELEM","zone_commune":0,"etiquette":"Secteur de l'école 9 RUE PIERRE GIRARD","lib_etab_1":"PIERRE GIRARD (9) ELEM","lib_etab_2":null,"lib_etab_3":null,"lib_etab_4":null,"adr_etab_1":"9 RUE PIERRE GIRARD","adr_etab_2":null,"adr_etab_3":null,"adr_etab_4":null,"annee_scol":"2021-2022","st_area_shape":196055.725753435,"st_perimeter_shape":8348.84685904542,"type_etabl":"Elémentaire","geo_point_2d":{"lon":2.377308691575956,"lat":48.8860012015249}}},{"type":"Feature","geometry":{"coordinates":[[[[2.379604,48.874014],[2.37974,48.873037],[2.378622,48.872692],[2.377639,48.874141],[2.379432,48.874665],[2.379604,48.874014]]],[[[2.382893,48.873624],[2.379946,48.872924],[2.379808,48.873883],[2.381532,48.874349],[2.382893,48.873624]]],[[[2.3784,48.875604],[2.378768,48.874709],[2.376971,48.874227],[2.375907,48.874333],[2.376356,48.875013],[2.377695,48.875328],[2.377442,48.875927],[2.377958,48.876125],[2.377962,48.875548],[2.378312,48.875328],[2.378034,48.875661],[2.378089,48.876359],[2.3784,48.875604]]],[[[2.376223,48.873785],[2.377428,48.874005],[2.377887,48.87327],[2.37714,48.87286],[2.376563,48.873336],[2.376258,48.873067],[2.375438,48.873906],[2.376078,48.874028],[2.376223,48.873785]]],[[[2.380336,48.875755],[2.379779,48.874911],[2.378929,48.874733],[2.378765,48.875243],[2.379631,48.876179],[2.380336,48.875755]]],[[[2.383412,48.873586],[2.383064,48.873556],[2.382436,48.874872],[2.383638,48.874161],[2.384916,48.87386],[2.383412,48.873586]]],[[[2.383307,48.875309],[2.383953,48.874495],[2.38532,48.87402],[2.383407,48.874513],[2.382485,48.875241],[2.383307,48.875309]]],[[[2.37999,48.874046],[2.379688,48.874726],[2.381458,48.874425],[2.37999,48.874046]]],[[[2.380619,48.875787],[2.381208,48.875822],[2.380527,48.874797],[2.379804,48.874829],[2.380619,48.875787]]],[[[2.378025,48.873052],[2.378234,48.872583],[2.377126,48.872322],[2.376556,48.8728],[2.376806,48.872991],[2.377299,48.872652],[2.37736,48.87305],[2.378025,48.873052]]],[[[2.382311,48.874846],[2.382809,48.873923],[2.381369,48.874606],[2.382311,48.874846]]],[[[2.381053,48.874751],[2.380634,48.874784],[2.381324,48.875822],[2.381716,48.875513],[2.381053,48.874751]]],[[[2.381524,48.874763],[2.381237,48.874745],[2.381842,48.875443],[2.382442,48.87499],[2.381524,48.874763]]],[[[2.378647,48.876106],[2.379456,48.876202],[2.378696,48.875375],[2.378281,48.876315],[2.378647,48.876106]]],[[[2.376692,48.874033],[2.377023,48.873905],[2.376607,48.873792],[2.376451,48.874043],[2.376692,48.874033]]],[[[2.382203,48.875632],[2.382351,48.875569],[2.382395,48.875579],[2.382505,48.875419],[2.382392,48.875349],[2.38235,48.87535],[2.382048,48.875597],[2.382043,48.875644],[2.382061,48.875647],[2.382096,48.875658],[2.382145,48.875639],[2.382203,48.875632]]]],"type":"MultiPolygon"},"properties":{"id_projet":"ELEMENTAIRES (année scolaire 2021/2022)","libelle":"G.GENERAL LASALLE/RAMPAL","zone_commune":1,"etiquette":"Secteur commun des écoles \n11 RUE RAMPAL \n1 RUE DU GENERAL LASALLE","lib_etab_1":"RAMPAL (11) ELEM","lib_etab_2":"GENERAL LASALLE (1) ELEM","lib_etab_3":null,"lib_etab_4":null,"adr_etab_1":"11 RUE RAMPAL","adr_etab_2":"1 RUE DU GENERAL LASALLE","adr_etab_3":null,"adr_etab_4":null,"annee_scol":"2021-2022","st_area_shape":138707.4927898396,"st_perimeter_shape":7071.588793870966,"type_etabl":"Elémentaire","geo_point_2d":{"lon":2.3797353045266725,"lat":48.87428795815718}}},{"type":"Feature","geometry":{"coordinates":[[[2.397978,48.878057],[2.398095,48.878074],[2.398136,48.87808],[2.398173,48.878085],[2.398178,48.878068],[2.398183,48.878048],[2.398187,48.878034],[2.398192,48.878014],[2.398195,48.878005],[2.398209,48.877952],[2.398225,48.877894],[2.398189,48.87789],[2.398173,48.877888],[2.398115,48.877882],[2.398103,48.877881],[2.397981,48.877868],[2.397978,48.878057]]],"type":"Polygon"},"properties":{"id_projet":"ELEMENTAIRES (année scolaire 2022/2023)","libelle":"Z. E. COTTON/ROMAINVILLE A(57)/ROMAINVILLE B(59)","zone_commune":1,"etiquette":"Secteur commun des écoles \n16 RUE EUGENIE COTTON (ECOLE A (A) \n16 RUE EUGENIE COTTON (ECOLE A (B)\n59","lib_etab_1":"EUGENIE COTTON (16) ELEM B","lib_etab_2":"EUGENIE COTTON (16) ELEM A","lib_etab_3":"ROMAINVILLE (59) ELEM B","lib_etab_4":"ROMAINVILLE (57) ELEM A","adr_etab_1":"16 RUE EUGENIE COTTON (ECOLE A (A)","adr_etab_2":"16 RUE EUGENIE COTTON (ECOLE A (B)","adr_etab_3":"59 RUE DE ROMAINVILLE","adr_etab_4":"57 RUE DE ROMAINVILLE","annee_scol":"2022-2023","st_area_shape":346.1677794652005,"st_perimeter_shape":75.34131896034776,"type_etabl":"Elémentaire","geo_point_2d":{"lon":2.3980905245391044,"lat":48.87797255987482}}},{"type":"Feature","geometry":{"coordinates":[[[[2.380478,48.891533],[2.382048,48.890696],[2.382081,48.89003],[2.380959,48.889474],[2.377769,48.891089],[2.379154,48.89221],[2.380478,48.891533]]],[[[2.378169,48.888716],[2.37728,48.888109],[2.374461,48.888375],[2.375284,48.888502],[2.375685,48.888908],[2.376206,48.888659],[2.376449,48.888918],[2.376012,48.889733],[2.378169,48.888716]]],[[[2.378434,48.890611],[2.379093,48.890271],[2.37882,48.890067],[2.379207,48.890183],[2.379801,48.889811],[2.378818,48.88932],[2.378577,48.889472],[2.37855,48.88921],[2.378163,48.88955],[2.378731,48.889869],[2.377975,48.889691],[2.37746,48.890161],[2.378158,48.890732],[2.378434,48.890611]]],[[[2.377311,48.890114],[2.378545,48.889036],[2.378295,48.888788],[2.376159,48.889819],[2.376875,48.890415],[2.377311,48.890114]]],[[[2.375301,48.888241],[2.377087,48.888005],[2.376197,48.887955],[2.375789,48.887562],[2.374346,48.888061],[2.375301,48.888241]]],[[[2.380339,48.88917],[2.379758,48.888903],[2.379207,48.88938],[2.379715,48.889634],[2.380339,48.88917]]],[[[2.377897,48.89058],[2.377423,48.890211],[2.377652,48.890484],[2.37705,48.890519],[2.377623,48.891004],[2.378086,48.890787],[2.377897,48.89058]]],[[[2.382421,48.8902],[2.382276,48.890128],[2.38224,48.89014],[2.382221,48.890514],[2.38226,48.890523],[2.382355,48.89044],[2.382289,48.890364],[2.382551,48.890266],[2.382489,48.890234],[2.382421,48.8902]]],[[[2.378773,48.88886],[2.378768,48.88884],[2.378678,48.888795],[2.378633,48.888837],[2.37862,48.888849],[2.378611,48.888844],[2.378549,48.8889],[2.378563,48.888907],[2.378555,48.888914],[2.378659,48.88896],[2.378773,48.88886]]]],"type":"MultiPolygon"},"properties":{"id_projet":"ELEMENTAIRES (année scolaire 2021/2022)","libelle":"JOMARD (9) ELEM","zone_commune":0,"etiquette":"Secteur de l'école 9 RUE JOMARD","lib_etab_1":"JOMARD (9) ELEM","lib_etab_2":null,"lib_etab_3":null,"lib_etab_4":null,"adr_etab_1":"9 RUE JOMARD","adr_etab_2":null,"adr_etab_3":null,"adr_etab_4":null,"annee_scol":"2021-2022","st_area_shape":105092.36612798362,"st_perimeter_shape":4255.955351006293,"type_etabl":"Elémentaire","geo_point_2d":{"lon":2.3786207315693693,"lat":48.88996768743633}}},{"type":"Feature","geometry":{"coordinates":[[[[2.388258,48.892646],[2.394917,48.889665],[2.389221,48.888099],[2.388414,48.889418],[2.387766,48.889564],[2.387097,48.890613],[2.387988,48.890923],[2.387642,48.891241],[2.387317,48.891082],[2.386876,48.89192],[2.388258,48.892646]]],[[[2.388454,48.888385],[2.389114,48.887891],[2.386822,48.887291],[2.38634,48.888285],[2.388223,48.888759],[2.388454,48.888385]]],[[[2.386542,48.888986],[2.385975,48.888846],[2.385584,48.88943],[2.387254,48.889892],[2.387651,48.889273],[2.386542,48.888986]]],[[[2.38881,48.886907],[2.389102,48.886091],[2.388545,48.886561],[2.387865,48.886449],[2.387256,48.887099],[2.388524,48.88743],[2.38881,48.886907]]],[[[2.388398,48.888919],[2.386351,48.888395],[2.386074,48.888697],[2.388206,48.889362],[2.388398,48.888919]]],[[[2.385679,48.889623],[2.385281,48.890014],[2.386852,48.890529],[2.387168,48.890032],[2.385679,48.889623]]],[[[2.389508,48.887254],[2.389227,48.88688],[2.389668,48.886995],[2.38993,48.88647],[2.389344,48.886127],[2.388679,48.88747],[2.388995,48.887558],[2.389185,48.887233],[2.389304,48.887585],[2.389508,48.887254]]],[[[2.386302,48.886836],[2.386261,48.886161],[2.385276,48.886018],[2.385279,48.885745],[2.385038,48.886519],[2.386302,48.886836]]],[[[2.387133,48.886858],[2.387362,48.886338],[2.387019,48.886278],[2.386463,48.886871],[2.387183,48.887079],[2.387133,48.886858]]]],"type":"MultiPolygon"},"properties":{"id_projet":"ELEMENTAIRES (année scolaire 2022/2023)","libelle":"JEAN JAURES (160) ELEM","zone_commune":0,"etiquette":"Secteur de l'école 160 AVENUE JEAN JAURES","lib_etab_1":"JEAN JAURES (160) ELEM","lib_etab_2":null,"lib_etab_3":null,"lib_etab_4":null,"adr_etab_1":"160 AVENUE JEAN JAURES","adr_etab_2":null,"adr_etab_3":null,"adr_etab_4":null,"annee_scol":"2022-2023","st_area_shape":216088.78907908354,"st_perimeter_shape":5360.303387616249,"type_etabl":"Elémentaire","geo_point_2d":{"lon":2.3893812074360086,"lat":48.88961925254187}}},{"type":"Feature","geometry":{"coordinates":[[[[2.380541,48.882205],[2.380898,48.881732],[2.380155,48.882198],[2.378598,48.881582],[2.37821,48.881998],[2.375914,48.881415],[2.374942,48.882335],[2.375629,48.882716],[2.380281,48.882498],[2.380541,48.882205]]],[[[2.378854,48.884288],[2.380111,48.882686],[2.37601,48.88293],[2.378854,48.884288]]],[[[2.383066,48.884735],[2.383268,48.884486],[2.382987,48.884294],[2.382805,48.88458],[2.382386,48.884338],[2.382074,48.884552],[2.382389,48.884018],[2.382882,48.884359],[2.383257,48.883785],[2.384052,48.884195],[2.382428,48.882964],[2.382141,48.883449],[2.382385,48.883604],[2.382013,48.883664],[2.381386,48.884724],[2.383066,48.884735]]],[[[2.379548,48.884066],[2.380732,48.882864],[2.381433,48.882636],[2.380333,48.882689],[2.378876,48.884489],[2.379625,48.884614],[2.379357,48.88433],[2.379548,48.884066]]],[[[2.381262,48.884635],[2.381884,48.883586],[2.381268,48.88335],[2.381341,48.88393],[2.380069,48.884624],[2.381262,48.884635]]],[[[2.373574,48.882814],[2.373379,48.882617],[2.37372,48.88271],[2.374404,48.882219],[2.373892,48.882148],[2.372597,48.882807],[2.371791,48.882868],[2.373574,48.882814]]],[[[2.374097,48.883035],[2.371952,48.883086],[2.373405,48.883469],[2.374097,48.883035]]],[[[2.376492,48.883546],[2.376799,48.883517],[2.375692,48.882949],[2.375189,48.883297],[2.37624,48.883742],[2.376492,48.883546]]],[[[2.37392,48.88343],[2.374822,48.883402],[2.375592,48.8829],[2.37447,48.882954],[2.37392,48.88343]]],[[[2.379196,48.884871],[2.377834,48.884088],[2.377312,48.884473],[2.379196,48.884871]]],[[[2.381527,48.882348],[2.381088,48.882236],[2.381009,48.881855],[2.380513,48.882465],[2.381527,48.882348]]],[[[2.37739,48.884335],[2.377767,48.884057],[2.377012,48.883636],[2.377165,48.884365],[2.37739,48.884335]]],[[[2.374937,48.882502],[2.374442,48.882324],[2.373924,48.882732],[2.374937,48.882502]]],[[[2.38199,48.883265],[2.382287,48.882903],[2.381768,48.882739],[2.381521,48.883116],[2.38199,48.883265]]],[[[2.383585,48.883118],[2.382848,48.882656],[2.382652,48.882826],[2.383462,48.883457],[2.383585,48.883118]]],[[[2.371295,48.882721],[2.371214,48.882652],[2.37119,48.882633],[2.371128,48.882665],[2.371069,48.882607],[2.370979,48.882654],[2.370928,48.882606],[2.370782,48.882687],[2.370691,48.88262],[2.370551,48.882519],[2.370517,48.882543],[2.370516,48.882689],[2.370536,48.882708],[2.370541,48.882714],[2.370544,48.882715],[2.370627,48.882736],[2.370671,48.882748],[2.37076,48.882771],[2.370879,48.882802],[2.371128,48.882867],[2.371321,48.882918],[2.371307,48.882731],[2.371295,48.882721]]],[[[2.383925,48.883694],[2.38369,48.883635],[2.383835,48.883748],[2.383959,48.883844],[2.38408,48.883939],[2.384216,48.884045],[2.384257,48.884044],[2.38438,48.883936],[2.384279,48.883884],[2.384254,48.883871],[2.384229,48.883858],[2.384237,48.883845],[2.384266,48.8838],[2.384275,48.883784],[2.384146,48.883752],[2.384131,48.883748],[2.384105,48.88374],[2.384064,48.88373],[2.384047,48.883726],[2.383969,48.883706],[2.383925,48.883694]]]],"type":"MultiPolygon"},"properties":{"id_projet":"ELEMENTAIRES (année scolaire 2022/2023)","libelle":"ARMAND CARREL (43) ELEM","zone_commune":0,"etiquette":"Secteur de l'école 43 RUE ARMAND CARREL","lib_etab_1":"ARMAND CARREL (43) ELEM","lib_etab_2":null,"lib_etab_3":null,"lib_etab_4":null,"adr_etab_1":"43 RUE ARMAND CARREL","adr_etab_2":null,"adr_etab_3":null,"adr_etab_4":null,"annee_scol":"2022-2023","st_area_shape":124028.894071251,"st_perimeter_shape":7636.091643602531,"type_etabl":"Elémentaire","geo_point_2d":{"lon":2.378413596418995,"lat":48.883114092495894}}},{"type":"Feature","geometry":{"coordinates":[[[[2.393687,48.899298],[2.39552,48.898264],[2.395928,48.897603],[2.390509,48.897594],[2.390921,48.898266],[2.387382,48.898594],[2.386829,48.898084],[2.386375,48.898086],[2.388081,48.899703],[2.393687,48.899298]]],[[[2.381205,48.900607],[2.381124,48.900595],[2.381071,48.900688],[2.381151,48.900701],[2.381205,48.900607]]],[[[2.388028,48.901577],[2.388097,48.90147],[2.387534,48.901575],[2.387566,48.901667],[2.388028,48.901577]]],[[[2.389188,48.901351],[2.389186,48.901263],[2.388298,48.901432],[2.388392,48.901506],[2.389188,48.901351]]],[[[2.380882,48.900558],[2.380884,48.900527],[2.380599,48.900534],[2.379788,48.900553],[2.380516,48.900672],[2.380463,48.900755],[2.380726,48.900715],[2.380826,48.900651],[2.380882,48.900558]]],[[[2.391,48.901041],[2.391007,48.90094],[2.390711,48.900976],[2.389727,48.901162],[2.389844,48.901236],[2.391,48.901041]]],[[[2.386552,48.901373],[2.386355,48.901187],[2.385667,48.901687],[2.386552,48.901373]]],[[[2.374505,48.898332],[2.372885,48.898293],[2.372874,48.898494],[2.374475,48.898528],[2.374505,48.898332]]],[[[2.391218,48.900564],[2.389316,48.900844],[2.390904,48.900843],[2.391218,48.900564]]],[[[2.384895,48.898278],[2.385774,48.898156],[2.383991,48.896551],[2.382682,48.898658],[2.384895,48.898278]]],[[[2.384843,48.899884],[2.384668,48.899593],[2.386253,48.89902],[2.3836,48.899664],[2.386605,48.898916],[2.385889,48.898494],[2.382839,48.899142],[2.381968,48.900026],[2.384843,48.899884]]],[[[2.38109,48.89967],[2.381475,48.899085],[2.374262,48.89894],[2.375035,48.899712],[2.376135,48.899735],[2.37617,48.898976],[2.376424,48.898981],[2.376389,48.89974],[2.377976,48.899771],[2.378011,48.899013],[2.378167,48.899775],[2.379673,48.899805],[2.379708,48.899047],[2.379864,48.899809],[2.38109,48.89967]]],[[[2.379654,48.90206],[2.380421,48.900823],[2.377534,48.900528],[2.372537,48.901012],[2.373329,48.901925],[2.379654,48.90206]]],[[[2.384799,48.901044],[2.385485,48.901487],[2.386297,48.900811],[2.386371,48.900127],[2.386091,48.900026],[2.387706,48.899633],[2.386617,48.898927],[2.386382,48.898987],[2.386781,48.899612],[2.383682,48.90052],[2.381361,48.900556],[2.380347,48.902075],[2.384759,48.902101],[2.385294,48.901652],[2.384799,48.901044]]]],"type":"MultiPolygon"},"properties":{"id_projet":"4913","libelle":"MACDONALD (118) POLY","zone_commune":0,"etiquette":"Secteur de l'école 118 MACDONALD (118) POLY","lib_etab_1":"MACDONALD (118) POLY","lib_etab_2":null,"lib_etab_3":null,"lib_etab_4":null,"adr_etab_1":"118 MACDONALD (118) POLY","adr_etab_2":null,"adr_etab_3":null,"adr_etab_4":null,"annee_scol":"2026-2027","st_area_shape":344361.5334048185,"st_perimeter_shape":10019.462332673775,"type_etabl":"Elémentaire","geo_point_2d":{"lon":2.384089760656912,"lat":48.89982137164202}}},{"type":"Feature","geometry":{"coordinates":[[[[2.376782,48.893578],[2.37613,48.893601],[2.37426,48.894626],[2.376313,48.896321],[2.378933,48.89586],[2.37889,48.895503],[2.376782,48.893578]]],[[[2.374618,48.894341],[2.375626,48.893763],[2.3751,48.893769],[2.374556,48.894298],[2.373497,48.893811],[2.3742,48.89456],[2.374618,48.894341]]],[[[2.381209,48.894332],[2.380479,48.894062],[2.380582,48.893872],[2.378926,48.892595],[2.376937,48.893489],[2.378983,48.894266],[2.378517,48.894909],[2.379247,48.895545],[2.381209,48.894332]],[[2.380269,48.894268],[2.380221,48.894214],[2.380261,48.894251],[2.380288,48.894238],[2.380269,48.894268]],[[2.379963,48.894017],[2.379972,48.894012],[2.38009,48.894107],[2.380088,48.894112],[2.379963,48.894017]]],[[[2.383286,48.89593],[2.382568,48.89565],[2.38256,48.89531],[2.381753,48.89578],[2.383286,48.89593]]],[[[2.37351,48.894133],[2.372308,48.895276],[2.375815,48.896197],[2.37351,48.894133]]],[[[2.376443,48.896739],[2.376616,48.896723],[2.376717,48.896716],[2.376361,48.896644],[2.373976,48.896165],[2.373884,48.896144],[2.373847,48.896134],[2.373795,48.89612],[2.373723,48.896097],[2.371902,48.895438],[2.371835,48.89551],[2.371937,48.895565],[2.372508,48.895781],[2.373071,48.895974],[2.37364,48.896168],[2.373891,48.896232],[2.376383,48.896729],[2.37642,48.896737],[2.376428,48.896736],[2.376443,48.896739]]],[[[2.379584,48.896308],[2.383073,48.896292],[2.38321,48.896057],[2.380052,48.896051],[2.381345,48.895875],[2.382463,48.895223],[2.381392,48.894551],[2.379453,48.895661],[2.379942,48.895934],[2.376822,48.896727],[2.376994,48.897152],[2.37741,48.897224],[2.376994,48.896893],[2.379584,48.896308]]]],"type":"MultiPolygon"},"properties":{"id_projet":"ELEMENTAIRES (année scolaire 2023/2024)","libelle":"G.COLETTE MAGNY (17)/(19)","zone_commune":1,"etiquette":"Secteur commun des écoles \n15 RUE COLETTE MAGNY \n17 RUE COLETTE MAGNY","lib_etab_1":"COLETTE MAGNY (15) ELEM","lib_etab_2":"COLETTE MAGNY (17) ELEM","lib_etab_3":null,"lib_etab_4":null,"adr_etab_1":"15 RUE COLETTE MAGNY","adr_etab_2":"17 RUE COLETTE MAGNY","adr_etab_3":null,"adr_etab_4":null,"annee_scol":"2023-2024","st_area_shape":171764.8856267475,"st_perimeter_shape":6059.354669272971,"type_etabl":"Elémentaire","geo_point_2d":{"lon":2.3776298650298386,"lat":48.8949588476676}}},{"type":"Feature","geometry":{"coordinates":[[[[2.381815,48.886674],[2.381528,48.886674],[2.382173,48.887208],[2.381815,48.886674]]],[[[2.381716,48.885951],[2.381596,48.88592],[2.381536,48.88602],[2.38153,48.88603],[2.381501,48.886079],[2.381477,48.886119],[2.38145,48.886164],[2.381546,48.88621],[2.381585,48.88615],[2.381595,48.886135],[2.38163,48.886086],[2.381716,48.885951]]]],"type":"MultiPolygon"},"properties":{"id_projet":"ELEMENTAIRES (année scolaire 2024/2025)","libelle":"Z.TANDOU(16)/PIERRE GIRARD(9)/TANDOU(9)","zone_commune":1,"etiquette":"Secteur commun des écoles \n9 RUE TANDOU \n9 RUE PIERRE GIRARD\n16 RUE TANDOU","lib_etab_1":"TANDOU (9) ELEM","lib_etab_2":"PIERRE GIRARD (9) ELEM","lib_etab_3":"TANDOU (16) POLY","lib_etab_4":null,"adr_etab_1":"9 RUE TANDOU","adr_etab_2":"9 RUE PIERRE GIRARD","adr_etab_3":"16 RUE TANDOU","adr_etab_4":null,"annee_scol":"2024-2025","st_area_shape":1210.8606725757209,"st_perimeter_shape":264.73342707003326,"type_etabl":"Elémentaire","geo_point_2d":{"lon":2.381802576104898,"lat":48.88670276767857}}},{"type":"Feature","geometry":{"coordinates":[[[[2.373962,48.898933],[2.37137,48.898879],[2.371337,48.899639],[2.373926,48.89969],[2.373962,48.898933]]],[[[2.372885,48.898293],[2.37124,48.898252],[2.371252,48.898004],[2.370611,48.898295],[2.372874,48.898494],[2.372885,48.898293]]],[[[2.374262,48.89894],[2.374214,48.899697],[2.375035,48.899712],[2.374262,48.89894]]],[[[2.371833,48.90128],[2.37038,48.90148],[2.37077,48.90187],[2.371997,48.901896],[2.371833,48.90128]]],[[[2.372611,48.901909],[2.372274,48.901671],[2.372174,48.901702],[2.372159,48.9019],[2.372611,48.901909]]],[[[2.373329,48.901925],[2.372537,48.901012],[2.37209,48.901089],[2.372806,48.901913],[2.373329,48.901925]]]],"type":"MultiPolygon"},"properties":{"id_projet":"ELEMENTAIRES (année scolaire 2024/2025)","libelle":"EMILE BOLLAERT (53) POLY","zone_commune":0,"etiquette":"Secteur de l'école 53 RUE EMILE BOLLAERT","lib_etab_1":"EMILE BOLLAERT (53) POLY","lib_etab_2":null,"lib_etab_3":null,"lib_etab_4":null,"adr_etab_1":"53 RUE EMILE BOLLAERT","adr_etab_2":null,"adr_etab_3":null,"adr_etab_4":null,"annee_scol":"2024-2025","st_area_shape":34461.56923837384,"st_perimeter_shape":1954.6261383970104,"type_etabl":"Elémentaire","geo_point_2d":{"lon":2.3723862951001715,"lat":48.89997807518698}}},{"type":"Feature","geometry":{"coordinates":[[[[2.371277,48.893145],[2.370988,48.892706],[2.372516,48.892251],[2.371689,48.891971],[2.37233,48.891845],[2.371196,48.889444],[2.369658,48.889565],[2.3697,48.88983],[2.369613,48.889571],[2.368311,48.889732],[2.370271,48.893938],[2.370863,48.893728],[2.370708,48.89345],[2.371277,48.893145]],[[2.370118,48.891426],[2.370302,48.891383],[2.370462,48.891736],[2.370281,48.891784],[2.370118,48.891426]]],[[[2.373241,48.889096],[2.373729,48.888924],[2.373734,48.888619],[2.372574,48.889],[2.373241,48.889096]]],[[[2.371883,48.88932],[2.37211,48.889195],[2.37214,48.889216],[2.372212,48.889176],[2.372268,48.889218],[2.372291,48.889205],[2.3723,48.889212],[2.372314,48.889204],[2.372336,48.889221],[2.372354,48.889211],[2.372332,48.889194],[2.37237,48.889172],[2.372357,48.889161],[2.372383,48.889145],[2.372378,48.889142],[2.372428,48.88911],[2.372449,48.889124],[2.37249,48.8891],[2.372475,48.889088],[2.372464,48.889081],[2.372458,48.889077],[2.37244,48.889067],[2.372428,48.889061],[2.372417,48.889058],[2.372407,48.889057],[2.372396,48.889056],[2.372386,48.889057],[2.372375,48.889058],[2.372372,48.889058],[2.371693,48.889255],[2.371677,48.889306],[2.371883,48.88932]]],[[[2.372067,48.890064],[2.371617,48.889708],[2.372389,48.891216],[2.37274,48.890862],[2.372067,48.890064]]]],"type":"MultiPolygon"},"properties":{"id_projet":"4907","libelle":"AUBERVILLIERS (132) ELEM","zone_commune":0,"etiquette":"Secteur de l'école 132 RUE D'AUBERVILLIERS","lib_etab_1":"AUBERVILLIERS (132) ELEM","lib_etab_2":null,"lib_etab_3":null,"lib_etab_4":null,"adr_etab_1":"132 RUE D'AUBERVILLIERS","adr_etab_2":null,"adr_etab_3":null,"adr_etab_4":null,"annee_scol":"2025-2026","st_area_shape":90136.41991836202,"st_perimeter_shape":2498.321482702311,"type_etabl":"Elémentaire","geo_point_2d":{"lon":2.370592210815271,"lat":48.891204531916}}},{"type":"Feature","geometry":{"coordinates":[[[[2.397055,48.875616],[2.395354,48.87548],[2.394989,48.876076],[2.395643,48.876706],[2.397833,48.87695],[2.39785,48.875722],[2.397055,48.875616]]],[[[2.393916,48.875984],[2.394653,48.87588],[2.394753,48.875483],[2.39247,48.87567],[2.393087,48.876173],[2.393916,48.875984]]],[[[2.392508,48.875987],[2.392096,48.875759],[2.392288,48.876341],[2.392902,48.876367],[2.392508,48.875987]]],[[[2.392025,48.876448],[2.392348,48.876565],[2.391927,48.875592],[2.391009,48.876054],[2.391202,48.876591],[2.392025,48.876448]]],[[[2.399604,48.876667],[2.39892,48.876603],[2.398832,48.876856],[2.399604,48.876667]]],[[[2.39233,48.876947],[2.392411,48.876656],[2.391947,48.87692],[2.39233,48.876947]]],[[[2.39543,48.877302],[2.395359,48.876593],[2.3949,48.876251],[2.393772,48.876231],[2.393081,48.87662],[2.393818,48.877129],[2.393635,48.87732],[2.39543,48.877302]]],[[[2.399084,48.877045],[2.399234,48.876833],[2.398794,48.876966],[2.39856,48.877669],[2.399084,48.877045]]],[[[2.39288,48.877427],[2.392323,48.877331],[2.392405,48.877804],[2.393303,48.877902],[2.393578,48.877609],[2.39288,48.877427]]],[[[2.397814,48.878088],[2.397831,48.877006],[2.395648,48.87675],[2.395713,48.877606],[2.397349,48.878046],[2.397492,48.877786],[2.397814,48.878088]]],[[[2.39836,48.878112],[2.398838,48.876601],[2.398419,48.8757],[2.398017,48.875562],[2.398009,48.876121],[2.398234,48.876123],[2.398008,48.876167],[2.397981,48.877868],[2.398225,48.877894],[2.397977,48.878127],[2.39836,48.878112]]],[[[2.398494,48.878217],[2.39962,48.876721],[2.398528,48.877795],[2.398494,48.878217]]],[[[2.397848,48.87835],[2.396646,48.878136],[2.397865,48.87879],[2.397848,48.87835]]],[[[2.395275,48.877668],[2.39388,48.877574],[2.393585,48.87789],[2.394163,48.878229],[2.394092,48.878702],[2.396024,48.878921],[2.395275,48.877668]]],[[[2.397634,48.878883],[2.395668,48.877945],[2.396468,48.879203],[2.398036,48.879251],[2.397634,48.878883]]],[[[2.398122,48.878396],[2.398209,48.878946],[2.399526,48.879504],[2.399492,48.879024],[2.398965,48.879007],[2.398122,48.878396]]],[[[2.393503,48.879407],[2.393453,48.879399],[2.393508,48.879495],[2.393572,48.879497],[2.393601,48.879499],[2.3936,48.879509],[2.393625,48.87951],[2.393682,48.879513],[2.393768,48.87945],[2.393611,48.879425],[2.393503,48.879407]]],[[[2.393796,48.878139],[2.393439,48.878011],[2.392609,48.879183],[2.396225,48.879529],[2.396079,48.878986],[2.393922,48.878745],[2.394038,48.878281],[2.393796,48.878139]]],[[[2.394022,48.879633],[2.394197,48.879516],[2.393845,48.879462],[2.394022,48.879633]]],[[[2.394462,48.87956],[2.394314,48.879536],[2.394348,48.879611],[2.394455,48.879617],[2.394452,48.879637],[2.394486,48.879638],[2.39456,48.879642],[2.394622,48.879585],[2.394462,48.87956]]],[[[2.395324,48.879672],[2.395328,48.879641],[2.395451,48.879649],[2.395469,48.879603],[2.395334,48.8796],[2.395192,48.879599],[2.395177,48.879599],[2.395214,48.879665],[2.395324,48.879672]]],[[[2.394865,48.879595],[2.394725,48.879594],[2.394782,48.879656],[2.394886,48.879661],[2.394886,48.879663],[2.395015,48.879671],[2.395042,48.879597],[2.394894,48.879596],[2.394865,48.879595]]],[[[2.393074,48.879673],[2.393323,48.87938],[2.392365,48.879242],[2.392489,48.879674],[2.393074,48.879673]]],[[[2.398574,48.87935],[2.398262,48.879272],[2.398432,48.879911],[2.399258,48.879667],[2.398574,48.87935]]],[[[2.396608,48.880255],[2.396452,48.879684],[2.395608,48.879604],[2.395728,48.879936],[2.396173,48.879973],[2.39617,48.880287],[2.396608,48.880255]]],[[[2.397772,48.880168],[2.398281,48.88],[2.398132,48.879405],[2.396656,48.879351],[2.396823,48.88027],[2.397772,48.880168]]],[[[2.396739,48.880515],[2.396726,48.880507],[2.396617,48.880583],[2.396669,48.880788],[2.396673,48.880804],[2.396679,48.880827],[2.396758,48.880824],[2.396767,48.880824],[2.396816,48.880795],[2.396748,48.880548],[2.396739,48.880515]]],[[[2.397105,48.880866],[2.397147,48.880613],[2.398222,48.880267],[2.396847,48.880497],[2.397105,48.880866]]],[[[2.396835,48.880904],[2.396765,48.880855],[2.396687,48.880898],[2.396675,48.880905],[2.396745,48.880941],[2.396771,48.880955],[2.396826,48.880984],[2.396852,48.880998],[2.396905,48.880954],[2.396835,48.880904]]],[[[2.396385,48.880884],[2.39536,48.881072],[2.395531,48.881389],[2.396703,48.881132],[2.396385,48.880884]]]],"type":"MultiPolygon"},"properties":{"id_projet":"4907","libelle":"G.EUGENIE COTTON(16)A/B","zone_commune":1,"etiquette":"Secteur commun des écoles \n16 RUE EUGENIE COTTON (ECOLE A (A) \n16 RUE EUGENIE COTTON (ECOLE A (B)","lib_etab_1":"EUGENIE COTTON (16) ELEM B","lib_etab_2":"EUGENIE COTTON (16) ELEM A","lib_etab_3":null,"lib_etab_4":null,"adr_etab_1":"16 RUE EUGENIE COTTON (ECOLE A (A)","adr_etab_2":"16 RUE EUGENIE COTTON (ECOLE A (B)","adr_etab_3":null,"adr_etab_4":null,"annee_scol":"2025-2026","st_area_shape":180031.1916551279,"st_perimeter_shape":9292.872161043302,"type_etabl":"Elémentaire","geo_point_2d":{"lon":2.3957643145738383,"lat":48.87777512701062}}},{"type":"Feature","geometry":{"coordinates":[[[2.384942,48.876701],[2.385396,48.87671],[2.38525,48.875884],[2.384754,48.875752],[2.384942,48.876701]]],"type":"Polygon"},"properties":{"id_projet":"4907","libelle":"Z.FESSART/ALOUETTES/VILLETTE","zone_commune":1,"etiquette":"Secteur commun des écoles \n4 RUE FESSART \n5 RUE DES ALOUETTES\n61 RUE DE LA VILLETTE","lib_etab_1":"FESSART (4) ELEM","lib_etab_2":"ALOUETTES (5) ELEM","lib_etab_3":"VILLETTE (61) ELEM","lib_etab_4":null,"adr_etab_1":"4 RUE FESSART","adr_etab_2":"5 RUE DES ALOUETTES","adr_etab_3":"61 RUE DE LA VILLETTE","adr_etab_4":null,"annee_scol":"2025-2026","st_area_shape":3795.816932412156,"st_perimeter_shape":276.91322854943536,"type_etabl":"Elémentaire","geo_point_2d":{"lon":2.3850447360722047,"lat":48.87624162515637}}},{"type":"Feature","geometry":{"coordinates":[[[[2.407738,48.878524],[2.407966,48.877893],[2.40745,48.877605],[2.406658,48.878465],[2.40678,48.878258],[2.406135,48.877956],[2.402257,48.8787],[2.401666,48.879874],[2.401745,48.880797],[2.402103,48.881376],[2.40561,48.880128],[2.407738,48.878524]]],[[[2.399639,48.87666],[2.399107,48.875632],[2.398017,48.875562],[2.398419,48.8757],[2.398699,48.876597],[2.399639,48.87666]]],[[[2.402231,48.87645],[2.402406,48.876039],[2.399354,48.875708],[2.399885,48.876769],[2.40206,48.876882],[2.402231,48.87645]],[[2.400251,48.876366],[2.400117,48.876363],[2.399989,48.876361],[2.399918,48.876361],[2.399919,48.876363],[2.39991,48.876362],[2.399909,48.876356],[2.399888,48.876351],[2.399861,48.876347],[2.399809,48.876343],[2.399806,48.876335],[2.399796,48.876335],[2.399797,48.876315],[2.39981,48.876316],[2.399814,48.876313],[2.399841,48.876314],[2.399841,48.876312],[2.399841,48.876311],[2.399922,48.876314],[2.399924,48.876326],[2.399925,48.876338],[2.400165,48.876344],[2.400246,48.876336],[2.400247,48.876319],[2.400298,48.876319],[2.400316,48.876286],[2.40032,48.876287],[2.400319,48.876288],[2.400537,48.876311],[2.400545,48.876286],[2.400634,48.876298],[2.40062,48.876353],[2.400603,48.876348],[2.400571,48.876346],[2.400557,48.876347],[2.400554,48.876356],[2.400339,48.876333],[2.400331,48.876367],[2.400305,48.876367],[2.400273,48.876367],[2.400251,48.876366]]],[[[2.401894,48.877209],[2.402028,48.876909],[2.399886,48.876823],[2.400205,48.877379],[2.401749,48.877488],[2.401894,48.877209]]],[[[2.404239,48.877034],[2.40512,48.876813],[2.40261,48.876082],[2.402385,48.876543],[2.402818,48.876641],[2.402373,48.876555],[2.40195,48.877479],[2.404239,48.877034]]],[[[2.406331,48.877247],[2.405999,48.877126],[2.405735,48.877653],[2.406331,48.877247]]],[[[2.405634,48.877686],[2.405931,48.877089],[2.405464,48.876984],[2.403497,48.877304],[2.405634,48.877686]]],[[[2.401579,48.877574],[2.400429,48.877494],[2.400373,48.877803],[2.401651,48.877961],[2.401579,48.877574]]],[[[2.407148,48.877497],[2.406283,48.877896],[2.406537,48.878052],[2.407148,48.877497]]],[[[2.40007,48.878428],[2.400252,48.877494],[2.39962,48.876721],[2.398413,48.878238],[2.399076,48.877635],[2.398655,48.878234],[2.40007,48.878428]]],[[[2.402657,48.87825],[2.40507,48.87772],[2.403205,48.877367],[2.401995,48.877598],[2.401742,48.878462],[2.402657,48.87825]]],[[[2.401338,48.878674],[2.401634,48.87805],[2.400369,48.877912],[2.400202,48.878521],[2.401338,48.878674]]],[[[2.400849,48.878956],[2.401115,48.878746],[2.400183,48.878628],[2.399883,48.879386],[2.400849,48.878956]]],[[[2.399863,48.878544],[2.398122,48.878396],[2.398965,48.879007],[2.399492,48.879024],[2.399538,48.879508],[2.399863,48.878544]]],[[[2.40029,48.879469],[2.399816,48.879641],[2.400165,48.880032],[2.400599,48.879738],[2.40029,48.879469]]],[[[2.407723,48.880225],[2.408096,48.880204],[2.408063,48.879846],[2.407416,48.880128],[2.407723,48.880225]]],[[[2.409617,48.878308],[2.408485,48.879679],[2.408499,48.880435],[2.409345,48.880263],[2.410683,48.878615],[2.409617,48.878308]]],[[[2.399638,48.879794],[2.39886,48.880193],[2.399969,48.880512],[2.400132,48.880228],[2.399638,48.879794]]],[[[2.407844,48.880365],[2.407167,48.880708],[2.408216,48.880493],[2.407844,48.880365]]],[[[2.406972,48.880646],[2.406885,48.880602],[2.40673,48.880645],[2.405888,48.880877],[2.405943,48.880958],[2.406697,48.880804],[2.406948,48.880752],[2.406972,48.880646]]],[[[2.399058,48.880416],[2.398585,48.880305],[2.397303,48.881141],[2.397569,48.881405],[2.399058,48.880416]]]],"type":"MultiPolygon"},"properties":{"id_projet":"4907","libelle":"G.ROMAINVILLE(57)A/(59)B","zone_commune":1,"etiquette":"Secteur commun des écoles \n59 RUE DE ROMAINVILLE \n57 RUE DE ROMAINVILLE","lib_etab_1":"ROMAINVILLE (59) ELEM B","lib_etab_2":"ROMAINVILLE (57) ELEM A","lib_etab_3":null,"lib_etab_4":null,"adr_etab_1":"59 RUE DE ROMAINVILLE","adr_etab_2":"57 RUE DE ROMAINVILLE","adr_etab_3":null,"adr_etab_4":null,"annee_scol":"2025-2026","st_area_shape":248950.509030893,"st_perimeter_shape":9333.698719883496,"type_etabl":"Elémentaire","geo_point_2d":{"lon":2.403288805311574,"lat":48.87852799464659}}},{"type":"Feature","geometry":{"coordinates":[[[[2.381401,48.898624],[2.381792,48.897933],[2.377182,48.897617],[2.371267,48.8977],[2.37124,48.898252],[2.381401,48.898624]]],[[[2.383073,48.896292],[2.379943,48.89617],[2.376994,48.896893],[2.37741,48.897224],[2.38236,48.897509],[2.383073,48.896292]]]],"type":"MultiPolygon"},"properties":{"id_projet":"4913","libelle":"MACDONALD (141) POLY - Cesária ÉVORA","zone_commune":0,"etiquette":"Secteur de l'école 141 MACDONALD (141) POLY - CESARIA EVORA","lib_etab_1":"MACDONALD (141) POLY - Cesária ÉVORA","lib_etab_2":null,"lib_etab_3":null,"lib_etab_4":null,"adr_etab_1":"141 MACDONALD (141) POLY - CESARIA EVORA","adr_etab_2":null,"adr_etab_3":null,"adr_etab_4":null,"annee_scol":"2026-2027","st_area_shape":108950.0651791862,"st_perimeter_shape":2742.166626075365,"type_etabl":"Elémentaire","geo_point_2d":{"lon":2.3782050007972795,"lat":48.89760626593292}}},{"type":"Feature","geometry":{"coordinates":[[[[2.371277,48.893145],[2.370988,48.892706],[2.372516,48.892251],[2.371689,48.891971],[2.37233,48.891845],[2.371196,48.889444],[2.369658,48.889565],[2.3697,48.88983],[2.369613,48.889571],[2.368311,48.889732],[2.370271,48.893938],[2.370863,48.893728],[2.370708,48.89345],[2.371277,48.893145]],[[2.370118,48.891426],[2.370302,48.891383],[2.370462,48.891736],[2.370281,48.891784],[2.370118,48.891426]]],[[[2.371883,48.88932],[2.37211,48.889195],[2.37214,48.889216],[2.372212,48.889176],[2.372268,48.889218],[2.372291,48.889205],[2.3723,48.889212],[2.372314,48.889204],[2.372336,48.889221],[2.372354,48.889211],[2.372332,48.889194],[2.37237,48.889172],[2.372357,48.889161],[2.372383,48.889145],[2.372378,48.889142],[2.372428,48.88911],[2.372449,48.889124],[2.37249,48.8891],[2.372475,48.889088],[2.372464,48.889081],[2.372458,48.889077],[2.37244,48.889067],[2.372428,48.889061],[2.372417,48.889058],[2.372407,48.889057],[2.372396,48.889056],[2.372386,48.889057],[2.372375,48.889058],[2.372372,48.889058],[2.371693,48.889255],[2.371677,48.889306],[2.371883,48.88932]]],[[[2.373241,48.889096],[2.373729,48.888924],[2.373734,48.888619],[2.372574,48.889],[2.373241,48.889096]]],[[[2.372067,48.890064],[2.371617,48.889708],[2.372389,48.891216],[2.37274,48.890862],[2.372067,48.890064]]]],"type":"MultiPolygon"},"properties":{"id_projet":"4913","libelle":"AUBERVILLIERS (132) ELEM","zone_commune":0,"etiquette":"Secteur de l'école 132 AUBERVILLIERS (132) ELEM","lib_etab_1":"AUBERVILLIERS (132) ELEM","lib_etab_2":null,"lib_etab_3":null,"lib_etab_4":null,"adr_etab_1":"132 AUBERVILLIERS (132) ELEM","adr_etab_2":null,"adr_etab_3":null,"adr_etab_4":null,"annee_scol":"2026-2027","st_area_shape":90136.41991836202,"st_perimeter_shape":2498.321482702311,"type_etabl":"Elémentaire","geo_point_2d":{"lon":2.370592210815271,"lat":48.891204531916}}},{"type":"Feature","geometry":{"coordinates":[[[2.374342,48.881772],[2.374207,48.881644],[2.374129,48.881678],[2.374223,48.881769],[2.374267,48.881812],[2.374342,48.881772]]],"type":"Polygon"},"properties":{"id_projet":"4913","libelle":"Z.ARMAND CARREL(43)/SIMON BOLIVAR A ET B(119)","zone_commune":1,"etiquette":"Secteur commun des écoles \n43 ARMAND CARREL (43) ELEM \n119 SIMON BOLIVAR (119) ELEM B\n119 SIMON BOLI","lib_etab_1":"ARMAND CARREL (43) ELEM","lib_etab_2":"SIMON BOLIVAR (119) ELEM B","lib_etab_3":"SIMON BOLIVAR (119) ELEM A","lib_etab_4":null,"adr_etab_1":"43 ARMAND CARREL (43) ELEM","adr_etab_2":"119 SIMON BOLIVAR (119) ELEM B","adr_etab_3":"119 SIMON BOLIVAR (119) ELEM A","adr_etab_4":null,"annee_scol":"2026-2027","st_area_shape":122.72758554794068,"st_perimeter_shape":49.23362524969225,"type_etabl":"Elémentaire","geo_point_2d":{"lon":2.374236358688997,"lat":48.881726784351336}}},{"type":"Feature","geometry":{"coordinates":[[[[2.381815,48.886674],[2.381528,48.886674],[2.382173,48.887208],[2.381815,48.886674]]],[[[2.381716,48.885951],[2.381596,48.88592],[2.381536,48.88602],[2.38153,48.88603],[2.381501,48.886079],[2.381477,48.886119],[2.38145,48.886164],[2.381546,48.88621],[2.381585,48.88615],[2.381595,48.886135],[2.38163,48.886086],[2.381716,48.885951]]]],"type":"MultiPolygon"},"properties":{"id_projet":"ELEMENTAIRES (année scolaire 2021/2022)","libelle":"Z.TANDOU(16)/PIERRE GIRARD(9)/TANDOU(9)","zone_commune":1,"etiquette":"Secteur commun des écoles \n9 RUE TANDOU \n9 RUE PIERRE GIRARD\n16 RUE TANDOU","lib_etab_1":"TANDOU (9) ELEM","lib_etab_2":"PIERRE GIRARD (9) ELEM","lib_etab_3":"TANDOU (16) POLY","lib_etab_4":null,"adr_etab_1":"9 RUE TANDOU","adr_etab_2":"9 RUE PIERRE GIRARD","adr_etab_3":"16 RUE TANDOU","adr_etab_4":null,"annee_scol":"2021-2022","st_area_shape":1210.8606725757209,"st_perimeter_shape":264.73342707003326,"type_etabl":"Elémentaire","geo_point_2d":{"lon":2.381802576104898,"lat":48.88670276767857}}},{"type":"Feature","geometry":{"coordinates":[[[[2.391372,48.885262],[2.390873,48.884981],[2.390573,48.885764],[2.390134,48.886026],[2.393045,48.886283],[2.393092,48.886053],[2.392437,48.88597],[2.392311,48.885552],[2.391372,48.885262]]],[[[2.387928,48.8829],[2.388336,48.881697],[2.387136,48.882219],[2.38721,48.882862],[2.385978,48.882876],[2.387805,48.88312],[2.387928,48.8829]]],[[[2.385258,48.883169],[2.382848,48.882656],[2.383585,48.883118],[2.383462,48.883457],[2.38443,48.883893],[2.385258,48.883169]]],[[[2.385942,48.880067],[2.385543,48.883011],[2.385939,48.882665],[2.386165,48.880989],[2.386531,48.8804],[2.385942,48.880067]]],[[[2.389479,48.883958],[2.389545,48.883766],[2.388011,48.883319],[2.387668,48.884017],[2.389479,48.883958]]],[[[2.3875,48.883439],[2.385968,48.883271],[2.38747,48.884068],[2.387728,48.883482],[2.3875,48.883439]]],[[[2.391698,48.883813],[2.392044,48.883435],[2.391612,48.883573],[2.389607,48.882883],[2.391698,48.883813]]],[[[2.389621,48.883204],[2.389341,48.882934],[2.388379,48.883146],[2.389738,48.883633],[2.389904,48.88346],[2.389621,48.883204]]],[[[2.392386,48.883817],[2.393041,48.883363],[2.392549,48.883165],[2.391852,48.883855],[2.392386,48.883817]]],[[[2.395458,48.885362],[2.395706,48.885118],[2.395607,48.884445],[2.395309,48.884719],[2.395458,48.885362]]],[[[2.390954,48.882863],[2.391273,48.882836],[2.391216,48.882528],[2.390258,48.882734],[2.390954,48.882863]]],[[[2.3851,48.883937],[2.385289,48.883321],[2.384735,48.883813],[2.3851,48.883937]]],[[[2.395469,48.883833],[2.395424,48.883517],[2.394943,48.883811],[2.395469,48.883833]]],[[[2.390733,48.884243],[2.390664,48.884215],[2.390613,48.884223],[2.390634,48.884334],[2.391237,48.884567],[2.391318,48.884479],[2.39128,48.884462],[2.390839,48.884285],[2.390733,48.884243]]],[[[2.395338,48.88405],[2.394863,48.883983],[2.39486,48.88399],[2.39498,48.884125],[2.394978,48.884132],[2.395385,48.884207],[2.395499,48.88426],[2.395531,48.884253],[2.395458,48.884119],[2.395338,48.88405]]],[[[2.389925,48.883916],[2.38959,48.884157],[2.390223,48.884065],[2.389925,48.883916]]],[[[2.391835,48.88423],[2.391756,48.883991],[2.391433,48.884272],[2.391835,48.88423]]],[[[2.395037,48.885891],[2.394862,48.886113],[2.395109,48.886227],[2.395037,48.885891]]],[[[2.391555,48.883955],[2.391215,48.883998],[2.391276,48.884219],[2.391555,48.883955]]],[[[2.395154,48.885648],[2.395254,48.885555],[2.394882,48.885564],[2.394911,48.88569],[2.39502,48.885692],[2.395154,48.885648]]]],"type":"MultiPolygon"},"properties":{"id_projet":"ELEMENTAIRES (année scolaire 2021/2022)","libelle":"MANIN (30) ELEM B","zone_commune":0,"etiquette":"Secteur de l'école 30 RUE MANIN","lib_etab_1":"MANIN (30) ELEM B","lib_etab_2":null,"lib_etab_3":null,"lib_etab_4":null,"adr_etab_1":"30 RUE MANIN","adr_etab_2":null,"adr_etab_3":null,"adr_etab_4":null,"annee_scol":"2021-2022","st_area_shape":77761.94899916374,"st_perimeter_shape":5836.542168647697,"type_etabl":"Elémentaire","geo_point_2d":{"lon":2.388655096775998,"lat":48.88359223837576}}},{"type":"Feature","geometry":{"coordinates":[[[[2.407738,48.878524],[2.407966,48.877893],[2.40745,48.877605],[2.406658,48.878465],[2.40678,48.878258],[2.406135,48.877956],[2.402257,48.8787],[2.401666,48.879874],[2.401745,48.880797],[2.402103,48.881376],[2.40561,48.880128],[2.407738,48.878524]]],[[[2.409617,48.878308],[2.408485,48.879679],[2.408499,48.880435],[2.409345,48.880263],[2.410683,48.878615],[2.409617,48.878308]]],[[[2.402231,48.87645],[2.402406,48.876039],[2.399354,48.875708],[2.399885,48.876769],[2.40206,48.876882],[2.402231,48.87645]],[[2.400251,48.876366],[2.400117,48.876363],[2.399989,48.876361],[2.399918,48.876361],[2.399919,48.876363],[2.39991,48.876362],[2.399909,48.876356],[2.399888,48.876351],[2.399861,48.876347],[2.399809,48.876343],[2.399806,48.876335],[2.399796,48.876335],[2.399797,48.876315],[2.39981,48.876316],[2.399814,48.876313],[2.399841,48.876314],[2.399841,48.876312],[2.399841,48.876311],[2.399922,48.876314],[2.399924,48.876326],[2.399925,48.876338],[2.400165,48.876344],[2.400246,48.876336],[2.400247,48.876319],[2.400298,48.876319],[2.400316,48.876286],[2.40032,48.876287],[2.400319,48.876288],[2.400537,48.876311],[2.400545,48.876286],[2.400634,48.876298],[2.40062,48.876353],[2.400603,48.876348],[2.400571,48.876346],[2.400557,48.876347],[2.400554,48.876356],[2.400339,48.876333],[2.400331,48.876367],[2.400305,48.876367],[2.400273,48.876367],[2.400251,48.876366]]],[[[2.404239,48.877034],[2.40512,48.876813],[2.40261,48.876082],[2.402385,48.876543],[2.402818,48.876641],[2.402373,48.876555],[2.40195,48.877479],[2.404239,48.877034]]],[[[2.402657,48.87825],[2.40507,48.87772],[2.403205,48.877367],[2.401995,48.877598],[2.401742,48.878462],[2.402657,48.87825]]],[[[2.40007,48.878428],[2.400252,48.877494],[2.39962,48.876721],[2.398413,48.878238],[2.399076,48.877635],[2.398655,48.878234],[2.40007,48.878428]]],[[[2.401894,48.877209],[2.402028,48.876909],[2.399886,48.876823],[2.400205,48.877379],[2.401749,48.877488],[2.401894,48.877209]]],[[[2.399639,48.87666],[2.399107,48.875632],[2.398017,48.875562],[2.398419,48.8757],[2.398699,48.876597],[2.399639,48.87666]]],[[[2.405634,48.877686],[2.405931,48.877089],[2.405464,48.876984],[2.403497,48.877304],[2.405634,48.877686]]],[[[2.399863,48.878544],[2.398122,48.878396],[2.398965,48.879007],[2.399492,48.879024],[2.399538,48.879508],[2.399863,48.878544]]],[[[2.399058,48.880416],[2.398585,48.880305],[2.397303,48.881141],[2.397569,48.881405],[2.399058,48.880416]]],[[[2.401338,48.878674],[2.401634,48.87805],[2.400369,48.877912],[2.400202,48.878521],[2.401338,48.878674]]],[[[2.399638,48.879794],[2.39886,48.880193],[2.399969,48.880512],[2.400132,48.880228],[2.399638,48.879794]]],[[[2.400849,48.878956],[2.401115,48.878746],[2.400183,48.878628],[2.399883,48.879386],[2.400849,48.878956]]],[[[2.401579,48.877574],[2.400429,48.877494],[2.400373,48.877803],[2.401651,48.877961],[2.401579,48.877574]]],[[[2.40029,48.879469],[2.399816,48.879641],[2.400165,48.880032],[2.400599,48.879738],[2.40029,48.879469]]],[[[2.407148,48.877497],[2.406283,48.877896],[2.406537,48.878052],[2.407148,48.877497]]],[[[2.407723,48.880225],[2.408096,48.880204],[2.408063,48.879846],[2.407416,48.880128],[2.407723,48.880225]]],[[[2.407844,48.880365],[2.407167,48.880708],[2.408216,48.880493],[2.407844,48.880365]]],[[[2.406331,48.877247],[2.405999,48.877126],[2.405735,48.877653],[2.406331,48.877247]]],[[[2.406972,48.880646],[2.406885,48.880602],[2.40673,48.880645],[2.405888,48.880877],[2.405943,48.880958],[2.406697,48.880804],[2.406948,48.880752],[2.406972,48.880646]]]],"type":"MultiPolygon"},"properties":{"id_projet":"ELEMENTAIRES (année scolaire 2022/2023)","libelle":"G.ROMAINVILLE(57)A/(59)B","zone_commune":1,"etiquette":"Secteur commun des écoles \n59 RUE DE ROMAINVILLE \n57 RUE DE ROMAINVILLE","lib_etab_1":"ROMAINVILLE (59) ELEM B","lib_etab_2":"ROMAINVILLE (57) ELEM A","lib_etab_3":null,"lib_etab_4":null,"adr_etab_1":"59 RUE DE ROMAINVILLE","adr_etab_2":"57 RUE DE ROMAINVILLE","adr_etab_3":null,"adr_etab_4":null,"annee_scol":"2022-2023","st_area_shape":248950.509030893,"st_perimeter_shape":9333.698719883496,"type_etabl":"Elémentaire","geo_point_2d":{"lon":2.4032888053115746,"lat":48.878527994646554}}},{"type":"Feature","geometry":{"coordinates":[[[[2.378935,48.888666],[2.37974,48.887877],[2.370896,48.883518],[2.370503,48.88306],[2.370788,48.883651],[2.370193,48.884153],[2.369588,48.88403],[2.378935,48.888666]]],[[[2.379314,48.887023],[2.381033,48.886807],[2.379233,48.886026],[2.378334,48.885807],[2.377191,48.886449],[2.379152,48.887451],[2.379493,48.88714],[2.379314,48.887023]]],[[[2.377052,48.886385],[2.378268,48.885682],[2.378617,48.885135],[2.3771,48.88474],[2.376764,48.885296],[2.376285,48.885309],[2.377212,48.885765],[2.376621,48.886121],[2.377018,48.885713],[2.376237,48.885329],[2.375702,48.885706],[2.377052,48.886385]]],[[[2.384461,48.887485],[2.384689,48.886734],[2.383254,48.886357],[2.382491,48.886499],[2.382863,48.886617],[2.382533,48.887061],[2.384461,48.887485]]],[[[2.381698,48.886281],[2.381983,48.886021],[2.381546,48.88621],[2.381596,48.88592],[2.380038,48.885511],[2.379721,48.886031],[2.380281,48.886317],[2.380502,48.885815],[2.38091,48.885923],[2.380559,48.886449],[2.381149,48.886729],[2.381698,48.886281]]],[[[2.382937,48.885196],[2.383101,48.885015],[2.381332,48.884849],[2.381033,48.885314],[2.382241,48.885786],[2.382937,48.885196]]],[[[2.378987,48.885235],[2.3785,48.885719],[2.379563,48.886],[2.379887,48.885471],[2.378987,48.885235]]],[[[2.369808,48.883605],[2.370006,48.882972],[2.368948,48.883914],[2.369808,48.883605]]],[[[2.380134,48.884761],[2.379862,48.884887],[2.380878,48.885274],[2.381168,48.884854],[2.380134,48.884761]]],[[[2.379208,48.884875],[2.377706,48.884357],[2.377348,48.884504],[2.379208,48.884875]]],[[[2.377199,48.884339],[2.37704,48.883942],[2.376192,48.884208],[2.377199,48.884339]]],[[[2.382991,48.885603],[2.38323,48.88512],[2.382435,48.885814],[2.382996,48.885984],[2.382991,48.885603]]],[[[2.383975,48.88595],[2.383262,48.886029],[2.384461,48.886368],[2.383975,48.88595]]],[[[2.381998,48.887226],[2.381413,48.886713],[2.380897,48.887157],[2.381998,48.887226]]],[[[2.381017,48.887602],[2.38128,48.8875],[2.380809,48.887234],[2.380437,48.887559],[2.381017,48.887602]]],[[[2.379926,48.885035],[2.379778,48.884979],[2.379768,48.884981],[2.379886,48.885101],[2.379885,48.885103],[2.379884,48.885105],[2.379674,48.885112],[2.379766,48.885136],[2.379851,48.885158],[2.379978,48.885192],[2.380117,48.885228],[2.38026,48.885266],[2.380337,48.885286],[2.380418,48.885308],[2.380488,48.885326],[2.380823,48.885415],[2.380845,48.885385],[2.380526,48.885264],[2.380388,48.885211],[2.380319,48.885185],[2.380178,48.885131],[2.380045,48.88508],[2.379926,48.885035]]],[[[2.381725,48.88651],[2.382613,48.886189],[2.382132,48.88608],[2.381725,48.88651]]],[[[2.380349,48.887655],[2.380323,48.887636],[2.380174,48.887767],[2.380046,48.887881],[2.380049,48.887898],[2.380062,48.887904],[2.380344,48.887852],[2.380333,48.887846],[2.38032,48.887839],[2.380318,48.887838],[2.380349,48.887655]]],[[[2.379843,48.888191],[2.379921,48.888148],[2.379977,48.888175],[2.380027,48.888132],[2.380028,48.888131],[2.379964,48.887995],[2.379837,48.888107],[2.379778,48.888159],[2.379843,48.888191]]],[[[2.376003,48.884096],[2.375898,48.883977],[2.375813,48.884105],[2.375919,48.884133],[2.375957,48.884128],[2.376003,48.884096]]]],"type":"MultiPolygon"},"properties":{"id_projet":"ELEMENTAIRES (année scolaire 2020/2021)","libelle":"PIERRE GIRARD (9) ELEM","zone_commune":0,"etiquette":"Secteur de l'école 9 RUE PIERRE GIRARD","lib_etab_1":"PIERRE GIRARD (9) ELEM","lib_etab_2":null,"lib_etab_3":null,"lib_etab_4":null,"adr_etab_1":"9 RUE PIERRE GIRARD","adr_etab_2":null,"adr_etab_3":null,"adr_etab_4":null,"annee_scol":"2020-2021","st_area_shape":196055.725753435,"st_perimeter_shape":8348.84685904542,"type_etabl":null,"geo_point_2d":{"lon":2.377308691575956,"lat":48.8860012015249}}},{"type":"Feature","geometry":{"coordinates":[[[[2.393687,48.899298],[2.39552,48.898264],[2.395928,48.897603],[2.390509,48.897594],[2.390921,48.898266],[2.387382,48.898594],[2.386829,48.898084],[2.386375,48.898086],[2.388081,48.899703],[2.393687,48.899298]]],[[[2.384799,48.901044],[2.385485,48.901487],[2.386297,48.900811],[2.386371,48.900127],[2.386091,48.900026],[2.387706,48.899633],[2.386617,48.898927],[2.386382,48.898987],[2.386781,48.899612],[2.383682,48.90052],[2.381361,48.900556],[2.380347,48.902075],[2.384759,48.902101],[2.385294,48.901652],[2.384799,48.901044]]],[[[2.379654,48.90206],[2.380421,48.900823],[2.377534,48.900528],[2.372537,48.901012],[2.373329,48.901925],[2.379654,48.90206]]],[[[2.38109,48.89967],[2.381475,48.899085],[2.374262,48.89894],[2.375035,48.899712],[2.376135,48.899735],[2.37617,48.898976],[2.376424,48.898981],[2.376389,48.89974],[2.377976,48.899771],[2.378011,48.899013],[2.378167,48.899775],[2.379673,48.899805],[2.379708,48.899047],[2.379864,48.899809],[2.38109,48.89967]]],[[[2.384843,48.899884],[2.384668,48.899593],[2.386253,48.89902],[2.3836,48.899664],[2.386605,48.898916],[2.385889,48.898494],[2.382839,48.899142],[2.381968,48.900026],[2.384843,48.899884]]],[[[2.384895,48.898278],[2.385774,48.898156],[2.383991,48.896551],[2.382682,48.898658],[2.384895,48.898278]]],[[[2.391218,48.900564],[2.389316,48.900844],[2.390904,48.900843],[2.391218,48.900564]]],[[[2.380882,48.900558],[2.380884,48.900527],[2.380599,48.900534],[2.379788,48.900553],[2.380516,48.900672],[2.380463,48.900755],[2.380726,48.900715],[2.380826,48.900651],[2.380882,48.900558]]],[[[2.381205,48.900607],[2.381124,48.900595],[2.381071,48.900688],[2.381151,48.900701],[2.381205,48.900607]]]],"type":"MultiPolygon"},"properties":{"id_projet":"ELEMENTAIRES (année scolaire 2020/2021)","libelle":"MACDONALD (118) POLY","zone_commune":0,"etiquette":"Secteur de l'école 118 BOULEVARD MAC DONALD","lib_etab_1":"MACDONALD (118) POLY","lib_etab_2":null,"lib_etab_3":null,"lib_etab_4":null,"adr_etab_1":"118 BOULEVARD MAC DONALD","adr_etab_2":null,"adr_etab_3":null,"adr_etab_4":null,"annee_scol":"2020-2021","st_area_shape":337910.5961646248,"st_perimeter_shape":9084.750320286188,"type_etabl":null,"geo_point_2d":{"lon":2.3841266008297244,"lat":48.89981480695197}}},{"type":"Feature","geometry":{"coordinates":[[[[2.379598,48.889946],[2.379462,48.889858],[2.379192,48.890018],[2.379207,48.890183],[2.379228,48.890202],[2.379276,48.890178],[2.37936,48.890135],[2.379426,48.890101],[2.379378,48.89006],[2.37938,48.890059],[2.379598,48.889946]]],[[[2.378346,48.889715],[2.378127,48.889583],[2.377992,48.889701],[2.37799,48.889703],[2.378192,48.889859],[2.378346,48.889715]]],[[[2.378708,48.889265],[2.37859,48.889206],[2.378573,48.889208],[2.378577,48.889472],[2.378818,48.88932],[2.378708,48.889265]]]],"type":"MultiPolygon"},"properties":{"id_projet":"ELEMENTAIRES (année scolaire 2022/2023)","libelle":"Z.MATHIS/JOMARD","zone_commune":1,"etiquette":"Secteur commun des écoles \n9 RUE JOMARD \n14 RUE MATHIS","lib_etab_1":"JOMARD (9) ELEM","lib_etab_2":"MATHIS (14) ELEM","lib_etab_3":null,"lib_etab_4":null,"adr_etab_1":"9 RUE JOMARD","adr_etab_2":"14 RUE MATHIS","adr_etab_3":null,"adr_etab_4":null,"annee_scol":"2022-2023","st_area_shape":1178.3922246137304,"st_perimeter_shape":263.3052966502349,"type_etabl":"Elémentaire","geo_point_2d":{"lon":2.3787935330791083,"lat":48.88975924213996}}},{"type":"Feature","geometry":{"coordinates":[[[2.37707,48.890502],[2.377652,48.890484],[2.377322,48.890282],[2.37707,48.890502]]],"type":"Polygon"},"properties":{"id_projet":"ELEMENTAIRES (année scolaire 2024/2025)","libelle":"Z.MATHIS/JOMARD/AUBERVILLIERS132","zone_commune":1,"etiquette":"Secteur commun des écoles \n132 RUE D'AUBERVILLIERS \n9 RUE JOMARD\n14 RUE MATHIS","lib_etab_1":"AUBERVILLIERS (132) ELEM","lib_etab_2":"JOMARD (9) ELEM","lib_etab_3":"MATHIS (14) ELEM","lib_etab_4":null,"adr_etab_1":"132 RUE D'AUBERVILLIERS","adr_etab_2":"9 RUE JOMARD","adr_etab_3":"14 RUE MATHIS","adr_etab_4":null,"annee_scol":"2024-2025","st_area_shape":679.7340270613473,"st_perimeter_shape":110.95750394029137,"type_etabl":"Elémentaire","geo_point_2d":{"lon":2.3773675890346366,"lat":48.890446736429695}}},{"type":"Feature","geometry":{"coordinates":[[[[2.374889,48.876445],[2.376745,48.876306],[2.376072,48.874735],[2.375307,48.874064],[2.373818,48.875212],[2.374365,48.876337],[2.374889,48.876445]]],[[[2.373145,48.877933],[2.373939,48.877843],[2.373728,48.877738],[2.374022,48.877173],[2.37326,48.876567],[2.37278,48.876807],[2.372237,48.876598],[2.370892,48.877763],[2.371308,48.877823],[2.372436,48.877028],[2.373145,48.877933]]],[[[2.374192,48.877526],[2.376458,48.876667],[2.378203,48.876613],[2.375398,48.876486],[2.374568,48.876873],[2.374192,48.877526]]],[[[2.374131,48.876941],[2.374195,48.876294],[2.373727,48.875359],[2.372373,48.876477],[2.372836,48.876671],[2.37317,48.876385],[2.374131,48.876941]]],[[[2.376791,48.875143],[2.376881,48.875344],[2.376537,48.875426],[2.376925,48.876334],[2.378088,48.876362],[2.378034,48.875661],[2.378312,48.875328],[2.377962,48.875548],[2.377958,48.876125],[2.377442,48.875927],[2.377613,48.875252],[2.376791,48.875143]]],[[[2.378032,48.877734],[2.37719,48.87812],[2.37775,48.878163],[2.378138,48.878753],[2.378032,48.877734]]],[[[2.377992,48.877699],[2.379131,48.87647],[2.37825,48.876533],[2.378519,48.876821],[2.377992,48.877699]]],[[[2.381091,48.875922],[2.381112,48.875914],[2.381212,48.875873],[2.381235,48.875863],[2.381208,48.875822],[2.380821,48.875855],[2.380806,48.875831],[2.380756,48.875753],[2.380619,48.875787],[2.38062,48.875789],[2.380627,48.875799],[2.380624,48.875807],[2.380606,48.875812],[2.380584,48.875819],[2.380563,48.875825],[2.380458,48.875857],[2.380409,48.875871],[2.380336,48.875893],[2.380238,48.875923],[2.380176,48.875941],[2.380177,48.875943],[2.379637,48.876028],[2.37968,48.876197],[2.379685,48.876198],[2.37969,48.876199],[2.3797,48.876199],[2.379711,48.876198],[2.379721,48.876196],[2.379725,48.876196],[2.379882,48.876173],[2.380017,48.876153],[2.380288,48.876113],[2.380291,48.876112],[2.3805,48.876076],[2.380527,48.876072],[2.380707,48.876035],[2.380763,48.876022],[2.380903,48.875984],[2.381009,48.875951],[2.381091,48.875922]]],[[[2.379134,48.876274],[2.379443,48.876222],[2.378796,48.876005],[2.378266,48.876351],[2.379134,48.876274]]],[[[2.374581,48.876446],[2.374541,48.876439],[2.374408,48.876488],[2.37442,48.876502],[2.374381,48.876536],[2.37438,48.876572],[2.374377,48.876616],[2.374366,48.876693],[2.374363,48.876711],[2.374402,48.876721],[2.374482,48.876663],[2.374534,48.876628],[2.374566,48.876607],[2.374636,48.876566],[2.374645,48.876561],[2.37465,48.876531],[2.374651,48.876529],[2.374642,48.876519],[2.374581,48.876446]]],[[[2.376598,48.875153],[2.376443,48.875116],[2.376412,48.875134],[2.376452,48.875227],[2.376493,48.87532],[2.376528,48.875333],[2.376721,48.875299],[2.376742,48.875275],[2.376725,48.875225],[2.376639,48.875163],[2.376598,48.875153]]],[[[2.376747,48.875111],[2.376791,48.875143],[2.376841,48.875076],[2.376458,48.874953],[2.376356,48.875013],[2.376359,48.875019],[2.376747,48.875111]]]],"type":"MultiPolygon"},"properties":{"id_projet":"ELEMENTAIRES (année scolaire 2023/2024)","libelle":"SIMON BOLIVAR (67) ELEM","zone_commune":0,"etiquette":"Secteur de l'école 67 AVENUE SIMON BOLIVAR","lib_etab_1":"SIMON BOLIVAR (67) ELEM","lib_etab_2":null,"lib_etab_3":null,"lib_etab_4":null,"adr_etab_1":"67 AVENUE SIMON BOLIVAR","adr_etab_2":null,"adr_etab_3":null,"adr_etab_4":null,"annee_scol":"2023-2024","st_area_shape":96344.84683132629,"st_perimeter_shape":5020.105871913857,"type_etabl":"Elémentaire","geo_point_2d":{"lon":2.3752670039488373,"lat":48.87619290303173}}},{"type":"Feature","geometry":{"coordinates":[[[[2.379604,48.874014],[2.37974,48.873037],[2.378622,48.872692],[2.377639,48.874141],[2.379432,48.874665],[2.379604,48.874014]]],[[[2.378025,48.873052],[2.378234,48.872583],[2.377126,48.872322],[2.376556,48.8728],[2.376806,48.872991],[2.377299,48.872652],[2.37736,48.87305],[2.378025,48.873052]]],[[[2.376223,48.873785],[2.377428,48.874005],[2.377887,48.87327],[2.37714,48.87286],[2.376563,48.873336],[2.376258,48.873067],[2.375438,48.873906],[2.376078,48.874028],[2.376223,48.873785]]],[[[2.376692,48.874033],[2.377023,48.873905],[2.376607,48.873792],[2.376451,48.874043],[2.376692,48.874033]]],[[[2.382893,48.873624],[2.379946,48.872924],[2.379808,48.873883],[2.381532,48.874349],[2.382893,48.873624]]],[[[2.37999,48.874046],[2.379688,48.874726],[2.381458,48.874425],[2.37999,48.874046]]],[[[2.382311,48.874846],[2.382809,48.873923],[2.381369,48.874606],[2.382311,48.874846]]],[[[2.383412,48.873586],[2.383064,48.873556],[2.382436,48.874872],[2.383638,48.874161],[2.384916,48.87386],[2.383412,48.873586]]],[[[2.383307,48.875309],[2.383953,48.874495],[2.38532,48.87402],[2.383407,48.874513],[2.382485,48.875241],[2.383307,48.875309]]],[[[2.381524,48.874763],[2.381237,48.874745],[2.381842,48.875443],[2.382442,48.87499],[2.381524,48.874763]]],[[[2.382203,48.875632],[2.382351,48.875569],[2.382395,48.875579],[2.382505,48.875419],[2.382392,48.875349],[2.38235,48.87535],[2.382048,48.875597],[2.382043,48.875644],[2.382061,48.875647],[2.382096,48.875658],[2.382145,48.875639],[2.382203,48.875632]]],[[[2.381053,48.874751],[2.380634,48.874784],[2.381324,48.875822],[2.381716,48.875513],[2.381053,48.874751]]],[[[2.380619,48.875787],[2.381208,48.875822],[2.380527,48.874797],[2.379804,48.874829],[2.380619,48.875787]]],[[[2.380336,48.875755],[2.379779,48.874911],[2.378929,48.874733],[2.378765,48.875243],[2.379631,48.876179],[2.380336,48.875755]]],[[[2.378647,48.876106],[2.379456,48.876202],[2.378696,48.875375],[2.378281,48.876315],[2.378647,48.876106]]],[[[2.3784,48.875604],[2.378768,48.874709],[2.376971,48.874227],[2.375907,48.874333],[2.376356,48.875013],[2.377695,48.875328],[2.377442,48.875927],[2.377958,48.876125],[2.377962,48.875548],[2.378312,48.875328],[2.378034,48.875661],[2.378089,48.876359],[2.3784,48.875604]]]],"type":"MultiPolygon"},"properties":{"id_projet":"ELEMENTAIRES (année scolaire 2024/2025)","libelle":"G.GENERAL LASALLE/RAMPAL","zone_commune":1,"etiquette":"Secteur commun des écoles \n11 RUE RAMPAL \n1 RUE DU GENERAL LASALLE","lib_etab_1":"RAMPAL (11) ELEM","lib_etab_2":"GENERAL LASALLE (1) ELEM","lib_etab_3":null,"lib_etab_4":null,"adr_etab_1":"11 RUE RAMPAL","adr_etab_2":"1 RUE DU GENERAL LASALLE","adr_etab_3":null,"adr_etab_4":null,"annee_scol":"2024-2025","st_area_shape":138707.49278983963,"st_perimeter_shape":7071.588793870966,"type_etabl":"Elémentaire","geo_point_2d":{"lon":2.379735304526673,"lat":48.87428795815706}}}]}