{"type":"FeatureCollection","features":[{"type":"Feature","geometry":{"coordinates":[[[[2.319781,48.898199],[2.314526,48.896194],[2.312987,48.896923],[2.312825,48.896753],[2.313311,48.896344],[2.312292,48.895577],[2.31089,48.896297],[2.311639,48.896973],[2.310973,48.896721],[2.31074,48.896991],[2.31228,48.897732],[2.318602,48.89969],[2.321482,48.898958],[2.319781,48.898199]]],[[[2.323015,48.898443],[2.322958,48.897679],[2.321499,48.897547],[2.314121,48.894848],[2.312485,48.895381],[2.313543,48.896243],[2.314538,48.895937],[2.321991,48.898792],[2.323015,48.898443]]],[[[2.323586,48.900404],[2.323885,48.899156],[2.323726,48.900171],[2.328625,48.900284],[2.328677,48.8992],[2.322552,48.89901],[2.322456,48.899941],[2.323058,48.899954],[2.323048,48.900205],[2.322187,48.900089],[2.322193,48.899066],[2.319883,48.899664],[2.319663,48.900076],[2.3219,48.900814],[2.323477,48.900868],[2.323586,48.900404]]],[[[2.318226,48.894878],[2.317329,48.893775],[2.317044,48.89387],[2.316119,48.893068],[2.315453,48.893182],[2.31815,48.891541],[2.317903,48.891379],[2.316727,48.891811],[2.317657,48.891156],[2.316889,48.890568],[2.315418,48.89104],[2.313124,48.892434],[2.313115,48.893141],[2.314049,48.893637],[2.313685,48.894162],[2.315259,48.893207],[2.315563,48.893389],[2.314409,48.894076],[2.318226,48.894878]]],[[[2.32272,48.896994],[2.322171,48.896307],[2.32163,48.896487],[2.322142,48.89624],[2.321881,48.895934],[2.320259,48.89603],[2.319974,48.89569],[2.318555,48.895373],[2.318429,48.895933],[2.319032,48.896038],[2.318654,48.896051],[2.321712,48.897214],[2.322907,48.897315],[2.32272,48.896994]]],[[[2.328743,48.89891],[2.328983,48.898845],[2.328405,48.897791],[2.32663,48.897817],[2.326656,48.898864],[2.328743,48.89891]]],[[[2.319773,48.893281],[2.318524,48.891705],[2.31808,48.891941],[2.319866,48.894402],[2.320494,48.89419],[2.319773,48.893281]]],[[[2.309563,48.894059],[2.311395,48.894818],[2.309915,48.895758],[2.310213,48.896024],[2.312626,48.894583],[2.31181,48.894012],[2.311146,48.89445],[2.309563,48.894059]]],[[[2.323967,48.897156],[2.323036,48.896],[2.322582,48.896157],[2.323058,48.896754],[2.322328,48.89625],[2.323157,48.897286],[2.32408,48.89734],[2.323967,48.897156]]],[[[2.317948,48.892045],[2.317677,48.892173],[2.319362,48.894536],[2.319703,48.894475],[2.317948,48.892045]]],[[[2.319114,48.894587],[2.318611,48.893746],[2.317714,48.894032],[2.31857,48.894716],[2.319114,48.894587]]],[[[2.31643,48.895016],[2.316085,48.894489],[2.316604,48.895164],[2.316309,48.894496],[2.316789,48.895133],[2.317674,48.894939],[2.315835,48.894446],[2.31643,48.895016]]],[[[2.320289,48.895248],[2.319686,48.894601],[2.318461,48.894999],[2.320289,48.895248]]],[[[2.324533,48.897709],[2.324168,48.898123],[2.324758,48.898537],[2.325261,48.898336],[2.324533,48.897709]]],[[[2.318296,48.89589],[2.318381,48.895077],[2.317688,48.895051],[2.317595,48.89565],[2.318296,48.89589]]],[[[2.320596,48.895237],[2.320702,48.894934],[2.321176,48.895046],[2.320595,48.894317],[2.319961,48.894518],[2.320596,48.895237]]],[[[2.329024,48.899231],[2.32882,48.900195],[2.329462,48.900419],[2.329024,48.899231]]],[[[2.324792,48.896411],[2.32379,48.896715],[2.324234,48.897255],[2.324792,48.896411]]],[[[2.316994,48.893768],[2.317309,48.893749],[2.316598,48.892813],[2.31616,48.893045],[2.316994,48.893768]]],[[[2.323857,48.897695],[2.323456,48.897751],[2.323617,48.898652],[2.323857,48.897695]]],[[[2.323806,48.896628],[2.324805,48.896295],[2.323353,48.896181],[2.323806,48.896628]]],[[[2.326232,48.898706],[2.326353,48.897897],[2.325725,48.898234],[2.326232,48.898706]]],[[[2.325992,48.897883],[2.324904,48.897717],[2.325414,48.898131],[2.325992,48.897883]]],[[[2.314419,48.894191],[2.314057,48.894303],[2.315324,48.894706],[2.314419,48.894191]]],[[[2.32557,48.898437],[2.32492,48.898828],[2.32608,48.898851],[2.32557,48.898437]]],[[[2.317577,48.892306],[2.317257,48.892471],[2.317705,48.893081],[2.318038,48.892996],[2.317577,48.892306]]],[[[2.329578,48.900882],[2.329503,48.90051],[2.328739,48.900494],[2.328725,48.900804],[2.329578,48.900882]]],[[[2.317075,48.892594],[2.316756,48.892761],[2.317137,48.893262],[2.317471,48.893177],[2.317075,48.892594]]],[[[2.317514,48.895454],[2.317589,48.895071],[2.316881,48.895302],[2.317514,48.895454]]],[[[2.325329,48.896982],[2.324685,48.897353],[2.325636,48.897246],[2.325329,48.896982]]],[[[2.324179,48.898327],[2.324004,48.898742],[2.32474,48.898824],[2.324179,48.898327]]],[[[2.315433,48.894392],[2.315276,48.894361],[2.315249,48.894383],[2.315339,48.894495],[2.315407,48.89458],[2.315522,48.894724],[2.31568,48.894922],[2.315887,48.895],[2.315892,48.895002],[2.315955,48.895026],[2.316117,48.895087],[2.316119,48.895088],[2.316129,48.895077],[2.315989,48.894896],[2.315932,48.894823],[2.315886,48.894762],[2.315836,48.894698],[2.31569,48.894508],[2.315649,48.894455],[2.315596,48.894424],[2.315433,48.894392]]],[[[2.318164,48.893127],[2.31782,48.893237],[2.318222,48.893667],[2.318455,48.893537],[2.318164,48.893127]]],[[[2.317599,48.893307],[2.317255,48.893417],[2.317861,48.893782],[2.317599,48.893307]]],[[[2.321096,48.900672],[2.320682,48.900552],[2.320671,48.900559],[2.320534,48.900636],[2.32035,48.900741],[2.320387,48.900763],[2.321079,48.900787],[2.321681,48.900807],[2.321096,48.900672]]],[[[2.322648,48.896085],[2.32203,48.895893],[2.322273,48.896199],[2.322648,48.896085]]],[[[2.325129,48.896933],[2.325339,48.896831],[2.325076,48.896665],[2.324782,48.896957],[2.325129,48.896933]]],[[[2.324842,48.897059],[2.324711,48.896989],[2.324535,48.897195],[2.324533,48.897199],[2.324517,48.897225],[2.32444,48.897348],[2.324622,48.897352],[2.3247,48.897261],[2.32485,48.897085],[2.324842,48.897059]]],[[[2.321649,48.895753],[2.321661,48.895718],[2.321675,48.895678],[2.32154,48.895659],[2.321528,48.895702],[2.32151,48.89576],[2.32162,48.895835],[2.321637,48.895787],[2.321649,48.895753]]]],"type":"MultiPolygon"},"properties":{"id_projet":"COLLEGES (année scolaire 2020/2021)","libelle":"HONORE DE BALZAC","annee_scol":"2020-2021","zone_commune":0,"etiquette":"Secteur du collège HONORE DE BALZAC","lib_etab_1":"HONORE DE BALZAC","lib_etab_2":null,"lib_etab_3":null,"lib_etab_4":null,"adr_etab_1":"118 BOULEVARD BESSIERES","adr_etab_2":null,"adr_etab_3":null,"adr_etab_4":null,"st_area_shape":569194.0323302031,"st_perimeter_shape":19980.97217890774,"type_etabl":"Collège","geo_point_2d":{"lon":2.3188696546848058,"lat":48.89661319225932}}},{"type":"Feature","geometry":{"coordinates":[[[[2.310671,48.88492],[2.312489,48.883303],[2.310423,48.883128],[2.308935,48.884029],[2.310671,48.88492]]],[[[2.312964,48.885638],[2.314703,48.8845],[2.3144,48.884334],[2.313052,48.885463],[2.313325,48.884909],[2.31278,48.885314],[2.31318,48.884823],[2.312361,48.885055],[2.313929,48.884057],[2.313606,48.883879],[2.311022,48.885122],[2.312354,48.886059],[2.312964,48.885638]]],[[[2.30808,48.890513],[2.309505,48.889676],[2.309255,48.889487],[2.30942,48.888692],[2.309008,48.888831],[2.308908,48.889806],[2.308664,48.889888],[2.308862,48.88888],[2.308145,48.88909],[2.30853,48.8895],[2.307753,48.889222],[2.306673,48.889585],[2.307714,48.890758],[2.30808,48.890513]]],[[[2.30563,48.881142],[2.305977,48.880809],[2.303753,48.879687],[2.302945,48.880351],[2.305174,48.881453],[2.30563,48.881142]]],[[[2.307652,48.880754],[2.308304,48.88043],[2.307294,48.880214],[2.307168,48.880469],[2.307209,48.880195],[2.304971,48.879715],[2.30473,48.880023],[2.306793,48.881087],[2.307652,48.880754]]],[[[2.307751,48.887235],[2.308201,48.886869],[2.306565,48.886004],[2.305622,48.886741],[2.3064,48.88731],[2.307751,48.887235]]],[[[2.309221,48.885153],[2.309989,48.885557],[2.310585,48.885035],[2.309343,48.884391],[2.308183,48.885408],[2.309588,48.885858],[2.309954,48.885583],[2.309221,48.885153]]],[[[2.304177,48.882175],[2.30112,48.88134],[2.300901,48.881529],[2.302962,48.882705],[2.304177,48.882175]]],[[[2.316226,48.885222],[2.316955,48.884523],[2.316636,48.884372],[2.317017,48.884463],[2.317676,48.88383],[2.317281,48.883651],[2.31779,48.883133],[2.31766,48.882909],[2.315595,48.884855],[2.316226,48.885222]]],[[[2.307236,48.883145],[2.307969,48.88294],[2.30568,48.881831],[2.304782,48.88218],[2.307236,48.883145]]],[[[2.308882,48.880651],[2.306587,48.881458],[2.307668,48.882012],[2.308882,48.880651]]],[[[2.306321,48.883805],[2.307699,48.884579],[2.30847,48.883981],[2.307285,48.883424],[2.306321,48.883805]]],[[[2.315543,48.884746],[2.316586,48.883728],[2.315713,48.883365],[2.314681,48.88432],[2.315543,48.884746]]],[[[2.304155,48.881093],[2.303107,48.881766],[2.304378,48.882112],[2.30536,48.881723],[2.304155,48.881093]]],[[[2.308222,48.885642],[2.307294,48.88624],[2.308309,48.886789],[2.309362,48.886028],[2.308222,48.885642]]],[[[2.307457,48.888179],[2.307801,48.888133],[2.307627,48.888423],[2.308002,48.888932],[2.310167,48.888274],[2.307098,48.887931],[2.307457,48.888179]]],[[[2.312842,48.881048],[2.312363,48.881254],[2.31343,48.881836],[2.315225,48.881362],[2.312842,48.881048]]],[[[2.306567,48.88159],[2.305842,48.881776],[2.308226,48.882928],[2.308794,48.882821],[2.306567,48.88159]]],[[[2.315062,48.883054],[2.31476,48.882937],[2.313783,48.883815],[2.314581,48.884257],[2.315604,48.883311],[2.315062,48.883054]]],[[[2.302815,48.879251],[2.30234,48.879178],[2.300532,48.880914],[2.300972,48.881131],[2.302815,48.879251]]],[[[2.306077,48.883809],[2.305153,48.883918],[2.307138,48.885019],[2.307601,48.884691],[2.306077,48.883809]]],[[[2.310178,48.887369],[2.311273,48.887689],[2.309214,48.886371],[2.308767,48.886678],[2.310348,48.887749],[2.310724,48.887733],[2.310178,48.887369]]],[[[2.302128,48.879105],[2.301677,48.879034],[2.300027,48.880269],[2.300344,48.880763],[2.302128,48.879105]]],[[[2.310895,48.887125],[2.310405,48.886813],[2.310775,48.88656],[2.312121,48.887169],[2.311242,48.8866],[2.309599,48.886079],[2.309271,48.886303],[2.311346,48.887645],[2.310895,48.887125]]],[[[2.299081,48.87845],[2.298671,48.878467],[2.299468,48.87956],[2.300607,48.878858],[2.299081,48.87845]]],[[[2.316922,48.883481],[2.317542,48.882899],[2.316967,48.883331],[2.316393,48.883009],[2.316208,48.883182],[2.315683,48.882906],[2.31595,48.882627],[2.315629,48.88219],[2.315345,48.882433],[2.315532,48.882552],[2.314854,48.882853],[2.316682,48.883684],[2.316922,48.883481]]],[[[2.305301,48.883071],[2.304937,48.882915],[2.305375,48.882502],[2.304437,48.882326],[2.304558,48.883588],[2.305764,48.883461],[2.305301,48.883071]]],[[[2.313801,48.883587],[2.314815,48.882707],[2.314505,48.882538],[2.314172,48.882846],[2.314462,48.882515],[2.314114,48.882367],[2.312954,48.883207],[2.313801,48.883587]]],[[[2.309446,48.88125],[2.309158,48.880997],[2.309111,48.882684],[2.310214,48.882162],[2.309446,48.88125]]],[[[2.312786,48.883125],[2.313949,48.882237],[2.312029,48.882417],[2.312786,48.883125]]],[[[2.300751,48.879537],[2.301481,48.87899],[2.300885,48.878838],[2.299558,48.879677],[2.299934,48.880148],[2.300751,48.879537]]],[[[2.311256,48.880857],[2.30992,48.880738],[2.31122,48.881696],[2.312069,48.881034],[2.311256,48.880857]]],[[[2.308926,48.88127],[2.308875,48.880979],[2.307801,48.882108],[2.308858,48.88264],[2.308926,48.88127]]],[[[2.312211,48.886595],[2.312575,48.886363],[2.310883,48.885211],[2.310414,48.885441],[2.312211,48.886595]]],[[[2.313059,48.883535],[2.31084,48.885027],[2.313497,48.88382],[2.313059,48.883535]]],[[[2.310353,48.882102],[2.311001,48.881804],[2.309297,48.880718],[2.310353,48.882102]]],[[[2.31511,48.885951],[2.316095,48.885316],[2.315466,48.884974],[2.314495,48.885889],[2.31511,48.885951]]],[[[2.312804,48.881969],[2.313222,48.881839],[2.312279,48.881324],[2.311538,48.881899],[2.311835,48.882175],[2.312804,48.881969]],[[2.312217,48.881806],[2.312267,48.881766],[2.312382,48.881676],[2.312424,48.881699],[2.312334,48.881768],[2.31226,48.881825],[2.312217,48.881806]]],[[[2.30301,48.88054],[2.301768,48.881401],[2.303538,48.880822],[2.30301,48.88054]]],[[[2.306005,48.883412],[2.306935,48.88319],[2.305567,48.882554],[2.305223,48.882847],[2.306005,48.883412]]],[[[2.316337,48.885459],[2.315259,48.886177],[2.315577,48.886343],[2.315359,48.88651],[2.316667,48.885675],[2.316337,48.885459]]],[[[2.307501,48.88821],[2.306309,48.889104],[2.306556,48.889424],[2.307675,48.889029],[2.307196,48.888615],[2.307501,48.88821]]],[[[2.317489,48.884867],[2.317732,48.884628],[2.317254,48.884394],[2.316331,48.885311],[2.316791,48.885552],[2.317489,48.884867]]],[[[2.309138,48.883248],[2.307676,48.88341],[2.308609,48.883867],[2.309138,48.883248]]],[[[2.307565,48.88761],[2.307342,48.887801],[2.309087,48.888],[2.310792,48.887951],[2.307565,48.88761]]],[[[2.302399,48.880245],[2.301278,48.881252],[2.301622,48.881343],[2.3027,48.880414],[2.302399,48.880245]]],[[[2.309431,48.887683],[2.310028,48.88769],[2.308662,48.886787],[2.308294,48.887032],[2.309431,48.887683]]],[[[2.310985,48.885899],[2.310372,48.885476],[2.310093,48.885717],[2.312114,48.886656],[2.310985,48.885899]]],[[[2.311783,48.882533],[2.310681,48.88304],[2.312433,48.883191],[2.311783,48.882533]]],[[[2.304213,48.882466],[2.303258,48.882865],[2.30433,48.883407],[2.304213,48.882466]]],[[[2.303032,48.880104],[2.303595,48.879607],[2.303071,48.879367],[2.302364,48.880072],[2.302793,48.880302],[2.303032,48.880104]]],[[[2.307474,48.885407],[2.306663,48.885915],[2.307186,48.886179],[2.307878,48.885597],[2.307474,48.885407]]],[[[2.314896,48.882633],[2.3154,48.882221],[2.314857,48.881829],[2.314271,48.882253],[2.314896,48.882633]]],[[[2.307057,48.887756],[2.307223,48.887569],[2.305226,48.887321],[2.305164,48.887555],[2.307057,48.887756]]],[[[2.303727,48.880886],[2.302311,48.881549],[2.302935,48.881701],[2.303727,48.880886]]],[[[2.317968,48.884396],[2.318346,48.884025],[2.317873,48.883793],[2.317307,48.884344],[2.317968,48.884396]]],[[[2.305576,48.881623],[2.306633,48.881141],[2.30611,48.880901],[2.305384,48.881531],[2.305576,48.881623]]],[[[2.30919,48.884316],[2.308754,48.884177],[2.308213,48.884651],[2.308623,48.884843],[2.30919,48.884316]]],[[[2.30833,48.884851],[2.308069,48.884737],[2.307538,48.885227],[2.30803,48.885364],[2.30833,48.884851]]],[[[2.314333,48.88589],[2.315387,48.884901],[2.314843,48.884594],[2.315025,48.884938],[2.314333,48.88589]]],[[[2.308831,48.887609],[2.308189,48.887142],[2.307736,48.887452],[2.308831,48.887609]]],[[[2.303822,48.879468],[2.304582,48.879969],[2.304802,48.879699],[2.303822,48.879468]]],[[[2.305661,48.886925],[2.305269,48.887171],[2.30613,48.88725],[2.305661,48.886925]]],[[[2.305709,48.887903],[2.305724,48.8879],[2.305755,48.887896],[2.305755,48.887895],[2.305895,48.887879],[2.305897,48.88788],[2.305904,48.887886],[2.305906,48.887888],[2.306107,48.887831],[2.306102,48.887817],[2.306,48.887806],[2.305908,48.887795],[2.305904,48.887795],[2.305784,48.887781],[2.305532,48.887752],[2.30521,48.887715],[2.304934,48.887684],[2.304988,48.887743],[2.304957,48.887762],[2.305154,48.887899],[2.305162,48.8879],[2.305292,48.887915],[2.305306,48.887916],[2.305483,48.887936],[2.305557,48.887925],[2.305702,48.887904],[2.305709,48.887903]]],[[[2.309417,48.888663],[2.309871,48.888701],[2.310906,48.88806],[2.309417,48.888663]]],[[[2.313908,48.884477],[2.314106,48.88415],[2.313285,48.884759],[2.313908,48.884477]]],[[[2.31291,48.883448],[2.312773,48.883367],[2.312732,48.883369],[2.312573,48.883484],[2.312448,48.883575],[2.312323,48.883665],[2.31223,48.883732],[2.312118,48.883813],[2.312245,48.88389],[2.312368,48.883813],[2.312454,48.88376],[2.31259,48.883675],[2.312727,48.88359],[2.312911,48.883475],[2.31291,48.883448]]],[[[2.310247,48.885955],[2.309991,48.885789],[2.309949,48.88579],[2.309784,48.885915],[2.309793,48.885941],[2.310116,48.886044],[2.310323,48.886109],[2.310524,48.886173],[2.310549,48.88615],[2.310388,48.886046],[2.310247,48.885955]]],[[[2.314043,48.882171],[2.314435,48.881933],[2.313871,48.882026],[2.314043,48.882171]]],[[[2.300646,48.881099],[2.300641,48.881098],[2.300637,48.881099],[2.300632,48.881099],[2.300627,48.8811],[2.300622,48.881102],[2.300619,48.881103],[2.300617,48.881105],[2.300615,48.881107],[2.300612,48.88111],[2.300611,48.881112],[2.300609,48.881116],[2.300608,48.881118],[2.300608,48.881122],[2.300608,48.881124],[2.300609,48.881127],[2.300611,48.88113],[2.300746,48.881314],[2.300787,48.881316],[2.300864,48.881239],[2.300858,48.881212],[2.300662,48.881103],[2.300657,48.881101],[2.300655,48.881101],[2.300652,48.8811],[2.300646,48.881099]]],[[[2.306597,48.887874],[2.306583,48.887872],[2.306573,48.887879],[2.306556,48.887891],[2.306609,48.887922],[2.306619,48.887928],[2.306623,48.887931],[2.30669,48.88797],[2.306819,48.887907],[2.306815,48.887899],[2.306597,48.887874]]]],"type":"MultiPolygon"},"properties":{"id_projet":"COLLEGES (année scolaire 2026/2027)","libelle":"CARNOT","annee_scol":"2026-2027","zone_commune":0,"etiquette":"Secteur du collège CARNOT","lib_etab_1":"CARNOT","lib_etab_2":null,"lib_etab_3":null,"lib_etab_4":null,"adr_etab_1":"145 BOULEVARD MALESHERBES","adr_etab_2":null,"adr_etab_3":null,"adr_etab_4":null,"st_area_shape":537839.3166189747,"st_perimeter_shape":29939.87036376458,"type_etabl":"Collège","geo_point_2d":{"lon":2.308750190945216,"lat":48.883686775376205}}},{"type":"Feature","geometry":{"coordinates":[[[[2.309334,48.893977],[2.311146,48.89445],[2.31181,48.894012],[2.312626,48.894583],[2.31238,48.894177],[2.308241,48.89233],[2.308735,48.892123],[2.313685,48.894162],[2.314049,48.893637],[2.313115,48.893141],[2.313196,48.892334],[2.316735,48.890544],[2.317657,48.891156],[2.316817,48.89188],[2.318175,48.891435],[2.314134,48.887485],[2.311087,48.887949],[2.309008,48.888831],[2.308908,48.889806],[2.3086,48.889806],[2.308862,48.88888],[2.308145,48.88909],[2.30853,48.8895],[2.307753,48.889222],[2.306673,48.889585],[2.307714,48.890758],[2.309841,48.889475],[2.311165,48.890306],[2.308471,48.892098],[2.307152,48.891464],[2.305475,48.892394],[2.306746,48.891615],[2.304286,48.890453],[2.301877,48.891873],[2.304247,48.893358],[2.304002,48.893534],[2.303623,48.893761],[2.301142,48.892542],[2.300813,48.892687],[2.305667,48.895072],[2.304614,48.894382],[2.305193,48.893948],[2.307219,48.895146],[2.309696,48.895969],[2.310175,48.895992],[2.309915,48.895758],[2.311395,48.894818],[2.309334,48.893977]]],[[[2.315501,48.888085],[2.315832,48.88834],[2.317502,48.887334],[2.31659,48.886584],[2.317592,48.886192],[2.316882,48.885782],[2.314361,48.887352],[2.315501,48.888085]]],[[[2.31826,48.891237],[2.318543,48.891402],[2.319966,48.890555],[2.318608,48.88957],[2.317344,48.890274],[2.31826,48.891237]]],[[[2.307508,48.887416],[2.308201,48.886869],[2.306572,48.886006],[2.305622,48.886741],[2.3064,48.88731],[2.307508,48.887416]]],[[[2.314287,48.885362],[2.314712,48.884531],[2.314424,48.884563],[2.31237,48.886049],[2.313142,48.886568],[2.314287,48.885362]]],[[[2.307457,48.888179],[2.307801,48.888133],[2.307627,48.888423],[2.308002,48.888932],[2.310167,48.888274],[2.307098,48.887931],[2.307457,48.888179]]],[[[2.310178,48.887369],[2.311273,48.887689],[2.309214,48.886371],[2.308767,48.886678],[2.310348,48.887749],[2.310724,48.887733],[2.310178,48.887369]]],[[[2.31176,48.887385],[2.312121,48.887169],[2.310775,48.88656],[2.310405,48.886813],[2.309583,48.886081],[2.309271,48.886303],[2.311346,48.887645],[2.31176,48.887385]]],[[[2.317978,48.88907],[2.316873,48.889647],[2.317227,48.890149],[2.3185,48.889491],[2.317978,48.88907]]],[[[2.316334,48.889214],[2.316706,48.889603],[2.31731,48.88925],[2.317011,48.889015],[2.317412,48.889191],[2.3178,48.888939],[2.31721,48.888527],[2.316334,48.889214]]],[[[2.314623,48.886559],[2.315264,48.886032],[2.314495,48.885889],[2.314039,48.886319],[2.313892,48.887048],[2.314623,48.886559]]],[[[2.318052,48.887338],[2.318406,48.887668],[2.319244,48.887158],[2.318458,48.886697],[2.317809,48.887085],[2.318052,48.887338]]],[[[2.307501,48.88821],[2.306309,48.889104],[2.306556,48.889424],[2.307675,48.889029],[2.307196,48.888615],[2.307501,48.88821]]],[[[2.318366,48.887867],[2.317453,48.888408],[2.318045,48.888821],[2.318817,48.888371],[2.318366,48.887867]]],[[[2.307994,48.886621],[2.30835,48.886786],[2.309357,48.886013],[2.307891,48.886319],[2.307463,48.886095],[2.307298,48.88625],[2.307994,48.886621]]],[[[2.307565,48.88761],[2.307342,48.887801],[2.309087,48.888],[2.310792,48.887951],[2.307565,48.88761]]],[[[2.312774,48.887084],[2.311499,48.887699],[2.313528,48.887394],[2.312774,48.887084]]],[[[2.309166,48.887641],[2.310028,48.88769],[2.308662,48.886787],[2.308294,48.887032],[2.309166,48.887641]]],[[[2.318942,48.888469],[2.318152,48.888929],[2.318755,48.889353],[2.319416,48.888997],[2.318942,48.888469]]],[[[2.317912,48.887393],[2.316885,48.887983],[2.317347,48.8883],[2.31824,48.887769],[2.317912,48.887393]]],[[[2.31597,48.88883],[2.31617,48.889001],[2.317104,48.888419],[2.316684,48.888105],[2.31581,48.88863],[2.31597,48.88883]]],[[[2.315368,48.886233],[2.314098,48.887131],[2.315498,48.886594],[2.315368,48.886233]]],[[[2.320012,48.889584],[2.319459,48.889905],[2.320212,48.890439],[2.320596,48.890193],[2.320012,48.889584]]],[[[2.307034,48.887764],[2.307223,48.887569],[2.305226,48.887321],[2.305164,48.887555],[2.307034,48.887764]]],[[[2.318484,48.88779],[2.318977,48.888273],[2.319078,48.887766],[2.319697,48.887555],[2.319348,48.887243],[2.318484,48.88779]]],[[[2.319544,48.889094],[2.318862,48.889459],[2.319332,48.889811],[2.319909,48.889475],[2.319544,48.889094]]],[[[2.314401,48.885665],[2.315025,48.884938],[2.314843,48.884594],[2.314401,48.885665]]],[[[2.308705,48.887596],[2.308189,48.887142],[2.307736,48.887452],[2.308705,48.887596]]],[[[2.313729,48.886994],[2.313732,48.886325],[2.313234,48.886657],[2.313729,48.886994]]],[[[2.305661,48.886925],[2.305269,48.887171],[2.30613,48.88725],[2.305661,48.886925]]],[[[2.317503,48.886858],[2.31772,48.887021],[2.318287,48.886681],[2.318066,48.886522],[2.317503,48.886858]]],[[[2.312679,48.886454],[2.312191,48.8867],[2.312646,48.886809],[2.3129,48.886651],[2.312679,48.886454]]],[[[2.305306,48.887916],[2.306107,48.887831],[2.304934,48.887684],[2.305306,48.887916]]],[[[2.313114,48.88673],[2.312838,48.886906],[2.313619,48.887073],[2.313114,48.88673]]],[[[2.317584,48.88588],[2.317589,48.885876],[2.317182,48.885628],[2.317006,48.88566],[2.316993,48.885673],[2.316991,48.885676],[2.31699,48.885678],[2.316989,48.885679],[2.316988,48.885682],[2.316988,48.885684],[2.316988,48.885688],[2.316988,48.88569],[2.31699,48.885693],[2.316991,48.885695],[2.316995,48.885702],[2.317037,48.885726],[2.317039,48.885727],[2.317063,48.885741],[2.31707,48.885746],[2.317073,48.885747],[2.317108,48.885768],[2.317132,48.885782],[2.317139,48.885786],[2.31714,48.885787],[2.317199,48.88582],[2.317201,48.885821],[2.317208,48.885825],[2.317236,48.885841],[2.317268,48.885861],[2.317269,48.885861],[2.31727,48.885862],[2.317306,48.885883],[2.317329,48.885896],[2.317337,48.885901],[2.317339,48.885902],[2.317377,48.885924],[2.317477,48.885978],[2.317475,48.885979],[2.317599,48.886052],[2.317713,48.886119],[2.317734,48.886117],[2.31773,48.885949],[2.317722,48.885945],[2.3177,48.885935],[2.317687,48.885929],[2.317607,48.885891],[2.317584,48.88588]]],[[[2.317864,48.886351],[2.317757,48.886288],[2.317716,48.886288],[2.317568,48.886376],[2.31742,48.886464],[2.317311,48.886528],[2.317171,48.886611],[2.317137,48.886631],[2.317139,48.886658],[2.31728,48.88673],[2.317328,48.886701],[2.317446,48.88663],[2.317562,48.88656],[2.317705,48.886474],[2.317865,48.886378],[2.317864,48.886351]]],[[[2.318152,48.88635],[2.318487,48.886342],[2.318109,48.88611],[2.317875,48.88619],[2.318152,48.88635]]],[[[2.306949,48.885884],[2.306663,48.885915],[2.307179,48.886182],[2.306949,48.885884]]],[[[2.312144,48.886884],[2.31181,48.886779],[2.311786,48.886801],[2.312029,48.886958],[2.312168,48.887048],[2.31224,48.887095],[2.312281,48.887096],[2.312291,48.887089],[2.312357,48.887049],[2.312433,48.887001],[2.312427,48.886974],[2.312292,48.886932],[2.312144,48.886884]]],[[[2.319257,48.886826],[2.318977,48.886857],[2.319384,48.887097],[2.319257,48.886826]]],[[[2.318865,48.886688],[2.318938,48.88657],[2.31887,48.886607],[2.318854,48.886595],[2.318839,48.886584],[2.318797,48.886554],[2.318773,48.886536],[2.31875,48.886519],[2.318692,48.886477],[2.318661,48.886501],[2.318633,48.886497],[2.318633,48.886517],[2.318629,48.88654],[2.318623,48.886561],[2.318614,48.886577],[2.318611,48.88658],[2.318597,48.886599],[2.318594,48.886603],[2.318579,48.886618],[2.318574,48.886623],[2.318704,48.886698],[2.318841,48.886778],[2.318872,48.886779],[2.318865,48.886688]]],[[[2.303439,48.890095],[2.30338,48.890074],[2.302971,48.890389],[2.302962,48.890474],[2.302967,48.890476],[2.303059,48.890407],[2.303105,48.890373],[2.303443,48.890119],[2.303439,48.890095]]],[[[2.306597,48.887874],[2.306583,48.887872],[2.306573,48.887879],[2.306556,48.887891],[2.306609,48.887922],[2.306619,48.887928],[2.306623,48.887931],[2.30669,48.88797],[2.306819,48.887907],[2.306815,48.887899],[2.306597,48.887874]]]],"type":"MultiPolygon"},"properties":{"id_projet":"COLLEGES (année scolaire 2021/2022)","libelle":"ROSE BLANCHE","annee_scol":"2021-2022","zone_commune":0,"etiquette":"Secteur du collège ROSE BLANCHE","lib_etab_1":"ROSE BLANCHE","lib_etab_2":null,"lib_etab_3":null,"lib_etab_4":null,"adr_etab_1":"101 RUE DE SAUSSURE","adr_etab_2":null,"adr_etab_3":null,"adr_etab_4":null,"st_area_shape":702287.6229918568,"st_perimeter_shape":20606.993705912115,"type_etabl":"Collège","geo_point_2d":{"lon":2.311067516213274,"lat":48.890452461420935}}},{"type":"Feature","geometry":{"coordinates":[[[[2.28482,48.885082],[2.286003,48.884037],[2.283408,48.882148],[2.284216,48.883164],[2.283642,48.883484],[2.282795,48.882858],[2.282187,48.883665],[2.28435,48.885345],[2.28482,48.885082]]],[[[2.291815,48.879032],[2.294002,48.87853],[2.29402,48.878306],[2.29221,48.877193],[2.29164,48.878091],[2.292164,48.8781],[2.291941,48.878843],[2.291709,48.878667],[2.291973,48.878258],[2.291616,48.878129],[2.291059,48.879007],[2.291815,48.879032]]],[[[2.290067,48.877824],[2.290933,48.876646],[2.290478,48.876505],[2.289422,48.87759],[2.289843,48.87697],[2.289105,48.876151],[2.288324,48.877742],[2.28921,48.878295],[2.289833,48.877779],[2.289285,48.878354],[2.289563,48.878459],[2.290067,48.877824]]],[[[2.290552,48.87896],[2.288419,48.878152],[2.28808,48.878238],[2.287699,48.879021],[2.288234,48.878919],[2.288084,48.879179],[2.289317,48.879608],[2.290742,48.879278],[2.290552,48.87896]]],[[[2.286877,48.882506],[2.287593,48.88289],[2.288329,48.882224],[2.287963,48.882048],[2.287382,48.882377],[2.287653,48.882173],[2.287287,48.881934],[2.287836,48.88146],[2.287013,48.880982],[2.286713,48.881203],[2.286782,48.880878],[2.286351,48.881175],[2.28617,48.880977],[2.286809,48.880524],[2.285613,48.880801],[2.286942,48.881809],[2.286464,48.882202],[2.28709,48.882331],[2.286877,48.882506]]],[[[2.291611,48.876817],[2.291984,48.876916],[2.2924,48.87642],[2.291335,48.875327],[2.289408,48.875919],[2.291611,48.876817]]],[[[2.284256,48.880595],[2.284812,48.880409],[2.283998,48.878646],[2.282432,48.879048],[2.284256,48.880595]]],[[[2.288417,48.886619],[2.288102,48.886361],[2.28665,48.886544],[2.286632,48.886913],[2.288648,48.887819],[2.28921,48.887206],[2.288417,48.886619]]],[[[2.297239,48.877182],[2.296679,48.876462],[2.295209,48.877551],[2.295669,48.878147],[2.297598,48.877707],[2.297239,48.877182]]],[[[2.285889,48.884894],[2.285713,48.884751],[2.284732,48.885638],[2.285655,48.886265],[2.287376,48.886049],[2.285889,48.884894]]],[[[2.287275,48.879331],[2.287887,48.878198],[2.287702,48.878019],[2.285052,48.878033],[2.287275,48.879331]]],[[[2.281863,48.881747],[2.280697,48.881924],[2.280908,48.882879],[2.28172,48.883511],[2.282513,48.882588],[2.281863,48.881747]]],[[[2.285744,48.880205],[2.286604,48.880176],[2.286318,48.879322],[2.28445,48.878331],[2.285227,48.880122],[2.285744,48.880205]]],[[[2.288719,48.881873],[2.289094,48.881532],[2.288298,48.881101],[2.288826,48.880677],[2.288035,48.880239],[2.286874,48.880509],[2.286911,48.880847],[2.288719,48.881873]]],[[[2.293186,48.874737],[2.291512,48.875271],[2.292526,48.876272],[2.293596,48.875005],[2.293186,48.874737]]],[[[2.285685,48.877116],[2.284451,48.877495],[2.284863,48.877883],[2.287717,48.877885],[2.285685,48.877116]]],[[[2.287916,48.883529],[2.287442,48.883321],[2.286568,48.884098],[2.286912,48.884312],[2.288655,48.884176],[2.287916,48.883529]]],[[[2.289654,48.880616],[2.289938,48.88077],[2.291128,48.879691],[2.288721,48.88008],[2.289654,48.880616]]],[[[2.290818,48.878919],[2.291409,48.878089],[2.290355,48.877707],[2.28969,48.878505],[2.290818,48.878919]]],[[[2.292776,48.877342],[2.293236,48.87758],[2.293939,48.876294],[2.293551,48.875845],[2.292432,48.877129],[2.292776,48.877342]]],[[[2.28903,48.884597],[2.288646,48.884357],[2.287289,48.884546],[2.288878,48.885535],[2.28903,48.884597]]],[[[2.286458,48.882615],[2.286041,48.882457],[2.285717,48.883492],[2.286128,48.883825],[2.287147,48.883131],[2.286458,48.882615]]],[[[2.290755,48.877697],[2.291572,48.877968],[2.292087,48.877109],[2.291606,48.876923],[2.291135,48.877421],[2.291575,48.876899],[2.291096,48.876732],[2.290455,48.877576],[2.290755,48.877697]]],[[[2.284646,48.881475],[2.283811,48.881674],[2.284264,48.881903],[2.284195,48.882624],[2.284644,48.882903],[2.285092,48.881836],[2.284646,48.881475]]],[[[2.287316,48.876612],[2.285882,48.877066],[2.287799,48.877792],[2.287316,48.876612]]],[[[2.288335,48.877279],[2.288845,48.876097],[2.287462,48.876558],[2.288054,48.877703],[2.288335,48.877279]]],[[[2.285683,48.882127],[2.285225,48.881943],[2.284902,48.882983],[2.28546,48.883411],[2.285907,48.882349],[2.285683,48.882127]]],[[[2.294717,48.877036],[2.29634,48.875946],[2.296048,48.875537],[2.294812,48.876555],[2.294717,48.877036]]],[[[2.286229,48.879139],[2.28803,48.879875],[2.284227,48.877836],[2.286229,48.879139]]],[[[2.294168,48.876544],[2.294012,48.876416],[2.293322,48.877678],[2.29375,48.877982],[2.294123,48.877728],[2.294168,48.876544]]],[[[2.295811,48.876985],[2.296637,48.876385],[2.296419,48.876049],[2.294933,48.87723],[2.295167,48.877451],[2.295811,48.876985]]],[[[2.294109,48.875203],[2.293607,48.875732],[2.294329,48.876496],[2.294534,48.875293],[2.294109,48.875203]]],[[[2.289202,48.883956],[2.290319,48.883165],[2.289895,48.882982],[2.288897,48.88369],[2.289202,48.883956]]],[[[2.288587,48.88304],[2.289175,48.882628],[2.28868,48.882652],[2.288642,48.8823],[2.28769,48.882985],[2.288195,48.883323],[2.288587,48.88304]]],[[[2.29505,48.876198],[2.295964,48.875424],[2.295828,48.875239],[2.29502,48.875329],[2.294851,48.876333],[2.29505,48.876198]]],[[[2.288597,48.883578],[2.289758,48.882884],[2.289312,48.88269],[2.288364,48.883362],[2.288597,48.883578]]],[[[2.287811,48.879203],[2.287522,48.879465],[2.288226,48.879844],[2.289038,48.879671],[2.287811,48.879203]]],[[[2.295111,48.877625],[2.294586,48.87792],[2.294499,48.878391],[2.295516,48.878181],[2.295111,48.877625]]],[[[2.291221,48.880807],[2.290737,48.880249],[2.290062,48.880843],[2.290548,48.880778],[2.291375,48.881237],[2.291221,48.880807]]],[[[2.280526,48.87973],[2.280191,48.879692],[2.280379,48.880519],[2.280791,48.880552],[2.280526,48.87973]]],[[[2.286569,48.879847],[2.286817,48.880184],[2.287552,48.879999],[2.286546,48.879446],[2.286569,48.879847]]],[[[2.28851,48.881087],[2.289119,48.881416],[2.289591,48.881082],[2.288942,48.880739],[2.28851,48.881087]]],[[[2.281292,48.881057],[2.280527,48.881175],[2.280626,48.881607],[2.281482,48.88141],[2.281292,48.881057]]],[[[2.288243,48.880224],[2.288544,48.880387],[2.289637,48.880977],[2.289641,48.880974],[2.289648,48.880977],[2.289696,48.880938],[2.289766,48.880882],[2.289815,48.880843],[2.289808,48.880839],[2.289813,48.880835],[2.289655,48.880749],[2.289453,48.880641],[2.289239,48.880526],[2.289084,48.880442],[2.289013,48.880404],[2.288807,48.880293],[2.288716,48.880244],[2.288529,48.880143],[2.288523,48.880147],[2.288516,48.880144],[2.288261,48.88021],[2.288243,48.880224]]],[[[2.289243,48.882026],[2.289778,48.881807],[2.289378,48.88158],[2.28863,48.882134],[2.289243,48.882026]]],[[[2.288245,48.881703],[2.287885,48.881525],[2.287373,48.881932],[2.287732,48.882155],[2.288245,48.881703]]],[[[2.289446,48.88213],[2.290022,48.882426],[2.290493,48.882057],[2.290006,48.881783],[2.289705,48.882263],[2.289446,48.88213]]],[[[2.289887,48.876237],[2.289346,48.876071],[2.289926,48.876787],[2.290312,48.876426],[2.289887,48.876237]]],[[[2.285215,48.880957],[2.284815,48.881208],[2.285547,48.881548],[2.285215,48.880957]]],[[[2.286282,48.881582],[2.285936,48.881464],[2.286365,48.882113],[2.28668,48.88183],[2.286282,48.881582]]],[[[2.280963,48.880685],[2.280405,48.880637],[2.280503,48.881067],[2.281063,48.880936],[2.280963,48.880685]]],[[[2.289875,48.881717],[2.290199,48.88162],[2.289695,48.881171],[2.28939,48.881446],[2.289875,48.881717]]],[[[2.285354,48.88025],[2.285338,48.880524],[2.286123,48.880343],[2.285354,48.88025]]],[[[2.295052,48.875222],[2.295093,48.875221],[2.295146,48.87522],[2.295175,48.875219],[2.295212,48.875217],[2.295213,48.875218],[2.295227,48.875217],[2.295298,48.875212],[2.295298,48.875211],[2.295352,48.875207],[2.295406,48.875201],[2.295459,48.875195],[2.295508,48.875188],[2.295508,48.875189],[2.295579,48.875178],[2.295593,48.875176],[2.295592,48.875175],[2.295632,48.875168],[2.295671,48.87516],[2.29571,48.875152],[2.295746,48.875144],[2.295746,48.875146],[2.29576,48.875143],[2.295754,48.875134],[2.295751,48.875135],[2.295743,48.875124],[2.295745,48.875123],[2.29574,48.875115],[2.295738,48.875116],[2.295725,48.875099],[2.295727,48.875098],[2.295721,48.875089],[2.295719,48.87509],[2.295711,48.87508],[2.295713,48.875079],[2.295707,48.87507],[2.295705,48.875071],[2.295666,48.875017],[2.295668,48.875016],[2.295661,48.875007],[2.295659,48.875008],[2.295651,48.874997],[2.295654,48.874997],[2.295647,48.874988],[2.295645,48.874989],[2.295633,48.874972],[2.29507,48.875035],[2.295073,48.875035],[2.29507,48.875053],[2.295067,48.875053],[2.295065,48.875063],[2.295068,48.875063],[2.295066,48.875074],[2.295063,48.875074],[2.295062,48.875084],[2.295065,48.875084],[2.295055,48.875143],[2.295052,48.875143],[2.29505,48.875153],[2.295053,48.875153],[2.295051,48.875165],[2.295048,48.875165],[2.295046,48.875174],[2.295049,48.875174],[2.295046,48.875192],[2.295043,48.875192],[2.295042,48.875202],[2.295045,48.875202],[2.295042,48.875214],[2.29504,48.875214],[2.295038,48.875223],[2.295052,48.875223],[2.295052,48.875222]]],[[[2.294888,48.877353],[2.294606,48.877771],[2.295029,48.87755],[2.294888,48.877353]]],[[[2.282977,48.881404],[2.28317,48.881771],[2.283475,48.881428],[2.282977,48.881404]]],[[[2.288074,48.881978],[2.288099,48.882002],[2.288211,48.882056],[2.28841,48.882151],[2.288518,48.882053],[2.288627,48.881955],[2.288647,48.881936],[2.288385,48.881782],[2.288223,48.881884],[2.288074,48.881978]]],[[[2.286455,48.886531],[2.285979,48.886537],[2.286464,48.886775],[2.286455,48.886531]]],[[[2.293635,48.874887],[2.293816,48.874745],[2.293319,48.874673],[2.293635,48.874887]]],[[[2.294539,48.875184],[2.294554,48.875187],[2.294586,48.875002],[2.294279,48.874936],[2.294159,48.875078],[2.294172,48.875103],[2.29418,48.875105],[2.294179,48.875107],[2.294193,48.87511],[2.294194,48.875109],[2.294263,48.875127],[2.294262,48.875129],[2.294276,48.875133],[2.294323,48.875143],[2.294323,48.875143],[2.294333,48.875146],[2.294334,48.875145],[2.294395,48.875158],[2.294395,48.875159],[2.294405,48.875161],[2.294406,48.875161],[2.294453,48.875171],[2.294468,48.875173],[2.294468,48.875171],[2.294506,48.875177],[2.29454,48.875183],[2.294539,48.875184]]],[[[2.293782,48.878005],[2.294051,48.878157],[2.294114,48.877779],[2.293782,48.878005]]]],"type":"MultiPolygon"},"properties":{"id_projet":"COLLEGES (année scolaire 2022/2023)","libelle":"ANDRE MALRAUX","annee_scol":"2022-2023","zone_commune":0,"etiquette":"Secteur du collège ANDRE MALRAUX","lib_etab_1":"ANDRE MALRAUX","lib_etab_2":null,"lib_etab_3":null,"lib_etab_4":null,"adr_etab_1":"5 bis RUE SAINT-FERDINAND","adr_etab_2":null,"adr_etab_3":null,"adr_etab_4":null,"st_area_shape":510288.7548584076,"st_perimeter_shape":24663.363187285922,"type_etabl":"Collège","geo_point_2d":{"lon":2.2883887561758938,"lat":48.8801574134714}}},{"type":"Feature","geometry":{"coordinates":[[[[2.309941,48.891026],[2.311165,48.890306],[2.309841,48.889475],[2.307714,48.890758],[2.306673,48.889585],[2.304851,48.890265],[2.308471,48.892098],[2.309941,48.891026]]],[[[2.306838,48.885315],[2.303699,48.885371],[2.304939,48.88687],[2.306838,48.885315]]],[[[2.302515,48.88446],[2.298143,48.885135],[2.303034,48.885165],[2.302515,48.88446]]],[[[2.300223,48.889709],[2.301009,48.88888],[2.299722,48.888269],[2.298165,48.888815],[2.300223,48.889709]]],[[[2.300626,48.887086],[2.299802,48.886545],[2.299451,48.886855],[2.299684,48.8865],[2.297457,48.885513],[2.297613,48.886332],[2.298182,48.887011],[2.300626,48.887086]]],[[[2.302051,48.887226],[2.302381,48.888035],[2.304054,48.88886],[2.304317,48.887617],[2.302051,48.887226]]],[[[2.302016,48.890936],[2.300162,48.889994],[2.299569,48.890437],[2.301411,48.891588],[2.302016,48.890936]]],[[[2.305751,48.884485],[2.304943,48.884078],[2.303618,48.885114],[2.306656,48.885098],[2.305751,48.884485]]],[[[2.305116,48.889906],[2.306556,48.889424],[2.306309,48.889104],[2.307501,48.88821],[2.307094,48.887931],[2.306605,48.888299],[2.306947,48.888569],[2.306495,48.88838],[2.304367,48.88997],[2.305116,48.889906]]],[[[2.301341,48.887042],[2.300947,48.887238],[2.302219,48.889007],[2.303829,48.889587],[2.302705,48.888774],[2.301341,48.887042]]],[[[2.306736,48.887997],[2.306356,48.887847],[2.304443,48.888949],[2.304173,48.889848],[2.306736,48.887997]]],[[[2.303006,48.882962],[2.302198,48.883307],[2.302714,48.884017],[2.304357,48.883762],[2.303006,48.882962]]],[[[2.301246,48.885636],[2.301526,48.885373],[2.29878,48.885467],[2.300521,48.886188],[2.301246,48.885636]]],[[[2.302909,48.885389],[2.301828,48.885367],[2.300747,48.886265],[2.301524,48.886471],[2.302909,48.885389]]],[[[2.303881,48.886243],[2.303693,48.886051],[2.302412,48.886724],[2.304314,48.88705],[2.303881,48.886243]]],[[[2.301606,48.888452],[2.300821,48.887359],[2.30002,48.887927],[2.301788,48.888806],[2.301606,48.888452]]],[[[2.301867,48.883475],[2.300549,48.884013],[2.30122,48.884308],[2.302201,48.884184],[2.301867,48.883475]]],[[[2.301112,48.8868],[2.30132,48.88661],[2.297881,48.885394],[2.301112,48.8868]]],[[[2.302906,48.885958],[2.303655,48.885934],[2.303222,48.885424],[2.301816,48.886579],[2.303206,48.886158],[2.302906,48.885958]]],[[[2.297048,48.885496],[2.296079,48.886326],[2.297368,48.886813],[2.297048,48.885496]]],[[[2.298411,48.88713],[2.299728,48.887829],[2.300476,48.88729],[2.298411,48.88713]]],[[[2.301828,48.886748],[2.301381,48.886887],[2.303125,48.887286],[2.304212,48.887441],[2.304276,48.887207],[2.301828,48.886748]]],[[[2.304649,48.884029],[2.30302,48.884437],[2.303453,48.884953],[2.304649,48.884029]]],[[[2.305848,48.887996],[2.306107,48.887831],[2.304804,48.887742],[2.304508,48.888734],[2.305848,48.887996]]],[[[2.298461,48.887669],[2.297999,48.887537],[2.297899,48.887846],[2.298834,48.88829],[2.299305,48.888164],[2.298461,48.887669]]],[[[2.302968,48.888514],[2.302649,48.888437],[2.302968,48.888803],[2.30389,48.889406],[2.303966,48.889035],[2.302968,48.888514]]],[[[2.300384,48.884068],[2.299273,48.884507],[2.300876,48.884351],[2.300384,48.884068]]],[[[2.301032,48.889603],[2.300796,48.889491],[2.300405,48.889976],[2.300896,48.890208],[2.301032,48.889603]]],[[[2.301599,48.88916],[2.301253,48.889073],[2.300953,48.889411],[2.301716,48.889507],[2.301599,48.88916]]],[[[2.302971,48.890389],[2.303439,48.890095],[2.302885,48.889771],[2.30275,48.890333],[2.302971,48.890389]]],[[[2.301843,48.890551],[2.301813,48.890097],[2.301029,48.890271],[2.301843,48.890551]]],[[[2.302172,48.889433],[2.302004,48.889876],[2.302753,48.889708],[2.302172,48.889433]]],[[[2.302856,48.89056],[2.302049,48.890469],[2.302061,48.890757],[2.302856,48.89056]]],[[[2.301807,48.889989],[2.301782,48.889612],[2.301197,48.889629],[2.301222,48.890006],[2.301807,48.889989]]],[[[2.302587,48.890345],[2.302562,48.889967],[2.302011,48.889984],[2.302036,48.890361],[2.302587,48.890345]]]],"type":"MultiPolygon"},"properties":{"id_projet":"COLLEGES (année scolaire 2022/2023)","libelle":"BORIS VIAN","annee_scol":"2022-2023","zone_commune":0,"etiquette":"Secteur du collège BORIS VIAN","lib_etab_1":"BORIS VIAN","lib_etab_2":null,"lib_etab_3":null,"lib_etab_4":null,"adr_etab_1":"76 BOULEVARD BERTHIER","adr_etab_2":null,"adr_etab_3":null,"adr_etab_4":null,"st_area_shape":347310.5456790203,"st_perimeter_shape":15843.423713024476,"type_etabl":"Collège","geo_point_2d":{"lon":2.303157668723198,"lat":48.88770548438659}}},{"type":"Feature","geometry":{"coordinates":[[[[2.326488,48.895533],[2.32533,48.893552],[2.322841,48.893629],[2.324112,48.895235],[2.324463,48.895222],[2.324183,48.895325],[2.324528,48.895761],[2.326488,48.895533]]],[[[2.325475,48.887377],[2.32559,48.887119],[2.325063,48.886939],[2.325604,48.88709],[2.325738,48.886716],[2.32436,48.886152],[2.323704,48.886571],[2.325134,48.887222],[2.323691,48.88658],[2.32312,48.886967],[2.324536,48.887921],[2.325475,48.887377]]],[[[2.322583,48.89206],[2.322296,48.892023],[2.323454,48.893436],[2.325252,48.893417],[2.324729,48.892523],[2.322583,48.89206]]],[[[2.320906,48.893399],[2.319239,48.891353],[2.318707,48.891579],[2.32064,48.894139],[2.321337,48.893931],[2.320906,48.893399]]],[[[2.323329,48.886694],[2.325339,48.885216],[2.324768,48.884841],[2.322465,48.886379],[2.323042,48.886912],[2.323329,48.886694]]],[[[2.325968,48.889131],[2.325765,48.88861],[2.323825,48.889099],[2.325191,48.890102],[2.32618,48.889758],[2.325968,48.889131]]],[[[2.325811,48.891684],[2.325154,48.891099],[2.322772,48.891859],[2.323581,48.892086],[2.32486,48.89167],[2.323844,48.892125],[2.324726,48.892333],[2.326015,48.891913],[2.325811,48.891684]]],[[[2.320302,48.887504],[2.322302,48.886382],[2.321624,48.885828],[2.319512,48.887144],[2.320302,48.887504]]],[[[2.319565,48.891407],[2.321399,48.893907],[2.322023,48.893719],[2.320282,48.891569],[2.319565,48.891407]]],[[[2.32657,48.893724],[2.325742,48.893955],[2.326582,48.895393],[2.327691,48.895044],[2.32657,48.893724]]],[[[2.321358,48.88789],[2.32294,48.886939],[2.322368,48.88644],[2.320315,48.88764],[2.321037,48.888054],[2.321358,48.88789]]],[[[2.328497,48.896649],[2.328233,48.895868],[2.326918,48.895941],[2.327234,48.896477],[2.328216,48.896238],[2.327292,48.896579],[2.32781,48.897384],[2.328752,48.897403],[2.328497,48.896649]]],[[[2.32239,48.889484],[2.321887,48.889771],[2.323841,48.8914],[2.324569,48.891186],[2.32239,48.889484]]],[[[2.325469,48.890476],[2.32338,48.888907],[2.322927,48.889149],[2.325227,48.890958],[2.325833,48.890782],[2.325469,48.890476]]],[[[2.322017,48.885365],[2.323359,48.884284],[2.322762,48.884615],[2.322489,48.884078],[2.320902,48.88503],[2.321639,48.885695],[2.322017,48.885365]]],[[[2.323058,48.887042],[2.322247,48.887515],[2.323553,48.888495],[2.324457,48.887992],[2.323058,48.887042]]],[[[2.323063,48.888795],[2.323464,48.888547],[2.322685,48.888007],[2.3219,48.888342],[2.322613,48.887972],[2.322126,48.887587],[2.321176,48.888114],[2.322662,48.889002],[2.323063,48.888795]]],[[[2.322893,48.88594],[2.323743,48.885391],[2.322858,48.884888],[2.321742,48.885756],[2.322372,48.886329],[2.322893,48.88594]]],[[[2.322834,48.895798],[2.32143,48.894041],[2.320972,48.894167],[2.321207,48.894484],[2.320754,48.894243],[2.321884,48.895681],[2.322834,48.895798]]],[[[2.321771,48.889825],[2.321388,48.89005],[2.323038,48.891656],[2.323703,48.891462],[2.321771,48.889825]]],[[[2.320236,48.888691],[2.319661,48.889017],[2.320719,48.890119],[2.321535,48.889675],[2.320236,48.888691]]],[[[2.321289,48.890111],[2.320905,48.890327],[2.322159,48.891855],[2.322901,48.891719],[2.321289,48.890111]]],[[[2.322679,48.893655],[2.322257,48.893786],[2.323736,48.895776],[2.324257,48.895783],[2.322679,48.893655]]],[[[2.327043,48.896524],[2.326635,48.895968],[2.325344,48.896523],[2.32594,48.897102],[2.327043,48.896524]]],[[[2.321616,48.888534],[2.320683,48.888889],[2.32164,48.88959],[2.322535,48.889099],[2.321616,48.888534]]],[[[2.320735,48.891661],[2.32216,48.893656],[2.322565,48.893551],[2.32119,48.89177],[2.320735,48.891661]]],[[[2.322865,48.892906],[2.322094,48.891965],[2.321335,48.891817],[2.322664,48.8935],[2.323292,48.893428],[2.322865,48.892906]]],[[[2.319671,48.888195],[2.32023,48.888525],[2.320891,48.888112],[2.320196,48.88771],[2.319069,48.888367],[2.319586,48.888901],[2.320084,48.88861],[2.319671,48.888195]]],[[[2.326495,48.890695],[2.325345,48.89106],[2.326227,48.891864],[2.326794,48.891582],[2.326495,48.890695]]],[[[2.321397,48.885846],[2.320803,48.88509],[2.319899,48.885633],[2.320752,48.88622],[2.321397,48.885846]]],[[[2.322783,48.889242],[2.322493,48.889424],[2.324711,48.891123],[2.325051,48.891023],[2.322783,48.889242]]],[[[2.325186,48.888768],[2.325769,48.888534],[2.325494,48.887714],[2.324338,48.888333],[2.325186,48.888768]]],[[[2.321528,48.895702],[2.321438,48.89538],[2.320994,48.895564],[2.318523,48.895023],[2.31994,48.895549],[2.321528,48.895702]]],[[[2.32519,48.892622],[2.324946,48.892596],[2.325445,48.893397],[2.327076,48.893074],[2.32519,48.892622]]],[[[2.323547,48.895766],[2.322509,48.894366],[2.322012,48.89452],[2.322983,48.895729],[2.323547,48.895766]]],[[[2.319268,48.886592],[2.320324,48.886055],[2.3198,48.885694],[2.3186,48.886417],[2.318872,48.886779],[2.319268,48.886592]]],[[[2.320809,48.890398],[2.320396,48.890629],[2.321248,48.891648],[2.321945,48.891782],[2.320809,48.890398]]],[[[2.325668,48.886085],[2.324955,48.885658],[2.324403,48.886104],[2.325765,48.886664],[2.325668,48.886085]]],[[[2.326154,48.892007],[2.325001,48.892392],[2.326928,48.892809],[2.326154,48.892007]]],[[[2.32402,48.885186],[2.324676,48.884781],[2.323493,48.884819],[2.323291,48.88471],[2.323557,48.884281],[2.322867,48.884819],[2.323809,48.885346],[2.32402,48.885186]]],[[[2.326339,48.890232],[2.326166,48.889804],[2.325231,48.89013],[2.326017,48.890724],[2.326452,48.890567],[2.326339,48.890232]]],[[[2.327332,48.893184],[2.325488,48.893522],[2.325695,48.893786],[2.327332,48.893184]]],[[[2.32583,48.885537],[2.325423,48.885272],[2.325034,48.885614],[2.326001,48.886188],[2.326205,48.885801],[2.32583,48.885537]]],[[[2.327104,48.896737],[2.325742,48.897376],[2.326664,48.897395],[2.327321,48.897083],[2.327104,48.896737]]],[[[2.319563,48.886962],[2.320658,48.886288],[2.320407,48.886138],[2.318985,48.886827],[2.319563,48.886962]]],[[[2.325251,48.896317],[2.326484,48.895789],[2.324881,48.895909],[2.325251,48.896317]]],[[[2.320293,48.89069],[2.319877,48.890921],[2.320333,48.89145],[2.321051,48.891595],[2.320293,48.89069]]],[[[2.319192,48.888152],[2.320048,48.887625],[2.319375,48.887243],[2.319697,48.887555],[2.319078,48.887766],[2.318977,48.888273],[2.319192,48.888152]]],[[[2.327965,48.895069],[2.326641,48.895496],[2.328075,48.895494],[2.327965,48.895069]]],[[[2.326316,48.885568],[2.326459,48.885259],[2.326102,48.885041],[2.32547,48.8852],[2.326316,48.885568]]],[[[2.326896,48.89189],[2.326382,48.891986],[2.327166,48.892692],[2.326896,48.89189]]],[[[2.327066,48.893717],[2.327616,48.894031],[2.327442,48.893516],[2.326713,48.893703],[2.327246,48.89409],[2.327066,48.893717]],[[2.326935,48.893701],[2.326954,48.893695],[2.326954,48.893695],[2.326935,48.893701]]],[[[2.324017,48.888894],[2.324541,48.888645],[2.324204,48.888412],[2.323491,48.888823],[2.324017,48.888894]]],[[[2.32241,48.894235],[2.322109,48.893831],[2.321554,48.894003],[2.321885,48.894388],[2.32241,48.894235]]],[[[2.321056,48.888207],[2.320315,48.88862],[2.320671,48.8888],[2.321349,48.888396],[2.321056,48.888207]]],[[[2.327641,48.894107],[2.327157,48.894187],[2.327908,48.894903],[2.327641,48.894107]]],[[[2.320625,48.895876],[2.319974,48.89569],[2.320259,48.89603],[2.320625,48.895876]]],[[[2.319775,48.890981],[2.319367,48.891252],[2.320125,48.891388],[2.319775,48.890981]]],[[[2.324819,48.896291],[2.324643,48.896107],[2.324641,48.896105],[2.324535,48.896105],[2.324495,48.896105],[2.324453,48.896104],[2.324416,48.896104],[2.324411,48.896105],[2.324333,48.896108],[2.324259,48.896111],[2.324091,48.896118],[2.324006,48.896117],[2.32374,48.896113],[2.323696,48.896059],[2.323483,48.896055],[2.323437,48.896056],[2.323434,48.896066],[2.323254,48.896059],[2.323303,48.89612],[2.323353,48.896181],[2.324078,48.896205],[2.324354,48.896225],[2.324401,48.896208],[2.324413,48.896205],[2.324476,48.896182],[2.324577,48.896156],[2.324635,48.896155],[2.32464,48.896155],[2.324742,48.896273],[2.324805,48.896295],[2.324819,48.896291]]],[[[2.319887,48.895678],[2.319776,48.895637],[2.319771,48.895635],[2.319738,48.895641],[2.319213,48.895506],[2.318649,48.895336],[2.318555,48.895373],[2.318706,48.895454],[2.319566,48.895699],[2.319938,48.895793],[2.319958,48.895698],[2.319887,48.895678]]],[[[2.327474,48.897266],[2.327428,48.897186],[2.327403,48.897196],[2.327401,48.897194],[2.327391,48.897183],[2.327344,48.897135],[2.327244,48.897177],[2.327016,48.89727],[2.326779,48.897368],[2.326777,48.897397],[2.32678,48.897397],[2.327011,48.897402],[2.327613,48.897415],[2.327534,48.897321],[2.327533,48.89732],[2.32752,48.897319],[2.327474,48.897266]]],[[[2.321031,48.895488],[2.321387,48.895341],[2.320685,48.895358],[2.321031,48.895488]]],[[[2.321157,48.895052],[2.320702,48.894934],[2.320601,48.895236],[2.321157,48.895052]]],[[[2.325409,48.8969],[2.325378,48.896867],[2.325279,48.896916],[2.325264,48.896923],[2.325329,48.896982],[2.325392,48.89704],[2.325468,48.897115],[2.32546,48.897229],[2.325636,48.897246],[2.325643,48.897143],[2.325526,48.897021],[2.325499,48.896992],[2.325474,48.896967],[2.325437,48.896928],[2.325427,48.896918],[2.325409,48.8969]]],[[[2.322257,48.895897],[2.322112,48.895885],[2.322112,48.895886],[2.322089,48.895884],[2.322034,48.895892],[2.322108,48.895911],[2.322107,48.895911],[2.322298,48.895955],[2.322299,48.895956],[2.322437,48.895964],[2.322561,48.895971],[2.322688,48.895979],[2.322769,48.895983],[2.322825,48.895943],[2.322752,48.895934],[2.322687,48.895929],[2.322645,48.895926],[2.32252,48.895917],[2.322394,48.895908],[2.322348,48.895905],[2.322257,48.895898],[2.322257,48.895897]]],[[[2.32528,48.8849],[2.325284,48.884897],[2.325079,48.88493],[2.325087,48.884952],[2.325178,48.88501],[2.325304,48.885091],[2.325313,48.885091],[2.325284,48.884902],[2.32528,48.8849]]],[[[2.325344,48.896828],[2.325284,48.89677],[2.325185,48.896667],[2.325076,48.896665],[2.325196,48.896808],[2.325278,48.896773],[2.325281,48.896771],[2.325283,48.896773],[2.325339,48.896831],[2.325344,48.896828]]],[[[2.324992,48.89643],[2.324922,48.89636],[2.324907,48.896366],[2.324873,48.896379],[2.324857,48.896385],[2.324792,48.896411],[2.324953,48.89647],[2.324992,48.89643]]],[[[2.318975,48.893748],[2.31894,48.89374],[2.318951,48.893755],[2.318975,48.893748]]]],"type":"MultiPolygon"},"properties":{"id_projet":"COLLEGES (année scolaire 2020/2021)","libelle":"STEPHANE MALLARME","annee_scol":"2020-2021","zone_commune":0,"etiquette":"Secteur du collège STEPHANE MALLARME","lib_etab_1":"STEPHANE MALLARME","lib_etab_2":null,"lib_etab_3":null,"lib_etab_4":null,"adr_etab_1":"29 RUE DE LA JONQUIERE","adr_etab_2":null,"adr_etab_3":null,"adr_etab_4":null,"st_area_shape":525615.8114740954,"st_perimeter_shape":27546.4423879215,"type_etabl":"Collège","geo_point_2d":{"lon":2.3233657441846307,"lat":48.89081151560096}}},{"type":"Feature","geometry":{"coordinates":[[[[2.28482,48.885082],[2.286003,48.884037],[2.283408,48.882148],[2.284216,48.883164],[2.283642,48.883484],[2.282795,48.882858],[2.282187,48.883665],[2.28435,48.885345],[2.28482,48.885082]]],[[[2.291996,48.878991],[2.294002,48.87853],[2.29402,48.878306],[2.29221,48.877193],[2.29164,48.878091],[2.292164,48.8781],[2.291941,48.878843],[2.291709,48.878667],[2.291973,48.878258],[2.291616,48.878129],[2.291059,48.879007],[2.291996,48.878991]]],[[[2.290067,48.877824],[2.290933,48.876646],[2.290478,48.876505],[2.289422,48.87759],[2.289843,48.87697],[2.289105,48.876151],[2.288324,48.877742],[2.28921,48.878295],[2.289833,48.877779],[2.289285,48.878354],[2.289563,48.878459],[2.290067,48.877824]]],[[[2.290552,48.87896],[2.288419,48.878152],[2.28808,48.878238],[2.287699,48.879021],[2.288234,48.878919],[2.288084,48.879179],[2.289317,48.879608],[2.290742,48.879278],[2.290552,48.87896]]],[[[2.287187,48.882701],[2.287593,48.88289],[2.288329,48.882224],[2.287963,48.882048],[2.287382,48.882377],[2.287653,48.882173],[2.287287,48.881934],[2.287836,48.88146],[2.287013,48.880982],[2.286713,48.881203],[2.286782,48.880878],[2.286351,48.881175],[2.28617,48.880977],[2.286809,48.880524],[2.285613,48.880801],[2.286942,48.881809],[2.286467,48.882247],[2.287008,48.882278],[2.286877,48.882506],[2.287187,48.882701]]],[[[2.291611,48.876817],[2.291984,48.876916],[2.2924,48.87642],[2.291335,48.875327],[2.289408,48.875919],[2.291611,48.876817]]],[[[2.284256,48.880595],[2.284812,48.880409],[2.283998,48.878646],[2.282432,48.879048],[2.284256,48.880595]]],[[[2.288417,48.886619],[2.288102,48.886361],[2.28665,48.886544],[2.286632,48.886913],[2.288648,48.887819],[2.28921,48.887206],[2.288417,48.886619]]],[[[2.297239,48.877182],[2.296679,48.876462],[2.295209,48.877551],[2.295669,48.878147],[2.297598,48.877707],[2.297239,48.877182]]],[[[2.285889,48.884894],[2.285713,48.884751],[2.284732,48.885638],[2.285655,48.886265],[2.287376,48.886049],[2.285889,48.884894]]],[[[2.287419,48.879156],[2.287887,48.878198],[2.287702,48.878019],[2.285052,48.878033],[2.287275,48.879331],[2.287419,48.879156]]],[[[2.281863,48.881747],[2.280697,48.881924],[2.280908,48.882879],[2.28172,48.883511],[2.282513,48.882588],[2.281863,48.881747]]],[[[2.286013,48.880228],[2.286604,48.880176],[2.286318,48.879322],[2.28445,48.878331],[2.285227,48.880122],[2.286013,48.880228]]],[[[2.288719,48.881873],[2.289094,48.881532],[2.288298,48.881101],[2.288826,48.880677],[2.288035,48.880239],[2.286874,48.880509],[2.286911,48.880847],[2.288719,48.881873]]],[[[2.293186,48.874737],[2.291512,48.875271],[2.292526,48.876272],[2.293596,48.875005],[2.293186,48.874737]]],[[[2.285685,48.877116],[2.284451,48.877495],[2.284863,48.877883],[2.287717,48.877885],[2.285685,48.877116]]],[[[2.287916,48.883529],[2.287442,48.883321],[2.286568,48.884098],[2.286912,48.884312],[2.288655,48.884176],[2.287916,48.883529]]],[[[2.289938,48.88077],[2.291128,48.879691],[2.288721,48.88008],[2.289938,48.88077]]],[[[2.290842,48.878918],[2.291409,48.878089],[2.290355,48.877707],[2.28969,48.878505],[2.290842,48.878918]]],[[[2.292889,48.877391],[2.293236,48.87758],[2.293939,48.876294],[2.293551,48.875845],[2.292432,48.877129],[2.292889,48.877391]]],[[[2.28903,48.884597],[2.288646,48.884357],[2.287289,48.884546],[2.288878,48.885535],[2.28903,48.884597]]],[[[2.286458,48.882615],[2.286041,48.882457],[2.285717,48.883492],[2.286128,48.883825],[2.287147,48.883131],[2.286458,48.882615]]],[[[2.29112,48.877818],[2.291572,48.877968],[2.292087,48.877109],[2.291606,48.876923],[2.291135,48.877421],[2.291575,48.876899],[2.291096,48.876732],[2.290455,48.877576],[2.29112,48.877818]]],[[[2.284646,48.881475],[2.283811,48.881674],[2.284264,48.881903],[2.284195,48.882624],[2.284644,48.882903],[2.285092,48.881836],[2.284646,48.881475]]],[[[2.287316,48.876612],[2.285882,48.877066],[2.287799,48.877792],[2.287316,48.876612]]],[[[2.288456,48.877031],[2.288845,48.876097],[2.287462,48.876558],[2.288054,48.877703],[2.288456,48.877031]]],[[[2.285683,48.882127],[2.285225,48.881943],[2.284902,48.882983],[2.28546,48.883411],[2.285907,48.882349],[2.285683,48.882127]]],[[[2.294717,48.877036],[2.29634,48.875946],[2.296048,48.875537],[2.294812,48.876555],[2.294717,48.877036]]],[[[2.286229,48.879139],[2.28803,48.879875],[2.284227,48.877836],[2.286229,48.879139]]],[[[2.294168,48.876544],[2.294012,48.876416],[2.293322,48.877678],[2.29375,48.877982],[2.294123,48.877728],[2.294168,48.876544]]],[[[2.296107,48.87677],[2.296637,48.876385],[2.296389,48.876047],[2.294933,48.87723],[2.295167,48.877451],[2.296107,48.87677]]],[[[2.294109,48.875203],[2.293607,48.875732],[2.294329,48.876496],[2.294534,48.875293],[2.294109,48.875203]]],[[[2.289202,48.883956],[2.290319,48.883165],[2.289895,48.882982],[2.288897,48.88369],[2.289202,48.883956]]],[[[2.288587,48.88304],[2.289175,48.882628],[2.28868,48.882652],[2.288642,48.8823],[2.28769,48.882985],[2.288195,48.883323],[2.288587,48.88304]]],[[[2.295226,48.876049],[2.295964,48.875424],[2.295828,48.875239],[2.29502,48.875329],[2.294851,48.876333],[2.295226,48.876049]]],[[[2.288776,48.883619],[2.289758,48.882884],[2.289312,48.88269],[2.288364,48.883362],[2.288776,48.883619]]],[[[2.287811,48.879203],[2.287522,48.879465],[2.288226,48.879844],[2.289038,48.879671],[2.287811,48.879203]]],[[[2.295111,48.877625],[2.294586,48.87792],[2.294499,48.878391],[2.295516,48.878181],[2.295111,48.877625]]],[[[2.291221,48.880807],[2.290737,48.880249],[2.290062,48.880843],[2.290548,48.880778],[2.291375,48.881237],[2.291221,48.880807]]],[[[2.280526,48.87973],[2.280191,48.879692],[2.280379,48.880519],[2.280791,48.880552],[2.280526,48.87973]]],[[[2.286778,48.880173],[2.287552,48.879995],[2.286523,48.879447],[2.286778,48.880173]]],[[[2.288636,48.881156],[2.289119,48.881416],[2.289591,48.881082],[2.288942,48.880739],[2.288636,48.881156]]],[[[2.281292,48.881057],[2.280527,48.881175],[2.280626,48.881607],[2.281482,48.88141],[2.281292,48.881057]]],[[[2.288243,48.880224],[2.288544,48.880387],[2.289637,48.880977],[2.289641,48.880974],[2.289648,48.880977],[2.289696,48.880938],[2.289766,48.880882],[2.289815,48.880843],[2.289808,48.880839],[2.289813,48.880835],[2.289655,48.880749],[2.289453,48.880641],[2.289239,48.880526],[2.289084,48.880442],[2.289013,48.880404],[2.288807,48.880293],[2.288716,48.880244],[2.288529,48.880143],[2.288523,48.880147],[2.288516,48.880144],[2.288261,48.88021],[2.288243,48.880224]]],[[[2.289243,48.882026],[2.289778,48.881807],[2.289378,48.88158],[2.28863,48.882134],[2.289243,48.882026]]],[[[2.288245,48.881703],[2.287885,48.881525],[2.287373,48.881932],[2.287732,48.882155],[2.288245,48.881703]]],[[[2.289446,48.88213],[2.290022,48.882426],[2.290493,48.882057],[2.290006,48.881783],[2.289705,48.882263],[2.289446,48.88213]]],[[[2.289887,48.876237],[2.289346,48.876071],[2.289926,48.876787],[2.290312,48.876426],[2.289887,48.876237]]],[[[2.285215,48.880957],[2.284815,48.881208],[2.285547,48.881548],[2.285215,48.880957]]],[[[2.286282,48.881582],[2.285936,48.881464],[2.286365,48.882113],[2.28668,48.88183],[2.286282,48.881582]]],[[[2.280963,48.880685],[2.280405,48.880637],[2.280503,48.881067],[2.281063,48.880936],[2.280963,48.880685]]],[[[2.289998,48.881778],[2.290199,48.88162],[2.289695,48.881171],[2.28939,48.881446],[2.289998,48.881778]]],[[[2.285354,48.88025],[2.285338,48.880524],[2.286123,48.880343],[2.285354,48.88025]]],[[[2.295052,48.875222],[2.295093,48.875221],[2.295146,48.87522],[2.295175,48.875219],[2.295212,48.875217],[2.295213,48.875218],[2.295227,48.875217],[2.295298,48.875212],[2.295298,48.875211],[2.295352,48.875207],[2.295406,48.875201],[2.295459,48.875195],[2.295508,48.875188],[2.295508,48.875189],[2.295579,48.875178],[2.295593,48.875176],[2.295592,48.875175],[2.295632,48.875168],[2.295671,48.87516],[2.29571,48.875152],[2.295746,48.875144],[2.295746,48.875146],[2.29576,48.875143],[2.295754,48.875134],[2.295751,48.875135],[2.295743,48.875124],[2.295745,48.875123],[2.29574,48.875115],[2.295738,48.875116],[2.295725,48.875099],[2.295727,48.875098],[2.295721,48.875089],[2.295719,48.87509],[2.295711,48.87508],[2.295713,48.875079],[2.295707,48.87507],[2.295705,48.875071],[2.295666,48.875017],[2.295668,48.875016],[2.295661,48.875007],[2.295659,48.875008],[2.295651,48.874997],[2.295654,48.874997],[2.295647,48.874988],[2.295645,48.874989],[2.295633,48.874972],[2.29507,48.875035],[2.295073,48.875035],[2.29507,48.875053],[2.295067,48.875053],[2.295065,48.875063],[2.295068,48.875063],[2.295066,48.875074],[2.295063,48.875074],[2.295062,48.875084],[2.295065,48.875084],[2.295055,48.875143],[2.295052,48.875143],[2.29505,48.875153],[2.295053,48.875153],[2.295051,48.875165],[2.295048,48.875165],[2.295046,48.875174],[2.295049,48.875174],[2.295046,48.875192],[2.295043,48.875192],[2.295042,48.875202],[2.295045,48.875202],[2.295042,48.875214],[2.29504,48.875214],[2.295038,48.875223],[2.295052,48.875223],[2.295052,48.875222]]],[[[2.294888,48.877353],[2.294606,48.877771],[2.295029,48.87755],[2.294888,48.877353]]],[[[2.282977,48.881404],[2.28317,48.881771],[2.283475,48.881428],[2.282977,48.881404]]],[[[2.288099,48.882002],[2.288211,48.882056],[2.28841,48.882151],[2.288518,48.882053],[2.288627,48.881955],[2.288647,48.881936],[2.288385,48.881782],[2.288223,48.881884],[2.288074,48.881978],[2.288099,48.882002]]],[[[2.286455,48.886531],[2.285979,48.886537],[2.286464,48.886775],[2.286455,48.886531]]],[[[2.293635,48.874887],[2.293816,48.874745],[2.293319,48.874673],[2.293635,48.874887]]],[[[2.294539,48.875184],[2.294554,48.875187],[2.294586,48.875002],[2.294279,48.874936],[2.294159,48.875078],[2.294172,48.875103],[2.29418,48.875105],[2.294179,48.875107],[2.294193,48.87511],[2.294194,48.875109],[2.294263,48.875127],[2.294262,48.875129],[2.294276,48.875133],[2.294323,48.875143],[2.294323,48.875143],[2.294333,48.875146],[2.294334,48.875145],[2.294395,48.875158],[2.294395,48.875159],[2.294405,48.875161],[2.294406,48.875161],[2.294453,48.875171],[2.294468,48.875173],[2.294468,48.875171],[2.294506,48.875177],[2.29454,48.875183],[2.294539,48.875184]]],[[[2.293782,48.878005],[2.294051,48.878157],[2.294114,48.877779],[2.293782,48.878005]]]],"type":"MultiPolygon"},"properties":{"id_projet":"COLLEGES (année scolaire 2023/2024)","libelle":"ANDRE MALRAUX","annee_scol":"2023-2024","zone_commune":0,"etiquette":"Secteur du collège ANDRE MALRAUX","lib_etab_1":"ANDRE MALRAUX","lib_etab_2":null,"lib_etab_3":null,"lib_etab_4":null,"adr_etab_1":"5 bis RUE SAINT-FERDINAND","adr_etab_2":null,"adr_etab_3":null,"adr_etab_4":null,"st_area_shape":510288.7548584076,"st_perimeter_shape":24663.363187285922,"type_etabl":"Collège","geo_point_2d":{"lon":2.288388756175897,"lat":48.88015741347148}}},{"type":"Feature","geometry":{"coordinates":[[[[2.319781,48.898199],[2.314526,48.896194],[2.312987,48.896923],[2.312825,48.896753],[2.313311,48.896344],[2.312292,48.895577],[2.31089,48.896297],[2.311639,48.896973],[2.310973,48.896721],[2.31074,48.896991],[2.31228,48.897732],[2.318602,48.89969],[2.321482,48.898958],[2.319781,48.898199]]],[[[2.322822,48.898616],[2.322958,48.897679],[2.321499,48.897547],[2.314121,48.894848],[2.312485,48.895381],[2.313555,48.896247],[2.314538,48.895937],[2.321991,48.898792],[2.322822,48.898616]]],[[[2.323377,48.900864],[2.323885,48.899156],[2.323726,48.900171],[2.328625,48.900284],[2.328677,48.8992],[2.322552,48.89901],[2.322456,48.899941],[2.323058,48.899954],[2.323048,48.900205],[2.322187,48.900089],[2.322236,48.899068],[2.319883,48.899664],[2.319658,48.900071],[2.320582,48.900399],[2.323377,48.900864]]],[[[2.318075,48.89485],[2.317329,48.893775],[2.317044,48.89387],[2.316119,48.893068],[2.315453,48.893182],[2.31815,48.891541],[2.317903,48.891379],[2.316727,48.891811],[2.317657,48.891156],[2.316889,48.890568],[2.315418,48.89104],[2.313124,48.892434],[2.313115,48.893141],[2.314049,48.893637],[2.313685,48.894162],[2.315259,48.893207],[2.315563,48.893389],[2.314409,48.894076],[2.318075,48.89485]]],[[[2.322263,48.897301],[2.322917,48.897305],[2.322178,48.897181],[2.321262,48.896014],[2.320259,48.89603],[2.319974,48.89569],[2.318555,48.895373],[2.318585,48.896016],[2.322263,48.897301]]],[[[2.326656,48.898864],[2.328983,48.898845],[2.328501,48.897937],[2.326671,48.897792],[2.326656,48.898864]]],[[[2.309563,48.894059],[2.311395,48.894818],[2.309915,48.895758],[2.310213,48.896024],[2.312626,48.894583],[2.31181,48.894012],[2.311146,48.89445],[2.309563,48.894059]]],[[[2.318369,48.894631],[2.319156,48.89452],[2.318502,48.893722],[2.317714,48.894032],[2.318369,48.894631]]],[[[2.31643,48.895016],[2.316085,48.894489],[2.316604,48.895164],[2.316309,48.894496],[2.316789,48.895133],[2.317674,48.894939],[2.315835,48.894446],[2.31643,48.895016]]],[[[2.324533,48.897709],[2.324168,48.898123],[2.324758,48.898537],[2.325261,48.898336],[2.324533,48.897709]]],[[[2.317957,48.895787],[2.318296,48.89589],[2.318381,48.895077],[2.318108,48.894958],[2.317669,48.895065],[2.317595,48.89565],[2.317957,48.895787]]],[[[2.329024,48.899231],[2.32882,48.900195],[2.329462,48.900419],[2.329024,48.899231]]],[[[2.316949,48.893731],[2.317309,48.893749],[2.316598,48.892813],[2.31616,48.893045],[2.316949,48.893731]]],[[[2.317916,48.892316],[2.319362,48.894536],[2.319703,48.894475],[2.317916,48.892316]]],[[[2.323857,48.897695],[2.323456,48.897751],[2.323617,48.898652],[2.323857,48.897695]]],[[[2.325719,48.898346],[2.326314,48.898707],[2.326353,48.897897],[2.325719,48.898346]]],[[[2.325414,48.898131],[2.326134,48.897743],[2.324904,48.897717],[2.325414,48.898131]]],[[[2.314419,48.894191],[2.314057,48.894303],[2.315324,48.894706],[2.314419,48.894191]]],[[[2.32557,48.898437],[2.32492,48.898828],[2.32608,48.898851],[2.32557,48.898437]]],[[[2.319352,48.89492],[2.319686,48.894601],[2.318461,48.894999],[2.319549,48.895162],[2.319352,48.89492]]],[[[2.317577,48.892306],[2.317257,48.892471],[2.317705,48.893081],[2.318038,48.892996],[2.317577,48.892306]]],[[[2.329578,48.900882],[2.329503,48.90051],[2.328739,48.900494],[2.328725,48.900804],[2.329578,48.900882]]],[[[2.317075,48.892594],[2.316756,48.892761],[2.317137,48.893262],[2.317471,48.893177],[2.317075,48.892594]]],[[[2.317514,48.895454],[2.317589,48.895071],[2.316881,48.895302],[2.317514,48.895454]]],[[[2.324179,48.898327],[2.324004,48.898742],[2.32474,48.898824],[2.324179,48.898327]]],[[[2.315433,48.894392],[2.315276,48.894361],[2.315249,48.894383],[2.315339,48.894495],[2.315407,48.89458],[2.315522,48.894724],[2.31568,48.894922],[2.315887,48.895],[2.315892,48.895002],[2.315955,48.895026],[2.316117,48.895087],[2.316119,48.895088],[2.316129,48.895077],[2.315989,48.894896],[2.315932,48.894823],[2.315886,48.894762],[2.315836,48.894698],[2.31569,48.894508],[2.315649,48.894455],[2.315596,48.894424],[2.315433,48.894392]]],[[[2.318164,48.893127],[2.31782,48.893237],[2.318222,48.893667],[2.318455,48.893537],[2.318164,48.893127]]],[[[2.317599,48.893307],[2.317255,48.893417],[2.317861,48.893782],[2.317599,48.893307]]],[[[2.321096,48.900672],[2.320682,48.900552],[2.320671,48.900559],[2.320534,48.900636],[2.32035,48.900741],[2.320387,48.900763],[2.321079,48.900787],[2.321681,48.900807],[2.321096,48.900672]]],[[[2.309396,48.894018],[2.309563,48.894059],[2.309352,48.893956],[2.309348,48.89396],[2.309334,48.893977],[2.309396,48.894018]]]],"type":"MultiPolygon"},"properties":{"id_projet":"COLLEGES (année scolaire 2023/2024)","libelle":"HONORE DE BALZAC","annee_scol":"2023-2024","zone_commune":0,"etiquette":"Secteur du collège HONORE DE BALZAC","lib_etab_1":"HONORE DE BALZAC","lib_etab_2":null,"lib_etab_3":null,"lib_etab_4":null,"adr_etab_1":"118 BOULEVARD BESSIERES","adr_etab_2":null,"adr_etab_3":null,"adr_etab_4":null,"st_area_shape":513395.5337486272,"st_perimeter_shape":17070.9775815661,"type_etabl":"Collège","geo_point_2d":{"lon":2.3185628962452287,"lat":48.89675822100185}}},{"type":"Feature","geometry":{"coordinates":[[[[2.296783,48.889666],[2.297004,48.889245],[2.294713,48.887867],[2.292938,48.889625],[2.294258,48.889775],[2.294763,48.88955],[2.296035,48.890196],[2.296783,48.889666]]],[[[2.295636,48.8785],[2.294505,48.878752],[2.294814,48.879426],[2.295636,48.8785]]],[[[2.294266,48.879188],[2.294065,48.878851],[2.293079,48.87909],[2.294381,48.879847],[2.294266,48.879188]]],[[[2.298912,48.879418],[2.298309,48.878597],[2.297433,48.878094],[2.295815,48.878447],[2.29883,48.879976],[2.299164,48.879764],[2.298912,48.879418]],[[2.297929,48.879284],[2.298146,48.879137],[2.298183,48.87916],[2.297962,48.879311],[2.297907,48.879348],[2.297867,48.879327],[2.297897,48.879307],[2.297929,48.879284]]],[[[2.296325,48.879466],[2.296747,48.879069],[2.29588,48.878624],[2.295458,48.879009],[2.296115,48.87925],[2.2954,48.879067],[2.294891,48.879561],[2.295605,48.880059],[2.296325,48.879466]]],[[[2.2975,48.879936],[2.29749,48.879931],[2.297557,48.879875],[2.297566,48.87988],[2.297596,48.879855],[2.297598,48.879853],[2.2976,48.879854],[2.297634,48.879825],[2.297671,48.879795],[2.297798,48.879694],[2.297809,48.879685],[2.297836,48.879662],[2.297918,48.879597],[2.297921,48.879599],[2.297926,48.879595],[2.2978,48.879526],[2.297668,48.879624],[2.297461,48.879778],[2.29734,48.879868],[2.29726,48.879928],[2.297258,48.879929],[2.297257,48.879929],[2.297135,48.88002],[2.297216,48.880063],[2.297237,48.880075],[2.297294,48.880105],[2.297412,48.880008],[2.297488,48.879946],[2.2975,48.879936]]],[[[2.293207,48.879318],[2.292853,48.879129],[2.291349,48.879673],[2.292482,48.88017],[2.293456,48.879505],[2.293207,48.879318]]],[[[2.299252,48.879885],[2.29898,48.880058],[2.299573,48.880326],[2.299252,48.879885]]],[[[2.295366,48.880068],[2.295108,48.879994],[2.29528,48.88033],[2.295366,48.880068]]],[[[2.297083,48.879201],[2.295794,48.880136],[2.296473,48.880377],[2.297697,48.879467],[2.297083,48.879201]]],[[[2.293814,48.879669],[2.292628,48.880274],[2.293473,48.88062],[2.294273,48.87996],[2.293814,48.879669]]],[[[2.297901,48.880598],[2.298734,48.880063],[2.297954,48.87961],[2.296584,48.880431],[2.297506,48.880829],[2.297901,48.880598]]],[[[2.292138,48.880818],[2.292608,48.880397],[2.291254,48.87976],[2.290841,48.880133],[2.292138,48.880818]]],[[[2.296071,48.880716],[2.296328,48.880457],[2.295708,48.880206],[2.295929,48.880646],[2.295357,48.880481],[2.295646,48.881049],[2.296071,48.880716]]],[[[2.292967,48.881019],[2.293367,48.880754],[2.292789,48.880483],[2.29227,48.880881],[2.292967,48.881019]]],[[[2.298707,48.881122],[2.299529,48.880476],[2.298838,48.88012],[2.297714,48.880858],[2.298707,48.881122]]],[[[2.299785,48.880618],[2.298712,48.881288],[2.299652,48.881447],[2.300068,48.88106],[2.299785,48.880618]]],[[[2.294714,48.880065],[2.29456,48.879863],[2.293594,48.880728],[2.29521,48.881469],[2.294714,48.880065]]],[[[2.292598,48.88123],[2.291887,48.881206],[2.29229,48.881484],[2.292598,48.88123]]],[[[2.298167,48.881526],[2.298421,48.881306],[2.297569,48.88096],[2.297276,48.881125],[2.298167,48.881526]]],[[[2.291551,48.881302],[2.292013,48.88092],[2.290752,48.880248],[2.291528,48.881107],[2.290062,48.880843],[2.291282,48.881493],[2.291551,48.881302]]],[[[2.30021,48.881202],[2.299868,48.881517],[2.300483,48.88162],[2.30021,48.881202]]],[[[2.29406,48.881081],[2.293401,48.880771],[2.292952,48.881199],[2.293776,48.881696],[2.294338,48.881235],[2.29406,48.881081]]],[[[2.291023,48.881725],[2.291199,48.881583],[2.289846,48.881084],[2.291023,48.881725]]],[[[2.296727,48.881354],[2.297399,48.880891],[2.296495,48.880525],[2.295722,48.881179],[2.296249,48.881231],[2.295792,48.881333],[2.296018,48.881778],[2.296727,48.881354]]],[[[2.291836,48.881595],[2.292231,48.881627],[2.291743,48.881347],[2.291454,48.881586],[2.291932,48.881843],[2.291836,48.881595]]],[[[2.291658,48.882062],[2.291808,48.881913],[2.291162,48.881792],[2.291658,48.882062]]],[[[2.294654,48.881361],[2.293966,48.881762],[2.294233,48.882257],[2.295082,48.881587],[2.294654,48.881361]]],[[[2.298003,48.881651],[2.297079,48.881383],[2.297162,48.8812],[2.296099,48.881912],[2.297068,48.882351],[2.298003,48.881651]]],[[[2.292899,48.881386],[2.292501,48.881607],[2.294116,48.882391],[2.293841,48.88188],[2.292899,48.881386]]],[[[2.288963,48.882451],[2.288642,48.8823],[2.28868,48.882652],[2.289172,48.882597],[2.288963,48.882451]]],[[[2.296521,48.882245],[2.296194,48.882122],[2.296546,48.882741],[2.296921,48.88246],[2.296521,48.882245]]],[[[2.292567,48.88178],[2.292103,48.881936],[2.293713,48.882809],[2.294014,48.882566],[2.292567,48.88178]]],[[[2.299164,48.881902],[2.299466,48.881578],[2.2985,48.881413],[2.297185,48.882428],[2.298141,48.882855],[2.299164,48.881902]]],[[[2.289754,48.882848],[2.289434,48.882683],[2.289356,48.882687],[2.289341,48.882801],[2.289573,48.882913],[2.289758,48.882884],[2.289754,48.882848]]],[[[2.291826,48.882295],[2.291289,48.88261],[2.292048,48.882996],[2.292422,48.882617],[2.291826,48.882295]]],[[[2.293436,48.883032],[2.293613,48.88289],[2.291832,48.882156],[2.293436,48.883032]]],[[[2.30168,48.882225],[2.301331,48.882119],[2.302029,48.883076],[2.302707,48.882844],[2.30168,48.882225]]],[[[2.297191,48.882563],[2.296585,48.882847],[2.296682,48.88308],[2.297191,48.882563]]],[[[2.290794,48.882814],[2.291571,48.882157],[2.289736,48.881168],[2.290493,48.882057],[2.290022,48.882426],[2.28923,48.882019],[2.288686,48.882181],[2.290468,48.883107],[2.290794,48.882814]]],[[[2.3,48.881684],[2.299685,48.881649],[2.298313,48.88296],[2.298886,48.883206],[2.300327,48.881773],[2.3,48.881684]]],[[[2.290322,48.883141],[2.290004,48.882976],[2.289912,48.882981],[2.289932,48.883042],[2.29019,48.883178],[2.290319,48.883165],[2.290322,48.883141]]],[[[2.292768,48.882805],[2.292179,48.883091],[2.29299,48.883505],[2.293366,48.883129],[2.292768,48.882805]]],[[[2.295219,48.883621],[2.2962,48.882981],[2.295235,48.881636],[2.294591,48.882191],[2.295579,48.882681],[2.29455,48.882228],[2.294248,48.88251],[2.295355,48.883095],[2.294182,48.882565],[2.293857,48.882863],[2.295219,48.883621]]],[[[2.300388,48.883381],[2.30101,48.8823],[2.300667,48.88183],[2.299495,48.882925],[2.300215,48.883257],[2.299405,48.883015],[2.299107,48.883311],[2.30009,48.883797],[2.300388,48.883381]]],[[[2.301391,48.882823],[2.301096,48.882531],[2.300379,48.883776],[2.301673,48.88328],[2.301391,48.882823]]],[[[2.294979,48.883872],[2.295157,48.883729],[2.293612,48.88312],[2.294979,48.883872]]],[[[2.291353,48.882783],[2.290866,48.882914],[2.291001,48.883921],[2.292861,48.883624],[2.291353,48.882783]]],[[[2.290765,48.883476],[2.290669,48.883077],[2.289549,48.884003],[2.290743,48.88394],[2.290765,48.883476]]],[[[2.29465,48.884129],[2.294874,48.883946],[2.293515,48.88321],[2.293012,48.883655],[2.294367,48.884347],[2.29465,48.884129]]],[[[2.297638,48.882774],[2.296765,48.883243],[2.29733,48.884352],[2.297681,48.884406],[2.298762,48.88332],[2.297638,48.882774]]],[[[2.296269,48.883119],[2.295442,48.883753],[2.296928,48.884409],[2.296269,48.883119]]],[[[2.296386,48.884636],[2.296562,48.884495],[2.295152,48.883957],[2.296386,48.884636]]],[[[2.299446,48.883626],[2.298986,48.883433],[2.297908,48.884504],[2.298403,48.884661],[2.300062,48.88396],[2.299446,48.883626]]],[[[2.295268,48.884158],[2.294985,48.884046],[2.294524,48.884422],[2.295725,48.884988],[2.296422,48.884909],[2.295268,48.884158]]],[[[2.290801,48.884076],[2.289529,48.884163],[2.290841,48.884985],[2.290801,48.884076]]],[[[2.291664,48.88458],[2.292476,48.883945],[2.290964,48.884062],[2.29103,48.885025],[2.291664,48.88458]]],[[[2.294706,48.884618],[2.293678,48.88523],[2.295502,48.885027],[2.294706,48.884618]]],[[[2.292822,48.885135],[2.293475,48.885283],[2.293714,48.885059],[2.293242,48.884794],[2.293839,48.884989],[2.2943,48.884426],[2.293618,48.884127],[2.291978,48.885445],[2.293156,48.885323],[2.292822,48.885135]]],[[[2.293074,48.883847],[2.29113,48.885165],[2.291702,48.885496],[2.293484,48.884065],[2.293074,48.883847]]],[[[2.289313,48.885807],[2.290541,48.885652],[2.290838,48.885354],[2.289496,48.884513],[2.289313,48.885807]]],[[[2.296606,48.885272],[2.295762,48.885287],[2.295856,48.886176],[2.296606,48.885272]]],[[[2.295601,48.885309],[2.29383,48.885539],[2.295657,48.886197],[2.295601,48.885309]]],[[[2.294597,48.886133],[2.293895,48.885879],[2.293895,48.885879],[2.293895,48.885879],[2.293895,48.885879],[2.293895,48.885879],[2.293895,48.885879],[2.293895,48.885879],[2.293895,48.885879],[2.293895,48.885879],[2.293895,48.885879],[2.293895,48.885879],[2.293895,48.885879],[2.293895,48.885879],[2.293895,48.885879],[2.293895,48.885879],[2.293895,48.885879],[2.293895,48.885879],[2.293895,48.885879],[2.293895,48.885879],[2.293895,48.885879],[2.293895,48.885879],[2.293895,48.885878],[2.293883,48.885893],[2.293839,48.885877],[2.29385,48.885863],[2.293848,48.885863],[2.293848,48.885862],[2.293848,48.885862],[2.293848,48.885862],[2.293848,48.885862],[2.293848,48.885862],[2.293848,48.885862],[2.293848,48.885862],[2.293848,48.885862],[2.293848,48.885862],[2.293848,48.885862],[2.293848,48.885862],[2.293848,48.885862],[2.293848,48.885862],[2.293848,48.885862],[2.293848,48.885862],[2.293848,48.885862],[2.293848,48.885862],[2.293848,48.885862],[2.293845,48.885861],[2.293845,48.885861],[2.293845,48.885861],[2.293845,48.885861],[2.293845,48.885861],[2.293845,48.885861],[2.293845,48.885861],[2.293845,48.885861],[2.293845,48.885861],[2.293845,48.885861],[2.293845,48.885861],[2.293845,48.885861],[2.293845,48.885861],[2.293845,48.885861],[2.293845,48.885861],[2.293845,48.885861],[2.293845,48.885861],[2.293845,48.885861],[2.293291,48.885663],[2.293268,48.88568],[2.293213,48.88572],[2.293191,48.885736],[2.293209,48.885747],[2.293182,48.885767],[2.293164,48.885756],[2.293077,48.88582],[2.293085,48.885847],[2.293171,48.885867],[2.293397,48.88592],[2.293749,48.886003],[2.293749,48.886003],[2.293749,48.886003],[2.293749,48.886003],[2.293749,48.886003],[2.293749,48.886003],[2.293749,48.886003],[2.293752,48.886004],[2.293752,48.886004],[2.293752,48.886004],[2.293752,48.886004],[2.293752,48.886004],[2.293752,48.886004],[2.293755,48.886004],[2.293763,48.885989],[2.293801,48.885998],[2.293793,48.886014],[2.293794,48.886014],[2.293794,48.886014],[2.293794,48.886014],[2.293794,48.886014],[2.293794,48.886014],[2.293795,48.886014],[2.293795,48.886014],[2.293795,48.886014],[2.293795,48.886014],[2.293795,48.886014],[2.293795,48.886014],[2.293795,48.886014],[2.293795,48.886014],[2.293845,48.886026],[2.293845,48.886026],[2.293847,48.886027],[2.293842,48.886037],[2.293842,48.886037],[2.293843,48.886037],[2.293843,48.886038],[2.293844,48.886038],[2.293844,48.886038],[2.293845,48.886039],[2.293846,48.886039],[2.293846,48.88604],[2.293847,48.88604],[2.293848,48.88604],[2.293848,48.886041],[2.293849,48.886041],[2.29385,48.886041],[2.29385,48.886042],[2.293851,48.886042],[2.293852,48.886042],[2.293852,48.886042],[2.293853,48.886043],[2.293854,48.886043],[2.293854,48.886043],[2.293855,48.886043],[2.293856,48.886044],[2.293857,48.886044],[2.293857,48.886044],[2.293858,48.886044],[2.293859,48.886045],[2.29386,48.886045],[2.29386,48.886045],[2.293861,48.886045],[2.293862,48.886045],[2.293863,48.886045],[2.293864,48.886046],[2.293864,48.886046],[2.293865,48.886046],[2.293866,48.886046],[2.293867,48.886046],[2.293868,48.886046],[2.293868,48.886046],[2.293869,48.886046],[2.29387,48.886046],[2.293871,48.886047],[2.293872,48.886047],[2.293872,48.886047],[2.293873,48.886047],[2.293874,48.886047],[2.293875,48.886047],[2.293876,48.886047],[2.293877,48.886047],[2.293877,48.886047],[2.293878,48.886047],[2.293879,48.886047],[2.29388,48.886047],[2.293881,48.886047],[2.293881,48.886047],[2.293882,48.886047],[2.293883,48.886046],[2.293884,48.886046],[2.293884,48.886046],[2.293889,48.886036],[2.293904,48.886039],[2.293903,48.88604],[2.293905,48.88604],[2.2939,48.886051],[2.293902,48.886052],[2.293903,48.886053],[2.293904,48.886053],[2.293904,48.886053],[2.293905,48.886054],[2.293905,48.886054],[2.293906,48.886054],[2.293907,48.886055],[2.293908,48.886055],[2.293908,48.886055],[2.293909,48.886056],[2.29391,48.886056],[2.29391,48.886056],[2.293911,48.886056],[2.293912,48.886057],[2.293913,48.886057],[2.293913,48.886057],[2.293914,48.886058],[2.293915,48.886058],[2.293916,48.886058],[2.293916,48.886058],[2.293917,48.886058],[2.293918,48.886059],[2.293919,48.886059],[2.293919,48.886059],[2.29392,48.886059],[2.293921,48.886059],[2.293922,48.886059],[2.293923,48.88606],[2.293923,48.88606],[2.293924,48.88606],[2.293925,48.88606],[2.293926,48.88606],[2.293927,48.88606],[2.293928,48.88606],[2.293928,48.88606],[2.293929,48.88606],[2.29393,48.88606],[2.293931,48.88606],[2.293932,48.88606],[2.293932,48.88606],[2.293933,48.886061],[2.293934,48.886061],[2.293935,48.886061],[2.293936,48.886061],[2.293937,48.88606],[2.293937,48.88606],[2.293938,48.88606],[2.293939,48.88606],[2.29394,48.88606],[2.293941,48.88606],[2.293942,48.88606],[2.293942,48.88606],[2.293948,48.88605],[2.294556,48.886193],[2.294575,48.886188],[2.294604,48.886145],[2.294597,48.886133]]],[[[2.291308,48.886546],[2.291809,48.886192],[2.291477,48.8859],[2.290366,48.88638],[2.291308,48.886546]]],[[[2.293115,48.885973],[2.292735,48.886157],[2.293899,48.886872],[2.294499,48.886338],[2.293115,48.885973]]],[[[2.294781,48.886368],[2.294091,48.88699],[2.294664,48.887248],[2.29534,48.886575],[2.294781,48.886368]]],[[[2.292382,48.886307],[2.291193,48.886983],[2.291702,48.887245],[2.292694,48.886544],[2.292382,48.886307]]],[[[2.292216,48.887399],[2.293393,48.886926],[2.292812,48.886617],[2.291853,48.887297],[2.292216,48.887399]]],[[[2.295645,48.887529],[2.297062,48.887113],[2.295829,48.886739],[2.295166,48.887399],[2.295645,48.887529]]],[[[2.297705,48.887535],[2.296068,48.887915],[2.297191,48.888361],[2.297705,48.887535]]],[[[2.298032,48.888131],[2.297679,48.88805],[2.297448,48.888569],[2.298535,48.888462],[2.298032,48.888131]]],[[[2.291981,48.888505],[2.289661,48.887369],[2.288975,48.887986],[2.289654,48.888394],[2.289874,48.888101],[2.290445,48.888165],[2.289774,48.888453],[2.2919,48.889507],[2.292401,48.889564],[2.29304,48.888882],[2.291981,48.888505]]],[[[2.295485,48.890088],[2.294751,48.889709],[2.294711,48.889706],[2.294577,48.889716],[2.294483,48.8898],[2.294559,48.88981],[2.295035,48.889869],[2.295041,48.889865],[2.29548,48.890092],[2.295485,48.890088]]],[[[2.297489,48.889466],[2.296371,48.890372],[2.300348,48.892548],[2.30062,48.89233],[2.298059,48.890424],[2.298023,48.889799],[2.297489,48.889466]]]],"type":"MultiPolygon"},"properties":{"id_projet":"COLLEGES (année scolaire 2024/2025)","libelle":"PIERRE DE RONSARD","annee_scol":"2024-2025","zone_commune":0,"etiquette":"Secteur du collège PIERRE DE RONSARD","lib_etab_1":"PIERRE DE RONSARD","lib_etab_2":null,"lib_etab_3":null,"lib_etab_4":null,"adr_etab_1":"140 AVENUE DE WAGRAM","adr_etab_2":null,"adr_etab_3":null,"adr_etab_4":null,"st_area_shape":536218.8955859628,"st_perimeter_shape":28133.513286659287,"type_etabl":"Collège","geo_point_2d":{"lon":2.2950252519329575,"lat":48.88395275556161}}},{"type":"Feature","geometry":{"coordinates":[[[[2.28482,48.885082],[2.286003,48.884037],[2.283408,48.882148],[2.284216,48.883164],[2.283642,48.883484],[2.282795,48.882858],[2.282187,48.883665],[2.28435,48.885345],[2.28482,48.885082]]],[[[2.29246,48.878884],[2.294002,48.87853],[2.29402,48.878306],[2.292248,48.877188],[2.29164,48.878091],[2.292164,48.8781],[2.291941,48.878843],[2.291709,48.878667],[2.291973,48.878258],[2.291616,48.878129],[2.291059,48.879007],[2.29246,48.878884]]],[[[2.290072,48.877819],[2.290933,48.876646],[2.290478,48.876505],[2.289422,48.87759],[2.289843,48.87697],[2.289105,48.876151],[2.288324,48.877742],[2.28921,48.878295],[2.289833,48.877779],[2.289285,48.878354],[2.289563,48.878459],[2.290072,48.877819]]],[[[2.290794,48.882814],[2.291571,48.882157],[2.289736,48.881168],[2.28939,48.881446],[2.289838,48.881492],[2.290097,48.881924],[2.289705,48.882263],[2.289446,48.88213],[2.289778,48.881807],[2.289378,48.88158],[2.28863,48.882134],[2.290468,48.883107],[2.290794,48.882814]]],[[[2.290552,48.87896],[2.288419,48.878152],[2.28808,48.878238],[2.287699,48.879021],[2.288234,48.878919],[2.288084,48.879179],[2.289317,48.879608],[2.290742,48.879278],[2.290552,48.87896]]],[[[2.288008,48.882515],[2.288329,48.882224],[2.287963,48.882048],[2.287413,48.882395],[2.287653,48.882173],[2.287287,48.881934],[2.287836,48.88146],[2.287013,48.880982],[2.286713,48.881203],[2.286866,48.880902],[2.286351,48.881175],[2.28617,48.880977],[2.286809,48.880524],[2.285585,48.88084],[2.286946,48.881814],[2.286467,48.882247],[2.28709,48.882331],[2.286877,48.882506],[2.287486,48.882891],[2.288008,48.882515]]],[[[2.291984,48.876916],[2.2924,48.87642],[2.291328,48.875324],[2.289408,48.875919],[2.291984,48.876916]]],[[[2.284256,48.880595],[2.284812,48.880409],[2.283998,48.878646],[2.282432,48.879048],[2.284256,48.880595]]],[[[2.288464,48.886587],[2.288102,48.886361],[2.28665,48.886544],[2.286632,48.886913],[2.288648,48.887819],[2.28921,48.887206],[2.288464,48.886587]]],[[[2.297239,48.877182],[2.296679,48.876462],[2.295209,48.877551],[2.295669,48.878147],[2.297598,48.877707],[2.297239,48.877182]]],[[[2.285889,48.884894],[2.285713,48.884751],[2.284732,48.885638],[2.285655,48.886265],[2.287376,48.886049],[2.285889,48.884894]]],[[[2.287773,48.878431],[2.287702,48.878019],[2.285052,48.878033],[2.287275,48.879331],[2.287773,48.878431]]],[[[2.281863,48.881747],[2.280697,48.881924],[2.280908,48.882879],[2.28172,48.883511],[2.282513,48.882588],[2.281863,48.881747]]],[[[2.286559,48.880242],[2.286318,48.879322],[2.28445,48.878331],[2.285227,48.880122],[2.286559,48.880242]]],[[[2.288719,48.881873],[2.289094,48.881532],[2.288298,48.881101],[2.288826,48.880677],[2.288035,48.880239],[2.286874,48.880509],[2.286911,48.880847],[2.288719,48.881873]]],[[[2.293186,48.874737],[2.291512,48.875271],[2.292526,48.876272],[2.293596,48.875005],[2.293186,48.874737]]],[[[2.285685,48.877116],[2.284451,48.877495],[2.284863,48.877883],[2.287717,48.877885],[2.285685,48.877116]]],[[[2.287916,48.883529],[2.287442,48.883321],[2.286568,48.884098],[2.286912,48.884312],[2.288655,48.884176],[2.287916,48.883529]]],[[[2.290475,48.880283],[2.291128,48.879691],[2.290895,48.879579],[2.288713,48.880108],[2.289938,48.88077],[2.290475,48.880283]]],[[[2.290899,48.878902],[2.291409,48.878089],[2.290355,48.877707],[2.28969,48.878505],[2.290899,48.878902]]],[[[2.293325,48.877418],[2.293939,48.876292],[2.293551,48.875845],[2.292432,48.877129],[2.293325,48.877418]]],[[[2.291893,48.881019],[2.290752,48.880248],[2.290062,48.880843],[2.291282,48.881493],[2.291893,48.881019]]],[[[2.289033,48.884595],[2.288646,48.884357],[2.287289,48.884546],[2.288878,48.885535],[2.289033,48.884595]]],[[[2.286458,48.882615],[2.286041,48.882457],[2.285717,48.883492],[2.286128,48.883825],[2.287147,48.883131],[2.286458,48.882615]]],[[[2.291861,48.877511],[2.292087,48.877109],[2.291606,48.876923],[2.291098,48.877406],[2.291575,48.876899],[2.291135,48.876724],[2.290455,48.877576],[2.291572,48.877968],[2.291861,48.877511]]],[[[2.284646,48.881475],[2.283811,48.881674],[2.284264,48.881903],[2.284195,48.882624],[2.284644,48.882903],[2.285092,48.881836],[2.284646,48.881475]]],[[[2.28732,48.876604],[2.285882,48.877066],[2.287799,48.877792],[2.28732,48.876604]]],[[[2.288747,48.876435],[2.288845,48.876097],[2.287462,48.876558],[2.288054,48.877703],[2.288747,48.876435]]],[[[2.285683,48.882127],[2.285225,48.881943],[2.284902,48.882983],[2.28546,48.883411],[2.285907,48.882349],[2.285683,48.882127]]],[[[2.29488,48.877129],[2.29634,48.875946],[2.296048,48.875537],[2.294812,48.876555],[2.29488,48.877129]]],[[[2.287754,48.879962],[2.28803,48.879875],[2.284227,48.877836],[2.287754,48.879962]]],[[[2.294168,48.876544],[2.294012,48.876416],[2.293322,48.877678],[2.29375,48.877982],[2.294123,48.877728],[2.294168,48.876544]]],[[[2.288659,48.882989],[2.289175,48.882628],[2.288666,48.882298],[2.28769,48.882985],[2.288195,48.883323],[2.288659,48.882989]]],[[[2.296643,48.876359],[2.296389,48.876047],[2.294933,48.87723],[2.295167,48.877451],[2.296643,48.876359]]],[[[2.294109,48.875203],[2.293607,48.875732],[2.294329,48.876496],[2.294534,48.875293],[2.294109,48.875203]]],[[[2.289384,48.883995],[2.290322,48.883141],[2.289895,48.882982],[2.288897,48.88369],[2.289384,48.883995]]],[[[2.289754,48.882848],[2.289312,48.88269],[2.288367,48.883434],[2.288776,48.883619],[2.289754,48.882848]]],[[[2.295964,48.875424],[2.29502,48.875329],[2.294851,48.876333],[2.295964,48.875424]]],[[[2.287811,48.879203],[2.287522,48.879465],[2.288226,48.879844],[2.289038,48.879671],[2.287811,48.879203]]],[[[2.295111,48.877625],[2.294586,48.87792],[2.294499,48.878391],[2.295516,48.878181],[2.295111,48.877625]]],[[[2.280526,48.87973],[2.280191,48.879692],[2.280379,48.880519],[2.280791,48.880552],[2.280526,48.87973]]],[[[2.287501,48.880027],[2.2865,48.879463],[2.286778,48.880173],[2.287501,48.880027]]],[[[2.2894,48.881237],[2.289591,48.881082],[2.288942,48.880739],[2.28851,48.881087],[2.289119,48.881416],[2.2894,48.881237]]],[[[2.281292,48.881057],[2.280527,48.881175],[2.280626,48.881607],[2.281482,48.88141],[2.281292,48.881057]]],[[[2.292138,48.880818],[2.292198,48.880535],[2.291488,48.880148],[2.290844,48.880147],[2.292138,48.880818]]],[[[2.289648,48.880977],[2.289813,48.880835],[2.288529,48.880143],[2.288243,48.880224],[2.289648,48.880977]]],[[[2.288245,48.881703],[2.287885,48.881525],[2.287373,48.881932],[2.287732,48.882155],[2.288245,48.881703]]],[[[2.289887,48.876237],[2.289346,48.876071],[2.289926,48.876787],[2.290312,48.876426],[2.289887,48.876237]]],[[[2.291023,48.881725],[2.291199,48.881583],[2.289846,48.881084],[2.291023,48.881725]]],[[[2.285215,48.880957],[2.284815,48.881208],[2.285547,48.881548],[2.285215,48.880957]]],[[[2.286282,48.881582],[2.285936,48.881464],[2.286365,48.882113],[2.28668,48.88183],[2.286282,48.881582]]],[[[2.280963,48.880685],[2.280405,48.880637],[2.280503,48.881067],[2.281063,48.880936],[2.280963,48.880685]]],[[[2.285354,48.88025],[2.285338,48.880524],[2.286123,48.880343],[2.285354,48.88025]]],[[[2.295175,48.875219],[2.295212,48.875217],[2.295213,48.875218],[2.295227,48.875217],[2.295298,48.875212],[2.295298,48.875211],[2.295352,48.875207],[2.295406,48.875201],[2.295459,48.875195],[2.295508,48.875188],[2.295508,48.875189],[2.295579,48.875178],[2.295593,48.875176],[2.295592,48.875175],[2.295632,48.875168],[2.295671,48.87516],[2.29571,48.875152],[2.295746,48.875144],[2.295746,48.875146],[2.29576,48.875143],[2.295754,48.875134],[2.295751,48.875135],[2.295743,48.875124],[2.295745,48.875123],[2.29574,48.875115],[2.295738,48.875116],[2.295725,48.875099],[2.295727,48.875098],[2.295721,48.875089],[2.295719,48.87509],[2.295711,48.87508],[2.295713,48.875079],[2.295707,48.87507],[2.295705,48.875071],[2.295666,48.875017],[2.295668,48.875016],[2.295661,48.875007],[2.295659,48.875008],[2.295651,48.874997],[2.295654,48.874997],[2.295647,48.874988],[2.295645,48.874989],[2.295633,48.874972],[2.29507,48.875035],[2.295073,48.875035],[2.29507,48.875053],[2.295067,48.875053],[2.295065,48.875063],[2.295068,48.875063],[2.295066,48.875074],[2.295063,48.875074],[2.295062,48.875084],[2.295065,48.875084],[2.295055,48.875143],[2.295052,48.875143],[2.29505,48.875153],[2.295053,48.875153],[2.295051,48.875165],[2.295048,48.875165],[2.295046,48.875174],[2.295049,48.875174],[2.295046,48.875192],[2.295043,48.875192],[2.295042,48.875202],[2.295045,48.875202],[2.295042,48.875214],[2.29504,48.875214],[2.295038,48.875223],[2.295052,48.875223],[2.295052,48.875222],[2.295093,48.875221],[2.295146,48.87522],[2.295175,48.875219]]],[[[2.294888,48.877353],[2.294606,48.877771],[2.295029,48.87755],[2.294888,48.877353]]],[[[2.283475,48.881428],[2.282977,48.881404],[2.28317,48.881771],[2.283475,48.881428]]],[[[2.291658,48.882062],[2.291808,48.881913],[2.291162,48.881792],[2.291658,48.882062]]],[[[2.288647,48.881936],[2.288385,48.881782],[2.288223,48.881884],[2.288074,48.881978],[2.288099,48.882002],[2.288211,48.882056],[2.28841,48.882151],[2.288518,48.882053],[2.288627,48.881955],[2.288647,48.881936]]],[[[2.286455,48.886531],[2.285979,48.886537],[2.286464,48.886775],[2.286455,48.886531]]],[[[2.293653,48.874895],[2.293816,48.874745],[2.293319,48.874673],[2.293653,48.874895]]],[[[2.294554,48.875187],[2.294586,48.875002],[2.294279,48.874936],[2.294159,48.875078],[2.294172,48.875103],[2.29418,48.875105],[2.294179,48.875107],[2.294193,48.87511],[2.294194,48.875109],[2.294263,48.875127],[2.294262,48.875129],[2.294276,48.875133],[2.294323,48.875143],[2.294323,48.875143],[2.294333,48.875146],[2.294334,48.875145],[2.294395,48.875158],[2.294395,48.875159],[2.294405,48.875161],[2.294406,48.875161],[2.294453,48.875171],[2.294468,48.875173],[2.294468,48.875171],[2.294506,48.875177],[2.29454,48.875183],[2.294539,48.875184],[2.294554,48.875187]]],[[[2.294114,48.877782],[2.293782,48.878005],[2.294051,48.878157],[2.294114,48.877782]]]],"type":"MultiPolygon"},"properties":{"id_projet":"COLLEGES (année scolaire 2021/2022)","libelle":"ANDRE MALRAUX","annee_scol":"2021-2022","zone_commune":0,"etiquette":"Secteur du collège ANDRE MALRAUX","lib_etab_1":"ANDRE MALRAUX","lib_etab_2":null,"lib_etab_3":null,"lib_etab_4":null,"adr_etab_1":"5 bis RUE SAINT-FERDINAND","adr_etab_2":null,"adr_etab_3":null,"adr_etab_4":null,"st_area_shape":538574.79708453,"st_perimeter_shape":25524.745087090836,"type_etabl":"Collège","geo_point_2d":{"lon":2.2885075521504596,"lat":48.88024076506975}}},{"type":"Feature","geometry":{"coordinates":[[[[2.31112,48.884528],[2.312489,48.883303],[2.310423,48.883128],[2.308935,48.884029],[2.310671,48.88492],[2.31112,48.884528]]],[[[2.313168,48.885496],[2.314714,48.884527],[2.314343,48.884365],[2.313052,48.885463],[2.313325,48.884909],[2.312648,48.885235],[2.31318,48.884823],[2.312361,48.885055],[2.313929,48.884057],[2.313647,48.883881],[2.311022,48.885122],[2.312354,48.886059],[2.313168,48.885496]]],[[[2.30588,48.880925],[2.303753,48.879687],[2.302945,48.880351],[2.305174,48.881453],[2.30588,48.880925]]],[[[2.308042,48.88059],[2.308304,48.88043],[2.307294,48.880214],[2.307168,48.880469],[2.307209,48.880195],[2.304971,48.879715],[2.30473,48.880023],[2.306793,48.881087],[2.308042,48.88059]]],[[[2.309241,48.885139],[2.309989,48.885557],[2.310585,48.885035],[2.309343,48.884391],[2.308183,48.885408],[2.309547,48.885863],[2.309954,48.885583],[2.309241,48.885139]]],[[[2.304177,48.882175],[2.30112,48.88134],[2.300901,48.881529],[2.302962,48.882705],[2.304177,48.882175]]],[[[2.316689,48.884779],[2.316955,48.884523],[2.316636,48.884372],[2.317017,48.884463],[2.317676,48.88383],[2.317281,48.883651],[2.31779,48.883133],[2.31766,48.882909],[2.315595,48.884855],[2.316186,48.885226],[2.316689,48.884779]]],[[[2.307348,48.883128],[2.307965,48.882938],[2.30568,48.881831],[2.304782,48.88218],[2.307348,48.883128]]],[[[2.308882,48.880651],[2.306587,48.881458],[2.307668,48.882012],[2.308882,48.880651]]],[[[2.30774,48.884577],[2.308465,48.883954],[2.307393,48.883436],[2.306133,48.883668],[2.30774,48.884577]]],[[[2.315813,48.884491],[2.316592,48.883755],[2.315753,48.88336],[2.314681,48.88432],[2.315453,48.884796],[2.315813,48.884491]]],[[[2.304155,48.881093],[2.303107,48.881766],[2.304378,48.882112],[2.30536,48.881723],[2.304155,48.881093]]],[[[2.312842,48.881048],[2.312363,48.881254],[2.31343,48.881836],[2.315225,48.881362],[2.312842,48.881048]]],[[[2.306567,48.88159],[2.305842,48.881776],[2.308226,48.882928],[2.308794,48.882821],[2.306567,48.88159]]],[[[2.315062,48.883054],[2.31476,48.882937],[2.313783,48.883815],[2.314581,48.884257],[2.315604,48.883311],[2.315062,48.883054]]],[[[2.302815,48.879251],[2.30234,48.879178],[2.300532,48.880914],[2.300972,48.881131],[2.302815,48.879251]]],[[[2.306077,48.883809],[2.305153,48.883918],[2.307138,48.885019],[2.307601,48.884691],[2.306077,48.883809]]],[[[2.302128,48.879105],[2.301677,48.879034],[2.300027,48.880269],[2.300344,48.880763],[2.302128,48.879105]]],[[[2.299081,48.87845],[2.298671,48.878467],[2.299468,48.87956],[2.300607,48.878858],[2.299081,48.87845]]],[[[2.317044,48.883366],[2.317542,48.882899],[2.316967,48.883331],[2.316393,48.883009],[2.316208,48.883182],[2.315683,48.882906],[2.31595,48.882627],[2.315629,48.88219],[2.315345,48.882433],[2.315532,48.882552],[2.314854,48.882853],[2.316682,48.883684],[2.317044,48.883366]]],[[[2.305301,48.883071],[2.304937,48.882915],[2.305375,48.882502],[2.304437,48.882326],[2.304558,48.883588],[2.305764,48.883461],[2.305301,48.883071]]],[[[2.314116,48.883347],[2.31482,48.882734],[2.314505,48.882538],[2.314118,48.882818],[2.314462,48.882515],[2.314183,48.882364],[2.312954,48.883207],[2.313801,48.883587],[2.314116,48.883347]]],[[[2.309446,48.88125],[2.309158,48.880997],[2.309111,48.882684],[2.310214,48.882162],[2.309446,48.88125]]],[[[2.312795,48.883125],[2.313949,48.882237],[2.312029,48.882417],[2.312795,48.883125]]],[[[2.301135,48.879249],[2.30147,48.878964],[2.300818,48.878848],[2.299559,48.879681],[2.299934,48.880148],[2.301135,48.879249]]],[[[2.311256,48.880857],[2.30992,48.880738],[2.31122,48.881696],[2.312069,48.881034],[2.311256,48.880857]]],[[[2.30894,48.880992],[2.307795,48.882081],[2.308821,48.882651],[2.30894,48.880992]]],[[[2.312575,48.886363],[2.310883,48.885211],[2.310414,48.885441],[2.312143,48.886595],[2.312575,48.886363]]],[[[2.313059,48.883535],[2.31084,48.885027],[2.313497,48.88382],[2.313059,48.883535]]],[[[2.310387,48.882107],[2.311001,48.881804],[2.309297,48.880718],[2.310387,48.882107]]],[[[2.315379,48.885937],[2.316098,48.885344],[2.315509,48.884972],[2.314495,48.885889],[2.315379,48.885937]]],[[[2.313222,48.881839],[2.312279,48.881324],[2.311538,48.881899],[2.311835,48.882175],[2.313222,48.881839]],[[2.312267,48.881766],[2.312382,48.881676],[2.312424,48.881699],[2.312334,48.881768],[2.31226,48.881825],[2.312217,48.881806],[2.312267,48.881766]]],[[[2.30301,48.88054],[2.301768,48.881401],[2.303538,48.880822],[2.30301,48.88054]]],[[[2.306025,48.883408],[2.306935,48.88319],[2.305567,48.882554],[2.305223,48.882847],[2.306025,48.883408]]],[[[2.316337,48.885459],[2.315259,48.886177],[2.315577,48.886343],[2.315359,48.88651],[2.316667,48.885675],[2.316337,48.885459]]],[[[2.317732,48.884628],[2.317254,48.884394],[2.316331,48.885311],[2.316791,48.885552],[2.317732,48.884628]]],[[[2.309138,48.883248],[2.307676,48.88341],[2.308609,48.883867],[2.309138,48.883248]]],[[[2.311876,48.887217],[2.312121,48.887169],[2.311242,48.8866],[2.309583,48.886081],[2.310405,48.886813],[2.310775,48.88656],[2.311876,48.887217]]],[[[2.308004,48.886228],[2.309357,48.886013],[2.308073,48.885595],[2.307463,48.886095],[2.308004,48.886228]]],[[[2.302399,48.880245],[2.301278,48.881252],[2.301622,48.881343],[2.3027,48.880414],[2.302399,48.880245]]],[[[2.310985,48.885899],[2.310372,48.885476],[2.310093,48.885717],[2.312114,48.886656],[2.310985,48.885899]]],[[[2.311783,48.882533],[2.310681,48.88304],[2.312433,48.883191],[2.311783,48.882533]]],[[[2.304213,48.882466],[2.303258,48.882865],[2.30433,48.883407],[2.304213,48.882466]]],[[[2.303222,48.87994],[2.303595,48.879607],[2.303071,48.879367],[2.302364,48.880072],[2.302833,48.880298],[2.303222,48.87994]]],[[[2.31512,48.88247],[2.3154,48.882221],[2.314857,48.881829],[2.314271,48.882253],[2.314896,48.882633],[2.31512,48.88247]]],[[[2.307381,48.886004],[2.307878,48.885597],[2.307351,48.885369],[2.306659,48.885892],[2.307179,48.886182],[2.307381,48.886004]]],[[[2.303727,48.880886],[2.302311,48.881549],[2.302935,48.881701],[2.303727,48.880886]]],[[[2.318245,48.884124],[2.317842,48.883798],[2.317307,48.884344],[2.317783,48.884578],[2.318245,48.884124]]],[[[2.305594,48.881624],[2.306633,48.881141],[2.30611,48.880901],[2.305384,48.881531],[2.305594,48.881624]]],[[[2.30919,48.884316],[2.308754,48.884177],[2.308213,48.884651],[2.308623,48.884843],[2.30919,48.884316]]],[[[2.30833,48.884851],[2.308069,48.884737],[2.307538,48.885227],[2.30803,48.885364],[2.30833,48.884851]]],[[[2.314398,48.885831],[2.315387,48.884901],[2.314843,48.884594],[2.315025,48.884938],[2.314398,48.885831]]],[[[2.303822,48.879468],[2.304582,48.879969],[2.304802,48.879699],[2.303822,48.879468]]],[[[2.314241,48.88423],[2.314106,48.88415],[2.313809,48.88437],[2.313737,48.884425],[2.313725,48.884425],[2.313695,48.884447],[2.313696,48.884455],[2.313684,48.884455],[2.313655,48.884477],[2.313656,48.884484],[2.313581,48.884538],[2.313285,48.884759],[2.313421,48.884839],[2.313717,48.884619],[2.31375,48.884594],[2.313762,48.884594],[2.313792,48.884571],[2.313791,48.884564],[2.313867,48.884507],[2.313879,48.884507],[2.313908,48.884485],[2.313908,48.884477],[2.313941,48.884452],[2.314241,48.88423]]],[[[2.31291,48.883448],[2.312773,48.883367],[2.312732,48.883369],[2.312573,48.883484],[2.312448,48.883575],[2.312323,48.883665],[2.31223,48.883732],[2.312118,48.883813],[2.312245,48.88389],[2.312368,48.883813],[2.312454,48.88376],[2.31259,48.883675],[2.312727,48.88359],[2.312911,48.883475],[2.31291,48.883448]]],[[[2.310247,48.885955],[2.309991,48.885789],[2.309949,48.88579],[2.309784,48.885915],[2.309793,48.885941],[2.310116,48.886044],[2.310323,48.886109],[2.310524,48.886173],[2.310549,48.88615],[2.310388,48.886046],[2.310247,48.885955]]],[[[2.314435,48.881933],[2.31441,48.88191],[2.314147,48.881967],[2.314143,48.881968],[2.313871,48.882026],[2.313857,48.882072],[2.314043,48.882171],[2.314112,48.882169],[2.314279,48.882046],[2.314435,48.881933]]],[[[2.300646,48.881099],[2.300641,48.881098],[2.300637,48.881099],[2.300632,48.881099],[2.300627,48.8811],[2.300622,48.881102],[2.300619,48.881103],[2.300617,48.881105],[2.300615,48.881107],[2.300612,48.88111],[2.300611,48.881112],[2.300609,48.881116],[2.300608,48.881118],[2.300608,48.881122],[2.300608,48.881124],[2.300609,48.881127],[2.300611,48.88113],[2.300746,48.881314],[2.300787,48.881316],[2.300864,48.881239],[2.300858,48.881212],[2.300662,48.881103],[2.300657,48.881101],[2.300655,48.881101],[2.300652,48.8811],[2.300646,48.881099]]]],"type":"MultiPolygon"},"properties":{"id_projet":"COLLEGES (année scolaire 2020/2021)","libelle":"CARNOT","annee_scol":"2020-2021","zone_commune":0,"etiquette":"Secteur du collège CARNOT","lib_etab_1":"CARNOT","lib_etab_2":null,"lib_etab_3":null,"lib_etab_4":null,"adr_etab_1":"145 BOULEVARD MALESHERBES","adr_etab_2":null,"adr_etab_3":null,"adr_etab_4":null,"st_area_shape":444527.0393966691,"st_perimeter_shape":24219.589938078214,"type_etabl":"Collège","geo_point_2d":{"lon":2.308882302054632,"lat":48.88279369586748}}},{"type":"Feature","geometry":{"coordinates":[[[[2.309563,48.894059],[2.311146,48.89445],[2.31181,48.894012],[2.312626,48.894583],[2.31238,48.894177],[2.308241,48.89233],[2.308735,48.892123],[2.313685,48.894162],[2.314049,48.893637],[2.313115,48.893141],[2.313196,48.892334],[2.316735,48.890544],[2.317657,48.891156],[2.316817,48.89188],[2.318175,48.891435],[2.314134,48.887485],[2.311087,48.887949],[2.309229,48.888836],[2.309486,48.889346],[2.309255,48.889487],[2.309841,48.889475],[2.311165,48.890306],[2.308471,48.892098],[2.307152,48.891464],[2.305475,48.892394],[2.306746,48.891615],[2.304286,48.890453],[2.301877,48.891873],[2.304247,48.893358],[2.304002,48.893534],[2.303623,48.893761],[2.301142,48.892542],[2.300813,48.892687],[2.305667,48.895072],[2.304614,48.894382],[2.305193,48.893948],[2.307219,48.895146],[2.309696,48.895969],[2.310175,48.895992],[2.309915,48.895758],[2.311395,48.894818],[2.309563,48.894059]],[[2.309352,48.893956],[2.309563,48.894059],[2.309396,48.894018],[2.309334,48.893977],[2.309348,48.89396],[2.309352,48.893956]]],[[[2.315501,48.888085],[2.315832,48.88834],[2.317502,48.887334],[2.31659,48.886584],[2.317592,48.886192],[2.316882,48.885782],[2.314361,48.887352],[2.315501,48.888085]]],[[[2.31826,48.891237],[2.318543,48.891402],[2.319966,48.890555],[2.318608,48.88957],[2.317344,48.890274],[2.31826,48.891237]]],[[[2.314287,48.885362],[2.314712,48.884531],[2.314424,48.884563],[2.31237,48.886049],[2.313142,48.886568],[2.314287,48.885362]]],[[[2.317978,48.88907],[2.316873,48.889647],[2.317227,48.890149],[2.3185,48.889491],[2.317978,48.88907]]],[[[2.316334,48.889214],[2.316706,48.889603],[2.31731,48.88925],[2.317011,48.889015],[2.317412,48.889191],[2.3178,48.888939],[2.31721,48.888527],[2.316334,48.889214]]],[[[2.314623,48.886559],[2.315264,48.886032],[2.314495,48.885889],[2.314039,48.886319],[2.313892,48.887048],[2.314623,48.886559]]],[[[2.318052,48.887338],[2.318406,48.887668],[2.319244,48.887158],[2.318458,48.886697],[2.317809,48.887085],[2.318052,48.887338]]],[[[2.318366,48.887867],[2.317453,48.888408],[2.318045,48.888821],[2.318817,48.888371],[2.318366,48.887867]]],[[[2.312774,48.887084],[2.311499,48.887699],[2.313528,48.887394],[2.312774,48.887084]]],[[[2.31176,48.887385],[2.312121,48.887169],[2.310775,48.88656],[2.310405,48.886813],[2.311387,48.887646],[2.31176,48.887385]]],[[[2.318942,48.888469],[2.318152,48.888929],[2.318755,48.889353],[2.319416,48.888997],[2.318942,48.888469]]],[[[2.317912,48.887393],[2.316885,48.887983],[2.317347,48.8883],[2.31824,48.887769],[2.317912,48.887393]]],[[[2.31597,48.88883],[2.31617,48.889001],[2.317104,48.888419],[2.316684,48.888105],[2.31581,48.88863],[2.31597,48.88883]]],[[[2.315368,48.886233],[2.314098,48.887131],[2.315498,48.886594],[2.315368,48.886233]]],[[[2.320012,48.889584],[2.319459,48.889905],[2.320212,48.890439],[2.320596,48.890193],[2.320012,48.889584]]],[[[2.318484,48.88779],[2.318977,48.888273],[2.319078,48.887766],[2.319697,48.887555],[2.319348,48.887243],[2.318484,48.88779]]],[[[2.319544,48.889094],[2.318862,48.889459],[2.319332,48.889811],[2.319909,48.889475],[2.319544,48.889094]]],[[[2.314401,48.885665],[2.315025,48.884938],[2.314843,48.884594],[2.314401,48.885665]]],[[[2.313729,48.886994],[2.313732,48.886325],[2.313234,48.886657],[2.313729,48.886994]]],[[[2.317503,48.886858],[2.31772,48.887021],[2.318287,48.886681],[2.318066,48.886522],[2.317503,48.886858]]],[[[2.312679,48.886454],[2.312191,48.8867],[2.312646,48.886809],[2.3129,48.886651],[2.312679,48.886454]]],[[[2.313114,48.88673],[2.312838,48.886906],[2.313619,48.887073],[2.313114,48.88673]]],[[[2.317584,48.88588],[2.317589,48.885876],[2.317182,48.885628],[2.317006,48.88566],[2.316993,48.885673],[2.316991,48.885676],[2.31699,48.885678],[2.316989,48.885679],[2.316988,48.885682],[2.316988,48.885684],[2.316988,48.885688],[2.316988,48.88569],[2.31699,48.885693],[2.316991,48.885695],[2.316995,48.885702],[2.317037,48.885726],[2.317039,48.885727],[2.317063,48.885741],[2.31707,48.885746],[2.317073,48.885747],[2.317108,48.885768],[2.317132,48.885782],[2.317139,48.885786],[2.31714,48.885787],[2.317199,48.88582],[2.317201,48.885821],[2.317208,48.885825],[2.317236,48.885841],[2.317268,48.885861],[2.317269,48.885861],[2.31727,48.885862],[2.317306,48.885883],[2.317329,48.885896],[2.317337,48.885901],[2.317339,48.885902],[2.317377,48.885924],[2.317477,48.885978],[2.317475,48.885979],[2.317599,48.886052],[2.317713,48.886119],[2.317734,48.886117],[2.31773,48.885949],[2.317722,48.885945],[2.3177,48.885935],[2.317687,48.885929],[2.317607,48.885891],[2.317584,48.88588]]],[[[2.317864,48.886351],[2.317757,48.886288],[2.317716,48.886288],[2.317568,48.886376],[2.31742,48.886464],[2.317311,48.886528],[2.317171,48.886611],[2.317137,48.886631],[2.317139,48.886658],[2.31728,48.88673],[2.317328,48.886701],[2.317446,48.88663],[2.317562,48.88656],[2.317705,48.886474],[2.317865,48.886378],[2.317864,48.886351]]],[[[2.318152,48.88635],[2.318487,48.886342],[2.318109,48.88611],[2.317875,48.88619],[2.318152,48.88635]]],[[[2.312144,48.886884],[2.31181,48.886779],[2.311786,48.886801],[2.312029,48.886958],[2.312168,48.887048],[2.31224,48.887095],[2.312281,48.887096],[2.312291,48.887089],[2.312357,48.887049],[2.312433,48.887001],[2.312427,48.886974],[2.312292,48.886932],[2.312144,48.886884]]],[[[2.319257,48.886826],[2.318977,48.886857],[2.319384,48.887097],[2.319257,48.886826]]],[[[2.318865,48.886688],[2.318938,48.88657],[2.31887,48.886607],[2.318854,48.886595],[2.318839,48.886584],[2.318797,48.886554],[2.318773,48.886536],[2.31875,48.886519],[2.318692,48.886477],[2.318661,48.886501],[2.318633,48.886497],[2.318633,48.886517],[2.318629,48.88654],[2.318623,48.886561],[2.318614,48.886577],[2.318611,48.88658],[2.318597,48.886599],[2.318594,48.886603],[2.318579,48.886618],[2.318574,48.886623],[2.318704,48.886698],[2.318841,48.886778],[2.318872,48.886779],[2.318865,48.886688]]],[[[2.303439,48.890095],[2.30338,48.890074],[2.302971,48.890389],[2.302962,48.890474],[2.302967,48.890476],[2.303059,48.890407],[2.303105,48.890373],[2.303443,48.890119],[2.303439,48.890095]]]],"type":"MultiPolygon"},"properties":{"id_projet":"COLLEGES (année scolaire 2022/2023)","libelle":"ROSE BLANCHE","annee_scol":"2022-2023","zone_commune":0,"etiquette":"Secteur du collège ROSE BLANCHE","lib_etab_1":"ROSE BLANCHE","lib_etab_2":null,"lib_etab_3":null,"lib_etab_4":null,"adr_etab_1":"101 RUE DE SAUSSURE","adr_etab_2":null,"adr_etab_3":null,"adr_etab_4":null,"st_area_shape":609034.4497845693,"st_perimeter_shape":14980.573315262754,"type_etabl":"Collège","geo_point_2d":{"lon":2.311518846054985,"lat":48.89083760784219}}},{"type":"Feature","geometry":{"coordinates":[[[[2.326488,48.895533],[2.32533,48.893552],[2.322841,48.893629],[2.324112,48.895235],[2.324463,48.895222],[2.324183,48.895325],[2.324528,48.895761],[2.326488,48.895533]]],[[[2.32528,48.8849],[2.325284,48.884897],[2.325079,48.88493],[2.325087,48.884952],[2.325178,48.88501],[2.325304,48.885091],[2.325313,48.885091],[2.325284,48.884902],[2.32528,48.8849]]],[[[2.32402,48.885186],[2.324676,48.884781],[2.323493,48.884819],[2.323291,48.88471],[2.323557,48.884281],[2.322867,48.884819],[2.323809,48.885346],[2.32402,48.885186]]],[[[2.326316,48.885568],[2.326459,48.885259],[2.326102,48.885041],[2.32547,48.8852],[2.326316,48.885568]]],[[[2.322017,48.885365],[2.323359,48.884284],[2.322762,48.884615],[2.322489,48.884078],[2.320902,48.88503],[2.321639,48.885695],[2.322017,48.885365]]],[[[2.32583,48.885537],[2.325423,48.885272],[2.325034,48.885614],[2.326001,48.886188],[2.326205,48.885801],[2.32583,48.885537]]],[[[2.321397,48.885846],[2.320803,48.88509],[2.319899,48.885633],[2.320752,48.88622],[2.321397,48.885846]]],[[[2.322893,48.88594],[2.323743,48.885391],[2.322858,48.884888],[2.321742,48.885756],[2.322372,48.886329],[2.322893,48.88594]]],[[[2.325668,48.886085],[2.324955,48.885658],[2.324403,48.886104],[2.325765,48.886664],[2.325668,48.886085]]],[[[2.319268,48.886592],[2.320324,48.886055],[2.3198,48.885694],[2.3186,48.886417],[2.318872,48.886779],[2.319268,48.886592]]],[[[2.323329,48.886694],[2.325339,48.885216],[2.324768,48.884841],[2.322465,48.886379],[2.323042,48.886912],[2.323329,48.886694]]],[[[2.319563,48.886962],[2.320658,48.886288],[2.320407,48.886138],[2.318985,48.886827],[2.319563,48.886962]]],[[[2.320302,48.887504],[2.322302,48.886382],[2.321624,48.885828],[2.319512,48.887144],[2.320302,48.887504]]],[[[2.325475,48.887377],[2.32559,48.887119],[2.325063,48.886939],[2.325604,48.88709],[2.325738,48.886716],[2.32436,48.886152],[2.323704,48.886571],[2.325134,48.887222],[2.323691,48.88658],[2.32312,48.886967],[2.324536,48.887921],[2.325475,48.887377]]],[[[2.321358,48.88789],[2.32294,48.886939],[2.322368,48.88644],[2.320315,48.88764],[2.321037,48.888054],[2.321358,48.88789]]],[[[2.319192,48.888152],[2.320048,48.887625],[2.319375,48.887243],[2.319697,48.887555],[2.319078,48.887766],[2.318977,48.888273],[2.319192,48.888152]]],[[[2.323058,48.887042],[2.322247,48.887515],[2.323553,48.888495],[2.324457,48.887992],[2.323058,48.887042]]],[[[2.325186,48.888768],[2.325769,48.888534],[2.325494,48.887714],[2.324338,48.888333],[2.325186,48.888768]]],[[[2.321056,48.888207],[2.320315,48.88862],[2.320671,48.8888],[2.321349,48.888396],[2.321056,48.888207]]],[[[2.319671,48.888195],[2.32023,48.888525],[2.320891,48.888112],[2.320196,48.88771],[2.319069,48.888367],[2.319586,48.888901],[2.320084,48.88861],[2.319671,48.888195]]],[[[2.323063,48.888795],[2.323464,48.888547],[2.322685,48.888007],[2.3219,48.888342],[2.322613,48.887972],[2.322126,48.887587],[2.321176,48.888114],[2.322662,48.889002],[2.323063,48.888795]]],[[[2.324017,48.888894],[2.324541,48.888645],[2.324204,48.888412],[2.323491,48.888823],[2.324017,48.888894]]],[[[2.321616,48.888534],[2.320683,48.888889],[2.32164,48.88959],[2.322535,48.889099],[2.321616,48.888534]]],[[[2.325968,48.889131],[2.325765,48.88861],[2.323825,48.889099],[2.325191,48.890102],[2.32618,48.889758],[2.325968,48.889131]]],[[[2.320236,48.888691],[2.319661,48.889017],[2.320719,48.890119],[2.321535,48.889675],[2.320236,48.888691]]],[[[2.326339,48.890232],[2.326166,48.889804],[2.325231,48.89013],[2.326017,48.890724],[2.326452,48.890567],[2.326339,48.890232]]],[[[2.325469,48.890476],[2.32338,48.888907],[2.322927,48.889149],[2.325227,48.890958],[2.325833,48.890782],[2.325469,48.890476]]],[[[2.322783,48.889242],[2.322493,48.889424],[2.324711,48.891123],[2.325051,48.891023],[2.322783,48.889242]]],[[[2.32239,48.889484],[2.321887,48.889771],[2.323841,48.8914],[2.324569,48.891186],[2.32239,48.889484]]],[[[2.319775,48.890981],[2.319367,48.891252],[2.320125,48.891388],[2.319775,48.890981]]],[[[2.320293,48.89069],[2.319877,48.890921],[2.320333,48.89145],[2.321051,48.891595],[2.320293,48.89069]]],[[[2.321771,48.889825],[2.321388,48.89005],[2.323038,48.891656],[2.323703,48.891462],[2.321771,48.889825]]],[[[2.320809,48.890398],[2.320396,48.890629],[2.321248,48.891648],[2.321945,48.891782],[2.320809,48.890398]]],[[[2.326495,48.890695],[2.325345,48.89106],[2.326227,48.891864],[2.326794,48.891582],[2.326495,48.890695]]],[[[2.321289,48.890111],[2.320905,48.890327],[2.322159,48.891855],[2.322901,48.891719],[2.321289,48.890111]]],[[[2.325811,48.891684],[2.325154,48.891099],[2.322772,48.891859],[2.323581,48.892086],[2.32486,48.89167],[2.323844,48.892125],[2.324726,48.892333],[2.326015,48.891913],[2.325811,48.891684]]],[[[2.326896,48.89189],[2.326382,48.891986],[2.327166,48.892692],[2.326896,48.89189]]],[[[2.326154,48.892007],[2.325001,48.892392],[2.326928,48.892809],[2.326154,48.892007]]],[[[2.32519,48.892622],[2.324946,48.892596],[2.325445,48.893397],[2.327076,48.893074],[2.32519,48.892622]]],[[[2.322583,48.89206],[2.322296,48.892023],[2.323454,48.893436],[2.325252,48.893417],[2.324729,48.892523],[2.322583,48.89206]]],[[[2.322865,48.892906],[2.322094,48.891965],[2.321335,48.891817],[2.322664,48.8935],[2.323292,48.893428],[2.322865,48.892906]]],[[[2.320735,48.891661],[2.32216,48.893656],[2.322565,48.893551],[2.32119,48.89177],[2.320735,48.891661]]],[[[2.327332,48.893184],[2.325488,48.893522],[2.325695,48.893786],[2.327332,48.893184]]],[[[2.319565,48.891407],[2.321399,48.893907],[2.322023,48.893719],[2.320282,48.891569],[2.319565,48.891407]]],[[[2.327066,48.893717],[2.327616,48.894031],[2.327442,48.893516],[2.326713,48.893703],[2.327246,48.89409],[2.327066,48.893717]],[[2.326935,48.893701],[2.326954,48.893695],[2.326954,48.893695],[2.326935,48.893701]]],[[[2.320906,48.893399],[2.319239,48.891353],[2.318707,48.891579],[2.32064,48.894139],[2.321337,48.893931],[2.320906,48.893399]]],[[[2.32241,48.894235],[2.322109,48.893831],[2.321554,48.894003],[2.321885,48.894388],[2.32241,48.894235]]],[[[2.319773,48.893281],[2.318524,48.891705],[2.31808,48.891941],[2.319866,48.894402],[2.320494,48.89419],[2.319773,48.893281]]],[[[2.318107,48.892261],[2.317948,48.892045],[2.317916,48.892316],[2.31792,48.892321],[2.317926,48.89233],[2.317942,48.892352],[2.317962,48.892379],[2.31797,48.892391],[2.317985,48.892411],[2.318007,48.892441],[2.318035,48.892481],[2.318058,48.892514],[2.318066,48.892524],[2.318069,48.892528],[2.318134,48.892618],[2.318141,48.892627],[2.31816,48.892654],[2.318199,48.892709],[2.318268,48.892804],[2.318283,48.892825],[2.318311,48.892864],[2.318339,48.892903],[2.318345,48.892911],[2.318383,48.892964],[2.31843,48.893029],[2.318439,48.893042],[2.318454,48.893062],[2.31845,48.893063],[2.318452,48.893065],[2.318465,48.893083],[2.318492,48.89312],[2.318498,48.893127],[2.318516,48.893153],[2.318526,48.893166],[2.318557,48.893208],[2.318586,48.893248],[2.318587,48.893249],[2.318619,48.893292],[2.318649,48.893334],[2.318658,48.893346],[2.318662,48.893352],[2.318684,48.893381],[2.318684,48.893381],[2.318728,48.893443],[2.318859,48.893626],[2.31894,48.89374],[2.318951,48.893755],[2.318974,48.893787],[2.319007,48.893833],[2.319034,48.893871],[2.319049,48.893892],[2.31905,48.893893],[2.319058,48.893904],[2.319069,48.89392],[2.319082,48.893938],[2.319109,48.893975],[2.319172,48.894063],[2.319222,48.894133],[2.319244,48.894164],[2.319279,48.894213],[2.319289,48.894227],[2.319296,48.894236],[2.319307,48.894251],[2.319312,48.894258],[2.319373,48.894344],[2.319375,48.894346],[2.319405,48.894388],[2.319414,48.8944],[2.319441,48.894438],[2.319703,48.894475],[2.319718,48.894449],[2.319656,48.894365],[2.319591,48.894276],[2.319512,48.894168],[2.319457,48.894094],[2.319385,48.893997],[2.319321,48.89391],[2.319261,48.893828],[2.319161,48.893692],[2.319066,48.893563],[2.31893,48.893379],[2.318864,48.893289],[2.318833,48.893247],[2.318787,48.893185],[2.318698,48.893063],[2.31865,48.892998],[2.318578,48.892901],[2.318535,48.892843],[2.318462,48.892744],[2.318391,48.892647],[2.318325,48.892557],[2.318259,48.892467],[2.318222,48.892417],[2.318158,48.892331],[2.318107,48.892261]]],[[[2.327641,48.894107],[2.327157,48.894187],[2.327908,48.894903],[2.327641,48.894107]]],[[[2.320935,48.894743],[2.320562,48.89431],[2.319948,48.894538],[2.320596,48.895237],[2.321176,48.895046],[2.320935,48.894743]]],[[[2.32657,48.893724],[2.325742,48.893955],[2.326582,48.895393],[2.327691,48.895044],[2.32657,48.893724]]],[[[2.321031,48.895488],[2.321387,48.895341],[2.320685,48.895358],[2.321031,48.895488]]],[[[2.327965,48.895069],[2.326641,48.895496],[2.328075,48.895494],[2.327965,48.895069]]],[[[2.323547,48.895766],[2.322509,48.894366],[2.322012,48.89452],[2.322983,48.895729],[2.323547,48.895766]]],[[[2.322679,48.893655],[2.322257,48.893786],[2.323736,48.895776],[2.324257,48.895783],[2.322679,48.893655]]],[[[2.322834,48.895798],[2.32143,48.894041],[2.320972,48.894167],[2.321207,48.894484],[2.320754,48.894243],[2.321884,48.895681],[2.322834,48.895798]]],[[[2.319887,48.895678],[2.319776,48.895637],[2.319771,48.895635],[2.319738,48.895641],[2.319213,48.895506],[2.318649,48.895336],[2.318555,48.895373],[2.318706,48.895454],[2.319566,48.895699],[2.319938,48.895793],[2.319958,48.895698],[2.319887,48.895678]]],[[[2.321658,48.895657],[2.321438,48.89538],[2.320181,48.895352],[2.319787,48.894625],[2.319352,48.89492],[2.319549,48.895162],[2.318807,48.894912],[2.318516,48.895093],[2.320594,48.895686],[2.321658,48.895657]]],[[[2.322892,48.895998],[2.32203,48.895893],[2.32231,48.896205],[2.322892,48.895998]]],[[[2.325251,48.896317],[2.326484,48.895789],[2.324881,48.895909],[2.325251,48.896317]]],[[[2.322095,48.896182],[2.319974,48.89569],[2.320259,48.89603],[2.321262,48.896014],[2.321605,48.896455],[2.322095,48.896182]]],[[[2.323896,48.896576],[2.324819,48.896291],[2.323254,48.896059],[2.323896,48.896576]]],[[[2.325185,48.896667],[2.324799,48.896983],[2.325344,48.896828],[2.325185,48.896667]]],[[[2.327043,48.896524],[2.326635,48.895968],[2.325344,48.896523],[2.32594,48.897102],[2.327043,48.896524]]],[[[2.324992,48.89643],[2.32379,48.896715],[2.324234,48.897255],[2.324992,48.89643]]],[[[2.322865,48.897177],[2.322171,48.896307],[2.32163,48.896487],[2.322178,48.897181],[2.322865,48.897177]]],[[[2.323967,48.897156],[2.323036,48.896],[2.322582,48.896157],[2.323058,48.896754],[2.322328,48.89625],[2.323157,48.897286],[2.32408,48.89734],[2.323967,48.897156]]],[[[2.324842,48.897059],[2.324711,48.896989],[2.324535,48.897195],[2.324533,48.897199],[2.324517,48.897225],[2.32444,48.897348],[2.324622,48.897352],[2.3247,48.897261],[2.32485,48.897085],[2.324842,48.897059]]],[[[2.325409,48.8969],[2.324685,48.897353],[2.325636,48.897246],[2.325409,48.8969]]],[[[2.327104,48.896737],[2.325742,48.897376],[2.326664,48.897395],[2.327321,48.897083],[2.327104,48.896737]]],[[[2.327474,48.897266],[2.327428,48.897186],[2.327403,48.897196],[2.327401,48.897194],[2.327391,48.897183],[2.327344,48.897135],[2.327244,48.897177],[2.327016,48.89727],[2.326779,48.897368],[2.326777,48.897397],[2.32678,48.897397],[2.327011,48.897402],[2.327613,48.897415],[2.327534,48.897321],[2.327533,48.89732],[2.32752,48.897319],[2.327474,48.897266]]],[[[2.328497,48.896649],[2.328233,48.895868],[2.326918,48.895941],[2.327234,48.896477],[2.328216,48.896238],[2.327292,48.896579],[2.32781,48.897384],[2.328752,48.897403],[2.328497,48.896649]]],[[[2.328318,48.897789],[2.32673,48.897755],[2.326671,48.897792],[2.326975,48.897939],[2.328374,48.897983],[2.328501,48.897937],[2.328486,48.897924],[2.328465,48.897902],[2.328452,48.897886],[2.328435,48.897862],[2.328422,48.897837],[2.328411,48.897811],[2.328405,48.897791],[2.328318,48.897789]]]],"type":"MultiPolygon"},"properties":{"id_projet":"COLLEGES (année scolaire 2025/2026)","libelle":"STEPHANE MALLARME","annee_scol":"2025-2026","zone_commune":0,"etiquette":"Secteur du collège STEPHANE MALLARME","lib_etab_1":"STEPHANE MALLARME","lib_etab_2":null,"lib_etab_3":null,"lib_etab_4":null,"adr_etab_1":"29 RUE DE LA JONQUIERE","adr_etab_2":null,"adr_etab_3":null,"adr_etab_4":null,"st_area_shape":581456.9898121746,"st_perimeter_shape":31127.8240315633,"type_etabl":"Collège","geo_point_2d":{"lon":2.323204108128054,"lat":48.89124047339317}}},{"type":"Feature","geometry":{"coordinates":[[[[2.309941,48.891026],[2.311165,48.890306],[2.309841,48.889475],[2.307714,48.890758],[2.306673,48.889585],[2.304851,48.890265],[2.308471,48.892098],[2.309941,48.891026]]],[[[2.303006,48.882962],[2.302198,48.883307],[2.302714,48.884017],[2.304357,48.883762],[2.303006,48.882962]]],[[[2.301867,48.883475],[2.300549,48.884013],[2.30122,48.884308],[2.302201,48.884184],[2.301867,48.883475]]],[[[2.300384,48.884068],[2.299273,48.884507],[2.300876,48.884351],[2.300384,48.884068]]],[[[2.304649,48.884029],[2.30302,48.884437],[2.303453,48.884953],[2.304649,48.884029]]],[[[2.305751,48.884485],[2.304943,48.884078],[2.303618,48.885114],[2.306656,48.885098],[2.305751,48.884485]]],[[[2.302515,48.88446],[2.298143,48.885135],[2.303034,48.885165],[2.302515,48.88446]]],[[[2.301246,48.885636],[2.301526,48.885373],[2.29878,48.885467],[2.300521,48.886188],[2.301246,48.885636]]],[[[2.302909,48.885389],[2.301828,48.885367],[2.300747,48.886265],[2.301524,48.886471],[2.302909,48.885389]]],[[[2.302906,48.885958],[2.303655,48.885934],[2.303222,48.885424],[2.301816,48.886579],[2.303206,48.886158],[2.302906,48.885958]]],[[[2.301112,48.8868],[2.30132,48.88661],[2.297881,48.885394],[2.301112,48.8868]]],[[[2.297048,48.885496],[2.296079,48.886326],[2.297368,48.886813],[2.297048,48.885496]]],[[[2.306838,48.885315],[2.303699,48.885371],[2.304939,48.88687],[2.306838,48.885315]]],[[[2.303881,48.886243],[2.303693,48.886051],[2.302412,48.886724],[2.304314,48.88705],[2.303881,48.886243]]],[[[2.300626,48.887086],[2.299802,48.886545],[2.299451,48.886855],[2.299684,48.8865],[2.297457,48.885513],[2.297613,48.886332],[2.298182,48.887011],[2.300626,48.887086]]],[[[2.301828,48.886748],[2.301381,48.886887],[2.303125,48.887286],[2.304212,48.887441],[2.304276,48.887207],[2.301828,48.886748]]],[[[2.298411,48.88713],[2.299728,48.887829],[2.300476,48.88729],[2.298411,48.88713]]],[[[2.298461,48.887669],[2.297999,48.887537],[2.297899,48.887846],[2.298834,48.88829],[2.299305,48.888164],[2.298461,48.887669]]],[[[2.305848,48.887996],[2.306107,48.887831],[2.304804,48.887742],[2.304508,48.888734],[2.305848,48.887996]]],[[[2.301606,48.888452],[2.300821,48.887359],[2.30002,48.887927],[2.301788,48.888806],[2.301606,48.888452]]],[[[2.302051,48.887226],[2.302381,48.888035],[2.304054,48.88886],[2.304317,48.887617],[2.302051,48.887226]]],[[[2.302968,48.888514],[2.302649,48.888437],[2.302968,48.888803],[2.30389,48.889406],[2.303966,48.889035],[2.302968,48.888514]]],[[[2.301599,48.88916],[2.301253,48.889073],[2.300953,48.889411],[2.301716,48.889507],[2.301599,48.88916]]],[[[2.301341,48.887042],[2.300947,48.887238],[2.302219,48.889007],[2.303829,48.889587],[2.302705,48.888774],[2.301341,48.887042]]],[[[2.300223,48.889709],[2.301009,48.88888],[2.299722,48.888269],[2.298165,48.888815],[2.300223,48.889709]]],[[[2.306736,48.887997],[2.306356,48.887847],[2.304443,48.888949],[2.304173,48.889848],[2.306736,48.887997]]],[[[2.302172,48.889433],[2.302004,48.889876],[2.302753,48.889708],[2.302172,48.889433]]],[[[2.301807,48.889989],[2.301782,48.889612],[2.301197,48.889629],[2.301222,48.890006],[2.301807,48.889989]]],[[[2.305116,48.889906],[2.306556,48.889424],[2.306309,48.889104],[2.307501,48.88821],[2.307094,48.887931],[2.306605,48.888299],[2.306947,48.888569],[2.306495,48.88838],[2.304367,48.88997],[2.305116,48.889906]]],[[[2.301032,48.889603],[2.300796,48.889491],[2.300405,48.889976],[2.300896,48.890208],[2.301032,48.889603]]],[[[2.302587,48.890345],[2.302562,48.889967],[2.302011,48.889984],[2.302036,48.890361],[2.302587,48.890345]]],[[[2.302971,48.890389],[2.303439,48.890095],[2.302885,48.889771],[2.30275,48.890333],[2.302971,48.890389]]],[[[2.301843,48.890551],[2.301813,48.890097],[2.301029,48.890271],[2.301843,48.890551]]],[[[2.302856,48.89056],[2.302049,48.890469],[2.302061,48.890757],[2.302856,48.89056]]],[[[2.302016,48.890936],[2.300162,48.889994],[2.299569,48.890437],[2.301411,48.891588],[2.302016,48.890936]]]],"type":"MultiPolygon"},"properties":{"id_projet":"COLLEGES (année scolaire 2025/2026)","libelle":"BORIS VIAN","annee_scol":"2025-2026","zone_commune":0,"etiquette":"Secteur du collège BORIS VIAN","lib_etab_1":"BORIS VIAN","lib_etab_2":null,"lib_etab_3":null,"lib_etab_4":null,"adr_etab_1":"76 BOULEVARD BERTHIER","adr_etab_2":null,"adr_etab_3":null,"adr_etab_4":null,"st_area_shape":347310.54567902035,"st_perimeter_shape":15843.423713024478,"type_etabl":"Collège","geo_point_2d":{"lon":2.3031576687231903,"lat":48.887705484386565}}},{"type":"Feature","geometry":{"coordinates":[[[[2.310671,48.88492],[2.312489,48.883303],[2.310423,48.883128],[2.308935,48.884029],[2.310671,48.88492]]],[[[2.312964,48.885638],[2.314703,48.8845],[2.3144,48.884334],[2.313052,48.885463],[2.313325,48.884909],[2.31278,48.885314],[2.31318,48.884823],[2.312361,48.885055],[2.313929,48.884057],[2.313606,48.883879],[2.311022,48.885122],[2.312354,48.886059],[2.312964,48.885638]]],[[[2.30808,48.890513],[2.309505,48.889676],[2.309255,48.889487],[2.30942,48.888692],[2.309008,48.888831],[2.308908,48.889806],[2.308664,48.889888],[2.308862,48.88888],[2.308145,48.88909],[2.30853,48.8895],[2.307753,48.889222],[2.306673,48.889585],[2.307714,48.890758],[2.30808,48.890513]]],[[[2.30563,48.881142],[2.305977,48.880809],[2.303753,48.879687],[2.302945,48.880351],[2.305174,48.881453],[2.30563,48.881142]]],[[[2.307652,48.880754],[2.308304,48.88043],[2.307294,48.880214],[2.307168,48.880469],[2.307209,48.880195],[2.304971,48.879715],[2.30473,48.880023],[2.306793,48.881087],[2.307652,48.880754]]],[[[2.307751,48.887235],[2.308201,48.886869],[2.306565,48.886004],[2.305622,48.886741],[2.3064,48.88731],[2.307751,48.887235]]],[[[2.309221,48.885153],[2.309989,48.885557],[2.310585,48.885035],[2.309343,48.884391],[2.308183,48.885408],[2.309588,48.885858],[2.309954,48.885583],[2.309221,48.885153]]],[[[2.304177,48.882175],[2.30112,48.88134],[2.300901,48.881529],[2.302962,48.882705],[2.304177,48.882175]]],[[[2.316226,48.885222],[2.316955,48.884523],[2.316636,48.884372],[2.317017,48.884463],[2.317676,48.88383],[2.317281,48.883651],[2.31779,48.883133],[2.31766,48.882909],[2.315595,48.884855],[2.316226,48.885222]]],[[[2.307236,48.883145],[2.307969,48.88294],[2.30568,48.881831],[2.304782,48.88218],[2.307236,48.883145]]],[[[2.308882,48.880651],[2.306587,48.881458],[2.307668,48.882012],[2.308882,48.880651]]],[[[2.306321,48.883805],[2.307699,48.884579],[2.30847,48.883981],[2.307285,48.883424],[2.306321,48.883805]]],[[[2.315543,48.884746],[2.316586,48.883728],[2.315713,48.883365],[2.314681,48.88432],[2.315543,48.884746]]],[[[2.304155,48.881093],[2.303107,48.881766],[2.304378,48.882112],[2.30536,48.881723],[2.304155,48.881093]]],[[[2.308222,48.885642],[2.307294,48.88624],[2.308309,48.886789],[2.309362,48.886028],[2.308222,48.885642]]],[[[2.307457,48.888179],[2.307801,48.888133],[2.307627,48.888423],[2.308002,48.888932],[2.310167,48.888274],[2.307098,48.887931],[2.307457,48.888179]]],[[[2.312842,48.881048],[2.312363,48.881254],[2.31343,48.881836],[2.315225,48.881362],[2.312842,48.881048]]],[[[2.306567,48.88159],[2.305842,48.881776],[2.308226,48.882928],[2.308794,48.882821],[2.306567,48.88159]]],[[[2.315062,48.883054],[2.31476,48.882937],[2.313783,48.883815],[2.314581,48.884257],[2.315604,48.883311],[2.315062,48.883054]]],[[[2.302815,48.879251],[2.30234,48.879178],[2.300532,48.880914],[2.300972,48.881131],[2.302815,48.879251]]],[[[2.306077,48.883809],[2.305153,48.883918],[2.307138,48.885019],[2.307601,48.884691],[2.306077,48.883809]]],[[[2.310178,48.887369],[2.311273,48.887689],[2.309214,48.886371],[2.308767,48.886678],[2.310348,48.887749],[2.310724,48.887733],[2.310178,48.887369]]],[[[2.302128,48.879105],[2.301677,48.879034],[2.300027,48.880269],[2.300344,48.880763],[2.302128,48.879105]]],[[[2.310895,48.887125],[2.310405,48.886813],[2.310775,48.88656],[2.312121,48.887169],[2.311242,48.8866],[2.309599,48.886079],[2.309271,48.886303],[2.311346,48.887645],[2.310895,48.887125]]],[[[2.299081,48.87845],[2.298671,48.878467],[2.299468,48.87956],[2.300607,48.878858],[2.299081,48.87845]]],[[[2.316922,48.883481],[2.317542,48.882899],[2.316967,48.883331],[2.316393,48.883009],[2.316208,48.883182],[2.315683,48.882906],[2.31595,48.882627],[2.315629,48.88219],[2.315345,48.882433],[2.315532,48.882552],[2.314854,48.882853],[2.316682,48.883684],[2.316922,48.883481]]],[[[2.305301,48.883071],[2.304937,48.882915],[2.305375,48.882502],[2.304437,48.882326],[2.304558,48.883588],[2.305764,48.883461],[2.305301,48.883071]]],[[[2.313801,48.883587],[2.314815,48.882707],[2.314505,48.882538],[2.314172,48.882846],[2.314462,48.882515],[2.314114,48.882367],[2.312954,48.883207],[2.313801,48.883587]]],[[[2.309446,48.88125],[2.309158,48.880997],[2.309111,48.882684],[2.310214,48.882162],[2.309446,48.88125]]],[[[2.312786,48.883125],[2.313949,48.882237],[2.312029,48.882417],[2.312786,48.883125]]],[[[2.300751,48.879537],[2.301481,48.87899],[2.300885,48.878838],[2.299558,48.879677],[2.299934,48.880148],[2.300751,48.879537]]],[[[2.311256,48.880857],[2.30992,48.880738],[2.31122,48.881696],[2.312069,48.881034],[2.311256,48.880857]]],[[[2.308926,48.88127],[2.308875,48.880979],[2.307801,48.882108],[2.308858,48.88264],[2.308926,48.88127]]],[[[2.312211,48.886595],[2.312575,48.886363],[2.310883,48.885211],[2.310414,48.885441],[2.312211,48.886595]]],[[[2.313059,48.883535],[2.31084,48.885027],[2.313497,48.88382],[2.313059,48.883535]]],[[[2.310353,48.882102],[2.311001,48.881804],[2.309297,48.880718],[2.310353,48.882102]]],[[[2.31511,48.885951],[2.316095,48.885316],[2.315466,48.884974],[2.314495,48.885889],[2.31511,48.885951]]],[[[2.312804,48.881969],[2.313222,48.881839],[2.312279,48.881324],[2.311538,48.881899],[2.311835,48.882175],[2.312804,48.881969]],[[2.312217,48.881806],[2.312267,48.881766],[2.312382,48.881676],[2.312424,48.881699],[2.312334,48.881768],[2.31226,48.881825],[2.312217,48.881806]]],[[[2.30301,48.88054],[2.301768,48.881401],[2.303538,48.880822],[2.30301,48.88054]]],[[[2.306005,48.883412],[2.306935,48.88319],[2.305567,48.882554],[2.305223,48.882847],[2.306005,48.883412]]],[[[2.316337,48.885459],[2.315259,48.886177],[2.315577,48.886343],[2.315359,48.88651],[2.316667,48.885675],[2.316337,48.885459]]],[[[2.307501,48.88821],[2.306309,48.889104],[2.306556,48.889424],[2.307675,48.889029],[2.307196,48.888615],[2.307501,48.88821]]],[[[2.317489,48.884867],[2.317732,48.884628],[2.317254,48.884394],[2.316331,48.885311],[2.316791,48.885552],[2.317489,48.884867]]],[[[2.309138,48.883248],[2.307676,48.88341],[2.308609,48.883867],[2.309138,48.883248]]],[[[2.307565,48.88761],[2.307342,48.887801],[2.309087,48.888],[2.310792,48.887951],[2.307565,48.88761]]],[[[2.302399,48.880245],[2.301278,48.881252],[2.301622,48.881343],[2.3027,48.880414],[2.302399,48.880245]]],[[[2.309431,48.887683],[2.310028,48.88769],[2.308662,48.886787],[2.308294,48.887032],[2.309431,48.887683]]],[[[2.310985,48.885899],[2.310372,48.885476],[2.310093,48.885717],[2.312114,48.886656],[2.310985,48.885899]]],[[[2.311783,48.882533],[2.310681,48.88304],[2.312433,48.883191],[2.311783,48.882533]]],[[[2.304213,48.882466],[2.303258,48.882865],[2.30433,48.883407],[2.304213,48.882466]]],[[[2.303032,48.880104],[2.303595,48.879607],[2.303071,48.879367],[2.302364,48.880072],[2.302793,48.880302],[2.303032,48.880104]]],[[[2.307474,48.885407],[2.306663,48.885915],[2.307186,48.886179],[2.307878,48.885597],[2.307474,48.885407]]],[[[2.314896,48.882633],[2.3154,48.882221],[2.314857,48.881829],[2.314271,48.882253],[2.314896,48.882633]]],[[[2.307057,48.887756],[2.307223,48.887569],[2.305226,48.887321],[2.305164,48.887555],[2.307057,48.887756]]],[[[2.303727,48.880886],[2.302311,48.881549],[2.302935,48.881701],[2.303727,48.880886]]],[[[2.317968,48.884396],[2.318346,48.884025],[2.317873,48.883793],[2.317307,48.884344],[2.317968,48.884396]]],[[[2.305576,48.881623],[2.306633,48.881141],[2.30611,48.880901],[2.305384,48.881531],[2.305576,48.881623]]],[[[2.30919,48.884316],[2.308754,48.884177],[2.308213,48.884651],[2.308623,48.884843],[2.30919,48.884316]]],[[[2.30833,48.884851],[2.308069,48.884737],[2.307538,48.885227],[2.30803,48.885364],[2.30833,48.884851]]],[[[2.314333,48.88589],[2.315387,48.884901],[2.314843,48.884594],[2.315025,48.884938],[2.314333,48.88589]]],[[[2.308831,48.887609],[2.308189,48.887142],[2.307736,48.887452],[2.308831,48.887609]]],[[[2.303822,48.879468],[2.304582,48.879969],[2.304802,48.879699],[2.303822,48.879468]]],[[[2.305661,48.886925],[2.305269,48.887171],[2.30613,48.88725],[2.305661,48.886925]]],[[[2.305709,48.887903],[2.305724,48.8879],[2.305755,48.887896],[2.305755,48.887895],[2.305895,48.887879],[2.305897,48.88788],[2.305904,48.887886],[2.305906,48.887888],[2.306107,48.887831],[2.306102,48.887817],[2.306,48.887806],[2.305908,48.887795],[2.305904,48.887795],[2.305784,48.887781],[2.305532,48.887752],[2.30521,48.887715],[2.304934,48.887684],[2.304988,48.887743],[2.304957,48.887762],[2.305154,48.887899],[2.305162,48.8879],[2.305292,48.887915],[2.305306,48.887916],[2.305483,48.887936],[2.305557,48.887925],[2.305702,48.887904],[2.305709,48.887903]]],[[[2.309417,48.888663],[2.309871,48.888701],[2.310906,48.88806],[2.309417,48.888663]]],[[[2.313908,48.884477],[2.314106,48.88415],[2.313285,48.884759],[2.313908,48.884477]]],[[[2.31291,48.883448],[2.312773,48.883367],[2.312732,48.883369],[2.312573,48.883484],[2.312448,48.883575],[2.312323,48.883665],[2.31223,48.883732],[2.312118,48.883813],[2.312245,48.88389],[2.312368,48.883813],[2.312454,48.88376],[2.31259,48.883675],[2.312727,48.88359],[2.312911,48.883475],[2.31291,48.883448]]],[[[2.310247,48.885955],[2.309991,48.885789],[2.309949,48.88579],[2.309784,48.885915],[2.309793,48.885941],[2.310116,48.886044],[2.310323,48.886109],[2.310524,48.886173],[2.310549,48.88615],[2.310388,48.886046],[2.310247,48.885955]]],[[[2.314043,48.882171],[2.314435,48.881933],[2.313871,48.882026],[2.314043,48.882171]]],[[[2.300646,48.881099],[2.300641,48.881098],[2.300637,48.881099],[2.300632,48.881099],[2.300627,48.8811],[2.300622,48.881102],[2.300619,48.881103],[2.300617,48.881105],[2.300615,48.881107],[2.300612,48.88111],[2.300611,48.881112],[2.300609,48.881116],[2.300608,48.881118],[2.300608,48.881122],[2.300608,48.881124],[2.300609,48.881127],[2.300611,48.88113],[2.300746,48.881314],[2.300787,48.881316],[2.300864,48.881239],[2.300858,48.881212],[2.300662,48.881103],[2.300657,48.881101],[2.300655,48.881101],[2.300652,48.8811],[2.300646,48.881099]]],[[[2.306597,48.887874],[2.306583,48.887872],[2.306573,48.887879],[2.306556,48.887891],[2.306609,48.887922],[2.306619,48.887928],[2.306623,48.887931],[2.30669,48.88797],[2.306819,48.887907],[2.306815,48.887899],[2.306597,48.887874]]]],"type":"MultiPolygon"},"properties":{"id_projet":"COLLEGES (année scolaire 2025/2026)","libelle":"CARNOT","annee_scol":"2025-2026","zone_commune":0,"etiquette":"Secteur du collège CARNOT","lib_etab_1":"CARNOT","lib_etab_2":null,"lib_etab_3":null,"lib_etab_4":null,"adr_etab_1":"145 BOULEVARD MALESHERBES","adr_etab_2":null,"adr_etab_3":null,"adr_etab_4":null,"st_area_shape":537839.3166189747,"st_perimeter_shape":29939.87036376458,"type_etabl":"Collège","geo_point_2d":{"lon":2.308750190945216,"lat":48.883686775376205}}},{"type":"Feature","geometry":{"coordinates":[[[[2.31112,48.884528],[2.312489,48.883303],[2.310423,48.883128],[2.308935,48.884029],[2.310671,48.88492],[2.31112,48.884528]]],[[[2.313168,48.885496],[2.314714,48.884527],[2.314343,48.884365],[2.313052,48.885463],[2.313325,48.884909],[2.312648,48.885235],[2.31318,48.884823],[2.312361,48.885055],[2.313929,48.884057],[2.313647,48.883881],[2.311022,48.885122],[2.312354,48.886059],[2.313168,48.885496]]],[[[2.30588,48.880925],[2.303753,48.879687],[2.302945,48.880351],[2.305174,48.881453],[2.30588,48.880925]]],[[[2.308042,48.88059],[2.308304,48.88043],[2.307294,48.880214],[2.307168,48.880469],[2.307209,48.880195],[2.304971,48.879715],[2.30473,48.880023],[2.306793,48.881087],[2.308042,48.88059]]],[[[2.309241,48.885139],[2.309989,48.885557],[2.310585,48.885035],[2.309343,48.884391],[2.308183,48.885408],[2.309547,48.885863],[2.309954,48.885583],[2.309241,48.885139]]],[[[2.304177,48.882175],[2.30112,48.88134],[2.300901,48.881529],[2.302962,48.882705],[2.304177,48.882175]]],[[[2.316689,48.884779],[2.316955,48.884523],[2.316636,48.884372],[2.317017,48.884463],[2.317676,48.88383],[2.317281,48.883651],[2.31779,48.883133],[2.31766,48.882909],[2.315595,48.884855],[2.316186,48.885226],[2.316689,48.884779]]],[[[2.307348,48.883128],[2.307965,48.882938],[2.30568,48.881831],[2.304782,48.88218],[2.307348,48.883128]]],[[[2.308882,48.880651],[2.306587,48.881458],[2.307668,48.882012],[2.308882,48.880651]]],[[[2.30774,48.884577],[2.308465,48.883954],[2.307393,48.883436],[2.306133,48.883668],[2.30774,48.884577]]],[[[2.315813,48.884491],[2.316592,48.883755],[2.315753,48.88336],[2.314681,48.88432],[2.315453,48.884796],[2.315813,48.884491]]],[[[2.304155,48.881093],[2.303107,48.881766],[2.304378,48.882112],[2.30536,48.881723],[2.304155,48.881093]]],[[[2.312842,48.881048],[2.312363,48.881254],[2.31343,48.881836],[2.315225,48.881362],[2.312842,48.881048]]],[[[2.306567,48.88159],[2.305842,48.881776],[2.308226,48.882928],[2.308794,48.882821],[2.306567,48.88159]]],[[[2.315062,48.883054],[2.31476,48.882937],[2.313783,48.883815],[2.314581,48.884257],[2.315604,48.883311],[2.315062,48.883054]]],[[[2.302815,48.879251],[2.30234,48.879178],[2.300532,48.880914],[2.300972,48.881131],[2.302815,48.879251]]],[[[2.306077,48.883809],[2.305153,48.883918],[2.307138,48.885019],[2.307601,48.884691],[2.306077,48.883809]]],[[[2.302128,48.879105],[2.301677,48.879034],[2.300027,48.880269],[2.300344,48.880763],[2.302128,48.879105]]],[[[2.299081,48.87845],[2.298671,48.878467],[2.299468,48.87956],[2.300607,48.878858],[2.299081,48.87845]]],[[[2.317044,48.883366],[2.317542,48.882899],[2.316967,48.883331],[2.316393,48.883009],[2.316208,48.883182],[2.315683,48.882906],[2.31595,48.882627],[2.315629,48.88219],[2.315345,48.882433],[2.315532,48.882552],[2.314854,48.882853],[2.316682,48.883684],[2.317044,48.883366]]],[[[2.305301,48.883071],[2.304937,48.882915],[2.305375,48.882502],[2.304437,48.882326],[2.304558,48.883588],[2.305764,48.883461],[2.305301,48.883071]]],[[[2.314116,48.883347],[2.31482,48.882734],[2.314505,48.882538],[2.314118,48.882818],[2.314462,48.882515],[2.314183,48.882364],[2.312954,48.883207],[2.313801,48.883587],[2.314116,48.883347]]],[[[2.309446,48.88125],[2.309158,48.880997],[2.309111,48.882684],[2.310214,48.882162],[2.309446,48.88125]]],[[[2.312795,48.883125],[2.313949,48.882237],[2.312029,48.882417],[2.312795,48.883125]]],[[[2.301135,48.879249],[2.30147,48.878964],[2.300818,48.878848],[2.299559,48.879681],[2.299934,48.880148],[2.301135,48.879249]]],[[[2.311256,48.880857],[2.30992,48.880738],[2.31122,48.881696],[2.312069,48.881034],[2.311256,48.880857]]],[[[2.30894,48.880992],[2.307795,48.882081],[2.308821,48.882651],[2.30894,48.880992]]],[[[2.312575,48.886363],[2.310883,48.885211],[2.310414,48.885441],[2.312143,48.886595],[2.312575,48.886363]]],[[[2.313059,48.883535],[2.31084,48.885027],[2.313497,48.88382],[2.313059,48.883535]]],[[[2.310387,48.882107],[2.311001,48.881804],[2.309297,48.880718],[2.310387,48.882107]]],[[[2.315379,48.885937],[2.316098,48.885344],[2.315509,48.884972],[2.314495,48.885889],[2.315379,48.885937]]],[[[2.313222,48.881839],[2.312279,48.881324],[2.311538,48.881899],[2.311835,48.882175],[2.313222,48.881839]],[[2.312267,48.881766],[2.312382,48.881676],[2.312424,48.881699],[2.312334,48.881768],[2.31226,48.881825],[2.312217,48.881806],[2.312267,48.881766]]],[[[2.30301,48.88054],[2.301768,48.881401],[2.303538,48.880822],[2.30301,48.88054]]],[[[2.306025,48.883408],[2.306935,48.88319],[2.305567,48.882554],[2.305223,48.882847],[2.306025,48.883408]]],[[[2.316337,48.885459],[2.315259,48.886177],[2.315577,48.886343],[2.315359,48.88651],[2.316667,48.885675],[2.316337,48.885459]]],[[[2.317732,48.884628],[2.317254,48.884394],[2.316331,48.885311],[2.316791,48.885552],[2.317732,48.884628]]],[[[2.309138,48.883248],[2.307676,48.88341],[2.308609,48.883867],[2.309138,48.883248]]],[[[2.311876,48.887217],[2.312121,48.887169],[2.311242,48.8866],[2.309583,48.886081],[2.310405,48.886813],[2.310775,48.88656],[2.311876,48.887217]]],[[[2.308004,48.886228],[2.309357,48.886013],[2.308073,48.885595],[2.307463,48.886095],[2.308004,48.886228]]],[[[2.302399,48.880245],[2.301278,48.881252],[2.301622,48.881343],[2.3027,48.880414],[2.302399,48.880245]]],[[[2.310985,48.885899],[2.310372,48.885476],[2.310093,48.885717],[2.312114,48.886656],[2.310985,48.885899]]],[[[2.311783,48.882533],[2.310681,48.88304],[2.312433,48.883191],[2.311783,48.882533]]],[[[2.304213,48.882466],[2.303258,48.882865],[2.30433,48.883407],[2.304213,48.882466]]],[[[2.303222,48.87994],[2.303595,48.879607],[2.303071,48.879367],[2.302364,48.880072],[2.302833,48.880298],[2.303222,48.87994]]],[[[2.31512,48.88247],[2.3154,48.882221],[2.314857,48.881829],[2.314271,48.882253],[2.314896,48.882633],[2.31512,48.88247]]],[[[2.307381,48.886004],[2.307878,48.885597],[2.307351,48.885369],[2.306659,48.885892],[2.307179,48.886182],[2.307381,48.886004]]],[[[2.303727,48.880886],[2.302311,48.881549],[2.302935,48.881701],[2.303727,48.880886]]],[[[2.318245,48.884124],[2.317842,48.883798],[2.317307,48.884344],[2.317783,48.884578],[2.318245,48.884124]]],[[[2.305594,48.881624],[2.306633,48.881141],[2.30611,48.880901],[2.305384,48.881531],[2.305594,48.881624]]],[[[2.30919,48.884316],[2.308754,48.884177],[2.308213,48.884651],[2.308623,48.884843],[2.30919,48.884316]]],[[[2.30833,48.884851],[2.308069,48.884737],[2.307538,48.885227],[2.30803,48.885364],[2.30833,48.884851]]],[[[2.314398,48.885831],[2.315387,48.884901],[2.314843,48.884594],[2.315025,48.884938],[2.314398,48.885831]]],[[[2.303822,48.879468],[2.304582,48.879969],[2.304802,48.879699],[2.303822,48.879468]]],[[[2.314241,48.88423],[2.314106,48.88415],[2.313809,48.88437],[2.313737,48.884425],[2.313725,48.884425],[2.313695,48.884447],[2.313696,48.884455],[2.313684,48.884455],[2.313655,48.884477],[2.313656,48.884484],[2.313581,48.884538],[2.313285,48.884759],[2.313421,48.884839],[2.313717,48.884619],[2.31375,48.884594],[2.313762,48.884594],[2.313792,48.884571],[2.313791,48.884564],[2.313867,48.884507],[2.313879,48.884507],[2.313908,48.884485],[2.313908,48.884477],[2.313941,48.884452],[2.314241,48.88423]]],[[[2.31291,48.883448],[2.312773,48.883367],[2.312732,48.883369],[2.312573,48.883484],[2.312448,48.883575],[2.312323,48.883665],[2.31223,48.883732],[2.312118,48.883813],[2.312245,48.88389],[2.312368,48.883813],[2.312454,48.88376],[2.31259,48.883675],[2.312727,48.88359],[2.312911,48.883475],[2.31291,48.883448]]],[[[2.310247,48.885955],[2.309991,48.885789],[2.309949,48.88579],[2.309784,48.885915],[2.309793,48.885941],[2.310116,48.886044],[2.310323,48.886109],[2.310524,48.886173],[2.310549,48.88615],[2.310388,48.886046],[2.310247,48.885955]]],[[[2.314435,48.881933],[2.31441,48.88191],[2.314147,48.881967],[2.314143,48.881968],[2.313871,48.882026],[2.313857,48.882072],[2.314043,48.882171],[2.314112,48.882169],[2.314279,48.882046],[2.314435,48.881933]]],[[[2.300646,48.881099],[2.300641,48.881098],[2.300637,48.881099],[2.300632,48.881099],[2.300627,48.8811],[2.300622,48.881102],[2.300619,48.881103],[2.300617,48.881105],[2.300615,48.881107],[2.300612,48.88111],[2.300611,48.881112],[2.300609,48.881116],[2.300608,48.881118],[2.300608,48.881122],[2.300608,48.881124],[2.300609,48.881127],[2.300611,48.88113],[2.300746,48.881314],[2.300787,48.881316],[2.300864,48.881239],[2.300858,48.881212],[2.300662,48.881103],[2.300657,48.881101],[2.300655,48.881101],[2.300652,48.8811],[2.300646,48.881099]]]],"type":"MultiPolygon"},"properties":{"id_projet":"COLLEGES (année scolaire 2021/2022)","libelle":"CARNOT","annee_scol":"2021-2022","zone_commune":0,"etiquette":"Secteur du collège CARNOT","lib_etab_1":"CARNOT","lib_etab_2":null,"lib_etab_3":null,"lib_etab_4":null,"adr_etab_1":"145 BOULEVARD MALESHERBES","adr_etab_2":null,"adr_etab_3":null,"adr_etab_4":null,"st_area_shape":444527.0393966691,"st_perimeter_shape":24219.589938078214,"type_etabl":"Collège","geo_point_2d":{"lon":2.308882302054632,"lat":48.88279369586748}}},{"type":"Feature","geometry":{"coordinates":[[[[2.309941,48.891026],[2.311165,48.890306],[2.309841,48.889475],[2.307714,48.890758],[2.306673,48.889585],[2.304851,48.890265],[2.308471,48.892098],[2.309941,48.891026]]],[[[2.303006,48.882962],[2.302198,48.883307],[2.302714,48.884017],[2.304357,48.883762],[2.303006,48.882962]]],[[[2.301867,48.883475],[2.300549,48.884013],[2.30122,48.884308],[2.302201,48.884184],[2.301867,48.883475]]],[[[2.300384,48.884068],[2.299273,48.884507],[2.300876,48.884351],[2.300384,48.884068]]],[[[2.304649,48.884029],[2.30302,48.884437],[2.303453,48.884953],[2.304649,48.884029]]],[[[2.305751,48.884485],[2.304943,48.884078],[2.303618,48.885114],[2.306656,48.885098],[2.305751,48.884485]]],[[[2.302515,48.88446],[2.298143,48.885135],[2.303034,48.885165],[2.302515,48.88446]]],[[[2.301246,48.885636],[2.301526,48.885373],[2.29878,48.885467],[2.300521,48.886188],[2.301246,48.885636]]],[[[2.302909,48.885389],[2.301828,48.885367],[2.300747,48.886265],[2.301524,48.886471],[2.302909,48.885389]]],[[[2.302906,48.885958],[2.303655,48.885934],[2.303222,48.885424],[2.301816,48.886579],[2.303206,48.886158],[2.302906,48.885958]]],[[[2.301112,48.8868],[2.30132,48.88661],[2.297881,48.885394],[2.301112,48.8868]]],[[[2.297048,48.885496],[2.296079,48.886326],[2.297368,48.886813],[2.297048,48.885496]]],[[[2.306838,48.885315],[2.303699,48.885371],[2.304939,48.88687],[2.306838,48.885315]]],[[[2.303881,48.886243],[2.303693,48.886051],[2.302412,48.886724],[2.304314,48.88705],[2.303881,48.886243]]],[[[2.300626,48.887086],[2.299802,48.886545],[2.299451,48.886855],[2.299684,48.8865],[2.297457,48.885513],[2.297613,48.886332],[2.298182,48.887011],[2.300626,48.887086]]],[[[2.301828,48.886748],[2.301381,48.886887],[2.303125,48.887286],[2.304212,48.887441],[2.304276,48.887207],[2.301828,48.886748]]],[[[2.298411,48.88713],[2.299728,48.887829],[2.300476,48.88729],[2.298411,48.88713]]],[[[2.298461,48.887669],[2.297999,48.887537],[2.297899,48.887846],[2.298834,48.88829],[2.299305,48.888164],[2.298461,48.887669]]],[[[2.305848,48.887996],[2.306107,48.887831],[2.304804,48.887742],[2.304508,48.888734],[2.305848,48.887996]]],[[[2.301606,48.888452],[2.300821,48.887359],[2.30002,48.887927],[2.301788,48.888806],[2.301606,48.888452]]],[[[2.302051,48.887226],[2.302381,48.888035],[2.304054,48.88886],[2.304317,48.887617],[2.302051,48.887226]]],[[[2.302968,48.888514],[2.302649,48.888437],[2.302968,48.888803],[2.30389,48.889406],[2.303966,48.889035],[2.302968,48.888514]]],[[[2.301599,48.88916],[2.301253,48.889073],[2.300953,48.889411],[2.301716,48.889507],[2.301599,48.88916]]],[[[2.301341,48.887042],[2.300947,48.887238],[2.302219,48.889007],[2.303829,48.889587],[2.302705,48.888774],[2.301341,48.887042]]],[[[2.300223,48.889709],[2.301009,48.88888],[2.299722,48.888269],[2.298165,48.888815],[2.300223,48.889709]]],[[[2.306736,48.887997],[2.306356,48.887847],[2.304443,48.888949],[2.304173,48.889848],[2.306736,48.887997]]],[[[2.302172,48.889433],[2.302004,48.889876],[2.302753,48.889708],[2.302172,48.889433]]],[[[2.301807,48.889989],[2.301782,48.889612],[2.301197,48.889629],[2.301222,48.890006],[2.301807,48.889989]]],[[[2.305116,48.889906],[2.306556,48.889424],[2.306309,48.889104],[2.307501,48.88821],[2.307094,48.887931],[2.306605,48.888299],[2.306947,48.888569],[2.306495,48.88838],[2.304367,48.88997],[2.305116,48.889906]]],[[[2.301032,48.889603],[2.300796,48.889491],[2.300405,48.889976],[2.300896,48.890208],[2.301032,48.889603]]],[[[2.302587,48.890345],[2.302562,48.889967],[2.302011,48.889984],[2.302036,48.890361],[2.302587,48.890345]]],[[[2.302971,48.890389],[2.303439,48.890095],[2.302885,48.889771],[2.30275,48.890333],[2.302971,48.890389]]],[[[2.301843,48.890551],[2.301813,48.890097],[2.301029,48.890271],[2.301843,48.890551]]],[[[2.302856,48.89056],[2.302049,48.890469],[2.302061,48.890757],[2.302856,48.89056]]],[[[2.302016,48.890936],[2.300162,48.889994],[2.299569,48.890437],[2.301411,48.891588],[2.302016,48.890936]]]],"type":"MultiPolygon"},"properties":{"id_projet":"COLLEGES (année scolaire 2023/2024)","libelle":"BORIS VIAN","annee_scol":"2023-2024","zone_commune":0,"etiquette":"Secteur du collège BORIS VIAN","lib_etab_1":"BORIS VIAN","lib_etab_2":null,"lib_etab_3":null,"lib_etab_4":null,"adr_etab_1":"76 BOULEVARD BERTHIER","adr_etab_2":null,"adr_etab_3":null,"adr_etab_4":null,"st_area_shape":347310.54567902035,"st_perimeter_shape":15843.423713024478,"type_etabl":"Collège","geo_point_2d":{"lon":2.3031576687231903,"lat":48.887705484386565}}},{"type":"Feature","geometry":{"coordinates":[[[[2.319781,48.898199],[2.314526,48.896194],[2.312987,48.896923],[2.312825,48.896753],[2.313311,48.896344],[2.312292,48.895577],[2.31089,48.896297],[2.311639,48.896973],[2.310973,48.896721],[2.31074,48.896991],[2.31228,48.897732],[2.318602,48.89969],[2.321482,48.898958],[2.319781,48.898199]]],[[[2.323015,48.898443],[2.322958,48.897679],[2.321499,48.897547],[2.314121,48.894848],[2.312485,48.895381],[2.313543,48.896243],[2.314538,48.895937],[2.321991,48.898792],[2.323015,48.898443]]],[[[2.323586,48.900404],[2.323885,48.899156],[2.323726,48.900171],[2.328625,48.900284],[2.328677,48.8992],[2.322552,48.89901],[2.322456,48.899941],[2.323058,48.899954],[2.323048,48.900205],[2.322187,48.900089],[2.322193,48.899066],[2.319883,48.899664],[2.319663,48.900076],[2.3219,48.900814],[2.323477,48.900868],[2.323586,48.900404]]],[[[2.318226,48.894878],[2.317329,48.893775],[2.317044,48.89387],[2.316119,48.893068],[2.315453,48.893182],[2.31815,48.891541],[2.317903,48.891379],[2.316727,48.891811],[2.317657,48.891156],[2.316889,48.890568],[2.315418,48.89104],[2.313124,48.892434],[2.313115,48.893141],[2.314049,48.893637],[2.313685,48.894162],[2.315259,48.893207],[2.315563,48.893389],[2.314409,48.894076],[2.318226,48.894878]]],[[[2.32272,48.896994],[2.322171,48.896307],[2.32163,48.896487],[2.322142,48.89624],[2.321881,48.895934],[2.320259,48.89603],[2.319974,48.89569],[2.318555,48.895373],[2.318429,48.895933],[2.319032,48.896038],[2.318654,48.896051],[2.321712,48.897214],[2.322907,48.897315],[2.32272,48.896994]]],[[[2.328743,48.89891],[2.328983,48.898845],[2.328405,48.897791],[2.32663,48.897817],[2.326656,48.898864],[2.328743,48.89891]]],[[[2.319773,48.893281],[2.318524,48.891705],[2.31808,48.891941],[2.319866,48.894402],[2.320494,48.89419],[2.319773,48.893281]]],[[[2.309565,48.894053],[2.311395,48.894818],[2.309915,48.895758],[2.310213,48.896024],[2.312626,48.894583],[2.31181,48.894012],[2.311146,48.89445],[2.309565,48.894053]]],[[[2.323967,48.897156],[2.323036,48.896],[2.322582,48.896157],[2.323058,48.896754],[2.322328,48.89625],[2.323157,48.897286],[2.32408,48.89734],[2.323967,48.897156]]],[[[2.317948,48.892045],[2.317677,48.892173],[2.319362,48.894536],[2.319703,48.894475],[2.317948,48.892045]]],[[[2.319114,48.894587],[2.318611,48.893746],[2.317714,48.894032],[2.31857,48.894716],[2.319114,48.894587]]],[[[2.31643,48.895016],[2.316085,48.894489],[2.316604,48.895164],[2.316309,48.894496],[2.316789,48.895133],[2.317674,48.894939],[2.315835,48.894446],[2.31643,48.895016]]],[[[2.320289,48.895248],[2.319686,48.894601],[2.318461,48.894999],[2.320289,48.895248]]],[[[2.324533,48.897709],[2.324168,48.898123],[2.324758,48.898537],[2.325261,48.898336],[2.324533,48.897709]]],[[[2.318296,48.89589],[2.318381,48.895077],[2.317688,48.895051],[2.317595,48.89565],[2.318296,48.89589]]],[[[2.320596,48.895237],[2.320702,48.894934],[2.321176,48.895046],[2.320595,48.894317],[2.319961,48.894518],[2.320596,48.895237]]],[[[2.329024,48.899231],[2.32882,48.900195],[2.329462,48.900419],[2.329024,48.899231]]],[[[2.324792,48.896411],[2.32379,48.896715],[2.324234,48.897255],[2.324792,48.896411]]],[[[2.316994,48.893768],[2.317309,48.893749],[2.316598,48.892813],[2.31616,48.893045],[2.316994,48.893768]]],[[[2.323857,48.897695],[2.323456,48.897751],[2.323617,48.898652],[2.323857,48.897695]]],[[[2.323806,48.896628],[2.324805,48.896295],[2.323353,48.896181],[2.323806,48.896628]]],[[[2.326232,48.898706],[2.326353,48.897897],[2.325725,48.898234],[2.326232,48.898706]]],[[[2.325992,48.897883],[2.324904,48.897717],[2.325414,48.898131],[2.325992,48.897883]]],[[[2.314419,48.894191],[2.314057,48.894303],[2.315324,48.894706],[2.314419,48.894191]]],[[[2.32557,48.898437],[2.32492,48.898828],[2.32608,48.898851],[2.32557,48.898437]]],[[[2.317577,48.892306],[2.317257,48.892471],[2.317705,48.893081],[2.318038,48.892996],[2.317577,48.892306]]],[[[2.329578,48.900882],[2.329503,48.90051],[2.328739,48.900494],[2.328725,48.900804],[2.329578,48.900882]]],[[[2.317075,48.892594],[2.316756,48.892761],[2.317137,48.893262],[2.317471,48.893177],[2.317075,48.892594]]],[[[2.317514,48.895454],[2.317589,48.895071],[2.316881,48.895302],[2.317514,48.895454]]],[[[2.325329,48.896982],[2.324685,48.897353],[2.325636,48.897246],[2.325329,48.896982]]],[[[2.324179,48.898327],[2.324004,48.898742],[2.32474,48.898824],[2.324179,48.898327]]],[[[2.315433,48.894392],[2.315276,48.894361],[2.315249,48.894383],[2.315339,48.894495],[2.315407,48.89458],[2.315522,48.894724],[2.31568,48.894922],[2.315887,48.895],[2.315892,48.895002],[2.315955,48.895026],[2.316117,48.895087],[2.316119,48.895088],[2.316129,48.895077],[2.315989,48.894896],[2.315932,48.894823],[2.315886,48.894762],[2.315836,48.894698],[2.31569,48.894508],[2.315649,48.894455],[2.315596,48.894424],[2.315433,48.894392]]],[[[2.318164,48.893127],[2.31782,48.893237],[2.318222,48.893667],[2.318455,48.893537],[2.318164,48.893127]]],[[[2.317599,48.893307],[2.317255,48.893417],[2.317861,48.893782],[2.317599,48.893307]]],[[[2.321096,48.900672],[2.320682,48.900552],[2.320671,48.900559],[2.320534,48.900636],[2.32035,48.900741],[2.320387,48.900763],[2.321079,48.900787],[2.321681,48.900807],[2.321096,48.900672]]],[[[2.322648,48.896085],[2.32203,48.895893],[2.322273,48.896199],[2.322648,48.896085]]],[[[2.325129,48.896933],[2.325339,48.896831],[2.325076,48.896665],[2.324782,48.896957],[2.325129,48.896933]]],[[[2.324842,48.897059],[2.324711,48.896989],[2.324535,48.897195],[2.324533,48.897199],[2.324517,48.897225],[2.32444,48.897348],[2.324622,48.897352],[2.3247,48.897261],[2.32485,48.897085],[2.324842,48.897059]]],[[[2.321649,48.895753],[2.321661,48.895718],[2.321675,48.895678],[2.32154,48.895659],[2.321528,48.895702],[2.32151,48.89576],[2.32162,48.895835],[2.321637,48.895787],[2.321649,48.895753]]]],"type":"MultiPolygon"},"properties":{"id_projet":"COLLEGES (année scolaire 2021/2022)","libelle":"HONORE DE BALZAC","annee_scol":"2021-2022","zone_commune":0,"etiquette":"Secteur du collège HONORE DE BALZAC","lib_etab_1":"HONORE DE BALZAC","lib_etab_2":null,"lib_etab_3":null,"lib_etab_4":null,"adr_etab_1":"118 BOULEVARD BESSIERES","adr_etab_2":null,"adr_etab_3":null,"adr_etab_4":null,"st_area_shape":569294.9226889993,"st_perimeter_shape":20022.043171341644,"type_etabl":"Collège","geo_point_2d":{"lon":2.3188680325401547,"lat":48.896612744731165}}},{"type":"Feature","geometry":{"coordinates":[[[[2.310237,48.884704],[2.310712,48.884917],[2.312489,48.883303],[2.310423,48.883128],[2.309557,48.88352],[2.30894,48.884055],[2.310237,48.884704]]],[[[2.312683,48.885834],[2.314703,48.8845],[2.3144,48.884334],[2.313052,48.885463],[2.313325,48.884909],[2.31278,48.885314],[2.31318,48.884823],[2.312361,48.885055],[2.313929,48.884057],[2.313606,48.883879],[2.311022,48.885122],[2.312354,48.886059],[2.312683,48.885834]]],[[[2.307712,48.890756],[2.309505,48.889676],[2.309255,48.889487],[2.30942,48.888692],[2.309008,48.888831],[2.308908,48.889806],[2.308664,48.889888],[2.308862,48.88888],[2.308145,48.88909],[2.30853,48.8895],[2.307753,48.889222],[2.306673,48.889585],[2.307712,48.890756]]],[[[2.305174,48.881453],[2.305977,48.880809],[2.303753,48.879687],[2.302945,48.880351],[2.305174,48.881453]]],[[[2.306861,48.881089],[2.308304,48.88043],[2.307294,48.880214],[2.307168,48.880469],[2.307209,48.880195],[2.304971,48.879715],[2.30473,48.880023],[2.306861,48.881089]]],[[[2.307508,48.887416],[2.308201,48.886869],[2.306572,48.886006],[2.305622,48.886741],[2.3064,48.88731],[2.307508,48.887416]]],[[[2.309221,48.885153],[2.309989,48.885557],[2.310585,48.885035],[2.309343,48.884391],[2.308183,48.885408],[2.309588,48.885858],[2.309954,48.885583],[2.309221,48.885153]]],[[[2.304177,48.882175],[2.30112,48.88134],[2.300901,48.881529],[2.302962,48.882705],[2.304177,48.882175]]],[[[2.315826,48.885014],[2.316226,48.885222],[2.316955,48.884523],[2.316636,48.884372],[2.317017,48.884463],[2.317676,48.88383],[2.317281,48.883651],[2.31779,48.883133],[2.31766,48.882909],[2.315595,48.884855],[2.315826,48.885014]]],[[[2.307175,48.883142],[2.307969,48.88294],[2.30568,48.881831],[2.304782,48.88218],[2.307175,48.883142]]],[[[2.308882,48.880651],[2.306587,48.881458],[2.307668,48.882012],[2.308882,48.880651]]],[[[2.306125,48.883695],[2.307699,48.884579],[2.30847,48.883981],[2.307393,48.883436],[2.306125,48.883695]]],[[[2.315121,48.884601],[2.315494,48.884793],[2.316586,48.883728],[2.315713,48.883365],[2.314681,48.88432],[2.315121,48.884601]]],[[[2.304155,48.881093],[2.303107,48.881766],[2.304378,48.882112],[2.30536,48.881723],[2.304155,48.881093]]],[[[2.308222,48.885642],[2.307294,48.88624],[2.308309,48.886789],[2.309362,48.886028],[2.308222,48.885642]]],[[[2.307457,48.888179],[2.307801,48.888133],[2.307627,48.888423],[2.308002,48.888932],[2.310167,48.888274],[2.307098,48.887931],[2.307457,48.888179]]],[[[2.312842,48.881048],[2.312363,48.881254],[2.31343,48.881836],[2.315225,48.881362],[2.312842,48.881048]]],[[[2.306567,48.88159],[2.305842,48.881776],[2.308226,48.882928],[2.308794,48.882821],[2.306567,48.88159]]],[[[2.315062,48.883054],[2.31476,48.882937],[2.313783,48.883815],[2.314581,48.884257],[2.315604,48.883311],[2.315062,48.883054]]],[[[2.302815,48.879251],[2.30234,48.879178],[2.300532,48.880914],[2.300972,48.881131],[2.302815,48.879251]]],[[[2.306077,48.883809],[2.305153,48.883918],[2.307138,48.885019],[2.307601,48.884691],[2.306077,48.883809]]],[[[2.310178,48.887369],[2.311273,48.887689],[2.309214,48.886371],[2.308767,48.886678],[2.310348,48.887749],[2.310724,48.887733],[2.310178,48.887369]]],[[[2.302128,48.879105],[2.301677,48.879034],[2.300027,48.880269],[2.300344,48.880763],[2.302128,48.879105]]],[[[2.310895,48.887125],[2.310405,48.886813],[2.310775,48.88656],[2.312121,48.887169],[2.311242,48.8866],[2.309599,48.886079],[2.309271,48.886303],[2.311346,48.887645],[2.310895,48.887125]]],[[[2.299081,48.87845],[2.298671,48.878467],[2.299468,48.87956],[2.300607,48.878858],[2.299081,48.87845]]],[[[2.316711,48.88368],[2.317542,48.882899],[2.316967,48.883331],[2.316393,48.883009],[2.316208,48.883182],[2.315683,48.882906],[2.31595,48.882627],[2.315629,48.88219],[2.315345,48.882433],[2.315532,48.882552],[2.314854,48.882853],[2.316711,48.88368]]],[[[2.305301,48.883071],[2.304937,48.882915],[2.305375,48.882502],[2.304437,48.882326],[2.304558,48.883588],[2.305764,48.883461],[2.305301,48.883071]]],[[[2.313375,48.88332],[2.313842,48.883585],[2.314815,48.882707],[2.314505,48.882538],[2.314172,48.882846],[2.314462,48.882515],[2.314114,48.882367],[2.312954,48.883207],[2.313375,48.88332]]],[[[2.309446,48.88125],[2.309158,48.880997],[2.309111,48.882684],[2.310214,48.882162],[2.309446,48.88125]]],[[[2.312786,48.883125],[2.313949,48.882237],[2.312029,48.882417],[2.312786,48.883125]]],[[[2.299894,48.880145],[2.30147,48.878964],[2.300818,48.878848],[2.299574,48.879648],[2.299894,48.880145]]],[[[2.311256,48.880857],[2.30992,48.880738],[2.31122,48.881696],[2.312069,48.881034],[2.311256,48.880857]]],[[[2.308893,48.88194],[2.308875,48.880979],[2.307795,48.882081],[2.308821,48.882651],[2.308893,48.88194]]],[[[2.311752,48.886334],[2.312143,48.886595],[2.312575,48.886363],[2.310883,48.885211],[2.310414,48.885441],[2.311752,48.886334]]],[[[2.313059,48.883535],[2.31084,48.885027],[2.313497,48.88382],[2.313059,48.883535]]],[[[2.310248,48.881984],[2.311001,48.881804],[2.309297,48.880718],[2.310248,48.881984]]],[[[2.314851,48.885888],[2.315264,48.886032],[2.316095,48.885316],[2.315466,48.884974],[2.314495,48.885889],[2.314851,48.885888]]],[[[2.312374,48.88206],[2.313222,48.881839],[2.312236,48.881327],[2.311538,48.881899],[2.311825,48.882174],[2.312374,48.88206]],[[2.312217,48.881806],[2.312267,48.881766],[2.312382,48.881676],[2.312424,48.881699],[2.312334,48.881768],[2.31226,48.881825],[2.312217,48.881806]]],[[[2.30301,48.88054],[2.301768,48.881401],[2.303538,48.880822],[2.30301,48.88054]]],[[[2.305983,48.883409],[2.306935,48.88319],[2.30556,48.882555],[2.305223,48.882851],[2.305983,48.883409]]],[[[2.316337,48.885459],[2.315259,48.886177],[2.315577,48.886343],[2.315359,48.88651],[2.316667,48.885675],[2.316337,48.885459]]],[[[2.307501,48.88821],[2.306309,48.889104],[2.306556,48.889424],[2.307675,48.889029],[2.307196,48.888615],[2.307501,48.88821]]],[[[2.317072,48.885276],[2.317732,48.884628],[2.317254,48.884394],[2.31698,48.884625],[2.316331,48.885311],[2.316749,48.885555],[2.317072,48.885276]]],[[[2.309138,48.883248],[2.307676,48.88341],[2.308609,48.883867],[2.309138,48.883248]]],[[[2.307565,48.88761],[2.307342,48.887801],[2.309087,48.888],[2.310792,48.887951],[2.307565,48.88761]]],[[[2.302399,48.880245],[2.301278,48.881252],[2.301622,48.881343],[2.3027,48.880414],[2.302399,48.880245]]],[[[2.309166,48.887641],[2.310028,48.88769],[2.308662,48.886787],[2.308294,48.887032],[2.309166,48.887641]]],[[[2.310985,48.885899],[2.310372,48.885476],[2.310093,48.885717],[2.312114,48.886656],[2.310985,48.885899]]],[[[2.311783,48.882533],[2.310681,48.88304],[2.312433,48.883191],[2.311783,48.882533]]],[[[2.304213,48.882466],[2.303258,48.882865],[2.30433,48.883407],[2.304213,48.882466]]],[[[2.303032,48.880104],[2.303595,48.879607],[2.303071,48.879367],[2.302364,48.880072],[2.302793,48.880302],[2.303032,48.880104]]],[[[2.307474,48.885407],[2.306663,48.885915],[2.307186,48.886179],[2.307878,48.885597],[2.307474,48.885407]]],[[[2.314271,48.882253],[2.314896,48.882633],[2.3154,48.882221],[2.314857,48.881829],[2.314271,48.882253]]],[[[2.307034,48.887764],[2.307223,48.887569],[2.305226,48.887321],[2.305164,48.887555],[2.307034,48.887764]]],[[[2.303727,48.880886],[2.302311,48.881549],[2.302935,48.881701],[2.303727,48.880886]]],[[[2.31758,48.884478],[2.318338,48.883999],[2.317842,48.883798],[2.317307,48.884344],[2.31758,48.884478]]],[[[2.305547,48.881623],[2.306633,48.881141],[2.30611,48.880901],[2.305547,48.881623]]],[[[2.30919,48.884316],[2.308754,48.884177],[2.308213,48.884651],[2.308623,48.884843],[2.30919,48.884316]]],[[[2.30833,48.884851],[2.308069,48.884737],[2.307538,48.885227],[2.30803,48.885364],[2.30833,48.884851]]],[[[2.314333,48.88589],[2.315387,48.884901],[2.314843,48.884594],[2.315025,48.884938],[2.314333,48.88589]]],[[[2.308705,48.887596],[2.308189,48.887142],[2.307736,48.887452],[2.308705,48.887596]]],[[[2.303822,48.879468],[2.304582,48.879969],[2.304802,48.879699],[2.303822,48.879468]]],[[[2.305661,48.886925],[2.305269,48.887171],[2.30613,48.88725],[2.305661,48.886925]]],[[[2.305306,48.887916],[2.306107,48.887831],[2.304934,48.887684],[2.305306,48.887916]]],[[[2.309417,48.888663],[2.309871,48.888701],[2.310906,48.88806],[2.309417,48.888663]]],[[[2.313908,48.884477],[2.314106,48.88415],[2.313285,48.884759],[2.313908,48.884477]]],[[[2.31291,48.883448],[2.312773,48.883367],[2.312732,48.883369],[2.312573,48.883484],[2.312448,48.883575],[2.312323,48.883665],[2.31223,48.883732],[2.312118,48.883813],[2.312245,48.88389],[2.312368,48.883813],[2.312454,48.88376],[2.31259,48.883675],[2.312727,48.88359],[2.312911,48.883475],[2.31291,48.883448]]],[[[2.310247,48.885955],[2.309991,48.885789],[2.309949,48.88579],[2.309784,48.885915],[2.309793,48.885941],[2.310116,48.886044],[2.310323,48.886109],[2.310524,48.886173],[2.310549,48.88615],[2.310388,48.886046],[2.310247,48.885955]]],[[[2.313857,48.882072],[2.314043,48.882171],[2.314112,48.882169],[2.314279,48.882046],[2.314435,48.881933],[2.31441,48.88191],[2.314147,48.881967],[2.314143,48.881968],[2.313871,48.882026],[2.313857,48.882072]]],[[[2.300646,48.881099],[2.300641,48.881098],[2.300637,48.881099],[2.300632,48.881099],[2.300627,48.8811],[2.300622,48.881102],[2.300619,48.881103],[2.300617,48.881105],[2.300615,48.881107],[2.300612,48.88111],[2.300611,48.881112],[2.300609,48.881116],[2.300608,48.881118],[2.300608,48.881122],[2.300608,48.881124],[2.300609,48.881127],[2.300611,48.88113],[2.300746,48.881314],[2.300787,48.881316],[2.300864,48.881239],[2.300858,48.881212],[2.300662,48.881103],[2.300657,48.881101],[2.300655,48.881101],[2.300652,48.8811],[2.300646,48.881099]]],[[[2.306597,48.887874],[2.306583,48.887872],[2.306573,48.887879],[2.306556,48.887891],[2.306609,48.887922],[2.306619,48.887928],[2.306623,48.887931],[2.30669,48.88797],[2.306819,48.887907],[2.306815,48.887899],[2.306597,48.887874]]]],"type":"MultiPolygon"},"properties":{"id_projet":"COLLEGES (année scolaire 2022/2023)","libelle":"CARNOT","annee_scol":"2022-2023","zone_commune":0,"etiquette":"Secteur du collège CARNOT","lib_etab_1":"CARNOT","lib_etab_2":null,"lib_etab_3":null,"lib_etab_4":null,"adr_etab_1":"145 BOULEVARD MALESHERBES","adr_etab_2":null,"adr_etab_3":null,"adr_etab_4":null,"st_area_shape":537839.3166189748,"st_perimeter_shape":29939.870363764578,"type_etabl":"Collège","geo_point_2d":{"lon":2.308750190945219,"lat":48.883686775376255}}},{"type":"Feature","geometry":{"coordinates":[[[[2.326488,48.895533],[2.32533,48.893552],[2.322841,48.893629],[2.324112,48.895235],[2.324463,48.895222],[2.324183,48.895325],[2.324528,48.895761],[2.326488,48.895533]]],[[[2.325475,48.887377],[2.32559,48.887119],[2.325063,48.886939],[2.325604,48.88709],[2.325738,48.886716],[2.32436,48.886152],[2.323704,48.886571],[2.325134,48.887222],[2.323691,48.88658],[2.32312,48.886967],[2.324536,48.887921],[2.325475,48.887377]]],[[[2.322583,48.89206],[2.322296,48.892023],[2.323454,48.893436],[2.325252,48.893417],[2.324729,48.892523],[2.322583,48.89206]]],[[[2.320906,48.893399],[2.319239,48.891353],[2.318707,48.891579],[2.32064,48.894139],[2.321337,48.893931],[2.320906,48.893399]]],[[[2.323329,48.886694],[2.325339,48.885216],[2.324768,48.884841],[2.322465,48.886379],[2.323042,48.886912],[2.323329,48.886694]]],[[[2.325968,48.889131],[2.325765,48.88861],[2.323825,48.889099],[2.325191,48.890102],[2.32618,48.889758],[2.325968,48.889131]]],[[[2.325811,48.891684],[2.325154,48.891099],[2.322772,48.891859],[2.323581,48.892086],[2.32486,48.89167],[2.323844,48.892125],[2.324726,48.892333],[2.326015,48.891913],[2.325811,48.891684]]],[[[2.320302,48.887504],[2.322302,48.886382],[2.321624,48.885828],[2.319512,48.887144],[2.320302,48.887504]]],[[[2.319565,48.891407],[2.321399,48.893907],[2.322023,48.893719],[2.320282,48.891569],[2.319565,48.891407]]],[[[2.319773,48.893281],[2.318524,48.891705],[2.31808,48.891941],[2.319866,48.894402],[2.320494,48.89419],[2.319773,48.893281]]],[[[2.32657,48.893724],[2.325742,48.893955],[2.326582,48.895393],[2.327691,48.895044],[2.32657,48.893724]]],[[[2.321358,48.88789],[2.32294,48.886939],[2.322368,48.88644],[2.320315,48.88764],[2.321037,48.888054],[2.321358,48.88789]]],[[[2.328497,48.896649],[2.328233,48.895868],[2.326918,48.895941],[2.327234,48.896477],[2.328216,48.896238],[2.327292,48.896579],[2.32781,48.897384],[2.328752,48.897403],[2.328497,48.896649]]],[[[2.32239,48.889484],[2.321887,48.889771],[2.323841,48.8914],[2.324569,48.891186],[2.32239,48.889484]]],[[[2.325469,48.890476],[2.32338,48.888907],[2.322927,48.889149],[2.325227,48.890958],[2.325833,48.890782],[2.325469,48.890476]]],[[[2.322017,48.885365],[2.323359,48.884284],[2.322762,48.884615],[2.322489,48.884078],[2.320902,48.88503],[2.321639,48.885695],[2.322017,48.885365]]],[[[2.323058,48.887042],[2.322247,48.887515],[2.323553,48.888495],[2.324457,48.887992],[2.323058,48.887042]]],[[[2.323063,48.888795],[2.323464,48.888547],[2.322685,48.888007],[2.3219,48.888342],[2.322613,48.887972],[2.322126,48.887587],[2.321176,48.888114],[2.322662,48.889002],[2.323063,48.888795]]],[[[2.322893,48.88594],[2.323743,48.885391],[2.322858,48.884888],[2.321742,48.885756],[2.322372,48.886329],[2.322893,48.88594]]],[[[2.322834,48.895798],[2.32143,48.894041],[2.320972,48.894167],[2.321207,48.894484],[2.320754,48.894243],[2.321884,48.895681],[2.322834,48.895798]]],[[[2.321771,48.889825],[2.321388,48.89005],[2.323038,48.891656],[2.323703,48.891462],[2.321771,48.889825]]],[[[2.320236,48.888691],[2.319661,48.889017],[2.320719,48.890119],[2.321535,48.889675],[2.320236,48.888691]]],[[[2.321289,48.890111],[2.320905,48.890327],[2.322159,48.891855],[2.322901,48.891719],[2.321289,48.890111]]],[[[2.322679,48.893655],[2.322257,48.893786],[2.323736,48.895776],[2.324257,48.895783],[2.322679,48.893655]]],[[[2.321658,48.895657],[2.321438,48.89538],[2.320181,48.895352],[2.319787,48.894625],[2.319352,48.89492],[2.319549,48.895162],[2.318807,48.894912],[2.318516,48.895093],[2.320594,48.895686],[2.321658,48.895657]]],[[[2.327043,48.896524],[2.326635,48.895968],[2.325344,48.896523],[2.32594,48.897102],[2.327043,48.896524]]],[[[2.323967,48.897156],[2.323036,48.896],[2.322582,48.896157],[2.323058,48.896754],[2.322328,48.89625],[2.323157,48.897286],[2.32408,48.89734],[2.323967,48.897156]]],[[[2.321616,48.888534],[2.320683,48.888889],[2.32164,48.88959],[2.322535,48.889099],[2.321616,48.888534]]],[[[2.320735,48.891661],[2.32216,48.893656],[2.322565,48.893551],[2.32119,48.89177],[2.320735,48.891661]]],[[[2.322865,48.892906],[2.322094,48.891965],[2.321335,48.891817],[2.322664,48.8935],[2.323292,48.893428],[2.322865,48.892906]]],[[[2.319671,48.888195],[2.32023,48.888525],[2.320891,48.888112],[2.320196,48.88771],[2.319069,48.888367],[2.319586,48.888901],[2.320084,48.88861],[2.319671,48.888195]]],[[[2.326495,48.890695],[2.325345,48.89106],[2.326227,48.891864],[2.326794,48.891582],[2.326495,48.890695]]],[[[2.321397,48.885846],[2.320803,48.88509],[2.319899,48.885633],[2.320752,48.88622],[2.321397,48.885846]]],[[[2.322783,48.889242],[2.322493,48.889424],[2.324711,48.891123],[2.325051,48.891023],[2.322783,48.889242]]],[[[2.325186,48.888768],[2.325769,48.888534],[2.325494,48.887714],[2.324338,48.888333],[2.325186,48.888768]]],[[[2.32519,48.892622],[2.324946,48.892596],[2.325445,48.893397],[2.327076,48.893074],[2.32519,48.892622]]],[[[2.323547,48.895766],[2.322509,48.894366],[2.322012,48.89452],[2.322983,48.895729],[2.323547,48.895766]]],[[[2.319268,48.886592],[2.320324,48.886055],[2.3198,48.885694],[2.3186,48.886417],[2.318872,48.886779],[2.319268,48.886592]]],[[[2.320809,48.890398],[2.320396,48.890629],[2.321248,48.891648],[2.321945,48.891782],[2.320809,48.890398]]],[[[2.325668,48.886085],[2.324955,48.885658],[2.324403,48.886104],[2.325765,48.886664],[2.325668,48.886085]]],[[[2.326154,48.892007],[2.325001,48.892392],[2.326928,48.892809],[2.326154,48.892007]]],[[[2.32402,48.885186],[2.324676,48.884781],[2.323493,48.884819],[2.323291,48.88471],[2.323557,48.884281],[2.322867,48.884819],[2.323809,48.885346],[2.32402,48.885186]]],[[[2.326339,48.890232],[2.326166,48.889804],[2.325231,48.89013],[2.326017,48.890724],[2.326452,48.890567],[2.326339,48.890232]]],[[[2.322095,48.896182],[2.319974,48.89569],[2.320259,48.89603],[2.321262,48.896014],[2.321605,48.896455],[2.322095,48.896182]]],[[[2.320935,48.894743],[2.320562,48.89431],[2.319948,48.894538],[2.320596,48.895237],[2.321176,48.895046],[2.320935,48.894743]]],[[[2.318107,48.892261],[2.317948,48.892045],[2.317916,48.892316],[2.31792,48.892321],[2.317926,48.89233],[2.317942,48.892352],[2.317962,48.892379],[2.31797,48.892391],[2.317985,48.892411],[2.318007,48.892441],[2.318035,48.892481],[2.318058,48.892514],[2.318066,48.892524],[2.318069,48.892528],[2.318134,48.892618],[2.318141,48.892627],[2.31816,48.892654],[2.318199,48.892709],[2.318268,48.892804],[2.318283,48.892825],[2.318311,48.892864],[2.318339,48.892903],[2.318345,48.892911],[2.318383,48.892964],[2.31843,48.893029],[2.318439,48.893042],[2.318454,48.893062],[2.31845,48.893063],[2.318452,48.893065],[2.318465,48.893083],[2.318492,48.89312],[2.318498,48.893127],[2.318516,48.893153],[2.318526,48.893166],[2.318557,48.893208],[2.318586,48.893248],[2.318587,48.893249],[2.318619,48.893292],[2.318649,48.893334],[2.318658,48.893346],[2.318662,48.893352],[2.318684,48.893381],[2.318684,48.893381],[2.318728,48.893443],[2.318859,48.893626],[2.31894,48.89374],[2.318951,48.893755],[2.318974,48.893787],[2.319007,48.893833],[2.319034,48.893871],[2.319049,48.893892],[2.31905,48.893893],[2.319058,48.893904],[2.319069,48.89392],[2.319082,48.893938],[2.319109,48.893975],[2.319172,48.894063],[2.319222,48.894133],[2.319244,48.894164],[2.319279,48.894213],[2.319289,48.894227],[2.319296,48.894236],[2.319307,48.894251],[2.319312,48.894258],[2.319373,48.894344],[2.319375,48.894346],[2.319405,48.894388],[2.319414,48.8944],[2.319441,48.894438],[2.319703,48.894475],[2.319718,48.894449],[2.319656,48.894365],[2.319591,48.894276],[2.319512,48.894168],[2.319457,48.894094],[2.319385,48.893997],[2.319321,48.89391],[2.319261,48.893828],[2.319161,48.893692],[2.319066,48.893563],[2.31893,48.893379],[2.318864,48.893289],[2.318833,48.893247],[2.318787,48.893185],[2.318698,48.893063],[2.31865,48.892998],[2.318578,48.892901],[2.318535,48.892843],[2.318462,48.892744],[2.318391,48.892647],[2.318325,48.892557],[2.318259,48.892467],[2.318222,48.892417],[2.318158,48.892331],[2.318107,48.892261]]],[[[2.322865,48.897177],[2.322171,48.896307],[2.32163,48.896487],[2.322178,48.897181],[2.322865,48.897177]]],[[[2.327332,48.893184],[2.325488,48.893522],[2.325695,48.893786],[2.327332,48.893184]]],[[[2.323896,48.896576],[2.324819,48.896291],[2.323254,48.896059],[2.323896,48.896576]]],[[[2.32583,48.885537],[2.325423,48.885272],[2.325034,48.885614],[2.326001,48.886188],[2.326205,48.885801],[2.32583,48.885537]]],[[[2.327104,48.896737],[2.325742,48.897376],[2.326664,48.897395],[2.327321,48.897083],[2.327104,48.896737]]],[[[2.319563,48.886962],[2.320658,48.886288],[2.320407,48.886138],[2.318985,48.886827],[2.319563,48.886962]]],[[[2.325251,48.896317],[2.326484,48.895789],[2.324881,48.895909],[2.325251,48.896317]]],[[[2.324992,48.89643],[2.32379,48.896715],[2.324234,48.897255],[2.324992,48.89643]]],[[[2.320293,48.89069],[2.319877,48.890921],[2.320333,48.89145],[2.321051,48.891595],[2.320293,48.89069]]],[[[2.319192,48.888152],[2.320048,48.887625],[2.319375,48.887243],[2.319697,48.887555],[2.319078,48.887766],[2.318977,48.888273],[2.319192,48.888152]]],[[[2.327965,48.895069],[2.326641,48.895496],[2.328075,48.895494],[2.327965,48.895069]]],[[[2.326316,48.885568],[2.326459,48.885259],[2.326102,48.885041],[2.32547,48.8852],[2.326316,48.885568]]],[[[2.326896,48.89189],[2.326382,48.891986],[2.327166,48.892692],[2.326896,48.89189]]],[[[2.327066,48.893717],[2.327616,48.894031],[2.327442,48.893516],[2.326713,48.893703],[2.327246,48.89409],[2.327066,48.893717]],[[2.326935,48.893701],[2.326954,48.893695],[2.326954,48.893695],[2.326935,48.893701]]],[[[2.328318,48.897789],[2.32673,48.897755],[2.326671,48.897792],[2.326975,48.897939],[2.328374,48.897983],[2.328501,48.897937],[2.328486,48.897924],[2.328465,48.897902],[2.328452,48.897886],[2.328435,48.897862],[2.328422,48.897837],[2.328411,48.897811],[2.328405,48.897791],[2.328318,48.897789]]],[[[2.324017,48.888894],[2.324541,48.888645],[2.324204,48.888412],[2.323491,48.888823],[2.324017,48.888894]]],[[[2.32241,48.894235],[2.322109,48.893831],[2.321554,48.894003],[2.321885,48.894388],[2.32241,48.894235]]],[[[2.325409,48.8969],[2.324685,48.897353],[2.325636,48.897246],[2.325409,48.8969]]],[[[2.321056,48.888207],[2.320315,48.88862],[2.320671,48.8888],[2.321349,48.888396],[2.321056,48.888207]]],[[[2.327641,48.894107],[2.327157,48.894187],[2.327908,48.894903],[2.327641,48.894107]]],[[[2.319775,48.890981],[2.319367,48.891252],[2.320125,48.891388],[2.319775,48.890981]]],[[[2.322892,48.895998],[2.32203,48.895893],[2.32231,48.896205],[2.322892,48.895998]]],[[[2.319887,48.895678],[2.319776,48.895637],[2.319771,48.895635],[2.319738,48.895641],[2.319213,48.895506],[2.318649,48.895336],[2.318555,48.895373],[2.318706,48.895454],[2.319566,48.895699],[2.319938,48.895793],[2.319958,48.895698],[2.319887,48.895678]]],[[[2.327474,48.897266],[2.327428,48.897186],[2.327403,48.897196],[2.327401,48.897194],[2.327391,48.897183],[2.327344,48.897135],[2.327244,48.897177],[2.327016,48.89727],[2.326779,48.897368],[2.326777,48.897397],[2.32678,48.897397],[2.327011,48.897402],[2.327613,48.897415],[2.327534,48.897321],[2.327533,48.89732],[2.32752,48.897319],[2.327474,48.897266]]],[[[2.321031,48.895488],[2.321387,48.895341],[2.320685,48.895358],[2.321031,48.895488]]],[[[2.325185,48.896667],[2.324799,48.896983],[2.325344,48.896828],[2.325185,48.896667]]],[[[2.324842,48.897059],[2.324711,48.896989],[2.324535,48.897195],[2.324533,48.897199],[2.324517,48.897225],[2.32444,48.897348],[2.324622,48.897352],[2.3247,48.897261],[2.32485,48.897085],[2.324842,48.897059]]],[[[2.32528,48.8849],[2.325284,48.884897],[2.325079,48.88493],[2.325087,48.884952],[2.325178,48.88501],[2.325304,48.885091],[2.325313,48.885091],[2.325284,48.884902],[2.32528,48.8849]]]],"type":"MultiPolygon"},"properties":{"id_projet":"COLLEGES (année scolaire 2022/2023)","libelle":"STEPHANE MALLARME","annee_scol":"2022-2023","zone_commune":0,"etiquette":"Secteur du collège STEPHANE MALLARME","lib_etab_1":"STEPHANE MALLARME","lib_etab_2":null,"lib_etab_3":null,"lib_etab_4":null,"adr_etab_1":"29 RUE DE LA JONQUIERE","adr_etab_2":null,"adr_etab_3":null,"adr_etab_4":null,"st_area_shape":581456.9898121749,"st_perimeter_shape":31127.824031563297,"type_etabl":"Collège","geo_point_2d":{"lon":2.3232041081280514,"lat":48.89124047339311}}},{"type":"Feature","geometry":{"coordinates":[[[[2.296783,48.889666],[2.297004,48.889245],[2.294713,48.887867],[2.292938,48.889625],[2.294258,48.889775],[2.294763,48.88955],[2.296035,48.890196],[2.296783,48.889666]]],[[[2.295636,48.8785],[2.294505,48.878752],[2.294814,48.879426],[2.295636,48.8785]]],[[[2.294266,48.879188],[2.294065,48.878851],[2.293079,48.87909],[2.294381,48.879847],[2.294266,48.879188]]],[[[2.298912,48.879418],[2.298309,48.878597],[2.297433,48.878094],[2.295815,48.878447],[2.29883,48.879976],[2.299164,48.879764],[2.298912,48.879418]],[[2.297929,48.879284],[2.298146,48.879137],[2.298183,48.87916],[2.297962,48.879311],[2.297907,48.879348],[2.297867,48.879327],[2.297897,48.879307],[2.297929,48.879284]]],[[[2.296325,48.879466],[2.296747,48.879069],[2.29588,48.878624],[2.295458,48.879009],[2.296115,48.87925],[2.2954,48.879067],[2.294891,48.879561],[2.295605,48.880059],[2.296325,48.879466]]],[[[2.2975,48.879936],[2.29749,48.879931],[2.297557,48.879875],[2.297566,48.87988],[2.297596,48.879855],[2.297598,48.879853],[2.2976,48.879854],[2.297634,48.879825],[2.297671,48.879795],[2.297798,48.879694],[2.297809,48.879685],[2.297836,48.879662],[2.297918,48.879597],[2.297921,48.879599],[2.297926,48.879595],[2.2978,48.879526],[2.297668,48.879624],[2.297461,48.879778],[2.29734,48.879868],[2.29726,48.879928],[2.297258,48.879929],[2.297257,48.879929],[2.297135,48.88002],[2.297216,48.880063],[2.297237,48.880075],[2.297294,48.880105],[2.297412,48.880008],[2.297488,48.879946],[2.2975,48.879936]]],[[[2.293207,48.879318],[2.292853,48.879129],[2.291349,48.879673],[2.292482,48.88017],[2.293456,48.879505],[2.293207,48.879318]]],[[[2.299252,48.879885],[2.29898,48.880058],[2.299573,48.880326],[2.299252,48.879885]]],[[[2.295366,48.880068],[2.295108,48.879994],[2.29528,48.88033],[2.295366,48.880068]]],[[[2.297083,48.879201],[2.295794,48.880136],[2.296473,48.880377],[2.297697,48.879467],[2.297083,48.879201]]],[[[2.293814,48.879669],[2.292628,48.880274],[2.293473,48.88062],[2.294273,48.87996],[2.293814,48.879669]]],[[[2.297901,48.880598],[2.298734,48.880063],[2.297954,48.87961],[2.296584,48.880431],[2.297506,48.880829],[2.297901,48.880598]]],[[[2.292138,48.880818],[2.292608,48.880397],[2.291254,48.87976],[2.290841,48.880133],[2.292138,48.880818]]],[[[2.296071,48.880716],[2.296328,48.880457],[2.295708,48.880206],[2.295929,48.880646],[2.295357,48.880481],[2.295646,48.881049],[2.296071,48.880716]]],[[[2.292967,48.881019],[2.293367,48.880754],[2.292789,48.880483],[2.29227,48.880881],[2.292967,48.881019]]],[[[2.298707,48.881122],[2.299529,48.880476],[2.298838,48.88012],[2.297714,48.880858],[2.298707,48.881122]]],[[[2.299785,48.880618],[2.298712,48.881288],[2.299652,48.881447],[2.300068,48.88106],[2.299785,48.880618]]],[[[2.294714,48.880065],[2.29456,48.879863],[2.293594,48.880728],[2.29521,48.881469],[2.294714,48.880065]]],[[[2.292598,48.88123],[2.291887,48.881206],[2.29229,48.881484],[2.292598,48.88123]]],[[[2.298167,48.881526],[2.298421,48.881306],[2.297569,48.88096],[2.297276,48.881125],[2.298167,48.881526]]],[[[2.291551,48.881302],[2.292013,48.88092],[2.290752,48.880248],[2.291528,48.881107],[2.290062,48.880843],[2.291282,48.881493],[2.291551,48.881302]]],[[[2.30021,48.881202],[2.299868,48.881517],[2.300483,48.88162],[2.30021,48.881202]]],[[[2.29406,48.881081],[2.293401,48.880771],[2.292952,48.881199],[2.293776,48.881696],[2.294338,48.881235],[2.29406,48.881081]]],[[[2.291023,48.881725],[2.291199,48.881583],[2.289846,48.881084],[2.291023,48.881725]]],[[[2.296727,48.881354],[2.297399,48.880891],[2.296495,48.880525],[2.295722,48.881179],[2.296249,48.881231],[2.295792,48.881333],[2.296018,48.881778],[2.296727,48.881354]]],[[[2.291836,48.881595],[2.292231,48.881627],[2.291743,48.881347],[2.291454,48.881586],[2.291932,48.881843],[2.291836,48.881595]]],[[[2.291658,48.882062],[2.291808,48.881913],[2.291162,48.881792],[2.291658,48.882062]]],[[[2.294654,48.881361],[2.293966,48.881762],[2.294233,48.882257],[2.295082,48.881587],[2.294654,48.881361]]],[[[2.298003,48.881651],[2.297079,48.881383],[2.297162,48.8812],[2.296099,48.881912],[2.297068,48.882351],[2.298003,48.881651]]],[[[2.292899,48.881386],[2.292501,48.881607],[2.294116,48.882391],[2.293841,48.88188],[2.292899,48.881386]]],[[[2.288963,48.882451],[2.288642,48.8823],[2.28868,48.882652],[2.289172,48.882597],[2.288963,48.882451]]],[[[2.296521,48.882245],[2.296194,48.882122],[2.296546,48.882741],[2.296921,48.88246],[2.296521,48.882245]]],[[[2.292567,48.88178],[2.292103,48.881936],[2.293713,48.882809],[2.294014,48.882566],[2.292567,48.88178]]],[[[2.299164,48.881902],[2.299466,48.881578],[2.2985,48.881413],[2.297185,48.882428],[2.298141,48.882855],[2.299164,48.881902]]],[[[2.289754,48.882848],[2.289434,48.882683],[2.289356,48.882687],[2.289341,48.882801],[2.289573,48.882913],[2.289758,48.882884],[2.289754,48.882848]]],[[[2.291826,48.882295],[2.291289,48.88261],[2.292048,48.882996],[2.292422,48.882617],[2.291826,48.882295]]],[[[2.293436,48.883032],[2.293613,48.88289],[2.291832,48.882156],[2.293436,48.883032]]],[[[2.30168,48.882225],[2.301331,48.882119],[2.302029,48.883076],[2.302707,48.882844],[2.30168,48.882225]]],[[[2.297191,48.882563],[2.296585,48.882847],[2.296682,48.88308],[2.297191,48.882563]]],[[[2.290794,48.882814],[2.291571,48.882157],[2.289736,48.881168],[2.290493,48.882057],[2.290022,48.882426],[2.28923,48.882019],[2.288686,48.882181],[2.290468,48.883107],[2.290794,48.882814]]],[[[2.3,48.881684],[2.299685,48.881649],[2.298313,48.88296],[2.298886,48.883206],[2.300327,48.881773],[2.3,48.881684]]],[[[2.290322,48.883141],[2.290004,48.882976],[2.289912,48.882981],[2.289932,48.883042],[2.29019,48.883178],[2.290319,48.883165],[2.290322,48.883141]]],[[[2.292768,48.882805],[2.292179,48.883091],[2.29299,48.883505],[2.293366,48.883129],[2.292768,48.882805]]],[[[2.295219,48.883621],[2.2962,48.882981],[2.295235,48.881636],[2.294591,48.882191],[2.295579,48.882681],[2.29455,48.882228],[2.294248,48.88251],[2.295355,48.883095],[2.294182,48.882565],[2.293857,48.882863],[2.295219,48.883621]]],[[[2.300388,48.883381],[2.30101,48.8823],[2.300667,48.88183],[2.299495,48.882925],[2.300215,48.883257],[2.299405,48.883015],[2.299107,48.883311],[2.30009,48.883797],[2.300388,48.883381]]],[[[2.301391,48.882823],[2.301096,48.882531],[2.300379,48.883776],[2.301673,48.88328],[2.301391,48.882823]]],[[[2.294979,48.883872],[2.295157,48.883729],[2.293612,48.88312],[2.294979,48.883872]]],[[[2.291353,48.882783],[2.290866,48.882914],[2.291001,48.883921],[2.292861,48.883624],[2.291353,48.882783]]],[[[2.290765,48.883476],[2.290669,48.883077],[2.289549,48.884003],[2.290743,48.88394],[2.290765,48.883476]]],[[[2.29465,48.884129],[2.294874,48.883946],[2.293515,48.88321],[2.293012,48.883655],[2.294367,48.884347],[2.29465,48.884129]]],[[[2.297638,48.882774],[2.296765,48.883243],[2.29733,48.884352],[2.297681,48.884406],[2.298762,48.88332],[2.297638,48.882774]]],[[[2.296269,48.883119],[2.295442,48.883753],[2.296928,48.884409],[2.296269,48.883119]]],[[[2.296386,48.884636],[2.296562,48.884495],[2.295152,48.883957],[2.296386,48.884636]]],[[[2.299446,48.883626],[2.298986,48.883433],[2.297908,48.884504],[2.298403,48.884661],[2.300062,48.88396],[2.299446,48.883626]]],[[[2.295268,48.884158],[2.294985,48.884046],[2.294524,48.884422],[2.295725,48.884988],[2.296422,48.884909],[2.295268,48.884158]]],[[[2.290801,48.884076],[2.289529,48.884163],[2.290841,48.884985],[2.290801,48.884076]]],[[[2.291664,48.88458],[2.292476,48.883945],[2.290964,48.884062],[2.29103,48.885025],[2.291664,48.88458]]],[[[2.294706,48.884618],[2.293678,48.88523],[2.295502,48.885027],[2.294706,48.884618]]],[[[2.292822,48.885135],[2.293475,48.885283],[2.293714,48.885059],[2.293242,48.884794],[2.293839,48.884989],[2.2943,48.884426],[2.293618,48.884127],[2.291978,48.885445],[2.293156,48.885323],[2.292822,48.885135]]],[[[2.293074,48.883847],[2.29113,48.885165],[2.291702,48.885496],[2.293484,48.884065],[2.293074,48.883847]]],[[[2.289313,48.885807],[2.290541,48.885652],[2.290838,48.885354],[2.289496,48.884513],[2.289313,48.885807]]],[[[2.296606,48.885272],[2.295762,48.885287],[2.295856,48.886176],[2.296606,48.885272]]],[[[2.295601,48.885309],[2.29383,48.885539],[2.295657,48.886197],[2.295601,48.885309]]],[[[2.294597,48.886133],[2.293895,48.885879],[2.293895,48.885879],[2.293895,48.885879],[2.293895,48.885879],[2.293895,48.885879],[2.293895,48.885879],[2.293895,48.885879],[2.293895,48.885879],[2.293895,48.885879],[2.293895,48.885879],[2.293895,48.885879],[2.293895,48.885879],[2.293895,48.885879],[2.293895,48.885879],[2.293895,48.885879],[2.293895,48.885879],[2.293895,48.885879],[2.293895,48.885879],[2.293895,48.885879],[2.293895,48.885879],[2.293895,48.885879],[2.293895,48.885878],[2.293883,48.885893],[2.293839,48.885877],[2.29385,48.885863],[2.293848,48.885863],[2.293848,48.885862],[2.293848,48.885862],[2.293848,48.885862],[2.293848,48.885862],[2.293848,48.885862],[2.293848,48.885862],[2.293848,48.885862],[2.293848,48.885862],[2.293848,48.885862],[2.293848,48.885862],[2.293848,48.885862],[2.293848,48.885862],[2.293848,48.885862],[2.293848,48.885862],[2.293848,48.885862],[2.293848,48.885862],[2.293848,48.885862],[2.293848,48.885862],[2.293845,48.885861],[2.293845,48.885861],[2.293845,48.885861],[2.293845,48.885861],[2.293845,48.885861],[2.293845,48.885861],[2.293845,48.885861],[2.293845,48.885861],[2.293845,48.885861],[2.293845,48.885861],[2.293845,48.885861],[2.293845,48.885861],[2.293845,48.885861],[2.293845,48.885861],[2.293845,48.885861],[2.293845,48.885861],[2.293845,48.885861],[2.293845,48.885861],[2.293291,48.885663],[2.293268,48.88568],[2.293213,48.88572],[2.293191,48.885736],[2.293209,48.885747],[2.293182,48.885767],[2.293164,48.885756],[2.293077,48.88582],[2.293085,48.885847],[2.293171,48.885867],[2.293397,48.88592],[2.293749,48.886003],[2.293749,48.886003],[2.293749,48.886003],[2.293749,48.886003],[2.293749,48.886003],[2.293749,48.886003],[2.293749,48.886003],[2.293752,48.886004],[2.293752,48.886004],[2.293752,48.886004],[2.293752,48.886004],[2.293752,48.886004],[2.293752,48.886004],[2.293755,48.886004],[2.293763,48.885989],[2.293801,48.885998],[2.293793,48.886014],[2.293794,48.886014],[2.293794,48.886014],[2.293794,48.886014],[2.293794,48.886014],[2.293794,48.886014],[2.293795,48.886014],[2.293795,48.886014],[2.293795,48.886014],[2.293795,48.886014],[2.293795,48.886014],[2.293795,48.886014],[2.293795,48.886014],[2.293795,48.886014],[2.293845,48.886026],[2.293845,48.886026],[2.293847,48.886027],[2.293842,48.886037],[2.293842,48.886037],[2.293843,48.886037],[2.293843,48.886038],[2.293844,48.886038],[2.293844,48.886038],[2.293845,48.886039],[2.293846,48.886039],[2.293846,48.88604],[2.293847,48.88604],[2.293848,48.88604],[2.293848,48.886041],[2.293849,48.886041],[2.29385,48.886041],[2.29385,48.886042],[2.293851,48.886042],[2.293852,48.886042],[2.293852,48.886042],[2.293853,48.886043],[2.293854,48.886043],[2.293854,48.886043],[2.293855,48.886043],[2.293856,48.886044],[2.293857,48.886044],[2.293857,48.886044],[2.293858,48.886044],[2.293859,48.886045],[2.29386,48.886045],[2.29386,48.886045],[2.293861,48.886045],[2.293862,48.886045],[2.293863,48.886045],[2.293864,48.886046],[2.293864,48.886046],[2.293865,48.886046],[2.293866,48.886046],[2.293867,48.886046],[2.293868,48.886046],[2.293868,48.886046],[2.293869,48.886046],[2.29387,48.886046],[2.293871,48.886047],[2.293872,48.886047],[2.293872,48.886047],[2.293873,48.886047],[2.293874,48.886047],[2.293875,48.886047],[2.293876,48.886047],[2.293877,48.886047],[2.293877,48.886047],[2.293878,48.886047],[2.293879,48.886047],[2.29388,48.886047],[2.293881,48.886047],[2.293881,48.886047],[2.293882,48.886047],[2.293883,48.886046],[2.293884,48.886046],[2.293884,48.886046],[2.293889,48.886036],[2.293904,48.886039],[2.293903,48.88604],[2.293905,48.88604],[2.2939,48.886051],[2.293902,48.886052],[2.293903,48.886053],[2.293904,48.886053],[2.293904,48.886053],[2.293905,48.886054],[2.293905,48.886054],[2.293906,48.886054],[2.293907,48.886055],[2.293908,48.886055],[2.293908,48.886055],[2.293909,48.886056],[2.29391,48.886056],[2.29391,48.886056],[2.293911,48.886056],[2.293912,48.886057],[2.293913,48.886057],[2.293913,48.886057],[2.293914,48.886058],[2.293915,48.886058],[2.293916,48.886058],[2.293916,48.886058],[2.293917,48.886058],[2.293918,48.886059],[2.293919,48.886059],[2.293919,48.886059],[2.29392,48.886059],[2.293921,48.886059],[2.293922,48.886059],[2.293923,48.88606],[2.293923,48.88606],[2.293924,48.88606],[2.293925,48.88606],[2.293926,48.88606],[2.293927,48.88606],[2.293928,48.88606],[2.293928,48.88606],[2.293929,48.88606],[2.29393,48.88606],[2.293931,48.88606],[2.293932,48.88606],[2.293932,48.88606],[2.293933,48.886061],[2.293934,48.886061],[2.293935,48.886061],[2.293936,48.886061],[2.293937,48.88606],[2.293937,48.88606],[2.293938,48.88606],[2.293939,48.88606],[2.29394,48.88606],[2.293941,48.88606],[2.293942,48.88606],[2.293942,48.88606],[2.293948,48.88605],[2.294556,48.886193],[2.294575,48.886188],[2.294604,48.886145],[2.294597,48.886133]]],[[[2.291308,48.886546],[2.291809,48.886192],[2.291477,48.8859],[2.290366,48.88638],[2.291308,48.886546]]],[[[2.293115,48.885973],[2.292735,48.886157],[2.293899,48.886872],[2.294499,48.886338],[2.293115,48.885973]]],[[[2.294781,48.886368],[2.294091,48.88699],[2.294664,48.887248],[2.29534,48.886575],[2.294781,48.886368]]],[[[2.292382,48.886307],[2.291193,48.886983],[2.291702,48.887245],[2.292694,48.886544],[2.292382,48.886307]]],[[[2.292216,48.887399],[2.293393,48.886926],[2.292812,48.886617],[2.291853,48.887297],[2.292216,48.887399]]],[[[2.295645,48.887529],[2.297062,48.887113],[2.295829,48.886739],[2.295166,48.887399],[2.295645,48.887529]]],[[[2.297705,48.887535],[2.296068,48.887915],[2.297191,48.888361],[2.297705,48.887535]]],[[[2.298032,48.888131],[2.297679,48.88805],[2.297448,48.888569],[2.298535,48.888462],[2.298032,48.888131]]],[[[2.291981,48.888505],[2.289661,48.887369],[2.288975,48.887986],[2.289654,48.888394],[2.289874,48.888101],[2.290445,48.888165],[2.289774,48.888453],[2.2919,48.889507],[2.292401,48.889564],[2.29304,48.888882],[2.291981,48.888505]]],[[[2.295485,48.890088],[2.294751,48.889709],[2.294711,48.889706],[2.294577,48.889716],[2.294483,48.8898],[2.294559,48.88981],[2.295035,48.889869],[2.295041,48.889865],[2.29548,48.890092],[2.295485,48.890088]]],[[[2.297489,48.889466],[2.296371,48.890372],[2.300348,48.892548],[2.30062,48.89233],[2.298059,48.890424],[2.298023,48.889799],[2.297489,48.889466]]]],"type":"MultiPolygon"},"properties":{"id_projet":"COLLEGES (année scolaire 2023/2024)","libelle":"PIERRE DE RONSARD","annee_scol":"2023-2024","zone_commune":0,"etiquette":"Secteur du collège PIERRE DE RONSARD","lib_etab_1":"PIERRE DE RONSARD","lib_etab_2":null,"lib_etab_3":null,"lib_etab_4":null,"adr_etab_1":"140 AVENUE DE WAGRAM","adr_etab_2":null,"adr_etab_3":null,"adr_etab_4":null,"st_area_shape":536218.8955859628,"st_perimeter_shape":28133.513286659287,"type_etabl":"Collège","geo_point_2d":{"lon":2.2950252519329575,"lat":48.88395275556161}}},{"type":"Feature","geometry":{"coordinates":[[[[2.309941,48.891026],[2.311165,48.890306],[2.309841,48.889475],[2.307714,48.890758],[2.306673,48.889585],[2.304851,48.890265],[2.308471,48.892098],[2.309941,48.891026]]],[[[2.297489,48.889466],[2.296371,48.890372],[2.300348,48.892548],[2.30062,48.89233],[2.298059,48.890424],[2.298023,48.889799],[2.297489,48.889466]]],[[[2.296783,48.889666],[2.297004,48.889245],[2.294713,48.887867],[2.294453,48.888713],[2.294904,48.889185],[2.293121,48.889646],[2.294763,48.88955],[2.296035,48.890196],[2.296783,48.889666]]],[[[2.306838,48.885315],[2.303699,48.885371],[2.304939,48.88687],[2.306838,48.885315]]],[[[2.302515,48.88446],[2.298143,48.885135],[2.303034,48.885165],[2.302515,48.88446]]],[[[2.300223,48.889709],[2.301009,48.88888],[2.299722,48.888269],[2.298165,48.888815],[2.300223,48.889709]]],[[[2.300626,48.887086],[2.299802,48.886545],[2.299451,48.886855],[2.299684,48.8865],[2.297457,48.885513],[2.297613,48.886332],[2.298182,48.887011],[2.300626,48.887086]]],[[[2.302051,48.887226],[2.302381,48.888035],[2.304054,48.88886],[2.304317,48.887617],[2.302051,48.887226]]],[[[2.302016,48.890936],[2.300162,48.889994],[2.299569,48.890437],[2.301411,48.891588],[2.302016,48.890936]]],[[[2.305751,48.884485],[2.304943,48.884078],[2.303618,48.885114],[2.306656,48.885098],[2.305751,48.884485]]],[[[2.305116,48.889906],[2.306556,48.889424],[2.306309,48.889104],[2.307501,48.88821],[2.307094,48.887931],[2.306605,48.888299],[2.306947,48.888569],[2.306495,48.88838],[2.304367,48.88997],[2.305116,48.889906]]],[[[2.301341,48.887042],[2.300947,48.887238],[2.302219,48.889007],[2.303829,48.889587],[2.302705,48.888774],[2.301341,48.887042]]],[[[2.306736,48.887997],[2.306356,48.887847],[2.304443,48.888949],[2.304173,48.889848],[2.306736,48.887997]]],[[[2.303006,48.882962],[2.302198,48.883307],[2.302714,48.884017],[2.304357,48.883762],[2.303006,48.882962]]],[[[2.301246,48.885636],[2.301526,48.885373],[2.29878,48.885467],[2.300521,48.886188],[2.301246,48.885636]]],[[[2.302909,48.885389],[2.301828,48.885367],[2.300747,48.886265],[2.301524,48.886471],[2.302909,48.885389]]],[[[2.303881,48.886243],[2.303693,48.886051],[2.302412,48.886724],[2.304314,48.88705],[2.303881,48.886243]]],[[[2.301606,48.888452],[2.300821,48.887359],[2.30002,48.887927],[2.301788,48.888806],[2.301606,48.888452]]],[[[2.301867,48.883475],[2.300549,48.884013],[2.30122,48.884308],[2.302201,48.884184],[2.301867,48.883475]]],[[[2.301112,48.8868],[2.30132,48.88661],[2.297881,48.885394],[2.301112,48.8868]]],[[[2.297705,48.887535],[2.296068,48.887915],[2.297191,48.888361],[2.297705,48.887535]]],[[[2.302906,48.885958],[2.303655,48.885934],[2.303222,48.885424],[2.301816,48.886579],[2.303206,48.886158],[2.302906,48.885958]]],[[[2.297048,48.885496],[2.296079,48.886326],[2.297368,48.886813],[2.297048,48.885496]]],[[[2.298411,48.88713],[2.299728,48.887829],[2.300476,48.88729],[2.298411,48.88713]]],[[[2.301828,48.886748],[2.301381,48.886887],[2.303125,48.887286],[2.304212,48.887441],[2.304276,48.887207],[2.301828,48.886748]]],[[[2.304649,48.884029],[2.30302,48.884437],[2.303453,48.884953],[2.304649,48.884029]]],[[[2.305848,48.887996],[2.306107,48.887831],[2.304804,48.887742],[2.304508,48.888734],[2.305848,48.887996]]],[[[2.298461,48.887669],[2.297999,48.887537],[2.297899,48.887846],[2.298834,48.88829],[2.299305,48.888164],[2.298461,48.887669]]],[[[2.298032,48.888131],[2.297679,48.88805],[2.297448,48.888569],[2.298535,48.888462],[2.298032,48.888131]]],[[[2.302968,48.888514],[2.302649,48.888437],[2.302968,48.888803],[2.30389,48.889406],[2.303966,48.889035],[2.302968,48.888514]]],[[[2.300384,48.884068],[2.299273,48.884507],[2.300876,48.884351],[2.300384,48.884068]]],[[[2.301032,48.889603],[2.300796,48.889491],[2.300405,48.889976],[2.300896,48.890208],[2.301032,48.889603]]],[[[2.301599,48.88916],[2.301253,48.889073],[2.300953,48.889411],[2.301716,48.889507],[2.301599,48.88916]]],[[[2.302971,48.890389],[2.303439,48.890095],[2.302885,48.889771],[2.30275,48.890333],[2.302971,48.890389]]],[[[2.301843,48.890551],[2.301813,48.890097],[2.301029,48.890271],[2.301843,48.890551]]],[[[2.302172,48.889433],[2.302004,48.889876],[2.302753,48.889708],[2.302172,48.889433]]],[[[2.302856,48.89056],[2.302049,48.890469],[2.302061,48.890757],[2.302856,48.89056]]],[[[2.301807,48.889989],[2.301782,48.889612],[2.301197,48.889629],[2.301222,48.890006],[2.301807,48.889989]]],[[[2.302587,48.890345],[2.302562,48.889967],[2.302011,48.889984],[2.302036,48.890361],[2.302587,48.890345]]],[[[2.295485,48.890088],[2.294751,48.889709],[2.294711,48.889706],[2.294577,48.889716],[2.294483,48.8898],[2.294559,48.88981],[2.295035,48.889869],[2.295041,48.889865],[2.29548,48.890092],[2.295485,48.890088]]]],"type":"MultiPolygon"},"properties":{"id_projet":"COLLEGES (année scolaire 2020/2021)","libelle":"BORIS VIAN","annee_scol":"2020-2021","zone_commune":0,"etiquette":"Secteur du collège BORIS VIAN","lib_etab_1":"BORIS VIAN","lib_etab_2":null,"lib_etab_3":null,"lib_etab_4":null,"adr_etab_1":"76 BOULEVARD BERTHIER","adr_etab_2":null,"adr_etab_3":null,"adr_etab_4":null,"st_area_shape":418039.7098019672,"st_perimeter_shape":18506.427456491238,"type_etabl":"Collège","geo_point_2d":{"lon":2.3021117190954836,"lat":48.888055925203844}}},{"type":"Feature","geometry":{"coordinates":[[[[2.319781,48.898199],[2.314526,48.896194],[2.312987,48.896923],[2.312825,48.896753],[2.313311,48.896344],[2.312292,48.895577],[2.31089,48.896297],[2.311639,48.896973],[2.310973,48.896721],[2.31074,48.896991],[2.31228,48.897732],[2.318602,48.89969],[2.321482,48.898958],[2.319781,48.898199]]],[[[2.32213,48.898795],[2.323015,48.898443],[2.322958,48.897679],[2.321499,48.897547],[2.314121,48.894848],[2.312485,48.895381],[2.313543,48.896243],[2.314538,48.895937],[2.32213,48.898795]]],[[[2.3219,48.900814],[2.323477,48.900868],[2.323885,48.899156],[2.323726,48.900171],[2.328625,48.900284],[2.328677,48.8992],[2.322552,48.89901],[2.322456,48.899941],[2.323058,48.899954],[2.323048,48.900205],[2.322187,48.900089],[2.322193,48.899066],[2.319883,48.899664],[2.319642,48.900028],[2.3219,48.900814]]],[[[2.317416,48.894627],[2.318319,48.894856],[2.317329,48.893775],[2.317044,48.89387],[2.316119,48.893068],[2.315453,48.893182],[2.31815,48.891541],[2.317903,48.891379],[2.316727,48.891811],[2.317657,48.891156],[2.316889,48.890568],[2.315418,48.89104],[2.313124,48.892434],[2.313115,48.893141],[2.314049,48.893637],[2.313685,48.894162],[2.315259,48.893207],[2.315563,48.893389],[2.314409,48.894076],[2.317416,48.894627]]],[[[2.322032,48.897273],[2.322917,48.897305],[2.322178,48.897181],[2.321262,48.896014],[2.320259,48.89603],[2.319974,48.89569],[2.318555,48.895373],[2.318429,48.895933],[2.322032,48.897273]]],[[[2.326581,48.898799],[2.328983,48.898845],[2.328501,48.897937],[2.326671,48.897792],[2.326581,48.898799]]],[[[2.309563,48.894059],[2.311395,48.894818],[2.309915,48.895758],[2.310213,48.896024],[2.312626,48.894583],[2.31181,48.894012],[2.311146,48.89445],[2.309563,48.894059]]],[[[2.318186,48.894554],[2.319156,48.89452],[2.318502,48.893722],[2.317714,48.894032],[2.318186,48.894554]]],[[[2.31643,48.895016],[2.316085,48.894489],[2.316604,48.895164],[2.316309,48.894496],[2.316789,48.895133],[2.317674,48.894939],[2.315835,48.894446],[2.31643,48.895016]]],[[[2.324533,48.897709],[2.324168,48.898123],[2.324758,48.898537],[2.325261,48.898336],[2.324533,48.897709]]],[[[2.317647,48.89567],[2.318296,48.89589],[2.318381,48.895077],[2.317669,48.895065],[2.317647,48.89567]]],[[[2.329024,48.899231],[2.32882,48.900195],[2.329462,48.900419],[2.329024,48.899231]]],[[[2.316949,48.893731],[2.317309,48.893749],[2.316598,48.892813],[2.31616,48.893045],[2.316949,48.893731]]],[[[2.317916,48.892316],[2.319362,48.894536],[2.319703,48.894475],[2.317916,48.892316]]],[[[2.323857,48.897695],[2.323456,48.897751],[2.323617,48.898652],[2.323857,48.897695]]],[[[2.325719,48.898346],[2.326314,48.898707],[2.326353,48.897897],[2.325719,48.898346]]],[[[2.325034,48.897864],[2.325585,48.898134],[2.326134,48.897743],[2.325034,48.897864]]],[[[2.314419,48.894191],[2.314057,48.894303],[2.315324,48.894706],[2.314419,48.894191]]],[[[2.32557,48.898437],[2.32492,48.898828],[2.32608,48.898851],[2.32557,48.898437]]],[[[2.319352,48.89492],[2.319686,48.894601],[2.318461,48.894999],[2.319549,48.895162],[2.319352,48.89492]]],[[[2.317577,48.892306],[2.317257,48.892471],[2.317705,48.893081],[2.318038,48.892996],[2.317577,48.892306]]],[[[2.329578,48.900882],[2.329503,48.90051],[2.328739,48.900494],[2.328725,48.900804],[2.329578,48.900882]]],[[[2.317075,48.892594],[2.316756,48.892761],[2.317137,48.893262],[2.317471,48.893177],[2.317075,48.892594]]],[[[2.317514,48.895454],[2.317589,48.895071],[2.316881,48.895302],[2.317514,48.895454]]],[[[2.324179,48.898327],[2.324004,48.898742],[2.32474,48.898824],[2.324179,48.898327]]],[[[2.315433,48.894392],[2.315276,48.894361],[2.315249,48.894383],[2.315339,48.894495],[2.315407,48.89458],[2.315522,48.894724],[2.31568,48.894922],[2.315887,48.895],[2.315892,48.895002],[2.315955,48.895026],[2.316117,48.895087],[2.316119,48.895088],[2.316129,48.895077],[2.315989,48.894896],[2.315932,48.894823],[2.315886,48.894762],[2.315836,48.894698],[2.31569,48.894508],[2.315649,48.894455],[2.315596,48.894424],[2.315433,48.894392]]],[[[2.318164,48.893127],[2.31782,48.893237],[2.318222,48.893667],[2.318455,48.893537],[2.318164,48.893127]]],[[[2.317599,48.893307],[2.317255,48.893417],[2.317861,48.893782],[2.317599,48.893307]]],[[[2.321096,48.900672],[2.320682,48.900552],[2.320671,48.900559],[2.320534,48.900636],[2.32035,48.900741],[2.320387,48.900763],[2.321079,48.900787],[2.321681,48.900807],[2.321096,48.900672]]],[[[2.309396,48.894018],[2.309563,48.894059],[2.309352,48.893956],[2.309348,48.89396],[2.309334,48.893977],[2.309396,48.894018]]]],"type":"MultiPolygon"},"properties":{"id_projet":"COLLEGES (année scolaire 2022/2023)","libelle":"HONORE DE BALZAC","annee_scol":"2022-2023","zone_commune":0,"etiquette":"Secteur du collège HONORE DE BALZAC","lib_etab_1":"HONORE DE BALZAC","lib_etab_2":null,"lib_etab_3":null,"lib_etab_4":null,"adr_etab_1":"118 BOULEVARD BESSIERES","adr_etab_2":null,"adr_etab_3":null,"adr_etab_4":null,"st_area_shape":513395.5337486274,"st_perimeter_shape":17070.9775815661,"type_etabl":"Collège","geo_point_2d":{"lon":2.3185628962452327,"lat":48.896758221001875}}},{"type":"Feature","geometry":{"coordinates":[[[[2.309563,48.894059],[2.311146,48.89445],[2.31181,48.894012],[2.312626,48.894583],[2.31238,48.894177],[2.308241,48.89233],[2.308735,48.892123],[2.313685,48.894162],[2.314049,48.893637],[2.313115,48.893141],[2.313196,48.892334],[2.316735,48.890544],[2.317657,48.891156],[2.316817,48.89188],[2.318175,48.891435],[2.314134,48.887485],[2.311087,48.887949],[2.309229,48.888836],[2.309486,48.889346],[2.309255,48.889487],[2.309841,48.889475],[2.311165,48.890306],[2.308471,48.892098],[2.307152,48.891464],[2.305475,48.892394],[2.306746,48.891615],[2.304286,48.890453],[2.301877,48.891873],[2.304247,48.893358],[2.304002,48.893534],[2.303623,48.893761],[2.301142,48.892542],[2.300813,48.892687],[2.305667,48.895072],[2.304614,48.894382],[2.305193,48.893948],[2.307219,48.895146],[2.309696,48.895969],[2.310175,48.895992],[2.309915,48.895758],[2.311395,48.894818],[2.309563,48.894059]],[[2.309352,48.893956],[2.309563,48.894059],[2.309396,48.894018],[2.309334,48.893977],[2.309348,48.89396],[2.309352,48.893956]]],[[[2.315501,48.888085],[2.315832,48.88834],[2.317502,48.887334],[2.31659,48.886584],[2.317592,48.886192],[2.316882,48.885782],[2.314361,48.887352],[2.315501,48.888085]]],[[[2.318392,48.891283],[2.319966,48.890555],[2.318608,48.88957],[2.317344,48.890274],[2.318392,48.891283]]],[[[2.314287,48.885362],[2.314712,48.884531],[2.314424,48.884563],[2.31237,48.886049],[2.313142,48.886568],[2.314287,48.885362]]],[[[2.317978,48.88907],[2.316873,48.889647],[2.317227,48.890149],[2.3185,48.889491],[2.317978,48.88907]]],[[[2.316603,48.889495],[2.31731,48.88925],[2.317097,48.888964],[2.317412,48.889191],[2.3178,48.888939],[2.31721,48.888527],[2.316233,48.889107],[2.316603,48.889495]]],[[[2.314832,48.886387],[2.315264,48.886032],[2.314495,48.885889],[2.314039,48.886319],[2.313892,48.887048],[2.314832,48.886387]]],[[[2.318253,48.887548],[2.319244,48.887158],[2.318458,48.886697],[2.317809,48.887085],[2.318253,48.887548]]],[[[2.318366,48.887867],[2.317453,48.888408],[2.318045,48.888821],[2.318817,48.888371],[2.318366,48.887867]]],[[[2.312774,48.887084],[2.311499,48.887699],[2.313528,48.887394],[2.312774,48.887084]]],[[[2.31176,48.887385],[2.312121,48.887169],[2.310775,48.88656],[2.310405,48.886813],[2.311387,48.887646],[2.31176,48.887385]]],[[[2.318942,48.888469],[2.318152,48.888929],[2.318755,48.889353],[2.319416,48.888997],[2.318942,48.888469]]],[[[2.317912,48.887393],[2.316885,48.887983],[2.317347,48.8883],[2.31824,48.887769],[2.317912,48.887393]]],[[[2.316129,48.888997],[2.317104,48.888419],[2.316684,48.888105],[2.31581,48.88863],[2.316129,48.888997]]],[[[2.315368,48.886233],[2.314098,48.887131],[2.315498,48.886594],[2.315368,48.886233]]],[[[2.320012,48.889584],[2.319459,48.889905],[2.320212,48.890439],[2.320596,48.890193],[2.320012,48.889584]]],[[[2.318484,48.88779],[2.318977,48.888273],[2.319078,48.887766],[2.319697,48.887555],[2.319348,48.887243],[2.318484,48.88779]]],[[[2.319544,48.889094],[2.318862,48.889459],[2.319332,48.889811],[2.319909,48.889475],[2.319544,48.889094]]],[[[2.314401,48.885665],[2.315025,48.884938],[2.314843,48.884594],[2.314401,48.885665]]],[[[2.313789,48.886886],[2.31389,48.886378],[2.313235,48.88663],[2.313789,48.886886]]],[[[2.317503,48.886858],[2.31772,48.887021],[2.318287,48.886681],[2.318066,48.886522],[2.317503,48.886858]]],[[[2.312679,48.886454],[2.312191,48.8867],[2.312646,48.886809],[2.3129,48.886651],[2.312679,48.886454]]],[[[2.313114,48.88673],[2.312838,48.886906],[2.313619,48.887073],[2.313114,48.88673]]],[[[2.317584,48.88588],[2.317589,48.885876],[2.317182,48.885628],[2.317006,48.88566],[2.316993,48.885673],[2.316991,48.885676],[2.31699,48.885678],[2.316989,48.885679],[2.316988,48.885682],[2.316988,48.885684],[2.316988,48.885688],[2.316988,48.88569],[2.31699,48.885693],[2.316991,48.885695],[2.316995,48.885702],[2.317037,48.885726],[2.317039,48.885727],[2.317063,48.885741],[2.31707,48.885746],[2.317073,48.885747],[2.317108,48.885768],[2.317132,48.885782],[2.317139,48.885786],[2.31714,48.885787],[2.317199,48.88582],[2.317201,48.885821],[2.317208,48.885825],[2.317236,48.885841],[2.317268,48.885861],[2.317269,48.885861],[2.31727,48.885862],[2.317306,48.885883],[2.317329,48.885896],[2.317337,48.885901],[2.317339,48.885902],[2.317377,48.885924],[2.317477,48.885978],[2.317475,48.885979],[2.317599,48.886052],[2.317713,48.886119],[2.317734,48.886117],[2.31773,48.885949],[2.317722,48.885945],[2.3177,48.885935],[2.317687,48.885929],[2.317607,48.885891],[2.317584,48.88588]]],[[[2.317864,48.886351],[2.317757,48.886288],[2.317716,48.886288],[2.317568,48.886376],[2.31742,48.886464],[2.317311,48.886528],[2.317171,48.886611],[2.317137,48.886631],[2.317139,48.886658],[2.31728,48.88673],[2.317328,48.886701],[2.317446,48.88663],[2.317562,48.88656],[2.317705,48.886474],[2.317865,48.886378],[2.317864,48.886351]]],[[[2.318199,48.886331],[2.31821,48.886327],[2.318224,48.886323],[2.31825,48.886317],[2.318277,48.886313],[2.318299,48.886311],[2.318326,48.886309],[2.318353,48.88631],[2.31838,48.886312],[2.318408,48.886315],[2.318409,48.886314],[2.318434,48.886321],[2.318448,48.886325],[2.318458,48.886329],[2.31848,48.886339],[2.318487,48.886342],[2.318425,48.886215],[2.318208,48.886171],[2.318213,48.886168],[2.318109,48.88611],[2.3181,48.886116],[2.318032,48.886167],[2.318028,48.88617],[2.317876,48.886189],[2.317875,48.88619],[2.317881,48.886217],[2.317928,48.886244],[2.318031,48.886304],[2.31813,48.886362],[2.318152,48.88635],[2.318174,48.88634],[2.318199,48.886331]]],[[[2.312144,48.886884],[2.31181,48.886779],[2.311786,48.886801],[2.312029,48.886958],[2.312168,48.887048],[2.31224,48.887095],[2.312281,48.887096],[2.312291,48.887089],[2.312357,48.887049],[2.312433,48.887001],[2.312427,48.886974],[2.312292,48.886932],[2.312144,48.886884]]],[[[2.319257,48.886826],[2.318977,48.886857],[2.319384,48.887097],[2.319257,48.886826]]],[[[2.318865,48.886688],[2.318938,48.88657],[2.31887,48.886607],[2.318854,48.886595],[2.318839,48.886584],[2.318797,48.886554],[2.318773,48.886536],[2.31875,48.886519],[2.318692,48.886477],[2.318661,48.886501],[2.318633,48.886497],[2.318633,48.886517],[2.318629,48.88654],[2.318623,48.886561],[2.318614,48.886577],[2.318611,48.88658],[2.318597,48.886599],[2.318594,48.886603],[2.318579,48.886618],[2.318574,48.886623],[2.318704,48.886698],[2.318841,48.886778],[2.318872,48.886779],[2.318865,48.886688]]],[[[2.303439,48.890095],[2.30338,48.890074],[2.302971,48.890389],[2.302962,48.890474],[2.302967,48.890476],[2.303059,48.890407],[2.303105,48.890373],[2.303443,48.890119],[2.303439,48.890095]]]],"type":"MultiPolygon"},"properties":{"id_projet":"COLLEGES (année scolaire 2023/2024)","libelle":"ROSE BLANCHE","annee_scol":"2023-2024","zone_commune":0,"etiquette":"Secteur du collège ROSE BLANCHE","lib_etab_1":"ROSE BLANCHE","lib_etab_2":null,"lib_etab_3":null,"lib_etab_4":null,"adr_etab_1":"101 RUE DE SAUSSURE","adr_etab_2":null,"adr_etab_3":null,"adr_etab_4":null,"st_area_shape":609034.4497845693,"st_perimeter_shape":14980.573315262754,"type_etabl":"Collège","geo_point_2d":{"lon":2.311518846054987,"lat":48.89083760784226}}},{"type":"Feature","geometry":{"coordinates":[[[[2.309563,48.894059],[2.311146,48.89445],[2.31181,48.894012],[2.312626,48.894583],[2.31238,48.894177],[2.308241,48.89233],[2.308735,48.892123],[2.313685,48.894162],[2.314049,48.893637],[2.313115,48.893141],[2.313196,48.892334],[2.316735,48.890544],[2.317657,48.891156],[2.316817,48.89188],[2.318175,48.891435],[2.314134,48.887485],[2.311087,48.887949],[2.309229,48.888836],[2.309486,48.889346],[2.309255,48.889487],[2.309841,48.889475],[2.311165,48.890306],[2.308471,48.892098],[2.307152,48.891464],[2.305475,48.892394],[2.306746,48.891615],[2.304286,48.890453],[2.301877,48.891873],[2.304247,48.893358],[2.304002,48.893534],[2.303623,48.893761],[2.301142,48.892542],[2.300813,48.892687],[2.305667,48.895072],[2.304614,48.894382],[2.305193,48.893948],[2.307219,48.895146],[2.309696,48.895969],[2.310175,48.895992],[2.309915,48.895758],[2.311395,48.894818],[2.309563,48.894059]],[[2.309352,48.893956],[2.309563,48.894059],[2.309396,48.894018],[2.309334,48.893977],[2.309348,48.89396],[2.309352,48.893956]]],[[[2.315726,48.888322],[2.317502,48.887334],[2.31659,48.886584],[2.317592,48.886192],[2.316882,48.885782],[2.31436,48.887353],[2.315726,48.888322]]],[[[2.318543,48.891402],[2.319966,48.890555],[2.318608,48.88957],[2.317344,48.890274],[2.318543,48.891402]]],[[[2.314287,48.885362],[2.314712,48.884531],[2.314424,48.884563],[2.31237,48.886049],[2.313142,48.886568],[2.314287,48.885362]]],[[[2.317978,48.88907],[2.316873,48.889647],[2.317227,48.890149],[2.3185,48.889491],[2.317978,48.88907]]],[[[2.316843,48.889523],[2.31731,48.88925],[2.317011,48.889015],[2.317412,48.889191],[2.3178,48.888939],[2.31721,48.888527],[2.316233,48.889107],[2.316843,48.889523]]],[[[2.315037,48.886219],[2.315264,48.886032],[2.314495,48.885889],[2.314039,48.886319],[2.313892,48.887048],[2.315037,48.886219]]],[[[2.318406,48.887668],[2.319244,48.887158],[2.318458,48.886697],[2.317809,48.887085],[2.318406,48.887668]]],[[[2.318366,48.887867],[2.317453,48.888408],[2.318045,48.888821],[2.318817,48.888371],[2.318366,48.887867]]],[[[2.312774,48.887084],[2.311499,48.887699],[2.313528,48.887394],[2.312774,48.887084]]],[[[2.31176,48.887385],[2.312121,48.887169],[2.310775,48.88656],[2.310405,48.886813],[2.311387,48.887646],[2.31176,48.887385]]],[[[2.318942,48.888469],[2.318152,48.888929],[2.318755,48.889353],[2.319416,48.888997],[2.318942,48.888469]]],[[[2.317912,48.887393],[2.316885,48.887983],[2.317347,48.8883],[2.31824,48.887769],[2.317912,48.887393]]],[[[2.316319,48.888913],[2.317104,48.888419],[2.316684,48.888105],[2.31581,48.88863],[2.316319,48.888913]]],[[[2.315368,48.886233],[2.314098,48.887131],[2.315498,48.886594],[2.315368,48.886233]]],[[[2.320012,48.889584],[2.319459,48.889905],[2.320212,48.890439],[2.320596,48.890193],[2.320012,48.889584]]],[[[2.318577,48.887887],[2.318977,48.888273],[2.319078,48.887766],[2.319697,48.887555],[2.319348,48.887243],[2.318577,48.887887]]],[[[2.319544,48.889094],[2.318862,48.889459],[2.319332,48.889811],[2.319909,48.889475],[2.319544,48.889094]]],[[[2.314401,48.885665],[2.315025,48.884938],[2.314843,48.884594],[2.314401,48.885665]]],[[[2.31383,48.886677],[2.313732,48.886325],[2.313235,48.88663],[2.313729,48.886994],[2.31383,48.886677]]],[[[2.306516,48.895469],[2.306021,48.895234],[2.305994,48.895235],[2.305976,48.895307],[2.307455,48.896012],[2.308436,48.896376],[2.308595,48.89635],[2.307513,48.895942],[2.307247,48.895817],[2.306516,48.895469]]],[[[2.317503,48.886858],[2.31772,48.887021],[2.318287,48.886681],[2.318066,48.886522],[2.317503,48.886858]]],[[[2.312679,48.886454],[2.312191,48.8867],[2.312646,48.886809],[2.3129,48.886651],[2.312679,48.886454]]],[[[2.313114,48.88673],[2.312838,48.886906],[2.313619,48.887073],[2.313114,48.88673]]],[[[2.317584,48.88588],[2.317589,48.885876],[2.317182,48.885628],[2.317006,48.88566],[2.316993,48.885673],[2.316991,48.885676],[2.31699,48.885678],[2.316989,48.885679],[2.316988,48.885682],[2.316988,48.885684],[2.316988,48.885688],[2.316988,48.88569],[2.31699,48.885693],[2.316991,48.885695],[2.316995,48.885702],[2.317037,48.885726],[2.317039,48.885727],[2.317063,48.885741],[2.31707,48.885746],[2.317073,48.885747],[2.317108,48.885768],[2.317132,48.885782],[2.317139,48.885786],[2.31714,48.885787],[2.317199,48.88582],[2.317201,48.885821],[2.317208,48.885825],[2.317236,48.885841],[2.317268,48.885861],[2.317269,48.885861],[2.31727,48.885862],[2.317306,48.885883],[2.317329,48.885896],[2.317337,48.885901],[2.317339,48.885902],[2.317377,48.885924],[2.317477,48.885978],[2.317475,48.885979],[2.317599,48.886052],[2.317713,48.886119],[2.317734,48.886117],[2.31773,48.885949],[2.317722,48.885945],[2.3177,48.885935],[2.317687,48.885929],[2.317607,48.885891],[2.317584,48.88588]]],[[[2.317864,48.886351],[2.317757,48.886288],[2.317716,48.886288],[2.317568,48.886376],[2.31742,48.886464],[2.317311,48.886528],[2.317171,48.886611],[2.317137,48.886631],[2.317139,48.886658],[2.31728,48.88673],[2.317328,48.886701],[2.317446,48.88663],[2.317562,48.88656],[2.317705,48.886474],[2.317865,48.886378],[2.317864,48.886351]]],[[[2.318224,48.886323],[2.31825,48.886317],[2.318277,48.886313],[2.318299,48.886311],[2.318326,48.886309],[2.318353,48.88631],[2.31838,48.886312],[2.318408,48.886315],[2.318409,48.886314],[2.318434,48.886321],[2.318448,48.886325],[2.318458,48.886329],[2.31848,48.886339],[2.318487,48.886342],[2.318425,48.886215],[2.318208,48.886171],[2.318213,48.886168],[2.318109,48.88611],[2.3181,48.886116],[2.318032,48.886167],[2.318028,48.88617],[2.317876,48.886189],[2.317875,48.88619],[2.317881,48.886217],[2.317928,48.886244],[2.318031,48.886304],[2.31813,48.886362],[2.318152,48.88635],[2.318174,48.88634],[2.318199,48.886331],[2.31821,48.886327],[2.318224,48.886323]]],[[[2.312144,48.886884],[2.31181,48.886779],[2.311786,48.886801],[2.312029,48.886958],[2.312168,48.887048],[2.31224,48.887095],[2.312281,48.887096],[2.312291,48.887089],[2.312357,48.887049],[2.312433,48.887001],[2.312427,48.886974],[2.312292,48.886932],[2.312144,48.886884]]],[[[2.319257,48.886826],[2.318977,48.886857],[2.319384,48.887097],[2.319257,48.886826]]],[[[2.318865,48.886688],[2.318938,48.88657],[2.31887,48.886607],[2.318854,48.886595],[2.318839,48.886584],[2.318797,48.886554],[2.318773,48.886536],[2.31875,48.886519],[2.318692,48.886477],[2.318661,48.886501],[2.318633,48.886497],[2.318633,48.886517],[2.318629,48.88654],[2.318623,48.886561],[2.318614,48.886577],[2.318611,48.88658],[2.318597,48.886599],[2.318594,48.886603],[2.318579,48.886618],[2.318574,48.886623],[2.318704,48.886698],[2.318841,48.886778],[2.318872,48.886779],[2.318865,48.886688]]],[[[2.303439,48.890095],[2.30338,48.890074],[2.302971,48.890389],[2.302962,48.890474],[2.302967,48.890476],[2.303059,48.890407],[2.303105,48.890373],[2.303443,48.890119],[2.303439,48.890095]]]],"type":"MultiPolygon"},"properties":{"id_projet":"COLLEGES (année scolaire 2025/2026)","libelle":"ROSE BLANCHE","annee_scol":"2025-2026","zone_commune":0,"etiquette":"Secteur du collège ROSE BLANCHE","lib_etab_1":"ROSE BLANCHE","lib_etab_2":null,"lib_etab_3":null,"lib_etab_4":null,"adr_etab_1":"101 RUE DE SAUSSURE","adr_etab_2":null,"adr_etab_3":null,"adr_etab_4":null,"st_area_shape":610937.1396599247,"st_perimeter_shape":15445.186357873998,"type_etabl":"Collège","geo_point_2d":{"lon":2.3115054835832503,"lat":48.89085317353755}}},{"type":"Feature","geometry":{"coordinates":[[[[2.326488,48.895533],[2.32533,48.893552],[2.322841,48.893629],[2.324112,48.895235],[2.324463,48.895222],[2.324183,48.895325],[2.324528,48.895761],[2.326488,48.895533]]],[[[2.32528,48.8849],[2.325284,48.884897],[2.325079,48.88493],[2.325087,48.884952],[2.325178,48.88501],[2.325304,48.885091],[2.325313,48.885091],[2.325284,48.884902],[2.32528,48.8849]]],[[[2.324842,48.897059],[2.324711,48.896989],[2.324535,48.897195],[2.324533,48.897199],[2.324517,48.897225],[2.32444,48.897348],[2.324622,48.897352],[2.3247,48.897261],[2.32485,48.897085],[2.324842,48.897059]]],[[[2.325185,48.896667],[2.324799,48.896983],[2.325344,48.896828],[2.325185,48.896667]]],[[[2.321031,48.895488],[2.321387,48.895341],[2.320685,48.895358],[2.321031,48.895488]]],[[[2.327474,48.897266],[2.327428,48.897186],[2.327403,48.897196],[2.327401,48.897194],[2.327391,48.897183],[2.327344,48.897135],[2.327244,48.897177],[2.327016,48.89727],[2.326779,48.897368],[2.326777,48.897397],[2.32678,48.897397],[2.327011,48.897402],[2.327613,48.897415],[2.327534,48.897321],[2.327533,48.89732],[2.32752,48.897319],[2.327474,48.897266]]],[[[2.319887,48.895678],[2.319776,48.895637],[2.319771,48.895635],[2.319738,48.895641],[2.319213,48.895506],[2.318649,48.895336],[2.318555,48.895373],[2.318706,48.895454],[2.319566,48.895699],[2.319938,48.895793],[2.319958,48.895698],[2.319887,48.895678]]],[[[2.322892,48.895998],[2.32203,48.895893],[2.32231,48.896205],[2.322892,48.895998]]],[[[2.319775,48.890981],[2.319367,48.891252],[2.320125,48.891388],[2.319775,48.890981]]],[[[2.327641,48.894107],[2.327157,48.894187],[2.327908,48.894903],[2.327641,48.894107]]],[[[2.321056,48.888207],[2.320315,48.88862],[2.320671,48.8888],[2.321349,48.888396],[2.321056,48.888207]]],[[[2.325409,48.8969],[2.324685,48.897353],[2.325636,48.897246],[2.325409,48.8969]]],[[[2.32241,48.894235],[2.322109,48.893831],[2.321554,48.894003],[2.321885,48.894388],[2.32241,48.894235]]],[[[2.324017,48.888894],[2.324541,48.888645],[2.324204,48.888412],[2.323491,48.888823],[2.324017,48.888894]]],[[[2.328318,48.897789],[2.32673,48.897755],[2.326671,48.897792],[2.326975,48.897939],[2.328374,48.897983],[2.328501,48.897937],[2.328486,48.897924],[2.328465,48.897902],[2.328452,48.897886],[2.328435,48.897862],[2.328422,48.897837],[2.328411,48.897811],[2.328405,48.897791],[2.328318,48.897789]]],[[[2.327066,48.893717],[2.327616,48.894031],[2.327442,48.893516],[2.326713,48.893703],[2.327246,48.89409],[2.327066,48.893717]],[[2.326935,48.893701],[2.326954,48.893695],[2.326954,48.893695],[2.326935,48.893701]]],[[[2.326896,48.89189],[2.326382,48.891986],[2.327166,48.892692],[2.326896,48.89189]]],[[[2.326316,48.885568],[2.326459,48.885259],[2.326102,48.885041],[2.32547,48.8852],[2.326316,48.885568]]],[[[2.327965,48.895069],[2.326641,48.895496],[2.328075,48.895494],[2.327965,48.895069]]],[[[2.319192,48.888152],[2.320048,48.887625],[2.319375,48.887243],[2.319697,48.887555],[2.319078,48.887766],[2.318977,48.888273],[2.319192,48.888152]]],[[[2.320293,48.89069],[2.319877,48.890921],[2.320333,48.89145],[2.321051,48.891595],[2.320293,48.89069]]],[[[2.324992,48.89643],[2.32379,48.896715],[2.324234,48.897255],[2.324992,48.89643]]],[[[2.325251,48.896317],[2.326484,48.895789],[2.324881,48.895909],[2.325251,48.896317]]],[[[2.319563,48.886962],[2.320658,48.886288],[2.320407,48.886138],[2.318985,48.886827],[2.319563,48.886962]]],[[[2.327104,48.896737],[2.325742,48.897376],[2.326664,48.897395],[2.327321,48.897083],[2.327104,48.896737]]],[[[2.32583,48.885537],[2.325423,48.885272],[2.325034,48.885614],[2.326001,48.886188],[2.326205,48.885801],[2.32583,48.885537]]],[[[2.323896,48.896576],[2.324819,48.896291],[2.323254,48.896059],[2.323896,48.896576]]],[[[2.327332,48.893184],[2.325488,48.893522],[2.325695,48.893786],[2.327332,48.893184]]],[[[2.322865,48.897177],[2.322171,48.896307],[2.32163,48.896487],[2.322178,48.897181],[2.322865,48.897177]]],[[[2.318107,48.892261],[2.317948,48.892045],[2.317916,48.892316],[2.31792,48.892321],[2.317926,48.89233],[2.317942,48.892352],[2.317962,48.892379],[2.31797,48.892391],[2.317985,48.892411],[2.318007,48.892441],[2.318035,48.892481],[2.318058,48.892514],[2.318066,48.892524],[2.318069,48.892528],[2.318134,48.892618],[2.318141,48.892627],[2.31816,48.892654],[2.318199,48.892709],[2.318268,48.892804],[2.318283,48.892825],[2.318311,48.892864],[2.318339,48.892903],[2.318345,48.892911],[2.318383,48.892964],[2.31843,48.893029],[2.318439,48.893042],[2.318454,48.893062],[2.31845,48.893063],[2.318452,48.893065],[2.318465,48.893083],[2.318492,48.89312],[2.318498,48.893127],[2.318516,48.893153],[2.318526,48.893166],[2.318557,48.893208],[2.318586,48.893248],[2.318587,48.893249],[2.318619,48.893292],[2.318649,48.893334],[2.318658,48.893346],[2.318662,48.893352],[2.318684,48.893381],[2.318684,48.893381],[2.318728,48.893443],[2.318859,48.893626],[2.31894,48.89374],[2.318951,48.893755],[2.318974,48.893787],[2.319007,48.893833],[2.319034,48.893871],[2.319049,48.893892],[2.31905,48.893893],[2.319058,48.893904],[2.319069,48.89392],[2.319082,48.893938],[2.319109,48.893975],[2.319172,48.894063],[2.319222,48.894133],[2.319244,48.894164],[2.319279,48.894213],[2.319289,48.894227],[2.319296,48.894236],[2.319307,48.894251],[2.319312,48.894258],[2.319373,48.894344],[2.319375,48.894346],[2.319405,48.894388],[2.319414,48.8944],[2.319441,48.894438],[2.319703,48.894475],[2.319718,48.894449],[2.319656,48.894365],[2.319591,48.894276],[2.319512,48.894168],[2.319457,48.894094],[2.319385,48.893997],[2.319321,48.89391],[2.319261,48.893828],[2.319161,48.893692],[2.319066,48.893563],[2.31893,48.893379],[2.318864,48.893289],[2.318833,48.893247],[2.318787,48.893185],[2.318698,48.893063],[2.31865,48.892998],[2.318578,48.892901],[2.318535,48.892843],[2.318462,48.892744],[2.318391,48.892647],[2.318325,48.892557],[2.318259,48.892467],[2.318222,48.892417],[2.318158,48.892331],[2.318107,48.892261]]],[[[2.320935,48.894743],[2.320562,48.89431],[2.319948,48.894538],[2.320596,48.895237],[2.321176,48.895046],[2.320935,48.894743]]],[[[2.322095,48.896182],[2.319974,48.89569],[2.320259,48.89603],[2.321262,48.896014],[2.321605,48.896455],[2.322095,48.896182]]],[[[2.326339,48.890232],[2.326166,48.889804],[2.325231,48.89013],[2.326017,48.890724],[2.326452,48.890567],[2.326339,48.890232]]],[[[2.32402,48.885186],[2.324676,48.884781],[2.323493,48.884819],[2.323291,48.88471],[2.323557,48.884281],[2.322867,48.884819],[2.323809,48.885346],[2.32402,48.885186]]],[[[2.326154,48.892007],[2.325001,48.892392],[2.326928,48.892809],[2.326154,48.892007]]],[[[2.325668,48.886085],[2.324955,48.885658],[2.324403,48.886104],[2.325765,48.886664],[2.325668,48.886085]]],[[[2.320809,48.890398],[2.320396,48.890629],[2.321248,48.891648],[2.321945,48.891782],[2.320809,48.890398]]],[[[2.319268,48.886592],[2.320324,48.886055],[2.3198,48.885694],[2.3186,48.886417],[2.318872,48.886779],[2.319268,48.886592]]],[[[2.323547,48.895766],[2.322509,48.894366],[2.322012,48.89452],[2.322983,48.895729],[2.323547,48.895766]]],[[[2.32519,48.892622],[2.324946,48.892596],[2.325445,48.893397],[2.327076,48.893074],[2.32519,48.892622]]],[[[2.325186,48.888768],[2.325769,48.888534],[2.325494,48.887714],[2.324338,48.888333],[2.325186,48.888768]]],[[[2.322783,48.889242],[2.322493,48.889424],[2.324711,48.891123],[2.325051,48.891023],[2.322783,48.889242]]],[[[2.321397,48.885846],[2.320803,48.88509],[2.319899,48.885633],[2.320752,48.88622],[2.321397,48.885846]]],[[[2.326495,48.890695],[2.325345,48.89106],[2.326227,48.891864],[2.326794,48.891582],[2.326495,48.890695]]],[[[2.319671,48.888195],[2.32023,48.888525],[2.320891,48.888112],[2.320196,48.88771],[2.319069,48.888367],[2.319586,48.888901],[2.320084,48.88861],[2.319671,48.888195]]],[[[2.322865,48.892906],[2.322094,48.891965],[2.321335,48.891817],[2.322664,48.8935],[2.323292,48.893428],[2.322865,48.892906]]],[[[2.320735,48.891661],[2.32216,48.893656],[2.322565,48.893551],[2.32119,48.89177],[2.320735,48.891661]]],[[[2.321616,48.888534],[2.320683,48.888889],[2.32164,48.88959],[2.322535,48.889099],[2.321616,48.888534]]],[[[2.323967,48.897156],[2.323036,48.896],[2.322582,48.896157],[2.323058,48.896754],[2.322328,48.89625],[2.323157,48.897286],[2.32408,48.89734],[2.323967,48.897156]]],[[[2.327043,48.896524],[2.326635,48.895968],[2.325344,48.896523],[2.32594,48.897102],[2.327043,48.896524]]],[[[2.321658,48.895657],[2.321438,48.89538],[2.320181,48.895352],[2.319787,48.894625],[2.319352,48.89492],[2.319549,48.895162],[2.318807,48.894912],[2.318516,48.895093],[2.320594,48.895686],[2.321658,48.895657]]],[[[2.322679,48.893655],[2.322257,48.893786],[2.323736,48.895776],[2.324257,48.895783],[2.322679,48.893655]]],[[[2.321289,48.890111],[2.320905,48.890327],[2.322159,48.891855],[2.322901,48.891719],[2.321289,48.890111]]],[[[2.320236,48.888691],[2.319661,48.889017],[2.320719,48.890119],[2.321535,48.889675],[2.320236,48.888691]]],[[[2.321771,48.889825],[2.321388,48.89005],[2.323038,48.891656],[2.323703,48.891462],[2.321771,48.889825]]],[[[2.322834,48.895798],[2.32143,48.894041],[2.320972,48.894167],[2.321207,48.894484],[2.320754,48.894243],[2.321884,48.895681],[2.322834,48.895798]]],[[[2.322893,48.88594],[2.323743,48.885391],[2.322858,48.884888],[2.321742,48.885756],[2.322372,48.886329],[2.322893,48.88594]]],[[[2.323063,48.888795],[2.323464,48.888547],[2.322685,48.888007],[2.3219,48.888342],[2.322613,48.887972],[2.322126,48.887587],[2.321176,48.888114],[2.322662,48.889002],[2.323063,48.888795]]],[[[2.323058,48.887042],[2.322247,48.887515],[2.323553,48.888495],[2.324457,48.887992],[2.323058,48.887042]]],[[[2.322017,48.885365],[2.323359,48.884284],[2.322762,48.884615],[2.322489,48.884078],[2.320902,48.88503],[2.321639,48.885695],[2.322017,48.885365]]],[[[2.325469,48.890476],[2.32338,48.888907],[2.322927,48.889149],[2.325227,48.890958],[2.325833,48.890782],[2.325469,48.890476]]],[[[2.32239,48.889484],[2.321887,48.889771],[2.323841,48.8914],[2.324569,48.891186],[2.32239,48.889484]]],[[[2.328497,48.896649],[2.328233,48.895868],[2.326918,48.895941],[2.327234,48.896477],[2.328216,48.896238],[2.327292,48.896579],[2.32781,48.897384],[2.328752,48.897403],[2.328497,48.896649]]],[[[2.321358,48.88789],[2.32294,48.886939],[2.322368,48.88644],[2.320315,48.88764],[2.321037,48.888054],[2.321358,48.88789]]],[[[2.32657,48.893724],[2.325742,48.893955],[2.326582,48.895393],[2.327691,48.895044],[2.32657,48.893724]]],[[[2.319773,48.893281],[2.318524,48.891705],[2.31808,48.891941],[2.319866,48.894402],[2.320494,48.89419],[2.319773,48.893281]]],[[[2.319565,48.891407],[2.321399,48.893907],[2.322023,48.893719],[2.320282,48.891569],[2.319565,48.891407]]],[[[2.320302,48.887504],[2.322302,48.886382],[2.321624,48.885828],[2.319512,48.887144],[2.320302,48.887504]]],[[[2.325811,48.891684],[2.325154,48.891099],[2.322772,48.891859],[2.323581,48.892086],[2.32486,48.89167],[2.323844,48.892125],[2.324726,48.892333],[2.326015,48.891913],[2.325811,48.891684]]],[[[2.325968,48.889131],[2.325765,48.88861],[2.323825,48.889099],[2.325191,48.890102],[2.32618,48.889758],[2.325968,48.889131]]],[[[2.323329,48.886694],[2.325339,48.885216],[2.324768,48.884841],[2.322465,48.886379],[2.323042,48.886912],[2.323329,48.886694]]],[[[2.320906,48.893399],[2.319239,48.891353],[2.318707,48.891579],[2.32064,48.894139],[2.321337,48.893931],[2.320906,48.893399]]],[[[2.322583,48.89206],[2.322296,48.892023],[2.323454,48.893436],[2.325252,48.893417],[2.324729,48.892523],[2.322583,48.89206]]],[[[2.325475,48.887377],[2.32559,48.887119],[2.325063,48.886939],[2.325604,48.88709],[2.325738,48.886716],[2.32436,48.886152],[2.323704,48.886571],[2.325134,48.887222],[2.323691,48.88658],[2.32312,48.886967],[2.324536,48.887921],[2.325475,48.887377]]]],"type":"MultiPolygon"},"properties":{"id_projet":"COLLEGES (année scolaire 2026/2027)","libelle":"STEPHANE MALLARME","annee_scol":"2026-2027","zone_commune":0,"etiquette":"Secteur du collège STEPHANE MALLARME","lib_etab_1":"STEPHANE MALLARME","lib_etab_2":null,"lib_etab_3":null,"lib_etab_4":null,"adr_etab_1":"29 RUE DE LA JONQUIERE","adr_etab_2":null,"adr_etab_3":null,"adr_etab_4":null,"st_area_shape":581456.9898121747,"st_perimeter_shape":31127.824031563294,"type_etabl":"Collège","geo_point_2d":{"lon":2.3232041081280617,"lat":48.89124047339333}}},{"type":"Feature","geometry":{"coordinates":[[[[2.28482,48.885082],[2.286003,48.884037],[2.283408,48.882148],[2.284216,48.883164],[2.283642,48.883484],[2.282795,48.882858],[2.282187,48.883665],[2.28435,48.885345],[2.28482,48.885082]]],[[[2.29246,48.878884],[2.294002,48.87853],[2.29402,48.878306],[2.292248,48.877188],[2.29164,48.878091],[2.292164,48.8781],[2.291941,48.878843],[2.291709,48.878667],[2.291973,48.878258],[2.291616,48.878129],[2.291059,48.879007],[2.29246,48.878884]]],[[[2.290072,48.877819],[2.290933,48.876646],[2.290478,48.876505],[2.289422,48.87759],[2.289843,48.87697],[2.289105,48.876151],[2.288324,48.877742],[2.28921,48.878295],[2.289833,48.877779],[2.289285,48.878354],[2.289563,48.878459],[2.290072,48.877819]]],[[[2.290794,48.882814],[2.291571,48.882157],[2.289736,48.881168],[2.28939,48.881446],[2.289838,48.881492],[2.290097,48.881924],[2.289705,48.882263],[2.289446,48.88213],[2.289778,48.881807],[2.289378,48.88158],[2.28863,48.882134],[2.290468,48.883107],[2.290794,48.882814]]],[[[2.290552,48.87896],[2.288419,48.878152],[2.28808,48.878238],[2.287699,48.879021],[2.288234,48.878919],[2.288084,48.879179],[2.289317,48.879608],[2.290742,48.879278],[2.290552,48.87896]]],[[[2.288008,48.882515],[2.288329,48.882224],[2.287963,48.882048],[2.287413,48.882395],[2.287653,48.882173],[2.287287,48.881934],[2.287836,48.88146],[2.287013,48.880982],[2.286713,48.881203],[2.286866,48.880902],[2.286351,48.881175],[2.28617,48.880977],[2.286809,48.880524],[2.285585,48.88084],[2.286946,48.881814],[2.286467,48.882247],[2.28709,48.882331],[2.286877,48.882506],[2.287486,48.882891],[2.288008,48.882515]]],[[[2.291984,48.876916],[2.2924,48.87642],[2.291328,48.875324],[2.289408,48.875919],[2.291984,48.876916]]],[[[2.284256,48.880595],[2.284812,48.880409],[2.283998,48.878646],[2.282432,48.879048],[2.284256,48.880595]]],[[[2.288464,48.886587],[2.288102,48.886361],[2.28665,48.886544],[2.286632,48.886913],[2.288648,48.887819],[2.28921,48.887206],[2.288464,48.886587]]],[[[2.297239,48.877182],[2.296679,48.876462],[2.295209,48.877551],[2.295669,48.878147],[2.297598,48.877707],[2.297239,48.877182]]],[[[2.285889,48.884894],[2.285713,48.884751],[2.284732,48.885638],[2.285655,48.886265],[2.287376,48.886049],[2.285889,48.884894]]],[[[2.287773,48.878431],[2.287702,48.878019],[2.285052,48.878033],[2.287275,48.879331],[2.287773,48.878431]]],[[[2.281863,48.881747],[2.280697,48.881924],[2.280908,48.882879],[2.28172,48.883511],[2.282513,48.882588],[2.281863,48.881747]]],[[[2.286559,48.880242],[2.286318,48.879322],[2.28445,48.878331],[2.285227,48.880122],[2.286559,48.880242]]],[[[2.288719,48.881873],[2.289094,48.881532],[2.288298,48.881101],[2.288826,48.880677],[2.288035,48.880239],[2.286874,48.880509],[2.286911,48.880847],[2.288719,48.881873]]],[[[2.293186,48.874737],[2.291512,48.875271],[2.292526,48.876272],[2.293596,48.875005],[2.293186,48.874737]]],[[[2.285685,48.877116],[2.284451,48.877495],[2.284863,48.877883],[2.287717,48.877885],[2.285685,48.877116]]],[[[2.287916,48.883529],[2.287442,48.883321],[2.286568,48.884098],[2.286912,48.884312],[2.288655,48.884176],[2.287916,48.883529]]],[[[2.290475,48.880283],[2.291128,48.879691],[2.290895,48.879579],[2.288713,48.880108],[2.289938,48.88077],[2.290475,48.880283]]],[[[2.290899,48.878902],[2.291409,48.878089],[2.290355,48.877707],[2.28969,48.878505],[2.290899,48.878902]]],[[[2.293325,48.877418],[2.293939,48.876292],[2.293551,48.875845],[2.292432,48.877129],[2.293325,48.877418]]],[[[2.291893,48.881019],[2.290752,48.880248],[2.290062,48.880843],[2.291282,48.881493],[2.291893,48.881019]]],[[[2.289033,48.884595],[2.288646,48.884357],[2.287289,48.884546],[2.288878,48.885535],[2.289033,48.884595]]],[[[2.286458,48.882615],[2.286041,48.882457],[2.285717,48.883492],[2.286128,48.883825],[2.287147,48.883131],[2.286458,48.882615]]],[[[2.291861,48.877511],[2.292087,48.877109],[2.291606,48.876923],[2.291098,48.877406],[2.291575,48.876899],[2.291135,48.876724],[2.290455,48.877576],[2.291572,48.877968],[2.291861,48.877511]]],[[[2.284646,48.881475],[2.283811,48.881674],[2.284264,48.881903],[2.284195,48.882624],[2.284644,48.882903],[2.285092,48.881836],[2.284646,48.881475]]],[[[2.28732,48.876604],[2.285882,48.877066],[2.287799,48.877792],[2.28732,48.876604]]],[[[2.288747,48.876435],[2.288845,48.876097],[2.287462,48.876558],[2.288054,48.877703],[2.288747,48.876435]]],[[[2.285683,48.882127],[2.285225,48.881943],[2.284902,48.882983],[2.28546,48.883411],[2.285907,48.882349],[2.285683,48.882127]]],[[[2.29488,48.877129],[2.29634,48.875946],[2.296048,48.875537],[2.294812,48.876555],[2.29488,48.877129]]],[[[2.287754,48.879962],[2.28803,48.879875],[2.284227,48.877836],[2.287754,48.879962]]],[[[2.294168,48.876544],[2.294012,48.876416],[2.293322,48.877678],[2.29375,48.877982],[2.294123,48.877728],[2.294168,48.876544]]],[[[2.288659,48.882989],[2.289175,48.882628],[2.288666,48.882298],[2.28769,48.882985],[2.288195,48.883323],[2.288659,48.882989]]],[[[2.296643,48.876359],[2.296389,48.876047],[2.294933,48.87723],[2.295167,48.877451],[2.296643,48.876359]]],[[[2.294109,48.875203],[2.293607,48.875732],[2.294329,48.876496],[2.294534,48.875293],[2.294109,48.875203]]],[[[2.289384,48.883995],[2.290322,48.883141],[2.289895,48.882982],[2.288897,48.88369],[2.289384,48.883995]]],[[[2.289754,48.882848],[2.289312,48.88269],[2.288367,48.883434],[2.288776,48.883619],[2.289754,48.882848]]],[[[2.295964,48.875424],[2.29502,48.875329],[2.294851,48.876333],[2.295964,48.875424]]],[[[2.287811,48.879203],[2.287522,48.879465],[2.288226,48.879844],[2.289038,48.879671],[2.287811,48.879203]]],[[[2.295111,48.877625],[2.294586,48.87792],[2.294499,48.878391],[2.295516,48.878181],[2.295111,48.877625]]],[[[2.280526,48.87973],[2.280191,48.879692],[2.280379,48.880519],[2.280791,48.880552],[2.280526,48.87973]]],[[[2.287501,48.880027],[2.2865,48.879463],[2.286778,48.880173],[2.287501,48.880027]]],[[[2.2894,48.881237],[2.289591,48.881082],[2.288942,48.880739],[2.28851,48.881087],[2.289119,48.881416],[2.2894,48.881237]]],[[[2.281292,48.881057],[2.280527,48.881175],[2.280626,48.881607],[2.281482,48.88141],[2.281292,48.881057]]],[[[2.292138,48.880818],[2.292198,48.880535],[2.291488,48.880148],[2.290844,48.880147],[2.292138,48.880818]]],[[[2.289648,48.880977],[2.289813,48.880835],[2.288529,48.880143],[2.288243,48.880224],[2.289648,48.880977]]],[[[2.288245,48.881703],[2.287885,48.881525],[2.287373,48.881932],[2.287732,48.882155],[2.288245,48.881703]]],[[[2.289887,48.876237],[2.289346,48.876071],[2.289926,48.876787],[2.290312,48.876426],[2.289887,48.876237]]],[[[2.291023,48.881725],[2.291199,48.881583],[2.289846,48.881084],[2.291023,48.881725]]],[[[2.285215,48.880957],[2.284815,48.881208],[2.285547,48.881548],[2.285215,48.880957]]],[[[2.286282,48.881582],[2.285936,48.881464],[2.286365,48.882113],[2.28668,48.88183],[2.286282,48.881582]]],[[[2.280963,48.880685],[2.280405,48.880637],[2.280503,48.881067],[2.281063,48.880936],[2.280963,48.880685]]],[[[2.285354,48.88025],[2.285338,48.880524],[2.286123,48.880343],[2.285354,48.88025]]],[[[2.295175,48.875219],[2.295212,48.875217],[2.295213,48.875218],[2.295227,48.875217],[2.295298,48.875212],[2.295298,48.875211],[2.295352,48.875207],[2.295406,48.875201],[2.295459,48.875195],[2.295508,48.875188],[2.295508,48.875189],[2.295579,48.875178],[2.295593,48.875176],[2.295592,48.875175],[2.295632,48.875168],[2.295671,48.87516],[2.29571,48.875152],[2.295746,48.875144],[2.295746,48.875146],[2.29576,48.875143],[2.295754,48.875134],[2.295751,48.875135],[2.295743,48.875124],[2.295745,48.875123],[2.29574,48.875115],[2.295738,48.875116],[2.295725,48.875099],[2.295727,48.875098],[2.295721,48.875089],[2.295719,48.87509],[2.295711,48.87508],[2.295713,48.875079],[2.295707,48.87507],[2.295705,48.875071],[2.295666,48.875017],[2.295668,48.875016],[2.295661,48.875007],[2.295659,48.875008],[2.295651,48.874997],[2.295654,48.874997],[2.295647,48.874988],[2.295645,48.874989],[2.295633,48.874972],[2.29507,48.875035],[2.295073,48.875035],[2.29507,48.875053],[2.295067,48.875053],[2.295065,48.875063],[2.295068,48.875063],[2.295066,48.875074],[2.295063,48.875074],[2.295062,48.875084],[2.295065,48.875084],[2.295055,48.875143],[2.295052,48.875143],[2.29505,48.875153],[2.295053,48.875153],[2.295051,48.875165],[2.295048,48.875165],[2.295046,48.875174],[2.295049,48.875174],[2.295046,48.875192],[2.295043,48.875192],[2.295042,48.875202],[2.295045,48.875202],[2.295042,48.875214],[2.29504,48.875214],[2.295038,48.875223],[2.295052,48.875223],[2.295052,48.875222],[2.295093,48.875221],[2.295146,48.87522],[2.295175,48.875219]]],[[[2.294888,48.877353],[2.294606,48.877771],[2.295029,48.87755],[2.294888,48.877353]]],[[[2.283475,48.881428],[2.282977,48.881404],[2.28317,48.881771],[2.283475,48.881428]]],[[[2.291658,48.882062],[2.291808,48.881913],[2.291162,48.881792],[2.291658,48.882062]]],[[[2.288647,48.881936],[2.288385,48.881782],[2.288223,48.881884],[2.288074,48.881978],[2.288099,48.882002],[2.288211,48.882056],[2.28841,48.882151],[2.288518,48.882053],[2.288627,48.881955],[2.288647,48.881936]]],[[[2.286455,48.886531],[2.285979,48.886537],[2.286464,48.886775],[2.286455,48.886531]]],[[[2.293653,48.874895],[2.293816,48.874745],[2.293319,48.874673],[2.293653,48.874895]]],[[[2.294554,48.875187],[2.294586,48.875002],[2.294279,48.874936],[2.294159,48.875078],[2.294172,48.875103],[2.29418,48.875105],[2.294179,48.875107],[2.294193,48.87511],[2.294194,48.875109],[2.294263,48.875127],[2.294262,48.875129],[2.294276,48.875133],[2.294323,48.875143],[2.294323,48.875143],[2.294333,48.875146],[2.294334,48.875145],[2.294395,48.875158],[2.294395,48.875159],[2.294405,48.875161],[2.294406,48.875161],[2.294453,48.875171],[2.294468,48.875173],[2.294468,48.875171],[2.294506,48.875177],[2.29454,48.875183],[2.294539,48.875184],[2.294554,48.875187]]],[[[2.294114,48.877782],[2.293782,48.878005],[2.294051,48.878157],[2.294114,48.877782]]]],"type":"MultiPolygon"},"properties":{"id_projet":"COLLEGES (année scolaire 2020/2021)","libelle":"ANDRE MALRAUX","annee_scol":"2020-2021","zone_commune":0,"etiquette":"Secteur du collège ANDRE MALRAUX","lib_etab_1":"ANDRE MALRAUX","lib_etab_2":null,"lib_etab_3":null,"lib_etab_4":null,"adr_etab_1":"5 bis RUE SAINT-FERDINAND","adr_etab_2":null,"adr_etab_3":null,"adr_etab_4":null,"st_area_shape":538574.79708453,"st_perimeter_shape":25524.745087090836,"type_etabl":"Collège","geo_point_2d":{"lon":2.2885075521504596,"lat":48.88024076506975}}},{"type":"Feature","geometry":{"coordinates":[[[[2.291981,48.888505],[2.289661,48.887369],[2.288975,48.887986],[2.289654,48.888394],[2.289874,48.888101],[2.290445,48.888165],[2.289774,48.888453],[2.2919,48.889507],[2.292401,48.889564],[2.29304,48.888882],[2.291981,48.888505]]],[[[2.298912,48.879418],[2.298309,48.878597],[2.297433,48.878094],[2.295815,48.878447],[2.29883,48.879976],[2.299164,48.879764],[2.298912,48.879418]],[[2.297929,48.879284],[2.298146,48.879137],[2.298183,48.87916],[2.297962,48.879311],[2.297907,48.879348],[2.297867,48.879327],[2.297897,48.879307],[2.297929,48.879284]]],[[[2.295219,48.883621],[2.2962,48.882981],[2.295235,48.881636],[2.294591,48.882191],[2.295579,48.882681],[2.29455,48.882228],[2.294248,48.88251],[2.295355,48.883095],[2.294182,48.882565],[2.293857,48.882863],[2.295219,48.883621]]],[[[2.297638,48.882774],[2.296765,48.883243],[2.29733,48.884352],[2.297681,48.884406],[2.298762,48.88332],[2.297638,48.882774]]],[[[2.300388,48.883381],[2.30101,48.8823],[2.300667,48.88183],[2.299495,48.882925],[2.300215,48.883257],[2.299405,48.883015],[2.299107,48.883311],[2.30009,48.883797],[2.300388,48.883381]]],[[[2.299164,48.881902],[2.299466,48.881578],[2.2985,48.881413],[2.297185,48.882428],[2.298141,48.882855],[2.299164,48.881902]]],[[[2.291353,48.882783],[2.290866,48.882914],[2.291001,48.883921],[2.292861,48.883624],[2.291353,48.882783]]],[[[2.293074,48.883847],[2.29113,48.885165],[2.291702,48.885496],[2.293484,48.884065],[2.293074,48.883847]]],[[[2.294714,48.880065],[2.29456,48.879863],[2.293594,48.880728],[2.29521,48.881469],[2.294714,48.880065]]],[[[2.296325,48.879466],[2.296747,48.879069],[2.29588,48.878624],[2.295458,48.879009],[2.296115,48.87925],[2.2954,48.879067],[2.294891,48.879561],[2.295605,48.880059],[2.296325,48.879466]]],[[[2.289313,48.885807],[2.290541,48.885652],[2.290838,48.885354],[2.289496,48.884513],[2.289313,48.885807]]],[[[2.299446,48.883626],[2.298986,48.883433],[2.297908,48.884504],[2.298403,48.884661],[2.300062,48.88396],[2.299446,48.883626]]],[[[2.293207,48.879318],[2.292853,48.879129],[2.291349,48.879673],[2.292482,48.88017],[2.293456,48.879505],[2.293207,48.879318]]],[[[2.297901,48.880598],[2.298734,48.880063],[2.297954,48.87961],[2.296584,48.880431],[2.297506,48.880829],[2.297901,48.880598]]],[[[2.293958,48.889433],[2.294904,48.889185],[2.294453,48.888713],[2.294703,48.887877],[2.292938,48.889625],[2.293958,48.889433]]],[[[2.292822,48.885135],[2.293475,48.885283],[2.293714,48.885059],[2.293242,48.884794],[2.293839,48.884989],[2.2943,48.884426],[2.293618,48.884127],[2.291978,48.885445],[2.293156,48.885323],[2.292822,48.885135]]],[[[2.3,48.881684],[2.299685,48.881649],[2.298313,48.88296],[2.298886,48.883206],[2.300327,48.881773],[2.3,48.881684]]],[[[2.297083,48.879201],[2.295794,48.880136],[2.296473,48.880377],[2.297697,48.879467],[2.297083,48.879201]]],[[[2.298003,48.881651],[2.297079,48.881383],[2.297162,48.8812],[2.296099,48.881912],[2.297068,48.882351],[2.298003,48.881651]]],[[[2.298707,48.881122],[2.299529,48.880476],[2.298838,48.88012],[2.297714,48.880858],[2.298707,48.881122]]],[[[2.296727,48.881354],[2.297399,48.880891],[2.296495,48.880525],[2.295722,48.881179],[2.296249,48.881231],[2.295792,48.881333],[2.296018,48.881778],[2.296727,48.881354]]],[[[2.29465,48.884129],[2.294874,48.883946],[2.293515,48.88321],[2.293012,48.883655],[2.294367,48.884347],[2.29465,48.884129]]],[[[2.293814,48.879669],[2.292628,48.880274],[2.293473,48.88062],[2.294273,48.87996],[2.293814,48.879669]]],[[[2.296269,48.883119],[2.295442,48.883753],[2.296928,48.884409],[2.296269,48.883119]]],[[[2.295645,48.887529],[2.297062,48.887113],[2.295829,48.886739],[2.295166,48.887399],[2.295645,48.887529]]],[[[2.295601,48.885309],[2.29383,48.885539],[2.295657,48.886197],[2.295601,48.885309]]],[[[2.295268,48.884158],[2.294985,48.884046],[2.294524,48.884422],[2.295725,48.884988],[2.296422,48.884909],[2.295268,48.884158]]],[[[2.291664,48.88458],[2.292476,48.883945],[2.290964,48.884062],[2.29103,48.885025],[2.291664,48.88458]]],[[[2.293115,48.885973],[2.292735,48.886157],[2.293899,48.886872],[2.294499,48.886338],[2.293115,48.885973]]],[[[2.292382,48.886307],[2.291193,48.886983],[2.291702,48.887245],[2.292694,48.886544],[2.292382,48.886307]]],[[[2.301391,48.882823],[2.301096,48.882531],[2.300379,48.883776],[2.301673,48.88328],[2.301391,48.882823]]],[[[2.292567,48.88178],[2.292103,48.881936],[2.293713,48.882809],[2.294014,48.882566],[2.292567,48.88178]]],[[[2.29406,48.881081],[2.293401,48.880771],[2.292952,48.881199],[2.293776,48.881696],[2.294338,48.881235],[2.29406,48.881081]]],[[[2.299785,48.880618],[2.298712,48.881288],[2.299652,48.881447],[2.300068,48.88106],[2.299785,48.880618]]],[[[2.294266,48.879188],[2.294065,48.878851],[2.293079,48.87909],[2.294381,48.879847],[2.294266,48.879188]]],[[[2.291308,48.886546],[2.291809,48.886192],[2.291477,48.8859],[2.290366,48.88638],[2.291308,48.886546]]],[[[2.290801,48.884076],[2.289529,48.884163],[2.290841,48.884985],[2.290801,48.884076]]],[[[2.294781,48.886368],[2.294091,48.88699],[2.294664,48.887248],[2.29534,48.886575],[2.294781,48.886368]]],[[[2.292216,48.887399],[2.293393,48.886926],[2.292812,48.886617],[2.291853,48.887297],[2.292216,48.887399]]],[[[2.294706,48.884618],[2.293678,48.88523],[2.295502,48.885027],[2.294706,48.884618]]],[[[2.292899,48.881386],[2.292501,48.881607],[2.294116,48.882391],[2.293841,48.88188],[2.292899,48.881386]]],[[[2.290765,48.883476],[2.290669,48.883077],[2.289549,48.884003],[2.290743,48.88394],[2.290765,48.883476]]],[[[2.294654,48.881361],[2.293966,48.881762],[2.294233,48.882257],[2.295082,48.881587],[2.294654,48.881361]]],[[[2.295636,48.8785],[2.294505,48.878752],[2.294814,48.879426],[2.295636,48.8785]]],[[[2.292464,48.880548],[2.292608,48.880397],[2.291254,48.87976],[2.290841,48.880133],[2.291488,48.880148],[2.292198,48.880535],[2.292138,48.880818],[2.292464,48.880548]]],[[[2.296606,48.885272],[2.295762,48.885287],[2.295856,48.886176],[2.296606,48.885272]]],[[[2.30168,48.882225],[2.301331,48.882119],[2.302029,48.883076],[2.302707,48.882844],[2.30168,48.882225]]],[[[2.292768,48.882805],[2.292179,48.883091],[2.29299,48.883505],[2.293366,48.883129],[2.292768,48.882805]]],[[[2.291826,48.882295],[2.291289,48.88261],[2.292048,48.882996],[2.292422,48.882617],[2.291826,48.882295]]],[[[2.292967,48.881019],[2.293367,48.880754],[2.292789,48.880483],[2.29227,48.880881],[2.292967,48.881019]]],[[[2.293436,48.883032],[2.293613,48.88289],[2.291832,48.882156],[2.293436,48.883032]]],[[[2.296071,48.880716],[2.296328,48.880457],[2.295708,48.880206],[2.295929,48.880646],[2.295357,48.880481],[2.295646,48.881049],[2.296071,48.880716]]],[[[2.294979,48.883872],[2.295157,48.883729],[2.293612,48.88312],[2.294979,48.883872]]],[[[2.296386,48.884636],[2.296562,48.884495],[2.295152,48.883957],[2.296386,48.884636]]],[[[2.294597,48.886133],[2.293895,48.885879],[2.293895,48.885879],[2.293895,48.885879],[2.293895,48.885879],[2.293895,48.885879],[2.293895,48.885879],[2.293895,48.885879],[2.293895,48.885879],[2.293895,48.885879],[2.293895,48.885879],[2.293895,48.885879],[2.293895,48.885879],[2.293895,48.885879],[2.293895,48.885879],[2.293895,48.885879],[2.293895,48.885879],[2.293895,48.885879],[2.293895,48.885879],[2.293895,48.885879],[2.293895,48.885879],[2.293895,48.885879],[2.293895,48.885878],[2.293883,48.885893],[2.293839,48.885877],[2.29385,48.885863],[2.293848,48.885863],[2.293848,48.885862],[2.293848,48.885862],[2.293848,48.885862],[2.293848,48.885862],[2.293848,48.885862],[2.293848,48.885862],[2.293848,48.885862],[2.293848,48.885862],[2.293848,48.885862],[2.293848,48.885862],[2.293848,48.885862],[2.293848,48.885862],[2.293848,48.885862],[2.293848,48.885862],[2.293848,48.885862],[2.293848,48.885862],[2.293848,48.885862],[2.293848,48.885862],[2.293845,48.885861],[2.293845,48.885861],[2.293845,48.885861],[2.293845,48.885861],[2.293845,48.885861],[2.293845,48.885861],[2.293845,48.885861],[2.293845,48.885861],[2.293845,48.885861],[2.293845,48.885861],[2.293845,48.885861],[2.293845,48.885861],[2.293845,48.885861],[2.293845,48.885861],[2.293845,48.885861],[2.293845,48.885861],[2.293845,48.885861],[2.293845,48.885861],[2.293291,48.885663],[2.293268,48.88568],[2.293213,48.88572],[2.293191,48.885736],[2.293209,48.885747],[2.293182,48.885767],[2.293164,48.885756],[2.293077,48.88582],[2.293085,48.885847],[2.293171,48.885867],[2.293397,48.88592],[2.293749,48.886003],[2.293749,48.886003],[2.293749,48.886003],[2.293749,48.886003],[2.293749,48.886003],[2.293749,48.886003],[2.293749,48.886003],[2.293752,48.886004],[2.293752,48.886004],[2.293752,48.886004],[2.293752,48.886004],[2.293752,48.886004],[2.293752,48.886004],[2.293755,48.886004],[2.293763,48.885989],[2.293801,48.885998],[2.293793,48.886014],[2.293794,48.886014],[2.293794,48.886014],[2.293794,48.886014],[2.293794,48.886014],[2.293794,48.886014],[2.293795,48.886014],[2.293795,48.886014],[2.293795,48.886014],[2.293795,48.886014],[2.293795,48.886014],[2.293795,48.886014],[2.293795,48.886014],[2.293795,48.886014],[2.293845,48.886026],[2.293845,48.886026],[2.293847,48.886027],[2.293842,48.886037],[2.293842,48.886037],[2.293843,48.886037],[2.293843,48.886038],[2.293844,48.886038],[2.293844,48.886038],[2.293845,48.886039],[2.293846,48.886039],[2.293846,48.88604],[2.293847,48.88604],[2.293848,48.88604],[2.293848,48.886041],[2.293849,48.886041],[2.29385,48.886041],[2.29385,48.886042],[2.293851,48.886042],[2.293852,48.886042],[2.293852,48.886042],[2.293853,48.886043],[2.293854,48.886043],[2.293854,48.886043],[2.293855,48.886043],[2.293856,48.886044],[2.293857,48.886044],[2.293857,48.886044],[2.293858,48.886044],[2.293859,48.886045],[2.29386,48.886045],[2.29386,48.886045],[2.293861,48.886045],[2.293862,48.886045],[2.293863,48.886045],[2.293864,48.886046],[2.293864,48.886046],[2.293865,48.886046],[2.293866,48.886046],[2.293867,48.886046],[2.293868,48.886046],[2.293868,48.886046],[2.293869,48.886046],[2.29387,48.886046],[2.293871,48.886047],[2.293872,48.886047],[2.293872,48.886047],[2.293873,48.886047],[2.293874,48.886047],[2.293875,48.886047],[2.293876,48.886047],[2.293877,48.886047],[2.293877,48.886047],[2.293878,48.886047],[2.293879,48.886047],[2.29388,48.886047],[2.293881,48.886047],[2.293881,48.886047],[2.293882,48.886047],[2.293883,48.886046],[2.293884,48.886046],[2.293884,48.886046],[2.293889,48.886036],[2.293904,48.886039],[2.293903,48.88604],[2.293905,48.88604],[2.2939,48.886051],[2.293902,48.886052],[2.293903,48.886053],[2.293904,48.886053],[2.293904,48.886053],[2.293905,48.886054],[2.293905,48.886054],[2.293906,48.886054],[2.293907,48.886055],[2.293908,48.886055],[2.293908,48.886055],[2.293909,48.886056],[2.29391,48.886056],[2.29391,48.886056],[2.293911,48.886056],[2.293912,48.886057],[2.293913,48.886057],[2.293913,48.886057],[2.293914,48.886058],[2.293915,48.886058],[2.293916,48.886058],[2.293916,48.886058],[2.293917,48.886058],[2.293918,48.886059],[2.293919,48.886059],[2.293919,48.886059],[2.29392,48.886059],[2.293921,48.886059],[2.293922,48.886059],[2.293923,48.88606],[2.293923,48.88606],[2.293924,48.88606],[2.293925,48.88606],[2.293926,48.88606],[2.293927,48.88606],[2.293928,48.88606],[2.293928,48.88606],[2.293929,48.88606],[2.29393,48.88606],[2.293931,48.88606],[2.293932,48.88606],[2.293932,48.88606],[2.293933,48.886061],[2.293934,48.886061],[2.293935,48.886061],[2.293936,48.886061],[2.293937,48.88606],[2.293937,48.88606],[2.293938,48.88606],[2.293939,48.88606],[2.29394,48.88606],[2.293941,48.88606],[2.293942,48.88606],[2.293942,48.88606],[2.293948,48.88605],[2.294556,48.886193],[2.294575,48.886188],[2.294604,48.886145],[2.294597,48.886133]]],[[[2.292598,48.88123],[2.291887,48.881206],[2.29229,48.881484],[2.292598,48.88123]]],[[[2.291836,48.881595],[2.292231,48.881627],[2.291743,48.881347],[2.291454,48.881586],[2.291932,48.881843],[2.291836,48.881595]]],[[[2.296521,48.882245],[2.296194,48.882122],[2.296546,48.882741],[2.296921,48.88246],[2.296521,48.882245]]],[[[2.298167,48.881526],[2.298421,48.881306],[2.297569,48.88096],[2.297276,48.881125],[2.298167,48.881526]]],[[[2.297191,48.882563],[2.296585,48.882847],[2.296682,48.88308],[2.297191,48.882563]]],[[[2.30021,48.881202],[2.299868,48.881517],[2.300483,48.88162],[2.30021,48.881202]]],[[[2.2975,48.879936],[2.29749,48.879931],[2.297557,48.879875],[2.297566,48.87988],[2.297596,48.879855],[2.297598,48.879853],[2.2976,48.879854],[2.297634,48.879825],[2.297671,48.879795],[2.297798,48.879694],[2.297809,48.879685],[2.297836,48.879662],[2.297918,48.879597],[2.297921,48.879599],[2.297926,48.879595],[2.2978,48.879526],[2.297668,48.879624],[2.297461,48.879778],[2.29734,48.879868],[2.29726,48.879928],[2.297258,48.879929],[2.297257,48.879929],[2.297135,48.88002],[2.297216,48.880063],[2.297237,48.880075],[2.297294,48.880105],[2.297412,48.880008],[2.297488,48.879946],[2.2975,48.879936]]],[[[2.299252,48.879885],[2.29898,48.880058],[2.299573,48.880326],[2.299252,48.879885]]],[[[2.295366,48.880068],[2.295108,48.879994],[2.29528,48.88033],[2.295366,48.880068]]]],"type":"MultiPolygon"},"properties":{"id_projet":"COLLEGES (année scolaire 2021/2022)","libelle":"PIERRE DE RONSARD","annee_scol":"2021-2022","zone_commune":0,"etiquette":"Secteur du collège PIERRE DE RONSARD","lib_etab_1":"PIERRE DE RONSARD","lib_etab_2":null,"lib_etab_3":null,"lib_etab_4":null,"adr_etab_1":"140 AVENUE DE WAGRAM","adr_etab_2":null,"adr_etab_3":null,"adr_etab_4":null,"st_area_shape":437203.6878126328,"st_perimeter_shape":24011.391233294587,"type_etabl":"Collège","geo_point_2d":{"lon":2.294992673302908,"lat":48.88315334041075}}},{"type":"Feature","geometry":{"coordinates":[[[[2.326488,48.895533],[2.32533,48.893552],[2.322841,48.893629],[2.324112,48.895235],[2.324463,48.895222],[2.324183,48.895325],[2.324528,48.895761],[2.326488,48.895533]]],[[[2.32528,48.8849],[2.325284,48.884897],[2.325079,48.88493],[2.325087,48.884952],[2.325178,48.88501],[2.325304,48.885091],[2.325313,48.885091],[2.325284,48.884902],[2.32528,48.8849]]],[[[2.32402,48.885186],[2.324676,48.884781],[2.323493,48.884819],[2.323291,48.88471],[2.323557,48.884281],[2.322867,48.884819],[2.323809,48.885346],[2.32402,48.885186]]],[[[2.326316,48.885568],[2.326459,48.885259],[2.326102,48.885041],[2.32547,48.8852],[2.326316,48.885568]]],[[[2.322017,48.885365],[2.323359,48.884284],[2.322762,48.884615],[2.322489,48.884078],[2.320902,48.88503],[2.321639,48.885695],[2.322017,48.885365]]],[[[2.32583,48.885537],[2.325423,48.885272],[2.325034,48.885614],[2.326001,48.886188],[2.326205,48.885801],[2.32583,48.885537]]],[[[2.321397,48.885846],[2.320803,48.88509],[2.319899,48.885633],[2.320752,48.88622],[2.321397,48.885846]]],[[[2.322893,48.88594],[2.323743,48.885391],[2.322858,48.884888],[2.321742,48.885756],[2.322372,48.886329],[2.322893,48.88594]]],[[[2.325668,48.886085],[2.324955,48.885658],[2.324403,48.886104],[2.325765,48.886664],[2.325668,48.886085]]],[[[2.319268,48.886592],[2.320324,48.886055],[2.3198,48.885694],[2.3186,48.886417],[2.318872,48.886779],[2.319268,48.886592]]],[[[2.323329,48.886694],[2.325339,48.885216],[2.324768,48.884841],[2.322465,48.886379],[2.323042,48.886912],[2.323329,48.886694]]],[[[2.319563,48.886962],[2.320658,48.886288],[2.320407,48.886138],[2.318985,48.886827],[2.319563,48.886962]]],[[[2.320302,48.887504],[2.322302,48.886382],[2.321624,48.885828],[2.319512,48.887144],[2.320302,48.887504]]],[[[2.325475,48.887377],[2.32559,48.887119],[2.325063,48.886939],[2.325604,48.88709],[2.325738,48.886716],[2.32436,48.886152],[2.323704,48.886571],[2.325134,48.887222],[2.323691,48.88658],[2.32312,48.886967],[2.324536,48.887921],[2.325475,48.887377]]],[[[2.321358,48.88789],[2.32294,48.886939],[2.322368,48.88644],[2.320315,48.88764],[2.321037,48.888054],[2.321358,48.88789]]],[[[2.319192,48.888152],[2.320048,48.887625],[2.319375,48.887243],[2.319697,48.887555],[2.319078,48.887766],[2.318977,48.888273],[2.319192,48.888152]]],[[[2.323058,48.887042],[2.322247,48.887515],[2.323553,48.888495],[2.324457,48.887992],[2.323058,48.887042]]],[[[2.325186,48.888768],[2.325769,48.888534],[2.325494,48.887714],[2.324338,48.888333],[2.325186,48.888768]]],[[[2.321056,48.888207],[2.320315,48.88862],[2.320671,48.8888],[2.321349,48.888396],[2.321056,48.888207]]],[[[2.319671,48.888195],[2.32023,48.888525],[2.320891,48.888112],[2.320196,48.88771],[2.319069,48.888367],[2.319586,48.888901],[2.320084,48.88861],[2.319671,48.888195]]],[[[2.323063,48.888795],[2.323464,48.888547],[2.322685,48.888007],[2.3219,48.888342],[2.322613,48.887972],[2.322126,48.887587],[2.321176,48.888114],[2.322662,48.889002],[2.323063,48.888795]]],[[[2.324017,48.888894],[2.324541,48.888645],[2.324204,48.888412],[2.323491,48.888823],[2.324017,48.888894]]],[[[2.321616,48.888534],[2.320683,48.888889],[2.32164,48.88959],[2.322535,48.889099],[2.321616,48.888534]]],[[[2.325968,48.889131],[2.325765,48.88861],[2.323825,48.889099],[2.325191,48.890102],[2.32618,48.889758],[2.325968,48.889131]]],[[[2.320236,48.888691],[2.319661,48.889017],[2.320719,48.890119],[2.321535,48.889675],[2.320236,48.888691]]],[[[2.326339,48.890232],[2.326166,48.889804],[2.325231,48.89013],[2.326017,48.890724],[2.326452,48.890567],[2.326339,48.890232]]],[[[2.325469,48.890476],[2.32338,48.888907],[2.322927,48.889149],[2.325227,48.890958],[2.325833,48.890782],[2.325469,48.890476]]],[[[2.322783,48.889242],[2.322493,48.889424],[2.324711,48.891123],[2.325051,48.891023],[2.322783,48.889242]]],[[[2.32239,48.889484],[2.321887,48.889771],[2.323841,48.8914],[2.324569,48.891186],[2.32239,48.889484]]],[[[2.319775,48.890981],[2.319367,48.891252],[2.320125,48.891388],[2.319775,48.890981]]],[[[2.320293,48.89069],[2.319877,48.890921],[2.320333,48.89145],[2.321051,48.891595],[2.320293,48.89069]]],[[[2.321771,48.889825],[2.321388,48.89005],[2.323038,48.891656],[2.323703,48.891462],[2.321771,48.889825]]],[[[2.320809,48.890398],[2.320396,48.890629],[2.321248,48.891648],[2.321945,48.891782],[2.320809,48.890398]]],[[[2.326495,48.890695],[2.325345,48.89106],[2.326227,48.891864],[2.326794,48.891582],[2.326495,48.890695]]],[[[2.321289,48.890111],[2.320905,48.890327],[2.322159,48.891855],[2.322901,48.891719],[2.321289,48.890111]]],[[[2.325811,48.891684],[2.325154,48.891099],[2.322772,48.891859],[2.323581,48.892086],[2.32486,48.89167],[2.323844,48.892125],[2.324726,48.892333],[2.326015,48.891913],[2.325811,48.891684]]],[[[2.326896,48.89189],[2.326382,48.891986],[2.327166,48.892692],[2.326896,48.89189]]],[[[2.326154,48.892007],[2.325001,48.892392],[2.326928,48.892809],[2.326154,48.892007]]],[[[2.32519,48.892622],[2.324946,48.892596],[2.325445,48.893397],[2.327076,48.893074],[2.32519,48.892622]]],[[[2.322583,48.89206],[2.322296,48.892023],[2.323454,48.893436],[2.325252,48.893417],[2.324729,48.892523],[2.322583,48.89206]]],[[[2.322865,48.892906],[2.322094,48.891965],[2.321335,48.891817],[2.322664,48.8935],[2.323292,48.893428],[2.322865,48.892906]]],[[[2.320735,48.891661],[2.32216,48.893656],[2.322565,48.893551],[2.32119,48.89177],[2.320735,48.891661]]],[[[2.327332,48.893184],[2.325488,48.893522],[2.325695,48.893786],[2.327332,48.893184]]],[[[2.319565,48.891407],[2.321399,48.893907],[2.322023,48.893719],[2.320282,48.891569],[2.319565,48.891407]]],[[[2.327066,48.893717],[2.327616,48.894031],[2.327442,48.893516],[2.326713,48.893703],[2.327246,48.89409],[2.327066,48.893717]],[[2.326935,48.893701],[2.326954,48.893695],[2.326954,48.893695],[2.326935,48.893701]]],[[[2.320906,48.893399],[2.319239,48.891353],[2.318707,48.891579],[2.32064,48.894139],[2.321337,48.893931],[2.320906,48.893399]]],[[[2.32241,48.894235],[2.322109,48.893831],[2.321554,48.894003],[2.321885,48.894388],[2.32241,48.894235]]],[[[2.319773,48.893281],[2.318524,48.891705],[2.31808,48.891941],[2.319866,48.894402],[2.320494,48.89419],[2.319773,48.893281]]],[[[2.318107,48.892261],[2.317948,48.892045],[2.317916,48.892316],[2.31792,48.892321],[2.317926,48.89233],[2.317942,48.892352],[2.317962,48.892379],[2.31797,48.892391],[2.317985,48.892411],[2.318007,48.892441],[2.318035,48.892481],[2.318058,48.892514],[2.318066,48.892524],[2.318069,48.892528],[2.318134,48.892618],[2.318141,48.892627],[2.31816,48.892654],[2.318199,48.892709],[2.318268,48.892804],[2.318283,48.892825],[2.318311,48.892864],[2.318339,48.892903],[2.318345,48.892911],[2.318383,48.892964],[2.31843,48.893029],[2.318439,48.893042],[2.318454,48.893062],[2.31845,48.893063],[2.318452,48.893065],[2.318465,48.893083],[2.318492,48.89312],[2.318498,48.893127],[2.318516,48.893153],[2.318526,48.893166],[2.318557,48.893208],[2.318586,48.893248],[2.318587,48.893249],[2.318619,48.893292],[2.318649,48.893334],[2.318658,48.893346],[2.318662,48.893352],[2.318684,48.893381],[2.318684,48.893381],[2.318728,48.893443],[2.318859,48.893626],[2.31894,48.89374],[2.318951,48.893755],[2.318974,48.893787],[2.319007,48.893833],[2.319034,48.893871],[2.319049,48.893892],[2.31905,48.893893],[2.319058,48.893904],[2.319069,48.89392],[2.319082,48.893938],[2.319109,48.893975],[2.319172,48.894063],[2.319222,48.894133],[2.319244,48.894164],[2.319279,48.894213],[2.319289,48.894227],[2.319296,48.894236],[2.319307,48.894251],[2.319312,48.894258],[2.319373,48.894344],[2.319375,48.894346],[2.319405,48.894388],[2.319414,48.8944],[2.319441,48.894438],[2.319703,48.894475],[2.319718,48.894449],[2.319656,48.894365],[2.319591,48.894276],[2.319512,48.894168],[2.319457,48.894094],[2.319385,48.893997],[2.319321,48.89391],[2.319261,48.893828],[2.319161,48.893692],[2.319066,48.893563],[2.31893,48.893379],[2.318864,48.893289],[2.318833,48.893247],[2.318787,48.893185],[2.318698,48.893063],[2.31865,48.892998],[2.318578,48.892901],[2.318535,48.892843],[2.318462,48.892744],[2.318391,48.892647],[2.318325,48.892557],[2.318259,48.892467],[2.318222,48.892417],[2.318158,48.892331],[2.318107,48.892261]]],[[[2.327641,48.894107],[2.327157,48.894187],[2.327908,48.894903],[2.327641,48.894107]]],[[[2.320935,48.894743],[2.320562,48.89431],[2.319948,48.894538],[2.320596,48.895237],[2.321176,48.895046],[2.320935,48.894743]]],[[[2.32657,48.893724],[2.325742,48.893955],[2.326582,48.895393],[2.327691,48.895044],[2.32657,48.893724]]],[[[2.321031,48.895488],[2.321387,48.895341],[2.320685,48.895358],[2.321031,48.895488]]],[[[2.327965,48.895069],[2.326641,48.895496],[2.328075,48.895494],[2.327965,48.895069]]],[[[2.323547,48.895766],[2.322509,48.894366],[2.322012,48.89452],[2.322983,48.895729],[2.323547,48.895766]]],[[[2.322679,48.893655],[2.322257,48.893786],[2.323736,48.895776],[2.324257,48.895783],[2.322679,48.893655]]],[[[2.322834,48.895798],[2.32143,48.894041],[2.320972,48.894167],[2.321207,48.894484],[2.320754,48.894243],[2.321884,48.895681],[2.322834,48.895798]]],[[[2.319887,48.895678],[2.319776,48.895637],[2.319771,48.895635],[2.319738,48.895641],[2.319213,48.895506],[2.318649,48.895336],[2.318555,48.895373],[2.318706,48.895454],[2.319566,48.895699],[2.319938,48.895793],[2.319958,48.895698],[2.319887,48.895678]]],[[[2.321658,48.895657],[2.321438,48.89538],[2.320181,48.895352],[2.319787,48.894625],[2.319352,48.89492],[2.319549,48.895162],[2.318807,48.894912],[2.318516,48.895093],[2.320594,48.895686],[2.321658,48.895657]]],[[[2.322892,48.895998],[2.32203,48.895893],[2.32231,48.896205],[2.322892,48.895998]]],[[[2.325251,48.896317],[2.326484,48.895789],[2.324881,48.895909],[2.325251,48.896317]]],[[[2.322095,48.896182],[2.319974,48.89569],[2.320259,48.89603],[2.321262,48.896014],[2.321605,48.896455],[2.322095,48.896182]]],[[[2.323896,48.896576],[2.324819,48.896291],[2.323254,48.896059],[2.323896,48.896576]]],[[[2.325185,48.896667],[2.324799,48.896983],[2.325344,48.896828],[2.325185,48.896667]]],[[[2.327043,48.896524],[2.326635,48.895968],[2.325344,48.896523],[2.32594,48.897102],[2.327043,48.896524]]],[[[2.324992,48.89643],[2.32379,48.896715],[2.324234,48.897255],[2.324992,48.89643]]],[[[2.322865,48.897177],[2.322171,48.896307],[2.32163,48.896487],[2.322178,48.897181],[2.322865,48.897177]]],[[[2.323967,48.897156],[2.323036,48.896],[2.322582,48.896157],[2.323058,48.896754],[2.322328,48.89625],[2.323157,48.897286],[2.32408,48.89734],[2.323967,48.897156]]],[[[2.324842,48.897059],[2.324711,48.896989],[2.324535,48.897195],[2.324533,48.897199],[2.324517,48.897225],[2.32444,48.897348],[2.324622,48.897352],[2.3247,48.897261],[2.32485,48.897085],[2.324842,48.897059]]],[[[2.325409,48.8969],[2.324685,48.897353],[2.325636,48.897246],[2.325409,48.8969]]],[[[2.327104,48.896737],[2.325742,48.897376],[2.326664,48.897395],[2.327321,48.897083],[2.327104,48.896737]]],[[[2.327474,48.897266],[2.327428,48.897186],[2.327403,48.897196],[2.327401,48.897194],[2.327391,48.897183],[2.327344,48.897135],[2.327244,48.897177],[2.327016,48.89727],[2.326779,48.897368],[2.326777,48.897397],[2.32678,48.897397],[2.327011,48.897402],[2.327613,48.897415],[2.327534,48.897321],[2.327533,48.89732],[2.32752,48.897319],[2.327474,48.897266]]],[[[2.328497,48.896649],[2.328233,48.895868],[2.326918,48.895941],[2.327234,48.896477],[2.328216,48.896238],[2.327292,48.896579],[2.32781,48.897384],[2.328752,48.897403],[2.328497,48.896649]]],[[[2.328318,48.897789],[2.32673,48.897755],[2.326671,48.897792],[2.326975,48.897939],[2.328374,48.897983],[2.328501,48.897937],[2.328486,48.897924],[2.328465,48.897902],[2.328452,48.897886],[2.328435,48.897862],[2.328422,48.897837],[2.328411,48.897811],[2.328405,48.897791],[2.328318,48.897789]]]],"type":"MultiPolygon"},"properties":{"id_projet":"COLLEGES (année scolaire 2024/2025)","libelle":"STEPHANE MALLARME","annee_scol":"2024-2025","zone_commune":0,"etiquette":"Secteur du collège STEPHANE MALLARME","lib_etab_1":"STEPHANE MALLARME","lib_etab_2":null,"lib_etab_3":null,"lib_etab_4":null,"adr_etab_1":"29 RUE DE LA JONQUIERE","adr_etab_2":null,"adr_etab_3":null,"adr_etab_4":null,"st_area_shape":581456.9898121746,"st_perimeter_shape":31127.8240315633,"type_etabl":"Collège","geo_point_2d":{"lon":2.323204108128054,"lat":48.89124047339317}}},{"type":"Feature","geometry":{"coordinates":[[[[2.319781,48.898199],[2.314526,48.896194],[2.312987,48.896923],[2.312825,48.896753],[2.313311,48.896344],[2.312292,48.895577],[2.31089,48.896297],[2.311639,48.896973],[2.310973,48.896721],[2.31074,48.896991],[2.31228,48.897732],[2.318602,48.89969],[2.321482,48.898958],[2.319781,48.898199]]],[[[2.322942,48.898509],[2.322958,48.897679],[2.321499,48.897547],[2.314121,48.894848],[2.312485,48.895381],[2.313543,48.896243],[2.314538,48.895937],[2.321991,48.898792],[2.322942,48.898509]]],[[[2.323517,48.900698],[2.323885,48.899156],[2.323726,48.900171],[2.328625,48.900284],[2.328677,48.8992],[2.322552,48.89901],[2.322456,48.899941],[2.323058,48.899954],[2.323048,48.900205],[2.322187,48.900089],[2.322236,48.899068],[2.319883,48.899664],[2.31967,48.900081],[2.3219,48.900814],[2.323517,48.900698]]],[[[2.318178,48.89489],[2.317329,48.893775],[2.317044,48.89387],[2.316119,48.893068],[2.315453,48.893182],[2.31815,48.891541],[2.317903,48.891379],[2.316727,48.891811],[2.317657,48.891156],[2.316889,48.890568],[2.315418,48.89104],[2.313124,48.892434],[2.313115,48.893141],[2.314049,48.893637],[2.313685,48.894162],[2.315259,48.893207],[2.315563,48.893389],[2.314409,48.894076],[2.318178,48.89489]]],[[[2.322628,48.89731],[2.322178,48.897181],[2.321262,48.896014],[2.320259,48.89603],[2.319974,48.89569],[2.318555,48.895373],[2.318429,48.895933],[2.319032,48.896038],[2.318654,48.896051],[2.322628,48.89731]]],[[[2.328586,48.898907],[2.328983,48.898845],[2.328713,48.898042],[2.32663,48.897817],[2.326656,48.898864],[2.328586,48.898907]]],[[[2.309563,48.894059],[2.311395,48.894818],[2.309915,48.895758],[2.310213,48.896024],[2.312626,48.894583],[2.31181,48.894012],[2.311146,48.89445],[2.309563,48.894059]]],[[[2.31857,48.894716],[2.319156,48.89452],[2.318611,48.893746],[2.317754,48.893961],[2.31857,48.894716]]],[[[2.31643,48.895016],[2.316085,48.894489],[2.316604,48.895164],[2.316309,48.894496],[2.316789,48.895133],[2.317674,48.894939],[2.315835,48.894446],[2.31643,48.895016]]],[[[2.324533,48.897709],[2.324168,48.898123],[2.324758,48.898537],[2.325261,48.898336],[2.324533,48.897709]]],[[[2.31826,48.895902],[2.318381,48.895077],[2.317688,48.895051],[2.317595,48.89565],[2.31826,48.895902]]],[[[2.329024,48.899231],[2.32882,48.900195],[2.329462,48.900419],[2.329024,48.899231]]],[[[2.316992,48.893769],[2.317309,48.893749],[2.316598,48.892813],[2.31616,48.893045],[2.316992,48.893769]]],[[[2.317916,48.892316],[2.319362,48.894536],[2.319703,48.894475],[2.317916,48.892316]]],[[[2.323857,48.897695],[2.323456,48.897751],[2.323617,48.898652],[2.323857,48.897695]]],[[[2.3261,48.898613],[2.326314,48.898707],[2.326353,48.897897],[2.325725,48.898234],[2.3261,48.898613]]],[[[2.325857,48.897966],[2.326134,48.897743],[2.324904,48.897717],[2.325414,48.898131],[2.325857,48.897966]]],[[[2.314419,48.894191],[2.314057,48.894303],[2.315324,48.894706],[2.314419,48.894191]]],[[[2.32557,48.898437],[2.32492,48.898828],[2.32608,48.898851],[2.32557,48.898437]]],[[[2.319352,48.89492],[2.319686,48.894601],[2.318461,48.894999],[2.319549,48.895162],[2.319352,48.89492]]],[[[2.317577,48.892306],[2.317257,48.892471],[2.317705,48.893081],[2.318038,48.892996],[2.317577,48.892306]]],[[[2.329578,48.900882],[2.329503,48.90051],[2.328739,48.900494],[2.328725,48.900804],[2.329578,48.900882]]],[[[2.317075,48.892594],[2.316756,48.892761],[2.317137,48.893262],[2.317471,48.893177],[2.317075,48.892594]]],[[[2.317514,48.895454],[2.317589,48.895071],[2.316881,48.895302],[2.317514,48.895454]]],[[[2.324179,48.898327],[2.324004,48.898742],[2.32474,48.898824],[2.324179,48.898327]]],[[[2.315433,48.894392],[2.315276,48.894361],[2.315249,48.894383],[2.315339,48.894495],[2.315407,48.89458],[2.315522,48.894724],[2.31568,48.894922],[2.315887,48.895],[2.315892,48.895002],[2.315955,48.895026],[2.316117,48.895087],[2.316119,48.895088],[2.316129,48.895077],[2.315989,48.894896],[2.315932,48.894823],[2.315886,48.894762],[2.315836,48.894698],[2.31569,48.894508],[2.315649,48.894455],[2.315596,48.894424],[2.315433,48.894392]]],[[[2.318164,48.893127],[2.31782,48.893237],[2.318222,48.893667],[2.318455,48.893537],[2.318164,48.893127]]],[[[2.317599,48.893307],[2.317255,48.893417],[2.317861,48.893782],[2.317599,48.893307]]],[[[2.321096,48.900672],[2.320682,48.900552],[2.320671,48.900559],[2.320534,48.900636],[2.32035,48.900741],[2.320387,48.900763],[2.321079,48.900787],[2.321681,48.900807],[2.321096,48.900672]]],[[[2.327541,48.900988],[2.327588,48.901025],[2.329588,48.901067],[2.329646,48.901028],[2.327541,48.900988]]],[[[2.309396,48.894018],[2.309563,48.894059],[2.309352,48.893956],[2.309348,48.89396],[2.309334,48.893977],[2.309396,48.894018]]]],"type":"MultiPolygon"},"properties":{"id_projet":"COLLEGES (année scolaire 2025/2026)","libelle":"HONORE DE BALZAC","annee_scol":"2025-2026","zone_commune":0,"etiquette":"Secteur du collège HONORE DE BALZAC","lib_etab_1":"HONORE DE BALZAC","lib_etab_2":null,"lib_etab_3":null,"lib_etab_4":null,"adr_etab_1":"118 BOULEVARD BESSIERES","adr_etab_2":null,"adr_etab_3":null,"adr_etab_4":null,"st_area_shape":514036.60211746674,"st_perimeter_shape":17383.579140298963,"type_etabl":"Collège","geo_point_2d":{"lon":2.318575423869876,"lat":48.89676354543459}}},{"type":"Feature","geometry":{"coordinates":[[[[2.326488,48.895533],[2.32533,48.893552],[2.322841,48.893629],[2.324112,48.895235],[2.324463,48.895222],[2.324183,48.895325],[2.324528,48.895761],[2.326488,48.895533]]],[[[2.325475,48.887377],[2.32559,48.887119],[2.325063,48.886939],[2.325604,48.88709],[2.325738,48.886716],[2.32436,48.886152],[2.323704,48.886571],[2.325134,48.887222],[2.323691,48.88658],[2.32312,48.886967],[2.324536,48.887921],[2.325475,48.887377]]],[[[2.322583,48.89206],[2.322296,48.892023],[2.323454,48.893436],[2.325252,48.893417],[2.324729,48.892523],[2.322583,48.89206]]],[[[2.320906,48.893399],[2.319239,48.891353],[2.318707,48.891579],[2.32064,48.894139],[2.321337,48.893931],[2.320906,48.893399]]],[[[2.323329,48.886694],[2.325339,48.885216],[2.324768,48.884841],[2.322465,48.886379],[2.323042,48.886912],[2.323329,48.886694]]],[[[2.325968,48.889131],[2.325765,48.88861],[2.323825,48.889099],[2.325191,48.890102],[2.32618,48.889758],[2.325968,48.889131]]],[[[2.325811,48.891684],[2.325154,48.891099],[2.322772,48.891859],[2.323581,48.892086],[2.32486,48.89167],[2.323844,48.892125],[2.324726,48.892333],[2.326015,48.891913],[2.325811,48.891684]]],[[[2.320302,48.887504],[2.322302,48.886382],[2.321624,48.885828],[2.319512,48.887144],[2.320302,48.887504]]],[[[2.319565,48.891407],[2.321399,48.893907],[2.322023,48.893719],[2.320282,48.891569],[2.319565,48.891407]]],[[[2.32657,48.893724],[2.325742,48.893955],[2.326582,48.895393],[2.327691,48.895044],[2.32657,48.893724]]],[[[2.321358,48.88789],[2.32294,48.886939],[2.322368,48.88644],[2.320315,48.88764],[2.321037,48.888054],[2.321358,48.88789]]],[[[2.328497,48.896649],[2.328233,48.895868],[2.326918,48.895941],[2.327234,48.896477],[2.328216,48.896238],[2.327292,48.896579],[2.32781,48.897384],[2.328752,48.897403],[2.328497,48.896649]]],[[[2.32239,48.889484],[2.321887,48.889771],[2.323841,48.8914],[2.324569,48.891186],[2.32239,48.889484]]],[[[2.325469,48.890476],[2.32338,48.888907],[2.322927,48.889149],[2.325227,48.890958],[2.325833,48.890782],[2.325469,48.890476]]],[[[2.322017,48.885365],[2.323359,48.884284],[2.322762,48.884615],[2.322489,48.884078],[2.320902,48.88503],[2.321639,48.885695],[2.322017,48.885365]]],[[[2.323058,48.887042],[2.322247,48.887515],[2.323553,48.888495],[2.324457,48.887992],[2.323058,48.887042]]],[[[2.323063,48.888795],[2.323464,48.888547],[2.322685,48.888007],[2.3219,48.888342],[2.322613,48.887972],[2.322126,48.887587],[2.321176,48.888114],[2.322662,48.889002],[2.323063,48.888795]]],[[[2.322893,48.88594],[2.323743,48.885391],[2.322858,48.884888],[2.321742,48.885756],[2.322372,48.886329],[2.322893,48.88594]]],[[[2.322834,48.895798],[2.32143,48.894041],[2.320972,48.894167],[2.321207,48.894484],[2.320754,48.894243],[2.321884,48.895681],[2.322834,48.895798]]],[[[2.321771,48.889825],[2.321388,48.89005],[2.323038,48.891656],[2.323703,48.891462],[2.321771,48.889825]]],[[[2.320236,48.888691],[2.319661,48.889017],[2.320719,48.890119],[2.321535,48.889675],[2.320236,48.888691]]],[[[2.321289,48.890111],[2.320905,48.890327],[2.322159,48.891855],[2.322901,48.891719],[2.321289,48.890111]]],[[[2.322679,48.893655],[2.322257,48.893786],[2.323736,48.895776],[2.324257,48.895783],[2.322679,48.893655]]],[[[2.327043,48.896524],[2.326635,48.895968],[2.325344,48.896523],[2.32594,48.897102],[2.327043,48.896524]]],[[[2.321616,48.888534],[2.320683,48.888889],[2.32164,48.88959],[2.322535,48.889099],[2.321616,48.888534]]],[[[2.320735,48.891661],[2.32216,48.893656],[2.322565,48.893551],[2.32119,48.89177],[2.320735,48.891661]]],[[[2.322865,48.892906],[2.322094,48.891965],[2.321335,48.891817],[2.322664,48.8935],[2.323292,48.893428],[2.322865,48.892906]]],[[[2.319671,48.888195],[2.32023,48.888525],[2.320891,48.888112],[2.320196,48.88771],[2.319069,48.888367],[2.319586,48.888901],[2.320084,48.88861],[2.319671,48.888195]]],[[[2.326495,48.890695],[2.325345,48.89106],[2.326227,48.891864],[2.326794,48.891582],[2.326495,48.890695]]],[[[2.321397,48.885846],[2.320803,48.88509],[2.319899,48.885633],[2.320752,48.88622],[2.321397,48.885846]]],[[[2.322783,48.889242],[2.322493,48.889424],[2.324711,48.891123],[2.325051,48.891023],[2.322783,48.889242]]],[[[2.325186,48.888768],[2.325769,48.888534],[2.325494,48.887714],[2.324338,48.888333],[2.325186,48.888768]]],[[[2.321528,48.895702],[2.321438,48.89538],[2.320994,48.895564],[2.318523,48.895023],[2.31994,48.895549],[2.321528,48.895702]]],[[[2.32519,48.892622],[2.324946,48.892596],[2.325445,48.893397],[2.327076,48.893074],[2.32519,48.892622]]],[[[2.323547,48.895766],[2.322509,48.894366],[2.322012,48.89452],[2.322983,48.895729],[2.323547,48.895766]]],[[[2.319268,48.886592],[2.320324,48.886055],[2.3198,48.885694],[2.3186,48.886417],[2.318872,48.886779],[2.319268,48.886592]]],[[[2.320809,48.890398],[2.320396,48.890629],[2.321248,48.891648],[2.321945,48.891782],[2.320809,48.890398]]],[[[2.325668,48.886085],[2.324955,48.885658],[2.324403,48.886104],[2.325765,48.886664],[2.325668,48.886085]]],[[[2.326154,48.892007],[2.325001,48.892392],[2.326928,48.892809],[2.326154,48.892007]]],[[[2.32402,48.885186],[2.324676,48.884781],[2.323493,48.884819],[2.323291,48.88471],[2.323557,48.884281],[2.322867,48.884819],[2.323809,48.885346],[2.32402,48.885186]]],[[[2.326339,48.890232],[2.326166,48.889804],[2.325231,48.89013],[2.326017,48.890724],[2.326452,48.890567],[2.326339,48.890232]]],[[[2.327332,48.893184],[2.325488,48.893522],[2.325695,48.893786],[2.327332,48.893184]]],[[[2.32583,48.885537],[2.325423,48.885272],[2.325034,48.885614],[2.326001,48.886188],[2.326205,48.885801],[2.32583,48.885537]]],[[[2.327104,48.896737],[2.325742,48.897376],[2.326664,48.897395],[2.327321,48.897083],[2.327104,48.896737]]],[[[2.319563,48.886962],[2.320658,48.886288],[2.320407,48.886138],[2.318985,48.886827],[2.319563,48.886962]]],[[[2.325251,48.896317],[2.326484,48.895789],[2.324881,48.895909],[2.325251,48.896317]]],[[[2.320293,48.89069],[2.319877,48.890921],[2.320333,48.89145],[2.321051,48.891595],[2.320293,48.89069]]],[[[2.319192,48.888152],[2.320048,48.887625],[2.319375,48.887243],[2.319697,48.887555],[2.319078,48.887766],[2.318977,48.888273],[2.319192,48.888152]]],[[[2.327965,48.895069],[2.326641,48.895496],[2.328075,48.895494],[2.327965,48.895069]]],[[[2.326316,48.885568],[2.326459,48.885259],[2.326102,48.885041],[2.32547,48.8852],[2.326316,48.885568]]],[[[2.326896,48.89189],[2.326382,48.891986],[2.327166,48.892692],[2.326896,48.89189]]],[[[2.327066,48.893717],[2.327616,48.894031],[2.327442,48.893516],[2.326713,48.893703],[2.327246,48.89409],[2.327066,48.893717]],[[2.326935,48.893701],[2.326954,48.893695],[2.326954,48.893695],[2.326935,48.893701]]],[[[2.324017,48.888894],[2.324541,48.888645],[2.324204,48.888412],[2.323491,48.888823],[2.324017,48.888894]]],[[[2.32241,48.894235],[2.322109,48.893831],[2.321554,48.894003],[2.321885,48.894388],[2.32241,48.894235]]],[[[2.321056,48.888207],[2.320315,48.88862],[2.320671,48.8888],[2.321349,48.888396],[2.321056,48.888207]]],[[[2.327641,48.894107],[2.327157,48.894187],[2.327908,48.894903],[2.327641,48.894107]]],[[[2.320625,48.895876],[2.319974,48.89569],[2.320259,48.89603],[2.320625,48.895876]]],[[[2.319775,48.890981],[2.319367,48.891252],[2.320125,48.891388],[2.319775,48.890981]]],[[[2.324819,48.896291],[2.324643,48.896107],[2.324641,48.896105],[2.324535,48.896105],[2.324495,48.896105],[2.324453,48.896104],[2.324416,48.896104],[2.324411,48.896105],[2.324333,48.896108],[2.324259,48.896111],[2.324091,48.896118],[2.324006,48.896117],[2.32374,48.896113],[2.323696,48.896059],[2.323483,48.896055],[2.323437,48.896056],[2.323434,48.896066],[2.323254,48.896059],[2.323303,48.89612],[2.323353,48.896181],[2.324078,48.896205],[2.324354,48.896225],[2.324401,48.896208],[2.324413,48.896205],[2.324476,48.896182],[2.324577,48.896156],[2.324635,48.896155],[2.32464,48.896155],[2.324742,48.896273],[2.324805,48.896295],[2.324819,48.896291]]],[[[2.319887,48.895678],[2.319776,48.895637],[2.319771,48.895635],[2.319738,48.895641],[2.319213,48.895506],[2.318649,48.895336],[2.318555,48.895373],[2.318706,48.895454],[2.319566,48.895699],[2.319938,48.895793],[2.319958,48.895698],[2.319887,48.895678]]],[[[2.327474,48.897266],[2.327428,48.897186],[2.327403,48.897196],[2.327401,48.897194],[2.327391,48.897183],[2.327344,48.897135],[2.327244,48.897177],[2.327016,48.89727],[2.326779,48.897368],[2.326777,48.897397],[2.32678,48.897397],[2.327011,48.897402],[2.327613,48.897415],[2.327534,48.897321],[2.327533,48.89732],[2.32752,48.897319],[2.327474,48.897266]]],[[[2.321031,48.895488],[2.321387,48.895341],[2.320685,48.895358],[2.321031,48.895488]]],[[[2.321157,48.895052],[2.320702,48.894934],[2.320601,48.895236],[2.321157,48.895052]]],[[[2.325409,48.8969],[2.325378,48.896867],[2.325279,48.896916],[2.325264,48.896923],[2.325329,48.896982],[2.325392,48.89704],[2.325468,48.897115],[2.32546,48.897229],[2.325636,48.897246],[2.325643,48.897143],[2.325526,48.897021],[2.325499,48.896992],[2.325474,48.896967],[2.325437,48.896928],[2.325427,48.896918],[2.325409,48.8969]]],[[[2.322257,48.895897],[2.322112,48.895885],[2.322112,48.895886],[2.322089,48.895884],[2.322034,48.895892],[2.322108,48.895911],[2.322107,48.895911],[2.322298,48.895955],[2.322299,48.895956],[2.322437,48.895964],[2.322561,48.895971],[2.322688,48.895979],[2.322769,48.895983],[2.322825,48.895943],[2.322752,48.895934],[2.322687,48.895929],[2.322645,48.895926],[2.32252,48.895917],[2.322394,48.895908],[2.322348,48.895905],[2.322257,48.895898],[2.322257,48.895897]]],[[[2.32528,48.8849],[2.325284,48.884897],[2.325079,48.88493],[2.325087,48.884952],[2.325178,48.88501],[2.325304,48.885091],[2.325313,48.885091],[2.325284,48.884902],[2.32528,48.8849]]],[[[2.325344,48.896828],[2.325284,48.89677],[2.325185,48.896667],[2.325076,48.896665],[2.325196,48.896808],[2.325278,48.896773],[2.325281,48.896771],[2.325283,48.896773],[2.325339,48.896831],[2.325344,48.896828]]],[[[2.324992,48.89643],[2.324922,48.89636],[2.324907,48.896366],[2.324873,48.896379],[2.324857,48.896385],[2.324792,48.896411],[2.324953,48.89647],[2.324992,48.89643]]],[[[2.318975,48.893748],[2.31894,48.89374],[2.318951,48.893755],[2.318975,48.893748]]]],"type":"MultiPolygon"},"properties":{"id_projet":"COLLEGES (année scolaire 2021/2022)","libelle":"STEPHANE MALLARME","annee_scol":"2021-2022","zone_commune":0,"etiquette":"Secteur du collège STEPHANE MALLARME","lib_etab_1":"STEPHANE MALLARME","lib_etab_2":null,"lib_etab_3":null,"lib_etab_4":null,"adr_etab_1":"29 RUE DE LA JONQUIERE","adr_etab_2":null,"adr_etab_3":null,"adr_etab_4":null,"st_area_shape":525615.8114740954,"st_perimeter_shape":27546.4423879215,"type_etabl":"Collège","geo_point_2d":{"lon":2.3233657441846307,"lat":48.89081151560096}}},{"type":"Feature","geometry":{"coordinates":[[[[2.296783,48.889666],[2.297004,48.889245],[2.294713,48.887867],[2.292938,48.889625],[2.294258,48.889775],[2.294763,48.88955],[2.296035,48.890196],[2.296783,48.889666]]],[[[2.297489,48.889466],[2.296371,48.890372],[2.300348,48.892548],[2.30062,48.89233],[2.298059,48.890424],[2.298023,48.889799],[2.297489,48.889466]]],[[[2.291981,48.888505],[2.289661,48.887369],[2.288975,48.887986],[2.289654,48.888394],[2.289874,48.888101],[2.290445,48.888165],[2.289774,48.888453],[2.2919,48.889507],[2.292401,48.889564],[2.29304,48.888882],[2.291981,48.888505]]],[[[2.298912,48.879418],[2.298309,48.878597],[2.297433,48.878094],[2.295815,48.878447],[2.29883,48.879976],[2.299164,48.879764],[2.298912,48.879418]],[[2.297929,48.879284],[2.298146,48.879137],[2.298183,48.87916],[2.297962,48.879311],[2.297907,48.879348],[2.297867,48.879327],[2.297897,48.879307],[2.297929,48.879284]]],[[[2.295219,48.883621],[2.2962,48.882981],[2.295235,48.881636],[2.294591,48.882191],[2.295579,48.882681],[2.29455,48.882228],[2.294248,48.88251],[2.295355,48.883095],[2.294182,48.882565],[2.293857,48.882863],[2.295219,48.883621]]],[[[2.297638,48.882774],[2.296765,48.883243],[2.29733,48.884352],[2.297681,48.884406],[2.298762,48.88332],[2.297638,48.882774]]],[[[2.290794,48.882814],[2.291571,48.882157],[2.289736,48.881168],[2.290493,48.882057],[2.290022,48.882426],[2.28923,48.882019],[2.288686,48.882181],[2.290468,48.883107],[2.290794,48.882814]]],[[[2.300388,48.883381],[2.30101,48.8823],[2.300667,48.88183],[2.299495,48.882925],[2.300215,48.883257],[2.299405,48.883015],[2.299107,48.883311],[2.30009,48.883797],[2.300388,48.883381]]],[[[2.299164,48.881902],[2.299466,48.881578],[2.2985,48.881413],[2.297185,48.882428],[2.298141,48.882855],[2.299164,48.881902]]],[[[2.291353,48.882783],[2.290866,48.882914],[2.291001,48.883921],[2.292861,48.883624],[2.291353,48.882783]]],[[[2.293074,48.883847],[2.29113,48.885165],[2.291702,48.885496],[2.293484,48.884065],[2.293074,48.883847]]],[[[2.294714,48.880065],[2.29456,48.879863],[2.293594,48.880728],[2.29521,48.881469],[2.294714,48.880065]]],[[[2.296325,48.879466],[2.296747,48.879069],[2.29588,48.878624],[2.295458,48.879009],[2.296115,48.87925],[2.2954,48.879067],[2.294891,48.879561],[2.295605,48.880059],[2.296325,48.879466]]],[[[2.289313,48.885807],[2.290541,48.885652],[2.290838,48.885354],[2.289496,48.884513],[2.289313,48.885807]]],[[[2.299446,48.883626],[2.298986,48.883433],[2.297908,48.884504],[2.298403,48.884661],[2.300062,48.88396],[2.299446,48.883626]]],[[[2.293207,48.879318],[2.292853,48.879129],[2.291349,48.879673],[2.292482,48.88017],[2.293456,48.879505],[2.293207,48.879318]]],[[[2.297901,48.880598],[2.298734,48.880063],[2.297954,48.87961],[2.296584,48.880431],[2.297506,48.880829],[2.297901,48.880598]]],[[[2.292822,48.885135],[2.293475,48.885283],[2.293714,48.885059],[2.293242,48.884794],[2.293839,48.884989],[2.2943,48.884426],[2.293618,48.884127],[2.291978,48.885445],[2.293156,48.885323],[2.292822,48.885135]]],[[[2.3,48.881684],[2.299685,48.881649],[2.298313,48.88296],[2.298886,48.883206],[2.300327,48.881773],[2.3,48.881684]]],[[[2.297083,48.879201],[2.295794,48.880136],[2.296473,48.880377],[2.297697,48.879467],[2.297083,48.879201]]],[[[2.298003,48.881651],[2.297079,48.881383],[2.297162,48.8812],[2.296099,48.881912],[2.297068,48.882351],[2.298003,48.881651]]],[[[2.298707,48.881122],[2.299529,48.880476],[2.298838,48.88012],[2.297714,48.880858],[2.298707,48.881122]]],[[[2.296727,48.881354],[2.297399,48.880891],[2.296495,48.880525],[2.295722,48.881179],[2.296249,48.881231],[2.295792,48.881333],[2.296018,48.881778],[2.296727,48.881354]]],[[[2.29465,48.884129],[2.294874,48.883946],[2.293515,48.88321],[2.293012,48.883655],[2.294367,48.884347],[2.29465,48.884129]]],[[[2.293814,48.879669],[2.292628,48.880274],[2.293473,48.88062],[2.294273,48.87996],[2.293814,48.879669]]],[[[2.296269,48.883119],[2.295442,48.883753],[2.296928,48.884409],[2.296269,48.883119]]],[[[2.295645,48.887529],[2.297062,48.887113],[2.295829,48.886739],[2.295166,48.887399],[2.295645,48.887529]]],[[[2.297705,48.887535],[2.296068,48.887915],[2.297191,48.888361],[2.297705,48.887535]]],[[[2.292138,48.880818],[2.292608,48.880397],[2.291254,48.87976],[2.290841,48.880133],[2.292138,48.880818]]],[[[2.295601,48.885309],[2.29383,48.885539],[2.295657,48.886197],[2.295601,48.885309]]],[[[2.295268,48.884158],[2.294985,48.884046],[2.294524,48.884422],[2.295725,48.884988],[2.296422,48.884909],[2.295268,48.884158]]],[[[2.291664,48.88458],[2.292476,48.883945],[2.290964,48.884062],[2.29103,48.885025],[2.291664,48.88458]]],[[[2.293115,48.885973],[2.292735,48.886157],[2.293899,48.886872],[2.294499,48.886338],[2.293115,48.885973]]],[[[2.291551,48.881302],[2.292013,48.88092],[2.290752,48.880248],[2.291528,48.881107],[2.290062,48.880843],[2.291282,48.881493],[2.291551,48.881302]]],[[[2.292382,48.886307],[2.291193,48.886983],[2.291702,48.887245],[2.292694,48.886544],[2.292382,48.886307]]],[[[2.301391,48.882823],[2.301096,48.882531],[2.300379,48.883776],[2.301673,48.88328],[2.301391,48.882823]]],[[[2.292567,48.88178],[2.292103,48.881936],[2.293713,48.882809],[2.294014,48.882566],[2.292567,48.88178]]],[[[2.29406,48.881081],[2.293401,48.880771],[2.292952,48.881199],[2.293776,48.881696],[2.294338,48.881235],[2.29406,48.881081]]],[[[2.299785,48.880618],[2.298712,48.881288],[2.299652,48.881447],[2.300068,48.88106],[2.299785,48.880618]]],[[[2.294266,48.879188],[2.294065,48.878851],[2.293079,48.87909],[2.294381,48.879847],[2.294266,48.879188]]],[[[2.291308,48.886546],[2.291809,48.886192],[2.291477,48.8859],[2.290366,48.88638],[2.291308,48.886546]]],[[[2.290801,48.884076],[2.289529,48.884163],[2.290841,48.884985],[2.290801,48.884076]]],[[[2.294781,48.886368],[2.294091,48.88699],[2.294664,48.887248],[2.29534,48.886575],[2.294781,48.886368]]],[[[2.292216,48.887399],[2.293393,48.886926],[2.292812,48.886617],[2.291853,48.887297],[2.292216,48.887399]]],[[[2.294706,48.884618],[2.293678,48.88523],[2.295502,48.885027],[2.294706,48.884618]]],[[[2.292899,48.881386],[2.292501,48.881607],[2.294116,48.882391],[2.293841,48.88188],[2.292899,48.881386]]],[[[2.290765,48.883476],[2.290669,48.883077],[2.289549,48.884003],[2.290743,48.88394],[2.290765,48.883476]]],[[[2.294654,48.881361],[2.293966,48.881762],[2.294233,48.882257],[2.295082,48.881587],[2.294654,48.881361]]],[[[2.295636,48.8785],[2.294505,48.878752],[2.294814,48.879426],[2.295636,48.8785]]],[[[2.296606,48.885272],[2.295762,48.885287],[2.295856,48.886176],[2.296606,48.885272]]],[[[2.30168,48.882225],[2.301331,48.882119],[2.302029,48.883076],[2.302707,48.882844],[2.30168,48.882225]]],[[[2.292768,48.882805],[2.292179,48.883091],[2.29299,48.883505],[2.293366,48.883129],[2.292768,48.882805]]],[[[2.298032,48.888131],[2.297679,48.88805],[2.297448,48.888569],[2.298535,48.888462],[2.298032,48.888131]]],[[[2.291826,48.882295],[2.291289,48.88261],[2.292048,48.882996],[2.292422,48.882617],[2.291826,48.882295]]],[[[2.292967,48.881019],[2.293367,48.880754],[2.292789,48.880483],[2.29227,48.880881],[2.292967,48.881019]]],[[[2.293436,48.883032],[2.293613,48.88289],[2.291832,48.882156],[2.293436,48.883032]]],[[[2.296071,48.880716],[2.296328,48.880457],[2.295708,48.880206],[2.295929,48.880646],[2.295357,48.880481],[2.295646,48.881049],[2.296071,48.880716]]],[[[2.294979,48.883872],[2.295157,48.883729],[2.293612,48.88312],[2.294979,48.883872]]],[[[2.296386,48.884636],[2.296562,48.884495],[2.295152,48.883957],[2.296386,48.884636]]],[[[2.291023,48.881725],[2.291199,48.881583],[2.289846,48.881084],[2.291023,48.881725]]],[[[2.294597,48.886133],[2.293895,48.885879],[2.293895,48.885879],[2.293895,48.885879],[2.293895,48.885879],[2.293895,48.885879],[2.293895,48.885879],[2.293895,48.885879],[2.293895,48.885879],[2.293895,48.885879],[2.293895,48.885879],[2.293895,48.885879],[2.293895,48.885879],[2.293895,48.885879],[2.293895,48.885879],[2.293895,48.885879],[2.293895,48.885879],[2.293895,48.885879],[2.293895,48.885879],[2.293895,48.885879],[2.293895,48.885879],[2.293895,48.885879],[2.293895,48.885878],[2.293883,48.885893],[2.293839,48.885877],[2.29385,48.885863],[2.293848,48.885863],[2.293848,48.885862],[2.293848,48.885862],[2.293848,48.885862],[2.293848,48.885862],[2.293848,48.885862],[2.293848,48.885862],[2.293848,48.885862],[2.293848,48.885862],[2.293848,48.885862],[2.293848,48.885862],[2.293848,48.885862],[2.293848,48.885862],[2.293848,48.885862],[2.293848,48.885862],[2.293848,48.885862],[2.293848,48.885862],[2.293848,48.885862],[2.293848,48.885862],[2.293845,48.885861],[2.293845,48.885861],[2.293845,48.885861],[2.293845,48.885861],[2.293845,48.885861],[2.293845,48.885861],[2.293845,48.885861],[2.293845,48.885861],[2.293845,48.885861],[2.293845,48.885861],[2.293845,48.885861],[2.293845,48.885861],[2.293845,48.885861],[2.293845,48.885861],[2.293845,48.885861],[2.293845,48.885861],[2.293845,48.885861],[2.293845,48.885861],[2.293291,48.885663],[2.293268,48.88568],[2.293213,48.88572],[2.293191,48.885736],[2.293209,48.885747],[2.293182,48.885767],[2.293164,48.885756],[2.293077,48.88582],[2.293085,48.885847],[2.293171,48.885867],[2.293397,48.88592],[2.293749,48.886003],[2.293749,48.886003],[2.293749,48.886003],[2.293749,48.886003],[2.293749,48.886003],[2.293749,48.886003],[2.293749,48.886003],[2.293752,48.886004],[2.293752,48.886004],[2.293752,48.886004],[2.293752,48.886004],[2.293752,48.886004],[2.293752,48.886004],[2.293755,48.886004],[2.293763,48.885989],[2.293801,48.885998],[2.293793,48.886014],[2.293794,48.886014],[2.293794,48.886014],[2.293794,48.886014],[2.293794,48.886014],[2.293794,48.886014],[2.293795,48.886014],[2.293795,48.886014],[2.293795,48.886014],[2.293795,48.886014],[2.293795,48.886014],[2.293795,48.886014],[2.293795,48.886014],[2.293795,48.886014],[2.293845,48.886026],[2.293845,48.886026],[2.293847,48.886027],[2.293842,48.886037],[2.293842,48.886037],[2.293843,48.886037],[2.293843,48.886038],[2.293844,48.886038],[2.293844,48.886038],[2.293845,48.886039],[2.293846,48.886039],[2.293846,48.88604],[2.293847,48.88604],[2.293848,48.88604],[2.293848,48.886041],[2.293849,48.886041],[2.29385,48.886041],[2.29385,48.886042],[2.293851,48.886042],[2.293852,48.886042],[2.293852,48.886042],[2.293853,48.886043],[2.293854,48.886043],[2.293854,48.886043],[2.293855,48.886043],[2.293856,48.886044],[2.293857,48.886044],[2.293857,48.886044],[2.293858,48.886044],[2.293859,48.886045],[2.29386,48.886045],[2.29386,48.886045],[2.293861,48.886045],[2.293862,48.886045],[2.293863,48.886045],[2.293864,48.886046],[2.293864,48.886046],[2.293865,48.886046],[2.293866,48.886046],[2.293867,48.886046],[2.293868,48.886046],[2.293868,48.886046],[2.293869,48.886046],[2.29387,48.886046],[2.293871,48.886047],[2.293872,48.886047],[2.293872,48.886047],[2.293873,48.886047],[2.293874,48.886047],[2.293875,48.886047],[2.293876,48.886047],[2.293877,48.886047],[2.293877,48.886047],[2.293878,48.886047],[2.293879,48.886047],[2.29388,48.886047],[2.293881,48.886047],[2.293881,48.886047],[2.293882,48.886047],[2.293883,48.886046],[2.293884,48.886046],[2.293884,48.886046],[2.293889,48.886036],[2.293904,48.886039],[2.293903,48.88604],[2.293905,48.88604],[2.2939,48.886051],[2.293902,48.886052],[2.293903,48.886053],[2.293904,48.886053],[2.293904,48.886053],[2.293905,48.886054],[2.293905,48.886054],[2.293906,48.886054],[2.293907,48.886055],[2.293908,48.886055],[2.293908,48.886055],[2.293909,48.886056],[2.29391,48.886056],[2.29391,48.886056],[2.293911,48.886056],[2.293912,48.886057],[2.293913,48.886057],[2.293913,48.886057],[2.293914,48.886058],[2.293915,48.886058],[2.293916,48.886058],[2.293916,48.886058],[2.293917,48.886058],[2.293918,48.886059],[2.293919,48.886059],[2.293919,48.886059],[2.29392,48.886059],[2.293921,48.886059],[2.293922,48.886059],[2.293923,48.88606],[2.293923,48.88606],[2.293924,48.88606],[2.293925,48.88606],[2.293926,48.88606],[2.293927,48.88606],[2.293928,48.88606],[2.293928,48.88606],[2.293929,48.88606],[2.29393,48.88606],[2.293931,48.88606],[2.293932,48.88606],[2.293932,48.88606],[2.293933,48.886061],[2.293934,48.886061],[2.293935,48.886061],[2.293936,48.886061],[2.293937,48.88606],[2.293937,48.88606],[2.293938,48.88606],[2.293939,48.88606],[2.29394,48.88606],[2.293941,48.88606],[2.293942,48.88606],[2.293942,48.88606],[2.293948,48.88605],[2.294556,48.886193],[2.294575,48.886188],[2.294604,48.886145],[2.294597,48.886133]]],[[[2.292598,48.88123],[2.291887,48.881206],[2.29229,48.881484],[2.292598,48.88123]]],[[[2.291836,48.881595],[2.292231,48.881627],[2.291743,48.881347],[2.291454,48.881586],[2.291932,48.881843],[2.291836,48.881595]]],[[[2.296521,48.882245],[2.296194,48.882122],[2.296546,48.882741],[2.296921,48.88246],[2.296521,48.882245]]],[[[2.298167,48.881526],[2.298421,48.881306],[2.297569,48.88096],[2.297276,48.881125],[2.298167,48.881526]]],[[[2.297191,48.882563],[2.296585,48.882847],[2.296682,48.88308],[2.297191,48.882563]]],[[[2.30021,48.881202],[2.299868,48.881517],[2.300483,48.88162],[2.30021,48.881202]]],[[[2.2975,48.879936],[2.29749,48.879931],[2.297557,48.879875],[2.297566,48.87988],[2.297596,48.879855],[2.297598,48.879853],[2.2976,48.879854],[2.297634,48.879825],[2.297671,48.879795],[2.297798,48.879694],[2.297809,48.879685],[2.297836,48.879662],[2.297918,48.879597],[2.297921,48.879599],[2.297926,48.879595],[2.2978,48.879526],[2.297668,48.879624],[2.297461,48.879778],[2.29734,48.879868],[2.29726,48.879928],[2.297258,48.879929],[2.297257,48.879929],[2.297135,48.88002],[2.297216,48.880063],[2.297237,48.880075],[2.297294,48.880105],[2.297412,48.880008],[2.297488,48.879946],[2.2975,48.879936]]],[[[2.291658,48.882062],[2.291808,48.881913],[2.291162,48.881792],[2.291658,48.882062]]],[[[2.299252,48.879885],[2.29898,48.880058],[2.299573,48.880326],[2.299252,48.879885]]],[[[2.288963,48.882451],[2.288642,48.8823],[2.28868,48.882652],[2.289172,48.882597],[2.288963,48.882451]]],[[[2.295366,48.880068],[2.295108,48.879994],[2.29528,48.88033],[2.295366,48.880068]]],[[[2.289754,48.882848],[2.289434,48.882683],[2.289356,48.882687],[2.289341,48.882801],[2.289573,48.882913],[2.289758,48.882884],[2.289754,48.882848]]],[[[2.295485,48.890088],[2.294751,48.889709],[2.294711,48.889706],[2.294577,48.889716],[2.294483,48.8898],[2.294559,48.88981],[2.295035,48.889869],[2.295041,48.889865],[2.29548,48.890092],[2.295485,48.890088]]],[[[2.290322,48.883141],[2.290004,48.882976],[2.289912,48.882981],[2.289932,48.883042],[2.29019,48.883178],[2.290319,48.883165],[2.290322,48.883141]]]],"type":"MultiPolygon"},"properties":{"id_projet":"COLLEGES (année scolaire 2022/2023)","libelle":"PIERRE DE RONSARD","annee_scol":"2022-2023","zone_commune":0,"etiquette":"Secteur du collège PIERRE DE RONSARD","lib_etab_1":"PIERRE DE RONSARD","lib_etab_2":null,"lib_etab_3":null,"lib_etab_4":null,"adr_etab_1":"140 AVENUE DE WAGRAM","adr_etab_2":null,"adr_etab_3":null,"adr_etab_4":null,"st_area_shape":536218.895585963,"st_perimeter_shape":28133.513286659276,"type_etabl":"Collège","geo_point_2d":{"lon":2.295025251932968,"lat":48.88395275556152}}},{"type":"Feature","geometry":{"coordinates":[[[[2.310262,48.884716],[2.310712,48.884917],[2.312489,48.883303],[2.310423,48.883128],[2.309557,48.88352],[2.30894,48.884055],[2.310262,48.884716]]],[[[2.312683,48.885834],[2.314703,48.8845],[2.3144,48.884334],[2.313052,48.885463],[2.313325,48.884909],[2.31278,48.885314],[2.31318,48.884823],[2.312361,48.885055],[2.313929,48.884057],[2.313606,48.883879],[2.311022,48.885122],[2.312354,48.886059],[2.312683,48.885834]]],[[[2.307909,48.890646],[2.309505,48.889676],[2.309255,48.889487],[2.30942,48.888692],[2.309008,48.888831],[2.308908,48.889806],[2.308664,48.889888],[2.308862,48.88888],[2.308145,48.88909],[2.30853,48.8895],[2.307753,48.889222],[2.306673,48.889585],[2.307712,48.890756],[2.307909,48.890646]]],[[[2.305441,48.881305],[2.305977,48.880809],[2.303753,48.879687],[2.302945,48.880351],[2.305174,48.881453],[2.305441,48.881305]]],[[[2.30719,48.88095],[2.308304,48.88043],[2.307294,48.880214],[2.307168,48.880469],[2.307209,48.880195],[2.304971,48.879715],[2.30473,48.880023],[2.306793,48.881087],[2.30719,48.88095]]],[[[2.307525,48.887404],[2.308201,48.886869],[2.306572,48.886006],[2.305622,48.886741],[2.3064,48.88731],[2.307525,48.887404]]],[[[2.309221,48.885153],[2.309989,48.885557],[2.310585,48.885035],[2.309343,48.884391],[2.308183,48.885408],[2.309588,48.885858],[2.309954,48.885583],[2.309221,48.885153]]],[[[2.304177,48.882175],[2.30112,48.88134],[2.300901,48.881529],[2.302962,48.882705],[2.304177,48.882175]]],[[[2.316008,48.885121],[2.316226,48.885222],[2.316955,48.884523],[2.316702,48.884312],[2.317017,48.884463],[2.317676,48.88383],[2.317281,48.883651],[2.31779,48.883133],[2.31766,48.882909],[2.315595,48.884855],[2.316008,48.885121]]],[[[2.307204,48.883145],[2.307969,48.88294],[2.30568,48.881831],[2.304782,48.88218],[2.307204,48.883145]]],[[[2.308882,48.880651],[2.306587,48.881458],[2.307668,48.882012],[2.308882,48.880651]]],[[[2.306125,48.883695],[2.307699,48.884579],[2.30847,48.883981],[2.307393,48.883436],[2.306125,48.883695]]],[[[2.315453,48.884796],[2.316586,48.883728],[2.315713,48.883365],[2.314681,48.88432],[2.315453,48.884796]]],[[[2.304155,48.881093],[2.303107,48.881766],[2.304378,48.882112],[2.30536,48.881723],[2.304155,48.881093]]],[[[2.308222,48.885642],[2.307294,48.88624],[2.308309,48.886789],[2.309362,48.886028],[2.308222,48.885642]]],[[[2.307457,48.888179],[2.307801,48.888133],[2.307627,48.888423],[2.308002,48.888932],[2.310167,48.888274],[2.307098,48.887931],[2.307457,48.888179]]],[[[2.312842,48.881048],[2.312363,48.881254],[2.31343,48.881836],[2.315225,48.881362],[2.312842,48.881048]]],[[[2.306567,48.88159],[2.305842,48.881776],[2.308226,48.882928],[2.308794,48.882821],[2.306567,48.88159]]],[[[2.315062,48.883054],[2.31476,48.882937],[2.313783,48.883815],[2.314581,48.884257],[2.315604,48.883311],[2.315062,48.883054]]],[[[2.302815,48.879251],[2.30234,48.879178],[2.300532,48.880914],[2.300972,48.881131],[2.302815,48.879251]]],[[[2.306077,48.883809],[2.305153,48.883918],[2.307138,48.885019],[2.307601,48.884691],[2.306077,48.883809]]],[[[2.310178,48.887369],[2.311273,48.887689],[2.309214,48.886371],[2.308767,48.886678],[2.310348,48.887749],[2.310724,48.887733],[2.310178,48.887369]]],[[[2.302128,48.879105],[2.301677,48.879034],[2.300027,48.880269],[2.300344,48.880763],[2.302128,48.879105]]],[[[2.310895,48.887125],[2.310405,48.886813],[2.310775,48.88656],[2.312121,48.887169],[2.311242,48.8866],[2.309599,48.886079],[2.309271,48.886303],[2.311346,48.887645],[2.310895,48.887125]]],[[[2.299081,48.87845],[2.298671,48.878467],[2.299468,48.87956],[2.300607,48.878858],[2.299081,48.87845]]],[[[2.316869,48.883531],[2.317542,48.882899],[2.316967,48.883331],[2.316393,48.883009],[2.316208,48.883182],[2.315683,48.882906],[2.31595,48.882627],[2.315629,48.88219],[2.315345,48.882433],[2.315532,48.882552],[2.314854,48.882853],[2.316682,48.883684],[2.316869,48.883531]]],[[[2.305301,48.883071],[2.304937,48.882915],[2.305375,48.882502],[2.304437,48.882326],[2.304558,48.883588],[2.305764,48.883461],[2.305301,48.883071]]],[[[2.313385,48.883321],[2.313842,48.883585],[2.314815,48.882707],[2.314505,48.882538],[2.314172,48.882846],[2.314462,48.882515],[2.314114,48.882367],[2.312954,48.883207],[2.313385,48.883321]]],[[[2.309446,48.88125],[2.309158,48.880997],[2.309111,48.882684],[2.310214,48.882162],[2.309446,48.88125]]],[[[2.312786,48.883125],[2.313949,48.882237],[2.312029,48.882417],[2.312786,48.883125]]],[[[2.300178,48.879966],[2.30147,48.878964],[2.300818,48.878848],[2.299573,48.879648],[2.299894,48.880145],[2.300178,48.879966]]],[[[2.311256,48.880857],[2.30992,48.880738],[2.31122,48.881696],[2.312069,48.881034],[2.311256,48.880857]]],[[[2.308907,48.881661],[2.308875,48.880979],[2.307801,48.882108],[2.308858,48.88264],[2.308907,48.881661]]],[[[2.311963,48.886475],[2.312575,48.886363],[2.310883,48.885211],[2.310414,48.885441],[2.311963,48.886475]]],[[[2.313059,48.883535],[2.31084,48.885027],[2.313497,48.88382],[2.313059,48.883535]]],[[[2.310288,48.882032],[2.311001,48.881804],[2.309297,48.880718],[2.310288,48.882032]]],[[[2.314971,48.885877],[2.315264,48.886032],[2.316095,48.885316],[2.315466,48.884974],[2.314495,48.885889],[2.314971,48.885877]]],[[[2.312642,48.882003],[2.313222,48.881839],[2.312279,48.881324],[2.311538,48.881899],[2.311835,48.882175],[2.312642,48.882003]],[[2.312217,48.881806],[2.312267,48.881766],[2.312382,48.881676],[2.312424,48.881699],[2.312334,48.881768],[2.31226,48.881825],[2.312217,48.881806]]],[[[2.30301,48.88054],[2.301768,48.881401],[2.303538,48.880822],[2.30301,48.88054]]],[[[2.305991,48.883411],[2.306935,48.88319],[2.30556,48.882555],[2.305223,48.882851],[2.305991,48.883411]]],[[[2.316337,48.885459],[2.315259,48.886177],[2.315577,48.886343],[2.315359,48.88651],[2.316667,48.885675],[2.316337,48.885459]]],[[[2.307501,48.88821],[2.306309,48.889104],[2.306556,48.889424],[2.307675,48.889029],[2.307196,48.888615],[2.307501,48.88821]]],[[[2.317279,48.885072],[2.317732,48.884628],[2.317254,48.884394],[2.316331,48.885311],[2.316791,48.885552],[2.317279,48.885072]]],[[[2.309138,48.883248],[2.307676,48.88341],[2.308609,48.883867],[2.309138,48.883248]]],[[[2.307565,48.88761],[2.307342,48.887801],[2.309087,48.888],[2.310792,48.887951],[2.307565,48.88761]]],[[[2.302399,48.880245],[2.301278,48.881252],[2.301622,48.881343],[2.3027,48.880414],[2.302399,48.880245]]],[[[2.309206,48.887657],[2.310028,48.88769],[2.308662,48.886787],[2.308294,48.887032],[2.309206,48.887657]]],[[[2.310985,48.885899],[2.310372,48.885476],[2.310093,48.885717],[2.312114,48.886656],[2.310985,48.885899]]],[[[2.311783,48.882533],[2.310681,48.88304],[2.312433,48.883191],[2.311783,48.882533]]],[[[2.304213,48.882466],[2.303258,48.882865],[2.30433,48.883407],[2.304213,48.882466]]],[[[2.303032,48.880104],[2.303595,48.879607],[2.303071,48.879367],[2.302364,48.880072],[2.302793,48.880302],[2.303032,48.880104]]],[[[2.307474,48.885407],[2.306663,48.885915],[2.307186,48.886179],[2.307878,48.885597],[2.307474,48.885407]]],[[[2.314479,48.882408],[2.31494,48.88263],[2.3154,48.882221],[2.314857,48.881829],[2.314271,48.882253],[2.314479,48.882408]]],[[[2.307048,48.88776],[2.307223,48.887569],[2.305226,48.887321],[2.305164,48.887555],[2.307048,48.88776]]],[[[2.303727,48.880886],[2.302311,48.881549],[2.302935,48.881701],[2.303727,48.880886]]],[[[2.317783,48.884578],[2.318338,48.883999],[2.317842,48.883798],[2.317375,48.884244],[2.317783,48.884578]]],[[[2.30556,48.881623],[2.306633,48.881141],[2.30611,48.880901],[2.30556,48.881623]]],[[[2.30919,48.884316],[2.308754,48.884177],[2.308213,48.884651],[2.308623,48.884843],[2.30919,48.884316]]],[[[2.30833,48.884851],[2.308069,48.884737],[2.307538,48.885227],[2.30803,48.885364],[2.30833,48.884851]]],[[[2.314333,48.88589],[2.315387,48.884901],[2.314843,48.884594],[2.315025,48.884938],[2.314333,48.88589]]],[[[2.308765,48.887603],[2.308189,48.887142],[2.307736,48.887452],[2.308765,48.887603]]],[[[2.303822,48.879468],[2.304582,48.879969],[2.304802,48.879699],[2.303822,48.879468]]],[[[2.305661,48.886925],[2.305269,48.887171],[2.30613,48.88725],[2.305661,48.886925]]],[[[2.305557,48.887925],[2.306102,48.887817],[2.304934,48.887684],[2.305557,48.887925]]],[[[2.309417,48.888663],[2.309871,48.888701],[2.310906,48.88806],[2.309417,48.888663]]],[[[2.313908,48.884477],[2.314106,48.88415],[2.313285,48.884759],[2.313908,48.884477]]],[[[2.31291,48.883448],[2.312773,48.883367],[2.312732,48.883369],[2.312573,48.883484],[2.312448,48.883575],[2.312323,48.883665],[2.31223,48.883732],[2.312118,48.883813],[2.312245,48.88389],[2.312368,48.883813],[2.312454,48.88376],[2.31259,48.883675],[2.312727,48.88359],[2.312911,48.883475],[2.31291,48.883448]]],[[[2.310247,48.885955],[2.309991,48.885789],[2.309949,48.88579],[2.309784,48.885915],[2.309793,48.885941],[2.310116,48.886044],[2.310323,48.886109],[2.310524,48.886173],[2.310549,48.88615],[2.310388,48.886046],[2.310247,48.885955]]],[[[2.313857,48.882072],[2.314043,48.882171],[2.314112,48.882169],[2.314279,48.882046],[2.314435,48.881933],[2.31441,48.88191],[2.314147,48.881967],[2.314143,48.881968],[2.313871,48.882026],[2.313857,48.882072]]],[[[2.300646,48.881099],[2.300641,48.881098],[2.300637,48.881099],[2.300632,48.881099],[2.300627,48.8811],[2.300622,48.881102],[2.300619,48.881103],[2.300617,48.881105],[2.300615,48.881107],[2.300612,48.88111],[2.300611,48.881112],[2.300609,48.881116],[2.300608,48.881118],[2.300608,48.881122],[2.300608,48.881124],[2.300609,48.881127],[2.300611,48.88113],[2.300746,48.881314],[2.300787,48.881316],[2.300864,48.881239],[2.300858,48.881212],[2.300662,48.881103],[2.300657,48.881101],[2.300655,48.881101],[2.300652,48.8811],[2.300646,48.881099]]],[[[2.306597,48.887874],[2.306583,48.887872],[2.306573,48.887879],[2.306556,48.887891],[2.306609,48.887922],[2.306619,48.887928],[2.306623,48.887931],[2.30669,48.88797],[2.306819,48.887907],[2.306815,48.887899],[2.306597,48.887874]]]],"type":"MultiPolygon"},"properties":{"id_projet":"COLLEGES (année scolaire 2023/2024)","libelle":"CARNOT","annee_scol":"2023-2024","zone_commune":0,"etiquette":"Secteur du collège CARNOT","lib_etab_1":"CARNOT","lib_etab_2":null,"lib_etab_3":null,"lib_etab_4":null,"adr_etab_1":"145 BOULEVARD MALESHERBES","adr_etab_2":null,"adr_etab_3":null,"adr_etab_4":null,"st_area_shape":537839.3166189747,"st_perimeter_shape":29939.870363764578,"type_etabl":"Collège","geo_point_2d":{"lon":2.3087501909452204,"lat":48.88368677537624}}},{"type":"Feature","geometry":{"coordinates":[[[[2.296783,48.889666],[2.297004,48.889245],[2.294713,48.887867],[2.292938,48.889625],[2.294258,48.889775],[2.294763,48.88955],[2.296035,48.890196],[2.296783,48.889666]]],[[[2.295636,48.8785],[2.294505,48.878752],[2.294814,48.879426],[2.295636,48.8785]]],[[[2.294266,48.879188],[2.294065,48.878851],[2.293079,48.87909],[2.294381,48.879847],[2.294266,48.879188]]],[[[2.298912,48.879418],[2.298309,48.878597],[2.297433,48.878094],[2.295815,48.878447],[2.29883,48.879976],[2.299164,48.879764],[2.298912,48.879418]],[[2.297929,48.879284],[2.298146,48.879137],[2.298183,48.87916],[2.297962,48.879311],[2.297907,48.879348],[2.297867,48.879327],[2.297897,48.879307],[2.297929,48.879284]]],[[[2.296325,48.879466],[2.296747,48.879069],[2.29588,48.878624],[2.295458,48.879009],[2.296115,48.87925],[2.2954,48.879067],[2.294891,48.879561],[2.295605,48.880059],[2.296325,48.879466]]],[[[2.2975,48.879936],[2.29749,48.879931],[2.297557,48.879875],[2.297566,48.87988],[2.297596,48.879855],[2.297598,48.879853],[2.2976,48.879854],[2.297634,48.879825],[2.297671,48.879795],[2.297798,48.879694],[2.297809,48.879685],[2.297836,48.879662],[2.297918,48.879597],[2.297921,48.879599],[2.297926,48.879595],[2.2978,48.879526],[2.297668,48.879624],[2.297461,48.879778],[2.29734,48.879868],[2.29726,48.879928],[2.297258,48.879929],[2.297257,48.879929],[2.297135,48.88002],[2.297216,48.880063],[2.297237,48.880075],[2.297294,48.880105],[2.297412,48.880008],[2.297488,48.879946],[2.2975,48.879936]]],[[[2.293207,48.879318],[2.292853,48.879129],[2.291349,48.879673],[2.292482,48.88017],[2.293456,48.879505],[2.293207,48.879318]]],[[[2.299252,48.879885],[2.29898,48.880058],[2.299573,48.880326],[2.299252,48.879885]]],[[[2.295366,48.880068],[2.295108,48.879994],[2.29528,48.88033],[2.295366,48.880068]]],[[[2.297083,48.879201],[2.295794,48.880136],[2.296473,48.880377],[2.297697,48.879467],[2.297083,48.879201]]],[[[2.293814,48.879669],[2.292628,48.880274],[2.293473,48.88062],[2.294273,48.87996],[2.293814,48.879669]]],[[[2.297901,48.880598],[2.298734,48.880063],[2.297954,48.87961],[2.296584,48.880431],[2.297506,48.880829],[2.297901,48.880598]]],[[[2.292138,48.880818],[2.292608,48.880397],[2.291254,48.87976],[2.290841,48.880133],[2.292138,48.880818]]],[[[2.296071,48.880716],[2.296328,48.880457],[2.295708,48.880206],[2.295929,48.880646],[2.295357,48.880481],[2.295646,48.881049],[2.296071,48.880716]]],[[[2.292967,48.881019],[2.293367,48.880754],[2.292789,48.880483],[2.29227,48.880881],[2.292967,48.881019]]],[[[2.298707,48.881122],[2.299529,48.880476],[2.298838,48.88012],[2.297714,48.880858],[2.298707,48.881122]]],[[[2.299785,48.880618],[2.298712,48.881288],[2.299652,48.881447],[2.300068,48.88106],[2.299785,48.880618]]],[[[2.294714,48.880065],[2.29456,48.879863],[2.293594,48.880728],[2.29521,48.881469],[2.294714,48.880065]]],[[[2.292598,48.88123],[2.291887,48.881206],[2.29229,48.881484],[2.292598,48.88123]]],[[[2.298167,48.881526],[2.298421,48.881306],[2.297569,48.88096],[2.297276,48.881125],[2.298167,48.881526]]],[[[2.291551,48.881302],[2.292013,48.88092],[2.290752,48.880248],[2.291528,48.881107],[2.290062,48.880843],[2.291282,48.881493],[2.291551,48.881302]]],[[[2.30021,48.881202],[2.299868,48.881517],[2.300483,48.88162],[2.30021,48.881202]]],[[[2.29406,48.881081],[2.293401,48.880771],[2.292952,48.881199],[2.293776,48.881696],[2.294338,48.881235],[2.29406,48.881081]]],[[[2.291023,48.881725],[2.291199,48.881583],[2.289846,48.881084],[2.291023,48.881725]]],[[[2.296727,48.881354],[2.297399,48.880891],[2.296495,48.880525],[2.295722,48.881179],[2.296249,48.881231],[2.295792,48.881333],[2.296018,48.881778],[2.296727,48.881354]]],[[[2.291836,48.881595],[2.292231,48.881627],[2.291743,48.881347],[2.291454,48.881586],[2.291932,48.881843],[2.291836,48.881595]]],[[[2.291658,48.882062],[2.291808,48.881913],[2.291162,48.881792],[2.291658,48.882062]]],[[[2.294654,48.881361],[2.293966,48.881762],[2.294233,48.882257],[2.295082,48.881587],[2.294654,48.881361]]],[[[2.298003,48.881651],[2.297079,48.881383],[2.297162,48.8812],[2.296099,48.881912],[2.297068,48.882351],[2.298003,48.881651]]],[[[2.292899,48.881386],[2.292501,48.881607],[2.294116,48.882391],[2.293841,48.88188],[2.292899,48.881386]]],[[[2.288963,48.882451],[2.288642,48.8823],[2.28868,48.882652],[2.289172,48.882597],[2.288963,48.882451]]],[[[2.296521,48.882245],[2.296194,48.882122],[2.296546,48.882741],[2.296921,48.88246],[2.296521,48.882245]]],[[[2.292567,48.88178],[2.292103,48.881936],[2.293713,48.882809],[2.294014,48.882566],[2.292567,48.88178]]],[[[2.299164,48.881902],[2.299466,48.881578],[2.2985,48.881413],[2.297185,48.882428],[2.298141,48.882855],[2.299164,48.881902]]],[[[2.289754,48.882848],[2.289434,48.882683],[2.289356,48.882687],[2.289341,48.882801],[2.289573,48.882913],[2.289758,48.882884],[2.289754,48.882848]]],[[[2.291826,48.882295],[2.291289,48.88261],[2.292048,48.882996],[2.292422,48.882617],[2.291826,48.882295]]],[[[2.293436,48.883032],[2.293613,48.88289],[2.291832,48.882156],[2.293436,48.883032]]],[[[2.30168,48.882225],[2.301331,48.882119],[2.302029,48.883076],[2.302707,48.882844],[2.30168,48.882225]]],[[[2.297191,48.882563],[2.296585,48.882847],[2.296682,48.88308],[2.297191,48.882563]]],[[[2.290794,48.882814],[2.291571,48.882157],[2.289736,48.881168],[2.290493,48.882057],[2.290022,48.882426],[2.28923,48.882019],[2.288686,48.882181],[2.290468,48.883107],[2.290794,48.882814]]],[[[2.3,48.881684],[2.299685,48.881649],[2.298313,48.88296],[2.298886,48.883206],[2.300327,48.881773],[2.3,48.881684]]],[[[2.290322,48.883141],[2.290004,48.882976],[2.289912,48.882981],[2.289932,48.883042],[2.29019,48.883178],[2.290319,48.883165],[2.290322,48.883141]]],[[[2.292768,48.882805],[2.292179,48.883091],[2.29299,48.883505],[2.293366,48.883129],[2.292768,48.882805]]],[[[2.295219,48.883621],[2.2962,48.882981],[2.295235,48.881636],[2.294591,48.882191],[2.295579,48.882681],[2.29455,48.882228],[2.294248,48.88251],[2.295355,48.883095],[2.294182,48.882565],[2.293857,48.882863],[2.295219,48.883621]]],[[[2.300388,48.883381],[2.30101,48.8823],[2.300667,48.88183],[2.299495,48.882925],[2.300215,48.883257],[2.299405,48.883015],[2.299107,48.883311],[2.30009,48.883797],[2.300388,48.883381]]],[[[2.301391,48.882823],[2.301096,48.882531],[2.300379,48.883776],[2.301673,48.88328],[2.301391,48.882823]]],[[[2.294979,48.883872],[2.295157,48.883729],[2.293612,48.88312],[2.294979,48.883872]]],[[[2.291353,48.882783],[2.290866,48.882914],[2.291001,48.883921],[2.292861,48.883624],[2.291353,48.882783]]],[[[2.290765,48.883476],[2.290669,48.883077],[2.289549,48.884003],[2.290743,48.88394],[2.290765,48.883476]]],[[[2.29465,48.884129],[2.294874,48.883946],[2.293515,48.88321],[2.293012,48.883655],[2.294367,48.884347],[2.29465,48.884129]]],[[[2.297638,48.882774],[2.296765,48.883243],[2.29733,48.884352],[2.297681,48.884406],[2.298762,48.88332],[2.297638,48.882774]]],[[[2.296269,48.883119],[2.295442,48.883753],[2.296928,48.884409],[2.296269,48.883119]]],[[[2.296386,48.884636],[2.296562,48.884495],[2.295152,48.883957],[2.296386,48.884636]]],[[[2.299446,48.883626],[2.298986,48.883433],[2.297908,48.884504],[2.298403,48.884661],[2.300062,48.88396],[2.299446,48.883626]]],[[[2.295268,48.884158],[2.294985,48.884046],[2.294524,48.884422],[2.295725,48.884988],[2.296422,48.884909],[2.295268,48.884158]]],[[[2.290801,48.884076],[2.289529,48.884163],[2.290841,48.884985],[2.290801,48.884076]]],[[[2.291664,48.88458],[2.292476,48.883945],[2.290964,48.884062],[2.29103,48.885025],[2.291664,48.88458]]],[[[2.294706,48.884618],[2.293678,48.88523],[2.295502,48.885027],[2.294706,48.884618]]],[[[2.292822,48.885135],[2.293475,48.885283],[2.293714,48.885059],[2.293242,48.884794],[2.293839,48.884989],[2.2943,48.884426],[2.293618,48.884127],[2.291978,48.885445],[2.293156,48.885323],[2.292822,48.885135]]],[[[2.293074,48.883847],[2.29113,48.885165],[2.291702,48.885496],[2.293484,48.884065],[2.293074,48.883847]]],[[[2.289313,48.885807],[2.290541,48.885652],[2.290838,48.885354],[2.289496,48.884513],[2.289313,48.885807]]],[[[2.296606,48.885272],[2.295762,48.885287],[2.295856,48.886176],[2.296606,48.885272]]],[[[2.295601,48.885309],[2.29383,48.885539],[2.295657,48.886197],[2.295601,48.885309]]],[[[2.294597,48.886133],[2.293895,48.885879],[2.293895,48.885879],[2.293895,48.885879],[2.293895,48.885879],[2.293895,48.885879],[2.293895,48.885879],[2.293895,48.885879],[2.293895,48.885879],[2.293895,48.885879],[2.293895,48.885879],[2.293895,48.885879],[2.293895,48.885879],[2.293895,48.885879],[2.293895,48.885879],[2.293895,48.885879],[2.293895,48.885879],[2.293895,48.885879],[2.293895,48.885879],[2.293895,48.885879],[2.293895,48.885879],[2.293895,48.885879],[2.293895,48.885878],[2.293883,48.885893],[2.293839,48.885877],[2.29385,48.885863],[2.293848,48.885863],[2.293848,48.885862],[2.293848,48.885862],[2.293848,48.885862],[2.293848,48.885862],[2.293848,48.885862],[2.293848,48.885862],[2.293848,48.885862],[2.293848,48.885862],[2.293848,48.885862],[2.293848,48.885862],[2.293848,48.885862],[2.293848,48.885862],[2.293848,48.885862],[2.293848,48.885862],[2.293848,48.885862],[2.293848,48.885862],[2.293848,48.885862],[2.293848,48.885862],[2.293845,48.885861],[2.293845,48.885861],[2.293845,48.885861],[2.293845,48.885861],[2.293845,48.885861],[2.293845,48.885861],[2.293845,48.885861],[2.293845,48.885861],[2.293845,48.885861],[2.293845,48.885861],[2.293845,48.885861],[2.293845,48.885861],[2.293845,48.885861],[2.293845,48.885861],[2.293845,48.885861],[2.293845,48.885861],[2.293845,48.885861],[2.293845,48.885861],[2.293291,48.885663],[2.293268,48.88568],[2.293213,48.88572],[2.293191,48.885736],[2.293209,48.885747],[2.293182,48.885767],[2.293164,48.885756],[2.293077,48.88582],[2.293085,48.885847],[2.293171,48.885867],[2.293397,48.88592],[2.293749,48.886003],[2.293749,48.886003],[2.293749,48.886003],[2.293749,48.886003],[2.293749,48.886003],[2.293749,48.886003],[2.293749,48.886003],[2.293752,48.886004],[2.293752,48.886004],[2.293752,48.886004],[2.293752,48.886004],[2.293752,48.886004],[2.293752,48.886004],[2.293755,48.886004],[2.293763,48.885989],[2.293801,48.885998],[2.293793,48.886014],[2.293794,48.886014],[2.293794,48.886014],[2.293794,48.886014],[2.293794,48.886014],[2.293794,48.886014],[2.293795,48.886014],[2.293795,48.886014],[2.293795,48.886014],[2.293795,48.886014],[2.293795,48.886014],[2.293795,48.886014],[2.293795,48.886014],[2.293795,48.886014],[2.293845,48.886026],[2.293845,48.886026],[2.293847,48.886027],[2.293842,48.886037],[2.293842,48.886037],[2.293843,48.886037],[2.293843,48.886038],[2.293844,48.886038],[2.293844,48.886038],[2.293845,48.886039],[2.293846,48.886039],[2.293846,48.88604],[2.293847,48.88604],[2.293848,48.88604],[2.293848,48.886041],[2.293849,48.886041],[2.29385,48.886041],[2.29385,48.886042],[2.293851,48.886042],[2.293852,48.886042],[2.293852,48.886042],[2.293853,48.886043],[2.293854,48.886043],[2.293854,48.886043],[2.293855,48.886043],[2.293856,48.886044],[2.293857,48.886044],[2.293857,48.886044],[2.293858,48.886044],[2.293859,48.886045],[2.29386,48.886045],[2.29386,48.886045],[2.293861,48.886045],[2.293862,48.886045],[2.293863,48.886045],[2.293864,48.886046],[2.293864,48.886046],[2.293865,48.886046],[2.293866,48.886046],[2.293867,48.886046],[2.293868,48.886046],[2.293868,48.886046],[2.293869,48.886046],[2.29387,48.886046],[2.293871,48.886047],[2.293872,48.886047],[2.293872,48.886047],[2.293873,48.886047],[2.293874,48.886047],[2.293875,48.886047],[2.293876,48.886047],[2.293877,48.886047],[2.293877,48.886047],[2.293878,48.886047],[2.293879,48.886047],[2.29388,48.886047],[2.293881,48.886047],[2.293881,48.886047],[2.293882,48.886047],[2.293883,48.886046],[2.293884,48.886046],[2.293884,48.886046],[2.293889,48.886036],[2.293904,48.886039],[2.293903,48.88604],[2.293905,48.88604],[2.2939,48.886051],[2.293902,48.886052],[2.293903,48.886053],[2.293904,48.886053],[2.293904,48.886053],[2.293905,48.886054],[2.293905,48.886054],[2.293906,48.886054],[2.293907,48.886055],[2.293908,48.886055],[2.293908,48.886055],[2.293909,48.886056],[2.29391,48.886056],[2.29391,48.886056],[2.293911,48.886056],[2.293912,48.886057],[2.293913,48.886057],[2.293913,48.886057],[2.293914,48.886058],[2.293915,48.886058],[2.293916,48.886058],[2.293916,48.886058],[2.293917,48.886058],[2.293918,48.886059],[2.293919,48.886059],[2.293919,48.886059],[2.29392,48.886059],[2.293921,48.886059],[2.293922,48.886059],[2.293923,48.88606],[2.293923,48.88606],[2.293924,48.88606],[2.293925,48.88606],[2.293926,48.88606],[2.293927,48.88606],[2.293928,48.88606],[2.293928,48.88606],[2.293929,48.88606],[2.29393,48.88606],[2.293931,48.88606],[2.293932,48.88606],[2.293932,48.88606],[2.293933,48.886061],[2.293934,48.886061],[2.293935,48.886061],[2.293936,48.886061],[2.293937,48.88606],[2.293937,48.88606],[2.293938,48.88606],[2.293939,48.88606],[2.29394,48.88606],[2.293941,48.88606],[2.293942,48.88606],[2.293942,48.88606],[2.293948,48.88605],[2.294556,48.886193],[2.294575,48.886188],[2.294604,48.886145],[2.294597,48.886133]]],[[[2.291308,48.886546],[2.291809,48.886192],[2.291477,48.8859],[2.290366,48.88638],[2.291308,48.886546]]],[[[2.293115,48.885973],[2.292735,48.886157],[2.293899,48.886872],[2.294499,48.886338],[2.293115,48.885973]]],[[[2.294781,48.886368],[2.294091,48.88699],[2.294664,48.887248],[2.29534,48.886575],[2.294781,48.886368]]],[[[2.292382,48.886307],[2.291193,48.886983],[2.291702,48.887245],[2.292694,48.886544],[2.292382,48.886307]]],[[[2.292216,48.887399],[2.293393,48.886926],[2.292812,48.886617],[2.291853,48.887297],[2.292216,48.887399]]],[[[2.295645,48.887529],[2.297062,48.887113],[2.295829,48.886739],[2.295166,48.887399],[2.295645,48.887529]]],[[[2.297705,48.887535],[2.296068,48.887915],[2.297191,48.888361],[2.297705,48.887535]]],[[[2.289492,48.888504],[2.288948,48.888238],[2.288949,48.888303],[2.28941,48.88852],[2.289492,48.888504]]],[[[2.298032,48.888131],[2.297679,48.88805],[2.297448,48.888569],[2.298535,48.888462],[2.298032,48.888131]]],[[[2.291981,48.888505],[2.289661,48.887369],[2.288975,48.887986],[2.289654,48.888394],[2.289874,48.888101],[2.290445,48.888165],[2.289774,48.888453],[2.2919,48.889507],[2.292401,48.889564],[2.29304,48.888882],[2.291981,48.888505]]],[[[2.295485,48.890088],[2.294751,48.889709],[2.294711,48.889706],[2.294577,48.889716],[2.294483,48.8898],[2.294559,48.88981],[2.295035,48.889869],[2.295041,48.889865],[2.29548,48.890092],[2.295485,48.890088]]],[[[2.29719,48.890987],[2.295787,48.890249],[2.295774,48.890332],[2.297088,48.891018],[2.29719,48.890987]]],[[[2.297489,48.889466],[2.296371,48.890372],[2.300348,48.892548],[2.30062,48.89233],[2.298059,48.890424],[2.298023,48.889799],[2.297489,48.889466]]]],"type":"MultiPolygon"},"properties":{"id_projet":"COLLEGES (année scolaire 2025/2026)","libelle":"PIERRE DE RONSARD","annee_scol":"2025-2026","zone_commune":0,"etiquette":"Secteur du collège PIERRE DE RONSARD","lib_etab_1":"PIERRE DE RONSARD","lib_etab_2":null,"lib_etab_3":null,"lib_etab_4":null,"adr_etab_1":"140 AVENUE DE WAGRAM","adr_etab_2":null,"adr_etab_3":null,"adr_etab_4":null,"st_area_shape":537435.2428610689,"st_perimeter_shape":28510.33349289251,"type_etabl":"Collège","geo_point_2d":{"lon":2.2950251663225636,"lat":48.88396686733112}}},{"type":"Feature","geometry":{"coordinates":[[[[2.28482,48.885082],[2.286003,48.884037],[2.283408,48.882148],[2.284216,48.883164],[2.283642,48.883484],[2.282795,48.882858],[2.282187,48.883665],[2.28435,48.885345],[2.28482,48.885082]]],[[[2.292107,48.878965],[2.294002,48.87853],[2.29402,48.878306],[2.29221,48.877193],[2.29164,48.878091],[2.292164,48.8781],[2.291941,48.878843],[2.291709,48.878667],[2.291973,48.878258],[2.291616,48.878129],[2.291059,48.879007],[2.292107,48.878965]]],[[[2.290067,48.877824],[2.290933,48.876646],[2.290478,48.876505],[2.289422,48.87759],[2.289843,48.87697],[2.289105,48.876151],[2.288324,48.877742],[2.28921,48.878295],[2.289833,48.877779],[2.289285,48.878354],[2.289563,48.878459],[2.290067,48.877824]]],[[[2.290552,48.87896],[2.288419,48.878152],[2.28808,48.878238],[2.287699,48.879021],[2.288234,48.878919],[2.288084,48.879179],[2.289317,48.879608],[2.290742,48.879278],[2.290552,48.87896]]],[[[2.287593,48.88289],[2.288329,48.882224],[2.287963,48.882048],[2.287382,48.882377],[2.287653,48.882173],[2.287287,48.881934],[2.287836,48.88146],[2.287013,48.880982],[2.286713,48.881203],[2.286782,48.880878],[2.286351,48.881175],[2.28617,48.880977],[2.286809,48.880524],[2.285613,48.880801],[2.286946,48.881814],[2.286467,48.882247],[2.287008,48.882278],[2.286877,48.882506],[2.287593,48.88289]]],[[[2.29189,48.876914],[2.2924,48.87642],[2.291335,48.875327],[2.289408,48.875919],[2.29189,48.876914]]],[[[2.284256,48.880595],[2.284812,48.880409],[2.283998,48.878646],[2.282432,48.879048],[2.284256,48.880595]]],[[[2.288417,48.886619],[2.288102,48.886361],[2.28665,48.886544],[2.286632,48.886913],[2.288648,48.887819],[2.28921,48.887206],[2.288417,48.886619]]],[[[2.297239,48.877182],[2.296679,48.876462],[2.295209,48.877551],[2.295669,48.878147],[2.297598,48.877707],[2.297239,48.877182]]],[[[2.285889,48.884894],[2.285713,48.884751],[2.284732,48.885638],[2.285655,48.886265],[2.287376,48.886049],[2.285889,48.884894]]],[[[2.287559,48.878869],[2.287887,48.878198],[2.287702,48.878019],[2.285052,48.878033],[2.287275,48.879331],[2.287559,48.878869]]],[[[2.281863,48.881747],[2.280697,48.881924],[2.280908,48.882879],[2.28172,48.883511],[2.282513,48.882588],[2.281863,48.881747]]],[[[2.286173,48.880225],[2.286604,48.880176],[2.286318,48.879322],[2.28445,48.878331],[2.285227,48.880122],[2.286173,48.880225]]],[[[2.288719,48.881873],[2.289094,48.881532],[2.288298,48.881101],[2.288826,48.880677],[2.288035,48.880239],[2.286874,48.880509],[2.286911,48.880847],[2.288719,48.881873]]],[[[2.293186,48.874737],[2.291512,48.875271],[2.292526,48.876272],[2.293596,48.875005],[2.293186,48.874737]]],[[[2.285685,48.877116],[2.284451,48.877495],[2.284863,48.877883],[2.287717,48.877885],[2.285685,48.877116]]],[[[2.287916,48.883529],[2.287442,48.883321],[2.286568,48.884098],[2.286912,48.884312],[2.288655,48.884176],[2.287916,48.883529]]],[[[2.2902,48.880532],[2.291128,48.879691],[2.290895,48.879579],[2.288721,48.88008],[2.289938,48.88077],[2.2902,48.880532]]],[[[2.290866,48.878914],[2.291409,48.878089],[2.290355,48.877707],[2.28969,48.878505],[2.290866,48.878914]]],[[[2.293041,48.877473],[2.293236,48.87758],[2.293939,48.876294],[2.293551,48.875845],[2.292432,48.877129],[2.293041,48.877473]]],[[[2.28903,48.884597],[2.288646,48.884357],[2.287289,48.884546],[2.288878,48.885535],[2.28903,48.884597]]],[[[2.286458,48.882615],[2.286041,48.882457],[2.285717,48.883492],[2.286128,48.883825],[2.287147,48.883131],[2.286458,48.882615]]],[[[2.291621,48.87789],[2.292087,48.877109],[2.291606,48.876923],[2.291135,48.877421],[2.291575,48.876899],[2.291096,48.876732],[2.290455,48.877576],[2.291621,48.87789]]],[[[2.284646,48.881475],[2.283811,48.881674],[2.284264,48.881903],[2.284195,48.882624],[2.284644,48.882903],[2.285092,48.881836],[2.284646,48.881475]]],[[[2.287316,48.876612],[2.285882,48.877066],[2.287799,48.877792],[2.287316,48.876612]]],[[[2.288578,48.876781],[2.288845,48.876097],[2.287462,48.876558],[2.288054,48.877703],[2.288578,48.876781]]],[[[2.285683,48.882127],[2.285225,48.881943],[2.284902,48.882983],[2.28546,48.883411],[2.285907,48.882349],[2.285683,48.882127]]],[[[2.29473,48.877049],[2.29634,48.875946],[2.296048,48.875537],[2.294812,48.876555],[2.29473,48.877049]]],[[[2.286229,48.879139],[2.28803,48.879875],[2.284227,48.877836],[2.286229,48.879139]]],[[[2.294168,48.876544],[2.294012,48.876416],[2.293322,48.877678],[2.29375,48.877982],[2.294123,48.877728],[2.294168,48.876544]]],[[[2.296339,48.876602],[2.296643,48.876359],[2.296389,48.876047],[2.294933,48.87723],[2.295167,48.877451],[2.296339,48.876602]]],[[[2.294109,48.875203],[2.293607,48.875732],[2.294329,48.876496],[2.294534,48.875293],[2.294109,48.875203]]],[[[2.289268,48.883991],[2.290319,48.883165],[2.289895,48.882982],[2.288897,48.88369],[2.289268,48.883991]]],[[[2.288587,48.88304],[2.289175,48.882628],[2.28868,48.882652],[2.288642,48.8823],[2.28769,48.882985],[2.288195,48.883323],[2.288587,48.88304]]],[[[2.295478,48.875835],[2.295964,48.875424],[2.295828,48.875239],[2.29502,48.875329],[2.294851,48.876333],[2.295478,48.875835]]],[[[2.289334,48.883223],[2.289762,48.88292],[2.289312,48.88269],[2.288367,48.883434],[2.288776,48.883619],[2.289334,48.883223]]],[[[2.287811,48.879203],[2.287522,48.879465],[2.288226,48.879844],[2.289038,48.879671],[2.287811,48.879203]]],[[[2.295111,48.877625],[2.294586,48.87792],[2.294499,48.878391],[2.295516,48.878181],[2.295111,48.877625]]],[[[2.291221,48.880807],[2.290737,48.880249],[2.290062,48.880843],[2.290548,48.880778],[2.291375,48.881237],[2.291221,48.880807]]],[[[2.280526,48.87973],[2.280191,48.879692],[2.280379,48.880519],[2.280791,48.880552],[2.280526,48.87973]]],[[[2.286981,48.880146],[2.287549,48.879987],[2.286509,48.879453],[2.286981,48.880146]]],[[[2.289119,48.881416],[2.289591,48.881082],[2.288942,48.880739],[2.28851,48.881087],[2.289119,48.881416]]],[[[2.281292,48.881057],[2.280527,48.881175],[2.280626,48.881607],[2.281482,48.88141],[2.281292,48.881057]]],[[[2.288544,48.880387],[2.289815,48.880843],[2.288529,48.880143],[2.288243,48.880224],[2.288544,48.880387]]],[[[2.289243,48.882026],[2.289778,48.881807],[2.289378,48.88158],[2.28863,48.882134],[2.289243,48.882026]]],[[[2.288245,48.881703],[2.287885,48.881525],[2.287373,48.881932],[2.287732,48.882155],[2.288245,48.881703]]],[[[2.289446,48.88213],[2.290022,48.882426],[2.290493,48.882057],[2.290006,48.881783],[2.289705,48.882263],[2.289446,48.88213]]],[[[2.289887,48.876237],[2.289346,48.876071],[2.289926,48.876787],[2.290312,48.876426],[2.289887,48.876237]]],[[[2.285215,48.880957],[2.284815,48.881208],[2.285547,48.881548],[2.285215,48.880957]]],[[[2.286282,48.881582],[2.285936,48.881464],[2.286365,48.882113],[2.28668,48.88183],[2.286282,48.881582]]],[[[2.280963,48.880685],[2.280405,48.880637],[2.280503,48.881067],[2.281063,48.880936],[2.280963,48.880685]]],[[[2.282245,48.884017],[2.284218,48.885541],[2.284326,48.885534],[2.28226,48.883929],[2.282245,48.884017]]],[[[2.29009,48.881706],[2.289695,48.881171],[2.28939,48.881446],[2.29009,48.881706]]],[[[2.285354,48.88025],[2.285338,48.880524],[2.286123,48.880343],[2.285354,48.88025]]],[[[2.295052,48.875222],[2.295093,48.875221],[2.295146,48.87522],[2.295175,48.875219],[2.295212,48.875217],[2.295213,48.875218],[2.295227,48.875217],[2.295298,48.875212],[2.295298,48.875211],[2.295352,48.875207],[2.295406,48.875201],[2.295459,48.875195],[2.295508,48.875188],[2.295508,48.875189],[2.295579,48.875178],[2.295593,48.875176],[2.295592,48.875175],[2.295632,48.875168],[2.295671,48.87516],[2.29571,48.875152],[2.295746,48.875144],[2.295746,48.875146],[2.29576,48.875143],[2.295754,48.875134],[2.295751,48.875135],[2.295743,48.875124],[2.295745,48.875123],[2.29574,48.875115],[2.295738,48.875116],[2.295725,48.875099],[2.295727,48.875098],[2.295721,48.875089],[2.295719,48.87509],[2.295711,48.87508],[2.295713,48.875079],[2.295707,48.87507],[2.295705,48.875071],[2.295666,48.875017],[2.295668,48.875016],[2.295661,48.875007],[2.295659,48.875008],[2.295651,48.874997],[2.295654,48.874997],[2.295647,48.874988],[2.295645,48.874989],[2.295633,48.874972],[2.29507,48.875035],[2.295073,48.875035],[2.29507,48.875053],[2.295067,48.875053],[2.295065,48.875063],[2.295068,48.875063],[2.295066,48.875074],[2.295063,48.875074],[2.295062,48.875084],[2.295065,48.875084],[2.295055,48.875143],[2.295052,48.875143],[2.29505,48.875153],[2.295053,48.875153],[2.295051,48.875165],[2.295048,48.875165],[2.295046,48.875174],[2.295049,48.875174],[2.295046,48.875192],[2.295043,48.875192],[2.295042,48.875202],[2.295045,48.875202],[2.295042,48.875214],[2.29504,48.875214],[2.295038,48.875223],[2.295052,48.875223],[2.295052,48.875222]]],[[[2.294888,48.877353],[2.294606,48.877771],[2.295029,48.87755],[2.294888,48.877353]]],[[[2.283169,48.88177],[2.283335,48.881317],[2.282977,48.881404],[2.283169,48.88177]]],[[[2.28841,48.882151],[2.288647,48.881936],[2.288385,48.881782],[2.288074,48.881978],[2.28841,48.882151]]],[[[2.286455,48.886531],[2.285979,48.886537],[2.286464,48.886775],[2.286455,48.886531]]],[[[2.293635,48.874887],[2.293816,48.874745],[2.293319,48.874673],[2.293635,48.874887]]],[[[2.294539,48.875184],[2.294554,48.875187],[2.294586,48.875002],[2.294279,48.874936],[2.294159,48.875078],[2.294172,48.875103],[2.29418,48.875105],[2.294179,48.875107],[2.294193,48.87511],[2.294194,48.875109],[2.294263,48.875127],[2.294262,48.875129],[2.294276,48.875133],[2.294323,48.875143],[2.294323,48.875143],[2.294333,48.875146],[2.294334,48.875145],[2.294395,48.875158],[2.294395,48.875159],[2.294405,48.875161],[2.294406,48.875161],[2.294453,48.875171],[2.294468,48.875173],[2.294468,48.875171],[2.294506,48.875177],[2.29454,48.875183],[2.294539,48.875184]]],[[[2.293782,48.878005],[2.294051,48.878157],[2.294114,48.877779],[2.293782,48.878005]]],[[[2.284622,48.88586],[2.285164,48.886279],[2.285323,48.886308],[2.284647,48.885784],[2.284622,48.88586]]],[[[2.28784,48.887694],[2.287844,48.887761],[2.288222,48.887945],[2.288307,48.887922],[2.28784,48.887694]]],[[[2.287309,48.887444],[2.287373,48.887474],[2.28742,48.887432],[2.287357,48.887402],[2.287309,48.887444]]]],"type":"MultiPolygon"},"properties":{"id_projet":"COLLEGES (année scolaire 2026/2027)","libelle":"ANDRE MALRAUX","annee_scol":"2026-2027","zone_commune":0,"etiquette":"Secteur du collège ANDRE MALRAUX","lib_etab_1":"ANDRE MALRAUX","lib_etab_2":null,"lib_etab_3":null,"lib_etab_4":null,"adr_etab_1":"5 bis RUE SAINT-FERDINAND","adr_etab_2":null,"adr_etab_3":null,"adr_etab_4":null,"st_area_shape":512574.6542395198,"st_perimeter_shape":25410.9766027796,"type_etabl":"Collège","geo_point_2d":{"lon":2.288369740182703,"lat":48.88018059277178}}},{"type":"Feature","geometry":{"coordinates":[[[[2.309563,48.894059],[2.311146,48.89445],[2.31181,48.894012],[2.312626,48.894583],[2.31238,48.894177],[2.308241,48.89233],[2.308735,48.892123],[2.313685,48.894162],[2.314049,48.893637],[2.313115,48.893141],[2.313196,48.892334],[2.316735,48.890544],[2.317657,48.891156],[2.316817,48.89188],[2.318175,48.891435],[2.314134,48.887485],[2.311087,48.887949],[2.309229,48.888836],[2.309486,48.889346],[2.309255,48.889487],[2.309841,48.889475],[2.311165,48.890306],[2.308471,48.892098],[2.307152,48.891464],[2.305475,48.892394],[2.306746,48.891615],[2.304286,48.890453],[2.301877,48.891873],[2.304247,48.893358],[2.304002,48.893534],[2.303623,48.893761],[2.301142,48.892542],[2.300813,48.892687],[2.305667,48.895072],[2.304614,48.894382],[2.305193,48.893948],[2.307219,48.895146],[2.309696,48.895969],[2.310175,48.895992],[2.309915,48.895758],[2.311395,48.894818],[2.309563,48.894059]],[[2.309352,48.893956],[2.309563,48.894059],[2.309396,48.894018],[2.309334,48.893977],[2.309348,48.89396],[2.309352,48.893956]]],[[[2.315726,48.888322],[2.317502,48.887334],[2.31659,48.886584],[2.317592,48.886192],[2.316882,48.885782],[2.31436,48.887353],[2.315726,48.888322]]],[[[2.318543,48.891402],[2.319966,48.890555],[2.318608,48.88957],[2.317344,48.890274],[2.318543,48.891402]]],[[[2.314287,48.885362],[2.314712,48.884531],[2.314424,48.884563],[2.31237,48.886049],[2.313142,48.886568],[2.314287,48.885362]]],[[[2.317978,48.88907],[2.316873,48.889647],[2.317227,48.890149],[2.3185,48.889491],[2.317978,48.88907]]],[[[2.316843,48.889523],[2.31731,48.88925],[2.317011,48.889015],[2.317412,48.889191],[2.3178,48.888939],[2.31721,48.888527],[2.316233,48.889107],[2.316843,48.889523]]],[[[2.315037,48.886219],[2.315264,48.886032],[2.314495,48.885889],[2.314039,48.886319],[2.313892,48.887048],[2.315037,48.886219]]],[[[2.318406,48.887668],[2.319244,48.887158],[2.318458,48.886697],[2.317809,48.887085],[2.318406,48.887668]]],[[[2.318366,48.887867],[2.317453,48.888408],[2.318045,48.888821],[2.318817,48.888371],[2.318366,48.887867]]],[[[2.312774,48.887084],[2.311499,48.887699],[2.313528,48.887394],[2.312774,48.887084]]],[[[2.31176,48.887385],[2.312121,48.887169],[2.310775,48.88656],[2.310405,48.886813],[2.311387,48.887646],[2.31176,48.887385]]],[[[2.318942,48.888469],[2.318152,48.888929],[2.318755,48.889353],[2.319416,48.888997],[2.318942,48.888469]]],[[[2.317912,48.887393],[2.316885,48.887983],[2.317347,48.8883],[2.31824,48.887769],[2.317912,48.887393]]],[[[2.316319,48.888913],[2.317104,48.888419],[2.316684,48.888105],[2.31581,48.88863],[2.316319,48.888913]]],[[[2.315368,48.886233],[2.314098,48.887131],[2.315498,48.886594],[2.315368,48.886233]]],[[[2.320012,48.889584],[2.319459,48.889905],[2.320212,48.890439],[2.320596,48.890193],[2.320012,48.889584]]],[[[2.318577,48.887887],[2.318977,48.888273],[2.319078,48.887766],[2.319697,48.887555],[2.319348,48.887243],[2.318577,48.887887]]],[[[2.319544,48.889094],[2.318862,48.889459],[2.319332,48.889811],[2.319909,48.889475],[2.319544,48.889094]]],[[[2.314401,48.885665],[2.315025,48.884938],[2.314843,48.884594],[2.314401,48.885665]]],[[[2.31383,48.886677],[2.313732,48.886325],[2.313235,48.88663],[2.313729,48.886994],[2.31383,48.886677]]],[[[2.317503,48.886858],[2.31772,48.887021],[2.318287,48.886681],[2.318066,48.886522],[2.317503,48.886858]]],[[[2.312679,48.886454],[2.312191,48.8867],[2.312646,48.886809],[2.3129,48.886651],[2.312679,48.886454]]],[[[2.313114,48.88673],[2.312838,48.886906],[2.313619,48.887073],[2.313114,48.88673]]],[[[2.317584,48.88588],[2.317589,48.885876],[2.317182,48.885628],[2.317006,48.88566],[2.316993,48.885673],[2.316991,48.885676],[2.31699,48.885678],[2.316989,48.885679],[2.316988,48.885682],[2.316988,48.885684],[2.316988,48.885688],[2.316988,48.88569],[2.31699,48.885693],[2.316991,48.885695],[2.316995,48.885702],[2.317037,48.885726],[2.317039,48.885727],[2.317063,48.885741],[2.31707,48.885746],[2.317073,48.885747],[2.317108,48.885768],[2.317132,48.885782],[2.317139,48.885786],[2.31714,48.885787],[2.317199,48.88582],[2.317201,48.885821],[2.317208,48.885825],[2.317236,48.885841],[2.317268,48.885861],[2.317269,48.885861],[2.31727,48.885862],[2.317306,48.885883],[2.317329,48.885896],[2.317337,48.885901],[2.317339,48.885902],[2.317377,48.885924],[2.317477,48.885978],[2.317475,48.885979],[2.317599,48.886052],[2.317713,48.886119],[2.317734,48.886117],[2.31773,48.885949],[2.317722,48.885945],[2.3177,48.885935],[2.317687,48.885929],[2.317607,48.885891],[2.317584,48.88588]]],[[[2.317864,48.886351],[2.317757,48.886288],[2.317716,48.886288],[2.317568,48.886376],[2.31742,48.886464],[2.317311,48.886528],[2.317171,48.886611],[2.317137,48.886631],[2.317139,48.886658],[2.31728,48.88673],[2.317328,48.886701],[2.317446,48.88663],[2.317562,48.88656],[2.317705,48.886474],[2.317865,48.886378],[2.317864,48.886351]]],[[[2.318224,48.886323],[2.31825,48.886317],[2.318277,48.886313],[2.318299,48.886311],[2.318326,48.886309],[2.318353,48.88631],[2.31838,48.886312],[2.318408,48.886315],[2.318409,48.886314],[2.318434,48.886321],[2.318448,48.886325],[2.318458,48.886329],[2.31848,48.886339],[2.318487,48.886342],[2.318425,48.886215],[2.318208,48.886171],[2.318213,48.886168],[2.318109,48.88611],[2.3181,48.886116],[2.318032,48.886167],[2.318028,48.88617],[2.317876,48.886189],[2.317875,48.88619],[2.317881,48.886217],[2.317928,48.886244],[2.318031,48.886304],[2.31813,48.886362],[2.318152,48.88635],[2.318174,48.88634],[2.318199,48.886331],[2.31821,48.886327],[2.318224,48.886323]]],[[[2.312144,48.886884],[2.31181,48.886779],[2.311786,48.886801],[2.312029,48.886958],[2.312168,48.887048],[2.31224,48.887095],[2.312281,48.887096],[2.312291,48.887089],[2.312357,48.887049],[2.312433,48.887001],[2.312427,48.886974],[2.312292,48.886932],[2.312144,48.886884]]],[[[2.319257,48.886826],[2.318977,48.886857],[2.319384,48.887097],[2.319257,48.886826]]],[[[2.318865,48.886688],[2.318938,48.88657],[2.31887,48.886607],[2.318854,48.886595],[2.318839,48.886584],[2.318797,48.886554],[2.318773,48.886536],[2.31875,48.886519],[2.318692,48.886477],[2.318661,48.886501],[2.318633,48.886497],[2.318633,48.886517],[2.318629,48.88654],[2.318623,48.886561],[2.318614,48.886577],[2.318611,48.88658],[2.318597,48.886599],[2.318594,48.886603],[2.318579,48.886618],[2.318574,48.886623],[2.318704,48.886698],[2.318841,48.886778],[2.318872,48.886779],[2.318865,48.886688]]],[[[2.303439,48.890095],[2.30338,48.890074],[2.302971,48.890389],[2.302962,48.890474],[2.302967,48.890476],[2.303059,48.890407],[2.303105,48.890373],[2.303443,48.890119],[2.303439,48.890095]]]],"type":"MultiPolygon"},"properties":{"id_projet":"COLLEGES (année scolaire 2024/2025)","libelle":"ROSE BLANCHE","annee_scol":"2024-2025","zone_commune":0,"etiquette":"Secteur du collège ROSE BLANCHE","lib_etab_1":"ROSE BLANCHE","lib_etab_2":null,"lib_etab_3":null,"lib_etab_4":null,"adr_etab_1":"101 RUE DE SAUSSURE","adr_etab_2":null,"adr_etab_3":null,"adr_etab_4":null,"st_area_shape":609034.4497845693,"st_perimeter_shape":14980.573315262754,"type_etabl":"Collège","geo_point_2d":{"lon":2.3115188460549834,"lat":48.89083760784224}}},{"type":"Feature","geometry":{"coordinates":[[[[2.309941,48.891026],[2.311165,48.890306],[2.309841,48.889475],[2.307714,48.890758],[2.306673,48.889585],[2.304851,48.890265],[2.308471,48.892098],[2.309941,48.891026]]],[[[2.297489,48.889466],[2.296371,48.890372],[2.300348,48.892548],[2.30062,48.89233],[2.298059,48.890424],[2.298023,48.889799],[2.297489,48.889466]]],[[[2.296783,48.889666],[2.297004,48.889245],[2.294713,48.887867],[2.294453,48.888713],[2.294904,48.889185],[2.293121,48.889646],[2.294763,48.88955],[2.296035,48.890196],[2.296783,48.889666]]],[[[2.306838,48.885315],[2.303699,48.885371],[2.304939,48.88687],[2.306838,48.885315]]],[[[2.302515,48.88446],[2.298143,48.885135],[2.303034,48.885165],[2.302515,48.88446]]],[[[2.300223,48.889709],[2.301009,48.88888],[2.299722,48.888269],[2.298165,48.888815],[2.300223,48.889709]]],[[[2.300626,48.887086],[2.299802,48.886545],[2.299451,48.886855],[2.299684,48.8865],[2.297457,48.885513],[2.297613,48.886332],[2.298182,48.887011],[2.300626,48.887086]]],[[[2.302051,48.887226],[2.302381,48.888035],[2.304054,48.88886],[2.304317,48.887617],[2.302051,48.887226]]],[[[2.302016,48.890936],[2.300162,48.889994],[2.299569,48.890437],[2.301411,48.891588],[2.302016,48.890936]]],[[[2.305751,48.884485],[2.304943,48.884078],[2.303618,48.885114],[2.306656,48.885098],[2.305751,48.884485]]],[[[2.305116,48.889906],[2.306556,48.889424],[2.306309,48.889104],[2.307501,48.88821],[2.307094,48.887931],[2.306605,48.888299],[2.306947,48.888569],[2.306495,48.88838],[2.304367,48.88997],[2.305116,48.889906]]],[[[2.301341,48.887042],[2.300947,48.887238],[2.302219,48.889007],[2.303829,48.889587],[2.302705,48.888774],[2.301341,48.887042]]],[[[2.306736,48.887997],[2.306356,48.887847],[2.304443,48.888949],[2.304173,48.889848],[2.306736,48.887997]]],[[[2.303006,48.882962],[2.302198,48.883307],[2.302714,48.884017],[2.304357,48.883762],[2.303006,48.882962]]],[[[2.301246,48.885636],[2.301526,48.885373],[2.29878,48.885467],[2.300521,48.886188],[2.301246,48.885636]]],[[[2.302909,48.885389],[2.301828,48.885367],[2.300747,48.886265],[2.301524,48.886471],[2.302909,48.885389]]],[[[2.303881,48.886243],[2.303693,48.886051],[2.302412,48.886724],[2.304314,48.88705],[2.303881,48.886243]]],[[[2.301606,48.888452],[2.300821,48.887359],[2.30002,48.887927],[2.301788,48.888806],[2.301606,48.888452]]],[[[2.301867,48.883475],[2.300549,48.884013],[2.30122,48.884308],[2.302201,48.884184],[2.301867,48.883475]]],[[[2.301112,48.8868],[2.30132,48.88661],[2.297881,48.885394],[2.301112,48.8868]]],[[[2.297705,48.887535],[2.296068,48.887915],[2.297191,48.888361],[2.297705,48.887535]]],[[[2.302906,48.885958],[2.303655,48.885934],[2.303222,48.885424],[2.301816,48.886579],[2.303206,48.886158],[2.302906,48.885958]]],[[[2.297048,48.885496],[2.296079,48.886326],[2.297368,48.886813],[2.297048,48.885496]]],[[[2.298411,48.88713],[2.299728,48.887829],[2.300476,48.88729],[2.298411,48.88713]]],[[[2.301828,48.886748],[2.301381,48.886887],[2.303125,48.887286],[2.304212,48.887441],[2.304276,48.887207],[2.301828,48.886748]]],[[[2.304649,48.884029],[2.30302,48.884437],[2.303453,48.884953],[2.304649,48.884029]]],[[[2.305848,48.887996],[2.306107,48.887831],[2.304804,48.887742],[2.304508,48.888734],[2.305848,48.887996]]],[[[2.298461,48.887669],[2.297999,48.887537],[2.297899,48.887846],[2.298834,48.88829],[2.299305,48.888164],[2.298461,48.887669]]],[[[2.298032,48.888131],[2.297679,48.88805],[2.297448,48.888569],[2.298535,48.888462],[2.298032,48.888131]]],[[[2.302968,48.888514],[2.302649,48.888437],[2.302968,48.888803],[2.30389,48.889406],[2.303966,48.889035],[2.302968,48.888514]]],[[[2.300384,48.884068],[2.299273,48.884507],[2.300876,48.884351],[2.300384,48.884068]]],[[[2.301032,48.889603],[2.300796,48.889491],[2.300405,48.889976],[2.300896,48.890208],[2.301032,48.889603]]],[[[2.301599,48.88916],[2.301253,48.889073],[2.300953,48.889411],[2.301716,48.889507],[2.301599,48.88916]]],[[[2.302971,48.890389],[2.303439,48.890095],[2.302885,48.889771],[2.30275,48.890333],[2.302971,48.890389]]],[[[2.301843,48.890551],[2.301813,48.890097],[2.301029,48.890271],[2.301843,48.890551]]],[[[2.302172,48.889433],[2.302004,48.889876],[2.302753,48.889708],[2.302172,48.889433]]],[[[2.302856,48.89056],[2.302049,48.890469],[2.302061,48.890757],[2.302856,48.89056]]],[[[2.301807,48.889989],[2.301782,48.889612],[2.301197,48.889629],[2.301222,48.890006],[2.301807,48.889989]]],[[[2.302587,48.890345],[2.302562,48.889967],[2.302011,48.889984],[2.302036,48.890361],[2.302587,48.890345]]],[[[2.295485,48.890088],[2.294751,48.889709],[2.294711,48.889706],[2.294577,48.889716],[2.294483,48.8898],[2.294559,48.88981],[2.295035,48.889869],[2.295041,48.889865],[2.29548,48.890092],[2.295485,48.890088]]]],"type":"MultiPolygon"},"properties":{"id_projet":"COLLEGES (année scolaire 2021/2022)","libelle":"BORIS VIAN","annee_scol":"2021-2022","zone_commune":0,"etiquette":"Secteur du collège BORIS VIAN","lib_etab_1":"BORIS VIAN","lib_etab_2":null,"lib_etab_3":null,"lib_etab_4":null,"adr_etab_1":"76 BOULEVARD BERTHIER","adr_etab_2":null,"adr_etab_3":null,"adr_etab_4":null,"st_area_shape":418039.7098019672,"st_perimeter_shape":18506.427456491238,"type_etabl":"Collège","geo_point_2d":{"lon":2.3021117190954836,"lat":48.888055925203844}}},{"type":"Feature","geometry":{"coordinates":[[[[2.309941,48.891026],[2.311165,48.890306],[2.309841,48.889475],[2.307714,48.890758],[2.306673,48.889585],[2.304851,48.890265],[2.308471,48.892098],[2.309941,48.891026]]],[[[2.303006,48.882962],[2.302198,48.883307],[2.302714,48.884017],[2.304357,48.883762],[2.303006,48.882962]]],[[[2.301867,48.883475],[2.300549,48.884013],[2.30122,48.884308],[2.302201,48.884184],[2.301867,48.883475]]],[[[2.300384,48.884068],[2.299273,48.884507],[2.300876,48.884351],[2.300384,48.884068]]],[[[2.304649,48.884029],[2.30302,48.884437],[2.303453,48.884953],[2.304649,48.884029]]],[[[2.305751,48.884485],[2.304943,48.884078],[2.303618,48.885114],[2.306656,48.885098],[2.305751,48.884485]]],[[[2.302515,48.88446],[2.298143,48.885135],[2.303034,48.885165],[2.302515,48.88446]]],[[[2.301246,48.885636],[2.301526,48.885373],[2.29878,48.885467],[2.300521,48.886188],[2.301246,48.885636]]],[[[2.302909,48.885389],[2.301828,48.885367],[2.300747,48.886265],[2.301524,48.886471],[2.302909,48.885389]]],[[[2.302906,48.885958],[2.303655,48.885934],[2.303222,48.885424],[2.301816,48.886579],[2.303206,48.886158],[2.302906,48.885958]]],[[[2.301112,48.8868],[2.30132,48.88661],[2.297881,48.885394],[2.301112,48.8868]]],[[[2.297048,48.885496],[2.296079,48.886326],[2.297368,48.886813],[2.297048,48.885496]]],[[[2.306838,48.885315],[2.303699,48.885371],[2.304939,48.88687],[2.306838,48.885315]]],[[[2.303881,48.886243],[2.303693,48.886051],[2.302412,48.886724],[2.304314,48.88705],[2.303881,48.886243]]],[[[2.300626,48.887086],[2.299802,48.886545],[2.299451,48.886855],[2.299684,48.8865],[2.297457,48.885513],[2.297613,48.886332],[2.298182,48.887011],[2.300626,48.887086]]],[[[2.301828,48.886748],[2.301381,48.886887],[2.303125,48.887286],[2.304212,48.887441],[2.304276,48.887207],[2.301828,48.886748]]],[[[2.298411,48.88713],[2.299728,48.887829],[2.300476,48.88729],[2.298411,48.88713]]],[[[2.298461,48.887669],[2.297999,48.887537],[2.297899,48.887846],[2.298834,48.88829],[2.299305,48.888164],[2.298461,48.887669]]],[[[2.305848,48.887996],[2.306107,48.887831],[2.304804,48.887742],[2.304508,48.888734],[2.305848,48.887996]]],[[[2.301606,48.888452],[2.300821,48.887359],[2.30002,48.887927],[2.301788,48.888806],[2.301606,48.888452]]],[[[2.302051,48.887226],[2.302381,48.888035],[2.304054,48.88886],[2.304317,48.887617],[2.302051,48.887226]]],[[[2.302968,48.888514],[2.302649,48.888437],[2.302968,48.888803],[2.30389,48.889406],[2.303966,48.889035],[2.302968,48.888514]]],[[[2.301599,48.88916],[2.301253,48.889073],[2.300953,48.889411],[2.301716,48.889507],[2.301599,48.88916]]],[[[2.301341,48.887042],[2.300947,48.887238],[2.302219,48.889007],[2.303829,48.889587],[2.302705,48.888774],[2.301341,48.887042]]],[[[2.300223,48.889709],[2.301009,48.88888],[2.299722,48.888269],[2.298165,48.888815],[2.300223,48.889709]]],[[[2.306736,48.887997],[2.306356,48.887847],[2.304443,48.888949],[2.304173,48.889848],[2.306736,48.887997]]],[[[2.302172,48.889433],[2.302004,48.889876],[2.302753,48.889708],[2.302172,48.889433]]],[[[2.301807,48.889989],[2.301782,48.889612],[2.301197,48.889629],[2.301222,48.890006],[2.301807,48.889989]]],[[[2.305116,48.889906],[2.306556,48.889424],[2.306309,48.889104],[2.307501,48.88821],[2.307094,48.887931],[2.306605,48.888299],[2.306947,48.888569],[2.306495,48.88838],[2.304367,48.88997],[2.305116,48.889906]]],[[[2.301032,48.889603],[2.300796,48.889491],[2.300405,48.889976],[2.300896,48.890208],[2.301032,48.889603]]],[[[2.302587,48.890345],[2.302562,48.889967],[2.302011,48.889984],[2.302036,48.890361],[2.302587,48.890345]]],[[[2.302971,48.890389],[2.303439,48.890095],[2.302885,48.889771],[2.30275,48.890333],[2.302971,48.890389]]],[[[2.301843,48.890551],[2.301813,48.890097],[2.301029,48.890271],[2.301843,48.890551]]],[[[2.302856,48.89056],[2.302049,48.890469],[2.302061,48.890757],[2.302856,48.89056]]],[[[2.302016,48.890936],[2.300162,48.889994],[2.299569,48.890437],[2.301411,48.891588],[2.302016,48.890936]]]],"type":"MultiPolygon"},"properties":{"id_projet":"COLLEGES (année scolaire 2024/2025)","libelle":"BORIS VIAN","annee_scol":"2024-2025","zone_commune":0,"etiquette":"Secteur du collège BORIS VIAN","lib_etab_1":"BORIS VIAN","lib_etab_2":null,"lib_etab_3":null,"lib_etab_4":null,"adr_etab_1":"76 BOULEVARD BERTHIER","adr_etab_2":null,"adr_etab_3":null,"adr_etab_4":null,"st_area_shape":347310.54567902035,"st_perimeter_shape":15843.423713024478,"type_etabl":"Collège","geo_point_2d":{"lon":2.3031576687231903,"lat":48.887705484386565}}},{"type":"Feature","geometry":{"coordinates":[[[[2.28482,48.885082],[2.286003,48.884037],[2.283408,48.882148],[2.284216,48.883164],[2.283642,48.883484],[2.282795,48.882858],[2.282187,48.883665],[2.28435,48.885345],[2.28482,48.885082]]],[[[2.292107,48.878965],[2.294002,48.87853],[2.29402,48.878306],[2.29221,48.877193],[2.29164,48.878091],[2.292164,48.8781],[2.291941,48.878843],[2.291709,48.878667],[2.291973,48.878258],[2.291616,48.878129],[2.291059,48.879007],[2.292107,48.878965]]],[[[2.290067,48.877824],[2.290933,48.876646],[2.290478,48.876505],[2.289422,48.87759],[2.289843,48.87697],[2.289105,48.876151],[2.288324,48.877742],[2.28921,48.878295],[2.289833,48.877779],[2.289285,48.878354],[2.289563,48.878459],[2.290067,48.877824]]],[[[2.290552,48.87896],[2.288419,48.878152],[2.28808,48.878238],[2.287699,48.879021],[2.288234,48.878919],[2.288084,48.879179],[2.289317,48.879608],[2.290742,48.879278],[2.290552,48.87896]]],[[[2.287593,48.88289],[2.288329,48.882224],[2.287963,48.882048],[2.287382,48.882377],[2.287653,48.882173],[2.287287,48.881934],[2.287836,48.88146],[2.287013,48.880982],[2.286713,48.881203],[2.286782,48.880878],[2.286351,48.881175],[2.28617,48.880977],[2.286809,48.880524],[2.285613,48.880801],[2.286946,48.881814],[2.286467,48.882247],[2.287008,48.882278],[2.286877,48.882506],[2.287593,48.88289]]],[[[2.29189,48.876914],[2.2924,48.87642],[2.291335,48.875327],[2.289408,48.875919],[2.29189,48.876914]]],[[[2.284256,48.880595],[2.284812,48.880409],[2.283998,48.878646],[2.282432,48.879048],[2.284256,48.880595]]],[[[2.288417,48.886619],[2.288102,48.886361],[2.28665,48.886544],[2.286632,48.886913],[2.288648,48.887819],[2.28921,48.887206],[2.288417,48.886619]]],[[[2.297239,48.877182],[2.296679,48.876462],[2.295209,48.877551],[2.295669,48.878147],[2.297598,48.877707],[2.297239,48.877182]]],[[[2.285889,48.884894],[2.285713,48.884751],[2.284732,48.885638],[2.285655,48.886265],[2.287376,48.886049],[2.285889,48.884894]]],[[[2.287559,48.878869],[2.287887,48.878198],[2.287702,48.878019],[2.285052,48.878033],[2.287275,48.879331],[2.287559,48.878869]]],[[[2.281863,48.881747],[2.280697,48.881924],[2.280908,48.882879],[2.28172,48.883511],[2.282513,48.882588],[2.281863,48.881747]]],[[[2.286173,48.880225],[2.286604,48.880176],[2.286318,48.879322],[2.28445,48.878331],[2.285227,48.880122],[2.286173,48.880225]]],[[[2.288719,48.881873],[2.289094,48.881532],[2.288298,48.881101],[2.288826,48.880677],[2.288035,48.880239],[2.286874,48.880509],[2.286911,48.880847],[2.288719,48.881873]]],[[[2.293186,48.874737],[2.291512,48.875271],[2.292526,48.876272],[2.293596,48.875005],[2.293186,48.874737]]],[[[2.285685,48.877116],[2.284451,48.877495],[2.284863,48.877883],[2.287717,48.877885],[2.285685,48.877116]]],[[[2.287916,48.883529],[2.287442,48.883321],[2.286568,48.884098],[2.286912,48.884312],[2.288655,48.884176],[2.287916,48.883529]]],[[[2.2902,48.880532],[2.291128,48.879691],[2.290895,48.879579],[2.288721,48.88008],[2.289938,48.88077],[2.2902,48.880532]]],[[[2.290866,48.878914],[2.291409,48.878089],[2.290355,48.877707],[2.28969,48.878505],[2.290866,48.878914]]],[[[2.293041,48.877473],[2.293236,48.87758],[2.293939,48.876294],[2.293551,48.875845],[2.292432,48.877129],[2.293041,48.877473]]],[[[2.28903,48.884597],[2.288646,48.884357],[2.287289,48.884546],[2.288878,48.885535],[2.28903,48.884597]]],[[[2.286458,48.882615],[2.286041,48.882457],[2.285717,48.883492],[2.286128,48.883825],[2.287147,48.883131],[2.286458,48.882615]]],[[[2.291621,48.87789],[2.292087,48.877109],[2.291606,48.876923],[2.291135,48.877421],[2.291575,48.876899],[2.291096,48.876732],[2.290455,48.877576],[2.291621,48.87789]]],[[[2.284646,48.881475],[2.283811,48.881674],[2.284264,48.881903],[2.284195,48.882624],[2.284644,48.882903],[2.285092,48.881836],[2.284646,48.881475]]],[[[2.287316,48.876612],[2.285882,48.877066],[2.287799,48.877792],[2.287316,48.876612]]],[[[2.288578,48.876781],[2.288845,48.876097],[2.287462,48.876558],[2.288054,48.877703],[2.288578,48.876781]]],[[[2.285683,48.882127],[2.285225,48.881943],[2.284902,48.882983],[2.28546,48.883411],[2.285907,48.882349],[2.285683,48.882127]]],[[[2.29473,48.877049],[2.29634,48.875946],[2.296048,48.875537],[2.294812,48.876555],[2.29473,48.877049]]],[[[2.286229,48.879139],[2.28803,48.879875],[2.284227,48.877836],[2.286229,48.879139]]],[[[2.294168,48.876544],[2.294012,48.876416],[2.293322,48.877678],[2.29375,48.877982],[2.294123,48.877728],[2.294168,48.876544]]],[[[2.296339,48.876602],[2.296643,48.876359],[2.296389,48.876047],[2.294933,48.87723],[2.295167,48.877451],[2.296339,48.876602]]],[[[2.294109,48.875203],[2.293607,48.875732],[2.294329,48.876496],[2.294534,48.875293],[2.294109,48.875203]]],[[[2.289268,48.883991],[2.290319,48.883165],[2.289895,48.882982],[2.288897,48.88369],[2.289268,48.883991]]],[[[2.288587,48.88304],[2.289175,48.882628],[2.28868,48.882652],[2.288642,48.8823],[2.28769,48.882985],[2.288195,48.883323],[2.288587,48.88304]]],[[[2.295478,48.875835],[2.295964,48.875424],[2.295828,48.875239],[2.29502,48.875329],[2.294851,48.876333],[2.295478,48.875835]]],[[[2.289334,48.883223],[2.289762,48.88292],[2.289312,48.88269],[2.288367,48.883434],[2.288776,48.883619],[2.289334,48.883223]]],[[[2.287811,48.879203],[2.287522,48.879465],[2.288226,48.879844],[2.289038,48.879671],[2.287811,48.879203]]],[[[2.295111,48.877625],[2.294586,48.87792],[2.294499,48.878391],[2.295516,48.878181],[2.295111,48.877625]]],[[[2.291221,48.880807],[2.290737,48.880249],[2.290062,48.880843],[2.290548,48.880778],[2.291375,48.881237],[2.291221,48.880807]]],[[[2.280526,48.87973],[2.280191,48.879692],[2.280379,48.880519],[2.280791,48.880552],[2.280526,48.87973]]],[[[2.286981,48.880146],[2.287549,48.879987],[2.286509,48.879453],[2.286981,48.880146]]],[[[2.289119,48.881416],[2.289591,48.881082],[2.288942,48.880739],[2.28851,48.881087],[2.289119,48.881416]]],[[[2.281292,48.881057],[2.280527,48.881175],[2.280626,48.881607],[2.281482,48.88141],[2.281292,48.881057]]],[[[2.288544,48.880387],[2.289815,48.880843],[2.288529,48.880143],[2.288243,48.880224],[2.288544,48.880387]]],[[[2.289243,48.882026],[2.289778,48.881807],[2.289378,48.88158],[2.28863,48.882134],[2.289243,48.882026]]],[[[2.288245,48.881703],[2.287885,48.881525],[2.287373,48.881932],[2.287732,48.882155],[2.288245,48.881703]]],[[[2.289446,48.88213],[2.290022,48.882426],[2.290493,48.882057],[2.290006,48.881783],[2.289705,48.882263],[2.289446,48.88213]]],[[[2.289887,48.876237],[2.289346,48.876071],[2.289926,48.876787],[2.290312,48.876426],[2.289887,48.876237]]],[[[2.285215,48.880957],[2.284815,48.881208],[2.285547,48.881548],[2.285215,48.880957]]],[[[2.286282,48.881582],[2.285936,48.881464],[2.286365,48.882113],[2.28668,48.88183],[2.286282,48.881582]]],[[[2.280963,48.880685],[2.280405,48.880637],[2.280503,48.881067],[2.281063,48.880936],[2.280963,48.880685]]],[[[2.29009,48.881706],[2.289695,48.881171],[2.28939,48.881446],[2.29009,48.881706]]],[[[2.285354,48.88025],[2.285338,48.880524],[2.286123,48.880343],[2.285354,48.88025]]],[[[2.295052,48.875222],[2.295093,48.875221],[2.295146,48.87522],[2.295175,48.875219],[2.295212,48.875217],[2.295213,48.875218],[2.295227,48.875217],[2.295298,48.875212],[2.295298,48.875211],[2.295352,48.875207],[2.295406,48.875201],[2.295459,48.875195],[2.295508,48.875188],[2.295508,48.875189],[2.295579,48.875178],[2.295593,48.875176],[2.295592,48.875175],[2.295632,48.875168],[2.295671,48.87516],[2.29571,48.875152],[2.295746,48.875144],[2.295746,48.875146],[2.29576,48.875143],[2.295754,48.875134],[2.295751,48.875135],[2.295743,48.875124],[2.295745,48.875123],[2.29574,48.875115],[2.295738,48.875116],[2.295725,48.875099],[2.295727,48.875098],[2.295721,48.875089],[2.295719,48.87509],[2.295711,48.87508],[2.295713,48.875079],[2.295707,48.87507],[2.295705,48.875071],[2.295666,48.875017],[2.295668,48.875016],[2.295661,48.875007],[2.295659,48.875008],[2.295651,48.874997],[2.295654,48.874997],[2.295647,48.874988],[2.295645,48.874989],[2.295633,48.874972],[2.29507,48.875035],[2.295073,48.875035],[2.29507,48.875053],[2.295067,48.875053],[2.295065,48.875063],[2.295068,48.875063],[2.295066,48.875074],[2.295063,48.875074],[2.295062,48.875084],[2.295065,48.875084],[2.295055,48.875143],[2.295052,48.875143],[2.29505,48.875153],[2.295053,48.875153],[2.295051,48.875165],[2.295048,48.875165],[2.295046,48.875174],[2.295049,48.875174],[2.295046,48.875192],[2.295043,48.875192],[2.295042,48.875202],[2.295045,48.875202],[2.295042,48.875214],[2.29504,48.875214],[2.295038,48.875223],[2.295052,48.875223],[2.295052,48.875222]]],[[[2.294888,48.877353],[2.294606,48.877771],[2.295029,48.87755],[2.294888,48.877353]]],[[[2.283169,48.88177],[2.283335,48.881317],[2.282977,48.881404],[2.283169,48.88177]]],[[[2.28841,48.882151],[2.288647,48.881936],[2.288385,48.881782],[2.288074,48.881978],[2.28841,48.882151]]],[[[2.286455,48.886531],[2.285979,48.886537],[2.286464,48.886775],[2.286455,48.886531]]],[[[2.293635,48.874887],[2.293816,48.874745],[2.293319,48.874673],[2.293635,48.874887]]],[[[2.294539,48.875184],[2.294554,48.875187],[2.294586,48.875002],[2.294279,48.874936],[2.294159,48.875078],[2.294172,48.875103],[2.29418,48.875105],[2.294179,48.875107],[2.294193,48.87511],[2.294194,48.875109],[2.294263,48.875127],[2.294262,48.875129],[2.294276,48.875133],[2.294323,48.875143],[2.294323,48.875143],[2.294333,48.875146],[2.294334,48.875145],[2.294395,48.875158],[2.294395,48.875159],[2.294405,48.875161],[2.294406,48.875161],[2.294453,48.875171],[2.294468,48.875173],[2.294468,48.875171],[2.294506,48.875177],[2.29454,48.875183],[2.294539,48.875184]]],[[[2.293782,48.878005],[2.294051,48.878157],[2.294114,48.877779],[2.293782,48.878005]]]],"type":"MultiPolygon"},"properties":{"id_projet":"COLLEGES (année scolaire 2024/2025)","libelle":"ANDRE MALRAUX","annee_scol":"2024-2025","zone_commune":0,"etiquette":"Secteur du collège ANDRE MALRAUX","lib_etab_1":"ANDRE MALRAUX","lib_etab_2":null,"lib_etab_3":null,"lib_etab_4":null,"adr_etab_1":"5 bis RUE SAINT-FERDINAND","adr_etab_2":null,"adr_etab_3":null,"adr_etab_4":null,"st_area_shape":510288.7548584076,"st_perimeter_shape":24663.36318728592,"type_etabl":"Collège","geo_point_2d":{"lon":2.2883887561758893,"lat":48.88015741347148}}},{"type":"Feature","geometry":{"coordinates":[[[[2.326488,48.895533],[2.32533,48.893552],[2.322841,48.893629],[2.324112,48.895235],[2.324463,48.895222],[2.324183,48.895325],[2.324528,48.895761],[2.326488,48.895533]]],[[[2.32528,48.8849],[2.325284,48.884897],[2.325079,48.88493],[2.325087,48.884952],[2.325178,48.88501],[2.325304,48.885091],[2.325313,48.885091],[2.325284,48.884902],[2.32528,48.8849]]],[[[2.32402,48.885186],[2.324676,48.884781],[2.323493,48.884819],[2.323291,48.88471],[2.323557,48.884281],[2.322867,48.884819],[2.323809,48.885346],[2.32402,48.885186]]],[[[2.326316,48.885568],[2.326459,48.885259],[2.326102,48.885041],[2.32547,48.8852],[2.326316,48.885568]]],[[[2.322017,48.885365],[2.323359,48.884284],[2.322762,48.884615],[2.322489,48.884078],[2.320902,48.88503],[2.321639,48.885695],[2.322017,48.885365]]],[[[2.32583,48.885537],[2.325423,48.885272],[2.325034,48.885614],[2.326001,48.886188],[2.326205,48.885801],[2.32583,48.885537]]],[[[2.321397,48.885846],[2.320803,48.88509],[2.319899,48.885633],[2.320752,48.88622],[2.321397,48.885846]]],[[[2.322893,48.88594],[2.323743,48.885391],[2.322858,48.884888],[2.321742,48.885756],[2.322372,48.886329],[2.322893,48.88594]]],[[[2.325668,48.886085],[2.324955,48.885658],[2.324403,48.886104],[2.325765,48.886664],[2.325668,48.886085]]],[[[2.319268,48.886592],[2.320324,48.886055],[2.3198,48.885694],[2.3186,48.886417],[2.318872,48.886779],[2.319268,48.886592]]],[[[2.323329,48.886694],[2.325339,48.885216],[2.324768,48.884841],[2.322465,48.886379],[2.323042,48.886912],[2.323329,48.886694]]],[[[2.319563,48.886962],[2.320658,48.886288],[2.320407,48.886138],[2.318985,48.886827],[2.319563,48.886962]]],[[[2.320302,48.887504],[2.322302,48.886382],[2.321624,48.885828],[2.319512,48.887144],[2.320302,48.887504]]],[[[2.325475,48.887377],[2.32559,48.887119],[2.325063,48.886939],[2.325604,48.88709],[2.325738,48.886716],[2.32436,48.886152],[2.323704,48.886571],[2.325134,48.887222],[2.323691,48.88658],[2.32312,48.886967],[2.324536,48.887921],[2.325475,48.887377]]],[[[2.321358,48.88789],[2.32294,48.886939],[2.322368,48.88644],[2.320315,48.88764],[2.321037,48.888054],[2.321358,48.88789]]],[[[2.319192,48.888152],[2.320048,48.887625],[2.319375,48.887243],[2.319697,48.887555],[2.319078,48.887766],[2.318977,48.888273],[2.319192,48.888152]]],[[[2.323058,48.887042],[2.322247,48.887515],[2.323553,48.888495],[2.324457,48.887992],[2.323058,48.887042]]],[[[2.325186,48.888768],[2.325769,48.888534],[2.325494,48.887714],[2.324338,48.888333],[2.325186,48.888768]]],[[[2.321056,48.888207],[2.320315,48.88862],[2.320671,48.8888],[2.321349,48.888396],[2.321056,48.888207]]],[[[2.319671,48.888195],[2.32023,48.888525],[2.320891,48.888112],[2.320196,48.88771],[2.319069,48.888367],[2.319586,48.888901],[2.320084,48.88861],[2.319671,48.888195]]],[[[2.323063,48.888795],[2.323464,48.888547],[2.322685,48.888007],[2.3219,48.888342],[2.322613,48.887972],[2.322126,48.887587],[2.321176,48.888114],[2.322662,48.889002],[2.323063,48.888795]]],[[[2.324017,48.888894],[2.324541,48.888645],[2.324204,48.888412],[2.323491,48.888823],[2.324017,48.888894]]],[[[2.321616,48.888534],[2.320683,48.888889],[2.32164,48.88959],[2.322535,48.889099],[2.321616,48.888534]]],[[[2.325968,48.889131],[2.325765,48.88861],[2.323825,48.889099],[2.325191,48.890102],[2.32618,48.889758],[2.325968,48.889131]]],[[[2.320236,48.888691],[2.319661,48.889017],[2.320719,48.890119],[2.321535,48.889675],[2.320236,48.888691]]],[[[2.326339,48.890232],[2.326166,48.889804],[2.325231,48.89013],[2.326017,48.890724],[2.326452,48.890567],[2.326339,48.890232]]],[[[2.325469,48.890476],[2.32338,48.888907],[2.322927,48.889149],[2.325227,48.890958],[2.325833,48.890782],[2.325469,48.890476]]],[[[2.322783,48.889242],[2.322493,48.889424],[2.324711,48.891123],[2.325051,48.891023],[2.322783,48.889242]]],[[[2.32239,48.889484],[2.321887,48.889771],[2.323841,48.8914],[2.324569,48.891186],[2.32239,48.889484]]],[[[2.319775,48.890981],[2.319367,48.891252],[2.320125,48.891388],[2.319775,48.890981]]],[[[2.320293,48.89069],[2.319877,48.890921],[2.320333,48.89145],[2.321051,48.891595],[2.320293,48.89069]]],[[[2.321771,48.889825],[2.321388,48.89005],[2.323038,48.891656],[2.323703,48.891462],[2.321771,48.889825]]],[[[2.320809,48.890398],[2.320396,48.890629],[2.321248,48.891648],[2.321945,48.891782],[2.320809,48.890398]]],[[[2.326495,48.890695],[2.325345,48.89106],[2.326227,48.891864],[2.326794,48.891582],[2.326495,48.890695]]],[[[2.321289,48.890111],[2.320905,48.890327],[2.322159,48.891855],[2.322901,48.891719],[2.321289,48.890111]]],[[[2.325811,48.891684],[2.325154,48.891099],[2.322772,48.891859],[2.323581,48.892086],[2.32486,48.89167],[2.323844,48.892125],[2.324726,48.892333],[2.326015,48.891913],[2.325811,48.891684]]],[[[2.326896,48.89189],[2.326382,48.891986],[2.327166,48.892692],[2.326896,48.89189]]],[[[2.326154,48.892007],[2.325001,48.892392],[2.326928,48.892809],[2.326154,48.892007]]],[[[2.32519,48.892622],[2.324946,48.892596],[2.325445,48.893397],[2.327076,48.893074],[2.32519,48.892622]]],[[[2.322583,48.89206],[2.322296,48.892023],[2.323454,48.893436],[2.325252,48.893417],[2.324729,48.892523],[2.322583,48.89206]]],[[[2.322865,48.892906],[2.322094,48.891965],[2.321335,48.891817],[2.322664,48.8935],[2.323292,48.893428],[2.322865,48.892906]]],[[[2.320735,48.891661],[2.32216,48.893656],[2.322565,48.893551],[2.32119,48.89177],[2.320735,48.891661]]],[[[2.327332,48.893184],[2.325488,48.893522],[2.325695,48.893786],[2.327332,48.893184]]],[[[2.319565,48.891407],[2.321399,48.893907],[2.322023,48.893719],[2.320282,48.891569],[2.319565,48.891407]]],[[[2.327066,48.893717],[2.327616,48.894031],[2.327442,48.893516],[2.326713,48.893703],[2.327246,48.89409],[2.327066,48.893717]],[[2.326935,48.893701],[2.326954,48.893695],[2.326954,48.893695],[2.326935,48.893701]]],[[[2.320906,48.893399],[2.319239,48.891353],[2.318707,48.891579],[2.32064,48.894139],[2.321337,48.893931],[2.320906,48.893399]]],[[[2.32241,48.894235],[2.322109,48.893831],[2.321554,48.894003],[2.321885,48.894388],[2.32241,48.894235]]],[[[2.319773,48.893281],[2.318524,48.891705],[2.31808,48.891941],[2.319866,48.894402],[2.320494,48.89419],[2.319773,48.893281]]],[[[2.318107,48.892261],[2.317948,48.892045],[2.317916,48.892316],[2.31792,48.892321],[2.317926,48.89233],[2.317942,48.892352],[2.317962,48.892379],[2.31797,48.892391],[2.317985,48.892411],[2.318007,48.892441],[2.318035,48.892481],[2.318058,48.892514],[2.318066,48.892524],[2.318069,48.892528],[2.318134,48.892618],[2.318141,48.892627],[2.31816,48.892654],[2.318199,48.892709],[2.318268,48.892804],[2.318283,48.892825],[2.318311,48.892864],[2.318339,48.892903],[2.318345,48.892911],[2.318383,48.892964],[2.31843,48.893029],[2.318439,48.893042],[2.318454,48.893062],[2.31845,48.893063],[2.318452,48.893065],[2.318465,48.893083],[2.318492,48.89312],[2.318498,48.893127],[2.318516,48.893153],[2.318526,48.893166],[2.318557,48.893208],[2.318586,48.893248],[2.318587,48.893249],[2.318619,48.893292],[2.318649,48.893334],[2.318658,48.893346],[2.318662,48.893352],[2.318684,48.893381],[2.318684,48.893381],[2.318728,48.893443],[2.318859,48.893626],[2.31894,48.89374],[2.318951,48.893755],[2.318974,48.893787],[2.319007,48.893833],[2.319034,48.893871],[2.319049,48.893892],[2.31905,48.893893],[2.319058,48.893904],[2.319069,48.89392],[2.319082,48.893938],[2.319109,48.893975],[2.319172,48.894063],[2.319222,48.894133],[2.319244,48.894164],[2.319279,48.894213],[2.319289,48.894227],[2.319296,48.894236],[2.319307,48.894251],[2.319312,48.894258],[2.319373,48.894344],[2.319375,48.894346],[2.319405,48.894388],[2.319414,48.8944],[2.319441,48.894438],[2.319703,48.894475],[2.319718,48.894449],[2.319656,48.894365],[2.319591,48.894276],[2.319512,48.894168],[2.319457,48.894094],[2.319385,48.893997],[2.319321,48.89391],[2.319261,48.893828],[2.319161,48.893692],[2.319066,48.893563],[2.31893,48.893379],[2.318864,48.893289],[2.318833,48.893247],[2.318787,48.893185],[2.318698,48.893063],[2.31865,48.892998],[2.318578,48.892901],[2.318535,48.892843],[2.318462,48.892744],[2.318391,48.892647],[2.318325,48.892557],[2.318259,48.892467],[2.318222,48.892417],[2.318158,48.892331],[2.318107,48.892261]]],[[[2.327641,48.894107],[2.327157,48.894187],[2.327908,48.894903],[2.327641,48.894107]]],[[[2.320935,48.894743],[2.320562,48.89431],[2.319948,48.894538],[2.320596,48.895237],[2.321176,48.895046],[2.320935,48.894743]]],[[[2.32657,48.893724],[2.325742,48.893955],[2.326582,48.895393],[2.327691,48.895044],[2.32657,48.893724]]],[[[2.321031,48.895488],[2.321387,48.895341],[2.320685,48.895358],[2.321031,48.895488]]],[[[2.327965,48.895069],[2.326641,48.895496],[2.328075,48.895494],[2.327965,48.895069]]],[[[2.323547,48.895766],[2.322509,48.894366],[2.322012,48.89452],[2.322983,48.895729],[2.323547,48.895766]]],[[[2.322679,48.893655],[2.322257,48.893786],[2.323736,48.895776],[2.324257,48.895783],[2.322679,48.893655]]],[[[2.322834,48.895798],[2.32143,48.894041],[2.320972,48.894167],[2.321207,48.894484],[2.320754,48.894243],[2.321884,48.895681],[2.322834,48.895798]]],[[[2.319887,48.895678],[2.319776,48.895637],[2.319771,48.895635],[2.319738,48.895641],[2.319213,48.895506],[2.318649,48.895336],[2.318555,48.895373],[2.318706,48.895454],[2.319566,48.895699],[2.319938,48.895793],[2.319958,48.895698],[2.319887,48.895678]]],[[[2.321658,48.895657],[2.321438,48.89538],[2.320181,48.895352],[2.319787,48.894625],[2.319352,48.89492],[2.319549,48.895162],[2.318807,48.894912],[2.318516,48.895093],[2.320594,48.895686],[2.321658,48.895657]]],[[[2.322892,48.895998],[2.32203,48.895893],[2.32231,48.896205],[2.322892,48.895998]]],[[[2.325251,48.896317],[2.326484,48.895789],[2.324881,48.895909],[2.325251,48.896317]]],[[[2.322095,48.896182],[2.319974,48.89569],[2.320259,48.89603],[2.321262,48.896014],[2.321605,48.896455],[2.322095,48.896182]]],[[[2.323896,48.896576],[2.324819,48.896291],[2.323254,48.896059],[2.323896,48.896576]]],[[[2.325185,48.896667],[2.324799,48.896983],[2.325344,48.896828],[2.325185,48.896667]]],[[[2.327043,48.896524],[2.326635,48.895968],[2.325344,48.896523],[2.32594,48.897102],[2.327043,48.896524]]],[[[2.324992,48.89643],[2.32379,48.896715],[2.324234,48.897255],[2.324992,48.89643]]],[[[2.322865,48.897177],[2.322171,48.896307],[2.32163,48.896487],[2.322178,48.897181],[2.322865,48.897177]]],[[[2.323967,48.897156],[2.323036,48.896],[2.322582,48.896157],[2.323058,48.896754],[2.322328,48.89625],[2.323157,48.897286],[2.32408,48.89734],[2.323967,48.897156]]],[[[2.324842,48.897059],[2.324711,48.896989],[2.324535,48.897195],[2.324533,48.897199],[2.324517,48.897225],[2.32444,48.897348],[2.324622,48.897352],[2.3247,48.897261],[2.32485,48.897085],[2.324842,48.897059]]],[[[2.325409,48.8969],[2.324685,48.897353],[2.325636,48.897246],[2.325409,48.8969]]],[[[2.327104,48.896737],[2.325742,48.897376],[2.326664,48.897395],[2.327321,48.897083],[2.327104,48.896737]]],[[[2.327474,48.897266],[2.327428,48.897186],[2.327403,48.897196],[2.327401,48.897194],[2.327391,48.897183],[2.327344,48.897135],[2.327244,48.897177],[2.327016,48.89727],[2.326779,48.897368],[2.326777,48.897397],[2.32678,48.897397],[2.327011,48.897402],[2.327613,48.897415],[2.327534,48.897321],[2.327533,48.89732],[2.32752,48.897319],[2.327474,48.897266]]],[[[2.328497,48.896649],[2.328233,48.895868],[2.326918,48.895941],[2.327234,48.896477],[2.328216,48.896238],[2.327292,48.896579],[2.32781,48.897384],[2.328752,48.897403],[2.328497,48.896649]]],[[[2.328318,48.897789],[2.32673,48.897755],[2.326671,48.897792],[2.326975,48.897939],[2.328374,48.897983],[2.328501,48.897937],[2.328486,48.897924],[2.328465,48.897902],[2.328452,48.897886],[2.328435,48.897862],[2.328422,48.897837],[2.328411,48.897811],[2.328405,48.897791],[2.328318,48.897789]]]],"type":"MultiPolygon"},"properties":{"id_projet":"COLLEGES (année scolaire 2023/2024)","libelle":"STEPHANE MALLARME","annee_scol":"2023-2024","zone_commune":0,"etiquette":"Secteur du collège STEPHANE MALLARME","lib_etab_1":"STEPHANE MALLARME","lib_etab_2":null,"lib_etab_3":null,"lib_etab_4":null,"adr_etab_1":"29 RUE DE LA JONQUIERE","adr_etab_2":null,"adr_etab_3":null,"adr_etab_4":null,"st_area_shape":581456.9898121746,"st_perimeter_shape":31127.8240315633,"type_etabl":"Collège","geo_point_2d":{"lon":2.323204108128054,"lat":48.89124047339317}}},{"type":"Feature","geometry":{"coordinates":[[[[2.296783,48.889666],[2.297004,48.889245],[2.294713,48.887867],[2.292938,48.889625],[2.294258,48.889775],[2.294763,48.88955],[2.296035,48.890196],[2.296783,48.889666]]],[[[2.289492,48.888504],[2.288948,48.888238],[2.288949,48.888303],[2.28941,48.88852],[2.289492,48.888504]]],[[[2.290322,48.883141],[2.290004,48.882976],[2.289912,48.882981],[2.289932,48.883042],[2.29019,48.883178],[2.290319,48.883165],[2.290322,48.883141]]],[[[2.295485,48.890088],[2.294751,48.889709],[2.294711,48.889706],[2.294577,48.889716],[2.294483,48.8898],[2.294559,48.88981],[2.295035,48.889869],[2.295041,48.889865],[2.29548,48.890092],[2.295485,48.890088]]],[[[2.289754,48.882848],[2.289434,48.882683],[2.289356,48.882687],[2.289341,48.882801],[2.289573,48.882913],[2.289758,48.882884],[2.289754,48.882848]]],[[[2.295366,48.880068],[2.295108,48.879994],[2.29528,48.88033],[2.295366,48.880068]]],[[[2.288963,48.882451],[2.288642,48.8823],[2.28868,48.882652],[2.289172,48.882597],[2.288963,48.882451]]],[[[2.299252,48.879885],[2.29898,48.880058],[2.299573,48.880326],[2.299252,48.879885]]],[[[2.291658,48.882062],[2.291808,48.881913],[2.291162,48.881792],[2.291658,48.882062]]],[[[2.2975,48.879936],[2.29749,48.879931],[2.297557,48.879875],[2.297566,48.87988],[2.297596,48.879855],[2.297598,48.879853],[2.2976,48.879854],[2.297634,48.879825],[2.297671,48.879795],[2.297798,48.879694],[2.297809,48.879685],[2.297836,48.879662],[2.297918,48.879597],[2.297921,48.879599],[2.297926,48.879595],[2.2978,48.879526],[2.297668,48.879624],[2.297461,48.879778],[2.29734,48.879868],[2.29726,48.879928],[2.297258,48.879929],[2.297257,48.879929],[2.297135,48.88002],[2.297216,48.880063],[2.297237,48.880075],[2.297294,48.880105],[2.297412,48.880008],[2.297488,48.879946],[2.2975,48.879936]]],[[[2.29719,48.890987],[2.295787,48.890249],[2.295774,48.890332],[2.297088,48.891018],[2.29719,48.890987]]],[[[2.30021,48.881202],[2.299868,48.881517],[2.300483,48.88162],[2.30021,48.881202]]],[[[2.297191,48.882563],[2.296585,48.882847],[2.296682,48.88308],[2.297191,48.882563]]],[[[2.298167,48.881526],[2.298421,48.881306],[2.297569,48.88096],[2.297276,48.881125],[2.298167,48.881526]]],[[[2.296521,48.882245],[2.296194,48.882122],[2.296546,48.882741],[2.296921,48.88246],[2.296521,48.882245]]],[[[2.291836,48.881595],[2.292231,48.881627],[2.291743,48.881347],[2.291454,48.881586],[2.291932,48.881843],[2.291836,48.881595]]],[[[2.292598,48.88123],[2.291887,48.881206],[2.29229,48.881484],[2.292598,48.88123]]],[[[2.294597,48.886133],[2.293895,48.885879],[2.293895,48.885879],[2.293895,48.885879],[2.293895,48.885879],[2.293895,48.885879],[2.293895,48.885879],[2.293895,48.885879],[2.293895,48.885879],[2.293895,48.885879],[2.293895,48.885879],[2.293895,48.885879],[2.293895,48.885879],[2.293895,48.885879],[2.293895,48.885879],[2.293895,48.885879],[2.293895,48.885879],[2.293895,48.885879],[2.293895,48.885879],[2.293895,48.885879],[2.293895,48.885879],[2.293895,48.885879],[2.293895,48.885878],[2.293883,48.885893],[2.293839,48.885877],[2.29385,48.885863],[2.293848,48.885863],[2.293848,48.885862],[2.293848,48.885862],[2.293848,48.885862],[2.293848,48.885862],[2.293848,48.885862],[2.293848,48.885862],[2.293848,48.885862],[2.293848,48.885862],[2.293848,48.885862],[2.293848,48.885862],[2.293848,48.885862],[2.293848,48.885862],[2.293848,48.885862],[2.293848,48.885862],[2.293848,48.885862],[2.293848,48.885862],[2.293848,48.885862],[2.293848,48.885862],[2.293845,48.885861],[2.293845,48.885861],[2.293845,48.885861],[2.293845,48.885861],[2.293845,48.885861],[2.293845,48.885861],[2.293845,48.885861],[2.293845,48.885861],[2.293845,48.885861],[2.293845,48.885861],[2.293845,48.885861],[2.293845,48.885861],[2.293845,48.885861],[2.293845,48.885861],[2.293845,48.885861],[2.293845,48.885861],[2.293845,48.885861],[2.293845,48.885861],[2.293291,48.885663],[2.293268,48.88568],[2.293213,48.88572],[2.293191,48.885736],[2.293209,48.885747],[2.293182,48.885767],[2.293164,48.885756],[2.293077,48.88582],[2.293085,48.885847],[2.293171,48.885867],[2.293397,48.88592],[2.293749,48.886003],[2.293749,48.886003],[2.293749,48.886003],[2.293749,48.886003],[2.293749,48.886003],[2.293749,48.886003],[2.293749,48.886003],[2.293752,48.886004],[2.293752,48.886004],[2.293752,48.886004],[2.293752,48.886004],[2.293752,48.886004],[2.293752,48.886004],[2.293755,48.886004],[2.293763,48.885989],[2.293801,48.885998],[2.293793,48.886014],[2.293794,48.886014],[2.293794,48.886014],[2.293794,48.886014],[2.293794,48.886014],[2.293794,48.886014],[2.293795,48.886014],[2.293795,48.886014],[2.293795,48.886014],[2.293795,48.886014],[2.293795,48.886014],[2.293795,48.886014],[2.293795,48.886014],[2.293795,48.886014],[2.293845,48.886026],[2.293845,48.886026],[2.293847,48.886027],[2.293842,48.886037],[2.293842,48.886037],[2.293843,48.886037],[2.293843,48.886038],[2.293844,48.886038],[2.293844,48.886038],[2.293845,48.886039],[2.293846,48.886039],[2.293846,48.88604],[2.293847,48.88604],[2.293848,48.88604],[2.293848,48.886041],[2.293849,48.886041],[2.29385,48.886041],[2.29385,48.886042],[2.293851,48.886042],[2.293852,48.886042],[2.293852,48.886042],[2.293853,48.886043],[2.293854,48.886043],[2.293854,48.886043],[2.293855,48.886043],[2.293856,48.886044],[2.293857,48.886044],[2.293857,48.886044],[2.293858,48.886044],[2.293859,48.886045],[2.29386,48.886045],[2.29386,48.886045],[2.293861,48.886045],[2.293862,48.886045],[2.293863,48.886045],[2.293864,48.886046],[2.293864,48.886046],[2.293865,48.886046],[2.293866,48.886046],[2.293867,48.886046],[2.293868,48.886046],[2.293868,48.886046],[2.293869,48.886046],[2.29387,48.886046],[2.293871,48.886047],[2.293872,48.886047],[2.293872,48.886047],[2.293873,48.886047],[2.293874,48.886047],[2.293875,48.886047],[2.293876,48.886047],[2.293877,48.886047],[2.293877,48.886047],[2.293878,48.886047],[2.293879,48.886047],[2.29388,48.886047],[2.293881,48.886047],[2.293881,48.886047],[2.293882,48.886047],[2.293883,48.886046],[2.293884,48.886046],[2.293884,48.886046],[2.293889,48.886036],[2.293904,48.886039],[2.293903,48.88604],[2.293905,48.88604],[2.2939,48.886051],[2.293902,48.886052],[2.293903,48.886053],[2.293904,48.886053],[2.293904,48.886053],[2.293905,48.886054],[2.293905,48.886054],[2.293906,48.886054],[2.293907,48.886055],[2.293908,48.886055],[2.293908,48.886055],[2.293909,48.886056],[2.29391,48.886056],[2.29391,48.886056],[2.293911,48.886056],[2.293912,48.886057],[2.293913,48.886057],[2.293913,48.886057],[2.293914,48.886058],[2.293915,48.886058],[2.293916,48.886058],[2.293916,48.886058],[2.293917,48.886058],[2.293918,48.886059],[2.293919,48.886059],[2.293919,48.886059],[2.29392,48.886059],[2.293921,48.886059],[2.293922,48.886059],[2.293923,48.88606],[2.293923,48.88606],[2.293924,48.88606],[2.293925,48.88606],[2.293926,48.88606],[2.293927,48.88606],[2.293928,48.88606],[2.293928,48.88606],[2.293929,48.88606],[2.29393,48.88606],[2.293931,48.88606],[2.293932,48.88606],[2.293932,48.88606],[2.293933,48.886061],[2.293934,48.886061],[2.293935,48.886061],[2.293936,48.886061],[2.293937,48.88606],[2.293937,48.88606],[2.293938,48.88606],[2.293939,48.88606],[2.29394,48.88606],[2.293941,48.88606],[2.293942,48.88606],[2.293942,48.88606],[2.293948,48.88605],[2.294556,48.886193],[2.294575,48.886188],[2.294604,48.886145],[2.294597,48.886133]]],[[[2.291023,48.881725],[2.291199,48.881583],[2.289846,48.881084],[2.291023,48.881725]]],[[[2.296386,48.884636],[2.296562,48.884495],[2.295152,48.883957],[2.296386,48.884636]]],[[[2.294979,48.883872],[2.295157,48.883729],[2.293612,48.88312],[2.294979,48.883872]]],[[[2.296071,48.880716],[2.296328,48.880457],[2.295708,48.880206],[2.295929,48.880646],[2.295357,48.880481],[2.295646,48.881049],[2.296071,48.880716]]],[[[2.293436,48.883032],[2.293613,48.88289],[2.291832,48.882156],[2.293436,48.883032]]],[[[2.292967,48.881019],[2.293367,48.880754],[2.292789,48.880483],[2.29227,48.880881],[2.292967,48.881019]]],[[[2.291826,48.882295],[2.291289,48.88261],[2.292048,48.882996],[2.292422,48.882617],[2.291826,48.882295]]],[[[2.298032,48.888131],[2.297679,48.88805],[2.297448,48.888569],[2.298535,48.888462],[2.298032,48.888131]]],[[[2.292768,48.882805],[2.292179,48.883091],[2.29299,48.883505],[2.293366,48.883129],[2.292768,48.882805]]],[[[2.30168,48.882225],[2.301331,48.882119],[2.302029,48.883076],[2.302707,48.882844],[2.30168,48.882225]]],[[[2.296606,48.885272],[2.295762,48.885287],[2.295856,48.886176],[2.296606,48.885272]]],[[[2.295636,48.8785],[2.294505,48.878752],[2.294814,48.879426],[2.295636,48.8785]]],[[[2.294654,48.881361],[2.293966,48.881762],[2.294233,48.882257],[2.295082,48.881587],[2.294654,48.881361]]],[[[2.290765,48.883476],[2.290669,48.883077],[2.289549,48.884003],[2.290743,48.88394],[2.290765,48.883476]]],[[[2.292899,48.881386],[2.292501,48.881607],[2.294116,48.882391],[2.293841,48.88188],[2.292899,48.881386]]],[[[2.294706,48.884618],[2.293678,48.88523],[2.295502,48.885027],[2.294706,48.884618]]],[[[2.292216,48.887399],[2.293393,48.886926],[2.292812,48.886617],[2.291853,48.887297],[2.292216,48.887399]]],[[[2.294781,48.886368],[2.294091,48.88699],[2.294664,48.887248],[2.29534,48.886575],[2.294781,48.886368]]],[[[2.290801,48.884076],[2.289529,48.884163],[2.290841,48.884985],[2.290801,48.884076]]],[[[2.291308,48.886546],[2.291809,48.886192],[2.291477,48.8859],[2.290366,48.88638],[2.291308,48.886546]]],[[[2.294266,48.879188],[2.294065,48.878851],[2.293079,48.87909],[2.294381,48.879847],[2.294266,48.879188]]],[[[2.299785,48.880618],[2.298712,48.881288],[2.299652,48.881447],[2.300068,48.88106],[2.299785,48.880618]]],[[[2.29406,48.881081],[2.293401,48.880771],[2.292952,48.881199],[2.293776,48.881696],[2.294338,48.881235],[2.29406,48.881081]]],[[[2.292567,48.88178],[2.292103,48.881936],[2.293713,48.882809],[2.294014,48.882566],[2.292567,48.88178]]],[[[2.301391,48.882823],[2.301096,48.882531],[2.300379,48.883776],[2.301673,48.88328],[2.301391,48.882823]]],[[[2.292382,48.886307],[2.291193,48.886983],[2.291702,48.887245],[2.292694,48.886544],[2.292382,48.886307]]],[[[2.291551,48.881302],[2.292013,48.88092],[2.290752,48.880248],[2.291528,48.881107],[2.290062,48.880843],[2.291282,48.881493],[2.291551,48.881302]]],[[[2.293115,48.885973],[2.292735,48.886157],[2.293899,48.886872],[2.294499,48.886338],[2.293115,48.885973]]],[[[2.291664,48.88458],[2.292476,48.883945],[2.290964,48.884062],[2.29103,48.885025],[2.291664,48.88458]]],[[[2.295268,48.884158],[2.294985,48.884046],[2.294524,48.884422],[2.295725,48.884988],[2.296422,48.884909],[2.295268,48.884158]]],[[[2.295601,48.885309],[2.29383,48.885539],[2.295657,48.886197],[2.295601,48.885309]]],[[[2.292138,48.880818],[2.292608,48.880397],[2.291254,48.87976],[2.290841,48.880133],[2.292138,48.880818]]],[[[2.297705,48.887535],[2.296068,48.887915],[2.297191,48.888361],[2.297705,48.887535]]],[[[2.295645,48.887529],[2.297062,48.887113],[2.295829,48.886739],[2.295166,48.887399],[2.295645,48.887529]]],[[[2.296269,48.883119],[2.295442,48.883753],[2.296928,48.884409],[2.296269,48.883119]]],[[[2.293814,48.879669],[2.292628,48.880274],[2.293473,48.88062],[2.294273,48.87996],[2.293814,48.879669]]],[[[2.29465,48.884129],[2.294874,48.883946],[2.293515,48.88321],[2.293012,48.883655],[2.294367,48.884347],[2.29465,48.884129]]],[[[2.296727,48.881354],[2.297399,48.880891],[2.296495,48.880525],[2.295722,48.881179],[2.296249,48.881231],[2.295792,48.881333],[2.296018,48.881778],[2.296727,48.881354]]],[[[2.298707,48.881122],[2.299529,48.880476],[2.298838,48.88012],[2.297714,48.880858],[2.298707,48.881122]]],[[[2.298003,48.881651],[2.297079,48.881383],[2.297162,48.8812],[2.296099,48.881912],[2.297068,48.882351],[2.298003,48.881651]]],[[[2.297083,48.879201],[2.295794,48.880136],[2.296473,48.880377],[2.297697,48.879467],[2.297083,48.879201]]],[[[2.3,48.881684],[2.299685,48.881649],[2.298313,48.88296],[2.298886,48.883206],[2.300327,48.881773],[2.3,48.881684]]],[[[2.292822,48.885135],[2.293475,48.885283],[2.293714,48.885059],[2.293242,48.884794],[2.293839,48.884989],[2.2943,48.884426],[2.293618,48.884127],[2.291978,48.885445],[2.293156,48.885323],[2.292822,48.885135]]],[[[2.297901,48.880598],[2.298734,48.880063],[2.297954,48.87961],[2.296584,48.880431],[2.297506,48.880829],[2.297901,48.880598]]],[[[2.293207,48.879318],[2.292853,48.879129],[2.291349,48.879673],[2.292482,48.88017],[2.293456,48.879505],[2.293207,48.879318]]],[[[2.299446,48.883626],[2.298986,48.883433],[2.297908,48.884504],[2.298403,48.884661],[2.300062,48.88396],[2.299446,48.883626]]],[[[2.289313,48.885807],[2.290541,48.885652],[2.290838,48.885354],[2.289496,48.884513],[2.289313,48.885807]]],[[[2.296325,48.879466],[2.296747,48.879069],[2.29588,48.878624],[2.295458,48.879009],[2.296115,48.87925],[2.2954,48.879067],[2.294891,48.879561],[2.295605,48.880059],[2.296325,48.879466]]],[[[2.294714,48.880065],[2.29456,48.879863],[2.293594,48.880728],[2.29521,48.881469],[2.294714,48.880065]]],[[[2.293074,48.883847],[2.29113,48.885165],[2.291702,48.885496],[2.293484,48.884065],[2.293074,48.883847]]],[[[2.291353,48.882783],[2.290866,48.882914],[2.291001,48.883921],[2.292861,48.883624],[2.291353,48.882783]]],[[[2.299164,48.881902],[2.299466,48.881578],[2.2985,48.881413],[2.297185,48.882428],[2.298141,48.882855],[2.299164,48.881902]]],[[[2.300388,48.883381],[2.30101,48.8823],[2.300667,48.88183],[2.299495,48.882925],[2.300215,48.883257],[2.299405,48.883015],[2.299107,48.883311],[2.30009,48.883797],[2.300388,48.883381]]],[[[2.290794,48.882814],[2.291571,48.882157],[2.289736,48.881168],[2.290493,48.882057],[2.290022,48.882426],[2.28923,48.882019],[2.288686,48.882181],[2.290468,48.883107],[2.290794,48.882814]]],[[[2.297638,48.882774],[2.296765,48.883243],[2.29733,48.884352],[2.297681,48.884406],[2.298762,48.88332],[2.297638,48.882774]]],[[[2.295219,48.883621],[2.2962,48.882981],[2.295235,48.881636],[2.294591,48.882191],[2.295579,48.882681],[2.29455,48.882228],[2.294248,48.88251],[2.295355,48.883095],[2.294182,48.882565],[2.293857,48.882863],[2.295219,48.883621]]],[[[2.298912,48.879418],[2.298309,48.878597],[2.297433,48.878094],[2.295815,48.878447],[2.29883,48.879976],[2.299164,48.879764],[2.298912,48.879418]],[[2.297929,48.879284],[2.298146,48.879137],[2.298183,48.87916],[2.297962,48.879311],[2.297907,48.879348],[2.297867,48.879327],[2.297897,48.879307],[2.297929,48.879284]]],[[[2.291981,48.888505],[2.289661,48.887369],[2.288975,48.887986],[2.289654,48.888394],[2.289874,48.888101],[2.290445,48.888165],[2.289774,48.888453],[2.2919,48.889507],[2.292401,48.889564],[2.29304,48.888882],[2.291981,48.888505]]],[[[2.297489,48.889466],[2.296371,48.890372],[2.300348,48.892548],[2.30062,48.89233],[2.298059,48.890424],[2.298023,48.889799],[2.297489,48.889466]]]],"type":"MultiPolygon"},"properties":{"id_projet":"COLLEGES (année scolaire 2026/2027)","libelle":"PIERRE DE RONSARD","annee_scol":"2026-2027","zone_commune":0,"etiquette":"Secteur du collège PIERRE DE RONSARD","lib_etab_1":"PIERRE DE RONSARD","lib_etab_2":null,"lib_etab_3":null,"lib_etab_4":null,"adr_etab_1":"140 AVENUE DE WAGRAM","adr_etab_2":null,"adr_etab_3":null,"adr_etab_4":null,"st_area_shape":537435.2428610689,"st_perimeter_shape":28510.33349289251,"type_etabl":"Collège","geo_point_2d":{"lon":2.2950251663225556,"lat":48.8839668673309}}},{"type":"Feature","geometry":{"coordinates":[[[[2.309563,48.894059],[2.311146,48.89445],[2.31181,48.894012],[2.312626,48.894583],[2.31238,48.894177],[2.308241,48.89233],[2.308735,48.892123],[2.313685,48.894162],[2.314049,48.893637],[2.313115,48.893141],[2.313196,48.892334],[2.316735,48.890544],[2.317657,48.891156],[2.316817,48.89188],[2.318175,48.891435],[2.314134,48.887485],[2.311087,48.887949],[2.309229,48.888836],[2.309486,48.889346],[2.309255,48.889487],[2.309841,48.889475],[2.311165,48.890306],[2.308471,48.892098],[2.307152,48.891464],[2.305475,48.892394],[2.306746,48.891615],[2.304286,48.890453],[2.301877,48.891873],[2.304247,48.893358],[2.304002,48.893534],[2.303623,48.893761],[2.301142,48.892542],[2.300813,48.892687],[2.305667,48.895072],[2.304614,48.894382],[2.305193,48.893948],[2.307219,48.895146],[2.309696,48.895969],[2.310175,48.895992],[2.309915,48.895758],[2.311395,48.894818],[2.309563,48.894059]],[[2.309352,48.893956],[2.309563,48.894059],[2.309396,48.894018],[2.309334,48.893977],[2.309348,48.89396],[2.309352,48.893956]]],[[[2.315726,48.888322],[2.317502,48.887334],[2.31659,48.886584],[2.317592,48.886192],[2.316882,48.885782],[2.31436,48.887353],[2.315726,48.888322]]],[[[2.318543,48.891402],[2.319966,48.890555],[2.318608,48.88957],[2.317344,48.890274],[2.318543,48.891402]]],[[[2.314287,48.885362],[2.314712,48.884531],[2.314424,48.884563],[2.31237,48.886049],[2.313142,48.886568],[2.314287,48.885362]]],[[[2.317978,48.88907],[2.316873,48.889647],[2.317227,48.890149],[2.3185,48.889491],[2.317978,48.88907]]],[[[2.316843,48.889523],[2.31731,48.88925],[2.317011,48.889015],[2.317412,48.889191],[2.3178,48.888939],[2.31721,48.888527],[2.316233,48.889107],[2.316843,48.889523]]],[[[2.315037,48.886219],[2.315264,48.886032],[2.314495,48.885889],[2.314039,48.886319],[2.313892,48.887048],[2.315037,48.886219]]],[[[2.318406,48.887668],[2.319244,48.887158],[2.318458,48.886697],[2.317809,48.887085],[2.318406,48.887668]]],[[[2.318366,48.887867],[2.317453,48.888408],[2.318045,48.888821],[2.318817,48.888371],[2.318366,48.887867]]],[[[2.312774,48.887084],[2.311499,48.887699],[2.313528,48.887394],[2.312774,48.887084]]],[[[2.31176,48.887385],[2.312121,48.887169],[2.310775,48.88656],[2.310405,48.886813],[2.311387,48.887646],[2.31176,48.887385]]],[[[2.318942,48.888469],[2.318152,48.888929],[2.318755,48.889353],[2.319416,48.888997],[2.318942,48.888469]]],[[[2.317912,48.887393],[2.316885,48.887983],[2.317347,48.8883],[2.31824,48.887769],[2.317912,48.887393]]],[[[2.316319,48.888913],[2.317104,48.888419],[2.316684,48.888105],[2.31581,48.88863],[2.316319,48.888913]]],[[[2.315368,48.886233],[2.314098,48.887131],[2.315498,48.886594],[2.315368,48.886233]]],[[[2.320012,48.889584],[2.319459,48.889905],[2.320212,48.890439],[2.320596,48.890193],[2.320012,48.889584]]],[[[2.318577,48.887887],[2.318977,48.888273],[2.319078,48.887766],[2.319697,48.887555],[2.319348,48.887243],[2.318577,48.887887]]],[[[2.319544,48.889094],[2.318862,48.889459],[2.319332,48.889811],[2.319909,48.889475],[2.319544,48.889094]]],[[[2.314401,48.885665],[2.315025,48.884938],[2.314843,48.884594],[2.314401,48.885665]]],[[[2.31383,48.886677],[2.313732,48.886325],[2.313235,48.88663],[2.313729,48.886994],[2.31383,48.886677]]],[[[2.306516,48.895469],[2.306021,48.895234],[2.305994,48.895235],[2.305976,48.895307],[2.307455,48.896012],[2.308436,48.896376],[2.308595,48.89635],[2.307513,48.895942],[2.307247,48.895817],[2.306516,48.895469]]],[[[2.317503,48.886858],[2.31772,48.887021],[2.318287,48.886681],[2.318066,48.886522],[2.317503,48.886858]]],[[[2.312679,48.886454],[2.312191,48.8867],[2.312646,48.886809],[2.3129,48.886651],[2.312679,48.886454]]],[[[2.313114,48.88673],[2.312838,48.886906],[2.313619,48.887073],[2.313114,48.88673]]],[[[2.317584,48.88588],[2.317589,48.885876],[2.317182,48.885628],[2.317006,48.88566],[2.316993,48.885673],[2.316991,48.885676],[2.31699,48.885678],[2.316989,48.885679],[2.316988,48.885682],[2.316988,48.885684],[2.316988,48.885688],[2.316988,48.88569],[2.31699,48.885693],[2.316991,48.885695],[2.316995,48.885702],[2.317037,48.885726],[2.317039,48.885727],[2.317063,48.885741],[2.31707,48.885746],[2.317073,48.885747],[2.317108,48.885768],[2.317132,48.885782],[2.317139,48.885786],[2.31714,48.885787],[2.317199,48.88582],[2.317201,48.885821],[2.317208,48.885825],[2.317236,48.885841],[2.317268,48.885861],[2.317269,48.885861],[2.31727,48.885862],[2.317306,48.885883],[2.317329,48.885896],[2.317337,48.885901],[2.317339,48.885902],[2.317377,48.885924],[2.317477,48.885978],[2.317475,48.885979],[2.317599,48.886052],[2.317713,48.886119],[2.317734,48.886117],[2.31773,48.885949],[2.317722,48.885945],[2.3177,48.885935],[2.317687,48.885929],[2.317607,48.885891],[2.317584,48.88588]]],[[[2.317864,48.886351],[2.317757,48.886288],[2.317716,48.886288],[2.317568,48.886376],[2.31742,48.886464],[2.317311,48.886528],[2.317171,48.886611],[2.317137,48.886631],[2.317139,48.886658],[2.31728,48.88673],[2.317328,48.886701],[2.317446,48.88663],[2.317562,48.88656],[2.317705,48.886474],[2.317865,48.886378],[2.317864,48.886351]]],[[[2.318224,48.886323],[2.31825,48.886317],[2.318277,48.886313],[2.318299,48.886311],[2.318326,48.886309],[2.318353,48.88631],[2.31838,48.886312],[2.318408,48.886315],[2.318409,48.886314],[2.318434,48.886321],[2.318448,48.886325],[2.318458,48.886329],[2.31848,48.886339],[2.318487,48.886342],[2.318425,48.886215],[2.318208,48.886171],[2.318213,48.886168],[2.318109,48.88611],[2.3181,48.886116],[2.318032,48.886167],[2.318028,48.88617],[2.317876,48.886189],[2.317875,48.88619],[2.317881,48.886217],[2.317928,48.886244],[2.318031,48.886304],[2.31813,48.886362],[2.318152,48.88635],[2.318174,48.88634],[2.318199,48.886331],[2.31821,48.886327],[2.318224,48.886323]]],[[[2.312144,48.886884],[2.31181,48.886779],[2.311786,48.886801],[2.312029,48.886958],[2.312168,48.887048],[2.31224,48.887095],[2.312281,48.887096],[2.312291,48.887089],[2.312357,48.887049],[2.312433,48.887001],[2.312427,48.886974],[2.312292,48.886932],[2.312144,48.886884]]],[[[2.319257,48.886826],[2.318977,48.886857],[2.319384,48.887097],[2.319257,48.886826]]],[[[2.318865,48.886688],[2.318938,48.88657],[2.31887,48.886607],[2.318854,48.886595],[2.318839,48.886584],[2.318797,48.886554],[2.318773,48.886536],[2.31875,48.886519],[2.318692,48.886477],[2.318661,48.886501],[2.318633,48.886497],[2.318633,48.886517],[2.318629,48.88654],[2.318623,48.886561],[2.318614,48.886577],[2.318611,48.88658],[2.318597,48.886599],[2.318594,48.886603],[2.318579,48.886618],[2.318574,48.886623],[2.318704,48.886698],[2.318841,48.886778],[2.318872,48.886779],[2.318865,48.886688]]],[[[2.303439,48.890095],[2.30338,48.890074],[2.302971,48.890389],[2.302962,48.890474],[2.302967,48.890476],[2.303059,48.890407],[2.303105,48.890373],[2.303443,48.890119],[2.303439,48.890095]]]],"type":"MultiPolygon"},"properties":{"id_projet":"COLLEGES (année scolaire 2026/2027)","libelle":"ROSE BLANCHE","annee_scol":"2026-2027","zone_commune":0,"etiquette":"Secteur du collège ROSE BLANCHE","lib_etab_1":"ROSE BLANCHE","lib_etab_2":null,"lib_etab_3":null,"lib_etab_4":null,"adr_etab_1":"101 RUE DE SAUSSURE","adr_etab_2":null,"adr_etab_3":null,"adr_etab_4":null,"st_area_shape":610937.1396599247,"st_perimeter_shape":15445.186357873998,"type_etabl":"Collège","geo_point_2d":{"lon":2.3115054835832503,"lat":48.89085317353755}}},{"type":"Feature","geometry":{"coordinates":[[[[2.309563,48.894059],[2.311146,48.89445],[2.31181,48.894012],[2.312626,48.894583],[2.31238,48.894177],[2.308241,48.89233],[2.308735,48.892123],[2.313685,48.894162],[2.314049,48.893637],[2.313115,48.893141],[2.313196,48.892334],[2.316735,48.890544],[2.317657,48.891156],[2.316817,48.89188],[2.318175,48.891435],[2.314134,48.887485],[2.311087,48.887949],[2.309008,48.888831],[2.308908,48.889806],[2.3086,48.889806],[2.308862,48.88888],[2.308145,48.88909],[2.30853,48.8895],[2.307753,48.889222],[2.306673,48.889585],[2.307714,48.890758],[2.309841,48.889475],[2.311165,48.890306],[2.308471,48.892098],[2.307152,48.891464],[2.305475,48.892394],[2.306746,48.891615],[2.304286,48.890453],[2.301877,48.891873],[2.304247,48.893358],[2.304002,48.893534],[2.303623,48.893761],[2.301142,48.892542],[2.300813,48.892687],[2.305667,48.895072],[2.304614,48.894382],[2.305193,48.893948],[2.307219,48.895146],[2.309696,48.895969],[2.310175,48.895992],[2.309915,48.895758],[2.311395,48.894818],[2.309563,48.894059]]],[[[2.315501,48.888085],[2.315832,48.88834],[2.317502,48.887334],[2.31659,48.886584],[2.317592,48.886192],[2.316882,48.885782],[2.314361,48.887352],[2.315501,48.888085]]],[[[2.317945,48.890902],[2.318543,48.891402],[2.319966,48.890555],[2.318608,48.88957],[2.317352,48.890246],[2.317945,48.890902]]],[[[2.307488,48.887425],[2.308201,48.886869],[2.306572,48.886006],[2.305622,48.886741],[2.3064,48.88731],[2.307488,48.887425]]],[[[2.314287,48.885362],[2.314712,48.884531],[2.314424,48.884563],[2.31237,48.886049],[2.313142,48.886568],[2.314287,48.885362]]],[[[2.307457,48.888179],[2.307801,48.888133],[2.307627,48.888423],[2.308002,48.888932],[2.310167,48.888274],[2.307098,48.887931],[2.307457,48.888179]]],[[[2.310178,48.887369],[2.311273,48.887689],[2.309214,48.886371],[2.308767,48.886678],[2.310348,48.887749],[2.310724,48.887733],[2.310178,48.887369]]],[[[2.31176,48.887385],[2.312121,48.887169],[2.310775,48.88656],[2.310405,48.886813],[2.309583,48.886081],[2.309271,48.886303],[2.311346,48.887645],[2.31176,48.887385]]],[[[2.317978,48.88907],[2.316873,48.889647],[2.317227,48.890149],[2.3185,48.889491],[2.317978,48.88907]]],[[[2.316233,48.889107],[2.316706,48.889603],[2.31731,48.88925],[2.317011,48.889015],[2.317412,48.889191],[2.3178,48.888939],[2.31721,48.888527],[2.316233,48.889107]]],[[[2.314424,48.886723],[2.315264,48.886032],[2.314495,48.885889],[2.314039,48.886319],[2.313892,48.887048],[2.314424,48.886723]]],[[[2.317809,48.887085],[2.318406,48.887668],[2.319244,48.887185],[2.318458,48.886697],[2.317809,48.887085]]],[[[2.307501,48.88821],[2.306309,48.889104],[2.306556,48.889424],[2.307675,48.889029],[2.307196,48.888615],[2.307501,48.88821]]],[[[2.318366,48.887867],[2.317453,48.888408],[2.318045,48.888821],[2.318817,48.888371],[2.318366,48.887867]]],[[[2.307738,48.886485],[2.30835,48.886786],[2.309362,48.886028],[2.307891,48.886319],[2.307463,48.886095],[2.307296,48.886247],[2.307738,48.886485]]],[[[2.307565,48.88761],[2.307342,48.887801],[2.309087,48.888],[2.310792,48.887951],[2.307565,48.88761]]],[[[2.312774,48.887084],[2.311499,48.887699],[2.313528,48.887394],[2.312774,48.887084]]],[[[2.309166,48.887641],[2.310028,48.88769],[2.308662,48.886787],[2.308294,48.887032],[2.309166,48.887641]]],[[[2.318942,48.888469],[2.318152,48.888929],[2.318755,48.889353],[2.319416,48.888997],[2.318942,48.888469]]],[[[2.317912,48.887393],[2.316885,48.887983],[2.317347,48.8883],[2.31824,48.887769],[2.317912,48.887393]]],[[[2.315804,48.888657],[2.31617,48.889001],[2.317104,48.888419],[2.316684,48.888105],[2.315804,48.888657]]],[[[2.315368,48.886233],[2.314098,48.887131],[2.315498,48.886594],[2.315368,48.886233]]],[[[2.320012,48.889584],[2.319459,48.889905],[2.320212,48.890439],[2.320596,48.890193],[2.320012,48.889584]]],[[[2.307016,48.887766],[2.307227,48.88757],[2.305226,48.887321],[2.305164,48.887555],[2.307016,48.887766]]],[[[2.318484,48.88779],[2.318977,48.888273],[2.319078,48.887766],[2.319697,48.887555],[2.319348,48.887243],[2.318484,48.88779]]],[[[2.319544,48.889094],[2.318862,48.889459],[2.319332,48.889811],[2.319909,48.889475],[2.319544,48.889094]]],[[[2.314401,48.885665],[2.315025,48.884938],[2.314843,48.884594],[2.314401,48.885665]]],[[[2.308705,48.887596],[2.308189,48.887142],[2.307736,48.887452],[2.308705,48.887596]]],[[[2.313346,48.886733],[2.313769,48.886986],[2.31389,48.886378],[2.313346,48.886733]]],[[[2.305661,48.886925],[2.305269,48.887171],[2.30613,48.88725],[2.305661,48.886925]]],[[[2.317503,48.886858],[2.31772,48.887021],[2.318287,48.886681],[2.318066,48.886522],[2.317503,48.886858]]],[[[2.312679,48.886454],[2.312191,48.8867],[2.312646,48.886809],[2.3129,48.886651],[2.312679,48.886454]]],[[[2.305162,48.8879],[2.306107,48.887831],[2.304934,48.887684],[2.305162,48.8879]]],[[[2.313114,48.88673],[2.312838,48.886906],[2.313619,48.887073],[2.313114,48.88673]]],[[[2.317584,48.88588],[2.317589,48.885876],[2.317182,48.885628],[2.317006,48.88566],[2.316993,48.885673],[2.316991,48.885676],[2.31699,48.885678],[2.316989,48.885679],[2.316988,48.885682],[2.316988,48.885684],[2.316988,48.885688],[2.316988,48.88569],[2.31699,48.885693],[2.316991,48.885695],[2.316995,48.885702],[2.317037,48.885726],[2.317039,48.885727],[2.317063,48.885741],[2.31707,48.885746],[2.317073,48.885747],[2.317108,48.885768],[2.317132,48.885782],[2.317139,48.885786],[2.31714,48.885787],[2.317199,48.88582],[2.317201,48.885821],[2.317208,48.885825],[2.317236,48.885841],[2.317268,48.885861],[2.317269,48.885861],[2.31727,48.885862],[2.317306,48.885883],[2.317329,48.885896],[2.317337,48.885901],[2.317339,48.885902],[2.317377,48.885924],[2.317477,48.885978],[2.317475,48.885979],[2.317599,48.886052],[2.317713,48.886119],[2.317734,48.886117],[2.31773,48.885949],[2.317722,48.885945],[2.3177,48.885935],[2.317687,48.885929],[2.317607,48.885891],[2.317584,48.88588]]],[[[2.317864,48.886351],[2.317757,48.886288],[2.317716,48.886288],[2.317568,48.886376],[2.31742,48.886464],[2.317311,48.886528],[2.317171,48.886611],[2.317137,48.886631],[2.317139,48.886658],[2.31728,48.88673],[2.317328,48.886701],[2.317446,48.88663],[2.317562,48.88656],[2.317705,48.886474],[2.317865,48.886378],[2.317864,48.886351]]],[[[2.318031,48.886304],[2.318487,48.886342],[2.318109,48.88611],[2.318031,48.886304]]],[[[2.306949,48.885884],[2.306663,48.885915],[2.307179,48.886182],[2.306949,48.885884]]],[[[2.312144,48.886884],[2.31181,48.886779],[2.311786,48.886801],[2.312029,48.886958],[2.312168,48.887048],[2.31224,48.887095],[2.312281,48.887096],[2.312291,48.887089],[2.312357,48.887049],[2.312433,48.887001],[2.312427,48.886974],[2.312292,48.886932],[2.312144,48.886884]]],[[[2.319257,48.886826],[2.318977,48.886857],[2.319384,48.887097],[2.319257,48.886826]]],[[[2.318865,48.886688],[2.318938,48.88657],[2.31887,48.886607],[2.318854,48.886595],[2.318839,48.886584],[2.318797,48.886554],[2.318773,48.886536],[2.31875,48.886519],[2.318692,48.886477],[2.318661,48.886501],[2.318633,48.886497],[2.318633,48.886517],[2.318629,48.88654],[2.318623,48.886561],[2.318614,48.886577],[2.318611,48.88658],[2.318597,48.886599],[2.318594,48.886603],[2.318579,48.886618],[2.318574,48.886623],[2.318704,48.886698],[2.318841,48.886778],[2.318872,48.886779],[2.318865,48.886688]]],[[[2.303439,48.890095],[2.30338,48.890074],[2.302971,48.890389],[2.302962,48.890474],[2.302967,48.890476],[2.303059,48.890407],[2.303105,48.890373],[2.303443,48.890119],[2.303439,48.890095]]],[[[2.306597,48.887874],[2.306583,48.887872],[2.306573,48.887879],[2.306556,48.887891],[2.306609,48.887922],[2.306619,48.887928],[2.306623,48.887931],[2.30669,48.88797],[2.306819,48.887907],[2.306815,48.887899],[2.306597,48.887874]]]],"type":"MultiPolygon"},"properties":{"id_projet":"COLLEGES (année scolaire 2020/2021)","libelle":"ROSE BLANCHE","annee_scol":"2020-2021","zone_commune":0,"etiquette":"Secteur du collège ROSE BLANCHE","lib_etab_1":"ROSE BLANCHE","lib_etab_2":null,"lib_etab_3":null,"lib_etab_4":null,"adr_etab_1":"101 RUE DE SAUSSURE","adr_etab_2":null,"adr_etab_3":null,"adr_etab_4":null,"st_area_shape":702389.4092444131,"st_perimeter_shape":20565.922755509848,"type_etabl":"Collège","geo_point_2d":{"lon":2.3110673214770476,"lat":48.89045298856019}}},{"type":"Feature","geometry":{"coordinates":[[[[2.28482,48.885082],[2.286003,48.884037],[2.283408,48.882148],[2.284216,48.883164],[2.283642,48.883484],[2.282795,48.882858],[2.282187,48.883665],[2.28435,48.885345],[2.28482,48.885082]]],[[[2.292107,48.878965],[2.294002,48.87853],[2.29402,48.878306],[2.29221,48.877193],[2.29164,48.878091],[2.292164,48.8781],[2.291941,48.878843],[2.291709,48.878667],[2.291973,48.878258],[2.291616,48.878129],[2.291059,48.879007],[2.292107,48.878965]]],[[[2.290067,48.877824],[2.290933,48.876646],[2.290478,48.876505],[2.289422,48.87759],[2.289843,48.87697],[2.289105,48.876151],[2.288324,48.877742],[2.28921,48.878295],[2.289833,48.877779],[2.289285,48.878354],[2.289563,48.878459],[2.290067,48.877824]]],[[[2.290552,48.87896],[2.288419,48.878152],[2.28808,48.878238],[2.287699,48.879021],[2.288234,48.878919],[2.288084,48.879179],[2.289317,48.879608],[2.290742,48.879278],[2.290552,48.87896]]],[[[2.287593,48.88289],[2.288329,48.882224],[2.287963,48.882048],[2.287382,48.882377],[2.287653,48.882173],[2.287287,48.881934],[2.287836,48.88146],[2.287013,48.880982],[2.286713,48.881203],[2.286782,48.880878],[2.286351,48.881175],[2.28617,48.880977],[2.286809,48.880524],[2.285613,48.880801],[2.286946,48.881814],[2.286467,48.882247],[2.287008,48.882278],[2.286877,48.882506],[2.287593,48.88289]]],[[[2.29189,48.876914],[2.2924,48.87642],[2.291335,48.875327],[2.289408,48.875919],[2.29189,48.876914]]],[[[2.284256,48.880595],[2.284812,48.880409],[2.283998,48.878646],[2.282432,48.879048],[2.284256,48.880595]]],[[[2.288417,48.886619],[2.288102,48.886361],[2.28665,48.886544],[2.286632,48.886913],[2.288648,48.887819],[2.28921,48.887206],[2.288417,48.886619]]],[[[2.297239,48.877182],[2.296679,48.876462],[2.295209,48.877551],[2.295669,48.878147],[2.297598,48.877707],[2.297239,48.877182]]],[[[2.285889,48.884894],[2.285713,48.884751],[2.284732,48.885638],[2.285655,48.886265],[2.287376,48.886049],[2.285889,48.884894]]],[[[2.287559,48.878869],[2.287887,48.878198],[2.287702,48.878019],[2.285052,48.878033],[2.287275,48.879331],[2.287559,48.878869]]],[[[2.281863,48.881747],[2.280697,48.881924],[2.280908,48.882879],[2.28172,48.883511],[2.282513,48.882588],[2.281863,48.881747]]],[[[2.286173,48.880225],[2.286604,48.880176],[2.286318,48.879322],[2.28445,48.878331],[2.285227,48.880122],[2.286173,48.880225]]],[[[2.288719,48.881873],[2.289094,48.881532],[2.288298,48.881101],[2.288826,48.880677],[2.288035,48.880239],[2.286874,48.880509],[2.286911,48.880847],[2.288719,48.881873]]],[[[2.293186,48.874737],[2.291512,48.875271],[2.292526,48.876272],[2.293596,48.875005],[2.293186,48.874737]]],[[[2.285685,48.877116],[2.284451,48.877495],[2.284863,48.877883],[2.287717,48.877885],[2.285685,48.877116]]],[[[2.287916,48.883529],[2.287442,48.883321],[2.286568,48.884098],[2.286912,48.884312],[2.288655,48.884176],[2.287916,48.883529]]],[[[2.2902,48.880532],[2.291128,48.879691],[2.290895,48.879579],[2.288721,48.88008],[2.289938,48.88077],[2.2902,48.880532]]],[[[2.290866,48.878914],[2.291409,48.878089],[2.290355,48.877707],[2.28969,48.878505],[2.290866,48.878914]]],[[[2.293041,48.877473],[2.293236,48.87758],[2.293939,48.876294],[2.293551,48.875845],[2.292432,48.877129],[2.293041,48.877473]]],[[[2.28903,48.884597],[2.288646,48.884357],[2.287289,48.884546],[2.288878,48.885535],[2.28903,48.884597]]],[[[2.286458,48.882615],[2.286041,48.882457],[2.285717,48.883492],[2.286128,48.883825],[2.287147,48.883131],[2.286458,48.882615]]],[[[2.291621,48.87789],[2.292087,48.877109],[2.291606,48.876923],[2.291135,48.877421],[2.291575,48.876899],[2.291096,48.876732],[2.290455,48.877576],[2.291621,48.87789]]],[[[2.284646,48.881475],[2.283811,48.881674],[2.284264,48.881903],[2.284195,48.882624],[2.284644,48.882903],[2.285092,48.881836],[2.284646,48.881475]]],[[[2.287316,48.876612],[2.285882,48.877066],[2.287799,48.877792],[2.287316,48.876612]]],[[[2.288578,48.876781],[2.288845,48.876097],[2.287462,48.876558],[2.288054,48.877703],[2.288578,48.876781]]],[[[2.285683,48.882127],[2.285225,48.881943],[2.284902,48.882983],[2.28546,48.883411],[2.285907,48.882349],[2.285683,48.882127]]],[[[2.29473,48.877049],[2.29634,48.875946],[2.296048,48.875537],[2.294812,48.876555],[2.29473,48.877049]]],[[[2.286229,48.879139],[2.28803,48.879875],[2.284227,48.877836],[2.286229,48.879139]]],[[[2.294168,48.876544],[2.294012,48.876416],[2.293322,48.877678],[2.29375,48.877982],[2.294123,48.877728],[2.294168,48.876544]]],[[[2.296339,48.876602],[2.296643,48.876359],[2.296389,48.876047],[2.294933,48.87723],[2.295167,48.877451],[2.296339,48.876602]]],[[[2.294109,48.875203],[2.293607,48.875732],[2.294329,48.876496],[2.294534,48.875293],[2.294109,48.875203]]],[[[2.289268,48.883991],[2.290319,48.883165],[2.289895,48.882982],[2.288897,48.88369],[2.289268,48.883991]]],[[[2.288587,48.88304],[2.289175,48.882628],[2.28868,48.882652],[2.288642,48.8823],[2.28769,48.882985],[2.288195,48.883323],[2.288587,48.88304]]],[[[2.295478,48.875835],[2.295964,48.875424],[2.295828,48.875239],[2.29502,48.875329],[2.294851,48.876333],[2.295478,48.875835]]],[[[2.289334,48.883223],[2.289762,48.88292],[2.289312,48.88269],[2.288367,48.883434],[2.288776,48.883619],[2.289334,48.883223]]],[[[2.287811,48.879203],[2.287522,48.879465],[2.288226,48.879844],[2.289038,48.879671],[2.287811,48.879203]]],[[[2.295111,48.877625],[2.294586,48.87792],[2.294499,48.878391],[2.295516,48.878181],[2.295111,48.877625]]],[[[2.291221,48.880807],[2.290737,48.880249],[2.290062,48.880843],[2.290548,48.880778],[2.291375,48.881237],[2.291221,48.880807]]],[[[2.280526,48.87973],[2.280191,48.879692],[2.280379,48.880519],[2.280791,48.880552],[2.280526,48.87973]]],[[[2.286981,48.880146],[2.287549,48.879987],[2.286509,48.879453],[2.286981,48.880146]]],[[[2.289119,48.881416],[2.289591,48.881082],[2.288942,48.880739],[2.28851,48.881087],[2.289119,48.881416]]],[[[2.281292,48.881057],[2.280527,48.881175],[2.280626,48.881607],[2.281482,48.88141],[2.281292,48.881057]]],[[[2.288544,48.880387],[2.289815,48.880843],[2.288529,48.880143],[2.288243,48.880224],[2.288544,48.880387]]],[[[2.289243,48.882026],[2.289778,48.881807],[2.289378,48.88158],[2.28863,48.882134],[2.289243,48.882026]]],[[[2.288245,48.881703],[2.287885,48.881525],[2.287373,48.881932],[2.287732,48.882155],[2.288245,48.881703]]],[[[2.289446,48.88213],[2.290022,48.882426],[2.290493,48.882057],[2.290006,48.881783],[2.289705,48.882263],[2.289446,48.88213]]],[[[2.289887,48.876237],[2.289346,48.876071],[2.289926,48.876787],[2.290312,48.876426],[2.289887,48.876237]]],[[[2.285215,48.880957],[2.284815,48.881208],[2.285547,48.881548],[2.285215,48.880957]]],[[[2.286282,48.881582],[2.285936,48.881464],[2.286365,48.882113],[2.28668,48.88183],[2.286282,48.881582]]],[[[2.280963,48.880685],[2.280405,48.880637],[2.280503,48.881067],[2.281063,48.880936],[2.280963,48.880685]]],[[[2.282245,48.884017],[2.284218,48.885541],[2.284326,48.885534],[2.28226,48.883929],[2.282245,48.884017]]],[[[2.29009,48.881706],[2.289695,48.881171],[2.28939,48.881446],[2.29009,48.881706]]],[[[2.285354,48.88025],[2.285338,48.880524],[2.286123,48.880343],[2.285354,48.88025]]],[[[2.295052,48.875222],[2.295093,48.875221],[2.295146,48.87522],[2.295175,48.875219],[2.295212,48.875217],[2.295213,48.875218],[2.295227,48.875217],[2.295298,48.875212],[2.295298,48.875211],[2.295352,48.875207],[2.295406,48.875201],[2.295459,48.875195],[2.295508,48.875188],[2.295508,48.875189],[2.295579,48.875178],[2.295593,48.875176],[2.295592,48.875175],[2.295632,48.875168],[2.295671,48.87516],[2.29571,48.875152],[2.295746,48.875144],[2.295746,48.875146],[2.29576,48.875143],[2.295754,48.875134],[2.295751,48.875135],[2.295743,48.875124],[2.295745,48.875123],[2.29574,48.875115],[2.295738,48.875116],[2.295725,48.875099],[2.295727,48.875098],[2.295721,48.875089],[2.295719,48.87509],[2.295711,48.87508],[2.295713,48.875079],[2.295707,48.87507],[2.295705,48.875071],[2.295666,48.875017],[2.295668,48.875016],[2.295661,48.875007],[2.295659,48.875008],[2.295651,48.874997],[2.295654,48.874997],[2.295647,48.874988],[2.295645,48.874989],[2.295633,48.874972],[2.29507,48.875035],[2.295073,48.875035],[2.29507,48.875053],[2.295067,48.875053],[2.295065,48.875063],[2.295068,48.875063],[2.295066,48.875074],[2.295063,48.875074],[2.295062,48.875084],[2.295065,48.875084],[2.295055,48.875143],[2.295052,48.875143],[2.29505,48.875153],[2.295053,48.875153],[2.295051,48.875165],[2.295048,48.875165],[2.295046,48.875174],[2.295049,48.875174],[2.295046,48.875192],[2.295043,48.875192],[2.295042,48.875202],[2.295045,48.875202],[2.295042,48.875214],[2.29504,48.875214],[2.295038,48.875223],[2.295052,48.875223],[2.295052,48.875222]]],[[[2.294888,48.877353],[2.294606,48.877771],[2.295029,48.87755],[2.294888,48.877353]]],[[[2.283169,48.88177],[2.283335,48.881317],[2.282977,48.881404],[2.283169,48.88177]]],[[[2.28841,48.882151],[2.288647,48.881936],[2.288385,48.881782],[2.288074,48.881978],[2.28841,48.882151]]],[[[2.286455,48.886531],[2.285979,48.886537],[2.286464,48.886775],[2.286455,48.886531]]],[[[2.293635,48.874887],[2.293816,48.874745],[2.293319,48.874673],[2.293635,48.874887]]],[[[2.294539,48.875184],[2.294554,48.875187],[2.294586,48.875002],[2.294279,48.874936],[2.294159,48.875078],[2.294172,48.875103],[2.29418,48.875105],[2.294179,48.875107],[2.294193,48.87511],[2.294194,48.875109],[2.294263,48.875127],[2.294262,48.875129],[2.294276,48.875133],[2.294323,48.875143],[2.294323,48.875143],[2.294333,48.875146],[2.294334,48.875145],[2.294395,48.875158],[2.294395,48.875159],[2.294405,48.875161],[2.294406,48.875161],[2.294453,48.875171],[2.294468,48.875173],[2.294468,48.875171],[2.294506,48.875177],[2.29454,48.875183],[2.294539,48.875184]]],[[[2.293782,48.878005],[2.294051,48.878157],[2.294114,48.877779],[2.293782,48.878005]]],[[[2.284622,48.88586],[2.285164,48.886279],[2.285323,48.886308],[2.284647,48.885784],[2.284622,48.88586]]],[[[2.28784,48.887694],[2.287844,48.887761],[2.288222,48.887945],[2.288307,48.887922],[2.28784,48.887694]]],[[[2.287309,48.887444],[2.287373,48.887474],[2.28742,48.887432],[2.287357,48.887402],[2.287309,48.887444]]]],"type":"MultiPolygon"},"properties":{"id_projet":"COLLEGES (année scolaire 2025/2026)","libelle":"ANDRE MALRAUX","annee_scol":"2025-2026","zone_commune":0,"etiquette":"Secteur du collège ANDRE MALRAUX","lib_etab_1":"ANDRE MALRAUX","lib_etab_2":null,"lib_etab_3":null,"lib_etab_4":null,"adr_etab_1":"5 bis RUE SAINT-FERDINAND","adr_etab_2":null,"adr_etab_3":null,"adr_etab_4":null,"st_area_shape":512574.6542395198,"st_perimeter_shape":25410.9766027796,"type_etabl":"Collège","geo_point_2d":{"lon":2.288369740182703,"lat":48.88018059277178}}},{"type":"Feature","geometry":{"coordinates":[[[[2.309941,48.891026],[2.311165,48.890306],[2.309841,48.889475],[2.307714,48.890758],[2.306673,48.889585],[2.304851,48.890265],[2.308471,48.892098],[2.309941,48.891026]]],[[[2.302587,48.890345],[2.302562,48.889967],[2.302011,48.889984],[2.302036,48.890361],[2.302587,48.890345]]],[[[2.301807,48.889989],[2.301782,48.889612],[2.301197,48.889629],[2.301222,48.890006],[2.301807,48.889989]]],[[[2.302856,48.89056],[2.302049,48.890469],[2.302061,48.890757],[2.302856,48.89056]]],[[[2.302172,48.889433],[2.302004,48.889876],[2.302753,48.889708],[2.302172,48.889433]]],[[[2.301843,48.890551],[2.301813,48.890097],[2.301029,48.890271],[2.301843,48.890551]]],[[[2.302971,48.890389],[2.303439,48.890095],[2.302885,48.889771],[2.30275,48.890333],[2.302971,48.890389]]],[[[2.301599,48.88916],[2.301253,48.889073],[2.300953,48.889411],[2.301716,48.889507],[2.301599,48.88916]]],[[[2.301032,48.889603],[2.300796,48.889491],[2.300405,48.889976],[2.300896,48.890208],[2.301032,48.889603]]],[[[2.300384,48.884068],[2.299273,48.884507],[2.300876,48.884351],[2.300384,48.884068]]],[[[2.302968,48.888514],[2.302649,48.888437],[2.302968,48.888803],[2.30389,48.889406],[2.303966,48.889035],[2.302968,48.888514]]],[[[2.298461,48.887669],[2.297999,48.887537],[2.297899,48.887846],[2.298834,48.88829],[2.299305,48.888164],[2.298461,48.887669]]],[[[2.305848,48.887996],[2.306107,48.887831],[2.304804,48.887742],[2.304508,48.888734],[2.305848,48.887996]]],[[[2.304649,48.884029],[2.30302,48.884437],[2.303453,48.884953],[2.304649,48.884029]]],[[[2.301828,48.886748],[2.301381,48.886887],[2.303125,48.887286],[2.304212,48.887441],[2.304276,48.887207],[2.301828,48.886748]]],[[[2.298411,48.88713],[2.299728,48.887829],[2.300476,48.88729],[2.298411,48.88713]]],[[[2.297048,48.885496],[2.296079,48.886326],[2.297368,48.886813],[2.297048,48.885496]]],[[[2.302906,48.885958],[2.303655,48.885934],[2.303222,48.885424],[2.301816,48.886579],[2.303206,48.886158],[2.302906,48.885958]]],[[[2.301112,48.8868],[2.30132,48.88661],[2.297881,48.885394],[2.301112,48.8868]]],[[[2.301867,48.883475],[2.300549,48.884013],[2.30122,48.884308],[2.302201,48.884184],[2.301867,48.883475]]],[[[2.301606,48.888452],[2.300821,48.887359],[2.30002,48.887927],[2.301788,48.888806],[2.301606,48.888452]]],[[[2.303881,48.886243],[2.303693,48.886051],[2.302412,48.886724],[2.304314,48.88705],[2.303881,48.886243]]],[[[2.302909,48.885389],[2.301828,48.885367],[2.300747,48.886265],[2.301524,48.886471],[2.302909,48.885389]]],[[[2.301246,48.885636],[2.301526,48.885373],[2.29878,48.885467],[2.300521,48.886188],[2.301246,48.885636]]],[[[2.303006,48.882962],[2.302198,48.883307],[2.302714,48.884017],[2.304357,48.883762],[2.303006,48.882962]]],[[[2.306736,48.887997],[2.306356,48.887847],[2.304443,48.888949],[2.304173,48.889848],[2.306736,48.887997]]],[[[2.301341,48.887042],[2.300947,48.887238],[2.302219,48.889007],[2.303829,48.889587],[2.302705,48.888774],[2.301341,48.887042]]],[[[2.305116,48.889906],[2.306556,48.889424],[2.306309,48.889104],[2.307501,48.88821],[2.307094,48.887931],[2.306605,48.888299],[2.306947,48.888569],[2.306495,48.88838],[2.304367,48.88997],[2.305116,48.889906]]],[[[2.305751,48.884485],[2.304943,48.884078],[2.303618,48.885114],[2.306656,48.885098],[2.305751,48.884485]]],[[[2.302016,48.890936],[2.300162,48.889994],[2.299569,48.890437],[2.301411,48.891588],[2.302016,48.890936]]],[[[2.302051,48.887226],[2.302381,48.888035],[2.304054,48.88886],[2.304317,48.887617],[2.302051,48.887226]]],[[[2.300626,48.887086],[2.299802,48.886545],[2.299451,48.886855],[2.299684,48.8865],[2.297457,48.885513],[2.297613,48.886332],[2.298182,48.887011],[2.300626,48.887086]]],[[[2.300223,48.889709],[2.301009,48.88888],[2.299722,48.888269],[2.298165,48.888815],[2.300223,48.889709]]],[[[2.302515,48.88446],[2.298143,48.885135],[2.303034,48.885165],[2.302515,48.88446]]],[[[2.306838,48.885315],[2.303699,48.885371],[2.304939,48.88687],[2.306838,48.885315]]]],"type":"MultiPolygon"},"properties":{"id_projet":"COLLEGES (année scolaire 2026/2027)","libelle":"BORIS VIAN","annee_scol":"2026-2027","zone_commune":0,"etiquette":"Secteur du collège BORIS VIAN","lib_etab_1":"BORIS VIAN","lib_etab_2":null,"lib_etab_3":null,"lib_etab_4":null,"adr_etab_1":"76 BOULEVARD BERTHIER","adr_etab_2":null,"adr_etab_3":null,"adr_etab_4":null,"st_area_shape":347310.54567902035,"st_perimeter_shape":15843.42371302448,"type_etabl":"Collège","geo_point_2d":{"lon":2.3031576687232005,"lat":48.88770548438669}}},{"type":"Feature","geometry":{"coordinates":[[[[2.319781,48.898199],[2.314526,48.896194],[2.312987,48.896923],[2.312825,48.896753],[2.313311,48.896344],[2.312292,48.895577],[2.31089,48.896297],[2.311639,48.896973],[2.310973,48.896721],[2.31074,48.896991],[2.31228,48.897732],[2.318602,48.89969],[2.321482,48.898958],[2.319781,48.898199]]],[[[2.322942,48.898509],[2.322958,48.897679],[2.321499,48.897547],[2.314121,48.894848],[2.312485,48.895381],[2.313543,48.896243],[2.314538,48.895937],[2.321991,48.898792],[2.322942,48.898509]]],[[[2.323517,48.900698],[2.323885,48.899156],[2.323726,48.900171],[2.328625,48.900284],[2.328677,48.8992],[2.322552,48.89901],[2.322456,48.899941],[2.323058,48.899954],[2.323048,48.900205],[2.322187,48.900089],[2.322236,48.899068],[2.319883,48.899664],[2.31967,48.900081],[2.3219,48.900814],[2.323517,48.900698]]],[[[2.318178,48.89489],[2.317329,48.893775],[2.317044,48.89387],[2.316119,48.893068],[2.315453,48.893182],[2.31815,48.891541],[2.317903,48.891379],[2.316727,48.891811],[2.317657,48.891156],[2.316889,48.890568],[2.315418,48.89104],[2.313124,48.892434],[2.313115,48.893141],[2.314049,48.893637],[2.313685,48.894162],[2.315259,48.893207],[2.315563,48.893389],[2.314409,48.894076],[2.318178,48.89489]]],[[[2.322628,48.89731],[2.322178,48.897181],[2.321262,48.896014],[2.320259,48.89603],[2.319974,48.89569],[2.318555,48.895373],[2.318429,48.895933],[2.319032,48.896038],[2.318654,48.896051],[2.322628,48.89731]]],[[[2.328586,48.898907],[2.328983,48.898845],[2.328713,48.898042],[2.32663,48.897817],[2.326656,48.898864],[2.328586,48.898907]]],[[[2.309563,48.894059],[2.311395,48.894818],[2.309915,48.895758],[2.310213,48.896024],[2.312626,48.894583],[2.31181,48.894012],[2.311146,48.89445],[2.309563,48.894059]]],[[[2.31857,48.894716],[2.319156,48.89452],[2.318611,48.893746],[2.317754,48.893961],[2.31857,48.894716]]],[[[2.31643,48.895016],[2.316085,48.894489],[2.316604,48.895164],[2.316309,48.894496],[2.316789,48.895133],[2.317674,48.894939],[2.315835,48.894446],[2.31643,48.895016]]],[[[2.324533,48.897709],[2.324168,48.898123],[2.324758,48.898537],[2.325261,48.898336],[2.324533,48.897709]]],[[[2.31826,48.895902],[2.318381,48.895077],[2.317688,48.895051],[2.317595,48.89565],[2.31826,48.895902]]],[[[2.329024,48.899231],[2.32882,48.900195],[2.329462,48.900419],[2.329024,48.899231]]],[[[2.316992,48.893769],[2.317309,48.893749],[2.316598,48.892813],[2.31616,48.893045],[2.316992,48.893769]]],[[[2.317916,48.892316],[2.319362,48.894536],[2.319703,48.894475],[2.317916,48.892316]]],[[[2.323857,48.897695],[2.323456,48.897751],[2.323617,48.898652],[2.323857,48.897695]]],[[[2.3261,48.898613],[2.326314,48.898707],[2.326353,48.897897],[2.325725,48.898234],[2.3261,48.898613]]],[[[2.325857,48.897966],[2.326134,48.897743],[2.324904,48.897717],[2.325414,48.898131],[2.325857,48.897966]]],[[[2.314419,48.894191],[2.314057,48.894303],[2.315324,48.894706],[2.314419,48.894191]]],[[[2.32557,48.898437],[2.32492,48.898828],[2.32608,48.898851],[2.32557,48.898437]]],[[[2.319352,48.89492],[2.319686,48.894601],[2.318461,48.894999],[2.319549,48.895162],[2.319352,48.89492]]],[[[2.317577,48.892306],[2.317257,48.892471],[2.317705,48.893081],[2.318038,48.892996],[2.317577,48.892306]]],[[[2.329578,48.900882],[2.329503,48.90051],[2.328739,48.900494],[2.328725,48.900804],[2.329578,48.900882]]],[[[2.317075,48.892594],[2.316756,48.892761],[2.317137,48.893262],[2.317471,48.893177],[2.317075,48.892594]]],[[[2.317514,48.895454],[2.317589,48.895071],[2.316881,48.895302],[2.317514,48.895454]]],[[[2.324179,48.898327],[2.324004,48.898742],[2.32474,48.898824],[2.324179,48.898327]]],[[[2.315433,48.894392],[2.315276,48.894361],[2.315249,48.894383],[2.315339,48.894495],[2.315407,48.89458],[2.315522,48.894724],[2.31568,48.894922],[2.315887,48.895],[2.315892,48.895002],[2.315955,48.895026],[2.316117,48.895087],[2.316119,48.895088],[2.316129,48.895077],[2.315989,48.894896],[2.315932,48.894823],[2.315886,48.894762],[2.315836,48.894698],[2.31569,48.894508],[2.315649,48.894455],[2.315596,48.894424],[2.315433,48.894392]]],[[[2.318164,48.893127],[2.31782,48.893237],[2.318222,48.893667],[2.318455,48.893537],[2.318164,48.893127]]],[[[2.317599,48.893307],[2.317255,48.893417],[2.317861,48.893782],[2.317599,48.893307]]],[[[2.321096,48.900672],[2.320682,48.900552],[2.320671,48.900559],[2.320534,48.900636],[2.32035,48.900741],[2.320387,48.900763],[2.321079,48.900787],[2.321681,48.900807],[2.321096,48.900672]]],[[[2.309396,48.894018],[2.309563,48.894059],[2.309352,48.893956],[2.309348,48.89396],[2.309334,48.893977],[2.309396,48.894018]]]],"type":"MultiPolygon"},"properties":{"id_projet":"COLLEGES (année scolaire 2024/2025)","libelle":"HONORE DE BALZAC","annee_scol":"2024-2025","zone_commune":0,"etiquette":"Secteur du collège HONORE DE BALZAC","lib_etab_1":"HONORE DE BALZAC","lib_etab_2":null,"lib_etab_3":null,"lib_etab_4":null,"adr_etab_1":"118 BOULEVARD BESSIERES","adr_etab_2":null,"adr_etab_3":null,"adr_etab_4":null,"st_area_shape":513395.5337486272,"st_perimeter_shape":17070.9775815661,"type_etabl":"Collège","geo_point_2d":{"lon":2.31856289624523,"lat":48.89675822100192}}},{"type":"Feature","geometry":{"coordinates":[[[[2.319781,48.898199],[2.314526,48.896194],[2.312987,48.896923],[2.312825,48.896753],[2.313311,48.896344],[2.312292,48.895577],[2.31089,48.896297],[2.311639,48.896973],[2.310973,48.896721],[2.31074,48.896991],[2.31228,48.897732],[2.318602,48.89969],[2.321482,48.898958],[2.319781,48.898199]]],[[[2.322942,48.898509],[2.322958,48.897679],[2.321499,48.897547],[2.314121,48.894848],[2.312485,48.895381],[2.313543,48.896243],[2.314538,48.895937],[2.321991,48.898792],[2.322942,48.898509]]],[[[2.323517,48.900698],[2.323885,48.899156],[2.323726,48.900171],[2.328625,48.900284],[2.328677,48.8992],[2.322552,48.89901],[2.322456,48.899941],[2.323058,48.899954],[2.323048,48.900205],[2.322187,48.900089],[2.322236,48.899068],[2.319883,48.899664],[2.31967,48.900081],[2.3219,48.900814],[2.323517,48.900698]]],[[[2.318178,48.89489],[2.317329,48.893775],[2.317044,48.89387],[2.316119,48.893068],[2.315453,48.893182],[2.31815,48.891541],[2.317903,48.891379],[2.316727,48.891811],[2.317657,48.891156],[2.316889,48.890568],[2.315418,48.89104],[2.313124,48.892434],[2.313115,48.893141],[2.314049,48.893637],[2.313685,48.894162],[2.315259,48.893207],[2.315563,48.893389],[2.314409,48.894076],[2.318178,48.89489]]],[[[2.322628,48.89731],[2.322178,48.897181],[2.321262,48.896014],[2.320259,48.89603],[2.319974,48.89569],[2.318555,48.895373],[2.318429,48.895933],[2.319032,48.896038],[2.318654,48.896051],[2.322628,48.89731]]],[[[2.328586,48.898907],[2.328983,48.898845],[2.328713,48.898042],[2.32663,48.897817],[2.326656,48.898864],[2.328586,48.898907]]],[[[2.309563,48.894059],[2.311395,48.894818],[2.309915,48.895758],[2.310213,48.896024],[2.312626,48.894583],[2.31181,48.894012],[2.311146,48.89445],[2.309563,48.894059]]],[[[2.31857,48.894716],[2.319156,48.89452],[2.318611,48.893746],[2.317754,48.893961],[2.31857,48.894716]]],[[[2.31643,48.895016],[2.316085,48.894489],[2.316604,48.895164],[2.316309,48.894496],[2.316789,48.895133],[2.317674,48.894939],[2.315835,48.894446],[2.31643,48.895016]]],[[[2.324533,48.897709],[2.324168,48.898123],[2.324758,48.898537],[2.325261,48.898336],[2.324533,48.897709]]],[[[2.31826,48.895902],[2.318381,48.895077],[2.317688,48.895051],[2.317595,48.89565],[2.31826,48.895902]]],[[[2.329024,48.899231],[2.32882,48.900195],[2.329462,48.900419],[2.329024,48.899231]]],[[[2.316992,48.893769],[2.317309,48.893749],[2.316598,48.892813],[2.31616,48.893045],[2.316992,48.893769]]],[[[2.317916,48.892316],[2.319362,48.894536],[2.319703,48.894475],[2.317916,48.892316]]],[[[2.323857,48.897695],[2.323456,48.897751],[2.323617,48.898652],[2.323857,48.897695]]],[[[2.3261,48.898613],[2.326314,48.898707],[2.326353,48.897897],[2.325725,48.898234],[2.3261,48.898613]]],[[[2.325857,48.897966],[2.326134,48.897743],[2.324904,48.897717],[2.325414,48.898131],[2.325857,48.897966]]],[[[2.314419,48.894191],[2.314057,48.894303],[2.315324,48.894706],[2.314419,48.894191]]],[[[2.32557,48.898437],[2.32492,48.898828],[2.32608,48.898851],[2.32557,48.898437]]],[[[2.319352,48.89492],[2.319686,48.894601],[2.318461,48.894999],[2.319549,48.895162],[2.319352,48.89492]]],[[[2.317577,48.892306],[2.317257,48.892471],[2.317705,48.893081],[2.318038,48.892996],[2.317577,48.892306]]],[[[2.329578,48.900882],[2.329503,48.90051],[2.328739,48.900494],[2.328725,48.900804],[2.329578,48.900882]]],[[[2.317075,48.892594],[2.316756,48.892761],[2.317137,48.893262],[2.317471,48.893177],[2.317075,48.892594]]],[[[2.317514,48.895454],[2.317589,48.895071],[2.316881,48.895302],[2.317514,48.895454]]],[[[2.324179,48.898327],[2.324004,48.898742],[2.32474,48.898824],[2.324179,48.898327]]],[[[2.315433,48.894392],[2.315276,48.894361],[2.315249,48.894383],[2.315339,48.894495],[2.315407,48.89458],[2.315522,48.894724],[2.31568,48.894922],[2.315887,48.895],[2.315892,48.895002],[2.315955,48.895026],[2.316117,48.895087],[2.316119,48.895088],[2.316129,48.895077],[2.315989,48.894896],[2.315932,48.894823],[2.315886,48.894762],[2.315836,48.894698],[2.31569,48.894508],[2.315649,48.894455],[2.315596,48.894424],[2.315433,48.894392]]],[[[2.318164,48.893127],[2.31782,48.893237],[2.318222,48.893667],[2.318455,48.893537],[2.318164,48.893127]]],[[[2.317599,48.893307],[2.317255,48.893417],[2.317861,48.893782],[2.317599,48.893307]]],[[[2.321096,48.900672],[2.320682,48.900552],[2.320671,48.900559],[2.320534,48.900636],[2.32035,48.900741],[2.320387,48.900763],[2.321079,48.900787],[2.321681,48.900807],[2.321096,48.900672]]],[[[2.327541,48.900988],[2.327588,48.901025],[2.329588,48.901067],[2.329646,48.901028],[2.327541,48.900988]]],[[[2.309396,48.894018],[2.309563,48.894059],[2.309352,48.893956],[2.309348,48.89396],[2.309334,48.893977],[2.309396,48.894018]]]],"type":"MultiPolygon"},"properties":{"id_projet":"COLLEGES (année scolaire 2026/2027)","libelle":"HONORE DE BALZAC","annee_scol":"2026-2027","zone_commune":0,"etiquette":"Secteur du collège HONORE DE BALZAC","lib_etab_1":"HONORE DE BALZAC","lib_etab_2":null,"lib_etab_3":null,"lib_etab_4":null,"adr_etab_1":"118 BOULEVARD BESSIERES","adr_etab_2":null,"adr_etab_3":null,"adr_etab_4":null,"st_area_shape":514036.60211746674,"st_perimeter_shape":17383.579140298963,"type_etabl":"Collège","geo_point_2d":{"lon":2.318575423869876,"lat":48.89676354543459}}},{"type":"Feature","geometry":{"coordinates":[[[[2.310671,48.88492],[2.312489,48.883303],[2.310423,48.883128],[2.308935,48.884029],[2.310671,48.88492]]],[[[2.312964,48.885638],[2.314703,48.8845],[2.3144,48.884334],[2.313052,48.885463],[2.313325,48.884909],[2.31278,48.885314],[2.31318,48.884823],[2.312361,48.885055],[2.313929,48.884057],[2.313606,48.883879],[2.311022,48.885122],[2.312354,48.886059],[2.312964,48.885638]]],[[[2.30808,48.890513],[2.309505,48.889676],[2.309255,48.889487],[2.30942,48.888692],[2.309008,48.888831],[2.308908,48.889806],[2.308664,48.889888],[2.308862,48.88888],[2.308145,48.88909],[2.30853,48.8895],[2.307753,48.889222],[2.306673,48.889585],[2.307714,48.890758],[2.30808,48.890513]]],[[[2.30563,48.881142],[2.305977,48.880809],[2.303753,48.879687],[2.302945,48.880351],[2.305174,48.881453],[2.30563,48.881142]]],[[[2.307652,48.880754],[2.308304,48.88043],[2.307294,48.880214],[2.307168,48.880469],[2.307209,48.880195],[2.304971,48.879715],[2.30473,48.880023],[2.306793,48.881087],[2.307652,48.880754]]],[[[2.307751,48.887235],[2.308201,48.886869],[2.306565,48.886004],[2.305622,48.886741],[2.3064,48.88731],[2.307751,48.887235]]],[[[2.309221,48.885153],[2.309989,48.885557],[2.310585,48.885035],[2.309343,48.884391],[2.308183,48.885408],[2.309588,48.885858],[2.309954,48.885583],[2.309221,48.885153]]],[[[2.304177,48.882175],[2.30112,48.88134],[2.300901,48.881529],[2.302962,48.882705],[2.304177,48.882175]]],[[[2.316226,48.885222],[2.316955,48.884523],[2.316636,48.884372],[2.317017,48.884463],[2.317676,48.88383],[2.317281,48.883651],[2.31779,48.883133],[2.31766,48.882909],[2.315595,48.884855],[2.316226,48.885222]]],[[[2.307236,48.883145],[2.307969,48.88294],[2.30568,48.881831],[2.304782,48.88218],[2.307236,48.883145]]],[[[2.308882,48.880651],[2.306587,48.881458],[2.307668,48.882012],[2.308882,48.880651]]],[[[2.306321,48.883805],[2.307699,48.884579],[2.30847,48.883981],[2.307285,48.883424],[2.306321,48.883805]]],[[[2.315543,48.884746],[2.316586,48.883728],[2.315713,48.883365],[2.314681,48.88432],[2.315543,48.884746]]],[[[2.304155,48.881093],[2.303107,48.881766],[2.304378,48.882112],[2.30536,48.881723],[2.304155,48.881093]]],[[[2.308222,48.885642],[2.307294,48.88624],[2.308309,48.886789],[2.309362,48.886028],[2.308222,48.885642]]],[[[2.307457,48.888179],[2.307801,48.888133],[2.307627,48.888423],[2.308002,48.888932],[2.310167,48.888274],[2.307098,48.887931],[2.307457,48.888179]]],[[[2.312842,48.881048],[2.312363,48.881254],[2.31343,48.881836],[2.315225,48.881362],[2.312842,48.881048]]],[[[2.306567,48.88159],[2.305842,48.881776],[2.308226,48.882928],[2.308794,48.882821],[2.306567,48.88159]]],[[[2.315062,48.883054],[2.31476,48.882937],[2.313783,48.883815],[2.314581,48.884257],[2.315604,48.883311],[2.315062,48.883054]]],[[[2.302815,48.879251],[2.30234,48.879178],[2.300532,48.880914],[2.300972,48.881131],[2.302815,48.879251]]],[[[2.306077,48.883809],[2.305153,48.883918],[2.307138,48.885019],[2.307601,48.884691],[2.306077,48.883809]]],[[[2.310178,48.887369],[2.311273,48.887689],[2.309214,48.886371],[2.308767,48.886678],[2.310348,48.887749],[2.310724,48.887733],[2.310178,48.887369]]],[[[2.302128,48.879105],[2.301677,48.879034],[2.300027,48.880269],[2.300344,48.880763],[2.302128,48.879105]]],[[[2.310895,48.887125],[2.310405,48.886813],[2.310775,48.88656],[2.312121,48.887169],[2.311242,48.8866],[2.309599,48.886079],[2.309271,48.886303],[2.311346,48.887645],[2.310895,48.887125]]],[[[2.299081,48.87845],[2.298671,48.878467],[2.299468,48.87956],[2.300607,48.878858],[2.299081,48.87845]]],[[[2.316922,48.883481],[2.317542,48.882899],[2.316967,48.883331],[2.316393,48.883009],[2.316208,48.883182],[2.315683,48.882906],[2.31595,48.882627],[2.315629,48.88219],[2.315345,48.882433],[2.315532,48.882552],[2.314854,48.882853],[2.316682,48.883684],[2.316922,48.883481]]],[[[2.305301,48.883071],[2.304937,48.882915],[2.305375,48.882502],[2.304437,48.882326],[2.304558,48.883588],[2.305764,48.883461],[2.305301,48.883071]]],[[[2.313801,48.883587],[2.314815,48.882707],[2.314505,48.882538],[2.314172,48.882846],[2.314462,48.882515],[2.314114,48.882367],[2.312954,48.883207],[2.313801,48.883587]]],[[[2.309446,48.88125],[2.309158,48.880997],[2.309111,48.882684],[2.310214,48.882162],[2.309446,48.88125]]],[[[2.312786,48.883125],[2.313949,48.882237],[2.312029,48.882417],[2.312786,48.883125]]],[[[2.300751,48.879537],[2.301481,48.87899],[2.300885,48.878838],[2.299558,48.879677],[2.299934,48.880148],[2.300751,48.879537]]],[[[2.311256,48.880857],[2.30992,48.880738],[2.31122,48.881696],[2.312069,48.881034],[2.311256,48.880857]]],[[[2.308926,48.88127],[2.308875,48.880979],[2.307801,48.882108],[2.308858,48.88264],[2.308926,48.88127]]],[[[2.312211,48.886595],[2.312575,48.886363],[2.310883,48.885211],[2.310414,48.885441],[2.312211,48.886595]]],[[[2.313059,48.883535],[2.31084,48.885027],[2.313497,48.88382],[2.313059,48.883535]]],[[[2.310353,48.882102],[2.311001,48.881804],[2.309297,48.880718],[2.310353,48.882102]]],[[[2.31511,48.885951],[2.316095,48.885316],[2.315466,48.884974],[2.314495,48.885889],[2.31511,48.885951]]],[[[2.312804,48.881969],[2.313222,48.881839],[2.312279,48.881324],[2.311538,48.881899],[2.311835,48.882175],[2.312804,48.881969]],[[2.312217,48.881806],[2.312267,48.881766],[2.312382,48.881676],[2.312424,48.881699],[2.312334,48.881768],[2.31226,48.881825],[2.312217,48.881806]]],[[[2.30301,48.88054],[2.301768,48.881401],[2.303538,48.880822],[2.30301,48.88054]]],[[[2.306005,48.883412],[2.306935,48.88319],[2.305567,48.882554],[2.305223,48.882847],[2.306005,48.883412]]],[[[2.316337,48.885459],[2.315259,48.886177],[2.315577,48.886343],[2.315359,48.88651],[2.316667,48.885675],[2.316337,48.885459]]],[[[2.307501,48.88821],[2.306309,48.889104],[2.306556,48.889424],[2.307675,48.889029],[2.307196,48.888615],[2.307501,48.88821]]],[[[2.317489,48.884867],[2.317732,48.884628],[2.317254,48.884394],[2.316331,48.885311],[2.316791,48.885552],[2.317489,48.884867]]],[[[2.309138,48.883248],[2.307676,48.88341],[2.308609,48.883867],[2.309138,48.883248]]],[[[2.307565,48.88761],[2.307342,48.887801],[2.309087,48.888],[2.310792,48.887951],[2.307565,48.88761]]],[[[2.302399,48.880245],[2.301278,48.881252],[2.301622,48.881343],[2.3027,48.880414],[2.302399,48.880245]]],[[[2.309431,48.887683],[2.310028,48.88769],[2.308662,48.886787],[2.308294,48.887032],[2.309431,48.887683]]],[[[2.310985,48.885899],[2.310372,48.885476],[2.310093,48.885717],[2.312114,48.886656],[2.310985,48.885899]]],[[[2.311783,48.882533],[2.310681,48.88304],[2.312433,48.883191],[2.311783,48.882533]]],[[[2.304213,48.882466],[2.303258,48.882865],[2.30433,48.883407],[2.304213,48.882466]]],[[[2.303032,48.880104],[2.303595,48.879607],[2.303071,48.879367],[2.302364,48.880072],[2.302793,48.880302],[2.303032,48.880104]]],[[[2.307474,48.885407],[2.306663,48.885915],[2.307186,48.886179],[2.307878,48.885597],[2.307474,48.885407]]],[[[2.314896,48.882633],[2.3154,48.882221],[2.314857,48.881829],[2.314271,48.882253],[2.314896,48.882633]]],[[[2.307057,48.887756],[2.307223,48.887569],[2.305226,48.887321],[2.305164,48.887555],[2.307057,48.887756]]],[[[2.303727,48.880886],[2.302311,48.881549],[2.302935,48.881701],[2.303727,48.880886]]],[[[2.317968,48.884396],[2.318346,48.884025],[2.317873,48.883793],[2.317307,48.884344],[2.317968,48.884396]]],[[[2.305576,48.881623],[2.306633,48.881141],[2.30611,48.880901],[2.305384,48.881531],[2.305576,48.881623]]],[[[2.30919,48.884316],[2.308754,48.884177],[2.308213,48.884651],[2.308623,48.884843],[2.30919,48.884316]]],[[[2.30833,48.884851],[2.308069,48.884737],[2.307538,48.885227],[2.30803,48.885364],[2.30833,48.884851]]],[[[2.314333,48.88589],[2.315387,48.884901],[2.314843,48.884594],[2.315025,48.884938],[2.314333,48.88589]]],[[[2.308831,48.887609],[2.308189,48.887142],[2.307736,48.887452],[2.308831,48.887609]]],[[[2.303822,48.879468],[2.304582,48.879969],[2.304802,48.879699],[2.303822,48.879468]]],[[[2.305661,48.886925],[2.305269,48.887171],[2.30613,48.88725],[2.305661,48.886925]]],[[[2.305709,48.887903],[2.305724,48.8879],[2.305755,48.887896],[2.305755,48.887895],[2.305895,48.887879],[2.305897,48.88788],[2.305904,48.887886],[2.305906,48.887888],[2.306107,48.887831],[2.306102,48.887817],[2.306,48.887806],[2.305908,48.887795],[2.305904,48.887795],[2.305784,48.887781],[2.305532,48.887752],[2.30521,48.887715],[2.304934,48.887684],[2.304988,48.887743],[2.304957,48.887762],[2.305154,48.887899],[2.305162,48.8879],[2.305292,48.887915],[2.305306,48.887916],[2.305483,48.887936],[2.305557,48.887925],[2.305702,48.887904],[2.305709,48.887903]]],[[[2.309417,48.888663],[2.309871,48.888701],[2.310906,48.88806],[2.309417,48.888663]]],[[[2.313908,48.884477],[2.314106,48.88415],[2.313285,48.884759],[2.313908,48.884477]]],[[[2.31291,48.883448],[2.312773,48.883367],[2.312732,48.883369],[2.312573,48.883484],[2.312448,48.883575],[2.312323,48.883665],[2.31223,48.883732],[2.312118,48.883813],[2.312245,48.88389],[2.312368,48.883813],[2.312454,48.88376],[2.31259,48.883675],[2.312727,48.88359],[2.312911,48.883475],[2.31291,48.883448]]],[[[2.310247,48.885955],[2.309991,48.885789],[2.309949,48.88579],[2.309784,48.885915],[2.309793,48.885941],[2.310116,48.886044],[2.310323,48.886109],[2.310524,48.886173],[2.310549,48.88615],[2.310388,48.886046],[2.310247,48.885955]]],[[[2.314043,48.882171],[2.314435,48.881933],[2.313871,48.882026],[2.314043,48.882171]]],[[[2.300646,48.881099],[2.300641,48.881098],[2.300637,48.881099],[2.300632,48.881099],[2.300627,48.8811],[2.300622,48.881102],[2.300619,48.881103],[2.300617,48.881105],[2.300615,48.881107],[2.300612,48.88111],[2.300611,48.881112],[2.300609,48.881116],[2.300608,48.881118],[2.300608,48.881122],[2.300608,48.881124],[2.300609,48.881127],[2.300611,48.88113],[2.300746,48.881314],[2.300787,48.881316],[2.300864,48.881239],[2.300858,48.881212],[2.300662,48.881103],[2.300657,48.881101],[2.300655,48.881101],[2.300652,48.8811],[2.300646,48.881099]]],[[[2.306597,48.887874],[2.306583,48.887872],[2.306573,48.887879],[2.306556,48.887891],[2.306609,48.887922],[2.306619,48.887928],[2.306623,48.887931],[2.30669,48.88797],[2.306819,48.887907],[2.306815,48.887899],[2.306597,48.887874]]]],"type":"MultiPolygon"},"properties":{"id_projet":"COLLEGES (année scolaire 2024/2025)","libelle":"CARNOT","annee_scol":"2024-2025","zone_commune":0,"etiquette":"Secteur du collège CARNOT","lib_etab_1":"CARNOT","lib_etab_2":null,"lib_etab_3":null,"lib_etab_4":null,"adr_etab_1":"145 BOULEVARD MALESHERBES","adr_etab_2":null,"adr_etab_3":null,"adr_etab_4":null,"st_area_shape":537839.3166189747,"st_perimeter_shape":29939.87036376458,"type_etabl":"Collège","geo_point_2d":{"lon":2.308750190945216,"lat":48.883686775376205}}},{"type":"Feature","geometry":{"coordinates":[[[[2.291981,48.888505],[2.289661,48.887369],[2.288975,48.887986],[2.289654,48.888394],[2.289874,48.888101],[2.290445,48.888165],[2.289774,48.888453],[2.2919,48.889507],[2.292401,48.889564],[2.29304,48.888882],[2.291981,48.888505]]],[[[2.298912,48.879418],[2.298309,48.878597],[2.297433,48.878094],[2.295815,48.878447],[2.29883,48.879976],[2.299164,48.879764],[2.298912,48.879418]],[[2.297929,48.879284],[2.298146,48.879137],[2.298183,48.87916],[2.297962,48.879311],[2.297907,48.879348],[2.297867,48.879327],[2.297897,48.879307],[2.297929,48.879284]]],[[[2.295219,48.883621],[2.2962,48.882981],[2.295235,48.881636],[2.294591,48.882191],[2.295579,48.882681],[2.29455,48.882228],[2.294248,48.88251],[2.295355,48.883095],[2.294182,48.882565],[2.293857,48.882863],[2.295219,48.883621]]],[[[2.297638,48.882774],[2.296765,48.883243],[2.29733,48.884352],[2.297681,48.884406],[2.298762,48.88332],[2.297638,48.882774]]],[[[2.300388,48.883381],[2.30101,48.8823],[2.300667,48.88183],[2.299495,48.882925],[2.300215,48.883257],[2.299405,48.883015],[2.299107,48.883311],[2.30009,48.883797],[2.300388,48.883381]]],[[[2.299164,48.881902],[2.299466,48.881578],[2.2985,48.881413],[2.297185,48.882428],[2.298141,48.882855],[2.299164,48.881902]]],[[[2.291353,48.882783],[2.290866,48.882914],[2.291001,48.883921],[2.292861,48.883624],[2.291353,48.882783]]],[[[2.293074,48.883847],[2.29113,48.885165],[2.291702,48.885496],[2.293484,48.884065],[2.293074,48.883847]]],[[[2.294714,48.880065],[2.29456,48.879863],[2.293594,48.880728],[2.29521,48.881469],[2.294714,48.880065]]],[[[2.296325,48.879466],[2.296747,48.879069],[2.29588,48.878624],[2.295458,48.879009],[2.296115,48.87925],[2.2954,48.879067],[2.294891,48.879561],[2.295605,48.880059],[2.296325,48.879466]]],[[[2.289313,48.885807],[2.290541,48.885652],[2.290838,48.885354],[2.289496,48.884513],[2.289313,48.885807]]],[[[2.299446,48.883626],[2.298986,48.883433],[2.297908,48.884504],[2.298403,48.884661],[2.300062,48.88396],[2.299446,48.883626]]],[[[2.293207,48.879318],[2.292853,48.879129],[2.291349,48.879673],[2.292482,48.88017],[2.293456,48.879505],[2.293207,48.879318]]],[[[2.297901,48.880598],[2.298734,48.880063],[2.297954,48.87961],[2.296584,48.880431],[2.297506,48.880829],[2.297901,48.880598]]],[[[2.293958,48.889433],[2.294904,48.889185],[2.294453,48.888713],[2.294703,48.887877],[2.292938,48.889625],[2.293958,48.889433]]],[[[2.292822,48.885135],[2.293475,48.885283],[2.293714,48.885059],[2.293242,48.884794],[2.293839,48.884989],[2.2943,48.884426],[2.293618,48.884127],[2.291978,48.885445],[2.293156,48.885323],[2.292822,48.885135]]],[[[2.3,48.881684],[2.299685,48.881649],[2.298313,48.88296],[2.298886,48.883206],[2.300327,48.881773],[2.3,48.881684]]],[[[2.297083,48.879201],[2.295794,48.880136],[2.296473,48.880377],[2.297697,48.879467],[2.297083,48.879201]]],[[[2.298003,48.881651],[2.297079,48.881383],[2.297162,48.8812],[2.296099,48.881912],[2.297068,48.882351],[2.298003,48.881651]]],[[[2.298707,48.881122],[2.299529,48.880476],[2.298838,48.88012],[2.297714,48.880858],[2.298707,48.881122]]],[[[2.296727,48.881354],[2.297399,48.880891],[2.296495,48.880525],[2.295722,48.881179],[2.296249,48.881231],[2.295792,48.881333],[2.296018,48.881778],[2.296727,48.881354]]],[[[2.29465,48.884129],[2.294874,48.883946],[2.293515,48.88321],[2.293012,48.883655],[2.294367,48.884347],[2.29465,48.884129]]],[[[2.293814,48.879669],[2.292628,48.880274],[2.293473,48.88062],[2.294273,48.87996],[2.293814,48.879669]]],[[[2.296269,48.883119],[2.295442,48.883753],[2.296928,48.884409],[2.296269,48.883119]]],[[[2.295645,48.887529],[2.297062,48.887113],[2.295829,48.886739],[2.295166,48.887399],[2.295645,48.887529]]],[[[2.295601,48.885309],[2.29383,48.885539],[2.295657,48.886197],[2.295601,48.885309]]],[[[2.295268,48.884158],[2.294985,48.884046],[2.294524,48.884422],[2.295725,48.884988],[2.296422,48.884909],[2.295268,48.884158]]],[[[2.291664,48.88458],[2.292476,48.883945],[2.290964,48.884062],[2.29103,48.885025],[2.291664,48.88458]]],[[[2.293115,48.885973],[2.292735,48.886157],[2.293899,48.886872],[2.294499,48.886338],[2.293115,48.885973]]],[[[2.292382,48.886307],[2.291193,48.886983],[2.291702,48.887245],[2.292694,48.886544],[2.292382,48.886307]]],[[[2.301391,48.882823],[2.301096,48.882531],[2.300379,48.883776],[2.301673,48.88328],[2.301391,48.882823]]],[[[2.292567,48.88178],[2.292103,48.881936],[2.293713,48.882809],[2.294014,48.882566],[2.292567,48.88178]]],[[[2.29406,48.881081],[2.293401,48.880771],[2.292952,48.881199],[2.293776,48.881696],[2.294338,48.881235],[2.29406,48.881081]]],[[[2.299785,48.880618],[2.298712,48.881288],[2.299652,48.881447],[2.300068,48.88106],[2.299785,48.880618]]],[[[2.294266,48.879188],[2.294065,48.878851],[2.293079,48.87909],[2.294381,48.879847],[2.294266,48.879188]]],[[[2.291308,48.886546],[2.291809,48.886192],[2.291477,48.8859],[2.290366,48.88638],[2.291308,48.886546]]],[[[2.290801,48.884076],[2.289529,48.884163],[2.290841,48.884985],[2.290801,48.884076]]],[[[2.294781,48.886368],[2.294091,48.88699],[2.294664,48.887248],[2.29534,48.886575],[2.294781,48.886368]]],[[[2.292216,48.887399],[2.293393,48.886926],[2.292812,48.886617],[2.291853,48.887297],[2.292216,48.887399]]],[[[2.294706,48.884618],[2.293678,48.88523],[2.295502,48.885027],[2.294706,48.884618]]],[[[2.292899,48.881386],[2.292501,48.881607],[2.294116,48.882391],[2.293841,48.88188],[2.292899,48.881386]]],[[[2.290765,48.883476],[2.290669,48.883077],[2.289549,48.884003],[2.290743,48.88394],[2.290765,48.883476]]],[[[2.294654,48.881361],[2.293966,48.881762],[2.294233,48.882257],[2.295082,48.881587],[2.294654,48.881361]]],[[[2.295636,48.8785],[2.294505,48.878752],[2.294814,48.879426],[2.295636,48.8785]]],[[[2.292464,48.880548],[2.292608,48.880397],[2.291254,48.87976],[2.290841,48.880133],[2.291488,48.880148],[2.292198,48.880535],[2.292138,48.880818],[2.292464,48.880548]]],[[[2.296606,48.885272],[2.295762,48.885287],[2.295856,48.886176],[2.296606,48.885272]]],[[[2.30168,48.882225],[2.301331,48.882119],[2.302029,48.883076],[2.302707,48.882844],[2.30168,48.882225]]],[[[2.292768,48.882805],[2.292179,48.883091],[2.29299,48.883505],[2.293366,48.883129],[2.292768,48.882805]]],[[[2.291826,48.882295],[2.291289,48.88261],[2.292048,48.882996],[2.292422,48.882617],[2.291826,48.882295]]],[[[2.292967,48.881019],[2.293367,48.880754],[2.292789,48.880483],[2.29227,48.880881],[2.292967,48.881019]]],[[[2.293436,48.883032],[2.293613,48.88289],[2.291832,48.882156],[2.293436,48.883032]]],[[[2.296071,48.880716],[2.296328,48.880457],[2.295708,48.880206],[2.295929,48.880646],[2.295357,48.880481],[2.295646,48.881049],[2.296071,48.880716]]],[[[2.294979,48.883872],[2.295157,48.883729],[2.293612,48.88312],[2.294979,48.883872]]],[[[2.296386,48.884636],[2.296562,48.884495],[2.295152,48.883957],[2.296386,48.884636]]],[[[2.294597,48.886133],[2.293895,48.885879],[2.293895,48.885879],[2.293895,48.885879],[2.293895,48.885879],[2.293895,48.885879],[2.293895,48.885879],[2.293895,48.885879],[2.293895,48.885879],[2.293895,48.885879],[2.293895,48.885879],[2.293895,48.885879],[2.293895,48.885879],[2.293895,48.885879],[2.293895,48.885879],[2.293895,48.885879],[2.293895,48.885879],[2.293895,48.885879],[2.293895,48.885879],[2.293895,48.885879],[2.293895,48.885879],[2.293895,48.885879],[2.293895,48.885878],[2.293883,48.885893],[2.293839,48.885877],[2.29385,48.885863],[2.293848,48.885863],[2.293848,48.885862],[2.293848,48.885862],[2.293848,48.885862],[2.293848,48.885862],[2.293848,48.885862],[2.293848,48.885862],[2.293848,48.885862],[2.293848,48.885862],[2.293848,48.885862],[2.293848,48.885862],[2.293848,48.885862],[2.293848,48.885862],[2.293848,48.885862],[2.293848,48.885862],[2.293848,48.885862],[2.293848,48.885862],[2.293848,48.885862],[2.293848,48.885862],[2.293845,48.885861],[2.293845,48.885861],[2.293845,48.885861],[2.293845,48.885861],[2.293845,48.885861],[2.293845,48.885861],[2.293845,48.885861],[2.293845,48.885861],[2.293845,48.885861],[2.293845,48.885861],[2.293845,48.885861],[2.293845,48.885861],[2.293845,48.885861],[2.293845,48.885861],[2.293845,48.885861],[2.293845,48.885861],[2.293845,48.885861],[2.293845,48.885861],[2.293291,48.885663],[2.293268,48.88568],[2.293213,48.88572],[2.293191,48.885736],[2.293209,48.885747],[2.293182,48.885767],[2.293164,48.885756],[2.293077,48.88582],[2.293085,48.885847],[2.293171,48.885867],[2.293397,48.88592],[2.293749,48.886003],[2.293749,48.886003],[2.293749,48.886003],[2.293749,48.886003],[2.293749,48.886003],[2.293749,48.886003],[2.293749,48.886003],[2.293752,48.886004],[2.293752,48.886004],[2.293752,48.886004],[2.293752,48.886004],[2.293752,48.886004],[2.293752,48.886004],[2.293755,48.886004],[2.293763,48.885989],[2.293801,48.885998],[2.293793,48.886014],[2.293794,48.886014],[2.293794,48.886014],[2.293794,48.886014],[2.293794,48.886014],[2.293794,48.886014],[2.293795,48.886014],[2.293795,48.886014],[2.293795,48.886014],[2.293795,48.886014],[2.293795,48.886014],[2.293795,48.886014],[2.293795,48.886014],[2.293795,48.886014],[2.293845,48.886026],[2.293845,48.886026],[2.293847,48.886027],[2.293842,48.886037],[2.293842,48.886037],[2.293843,48.886037],[2.293843,48.886038],[2.293844,48.886038],[2.293844,48.886038],[2.293845,48.886039],[2.293846,48.886039],[2.293846,48.88604],[2.293847,48.88604],[2.293848,48.88604],[2.293848,48.886041],[2.293849,48.886041],[2.29385,48.886041],[2.29385,48.886042],[2.293851,48.886042],[2.293852,48.886042],[2.293852,48.886042],[2.293853,48.886043],[2.293854,48.886043],[2.293854,48.886043],[2.293855,48.886043],[2.293856,48.886044],[2.293857,48.886044],[2.293857,48.886044],[2.293858,48.886044],[2.293859,48.886045],[2.29386,48.886045],[2.29386,48.886045],[2.293861,48.886045],[2.293862,48.886045],[2.293863,48.886045],[2.293864,48.886046],[2.293864,48.886046],[2.293865,48.886046],[2.293866,48.886046],[2.293867,48.886046],[2.293868,48.886046],[2.293868,48.886046],[2.293869,48.886046],[2.29387,48.886046],[2.293871,48.886047],[2.293872,48.886047],[2.293872,48.886047],[2.293873,48.886047],[2.293874,48.886047],[2.293875,48.886047],[2.293876,48.886047],[2.293877,48.886047],[2.293877,48.886047],[2.293878,48.886047],[2.293879,48.886047],[2.29388,48.886047],[2.293881,48.886047],[2.293881,48.886047],[2.293882,48.886047],[2.293883,48.886046],[2.293884,48.886046],[2.293884,48.886046],[2.293889,48.886036],[2.293904,48.886039],[2.293903,48.88604],[2.293905,48.88604],[2.2939,48.886051],[2.293902,48.886052],[2.293903,48.886053],[2.293904,48.886053],[2.293904,48.886053],[2.293905,48.886054],[2.293905,48.886054],[2.293906,48.886054],[2.293907,48.886055],[2.293908,48.886055],[2.293908,48.886055],[2.293909,48.886056],[2.29391,48.886056],[2.29391,48.886056],[2.293911,48.886056],[2.293912,48.886057],[2.293913,48.886057],[2.293913,48.886057],[2.293914,48.886058],[2.293915,48.886058],[2.293916,48.886058],[2.293916,48.886058],[2.293917,48.886058],[2.293918,48.886059],[2.293919,48.886059],[2.293919,48.886059],[2.29392,48.886059],[2.293921,48.886059],[2.293922,48.886059],[2.293923,48.88606],[2.293923,48.88606],[2.293924,48.88606],[2.293925,48.88606],[2.293926,48.88606],[2.293927,48.88606],[2.293928,48.88606],[2.293928,48.88606],[2.293929,48.88606],[2.29393,48.88606],[2.293931,48.88606],[2.293932,48.88606],[2.293932,48.88606],[2.293933,48.886061],[2.293934,48.886061],[2.293935,48.886061],[2.293936,48.886061],[2.293937,48.88606],[2.293937,48.88606],[2.293938,48.88606],[2.293939,48.88606],[2.29394,48.88606],[2.293941,48.88606],[2.293942,48.88606],[2.293942,48.88606],[2.293948,48.88605],[2.294556,48.886193],[2.294575,48.886188],[2.294604,48.886145],[2.294597,48.886133]]],[[[2.292598,48.88123],[2.291887,48.881206],[2.29229,48.881484],[2.292598,48.88123]]],[[[2.291836,48.881595],[2.292231,48.881627],[2.291743,48.881347],[2.291454,48.881586],[2.291932,48.881843],[2.291836,48.881595]]],[[[2.296521,48.882245],[2.296194,48.882122],[2.296546,48.882741],[2.296921,48.88246],[2.296521,48.882245]]],[[[2.298167,48.881526],[2.298421,48.881306],[2.297569,48.88096],[2.297276,48.881125],[2.298167,48.881526]]],[[[2.297191,48.882563],[2.296585,48.882847],[2.296682,48.88308],[2.297191,48.882563]]],[[[2.30021,48.881202],[2.299868,48.881517],[2.300483,48.88162],[2.30021,48.881202]]],[[[2.2975,48.879936],[2.29749,48.879931],[2.297557,48.879875],[2.297566,48.87988],[2.297596,48.879855],[2.297598,48.879853],[2.2976,48.879854],[2.297634,48.879825],[2.297671,48.879795],[2.297798,48.879694],[2.297809,48.879685],[2.297836,48.879662],[2.297918,48.879597],[2.297921,48.879599],[2.297926,48.879595],[2.2978,48.879526],[2.297668,48.879624],[2.297461,48.879778],[2.29734,48.879868],[2.29726,48.879928],[2.297258,48.879929],[2.297257,48.879929],[2.297135,48.88002],[2.297216,48.880063],[2.297237,48.880075],[2.297294,48.880105],[2.297412,48.880008],[2.297488,48.879946],[2.2975,48.879936]]],[[[2.299252,48.879885],[2.29898,48.880058],[2.299573,48.880326],[2.299252,48.879885]]],[[[2.295366,48.880068],[2.295108,48.879994],[2.29528,48.88033],[2.295366,48.880068]]]],"type":"MultiPolygon"},"properties":{"id_projet":"COLLEGES (année scolaire 2020/2021)","libelle":"PIERRE DE RONSARD","annee_scol":"2020-2021","zone_commune":0,"etiquette":"Secteur du collège PIERRE DE RONSARD","lib_etab_1":"PIERRE DE RONSARD","lib_etab_2":null,"lib_etab_3":null,"lib_etab_4":null,"adr_etab_1":"140 AVENUE DE WAGRAM","adr_etab_2":null,"adr_etab_3":null,"adr_etab_4":null,"st_area_shape":437203.6878126328,"st_perimeter_shape":24011.391233294587,"type_etabl":"Collège","geo_point_2d":{"lon":2.294992673302908,"lat":48.88315334041075}}}]}