{"type":"FeatureCollection","features":[{"type":"Feature","geometry":{"coordinates":[[[[2.295219,48.883621],[2.2962,48.882981],[2.295235,48.881636],[2.29459,48.882191],[2.295583,48.882681],[2.29455,48.882228],[2.293857,48.882863],[2.295219,48.883621]]],[[[2.305453,48.880923],[2.305977,48.880809],[2.303753,48.879687],[2.302945,48.880351],[2.305161,48.881447],[2.305453,48.880923]]],[[[2.297638,48.882774],[2.296765,48.883243],[2.29733,48.884352],[2.297681,48.884406],[2.298762,48.88332],[2.297638,48.882774]]],[[[2.304177,48.882175],[2.30112,48.88134],[2.300901,48.881529],[2.302962,48.882705],[2.304177,48.882175]]],[[[2.300388,48.883381],[2.30101,48.8823],[2.300667,48.88183],[2.299495,48.882925],[2.300215,48.883257],[2.299405,48.883015],[2.299107,48.883311],[2.30009,48.883797],[2.300388,48.883381]]],[[[2.299164,48.881902],[2.299466,48.881578],[2.2985,48.881413],[2.297185,48.882428],[2.298141,48.882855],[2.299164,48.881902]]],[[[2.299446,48.883626],[2.298986,48.883433],[2.297908,48.884504],[2.298403,48.884661],[2.300062,48.88396],[2.299446,48.883626]]],[[[2.297901,48.880598],[2.298734,48.880063],[2.297954,48.87961],[2.296584,48.880431],[2.297506,48.880829],[2.297901,48.880598]]],[[[2.302815,48.879251],[2.30234,48.879178],[2.300532,48.880914],[2.300972,48.881131],[2.302815,48.879251]]],[[[2.297256,48.881206],[2.296099,48.881912],[2.297068,48.882351],[2.29809,48.881586],[2.297256,48.881206]]],[[[2.30474,48.881724],[2.305362,48.881677],[2.303985,48.881011],[2.303096,48.88174],[2.304378,48.882112],[2.30474,48.881724]]],[[[2.3,48.881684],[2.299685,48.881649],[2.298313,48.88296],[2.298886,48.883206],[2.300327,48.881773],[2.3,48.881684]]],[[[2.302128,48.879105],[2.301677,48.879034],[2.300026,48.880269],[2.300344,48.880763],[2.302128,48.879105]]],[[[2.298784,48.878387],[2.299468,48.87956],[2.300606,48.878858],[2.298784,48.878387]]],[[[2.298707,48.881122],[2.299528,48.880476],[2.298838,48.88012],[2.297714,48.880858],[2.298707,48.881122]]],[[[2.296727,48.881354],[2.297399,48.880891],[2.296495,48.880525],[2.295722,48.881179],[2.296249,48.881231],[2.295792,48.881333],[2.296017,48.881778],[2.296727,48.881354]]],[[[2.301135,48.879249],[2.30147,48.878964],[2.300818,48.878848],[2.299559,48.879681],[2.299934,48.880148],[2.301135,48.879249]]],[[[2.296269,48.883119],[2.295442,48.883753],[2.296928,48.884409],[2.296269,48.883119]]],[[[2.30301,48.88054],[2.301768,48.881401],[2.303538,48.880822],[2.30301,48.88054]]],[[[2.30139,48.882823],[2.301096,48.882531],[2.300378,48.883776],[2.301672,48.883279],[2.30139,48.882823]]],[[[2.299784,48.880618],[2.298712,48.881288],[2.299652,48.881447],[2.300068,48.88106],[2.299784,48.880618]]],[[[2.299164,48.879764],[2.298298,48.878591],[2.297667,48.879155],[2.298336,48.87925],[2.298109,48.879404],[2.298489,48.879373],[2.298879,48.879969],[2.299164,48.879764]]],[[[2.302399,48.880245],[2.301278,48.881252],[2.301622,48.881343],[2.3027,48.880414],[2.302399,48.880245]]],[[[2.306726,48.880599],[2.304736,48.880039],[2.306793,48.881087],[2.306726,48.880599]]],[[[2.303222,48.87994],[2.303594,48.879607],[2.303071,48.879367],[2.302364,48.880072],[2.302833,48.880298],[2.303222,48.87994]]],[[[2.301679,48.882225],[2.301331,48.882119],[2.302029,48.883076],[2.302707,48.882844],[2.301679,48.882225]]],[[[2.303727,48.880886],[2.302311,48.881549],[2.302935,48.881701],[2.303727,48.880886]]],[[[2.298167,48.881526],[2.29842,48.881306],[2.297569,48.88096],[2.297276,48.881125],[2.298167,48.881526]]],[[[2.296268,48.882125],[2.296506,48.882736],[2.296921,48.88246],[2.296268,48.882125]]],[[[2.297191,48.882563],[2.296585,48.882847],[2.296681,48.88308],[2.297191,48.882563]]],[[[2.304601,48.879741],[2.303577,48.879462],[2.304477,48.879916],[2.304601,48.879741]]],[[[2.30021,48.881202],[2.299868,48.881517],[2.300483,48.88162],[2.30021,48.881202]]],[[[2.29749,48.879931],[2.297557,48.879875],[2.297566,48.87988],[2.297596,48.879855],[2.297598,48.879853],[2.2976,48.879854],[2.297634,48.879825],[2.297671,48.879795],[2.297798,48.879694],[2.297808,48.879685],[2.297836,48.879662],[2.297917,48.8796],[2.297922,48.879602],[2.297929,48.879597],[2.2978,48.879526],[2.297668,48.879623],[2.297461,48.879778],[2.29734,48.879868],[2.29726,48.879928],[2.297258,48.879929],[2.297257,48.879929],[2.297135,48.88002],[2.297216,48.880063],[2.297237,48.880075],[2.297294,48.880105],[2.297412,48.880008],[2.297488,48.879946],[2.2975,48.879936],[2.29749,48.879931]]],[[[2.299252,48.879885],[2.29898,48.880057],[2.299573,48.880326],[2.299252,48.879885]]],[[[2.306329,48.881168],[2.306633,48.881141],[2.306125,48.8809],[2.306329,48.881168]]],[[[2.300646,48.881099],[2.300641,48.881098],[2.300637,48.881099],[2.300632,48.881099],[2.300627,48.8811],[2.300622,48.881102],[2.300619,48.881103],[2.300617,48.881105],[2.300615,48.881107],[2.300612,48.88111],[2.300611,48.881112],[2.300609,48.881116],[2.300608,48.881118],[2.300608,48.881122],[2.300608,48.881124],[2.300609,48.881127],[2.300611,48.88113],[2.300745,48.881314],[2.300786,48.881316],[2.300864,48.881239],[2.300858,48.881212],[2.300662,48.881103],[2.300657,48.881101],[2.300655,48.881101],[2.300652,48.8811],[2.300646,48.881099]]],[[[2.305589,48.88162],[2.305384,48.881532],[2.30539,48.881558],[2.305523,48.881623],[2.305527,48.881619],[2.305537,48.881621],[2.305541,48.881622],[2.305547,48.881623],[2.305557,48.881623],[2.30556,48.881623],[2.305573,48.881623],[2.305576,48.881623],[2.305585,48.881621],[2.305589,48.88162]]]],"type":"MultiPolygon"},"properties":{"id_projet":"MATERNELLES (année scolaire 2022/2023)","libelle":"RENAUDES (31) MAT","annee_scol":"2022-2023","zone_commune":0,"etiquette":"Secteur de l'école 31 RUE DES RENAUDES","lib_etab_1":"RENAUDES (31) MAT","lib_etab_2":null,"lib_etab_3":null,"lib_etab_4":null,"adr_etab_1":"31 RUE DES RENAUDES","adr_etab_2":null,"adr_etab_3":null,"adr_etab_4":null,"type_etabl":"Maternelle","geo_point_2d":{"lon":2.2998507783316775,"lat":48.88154824314909},"st_area_shape":256674.93944116702,"st_perimeter_shape":13652.85652029094}},{"type":"Feature","geometry":{"coordinates":[[[[2.288008,48.882515],[2.289092,48.881534],[2.286841,48.880516],[2.285737,48.881096],[2.286946,48.881814],[2.286466,48.882234],[2.287356,48.882312],[2.28713,48.882539],[2.287627,48.882859],[2.288008,48.882515]],[[2.287382,48.882377],[2.287653,48.882173],[2.287287,48.881934],[2.287836,48.88146],[2.287372,48.881922],[2.287685,48.882151],[2.288385,48.881782],[2.287382,48.882377]],[[2.286723,48.880826],[2.286351,48.881175],[2.28617,48.880977],[2.286723,48.880826]]],[[[2.290794,48.882814],[2.291571,48.882161],[2.290678,48.882161],[2.289998,48.881778],[2.289719,48.881169],[2.28863,48.882134],[2.290468,48.883106],[2.290794,48.882814]]],[[[2.291353,48.882783],[2.290866,48.882914],[2.291001,48.883921],[2.29286,48.883624],[2.291353,48.882783]]],[[[2.292271,48.885039],[2.293478,48.884038],[2.292866,48.883773],[2.291137,48.88513],[2.291861,48.884844],[2.291576,48.885071],[2.29173,48.885474],[2.292271,48.885039]]],[[[2.29465,48.884129],[2.294874,48.883946],[2.293515,48.88321],[2.293012,48.883655],[2.294367,48.884347],[2.29465,48.884129]]],[[[2.295268,48.884158],[2.294984,48.884046],[2.294524,48.884422],[2.295725,48.884988],[2.296422,48.884909],[2.295268,48.884158]]],[[[2.291664,48.884579],[2.292456,48.883921],[2.290964,48.884062],[2.291029,48.885025],[2.291664,48.884579]]],[[[2.296609,48.884518],[2.29355,48.883072],[2.296494,48.884694],[2.296609,48.884518]]],[[[2.290322,48.883141],[2.289895,48.882982],[2.288897,48.883694],[2.289385,48.883994],[2.290322,48.883141]]],[[[2.288659,48.882989],[2.289175,48.882628],[2.288665,48.882298],[2.2877,48.882976],[2.288237,48.883294],[2.288659,48.882989]]],[[[2.290765,48.883476],[2.290669,48.883077],[2.289549,48.884003],[2.290743,48.88394],[2.290765,48.883476]]],[[[2.289754,48.882848],[2.289312,48.88269],[2.288365,48.883384],[2.288776,48.883619],[2.289754,48.882848]]],[[[2.292768,48.882805],[2.292179,48.883091],[2.29299,48.883505],[2.293366,48.883129],[2.292768,48.882805]]],[[[2.291826,48.882295],[2.291289,48.88261],[2.292048,48.882996],[2.292422,48.882617],[2.291826,48.882295]]],[[[2.290881,48.884973],[2.290801,48.884076],[2.289608,48.884132],[2.290777,48.884555],[2.290881,48.884973]]],[[[2.286426,48.881672],[2.285987,48.881442],[2.286357,48.882112],[2.286682,48.881875],[2.286426,48.881672]]],[[[2.295623,48.882645],[2.295619,48.882644],[2.295579,48.882681],[2.295582,48.882682],[2.295583,48.882681],[2.295623,48.882645]]]],"type":"MultiPolygon"},"properties":{"id_projet":"MATERNELLES (année scolaire 2022/2023)","libelle":"BAYEN (56) MAT","annee_scol":"2022-2023","zone_commune":0,"etiquette":"Secteur de l'école 56 RUE BAYEN","lib_etab_1":"BAYEN (56) MAT","lib_etab_2":null,"lib_etab_3":null,"lib_etab_4":null,"adr_etab_1":"56 RUE BAYEN","adr_etab_2":null,"adr_etab_3":null,"adr_etab_4":null,"type_etabl":"Maternelle","geo_point_2d":{"lon":2.290691189920957,"lat":48.88304258667268},"st_area_shape":125285.00518987248,"st_perimeter_shape":7287.415419737101}},{"type":"Feature","geometry":{"coordinates":[[[[2.323063,48.888795],[2.323464,48.888547],[2.322685,48.888007],[2.3219,48.888342],[2.322613,48.887972],[2.322126,48.887587],[2.321175,48.888114],[2.322662,48.889002],[2.323063,48.888795]]],[[[2.320302,48.887504],[2.32133,48.886743],[2.321101,48.886574],[2.320795,48.886918],[2.319513,48.887171],[2.320302,48.887504]]],[[[2.319903,48.887541],[2.31977,48.887464],[2.31962,48.887377],[2.319411,48.887256],[2.319364,48.887358],[2.319414,48.887394],[2.31943,48.887406],[2.319432,48.887407],[2.319446,48.887418],[2.319479,48.887443],[2.319481,48.887441],[2.319535,48.887416],[2.319562,48.887443],[2.319618,48.887501],[2.319643,48.887527],[2.319661,48.887518],[2.319783,48.887629],[2.319781,48.88763],[2.320045,48.887654],[2.320048,48.887652],[2.320048,48.887625],[2.319903,48.887541]]],[[[2.321358,48.887889],[2.32212,48.887443],[2.321588,48.887327],[2.322401,48.887007],[2.322368,48.88644],[2.320314,48.88764],[2.321037,48.888054],[2.321358,48.887889]]],[[[2.320891,48.888139],[2.320239,48.887735],[2.319832,48.888115],[2.320277,48.8882],[2.32023,48.888525],[2.320891,48.888139]]],[[[2.320948,48.888634],[2.321349,48.888396],[2.321022,48.888205],[2.320315,48.88862],[2.320948,48.888634]]],[[[2.32234,48.888957],[2.321466,48.888447],[2.320683,48.888889],[2.321379,48.888896],[2.321727,48.889156],[2.32164,48.88959],[2.322535,48.889099],[2.32234,48.888957]]]],"type":"MultiPolygon"},"properties":{"id_projet":"MATERNELLES (année scolaire 2023/2024)","libelle":"LECOMTE (6) POLY","annee_scol":"2023-2024","zone_commune":0,"etiquette":"Secteur de l'école 6 RUE LECOMTE","lib_etab_1":"LECOMTE (6) POLY","lib_etab_2":null,"lib_etab_3":null,"lib_etab_4":null,"adr_etab_1":"6 RUE LECOMTE","adr_etab_2":null,"adr_etab_3":null,"adr_etab_4":null,"type_etabl":"Maternelle","geo_point_2d":{"lon":2.321499071424111,"lat":48.88799472669925},"st_area_shape":39356.785510641676,"st_perimeter_shape":2742.0573600614307}},{"type":"Feature","geometry":{"coordinates":[[[[2.325474,48.887377],[2.325737,48.886716],[2.32436,48.886152],[2.323704,48.886571],[2.325134,48.887222],[2.323691,48.88658],[2.32312,48.886967],[2.324536,48.887921],[2.325474,48.887377]]],[[[2.32583,48.885537],[2.325423,48.885272],[2.325034,48.885614],[2.326001,48.886188],[2.326205,48.885801],[2.32583,48.885537]]],[[[2.325668,48.886085],[2.324955,48.885658],[2.324402,48.886104],[2.325765,48.886664],[2.325668,48.886085]]],[[[2.323329,48.886693],[2.325339,48.885216],[2.324768,48.884841],[2.322465,48.886379],[2.323042,48.886912],[2.323329,48.886693]]],[[[2.322494,48.887225],[2.32294,48.886939],[2.322395,48.886463],[2.322671,48.886829],[2.32192,48.887296],[2.322494,48.887225]]],[[[2.323058,48.887042],[2.322247,48.887515],[2.323553,48.888495],[2.324457,48.887992],[2.323058,48.887042]]],[[[2.325185,48.888768],[2.325769,48.888534],[2.325494,48.887714],[2.324338,48.888333],[2.325185,48.888768]]],[[[2.323464,48.888547],[2.322685,48.888007],[2.321938,48.888378],[2.322613,48.887972],[2.322126,48.887587],[2.321674,48.888155],[2.322971,48.888848],[2.323464,48.888547]]],[[[2.324017,48.888894],[2.324541,48.888645],[2.324204,48.888412],[2.32349,48.888823],[2.324017,48.888894]]],[[[2.322535,48.889099],[2.322535,48.889072],[2.322296,48.889083],[2.322278,48.889082],[2.32225,48.889099],[2.321891,48.889273],[2.321729,48.889372],[2.321631,48.889583],[2.32164,48.88959],[2.32168,48.889591],[2.321871,48.889481],[2.321953,48.889434],[2.322036,48.889387],[2.322205,48.889289],[2.322206,48.889288],[2.322278,48.889247],[2.322403,48.889175],[2.322535,48.889099],[2.322535,48.889099]]],[[[2.325968,48.889131],[2.325765,48.888609],[2.323825,48.889099],[2.325191,48.890102],[2.32618,48.889758],[2.325968,48.889131]]],[[[2.326226,48.889895],[2.325196,48.890133],[2.326017,48.890724],[2.326452,48.890567],[2.326226,48.889895]]],[[[2.325469,48.890476],[2.32338,48.888907],[2.322927,48.889149],[2.325227,48.890958],[2.325833,48.890782],[2.325469,48.890476]]],[[[2.322787,48.889242],[2.322492,48.889424],[2.324711,48.891123],[2.325051,48.891023],[2.322787,48.889242]]],[[[2.324582,48.89116],[2.32239,48.889484],[2.321893,48.889743],[2.324025,48.891169],[2.324582,48.89116]]]],"type":"MultiPolygon"},"properties":{"id_projet":"MATERNELLES (année scolaire 2024/2025)","libelle":"DAUTANCOURT (16) MAT","annee_scol":"2024-2025","zone_commune":0,"etiquette":"Secteur de l'école 16 RUE DAUTANCOURT","lib_etab_1":"DAUTANCOURT (16) MAT","lib_etab_2":null,"lib_etab_3":null,"lib_etab_4":null,"adr_etab_1":"16 RUE DAUTANCOURT","adr_etab_2":null,"adr_etab_3":null,"adr_etab_4":null,"type_etabl":"Maternelle","geo_point_2d":{"lon":2.3242556404433947,"lat":48.88813030679219},"st_area_shape":128738.36539611904,"st_perimeter_shape":6827.115872794602}},{"type":"Feature","geometry":{"coordinates":[[[[2.326341,48.895483],[2.326079,48.895076],[2.325247,48.895333],[2.324957,48.894776],[2.32425,48.894863],[2.323372,48.893776],[2.322847,48.893637],[2.324113,48.895236],[2.324463,48.895222],[2.324183,48.895325],[2.324528,48.895761],[2.326341,48.895483]]],[[[2.32241,48.894235],[2.322109,48.893831],[2.321554,48.894003],[2.321885,48.894388],[2.32241,48.894235]]],[[[2.320934,48.894743],[2.32061,48.894335],[2.319948,48.894538],[2.320596,48.895237],[2.321176,48.895046],[2.320934,48.894743]]],[[[2.321031,48.895488],[2.321387,48.895341],[2.320685,48.895358],[2.321031,48.895488]]],[[[2.323548,48.895765],[2.322509,48.894366],[2.322012,48.894519],[2.322983,48.895729],[2.323548,48.895765]]],[[[2.322679,48.893655],[2.322269,48.893802],[2.323736,48.895776],[2.324257,48.895783],[2.322679,48.893655]]],[[[2.322834,48.895798],[2.321429,48.894041],[2.321164,48.894244],[2.321542,48.894659],[2.320754,48.894285],[2.321884,48.895681],[2.322834,48.895798]]],[[[2.321658,48.895657],[2.321438,48.89538],[2.320181,48.895352],[2.31975,48.894616],[2.318523,48.895023],[2.320594,48.895686],[2.321658,48.895657]]],[[[2.322892,48.895998],[2.322059,48.89593],[2.32231,48.896205],[2.322892,48.895998]]],[[[2.323896,48.896576],[2.324717,48.896325],[2.323254,48.896059],[2.323896,48.896576]]],[[[2.324882,48.896358],[2.32379,48.896715],[2.324234,48.897255],[2.324882,48.896358]]],[[[2.322865,48.897177],[2.322171,48.896307],[2.32163,48.896487],[2.322142,48.89624],[2.321881,48.895934],[2.318603,48.895354],[2.320259,48.896029],[2.320659,48.895862],[2.321416,48.896837],[2.321808,48.896714],[2.322178,48.897181],[2.322865,48.897177]]],[[[2.323967,48.897156],[2.323036,48.896],[2.322582,48.896157],[2.323058,48.896754],[2.322328,48.89625],[2.323157,48.897286],[2.323967,48.897156]]],[[[2.324323,48.897838],[2.324274,48.897734],[2.32422,48.897763],[2.324206,48.89783],[2.324186,48.897918],[2.324149,48.898085],[2.324159,48.898105],[2.324253,48.898088],[2.324323,48.897838]]],[[[2.323857,48.897694],[2.323456,48.897751],[2.323617,48.898652],[2.323857,48.897694]]],[[[2.32413,48.898323],[2.324097,48.89832],[2.324077,48.898409],[2.324046,48.898549],[2.324004,48.898742],[2.324067,48.898792],[2.324165,48.898755],[2.3242,48.898453],[2.32413,48.898323]]]],"type":"MultiPolygon"},"properties":{"id_projet":"MATERNELLES (année scolaire 2024/2025)","libelle":"EPINETTES (44) MAT","annee_scol":"2024-2025","zone_commune":0,"etiquette":"Secteur de l'école 44 RUE DES EPINETTES","lib_etab_1":"EPINETTES (44) MAT","lib_etab_2":null,"lib_etab_3":null,"lib_etab_4":null,"adr_etab_1":"44 RUE DES EPINETTES","adr_etab_2":null,"adr_etab_3":null,"adr_etab_4":null,"type_etabl":"Maternelle","geo_point_2d":{"lon":2.3225951634563358,"lat":48.8956137477333},"st_area_shape":90889.51423038064,"st_perimeter_shape":6597.242838307391}},{"type":"Feature","geometry":{"coordinates":[[[[2.322017,48.885365],[2.323348,48.884258],[2.322489,48.884078],[2.320902,48.88503],[2.321639,48.885695],[2.322017,48.885365]]],[[[2.32409,48.883125],[2.32351,48.883484],[2.323876,48.883561],[2.32409,48.883125]]],[[[2.323536,48.882931],[2.323233,48.882922],[2.322913,48.883609],[2.323883,48.883042],[2.323536,48.882931]]],[[[2.324384,48.883103],[2.32394,48.883574],[2.324928,48.883774],[2.325234,48.883274],[2.324384,48.883103]]],[[[2.324784,48.884012],[2.3234,48.883537],[2.322613,48.883996],[2.324448,48.884533],[2.324784,48.884012]]],[[[2.325534,48.883335],[2.32456,48.884608],[2.32495,48.884861],[2.325534,48.883335]]],[[[2.326171,48.884216],[2.326668,48.883675],[2.325838,48.883397],[2.325087,48.884952],[2.325313,48.885091],[2.326171,48.884216]]],[[[2.32402,48.885186],[2.324676,48.884781],[2.324051,48.884373],[2.323522,48.884288],[2.322867,48.884819],[2.323809,48.885346],[2.32402,48.885186]]],[[[2.326316,48.885568],[2.32708,48.883812],[2.326771,48.883771],[2.32547,48.8852],[2.326316,48.885568]]],[[[2.322893,48.88594],[2.323743,48.885391],[2.322858,48.884888],[2.321742,48.885756],[2.322372,48.886329],[2.322893,48.88594]]]],"type":"MultiPolygon"},"properties":{"id_projet":"MATERNELLES (année scolaire 2024/2025)","libelle":"TRUFFAUT (15) POLY","annee_scol":"2024-2025","zone_commune":0,"etiquette":"Secteur de l'école 15 RUE TRUFFAUT","lib_etab_1":"TRUFFAUT (15) POLY","lib_etab_2":null,"lib_etab_3":null,"lib_etab_4":null,"adr_etab_1":"15 RUE TRUFFAUT","adr_etab_2":null,"adr_etab_3":null,"adr_etab_4":null,"type_etabl":"Maternelle","geo_point_2d":{"lon":2.3240441433490084,"lat":48.884530239429026},"st_area_shape":75723.97282184192,"st_perimeter_shape":3845.5067459420807}},{"type":"Feature","geometry":{"coordinates":[[[[2.311288,48.890234],[2.309461,48.888835],[2.30899,48.888806],[2.304851,48.890265],[2.308352,48.892175],[2.311288,48.890234]]],[[[2.301599,48.88916],[2.301253,48.889073],[2.300954,48.889413],[2.301716,48.889507],[2.301599,48.88916]]],[[[2.300564,48.889396],[2.301031,48.888969],[2.300786,48.888969],[2.299629,48.889604],[2.30015,48.889775],[2.300564,48.889396]]],[[[2.302172,48.889433],[2.302004,48.889876],[2.302752,48.889708],[2.302172,48.889433]]],[[[2.301806,48.889984],[2.301782,48.889612],[2.301197,48.889629],[2.301222,48.890006],[2.301806,48.889984]]],[[[2.305115,48.889906],[2.307593,48.889073],[2.306497,48.888379],[2.304367,48.88997],[2.305115,48.889906]]],[[[2.301032,48.889603],[2.300796,48.889491],[2.300405,48.889976],[2.300896,48.890208],[2.301032,48.889603]]],[[[2.302587,48.890345],[2.302562,48.889967],[2.302011,48.889984],[2.302036,48.890361],[2.302587,48.890345]]],[[[2.302999,48.889825],[2.302723,48.889937],[2.302967,48.890476],[2.303443,48.890119],[2.302999,48.889825]]],[[[2.301814,48.890103],[2.301028,48.890271],[2.30177,48.89062],[2.301814,48.890103]]],[[[2.302856,48.89056],[2.302048,48.890469],[2.302061,48.890757],[2.302856,48.89056]]],[[[2.302016,48.890936],[2.300162,48.889994],[2.29988,48.890193],[2.301611,48.891209],[2.301462,48.891585],[2.302016,48.890936]]]],"type":"MultiPolygon"},"properties":{"id_projet":"MATERNELLES (année scolaire 2024/2025)","libelle":"CHRISTINE DE PISAN (24) MAT","annee_scol":"2024-2025","zone_commune":0,"etiquette":"Secteur de l'école 24 RUE CHRISTINE DE PISAN","lib_etab_1":"CHRISTINE DE PISAN (24) MAT","lib_etab_2":null,"lib_etab_3":null,"lib_etab_4":null,"adr_etab_1":"24 RUE CHRISTINE DE PISAN","adr_etab_2":null,"adr_etab_3":null,"adr_etab_4":null,"type_etabl":"Maternelle","geo_point_2d":{"lon":2.3065893882273745,"lat":48.89018806662824},"st_area_shape":134718.25191132026,"st_perimeter_shape":4238.102206235618}},{"type":"Feature","geometry":{"coordinates":[[[[2.302515,48.88446],[2.298143,48.885135],[2.303034,48.885165],[2.302515,48.88446]]],[[[2.304213,48.882466],[2.303256,48.88286],[2.30433,48.883407],[2.304213,48.882466]]],[[[2.30139,48.882823],[2.301096,48.882531],[2.300378,48.883776],[2.301672,48.883279],[2.30139,48.882823]]],[[[2.303006,48.882962],[2.302198,48.883307],[2.302714,48.884017],[2.304357,48.883762],[2.303006,48.882962]]],[[[2.301867,48.883475],[2.300549,48.884013],[2.30122,48.884308],[2.302201,48.884184],[2.301867,48.883475]]],[[[2.300384,48.884068],[2.299273,48.884507],[2.300876,48.884351],[2.300384,48.884068]]],[[[2.299446,48.883626],[2.298986,48.883433],[2.297908,48.884504],[2.298403,48.884661],[2.300062,48.88396],[2.299446,48.883626]]],[[[2.304649,48.884029],[2.30302,48.884437],[2.303453,48.884953],[2.304649,48.884029]]],[[[2.30704,48.885933],[2.306661,48.885905],[2.30717,48.886182],[2.30704,48.885933]]],[[[2.301246,48.885636],[2.301526,48.885373],[2.29878,48.885467],[2.300521,48.886188],[2.301246,48.885636]]],[[[2.302909,48.885389],[2.301828,48.885367],[2.300747,48.886265],[2.301523,48.886471],[2.302909,48.885389]]],[[[2.302906,48.885958],[2.303655,48.885934],[2.303225,48.885423],[2.301816,48.886579],[2.303206,48.886158],[2.302906,48.885958]]],[[[2.308743,48.886491],[2.309359,48.886018],[2.308238,48.88585],[2.307891,48.886319],[2.307294,48.886239],[2.308309,48.886789],[2.308743,48.886491]]],[[[2.297048,48.885496],[2.296079,48.886326],[2.297368,48.886813],[2.297048,48.885496]]],[[[2.303881,48.886243],[2.303693,48.88605],[2.302412,48.886724],[2.304314,48.88705],[2.303881,48.886243]]],[[[2.300521,48.88693],[2.297457,48.885513],[2.297613,48.886332],[2.298182,48.887011],[2.300521,48.88693]]],[[[2.305661,48.886925],[2.305269,48.887171],[2.30613,48.88725],[2.305661,48.886925]]],[[[2.308062,48.887002],[2.306558,48.886003],[2.305621,48.886741],[2.3064,48.88731],[2.307403,48.887435],[2.308062,48.887002]]],[[[2.301828,48.886748],[2.297881,48.885394],[2.30138,48.886887],[2.304212,48.887441],[2.304275,48.887207],[2.301828,48.886748]]],[[[2.298411,48.88713],[2.299728,48.887829],[2.300476,48.88729],[2.298411,48.88713]]],[[[2.305209,48.887715],[2.304804,48.887742],[2.304508,48.888734],[2.306113,48.887843],[2.305209,48.887715]]],[[[2.301606,48.888452],[2.300821,48.887359],[2.30002,48.887927],[2.301788,48.888806],[2.301606,48.888452]]],[[[2.302051,48.887226],[2.302381,48.888035],[2.304054,48.88886],[2.304317,48.887617],[2.302051,48.887226]]],[[[2.302968,48.888514],[2.302649,48.888437],[2.302968,48.888802],[2.30389,48.889406],[2.303966,48.889035],[2.302968,48.888514]]],[[[2.302834,48.888899],[2.301543,48.88722],[2.300958,48.887192],[2.302219,48.889007],[2.303686,48.889711],[2.302834,48.888899]]]],"type":"MultiPolygon"},"properties":{"id_projet":"MATERNELLES (année scolaire 2025/2026)","libelle":"GUSTAVE DORE (3) MAT","annee_scol":"2025-2026","zone_commune":0,"etiquette":"Secteur de l'école 3 RUE GUSTAVE DORE","lib_etab_1":"GUSTAVE DORE (3) MAT","lib_etab_2":null,"lib_etab_3":null,"lib_etab_4":null,"adr_etab_1":"3 RUE GUSTAVE DORE","adr_etab_2":null,"adr_etab_3":null,"adr_etab_4":null,"type_etabl":"Maternelle","geo_point_2d":{"lon":2.3020293069872,"lat":48.8860998181374},"st_area_shape":217664.41932132427,"st_perimeter_shape":11190.879360083049}},{"type":"Feature","geometry":{"coordinates":[[[[2.326341,48.895483],[2.326079,48.895076],[2.325247,48.895333],[2.324957,48.894776],[2.32425,48.894863],[2.323372,48.893776],[2.322847,48.893637],[2.324113,48.895236],[2.324463,48.895222],[2.324183,48.895325],[2.324528,48.895761],[2.326341,48.895483]]],[[[2.324323,48.897838],[2.324274,48.897734],[2.32422,48.897763],[2.324206,48.89783],[2.324186,48.897918],[2.324149,48.898085],[2.324159,48.898105],[2.324253,48.898088],[2.324323,48.897838]]],[[[2.32413,48.898323],[2.324097,48.89832],[2.324077,48.898409],[2.324046,48.898549],[2.324004,48.898742],[2.324067,48.898792],[2.324165,48.898755],[2.3242,48.898453],[2.32413,48.898323]]],[[[2.321031,48.895488],[2.321387,48.895341],[2.320685,48.895358],[2.321031,48.895488]]],[[[2.322892,48.895998],[2.322059,48.89593],[2.32231,48.896205],[2.322892,48.895998]]],[[[2.32241,48.894235],[2.322109,48.893831],[2.321554,48.894003],[2.321885,48.894388],[2.32241,48.894235]]],[[[2.324882,48.896358],[2.32379,48.896715],[2.324234,48.897255],[2.324882,48.896358]]],[[[2.323857,48.897694],[2.323456,48.897751],[2.323617,48.898652],[2.323857,48.897694]]],[[[2.323896,48.896576],[2.324622,48.896359],[2.324474,48.896181],[2.324717,48.896325],[2.323254,48.896059],[2.323896,48.896576]]],[[[2.320934,48.894743],[2.32061,48.894335],[2.319948,48.894538],[2.320596,48.895237],[2.321176,48.895046],[2.320934,48.894743]]],[[[2.323548,48.895765],[2.322509,48.894366],[2.322012,48.894519],[2.322983,48.895729],[2.323548,48.895765]]],[[[2.323967,48.897156],[2.323036,48.896],[2.322582,48.896157],[2.323058,48.896754],[2.322328,48.89625],[2.323157,48.897286],[2.323967,48.897156]]],[[[2.322679,48.893655],[2.322269,48.893802],[2.323736,48.895776],[2.324257,48.895783],[2.322679,48.893655]]],[[[2.321658,48.895657],[2.321438,48.89538],[2.320181,48.895352],[2.31975,48.894616],[2.318523,48.895023],[2.320594,48.895686],[2.321658,48.895657]]],[[[2.322834,48.895798],[2.321429,48.894041],[2.321164,48.894244],[2.321542,48.894659],[2.320754,48.894285],[2.321884,48.895681],[2.322834,48.895798]]],[[[2.322865,48.897177],[2.322171,48.896307],[2.32163,48.896487],[2.322142,48.89624],[2.321881,48.895934],[2.318603,48.895354],[2.320259,48.896029],[2.320659,48.895862],[2.321416,48.896837],[2.321808,48.896714],[2.322178,48.897181],[2.322865,48.897177]]]],"type":"MultiPolygon"},"properties":{"id_projet":"MATERNELLES (année scolaire 2026/2027)","libelle":"EPINETTES (44) MAT","annee_scol":"2026-2027","zone_commune":0,"etiquette":"Secteur de l'école 44 EPINETTES (44) MAT","lib_etab_1":"EPINETTES (44) MAT","lib_etab_2":null,"lib_etab_3":null,"lib_etab_4":null,"adr_etab_1":"44 EPINETTES (44) MAT","adr_etab_2":null,"adr_etab_3":null,"adr_etab_4":null,"type_etabl":"Maternelle","geo_point_2d":{"lon":2.322595161327935,"lat":48.89561374623933},"st_area_shape":90889.45574352732,"st_perimeter_shape":6652.619622156113}},{"type":"Feature","geometry":{"coordinates":[[[[2.311288,48.890234],[2.312952,48.889278],[2.312924,48.887731],[2.310058,48.887889],[2.305226,48.887321],[2.305164,48.887555],[2.310878,48.888077],[2.30899,48.888806],[2.309432,48.88869],[2.311288,48.890234]]],[[[2.302051,48.887226],[2.302381,48.888035],[2.304054,48.88886],[2.304317,48.887617],[2.302051,48.887226]]],[[[2.308062,48.887002],[2.306558,48.886003],[2.305621,48.886741],[2.3064,48.88731],[2.307403,48.887435],[2.308062,48.887002]]],[[[2.308934,48.888624],[2.310153,48.88823],[2.307094,48.887931],[2.306605,48.888298],[2.306947,48.888569],[2.3065,48.888379],[2.307593,48.889073],[2.308934,48.888624]]],[[[2.299629,48.889604],[2.299799,48.889289],[2.300412,48.88932],[2.301009,48.88888],[2.299587,48.888264],[2.298165,48.888815],[2.299629,48.889604]]],[[[2.302834,48.888899],[2.301543,48.88722],[2.300958,48.887192],[2.302219,48.889007],[2.303686,48.889711],[2.302834,48.888899]]],[[[2.306582,48.887872],[2.304443,48.888949],[2.304173,48.889848],[2.306582,48.887872]]],[[[2.301828,48.886748],[2.299493,48.885971],[2.299276,48.886153],[2.302251,48.887109],[2.304212,48.887441],[2.304275,48.887207],[2.301828,48.886748]]],[[[2.310205,48.887351],[2.311273,48.887689],[2.309214,48.886371],[2.308767,48.886678],[2.310348,48.887749],[2.310724,48.887733],[2.310205,48.887351]]],[[[2.301606,48.888452],[2.300821,48.887359],[2.30002,48.887927],[2.301788,48.888806],[2.301606,48.888452]]],[[[2.31195,48.887269],[2.31138,48.886937],[2.310893,48.887124],[2.309564,48.886083],[2.30927,48.886306],[2.311346,48.887645],[2.31195,48.887269]]],[[[2.305209,48.887715],[2.304804,48.887742],[2.304508,48.888734],[2.306113,48.887843],[2.305209,48.887715]]],[[[2.308743,48.886491],[2.309359,48.886018],[2.307294,48.886239],[2.308309,48.886789],[2.308743,48.886491]]],[[[2.312774,48.887084],[2.311499,48.887699],[2.313528,48.887394],[2.312774,48.887084]]],[[[2.310028,48.88769],[2.308662,48.886787],[2.308294,48.887032],[2.309206,48.887657],[2.310028,48.88769]]],[[[2.297903,48.888945],[2.2997,48.890093],[2.300024,48.889948],[2.297903,48.888945]]],[[[2.302968,48.888514],[2.302649,48.888437],[2.302968,48.888802],[2.30389,48.889406],[2.303966,48.889035],[2.302968,48.888514]]],[[[2.308842,48.887606],[2.308189,48.887142],[2.307736,48.887452],[2.308842,48.887606]]],[[[2.305661,48.886925],[2.305269,48.887171],[2.30613,48.88725],[2.305661,48.886925]]],[[[2.300599,48.887048],[2.300402,48.886774],[2.300147,48.886902],[2.300599,48.887048]]]],"type":"MultiPolygon"},"properties":{"id_projet":"MATERNELLES (année scolaire 2020/2021)","libelle":"TAPISSERIES (8) MAT","annee_scol":"2020-2021","zone_commune":0,"etiquette":"Secteur de l'école 8 RUE DES TAPISSERIES","lib_etab_1":"TAPISSERIES (8) MAT","lib_etab_2":null,"lib_etab_3":null,"lib_etab_4":null,"adr_etab_1":"8 RUE DES TAPISSERIES","adr_etab_2":null,"adr_etab_3":null,"adr_etab_4":null,"type_etabl":null,"geo_point_2d":{"lon":2.3065270797977053,"lat":48.888067637782406},"st_area_shape":212254.5385270823,"st_perimeter_shape":10774.371079346754}},{"type":"Feature","geometry":{"coordinates":[[[[2.29304,48.888882],[2.289661,48.887369],[2.288975,48.887986],[2.289654,48.888394],[2.289874,48.888101],[2.290448,48.888166],[2.289774,48.888453],[2.291045,48.889077],[2.291695,48.888779],[2.291175,48.889275],[2.29154,48.889454],[2.292407,48.889556],[2.29304,48.888882]]],[[[2.296142,48.889601],[2.294208,48.88883],[2.293743,48.888835],[2.292944,48.889619],[2.29426,48.889775],[2.294763,48.88955],[2.296035,48.890196],[2.296142,48.889601]]],[[[2.292822,48.885135],[2.293475,48.885283],[2.293714,48.885059],[2.293242,48.884794],[2.29384,48.884988],[2.294242,48.884398],[2.293618,48.884127],[2.291978,48.885445],[2.293156,48.885323],[2.292822,48.885135]]],[[[2.297546,48.890048],[2.296371,48.890372],[2.29803,48.891427],[2.298459,48.89096],[2.297449,48.890338],[2.297546,48.890048]]],[[[2.295601,48.885309],[2.29383,48.885539],[2.295657,48.886196],[2.295601,48.885309]]],[[[2.293115,48.885973],[2.292735,48.886157],[2.293899,48.886872],[2.294498,48.886338],[2.293115,48.885973]]],[[[2.292382,48.886307],[2.291193,48.886983],[2.291702,48.887245],[2.292694,48.886543],[2.292382,48.886307]]],[[[2.291308,48.886546],[2.291808,48.886192],[2.291477,48.8859],[2.290366,48.88638],[2.291308,48.886546]]],[[[2.294781,48.886368],[2.294091,48.88699],[2.294664,48.887248],[2.29534,48.886575],[2.294781,48.886368]]],[[[2.292203,48.887442],[2.293393,48.886926],[2.292812,48.886617],[2.291853,48.887297],[2.292203,48.887442]]],[[[2.294706,48.884618],[2.293678,48.88523],[2.295502,48.885027],[2.294706,48.884618]]],[[[2.296606,48.885272],[2.295762,48.885287],[2.295856,48.886176],[2.296606,48.885272]]],[[[2.295486,48.890088],[2.294751,48.889709],[2.294711,48.889707],[2.294577,48.889716],[2.294482,48.889801],[2.294584,48.889813],[2.295039,48.889866],[2.29504,48.889865],[2.295045,48.889867],[2.29506,48.889869],[2.295482,48.890091],[2.295486,48.890088]]]],"type":"MultiPolygon"},"properties":{"id_projet":"MATERNELLES (année scolaire 2021/2022)","libelle":"LOUIS VIERNE (6) MAT","annee_scol":"2021-2022","zone_commune":0,"etiquette":"Secteur de l'école 6 RUE LOUIS VIERNE","lib_etab_1":"LOUIS VIERNE (6) MAT","lib_etab_2":null,"lib_etab_3":null,"lib_etab_4":null,"adr_etab_1":"6 RUE LOUIS VIERNE","adr_etab_2":null,"adr_etab_3":null,"adr_etab_4":null,"type_etabl":"Maternelle","geo_point_2d":{"lon":2.293457563382457,"lat":48.88754558495901},"st_area_shape":105438.70804628861,"st_perimeter_shape":5661.747512929542}},{"type":"Feature","geometry":{"coordinates":[[[[2.320674,48.897761],[2.321851,48.898314],[2.322958,48.897679],[2.321498,48.897547],[2.314121,48.894847],[2.312485,48.89538],[2.313555,48.896246],[2.314844,48.895667],[2.320674,48.897761]]],[[[2.311465,48.897433],[2.313384,48.898075],[2.314986,48.897134],[2.314468,48.89622],[2.312987,48.896923],[2.312825,48.896753],[2.313311,48.896344],[2.312151,48.895572],[2.31089,48.896297],[2.311734,48.896863],[2.310973,48.896721],[2.31074,48.896991],[2.311465,48.897433]]],[[[2.311795,48.895061],[2.312516,48.894646],[2.311824,48.894],[2.311406,48.894318],[2.309334,48.893977],[2.310272,48.894346],[2.309742,48.895677],[2.310213,48.896024],[2.311887,48.895242],[2.311795,48.895061]],[[2.311699,48.89487],[2.311677,48.895129],[2.311454,48.89478],[2.311699,48.89487]]],[[[2.317416,48.894627],[2.318218,48.894708],[2.316119,48.893068],[2.314403,48.894059],[2.317416,48.894627]]],[[[2.322031,48.897273],[2.322921,48.897301],[2.322178,48.897181],[2.321808,48.896714],[2.321416,48.896837],[2.320659,48.895862],[2.320259,48.896029],[2.318555,48.895373],[2.318423,48.896007],[2.322031,48.897273]]],[[[2.317948,48.892045],[2.317677,48.892173],[2.319362,48.894536],[2.319703,48.894474],[2.317948,48.892045]]],[[[2.318832,48.894064],[2.318502,48.893722],[2.317717,48.894033],[2.31857,48.894716],[2.319155,48.89452],[2.318832,48.894064]]],[[[2.31674,48.895144],[2.317674,48.894939],[2.315803,48.89447],[2.316347,48.895174],[2.31674,48.895144]]],[[[2.318315,48.891995],[2.319868,48.894402],[2.319972,48.894172],[2.318315,48.891995]]],[[[2.31826,48.895902],[2.318381,48.895077],[2.317688,48.89505],[2.317595,48.89565],[2.31826,48.895902]]],[[[2.316949,48.893731],[2.317309,48.893749],[2.316598,48.892813],[2.31616,48.893045],[2.316949,48.893731]]],[[[2.319352,48.89492],[2.319686,48.894601],[2.318533,48.894925],[2.319479,48.895267],[2.319352,48.89492]]],[[[2.314419,48.894191],[2.314057,48.894303],[2.315324,48.894706],[2.314419,48.894191]]],[[[2.317577,48.892306],[2.317257,48.892471],[2.317705,48.893081],[2.318037,48.892996],[2.317577,48.892306]]],[[[2.317075,48.892594],[2.316756,48.892761],[2.317137,48.893262],[2.317471,48.893177],[2.317075,48.892594]]],[[[2.317006,48.895199],[2.316871,48.895374],[2.317548,48.895603],[2.317616,48.895084],[2.317006,48.895199]],[[2.317039,48.895268],[2.317167,48.89524],[2.317171,48.895239],[2.317177,48.895252],[2.317209,48.895316],[2.317193,48.895319],[2.317079,48.895343],[2.317078,48.895341],[2.317039,48.895268]]],[[[2.315433,48.894392],[2.315276,48.894361],[2.315249,48.894383],[2.315339,48.894495],[2.315407,48.89458],[2.315522,48.894724],[2.31568,48.894922],[2.315887,48.895],[2.315892,48.895002],[2.315955,48.895026],[2.316119,48.895088],[2.316129,48.895077],[2.315988,48.894896],[2.315932,48.894823],[2.315886,48.894762],[2.315836,48.894698],[2.31569,48.894508],[2.315649,48.894455],[2.315596,48.894424],[2.315433,48.894392]]],[[[2.318164,48.893127],[2.31782,48.893237],[2.318222,48.893667],[2.318454,48.893537],[2.318164,48.893127]]],[[[2.317599,48.893307],[2.317255,48.893417],[2.317861,48.893782],[2.317599,48.893307]]]],"type":"MultiPolygon"},"properties":{"id_projet":"MATERNELLES (année scolaire 2022/2023)","libelle":"BESSIERES (90) MAT","annee_scol":"2022-2023","zone_commune":0,"etiquette":"Secteur de l'école 90 BOULEVARD BESSIERES","lib_etab_1":"BESSIERES (90) MAT","lib_etab_2":null,"lib_etab_3":null,"lib_etab_4":null,"adr_etab_1":"90 BOULEVARD BESSIERES","adr_etab_2":null,"adr_etab_3":null,"adr_etab_4":null,"type_etabl":"Maternelle","geo_point_2d":{"lon":2.315752974003485,"lat":48.89549361661912},"st_area_shape":215009.23491710974,"st_perimeter_shape":10005.102729733948}},{"type":"Feature","geometry":{"coordinates":[[[[2.29304,48.888882],[2.289661,48.887369],[2.288975,48.887986],[2.289654,48.888394],[2.289874,48.888101],[2.290448,48.888166],[2.289774,48.888453],[2.291045,48.889077],[2.291695,48.888779],[2.291175,48.889275],[2.29154,48.889454],[2.292407,48.889556],[2.29304,48.888882]]],[[[2.294706,48.884618],[2.293678,48.88523],[2.295502,48.885027],[2.294706,48.884618]]],[[[2.292822,48.885135],[2.293475,48.885283],[2.293714,48.885059],[2.293242,48.884794],[2.29384,48.884988],[2.294242,48.884398],[2.293618,48.884127],[2.291978,48.885445],[2.293156,48.885323],[2.292822,48.885135]]],[[[2.296606,48.885272],[2.295762,48.885287],[2.295856,48.886176],[2.296606,48.885272]]],[[[2.295601,48.885309],[2.29383,48.885539],[2.295657,48.886196],[2.295601,48.885309]]],[[[2.291308,48.886546],[2.291808,48.886192],[2.291477,48.8859],[2.290366,48.88638],[2.291308,48.886546]]],[[[2.293115,48.885973],[2.292735,48.886157],[2.293899,48.886872],[2.294498,48.886338],[2.293115,48.885973]]],[[[2.294781,48.886368],[2.294091,48.88699],[2.294664,48.887248],[2.29534,48.886575],[2.294781,48.886368]]],[[[2.292382,48.886307],[2.291193,48.886983],[2.291702,48.887245],[2.292694,48.886543],[2.292382,48.886307]]],[[[2.292203,48.887442],[2.293393,48.886926],[2.292812,48.886617],[2.291853,48.887297],[2.292203,48.887442]]],[[[2.295486,48.890088],[2.294751,48.889709],[2.294711,48.889707],[2.294577,48.889716],[2.294482,48.889801],[2.294584,48.889813],[2.295039,48.889866],[2.29504,48.889865],[2.295045,48.889867],[2.29506,48.889869],[2.295482,48.890091],[2.295486,48.890088]]],[[[2.296142,48.889601],[2.294208,48.88883],[2.293743,48.888835],[2.292944,48.889619],[2.29426,48.889775],[2.294763,48.88955],[2.296035,48.890196],[2.296142,48.889601]]],[[[2.297546,48.890048],[2.296371,48.890372],[2.29803,48.891427],[2.298459,48.89096],[2.297449,48.890338],[2.297546,48.890048]]]],"type":"MultiPolygon"},"properties":{"id_projet":"MATERNELLES (année scolaire 2023/2024)","libelle":"LOUIS VIERNE (6) MAT","annee_scol":"2023-2024","zone_commune":0,"etiquette":"Secteur de l'école 6 RUE LOUIS VIERNE","lib_etab_1":"LOUIS VIERNE (6) MAT","lib_etab_2":null,"lib_etab_3":null,"lib_etab_4":null,"adr_etab_1":"6 RUE LOUIS VIERNE","adr_etab_2":null,"adr_etab_3":null,"adr_etab_4":null,"type_etabl":"Maternelle","geo_point_2d":{"lon":2.293457563382458,"lat":48.88754558495905},"st_area_shape":105438.7080462886,"st_perimeter_shape":5661.747512929542}},{"type":"Feature","geometry":{"coordinates":[[[[2.321824,48.893437],[2.320282,48.891569],[2.319318,48.891351],[2.318707,48.891579],[2.32064,48.894139],[2.322022,48.893719],[2.321824,48.893437]]],[[[2.319775,48.890981],[2.319367,48.891252],[2.320125,48.891388],[2.319775,48.890981]]],[[[2.320293,48.89069],[2.319877,48.890921],[2.320333,48.89145],[2.321051,48.891595],[2.320293,48.89069]]],[[[2.321067,48.890935],[2.320402,48.890608],[2.321243,48.891643],[2.321067,48.890935]]],[[[2.322716,48.893152],[2.321335,48.891817],[2.322658,48.893492],[2.322716,48.893152]]],[[[2.320735,48.89166],[2.32216,48.893656],[2.322565,48.893551],[2.32119,48.891769],[2.320735,48.89166]]],[[[2.322609,48.893806],[2.322257,48.893786],[2.322604,48.894052],[2.322609,48.893806]]],[[[2.322087,48.893826],[2.32207,48.893823],[2.321798,48.893906],[2.321594,48.893969],[2.321814,48.894108],[2.321916,48.894071],[2.321916,48.89407],[2.321905,48.894054],[2.321987,48.894027],[2.322087,48.893826]]],[[[2.319773,48.893281],[2.318524,48.891705],[2.31808,48.89194],[2.319972,48.894172],[2.319868,48.894402],[2.320494,48.89419],[2.319773,48.893281]]],[[[2.320595,48.894317],[2.320562,48.89431],[2.320452,48.894348],[2.320315,48.894395],[2.320086,48.894475],[2.319961,48.894518],[2.319953,48.89453],[2.320165,48.89457],[2.320184,48.894593],[2.320226,48.894644],[2.320254,48.894634],[2.320259,48.894633],[2.320315,48.894614],[2.320349,48.894602],[2.320357,48.894599],[2.320417,48.894578],[2.320448,48.894568],[2.320483,48.894556],[2.320571,48.894526],[2.320588,48.89452],[2.320561,48.894485],[2.320532,48.894449],[2.320521,48.894435],[2.32052,48.894433],[2.320514,48.894426],[2.320511,48.894422],[2.32061,48.894335],[2.320595,48.894317]]],[[[2.321387,48.894489],[2.321164,48.894244],[2.321376,48.894037],[2.320971,48.894167],[2.321209,48.894485],[2.320741,48.894269],[2.321387,48.894489]]]],"type":"MultiPolygon"},"properties":{"id_projet":"MATERNELLES (année scolaire 2023/2024)","libelle":"FLEURS (61) MAT","annee_scol":"2023-2024","zone_commune":0,"etiquette":"Secteur de l'école 61 CITE DES FLEURS","lib_etab_1":"FLEURS (61) MAT","lib_etab_2":null,"lib_etab_3":null,"lib_etab_4":null,"adr_etab_1":"61 CITE DES FLEURS","adr_etab_2":null,"adr_etab_3":null,"adr_etab_4":null,"type_etabl":"Maternelle","geo_point_2d":{"lon":2.320482016608471,"lat":48.89265971077511},"st_area_shape":65908.32981849289,"st_perimeter_shape":4055.963466666882}},{"type":"Feature","geometry":{"coordinates":[[[2.309781,48.894165],[2.309998,48.893977],[2.311406,48.894318],[2.311824,48.894],[2.312516,48.894646],[2.31238,48.894177],[2.304286,48.890453],[2.301878,48.891874],[2.30425,48.89336],[2.304006,48.893535],[2.303626,48.893762],[2.301139,48.892541],[2.30081,48.892686],[2.305675,48.895069],[2.304618,48.894383],[2.305196,48.893949],[2.307219,48.895146],[2.309696,48.895969],[2.310175,48.895992],[2.309742,48.895677],[2.310272,48.894346],[2.309781,48.894165]]],"type":"Polygon"},"properties":{"id_projet":"MATERNELLES (année scolaire 2024/2025)","libelle":"MARGUERITE LONG (5) POLY","annee_scol":"2024-2025","zone_commune":0,"etiquette":"Secteur de l'école 5 RUE MARGUERITE LONG","lib_etab_1":"MARGUERITE LONG (5) POLY","lib_etab_2":null,"lib_etab_3":null,"lib_etab_4":null,"adr_etab_1":"5 RUE MARGUERITE LONG","adr_etab_2":null,"adr_etab_3":null,"adr_etab_4":null,"type_etabl":"Maternelle","geo_point_2d":{"lon":2.3064888133559536,"lat":48.893189413720464},"st_area_shape":202375.09740277965,"st_perimeter_shape":3188.8325693834904}},{"type":"Feature","geometry":{"coordinates":[[[[2.284375,48.880742],[2.284943,48.880612],[2.28496,48.880321],[2.28406,48.87826],[2.281963,48.879006],[2.284375,48.880742]],[[2.282519,48.87903],[2.282525,48.87903],[2.282528,48.879039],[2.282604,48.87903],[2.282602,48.87902],[2.282608,48.879019],[2.282611,48.879028],[2.282708,48.879014],[2.282705,48.879004],[2.282711,48.879003],[2.282715,48.879013],[2.28275,48.879006],[2.282746,48.878996],[2.282779,48.878989],[2.282854,48.878974],[2.282858,48.878984],[2.282894,48.878976],[2.282889,48.878968],[2.282894,48.878966],[2.2829,48.878975],[2.282942,48.878964],[2.282993,48.878951],[2.282988,48.878943],[2.282994,48.878941],[2.283,48.87895],[2.283032,48.878941],[2.283026,48.878931],[2.283129,48.878901],[2.283137,48.878909],[2.283168,48.878899],[2.283162,48.87889],[2.283262,48.878855],[2.28327,48.878864],[2.2833,48.878852],[2.283292,48.878843],[2.283389,48.878804],[2.283399,48.878813],[2.283428,48.8788],[2.28342,48.878792],[2.283425,48.878789],[2.283434,48.878797],[2.283458,48.878786],[2.283495,48.878769],[2.283516,48.878759],[2.283506,48.878751],[2.283511,48.878749],[2.28352,48.878756],[2.283549,48.878741],[2.28354,48.878734],[2.283627,48.878686],[2.283638,48.878693],[2.283664,48.878678],[2.283655,48.878671],[2.283659,48.878668],[2.283669,48.878675],[2.283692,48.878662],[2.283723,48.878643],[2.283743,48.87863],[2.283732,48.878623],[2.283737,48.878621],[2.283747,48.878627],[2.28378,48.878606],[2.283804,48.878589],[2.283793,48.878583],[2.283797,48.87858],[2.283809,48.878586],[2.283843,48.878562],[2.283866,48.878545],[2.283868,48.878546],[2.283871,48.878548],[2.283865,48.878552],[2.283863,48.878551],[2.283853,48.878557],[2.283819,48.878583],[2.283782,48.878608],[2.283736,48.878638],[2.283679,48.878672],[2.283622,48.878706],[2.283566,48.878736],[2.283507,48.878767],[2.283412,48.87881],[2.283341,48.87884],[2.283252,48.878873],[2.283153,48.878907],[2.283066,48.878934],[2.283001,48.878952],[2.282945,48.878966],[2.282895,48.878978],[2.282828,48.878993],[2.282769,48.879005],[2.282711,48.879016],[2.282666,48.879023],[2.282622,48.87903],[2.282572,48.879037],[2.282523,48.879043],[2.282476,48.879047],[2.282444,48.87905],[2.282445,48.879052],[2.282437,48.879053],[2.282436,48.879048],[2.28245,48.879047],[2.282522,48.87904],[2.282519,48.87903]]],[[[2.293653,48.874895],[2.293948,48.874589],[2.293319,48.874673],[2.293653,48.874895]]],[[[2.294554,48.875187],[2.294412,48.874779],[2.294159,48.875077],[2.294554,48.875187]]],[[[2.295175,48.875219],[2.29576,48.875142],[2.295519,48.874814],[2.295101,48.874861],[2.295175,48.875219]]],[[[2.293186,48.874737],[2.291512,48.875271],[2.292526,48.876272],[2.293596,48.875005],[2.293186,48.874737]]],[[[2.295964,48.875424],[2.29502,48.875329],[2.294851,48.876332],[2.295964,48.875424]]],[[[2.294109,48.875203],[2.293607,48.875731],[2.294329,48.876496],[2.294534,48.875293],[2.294109,48.875203]]],[[[2.289887,48.876237],[2.289346,48.876071],[2.289926,48.876787],[2.290312,48.876426],[2.289887,48.876237]]],[[[2.291984,48.876916],[2.2924,48.87642],[2.291328,48.875324],[2.289408,48.875919],[2.291984,48.876916]]],[[[2.29488,48.877129],[2.29634,48.875946],[2.296048,48.875537],[2.294812,48.876555],[2.29488,48.877129]]],[[[2.296643,48.876359],[2.296389,48.876047],[2.294933,48.87723],[2.295167,48.877451],[2.296643,48.876359]]],[[[2.293325,48.877417],[2.293939,48.876292],[2.293551,48.875845],[2.292429,48.877128],[2.293325,48.877417]]],[[[2.288747,48.876435],[2.288845,48.876097],[2.287462,48.876558],[2.288054,48.877703],[2.288747,48.876435]]],[[[2.294888,48.877353],[2.294606,48.87777],[2.295029,48.87755],[2.294888,48.877353]]],[[[2.28732,48.876604],[2.285882,48.877066],[2.287799,48.877792],[2.28732,48.876604]]],[[[2.285685,48.877116],[2.284451,48.877495],[2.284863,48.877883],[2.287717,48.877885],[2.285685,48.877116]]],[[[2.291861,48.877511],[2.292087,48.877109],[2.291606,48.876922],[2.291098,48.877406],[2.291575,48.876899],[2.291135,48.876724],[2.290455,48.877576],[2.291572,48.877968],[2.291861,48.877511]]],[[[2.294168,48.876544],[2.294012,48.876416],[2.293322,48.877678],[2.29375,48.877982],[2.294123,48.877728],[2.294168,48.876544]]],[[[2.297239,48.877182],[2.296679,48.876462],[2.295209,48.877551],[2.295669,48.878147],[2.297598,48.877707],[2.297239,48.877182]]],[[[2.283973,48.877858],[2.28381,48.87807],[2.284085,48.878093],[2.283973,48.877858]]],[[[2.294113,48.877782],[2.293782,48.878005],[2.294051,48.878157],[2.294113,48.877782]]],[[[2.295111,48.877625],[2.294586,48.87792],[2.294499,48.878391],[2.295516,48.878181],[2.295111,48.877625]]],[[[2.290071,48.877819],[2.290933,48.876646],[2.290478,48.876505],[2.289422,48.877589],[2.289843,48.87697],[2.289105,48.876151],[2.288324,48.877742],[2.28921,48.878295],[2.289834,48.87778],[2.289284,48.878354],[2.289563,48.878459],[2.290071,48.877819]]],[[[2.290899,48.878902],[2.291408,48.878089],[2.290355,48.877707],[2.28969,48.878505],[2.290899,48.878902]]],[[[2.29246,48.878884],[2.294002,48.87853],[2.29402,48.878306],[2.292248,48.877188],[2.29164,48.87809],[2.292164,48.8781],[2.291941,48.878843],[2.291709,48.878667],[2.291973,48.878258],[2.291616,48.878129],[2.291059,48.879007],[2.29246,48.878884]]],[[[2.287773,48.878431],[2.287702,48.878019],[2.285052,48.878033],[2.287275,48.879331],[2.287773,48.878431]]],[[[2.288825,48.878304],[2.28808,48.878238],[2.287714,48.879046],[2.289317,48.879607],[2.290849,48.879113],[2.288825,48.878304]]],[[[2.287811,48.879203],[2.287522,48.879465],[2.288226,48.879844],[2.289038,48.879671],[2.287811,48.879203]]],[[[2.288287,48.880013],[2.284227,48.877836],[2.287978,48.880084],[2.288287,48.880013]]],[[[2.287501,48.880026],[2.2865,48.879463],[2.286778,48.880173],[2.287501,48.880026]]],[[[2.286559,48.880242],[2.286318,48.879322],[2.284409,48.878255],[2.285227,48.880122],[2.286559,48.880242]]],[[[2.285354,48.88025],[2.285337,48.880524],[2.286122,48.880343],[2.285354,48.88025]]]],"type":"MultiPolygon"},"properties":{"id_projet":"MATERNELLES (année scolaire 2025/2026)","libelle":"COLONEL MOLL (16) MAT","annee_scol":"2025-2026","zone_commune":0,"etiquette":"Secteur de l'école 16 RUE DU COLONEL MOLL","lib_etab_1":"COLONEL MOLL (16) MAT","lib_etab_2":null,"lib_etab_3":null,"lib_etab_4":null,"adr_etab_1":"16 RUE DU COLONEL MOLL","adr_etab_2":null,"adr_etab_3":null,"adr_etab_4":null,"type_etabl":"Maternelle","geo_point_2d":{"lon":2.28990944248812,"lat":48.87775578005402},"st_area_shape":293817.25658717524,"st_perimeter_shape":13921.309171701854}},{"type":"Feature","geometry":{"coordinates":[[[[2.29304,48.888882],[2.289661,48.887369],[2.288975,48.887986],[2.289654,48.888394],[2.289874,48.888101],[2.290448,48.888166],[2.289774,48.888453],[2.291045,48.889077],[2.291695,48.888779],[2.291175,48.889275],[2.29154,48.889454],[2.292407,48.889556],[2.29304,48.888882]]],[[[2.294706,48.884618],[2.293678,48.88523],[2.295502,48.885027],[2.294706,48.884618]]],[[[2.292822,48.885135],[2.293475,48.885283],[2.293714,48.885059],[2.293242,48.884794],[2.29384,48.884988],[2.294242,48.884398],[2.293618,48.884127],[2.291978,48.885445],[2.293156,48.885323],[2.292822,48.885135]]],[[[2.29173,48.885474],[2.291687,48.885443],[2.291637,48.885482],[2.291639,48.885483],[2.291663,48.885498],[2.291702,48.885496],[2.29173,48.885474]]],[[[2.296606,48.885272],[2.295762,48.885287],[2.295856,48.886176],[2.296606,48.885272]]],[[[2.295601,48.885309],[2.29383,48.885539],[2.295657,48.886196],[2.295601,48.885309]]],[[[2.291308,48.886546],[2.291808,48.886192],[2.291477,48.8859],[2.290366,48.88638],[2.291308,48.886546]]],[[[2.293115,48.885973],[2.292735,48.886157],[2.293899,48.886872],[2.294498,48.886338],[2.293115,48.885973]]],[[[2.294781,48.886368],[2.294091,48.88699],[2.294664,48.887248],[2.29534,48.886575],[2.294781,48.886368]]],[[[2.292382,48.886307],[2.291193,48.886983],[2.291702,48.887245],[2.292694,48.886543],[2.292382,48.886307]]],[[[2.292203,48.887442],[2.293393,48.886926],[2.292812,48.886617],[2.291853,48.887297],[2.292203,48.887442]]],[[[2.295486,48.890088],[2.294751,48.889709],[2.294711,48.889707],[2.294577,48.889716],[2.294482,48.889801],[2.294584,48.889813],[2.295039,48.889866],[2.29504,48.889865],[2.295045,48.889867],[2.29506,48.889869],[2.295482,48.890091],[2.295486,48.890088]]],[[[2.296142,48.889601],[2.294208,48.88883],[2.293743,48.888835],[2.292944,48.889619],[2.29426,48.889775],[2.294763,48.88955],[2.296035,48.890196],[2.296142,48.889601]]],[[[2.297546,48.890048],[2.296371,48.890372],[2.29803,48.891427],[2.298459,48.89096],[2.297449,48.890338],[2.297546,48.890048]]]],"type":"MultiPolygon"},"properties":{"id_projet":"MATERNELLES (année scolaire 2024/2025)","libelle":"LOUIS VIERNE (6) MAT","annee_scol":"2024-2025","zone_commune":0,"etiquette":"Secteur de l'école 6 RUE LOUIS VIERNE","lib_etab_1":"LOUIS VIERNE (6) MAT","lib_etab_2":null,"lib_etab_3":null,"lib_etab_4":null,"adr_etab_1":"6 RUE LOUIS VIERNE","adr_etab_2":null,"adr_etab_3":null,"adr_etab_4":null,"type_etabl":"Maternelle","geo_point_2d":{"lon":2.293457172410356,"lat":48.88754512847843},"st_area_shape":105461.96033693655,"st_perimeter_shape":5680.720216965329}},{"type":"Feature","geometry":{"coordinates":[[[[2.320674,48.897761],[2.321851,48.898314],[2.322958,48.897679],[2.321498,48.897547],[2.314121,48.894847],[2.312485,48.89538],[2.313555,48.896246],[2.314844,48.895667],[2.320674,48.897761]]],[[[2.312289,48.897742],[2.313384,48.898075],[2.314986,48.897134],[2.314672,48.896128],[2.312987,48.896923],[2.312825,48.896753],[2.313311,48.896344],[2.312292,48.895577],[2.31089,48.896297],[2.311734,48.896863],[2.310973,48.896721],[2.31074,48.896991],[2.312289,48.897742]]],[[[2.311795,48.895061],[2.312516,48.894646],[2.311824,48.894],[2.311406,48.894318],[2.309998,48.893977],[2.309781,48.894165],[2.310272,48.894346],[2.309742,48.895677],[2.310213,48.896024],[2.311887,48.895242],[2.311795,48.895061]],[[2.311699,48.89487],[2.311677,48.895129],[2.311454,48.89478],[2.311699,48.89487]]],[[[2.31812,48.894868],[2.318778,48.895019],[2.31975,48.894616],[2.318319,48.894856],[2.317329,48.893775],[2.317044,48.89387],[2.316119,48.893068],[2.314403,48.894059],[2.31812,48.894868]]],[[[2.322628,48.89731],[2.321808,48.896714],[2.321416,48.896837],[2.320659,48.895862],[2.320259,48.896029],[2.318555,48.895373],[2.318423,48.896007],[2.322628,48.89731]]],[[[2.318832,48.894064],[2.318502,48.893722],[2.317717,48.894033],[2.31857,48.894716],[2.319155,48.89452],[2.318832,48.894064]]],[[[2.316872,48.895115],[2.317674,48.894939],[2.315803,48.89447],[2.316347,48.895174],[2.316872,48.895115]]],[[[2.318045,48.894973],[2.317669,48.895065],[2.317595,48.89565],[2.31826,48.895902],[2.318381,48.895077],[2.318045,48.894973]],[[2.318045,48.894973],[2.318045,48.894981],[2.318045,48.895055],[2.318045,48.894973]]],[[[2.316992,48.893769],[2.317309,48.893749],[2.316598,48.892813],[2.31616,48.893045],[2.316992,48.893769]]],[[[2.31792,48.892321],[2.319362,48.894536],[2.319703,48.894474],[2.31792,48.892321]]],[[[2.314419,48.894191],[2.314057,48.894303],[2.315324,48.894706],[2.314419,48.894191]]],[[[2.317577,48.892306],[2.317257,48.892471],[2.317705,48.893081],[2.318037,48.892996],[2.317577,48.892306]]],[[[2.317075,48.892594],[2.316756,48.892761],[2.317137,48.893262],[2.317471,48.893177],[2.317075,48.892594]]],[[[2.317515,48.895453],[2.317589,48.895071],[2.316881,48.895302],[2.317515,48.895453]],[[2.317208,48.895316],[2.317171,48.895239],[2.317177,48.895252],[2.317209,48.895316],[2.317208,48.895316]]],[[[2.315433,48.894392],[2.315276,48.894361],[2.315249,48.894383],[2.315339,48.894495],[2.315407,48.89458],[2.315522,48.894724],[2.31568,48.894922],[2.315887,48.895],[2.315892,48.895002],[2.315955,48.895026],[2.316119,48.895088],[2.316129,48.895077],[2.315988,48.894896],[2.315932,48.894823],[2.315886,48.894762],[2.315836,48.894698],[2.31569,48.894508],[2.315649,48.894455],[2.315596,48.894424],[2.315433,48.894392]]],[[[2.318164,48.893127],[2.31782,48.893237],[2.318222,48.893667],[2.318454,48.893537],[2.318164,48.893127]]],[[[2.317599,48.893307],[2.317255,48.893417],[2.317861,48.893782],[2.317599,48.893307]]],[[[2.309524,48.896448],[2.309551,48.896523],[2.309759,48.896282],[2.309611,48.896352],[2.309524,48.896448]]]],"type":"MultiPolygon"},"properties":{"id_projet":"MATERNELLES (année scolaire 2025/2026)","libelle":"BESSIERES (90) MAT","annee_scol":"2025-2026","zone_commune":0,"etiquette":"Secteur de l'école 90 BOULEVARD BESSIERES","lib_etab_1":"BESSIERES (90) MAT","lib_etab_2":null,"lib_etab_3":null,"lib_etab_4":null,"adr_etab_1":"90 BOULEVARD BESSIERES","adr_etab_2":null,"adr_etab_3":null,"adr_etab_4":null,"type_etabl":"Maternelle","geo_point_2d":{"lon":2.315613756222017,"lat":48.89560801671746},"st_area_shape":205299.4875825428,"st_perimeter_shape":9374.141871990128}},{"type":"Feature","geometry":{"coordinates":[[[[2.323484,48.893449],[2.324651,48.893367],[2.32469,48.893142],[2.325241,48.893398],[2.324729,48.892523],[2.322296,48.892023],[2.323484,48.893449]]],[[[2.324575,48.891175],[2.324025,48.891169],[2.321889,48.889763],[2.323841,48.8914],[2.324575,48.891175]]],[[[2.321771,48.889825],[2.321388,48.89005],[2.323037,48.891656],[2.323703,48.891462],[2.321771,48.889825]]],[[[2.32102,48.890656],[2.320768,48.890393],[2.320402,48.890608],[2.321322,48.891376],[2.321243,48.891643],[2.321944,48.891782],[2.32102,48.890656]]],[[[2.326495,48.890695],[2.325345,48.89106],[2.326227,48.891864],[2.326794,48.891582],[2.326495,48.890695]]],[[[2.321289,48.890111],[2.320905,48.890327],[2.322159,48.891855],[2.322901,48.891719],[2.321289,48.890111]]],[[[2.325811,48.891684],[2.325154,48.891099],[2.322772,48.891859],[2.323581,48.892086],[2.32486,48.89167],[2.323844,48.892125],[2.324726,48.892333],[2.326015,48.891913],[2.325811,48.891684]]],[[[2.326896,48.89189],[2.326382,48.891986],[2.327166,48.892692],[2.326896,48.89189]]],[[[2.326154,48.892007],[2.325001,48.892392],[2.326928,48.892809],[2.326154,48.892007]]],[[[2.32519,48.892622],[2.324946,48.892596],[2.325445,48.893397],[2.327076,48.893074],[2.32519,48.892622]]],[[[2.322931,48.893407],[2.323276,48.893408],[2.322093,48.891965],[2.321359,48.891797],[2.322931,48.893407]]],[[[2.327103,48.893299],[2.327249,48.893153],[2.327054,48.893192],[2.326877,48.893227],[2.326699,48.893262],[2.326524,48.893297],[2.326347,48.893331],[2.326179,48.893365],[2.326009,48.893398],[2.325822,48.893435],[2.325634,48.893473],[2.325506,48.893498],[2.325488,48.893522],[2.325679,48.893572],[2.325688,48.893591],[2.325697,48.893612],[2.325835,48.893585],[2.325885,48.893575],[2.325934,48.893566],[2.326035,48.893546],[2.326039,48.893545],[2.326057,48.893541],[2.326073,48.893538],[2.326072,48.893537],[2.326142,48.893523],[2.326203,48.893512],[2.326243,48.893504],[2.326403,48.893451],[2.326577,48.893413],[2.326753,48.893378],[2.326933,48.89335],[2.326969,48.893343],[2.327042,48.893329],[2.327111,48.893316],[2.32711,48.893315],[2.327103,48.893299]]]],"type":"MultiPolygon"},"properties":{"id_projet":"MATERNELLES (année scolaire 2025/2026)","libelle":"CAPITAINE LAGACHE (21) MAT","annee_scol":"2025-2026","zone_commune":0,"etiquette":"Secteur de l'école 21 RUE DU CAPITAINE LAGACHE","lib_etab_1":"CAPITAINE LAGACHE (21) MAT","lib_etab_2":null,"lib_etab_3":null,"lib_etab_4":null,"adr_etab_1":"21 RUE DU CAPITAINE LAGACHE","adr_etab_2":null,"adr_etab_3":null,"adr_etab_4":null,"type_etabl":"Maternelle","geo_point_2d":{"lon":2.3239724379083007,"lat":48.891855112337474},"st_area_shape":93626.19467578236,"st_perimeter_shape":5663.692491185609}},{"type":"Feature","geometry":{"coordinates":[[[[2.318316,48.882672],[2.318795,48.881965],[2.316593,48.881519],[2.315786,48.882062],[2.318123,48.882956],[2.318316,48.882672]]],[[[2.319103,48.882028],[2.318896,48.881986],[2.318699,48.882278],[2.318894,48.882335],[2.319103,48.882028]]],[[[2.32142,48.883855],[2.320963,48.884106],[2.321313,48.884355],[2.321948,48.883994],[2.32142,48.883855]]],[[[2.3154,48.882221],[2.316064,48.881632],[2.314865,48.881822],[2.3154,48.882221]]],[[[2.319948,48.8822],[2.319655,48.88214],[2.319009,48.883171],[2.319948,48.8822]]],[[[2.318877,48.883116],[2.319528,48.882115],[2.318657,48.88234],[2.318221,48.882982],[2.318877,48.883116]]],[[[2.321484,48.883683],[2.321979,48.882614],[2.321021,48.882439],[2.320511,48.88354],[2.321484,48.883683]]],[[[2.321221,48.88442],[2.32077,48.884147],[2.32109,48.883782],[2.320451,48.883642],[2.319573,48.884459],[2.320718,48.884964],[2.321388,48.884554],[2.321221,48.88442]]],[[[2.322582,48.883833],[2.323157,48.882852],[2.32207,48.882658],[2.321546,48.88379],[2.322582,48.883833]]],[[[2.319861,48.883915],[2.320254,48.883614],[2.319838,48.883487],[2.320317,48.883494],[2.320789,48.882372],[2.320404,48.882321],[2.318658,48.884036],[2.319477,48.884415],[2.319861,48.883915]]]],"type":"MultiPolygon"},"properties":{"id_projet":"MATERNELLES (année scolaire 2026/2027)","libelle":"BOURSAULT (10) POLY","annee_scol":"2026-2027","zone_commune":0,"etiquette":"Secteur de l'école 10 BOURSAULT (10) POLY","lib_etab_1":"BOURSAULT (10) POLY","lib_etab_2":null,"lib_etab_3":null,"lib_etab_4":null,"adr_etab_1":"10 BOURSAULT (10) POLY","adr_etab_2":null,"adr_etab_3":null,"adr_etab_4":null,"type_etabl":"Maternelle","geo_point_2d":{"lon":2.3196003447387423,"lat":48.883034049847055},"st_area_shape":78853.32852218908,"st_perimeter_shape":3795.8028084372304}},{"type":"Feature","geometry":{"coordinates":[[[[2.319565,48.890255],[2.318608,48.88957],[2.317356,48.890244],[2.317809,48.890308],[2.318543,48.891402],[2.319964,48.890581],[2.319565,48.890255]]],[[[2.320575,48.888797],[2.32066,48.88862],[2.320578,48.888668],[2.320535,48.888637],[2.320509,48.888617],[2.320337,48.888636],[2.320469,48.888733],[2.320556,48.888797],[2.320575,48.888797]]],[[[2.317864,48.886351],[2.317757,48.886288],[2.317716,48.886288],[2.317568,48.886376],[2.31742,48.886464],[2.317311,48.886528],[2.317137,48.886631],[2.317139,48.886658],[2.31728,48.88673],[2.317446,48.88663],[2.317562,48.88656],[2.317705,48.886474],[2.317865,48.886377],[2.317864,48.886351]]],[[[2.31772,48.887021],[2.318287,48.886681],[2.31804,48.886532],[2.317503,48.886858],[2.31772,48.887021]]],[[[2.31745,48.886109],[2.316751,48.886461],[2.317001,48.886566],[2.31745,48.886109]]],[[[2.321615,48.889072],[2.320687,48.888891],[2.321631,48.889583],[2.321891,48.889273],[2.321615,48.889072]]],[[[2.319538,48.889093],[2.318863,48.889459],[2.319331,48.889808],[2.319903,48.889476],[2.319538,48.889093]]],[[[2.320062,48.887164],[2.321011,48.886623],[2.320697,48.886406],[2.319512,48.887144],[2.320062,48.887164]]],[[[2.320011,48.889584],[2.319459,48.889905],[2.320212,48.890439],[2.320596,48.890193],[2.320011,48.889584]]],[[[2.319563,48.886961],[2.320658,48.886288],[2.320407,48.886138],[2.318979,48.88683],[2.319563,48.886961]]],[[[2.31683,48.888608],[2.317104,48.888419],[2.316684,48.888105],[2.315804,48.888657],[2.31617,48.889001],[2.31683,48.888608]]],[[[2.317912,48.887393],[2.316885,48.887983],[2.317347,48.8883],[2.31824,48.887769],[2.317912,48.887393]]],[[[2.318942,48.888469],[2.318151,48.888929],[2.318754,48.889353],[2.319416,48.888997],[2.318942,48.888469]]],[[[2.317548,48.889111],[2.3178,48.888939],[2.31721,48.888527],[2.316233,48.889107],[2.316834,48.889217],[2.316711,48.8896],[2.317548,48.889111]]],[[[2.318366,48.887867],[2.317453,48.888408],[2.318045,48.888821],[2.318816,48.888371],[2.318366,48.887867]]],[[[2.32028,48.888249],[2.319832,48.888115],[2.320196,48.88771],[2.319063,48.888394],[2.319586,48.888901],[2.32028,48.888249]]],[[[2.318811,48.887423],[2.319244,48.887158],[2.318458,48.886697],[2.317809,48.887085],[2.318364,48.887664],[2.318811,48.887423]]],[[[2.319783,48.887629],[2.319348,48.887243],[2.318484,48.88779],[2.318984,48.888273],[2.319783,48.887629]]],[[[2.320142,48.886048],[2.3198,48.885694],[2.318574,48.886623],[2.318882,48.886779],[2.320142,48.886048]]],[[[2.319756,48.884625],[2.319113,48.884988],[2.319791,48.885554],[2.320649,48.88504],[2.319756,48.884625]]],[[[2.317978,48.88907],[2.316873,48.889647],[2.317276,48.890148],[2.3185,48.889491],[2.317978,48.88907]]],[[[2.318299,48.886311],[2.319691,48.885614],[2.318981,48.885125],[2.317875,48.88619],[2.318299,48.886311]]],[[[2.320236,48.888691],[2.319661,48.889017],[2.320719,48.890119],[2.321535,48.889675],[2.320236,48.888691]]],[[[2.317951,48.885932],[2.319394,48.884466],[2.318572,48.884119],[2.316993,48.885673],[2.317713,48.886119],[2.317951,48.885932]]],[[[2.316605,48.886595],[2.315107,48.88767],[2.315726,48.888322],[2.317502,48.887334],[2.316605,48.886595]]]],"type":"MultiPolygon"},"properties":{"id_projet":"MATERNELLES (année scolaire 2026/2027)","libelle":"BROCHANT (28) MAT","annee_scol":"2026-2027","zone_commune":0,"etiquette":"Secteur de l'école 28 BROCHANT (28) MAT","lib_etab_1":"BROCHANT (28) MAT","lib_etab_2":null,"lib_etab_3":null,"lib_etab_4":null,"adr_etab_1":"28 BROCHANT (28) MAT","adr_etab_2":null,"adr_etab_3":null,"adr_etab_4":null,"type_etabl":"Maternelle","geo_point_2d":{"lon":2.3185496579305966,"lat":48.8878076446169},"st_area_shape":152132.8109442605,"st_perimeter_shape":8135.487699286011}},{"type":"Feature","geometry":{"coordinates":[[[[2.316688,48.884778],[2.318392,48.883103],[2.317656,48.882908],[2.315595,48.884855],[2.316186,48.885226],[2.316688,48.884778]]],[[[2.313114,48.88673],[2.312838,48.886906],[2.313619,48.887073],[2.313114,48.88673]]],[[[2.31389,48.886378],[2.313234,48.886657],[2.313769,48.886986],[2.31389,48.886378]]],[[[2.318245,48.884124],[2.317841,48.883798],[2.317307,48.884344],[2.317783,48.884578],[2.318245,48.884124]]],[[[2.318659,48.883716],[2.319076,48.883308],[2.318575,48.883152],[2.317917,48.883724],[2.318397,48.883939],[2.318659,48.883716]]],[[[2.314831,48.884026],[2.315604,48.883311],[2.314787,48.882933],[2.315258,48.883254],[2.314443,48.884005],[2.313783,48.883815],[2.31454,48.88426],[2.314831,48.884026]]],[[[2.314429,48.885082],[2.314533,48.884553],[2.31315,48.886563],[2.314042,48.885872],[2.314429,48.885082]]],[[[2.314398,48.885831],[2.315387,48.884901],[2.31482,48.884597],[2.314098,48.886056],[2.314398,48.885831]]],[[[2.317731,48.884628],[2.317254,48.884394],[2.316331,48.885311],[2.31679,48.885552],[2.317731,48.884628]]],[[[2.316337,48.885459],[2.314098,48.887131],[2.316,48.886259],[2.316667,48.885675],[2.316337,48.885459]]],[[[2.315813,48.884491],[2.316592,48.883755],[2.315753,48.88336],[2.314681,48.88432],[2.315453,48.884796],[2.315813,48.884491]]],[[[2.315726,48.88565],[2.316095,48.885316],[2.315466,48.884974],[2.314039,48.886319],[2.313892,48.887048],[2.315726,48.88565]]],[[[2.317355,48.883074],[2.31754,48.882877],[2.31566,48.88219],[2.31595,48.882627],[2.315683,48.882906],[2.314854,48.882853],[2.316681,48.883684],[2.317355,48.883074]]]],"type":"MultiPolygon"},"properties":{"id_projet":"MATERNELLES (année scolaire 2026/2027)","libelle":"SAUSSURE (48) MAT","annee_scol":"2026-2027","zone_commune":0,"etiquette":"Secteur de l'école 48 SAUSSURE (48) MAT","lib_etab_1":"SAUSSURE (48) MAT","lib_etab_2":null,"lib_etab_3":null,"lib_etab_4":null,"adr_etab_1":"48 SAUSSURE (48) MAT","adr_etab_2":null,"adr_etab_3":null,"adr_etab_4":null,"type_etabl":"Maternelle","geo_point_2d":{"lon":2.31590676538552,"lat":48.88463922363547},"st_area_shape":91342.8716882825,"st_perimeter_shape":5501.83386941465}},{"type":"Feature","geometry":{"coordinates":[[[[2.300218,48.892229],[2.300611,48.892219],[2.298059,48.890425],[2.298025,48.889799],[2.297615,48.889496],[2.296355,48.890283],[2.297287,48.889913],[2.297449,48.890338],[2.298459,48.89096],[2.29803,48.891427],[2.299914,48.892343],[2.300218,48.892229]]],[[[2.295985,48.889289],[2.296097,48.889083],[2.29704,48.88928],[2.294851,48.88788],[2.293743,48.888835],[2.295319,48.889117],[2.296142,48.889601],[2.296047,48.890195],[2.296787,48.889663],[2.295985,48.889289]]],[[[2.295645,48.887529],[2.297062,48.887113],[2.295829,48.886739],[2.295166,48.887399],[2.295645,48.887529]]],[[[2.297705,48.887535],[2.296068,48.887915],[2.297191,48.888361],[2.297705,48.887535]]],[[[2.301611,48.891209],[2.29988,48.890193],[2.299569,48.890437],[2.301411,48.891588],[2.301611,48.891209]]],[[[2.298461,48.887669],[2.297999,48.887537],[2.297898,48.887846],[2.298834,48.88829],[2.299305,48.888164],[2.298461,48.887669]]],[[[2.299903,48.890101],[2.297677,48.889044],[2.299545,48.890302],[2.299903,48.890101]]],[[[2.298032,48.888131],[2.297679,48.88805],[2.297448,48.888569],[2.298535,48.888462],[2.298032,48.888131]]],[[[2.298946,48.887291],[2.299818,48.887805],[2.299694,48.88747],[2.298946,48.887291]]]],"type":"MultiPolygon"},"properties":{"id_projet":"MATERNELLES (année scolaire 2020/2021)","libelle":"REIMS (38-40) POLY","annee_scol":"2020-2021","zone_commune":0,"etiquette":"Secteur de l'école 38 BOULEVARD DE REIMS","lib_etab_1":"REIMS (38-40) POLY","lib_etab_2":null,"lib_etab_3":null,"lib_etab_4":null,"adr_etab_1":"38 BOULEVARD DE REIMS","adr_etab_2":null,"adr_etab_3":null,"adr_etab_4":null,"type_etabl":null,"geo_point_2d":{"lon":2.29751598861892,"lat":48.88929068163153},"st_area_shape":75127.32315800253,"st_perimeter_shape":4542.89179855214}},{"type":"Feature","geometry":{"coordinates":[[[[2.311288,48.890234],[2.312952,48.889278],[2.312924,48.887731],[2.310058,48.887889],[2.305226,48.887321],[2.305164,48.887555],[2.310878,48.888077],[2.30899,48.888806],[2.309432,48.88869],[2.311288,48.890234]]],[[[2.302051,48.887226],[2.302381,48.888035],[2.304054,48.88886],[2.304317,48.887617],[2.302051,48.887226]]],[[[2.308062,48.887002],[2.306558,48.886003],[2.305621,48.886741],[2.3064,48.88731],[2.307403,48.887435],[2.308062,48.887002]]],[[[2.308934,48.888624],[2.310153,48.88823],[2.307094,48.887931],[2.306605,48.888298],[2.306947,48.888569],[2.3065,48.888379],[2.307593,48.889073],[2.308934,48.888624]]],[[[2.299629,48.889604],[2.299799,48.889289],[2.300412,48.88932],[2.301009,48.88888],[2.299587,48.888264],[2.298165,48.888815],[2.299629,48.889604]]],[[[2.302834,48.888899],[2.301543,48.88722],[2.300958,48.887192],[2.302219,48.889007],[2.303686,48.889711],[2.302834,48.888899]]],[[[2.306582,48.887872],[2.304443,48.888949],[2.304173,48.889848],[2.306582,48.887872]]],[[[2.301828,48.886748],[2.299493,48.885971],[2.299276,48.886153],[2.302251,48.887109],[2.304212,48.887441],[2.304275,48.887207],[2.301828,48.886748]]],[[[2.310205,48.887351],[2.311273,48.887689],[2.309214,48.886371],[2.308767,48.886678],[2.310348,48.887749],[2.310724,48.887733],[2.310205,48.887351]]],[[[2.301606,48.888452],[2.300821,48.887359],[2.30002,48.887927],[2.301788,48.888806],[2.301606,48.888452]]],[[[2.31195,48.887269],[2.31138,48.886937],[2.310893,48.887124],[2.309564,48.886083],[2.30927,48.886306],[2.311346,48.887645],[2.31195,48.887269]]],[[[2.305209,48.887715],[2.304804,48.887742],[2.304508,48.888734],[2.306113,48.887843],[2.305209,48.887715]]],[[[2.308743,48.886491],[2.309359,48.886018],[2.307294,48.886239],[2.308309,48.886789],[2.308743,48.886491]]],[[[2.312774,48.887084],[2.311499,48.887699],[2.313528,48.887394],[2.312774,48.887084]]],[[[2.310028,48.88769],[2.308662,48.886787],[2.308294,48.887032],[2.309206,48.887657],[2.310028,48.88769]]],[[[2.297903,48.888945],[2.2997,48.890093],[2.300024,48.889948],[2.297903,48.888945]]],[[[2.302968,48.888514],[2.302649,48.888437],[2.302968,48.888802],[2.30389,48.889406],[2.303966,48.889035],[2.302968,48.888514]]],[[[2.308842,48.887606],[2.308189,48.887142],[2.307736,48.887452],[2.308842,48.887606]]],[[[2.305661,48.886925],[2.305269,48.887171],[2.30613,48.88725],[2.305661,48.886925]]],[[[2.300599,48.887048],[2.300402,48.886774],[2.300147,48.886902],[2.300599,48.887048]]]],"type":"MultiPolygon"},"properties":{"id_projet":"MATERNELLES (année scolaire 2021/2022)","libelle":"TAPISSERIES (8) MAT","annee_scol":"2021-2022","zone_commune":0,"etiquette":"Secteur de l'école 8 RUE DES TAPISSERIES","lib_etab_1":"TAPISSERIES (8) MAT","lib_etab_2":null,"lib_etab_3":null,"lib_etab_4":null,"adr_etab_1":"8 RUE DES TAPISSERIES","adr_etab_2":null,"adr_etab_3":null,"adr_etab_4":null,"type_etabl":"Maternelle","geo_point_2d":{"lon":2.3065270797977053,"lat":48.888067637782406},"st_area_shape":212254.5385270823,"st_perimeter_shape":10774.371079346754}},{"type":"Feature","geometry":{"coordinates":[[[[2.322017,48.885365],[2.323348,48.884258],[2.322489,48.884078],[2.320902,48.88503],[2.321639,48.885695],[2.322017,48.885365]]],[[[2.322893,48.88594],[2.323743,48.885391],[2.322858,48.884888],[2.321742,48.885756],[2.322372,48.886329],[2.322893,48.88594]]],[[[2.32402,48.885186],[2.324676,48.884781],[2.324051,48.884373],[2.323522,48.884288],[2.322867,48.884819],[2.323809,48.885346],[2.32402,48.885186]]],[[[2.324502,48.883868],[2.3234,48.883537],[2.322613,48.883996],[2.324433,48.884523],[2.324502,48.883868]]],[[[2.32087,48.885812],[2.321571,48.885753],[2.320803,48.88509],[2.320867,48.885369],[2.319979,48.885689],[2.320728,48.886204],[2.32087,48.885812]]],[[[2.321928,48.886552],[2.322302,48.886382],[2.321628,48.885828],[2.321696,48.886144],[2.321101,48.886574],[2.321403,48.886911],[2.321928,48.886552]]],[[[2.324586,48.883433],[2.325234,48.883274],[2.324192,48.883064],[2.32394,48.883574],[2.324928,48.883774],[2.324586,48.883433]]],[[[2.32142,48.883855],[2.320963,48.884106],[2.321313,48.884355],[2.321948,48.883994],[2.32142,48.883855]]],[[[2.323536,48.882931],[2.323233,48.882922],[2.322913,48.883609],[2.323883,48.883042],[2.323536,48.882931]]],[[[2.32409,48.883125],[2.32351,48.883484],[2.323876,48.883561],[2.32409,48.883125]]],[[[2.320324,48.886055],[2.32022,48.885984],[2.32012,48.885915],[2.319974,48.885814],[2.319843,48.885724],[2.319789,48.885801],[2.319814,48.88582],[2.319861,48.885856],[2.319891,48.885879],[2.319883,48.885884],[2.319914,48.885906],[2.31999,48.885961],[2.32001,48.885975],[2.320024,48.885987],[2.320088,48.886039],[2.3201,48.886048],[2.32011,48.886043],[2.320128,48.886034],[2.320142,48.886048],[2.320158,48.886063],[2.320323,48.886061],[2.320324,48.886055]]],[[[2.320656,48.886286],[2.320508,48.886182],[2.320473,48.886205],[2.320507,48.886231],[2.320505,48.886232],[2.320462,48.886253],[2.320457,48.886256],[2.320452,48.886258],[2.320422,48.886273],[2.320428,48.886278],[2.320454,48.886298],[2.320455,48.886298],[2.320656,48.886286]]]],"type":"MultiPolygon"},"properties":{"id_projet":"MATERNELLES (année scolaire 2021/2022)","libelle":"TRUFFAUT (15) POLY","annee_scol":"2021-2022","zone_commune":0,"etiquette":"Secteur de l'école 15 RUE TRUFFAUT","lib_etab_1":"TRUFFAUT (15) POLY","lib_etab_2":null,"lib_etab_3":null,"lib_etab_4":null,"adr_etab_1":"15 RUE TRUFFAUT","adr_etab_2":null,"adr_etab_3":null,"adr_etab_4":null,"type_etabl":"Maternelle","geo_point_2d":{"lon":2.3226684969788245,"lat":48.884843825409014},"st_area_shape":60939.87532267597,"st_perimeter_shape":3657.600974767783}},{"type":"Feature","geometry":{"coordinates":[[[[2.288008,48.882515],[2.289092,48.881534],[2.286841,48.880516],[2.285737,48.881096],[2.286946,48.881814],[2.286466,48.882234],[2.287356,48.882312],[2.28713,48.882539],[2.287627,48.882859],[2.288008,48.882515]],[[2.287382,48.882377],[2.287653,48.882173],[2.287287,48.881934],[2.287836,48.88146],[2.287372,48.881922],[2.287685,48.882151],[2.288385,48.881782],[2.287382,48.882377]],[[2.286723,48.880826],[2.286351,48.881175],[2.28617,48.880977],[2.286723,48.880826]]],[[[2.286426,48.881672],[2.285987,48.881442],[2.286357,48.882112],[2.286682,48.881875],[2.286426,48.881672]]],[[[2.295623,48.882645],[2.295619,48.882644],[2.295579,48.882681],[2.295582,48.882682],[2.295583,48.882681],[2.295623,48.882645]]],[[[2.291826,48.882295],[2.291289,48.88261],[2.292048,48.882996],[2.292422,48.882617],[2.291826,48.882295]]],[[[2.290794,48.882814],[2.291571,48.882161],[2.290678,48.882161],[2.289998,48.881778],[2.289719,48.881169],[2.28863,48.882134],[2.290468,48.883106],[2.290794,48.882814]]],[[[2.288659,48.882989],[2.289175,48.882628],[2.288665,48.882298],[2.2877,48.882976],[2.288237,48.883294],[2.288659,48.882989]]],[[[2.292768,48.882805],[2.292179,48.883091],[2.29299,48.883505],[2.293366,48.883129],[2.292768,48.882805]]],[[[2.289754,48.882848],[2.289312,48.88269],[2.288365,48.883384],[2.288776,48.883619],[2.289754,48.882848]]],[[[2.291353,48.882783],[2.290866,48.882914],[2.291001,48.883921],[2.29286,48.883624],[2.291353,48.882783]]],[[[2.290322,48.883141],[2.289895,48.882982],[2.288897,48.883694],[2.289385,48.883994],[2.290322,48.883141]]],[[[2.290765,48.883476],[2.290669,48.883077],[2.289549,48.884003],[2.290743,48.88394],[2.290765,48.883476]]],[[[2.29465,48.884129],[2.294874,48.883946],[2.293515,48.88321],[2.293012,48.883655],[2.294367,48.884347],[2.29465,48.884129]]],[[[2.296609,48.884518],[2.29355,48.883072],[2.296494,48.884694],[2.296609,48.884518]]],[[[2.295268,48.884158],[2.294984,48.884046],[2.294524,48.884422],[2.295725,48.884988],[2.296422,48.884909],[2.295268,48.884158]]],[[[2.290881,48.884973],[2.290801,48.884076],[2.289608,48.884132],[2.290777,48.884555],[2.290881,48.884973]]],[[[2.291664,48.884579],[2.292456,48.883921],[2.290964,48.884062],[2.291029,48.885025],[2.291664,48.884579]]],[[[2.292271,48.885039],[2.293478,48.884038],[2.292866,48.883773],[2.291137,48.88513],[2.291861,48.884844],[2.291576,48.885071],[2.29173,48.885474],[2.292271,48.885039]]]],"type":"MultiPolygon"},"properties":{"id_projet":"MATERNELLES (année scolaire 2023/2024)","libelle":"BAYEN (56) MAT","annee_scol":"2023-2024","zone_commune":0,"etiquette":"Secteur de l'école 56 RUE BAYEN","lib_etab_1":"BAYEN (56) MAT","lib_etab_2":null,"lib_etab_3":null,"lib_etab_4":null,"adr_etab_1":"56 RUE BAYEN","adr_etab_2":null,"adr_etab_3":null,"adr_etab_4":null,"type_etabl":"Maternelle","geo_point_2d":{"lon":2.2906911899209574,"lat":48.88304258667266},"st_area_shape":125285.00518987248,"st_perimeter_shape":7287.4154197371}},{"type":"Feature","geometry":{"coordinates":[[[[2.311288,48.890234],[2.309461,48.888835],[2.30899,48.888806],[2.304851,48.890265],[2.308352,48.892175],[2.311288,48.890234]]],[[[2.301599,48.88916],[2.301253,48.889073],[2.300954,48.889413],[2.301716,48.889507],[2.301599,48.88916]]],[[[2.300564,48.889396],[2.301031,48.888969],[2.300786,48.888969],[2.299629,48.889604],[2.30015,48.889775],[2.300564,48.889396]]],[[[2.302172,48.889433],[2.302004,48.889876],[2.302752,48.889708],[2.302172,48.889433]]],[[[2.301806,48.889984],[2.301782,48.889612],[2.301197,48.889629],[2.301222,48.890006],[2.301806,48.889984]]],[[[2.305115,48.889906],[2.307593,48.889073],[2.306497,48.888379],[2.304367,48.88997],[2.305115,48.889906]]],[[[2.301032,48.889603],[2.300796,48.889491],[2.300405,48.889976],[2.300896,48.890208],[2.301032,48.889603]]],[[[2.302587,48.890345],[2.302562,48.889967],[2.302011,48.889984],[2.302036,48.890361],[2.302587,48.890345]]],[[[2.302999,48.889825],[2.302723,48.889937],[2.302967,48.890476],[2.303443,48.890119],[2.302999,48.889825]]],[[[2.301814,48.890103],[2.301028,48.890271],[2.30177,48.89062],[2.301814,48.890103]]],[[[2.302856,48.89056],[2.302048,48.890469],[2.302061,48.890757],[2.302856,48.89056]]],[[[2.302016,48.890936],[2.300162,48.889994],[2.29988,48.890193],[2.301611,48.891209],[2.301462,48.891585],[2.302016,48.890936]]],[[[2.300456,48.892186],[2.299914,48.892343],[2.300345,48.892547],[2.300456,48.892186]]]],"type":"MultiPolygon"},"properties":{"id_projet":"MATERNELLES (année scolaire 2023/2024)","libelle":"CHRISTINE DE PISAN (24) MAT","annee_scol":"2023-2024","zone_commune":0,"etiquette":"Secteur de l'école 24 RUE CHRISTINE DE PISAN","lib_etab_1":"CHRISTINE DE PISAN (24) MAT","lib_etab_2":null,"lib_etab_3":null,"lib_etab_4":null,"adr_etab_1":"24 RUE CHRISTINE DE PISAN","adr_etab_2":null,"adr_etab_3":null,"adr_etab_4":null,"type_etabl":"Maternelle","geo_point_2d":{"lon":2.306541752594455,"lat":48.890204501402124},"st_area_shape":135746.96568336032,"st_perimeter_shape":4390.809254366876}},{"type":"Feature","geometry":{"coordinates":[[[2.309334,48.893977],[2.311406,48.894318],[2.311824,48.894],[2.312516,48.894646],[2.31238,48.894177],[2.308241,48.89233],[2.307101,48.893006],[2.30616,48.892494],[2.30725,48.89185],[2.304286,48.890453],[2.301878,48.891874],[2.30425,48.89336],[2.304006,48.893535],[2.303626,48.893762],[2.301139,48.892541],[2.30081,48.892686],[2.305675,48.895069],[2.304618,48.894383],[2.305196,48.893949],[2.307219,48.895146],[2.309696,48.895969],[2.310175,48.895992],[2.309742,48.895677],[2.310272,48.894346],[2.309334,48.893977]]],"type":"Polygon"},"properties":{"id_projet":"MATERNELLES (année scolaire 2020/2021)","libelle":"MARGUERITE LONG (5) POLY","annee_scol":"2020-2021","zone_commune":0,"etiquette":"Secteur de l'école 5 RUE MARGUERITE LONG","lib_etab_1":"MARGUERITE LONG (5) POLY","lib_etab_2":null,"lib_etab_3":null,"lib_etab_4":null,"adr_etab_1":"5 RUE MARGUERITE LONG","adr_etab_2":null,"adr_etab_3":null,"adr_etab_4":null,"type_etabl":null,"geo_point_2d":{"lon":2.306440024684022,"lat":48.89322396168593},"st_area_shape":191968.7715691214,"st_perimeter_shape":3486.6586587929455}},{"type":"Feature","geometry":{"coordinates":[[[2.309334,48.893977],[2.311406,48.894318],[2.311824,48.894],[2.312516,48.894646],[2.31238,48.894177],[2.308241,48.89233],[2.307101,48.893006],[2.30616,48.892494],[2.30725,48.89185],[2.304286,48.890453],[2.301878,48.891874],[2.30425,48.89336],[2.304006,48.893535],[2.303626,48.893762],[2.301139,48.892541],[2.30081,48.892686],[2.305675,48.895069],[2.304618,48.894383],[2.305196,48.893949],[2.307219,48.895146],[2.309696,48.895969],[2.310175,48.895992],[2.309742,48.895677],[2.310272,48.894346],[2.309334,48.893977]]],"type":"Polygon"},"properties":{"id_projet":"MATERNELLES (année scolaire 2021/2022)","libelle":"MARGUERITE LONG (5) POLY","annee_scol":"2021-2022","zone_commune":0,"etiquette":"Secteur de l'école 5 RUE MARGUERITE LONG","lib_etab_1":"MARGUERITE LONG (5) POLY","lib_etab_2":null,"lib_etab_3":null,"lib_etab_4":null,"adr_etab_1":"5 RUE MARGUERITE LONG","adr_etab_2":null,"adr_etab_3":null,"adr_etab_4":null,"type_etabl":"Maternelle","geo_point_2d":{"lon":2.306440024684022,"lat":48.89322396168593},"st_area_shape":191968.7715691214,"st_perimeter_shape":3486.6586587929455}},{"type":"Feature","geometry":{"coordinates":[[[[2.323063,48.888795],[2.323464,48.888547],[2.322685,48.888007],[2.3219,48.888342],[2.322613,48.887972],[2.322126,48.887587],[2.321175,48.888114],[2.322662,48.889002],[2.323063,48.888795]]],[[[2.321358,48.887889],[2.32212,48.887443],[2.321588,48.887327],[2.322401,48.887007],[2.322368,48.88644],[2.320314,48.88764],[2.321037,48.888054],[2.321358,48.887889]]],[[[2.32234,48.888957],[2.321466,48.888447],[2.320683,48.888889],[2.321379,48.888896],[2.321727,48.889156],[2.32164,48.88959],[2.322535,48.889099],[2.32234,48.888957]]],[[[2.320302,48.887504],[2.32133,48.886743],[2.321101,48.886574],[2.320795,48.886918],[2.319513,48.887171],[2.320302,48.887504]]],[[[2.320891,48.888139],[2.320239,48.887735],[2.319832,48.888115],[2.320277,48.8882],[2.32023,48.888525],[2.320891,48.888139]]],[[[2.320948,48.888634],[2.321349,48.888396],[2.321022,48.888205],[2.320315,48.88862],[2.320948,48.888634]]],[[[2.319903,48.887541],[2.31977,48.887464],[2.31962,48.887377],[2.319411,48.887256],[2.319364,48.887358],[2.319414,48.887394],[2.31943,48.887406],[2.319432,48.887407],[2.319446,48.887418],[2.319479,48.887443],[2.319481,48.887441],[2.319535,48.887416],[2.319562,48.887443],[2.319618,48.887501],[2.319643,48.887527],[2.319661,48.887518],[2.319783,48.887629],[2.319781,48.88763],[2.320045,48.887654],[2.320048,48.887652],[2.320048,48.887625],[2.319903,48.887541]]]],"type":"MultiPolygon"},"properties":{"id_projet":"MATERNELLES (année scolaire 2022/2023)","libelle":"LECOMTE (6) POLY","annee_scol":"2022-2023","zone_commune":0,"etiquette":"Secteur de l'école 6 RUE LECOMTE","lib_etab_1":"LECOMTE (6) POLY","lib_etab_2":null,"lib_etab_3":null,"lib_etab_4":null,"adr_etab_1":"6 RUE LECOMTE","adr_etab_2":null,"adr_etab_3":null,"adr_etab_4":null,"type_etabl":"Maternelle","geo_point_2d":{"lon":2.3214990714241117,"lat":48.88799472669927},"st_area_shape":39356.785510641676,"st_perimeter_shape":2742.0573600614307}},{"type":"Feature","geometry":{"coordinates":[[[2.309334,48.893977],[2.311406,48.894318],[2.311824,48.894],[2.312516,48.894646],[2.31238,48.894177],[2.308241,48.89233],[2.307101,48.893006],[2.30616,48.892494],[2.30725,48.89185],[2.304286,48.890453],[2.301878,48.891874],[2.30425,48.89336],[2.304006,48.893535],[2.303626,48.893762],[2.301139,48.892541],[2.30081,48.892686],[2.305675,48.895069],[2.304618,48.894383],[2.305196,48.893949],[2.307219,48.895146],[2.309696,48.895969],[2.310175,48.895992],[2.309742,48.895677],[2.310272,48.894346],[2.309334,48.893977]]],"type":"Polygon"},"properties":{"id_projet":"MATERNELLES (année scolaire 2022/2023)","libelle":"MARGUERITE LONG (5) POLY","annee_scol":"2022-2023","zone_commune":0,"etiquette":"Secteur de l'école 5 RUE MARGUERITE LONG","lib_etab_1":"MARGUERITE LONG (5) POLY","lib_etab_2":null,"lib_etab_3":null,"lib_etab_4":null,"adr_etab_1":"5 RUE MARGUERITE LONG","adr_etab_2":null,"adr_etab_3":null,"adr_etab_4":null,"type_etabl":"Maternelle","geo_point_2d":{"lon":2.306440024684022,"lat":48.89322396168593},"st_area_shape":191968.7715691214,"st_perimeter_shape":3486.6586587929455}},{"type":"Feature","geometry":{"coordinates":[[[[2.306838,48.885315],[2.303699,48.88537],[2.304939,48.88687],[2.306838,48.885315]]],[[[2.305596,48.881623],[2.305592,48.881621],[2.305594,48.881624],[2.305596,48.881623]]],[[[2.311256,48.880857],[2.30992,48.880738],[2.31122,48.881696],[2.312069,48.881034],[2.311256,48.880857]]],[[[2.312842,48.881048],[2.312363,48.881254],[2.31343,48.881836],[2.315225,48.881362],[2.312842,48.881048]]],[[[2.308882,48.880651],[2.306587,48.881458],[2.307668,48.882012],[2.308882,48.880651]]],[[[2.310387,48.882107],[2.311001,48.881803],[2.309297,48.880718],[2.310387,48.882107]]],[[[2.313222,48.881839],[2.312279,48.881324],[2.311538,48.881899],[2.311835,48.882175],[2.313222,48.881839]],[[2.312267,48.881766],[2.312382,48.881676],[2.312424,48.881699],[2.312334,48.881768],[2.31226,48.881825],[2.312217,48.881806],[2.312267,48.881766]]],[[[2.30894,48.880992],[2.307795,48.882081],[2.308821,48.882651],[2.30894,48.880992]]],[[[2.309446,48.88125],[2.309158,48.880997],[2.309111,48.882684],[2.310214,48.882162],[2.309446,48.88125]]],[[[2.306567,48.88159],[2.305842,48.881776],[2.308226,48.882928],[2.308794,48.882821],[2.306567,48.88159]]],[[[2.307347,48.883128],[2.307965,48.882938],[2.30568,48.881831],[2.304782,48.882179],[2.307347,48.883128]]],[[[2.306025,48.883408],[2.306935,48.88319],[2.305567,48.882554],[2.305223,48.882847],[2.306025,48.883408]]],[[[2.304763,48.883492],[2.305781,48.883435],[2.304937,48.882915],[2.305375,48.882501],[2.304519,48.88229],[2.304558,48.883588],[2.304763,48.883492]]],[[[2.309138,48.883248],[2.307676,48.88341],[2.308609,48.883867],[2.309138,48.883248]]],[[[2.30774,48.884577],[2.308465,48.883954],[2.307393,48.883436],[2.306133,48.883668],[2.30774,48.884577]]],[[[2.306077,48.883809],[2.305153,48.883918],[2.307138,48.885019],[2.307601,48.884691],[2.306077,48.883809]]],[[[2.305751,48.884485],[2.304943,48.884078],[2.303618,48.885114],[2.306656,48.885098],[2.305751,48.884485]]],[[[2.30833,48.884851],[2.308069,48.884737],[2.307538,48.885227],[2.30803,48.885363],[2.30833,48.884851]]],[[[2.308908,48.885371],[2.309296,48.885103],[2.308807,48.884861],[2.308186,48.885405],[2.308908,48.885371]]],[[[2.307474,48.885407],[2.306661,48.885905],[2.307186,48.886179],[2.307878,48.885597],[2.307474,48.885407]]],[[[2.308004,48.886228],[2.308072,48.885595],[2.307294,48.886239],[2.308004,48.886228]]]],"type":"MultiPolygon"},"properties":{"id_projet":"MATERNELLES (année scolaire 2025/2026)","libelle":"AMPERE (18) MAT","annee_scol":"2025-2026","zone_commune":0,"etiquette":"Secteur de l'école 18 RUE AMPERE","lib_etab_1":"AMPERE (18) MAT","lib_etab_2":null,"lib_etab_3":null,"lib_etab_4":null,"adr_etab_1":"18 RUE AMPERE","adr_etab_2":null,"adr_etab_3":null,"adr_etab_4":null,"type_etabl":"Maternelle","geo_point_2d":{"lon":2.307692947842664,"lat":48.883235498347055},"st_area_shape":167484.33924344022,"st_perimeter_shape":8333.4591559752}},{"type":"Feature","geometry":{"coordinates":[[[[2.297045,48.889452],[2.294851,48.88788],[2.293743,48.888835],[2.295319,48.889117],[2.296142,48.889601],[2.296047,48.890195],[2.297045,48.889452]]],[[[2.298032,48.888131],[2.297679,48.88805],[2.297448,48.888569],[2.298535,48.888462],[2.298032,48.888131]]],[[[2.299903,48.890101],[2.297677,48.889044],[2.299545,48.890302],[2.299903,48.890101]]],[[[2.298461,48.887669],[2.297999,48.887537],[2.297898,48.887846],[2.298834,48.88829],[2.299305,48.888164],[2.298461,48.887669]]],[[[2.301611,48.891209],[2.29988,48.890193],[2.299569,48.890437],[2.301411,48.891588],[2.301611,48.891209]]],[[[2.297705,48.887535],[2.296068,48.887915],[2.297191,48.888361],[2.297705,48.887535]]],[[[2.295645,48.887529],[2.297062,48.887113],[2.295829,48.886739],[2.295166,48.887399],[2.295645,48.887529]]],[[[2.298059,48.890425],[2.298025,48.889799],[2.297489,48.889466],[2.29636,48.89031],[2.297287,48.889913],[2.297449,48.890338],[2.298459,48.89096],[2.29803,48.891427],[2.300345,48.892547],[2.300617,48.892334],[2.298059,48.890425]]]],"type":"MultiPolygon"},"properties":{"id_projet":"MATERNELLES (année scolaire 2026/2027)","libelle":"REIMS (38-40) POLY","annee_scol":"2026-2027","zone_commune":0,"etiquette":"Secteur de l'école 38 REIMS (38-40) POLY","lib_etab_1":"REIMS (38-40) POLY","lib_etab_2":null,"lib_etab_3":null,"lib_etab_4":null,"adr_etab_1":"38 REIMS (38-40) POLY","adr_etab_2":null,"adr_etab_3":null,"adr_etab_4":null,"type_etabl":"Maternelle","geo_point_2d":{"lon":2.2974668413282053,"lat":48.88938515388689},"st_area_shape":76840.82192007129,"st_perimeter_shape":4119.5108804950905}},{"type":"Feature","geometry":{"coordinates":[[[[2.295219,48.883621],[2.2962,48.882981],[2.295235,48.881636],[2.29459,48.882191],[2.295583,48.882681],[2.29455,48.882228],[2.293857,48.882863],[2.295219,48.883621]]],[[[2.298784,48.878387],[2.299468,48.87956],[2.300606,48.878858],[2.298784,48.878387]]],[[[2.303822,48.879468],[2.304582,48.879969],[2.304802,48.879699],[2.303822,48.879468]]],[[[2.298912,48.879418],[2.298309,48.878597],[2.297433,48.878094],[2.295815,48.878447],[2.29883,48.879976],[2.299164,48.879764],[2.298912,48.879418]]],[[[2.29749,48.879931],[2.297557,48.879875],[2.297566,48.87988],[2.297596,48.879855],[2.297598,48.879853],[2.2976,48.879854],[2.297634,48.879825],[2.297671,48.879795],[2.297798,48.879694],[2.297808,48.879685],[2.297836,48.879662],[2.297917,48.8796],[2.297922,48.879602],[2.297929,48.879597],[2.2978,48.879526],[2.297668,48.879623],[2.297461,48.879778],[2.29734,48.879868],[2.29726,48.879928],[2.297258,48.879929],[2.297257,48.879929],[2.297135,48.88002],[2.297216,48.880063],[2.297237,48.880075],[2.297294,48.880105],[2.297412,48.880008],[2.297488,48.879946],[2.2975,48.879936],[2.29749,48.879931]]],[[[2.301135,48.879249],[2.30147,48.878964],[2.300818,48.878848],[2.299559,48.879681],[2.299934,48.880148],[2.301135,48.879249]]],[[[2.303222,48.87994],[2.303594,48.879607],[2.303071,48.879367],[2.302364,48.880072],[2.302833,48.880298],[2.303222,48.87994]]],[[[2.299252,48.879885],[2.29898,48.880057],[2.299573,48.880326],[2.299252,48.879885]]],[[[2.297083,48.879201],[2.295794,48.880136],[2.296473,48.880377],[2.297697,48.879467],[2.297083,48.879201]]],[[[2.302128,48.879105],[2.301677,48.879034],[2.300026,48.880269],[2.300344,48.880763],[2.302128,48.879105]]],[[[2.297901,48.880598],[2.298734,48.880063],[2.297954,48.87961],[2.296584,48.880431],[2.297506,48.880829],[2.297901,48.880598]]],[[[2.3052,48.879764],[2.30474,48.880049],[2.306793,48.881087],[2.308313,48.880475],[2.3052,48.879764]]],[[[2.295863,48.880269],[2.295357,48.880481],[2.295645,48.881049],[2.296336,48.880484],[2.295863,48.880269]]],[[[2.302815,48.879251],[2.30234,48.879178],[2.300532,48.880914],[2.300972,48.881131],[2.302815,48.879251]]],[[[2.298707,48.881122],[2.299528,48.880476],[2.298838,48.88012],[2.297714,48.880858],[2.298707,48.881122]]],[[[2.300646,48.881099],[2.300641,48.881098],[2.300637,48.881099],[2.300632,48.881099],[2.300627,48.8811],[2.300622,48.881102],[2.300619,48.881103],[2.300617,48.881105],[2.300615,48.881107],[2.300612,48.88111],[2.300611,48.881112],[2.300609,48.881116],[2.300608,48.881118],[2.300608,48.881122],[2.300608,48.881124],[2.300609,48.881127],[2.300611,48.88113],[2.300745,48.881314],[2.300786,48.881316],[2.300864,48.881239],[2.300858,48.881212],[2.300662,48.881103],[2.300657,48.881101],[2.300655,48.881101],[2.300652,48.8811],[2.300646,48.881099]]],[[[2.302399,48.880245],[2.301278,48.881252],[2.301622,48.881343],[2.3027,48.880414],[2.302399,48.880245]]],[[[2.30588,48.880925],[2.303753,48.879687],[2.302945,48.880351],[2.305174,48.881453],[2.30588,48.880925]]],[[[2.299784,48.880618],[2.298712,48.881288],[2.299652,48.881447],[2.300068,48.88106],[2.299784,48.880618]]],[[[2.30301,48.88054],[2.301768,48.881401],[2.303538,48.880822],[2.30301,48.88054]]],[[[2.298167,48.881526],[2.29842,48.881306],[2.297569,48.88096],[2.297276,48.881125],[2.298167,48.881526]]],[[[2.305589,48.88162],[2.306633,48.881141],[2.30611,48.880901],[2.305384,48.881531],[2.305589,48.88162]]],[[[2.30021,48.881202],[2.299868,48.881517],[2.300483,48.88162],[2.30021,48.881202]]],[[[2.303727,48.880886],[2.302311,48.881549],[2.302935,48.881701],[2.303727,48.880886]]],[[[2.296727,48.881354],[2.297399,48.880891],[2.296495,48.880525],[2.295722,48.881179],[2.296249,48.881231],[2.295792,48.881333],[2.296017,48.881778],[2.296727,48.881354]]],[[[2.304155,48.881093],[2.303107,48.881766],[2.304378,48.882112],[2.30536,48.881723],[2.304155,48.881093]]],[[[2.297256,48.881206],[2.296099,48.881912],[2.297068,48.882351],[2.29809,48.881586],[2.297256,48.881206]]],[[[2.304177,48.882175],[2.30112,48.88134],[2.300901,48.881529],[2.302962,48.882705],[2.304177,48.882175]]],[[[2.296268,48.882125],[2.296506,48.882736],[2.296921,48.88246],[2.296268,48.882125]]],[[[2.299164,48.881902],[2.299466,48.881578],[2.2985,48.881413],[2.297185,48.882428],[2.298141,48.882855],[2.299164,48.881902]]],[[[2.301679,48.882225],[2.301331,48.882119],[2.302029,48.883076],[2.302707,48.882844],[2.301679,48.882225]]],[[[2.297191,48.882563],[2.296585,48.882847],[2.296681,48.88308],[2.297191,48.882563]]],[[[2.3,48.881684],[2.299685,48.881649],[2.298313,48.88296],[2.298886,48.883206],[2.300327,48.881773],[2.3,48.881684]]],[[[2.300388,48.883381],[2.30101,48.8823],[2.300667,48.88183],[2.299495,48.882925],[2.300215,48.883257],[2.299405,48.883015],[2.299107,48.883311],[2.30009,48.883797],[2.300388,48.883381]]],[[[2.297638,48.882774],[2.296765,48.883243],[2.29733,48.884352],[2.297681,48.884406],[2.298762,48.88332],[2.297638,48.882774]]],[[[2.296269,48.883119],[2.295442,48.883753],[2.296928,48.884409],[2.296269,48.883119]]]],"type":"MultiPolygon"},"properties":{"id_projet":"MATERNELLES (année scolaire 2024/2025)","libelle":"RENAUDES (31) MAT","annee_scol":"2024-2025","zone_commune":0,"etiquette":"Secteur de l'école 31 RUE DES RENAUDES","lib_etab_1":"RENAUDES (31) MAT","lib_etab_2":null,"lib_etab_3":null,"lib_etab_4":null,"adr_etab_1":"31 RUE DES RENAUDES","adr_etab_2":null,"adr_etab_3":null,"adr_etab_4":null,"type_etabl":"Maternelle","geo_point_2d":{"lon":2.300005631260786,"lat":48.881161394659046},"st_area_shape":286571.8384018016,"st_perimeter_shape":13871.78175922626}},{"type":"Feature","geometry":{"coordinates":[[[[2.320302,48.887504],[2.322302,48.886382],[2.321624,48.885828],[2.320697,48.886406],[2.321011,48.886623],[2.320524,48.886939],[2.319513,48.887171],[2.320302,48.887504]]],[[[2.320324,48.886055],[2.32022,48.885984],[2.32012,48.885915],[2.319974,48.885814],[2.319843,48.885724],[2.319789,48.885801],[2.319814,48.88582],[2.319861,48.885856],[2.319891,48.885879],[2.319883,48.885884],[2.319914,48.885906],[2.31999,48.885961],[2.32001,48.885975],[2.320024,48.885987],[2.320088,48.886039],[2.3201,48.886048],[2.32011,48.886043],[2.320128,48.886034],[2.320142,48.886048],[2.320158,48.886063],[2.320165,48.886069],[2.320168,48.886072],[2.32032,48.886082],[2.320323,48.886061],[2.320324,48.886055]]],[[[2.321396,48.885846],[2.320803,48.88509],[2.319899,48.885633],[2.320752,48.88622],[2.321396,48.885846]]],[[[2.320448,48.88614],[2.320407,48.886138],[2.320422,48.886273],[2.320428,48.886278],[2.320454,48.886298],[2.320455,48.886298],[2.320656,48.886286],[2.320508,48.886182],[2.320448,48.88614]]],[[[2.319903,48.887541],[2.31977,48.887464],[2.31962,48.887377],[2.319411,48.887256],[2.319364,48.887358],[2.319414,48.887394],[2.31943,48.887406],[2.319432,48.887407],[2.319446,48.887418],[2.319479,48.887443],[2.319481,48.887441],[2.319535,48.887416],[2.319562,48.887443],[2.319618,48.887501],[2.319643,48.887527],[2.319661,48.887518],[2.319783,48.887629],[2.319781,48.88763],[2.320045,48.887654],[2.320048,48.887652],[2.320048,48.887625],[2.319903,48.887541]]],[[[2.321358,48.887889],[2.322671,48.886829],[2.322368,48.88644],[2.320314,48.88764],[2.321037,48.888054],[2.321358,48.887889]]],[[[2.321941,48.888376],[2.3219,48.888342],[2.321898,48.888344],[2.32191,48.888354],[2.321938,48.888378],[2.321941,48.888376]]],[[[2.320891,48.888139],[2.320239,48.887735],[2.319832,48.888115],[2.320277,48.8882],[2.32023,48.888525],[2.320891,48.888139]]],[[[2.320948,48.888634],[2.321349,48.888396],[2.321022,48.888205],[2.320315,48.88862],[2.320948,48.888634]]],[[[2.322971,48.888848],[2.322294,48.888342],[2.321784,48.888375],[2.322126,48.887587],[2.321175,48.888114],[2.322662,48.889002],[2.322971,48.888848]]],[[[2.32225,48.889099],[2.322535,48.889072],[2.321466,48.888447],[2.320683,48.888889],[2.321379,48.888896],[2.321891,48.889273],[2.32225,48.889099]]]],"type":"MultiPolygon"},"properties":{"id_projet":"MATERNELLES (année scolaire 2024/2025)","libelle":"LECOMTE (6) POLY","annee_scol":"2024-2025","zone_commune":0,"etiquette":"Secteur de l'école 6 RUE LECOMTE","lib_etab_1":"LECOMTE (6) POLY","lib_etab_2":null,"lib_etab_3":null,"lib_etab_4":null,"adr_etab_1":"6 RUE LECOMTE","adr_etab_2":null,"adr_etab_3":null,"adr_etab_4":null,"type_etabl":"Maternelle","geo_point_2d":{"lon":2.3212146748406965,"lat":48.88724722323703},"st_area_shape":47776.360384202686,"st_perimeter_shape":3266.561869447894}},{"type":"Feature","geometry":{"coordinates":[[[[2.297045,48.889452],[2.294851,48.88788],[2.293743,48.888835],[2.295319,48.889117],[2.296142,48.889601],[2.296047,48.890195],[2.297045,48.889452]]],[[[2.295645,48.887529],[2.297062,48.887113],[2.295829,48.886739],[2.295166,48.887399],[2.295645,48.887529]]],[[[2.298461,48.887669],[2.297999,48.887537],[2.297898,48.887846],[2.298834,48.88829],[2.299305,48.888164],[2.298461,48.887669]]],[[[2.297705,48.887535],[2.296068,48.887915],[2.297191,48.888361],[2.297705,48.887535]]],[[[2.298032,48.888131],[2.297679,48.88805],[2.297448,48.888569],[2.298535,48.888462],[2.298032,48.888131]]],[[[2.299903,48.890101],[2.297677,48.889044],[2.299545,48.890302],[2.299903,48.890101]]],[[[2.301611,48.891209],[2.29988,48.890193],[2.299569,48.890437],[2.301411,48.891588],[2.301611,48.891209]]],[[[2.298059,48.890425],[2.298025,48.889799],[2.297489,48.889466],[2.29636,48.89031],[2.297287,48.889913],[2.297449,48.890338],[2.298459,48.89096],[2.29803,48.891427],[2.300345,48.892547],[2.300617,48.892334],[2.298059,48.890425]]]],"type":"MultiPolygon"},"properties":{"id_projet":"MATERNELLES (année scolaire 2025/2026)","libelle":"REIMS (38-40) POLY","annee_scol":"2025-2026","zone_commune":0,"etiquette":"Secteur de l'école 38 BOULEVARD DE REIMS","lib_etab_1":"REIMS (38-40) POLY","lib_etab_2":null,"lib_etab_3":null,"lib_etab_4":null,"adr_etab_1":"38 BOULEVARD DE REIMS","adr_etab_2":null,"adr_etab_3":null,"adr_etab_4":null,"type_etabl":"Maternelle","geo_point_2d":{"lon":2.297466841328206,"lat":48.88938515388689},"st_area_shape":76840.82192007129,"st_perimeter_shape":4119.5108804950905}},{"type":"Feature","geometry":{"coordinates":[[[[2.325474,48.887377],[2.325737,48.886716],[2.32436,48.886152],[2.323704,48.886571],[2.325134,48.887222],[2.323691,48.88658],[2.32312,48.886967],[2.324536,48.887921],[2.325474,48.887377]]],[[[2.32583,48.885537],[2.325423,48.885272],[2.325034,48.885614],[2.326001,48.886188],[2.326205,48.885801],[2.32583,48.885537]]],[[[2.325668,48.886085],[2.324955,48.885658],[2.324402,48.886104],[2.325765,48.886664],[2.325668,48.886085]]],[[[2.323329,48.886693],[2.325339,48.885216],[2.324768,48.884841],[2.322465,48.886379],[2.323042,48.886912],[2.323329,48.886693]]],[[[2.322494,48.887225],[2.32294,48.886939],[2.322395,48.886463],[2.322671,48.886829],[2.32192,48.887296],[2.322494,48.887225]]],[[[2.323058,48.887042],[2.322247,48.887515],[2.323553,48.888495],[2.324457,48.887992],[2.323058,48.887042]]],[[[2.325185,48.888768],[2.325769,48.888534],[2.325494,48.887714],[2.324338,48.888333],[2.325185,48.888768]]],[[[2.323464,48.888547],[2.322685,48.888007],[2.321938,48.888378],[2.322613,48.887972],[2.322126,48.887587],[2.321674,48.888155],[2.322971,48.888848],[2.323464,48.888547]]],[[[2.324017,48.888894],[2.324541,48.888645],[2.324204,48.888412],[2.32349,48.888823],[2.324017,48.888894]]],[[[2.322535,48.889099],[2.322535,48.889072],[2.322296,48.889083],[2.322278,48.889082],[2.32225,48.889099],[2.321891,48.889273],[2.321729,48.889372],[2.321631,48.889583],[2.32164,48.88959],[2.32168,48.889591],[2.321871,48.889481],[2.321953,48.889434],[2.322036,48.889387],[2.322205,48.889289],[2.322206,48.889288],[2.322278,48.889247],[2.322403,48.889175],[2.322535,48.889099],[2.322535,48.889099]]],[[[2.325968,48.889131],[2.325765,48.888609],[2.323825,48.889099],[2.325191,48.890102],[2.32618,48.889758],[2.325968,48.889131]]],[[[2.326226,48.889895],[2.325196,48.890133],[2.326017,48.890724],[2.326452,48.890567],[2.326226,48.889895]]],[[[2.325469,48.890476],[2.32338,48.888907],[2.322927,48.889149],[2.325227,48.890958],[2.325833,48.890782],[2.325469,48.890476]]],[[[2.322787,48.889242],[2.322492,48.889424],[2.324711,48.891123],[2.325051,48.891023],[2.322787,48.889242]]],[[[2.324582,48.89116],[2.32239,48.889484],[2.321893,48.889743],[2.324025,48.891169],[2.324582,48.89116]]]],"type":"MultiPolygon"},"properties":{"id_projet":"MATERNELLES (année scolaire 2025/2026)","libelle":"DAUTANCOURT (16) MAT","annee_scol":"2025-2026","zone_commune":0,"etiquette":"Secteur de l'école 16 RUE DAUTANCOURT","lib_etab_1":"DAUTANCOURT (16) MAT","lib_etab_2":null,"lib_etab_3":null,"lib_etab_4":null,"adr_etab_1":"16 RUE DAUTANCOURT","adr_etab_2":null,"adr_etab_3":null,"adr_etab_4":null,"type_etabl":"Maternelle","geo_point_2d":{"lon":2.3242556404433947,"lat":48.88813030679219},"st_area_shape":128738.36539611904,"st_perimeter_shape":6827.115872794602}},{"type":"Feature","geometry":{"coordinates":[[[[2.320302,48.887504],[2.322302,48.886382],[2.321624,48.885828],[2.320697,48.886406],[2.321011,48.886623],[2.320524,48.886939],[2.319513,48.887171],[2.320302,48.887504]]],[[[2.321941,48.888376],[2.3219,48.888342],[2.321898,48.888344],[2.32191,48.888354],[2.321938,48.888378],[2.321941,48.888376]]],[[[2.320448,48.88614],[2.320407,48.886138],[2.320422,48.886273],[2.320428,48.886278],[2.320454,48.886298],[2.320455,48.886298],[2.320656,48.886286],[2.320508,48.886182],[2.320448,48.88614]]],[[[2.320324,48.886055],[2.32022,48.885984],[2.32012,48.885915],[2.319974,48.885814],[2.319843,48.885724],[2.319789,48.885801],[2.319814,48.88582],[2.319861,48.885856],[2.319891,48.885879],[2.319883,48.885884],[2.319914,48.885906],[2.31999,48.885961],[2.32001,48.885975],[2.320024,48.885987],[2.320088,48.886039],[2.3201,48.886048],[2.32011,48.886043],[2.320128,48.886034],[2.320142,48.886048],[2.320158,48.886063],[2.320165,48.886069],[2.320168,48.886072],[2.32032,48.886082],[2.320323,48.886061],[2.320324,48.886055]]],[[[2.319903,48.887541],[2.31977,48.887464],[2.31962,48.887377],[2.319411,48.887256],[2.319364,48.887358],[2.319414,48.887394],[2.31943,48.887406],[2.319432,48.887407],[2.319446,48.887418],[2.319479,48.887443],[2.319481,48.887441],[2.319535,48.887416],[2.319562,48.887443],[2.319618,48.887501],[2.319643,48.887527],[2.319661,48.887518],[2.319783,48.887629],[2.319781,48.88763],[2.320045,48.887654],[2.320048,48.887652],[2.320048,48.887625],[2.319903,48.887541]]],[[[2.320948,48.888634],[2.321349,48.888396],[2.321022,48.888205],[2.320315,48.88862],[2.320948,48.888634]]],[[[2.320891,48.888139],[2.320239,48.887735],[2.319832,48.888115],[2.320277,48.8882],[2.32023,48.888525],[2.320891,48.888139]]],[[[2.32225,48.889099],[2.322535,48.889072],[2.321466,48.888447],[2.320683,48.888889],[2.321379,48.888896],[2.321891,48.889273],[2.32225,48.889099]]],[[[2.322971,48.888848],[2.322294,48.888342],[2.321784,48.888375],[2.322126,48.887587],[2.321175,48.888114],[2.322662,48.889002],[2.322971,48.888848]]],[[[2.321396,48.885846],[2.320803,48.88509],[2.319899,48.885633],[2.320752,48.88622],[2.321396,48.885846]]],[[[2.321358,48.887889],[2.322671,48.886829],[2.322368,48.88644],[2.320314,48.88764],[2.321037,48.888054],[2.321358,48.887889]]]],"type":"MultiPolygon"},"properties":{"id_projet":"MATERNELLES (année scolaire 2026/2027)","libelle":"LECOMTE (6) POLY","annee_scol":"2026-2027","zone_commune":0,"etiquette":"Secteur de l'école 6 LECOMTE (6) POLY","lib_etab_1":"LECOMTE (6) POLY","lib_etab_2":null,"lib_etab_3":null,"lib_etab_4":null,"adr_etab_1":"6 LECOMTE (6) POLY","adr_etab_2":null,"adr_etab_3":null,"adr_etab_4":null,"type_etabl":"Maternelle","geo_point_2d":{"lon":2.3212146748406974,"lat":48.88724722323698},"st_area_shape":47776.36038420269,"st_perimeter_shape":3266.5618694478935}},{"type":"Feature","geometry":{"coordinates":[[[[2.323063,48.888795],[2.323464,48.888547],[2.322685,48.888007],[2.3219,48.888342],[2.322613,48.887972],[2.322126,48.887587],[2.321175,48.888114],[2.322662,48.889002],[2.323063,48.888795]]],[[[2.321358,48.887889],[2.32212,48.887443],[2.321588,48.887327],[2.322401,48.887007],[2.322368,48.88644],[2.320314,48.88764],[2.321037,48.888054],[2.321358,48.887889]]],[[[2.32234,48.888957],[2.321466,48.888447],[2.320683,48.888889],[2.321379,48.888896],[2.321727,48.889156],[2.32164,48.88959],[2.322535,48.889099],[2.32234,48.888957]]],[[[2.320302,48.887504],[2.32133,48.886743],[2.321101,48.886574],[2.320795,48.886918],[2.319513,48.887171],[2.320302,48.887504]]],[[[2.320891,48.888139],[2.320239,48.887735],[2.319832,48.888115],[2.320277,48.8882],[2.32023,48.888525],[2.320891,48.888139]]],[[[2.320948,48.888634],[2.321349,48.888396],[2.321022,48.888205],[2.320315,48.88862],[2.320948,48.888634]]],[[[2.319903,48.887541],[2.31977,48.887464],[2.31962,48.887377],[2.319411,48.887256],[2.319364,48.887358],[2.319414,48.887394],[2.31943,48.887406],[2.319432,48.887407],[2.319446,48.887418],[2.319479,48.887443],[2.319481,48.887441],[2.319535,48.887416],[2.319562,48.887443],[2.319618,48.887501],[2.319643,48.887527],[2.319661,48.887518],[2.319783,48.887629],[2.319781,48.88763],[2.320045,48.887654],[2.320048,48.887652],[2.320048,48.887625],[2.319903,48.887541]]]],"type":"MultiPolygon"},"properties":{"id_projet":"MATERNELLES (année scolaire 2020/2021)","libelle":"LECOMTE (6) POLY","annee_scol":"2020-2021","zone_commune":0,"etiquette":"Secteur de l'école 6 RUE LECOMTE","lib_etab_1":"LECOMTE (6) POLY","lib_etab_2":null,"lib_etab_3":null,"lib_etab_4":null,"adr_etab_1":"6 RUE LECOMTE","adr_etab_2":null,"adr_etab_3":null,"adr_etab_4":null,"type_etabl":null,"geo_point_2d":{"lon":2.3214990714241117,"lat":48.88799472669927},"st_area_shape":39356.785510641676,"st_perimeter_shape":2742.0573600614307}},{"type":"Feature","geometry":{"coordinates":[[[[2.318316,48.882672],[2.318795,48.881965],[2.316593,48.881519],[2.315786,48.882062],[2.318123,48.882956],[2.318316,48.882672]]],[[[2.319861,48.883915],[2.320254,48.883614],[2.319838,48.883487],[2.320317,48.883494],[2.320789,48.882372],[2.320404,48.882321],[2.318658,48.884036],[2.31951,48.883886],[2.319477,48.884415],[2.319861,48.883915]]],[[[2.322582,48.883833],[2.323157,48.882852],[2.32207,48.882658],[2.321546,48.88379],[2.322582,48.883833]]],[[[2.321484,48.883683],[2.321979,48.882614],[2.321021,48.882439],[2.320511,48.88354],[2.321484,48.883683]]],[[[2.317286,48.883041],[2.31754,48.882877],[2.31566,48.88219],[2.31595,48.882627],[2.315683,48.882906],[2.316011,48.883089],[2.316967,48.883331],[2.317286,48.883041]]],[[[2.321029,48.884297],[2.32077,48.884147],[2.32109,48.883782],[2.320451,48.883642],[2.319639,48.884391],[2.320609,48.884312],[2.320771,48.884931],[2.321388,48.884554],[2.321029,48.884297]]],[[[2.318299,48.886311],[2.319691,48.885614],[2.319009,48.885123],[2.319197,48.885426],[2.317875,48.88619],[2.318299,48.886311]]],[[[2.318877,48.883116],[2.319528,48.882115],[2.318657,48.88234],[2.318221,48.882982],[2.318877,48.883116]]],[[[2.317797,48.882945],[2.317281,48.883651],[2.317676,48.883829],[2.318404,48.883129],[2.317797,48.882945]]],[[[2.318659,48.883716],[2.319076,48.883308],[2.318575,48.883152],[2.317917,48.883724],[2.318397,48.883939],[2.318659,48.883716]]],[[[2.319948,48.8822],[2.319655,48.88214],[2.319009,48.883171],[2.319948,48.8822]]],[[[2.320388,48.885197],[2.319131,48.885069],[2.319791,48.885554],[2.320388,48.885197]]],[[[2.316,48.881574],[2.314865,48.881822],[2.31541,48.882216],[2.316,48.881574]]],[[[2.319103,48.882028],[2.318896,48.881986],[2.318699,48.882278],[2.318894,48.882335],[2.319103,48.882028]]]],"type":"MultiPolygon"},"properties":{"id_projet":"MATERNELLES (année scolaire 2021/2022)","libelle":"BOURSAULT (10) POLY","annee_scol":"2021-2022","zone_commune":0,"etiquette":"Secteur de l'école 10 RUE BOURSAULT","lib_etab_1":"BOURSAULT (10) POLY","lib_etab_2":null,"lib_etab_3":null,"lib_etab_4":null,"adr_etab_1":"10 RUE BOURSAULT","adr_etab_2":null,"adr_etab_3":null,"adr_etab_4":null,"type_etabl":"Maternelle","geo_point_2d":{"lon":2.3191623333908455,"lat":48.88317689527777},"st_area_shape":94188.77818631148,"st_perimeter_shape":5511.9264986443695}},{"type":"Feature","geometry":{"coordinates":[[[[2.318316,48.882672],[2.318795,48.881965],[2.316593,48.881519],[2.315786,48.882062],[2.318123,48.882956],[2.318316,48.882672]]],[[[2.319861,48.883915],[2.320254,48.883614],[2.319838,48.883487],[2.320317,48.883494],[2.320789,48.882372],[2.320404,48.882321],[2.318658,48.884036],[2.31951,48.883886],[2.319477,48.884415],[2.319861,48.883915]]],[[[2.322582,48.883833],[2.323157,48.882852],[2.32207,48.882658],[2.321546,48.88379],[2.322582,48.883833]]],[[[2.321484,48.883683],[2.321979,48.882614],[2.321021,48.882439],[2.320511,48.88354],[2.321484,48.883683]]],[[[2.317286,48.883041],[2.31754,48.882877],[2.31566,48.88219],[2.31595,48.882627],[2.315683,48.882906],[2.316011,48.883089],[2.316967,48.883331],[2.317286,48.883041]]],[[[2.321029,48.884297],[2.32077,48.884147],[2.32109,48.883782],[2.320451,48.883642],[2.319639,48.884391],[2.320609,48.884312],[2.320771,48.884931],[2.321388,48.884554],[2.321029,48.884297]]],[[[2.318299,48.886311],[2.319691,48.885614],[2.319009,48.885123],[2.319197,48.885426],[2.317875,48.88619],[2.318299,48.886311]]],[[[2.318877,48.883116],[2.319528,48.882115],[2.318657,48.88234],[2.318221,48.882982],[2.318877,48.883116]]],[[[2.317797,48.882945],[2.317281,48.883651],[2.317676,48.883829],[2.318404,48.883129],[2.317797,48.882945]]],[[[2.318659,48.883716],[2.319076,48.883308],[2.318575,48.883152],[2.317917,48.883724],[2.318397,48.883939],[2.318659,48.883716]]],[[[2.319948,48.8822],[2.319655,48.88214],[2.319009,48.883171],[2.319948,48.8822]]],[[[2.320388,48.885197],[2.319131,48.885069],[2.319791,48.885554],[2.320388,48.885197]]],[[[2.316,48.881574],[2.314865,48.881822],[2.31541,48.882216],[2.316,48.881574]]],[[[2.319103,48.882028],[2.318896,48.881986],[2.318699,48.882278],[2.318894,48.882335],[2.319103,48.882028]]]],"type":"MultiPolygon"},"properties":{"id_projet":"MATERNELLES (année scolaire 2020/2021)","libelle":"BOURSAULT (10) POLY","annee_scol":"2020-2021","zone_commune":0,"etiquette":"Secteur de l'école 10 RUE BOURSAULT","lib_etab_1":"BOURSAULT (10) POLY","lib_etab_2":null,"lib_etab_3":null,"lib_etab_4":null,"adr_etab_1":"10 RUE BOURSAULT","adr_etab_2":null,"adr_etab_3":null,"adr_etab_4":null,"type_etabl":null,"geo_point_2d":{"lon":2.3191623333908455,"lat":48.88317689527777},"st_area_shape":94188.77818631148,"st_perimeter_shape":5511.9264986443695}},{"type":"Feature","geometry":{"coordinates":[[[[2.321825,48.898184],[2.322958,48.897679],[2.321498,48.897547],[2.314121,48.894847],[2.312485,48.89538],[2.313555,48.896246],[2.314844,48.895667],[2.321825,48.898184]]],[[[2.313083,48.897983],[2.313384,48.898075],[2.314986,48.897134],[2.314468,48.89622],[2.312987,48.896923],[2.312825,48.896753],[2.313311,48.896344],[2.312151,48.895572],[2.31089,48.896297],[2.311734,48.896863],[2.310973,48.896721],[2.31074,48.896991],[2.313083,48.897983]]],[[[2.311699,48.89487],[2.311796,48.89506],[2.312516,48.894646],[2.311824,48.894],[2.311406,48.894318],[2.309334,48.893977],[2.310272,48.894346],[2.309742,48.895677],[2.310213,48.896024],[2.311887,48.895242],[2.311699,48.89487]]],[[[2.318226,48.894878],[2.317329,48.893775],[2.317044,48.89387],[2.316119,48.893068],[2.314403,48.894059],[2.318226,48.894878]]],[[[2.322769,48.897312],[2.322178,48.897181],[2.321808,48.896714],[2.321416,48.896837],[2.320659,48.895862],[2.320259,48.896029],[2.318555,48.895373],[2.318423,48.896007],[2.321712,48.897214],[2.322769,48.897312]]],[[[2.317948,48.892045],[2.317677,48.892173],[2.319362,48.894536],[2.319703,48.894474],[2.317948,48.892045]]],[[[2.318832,48.894064],[2.318502,48.893722],[2.317717,48.894033],[2.31857,48.894716],[2.319155,48.89452],[2.318832,48.894064]]],[[[2.317065,48.895073],[2.317674,48.894939],[2.315803,48.89447],[2.316347,48.895174],[2.317065,48.895073]]],[[[2.318315,48.891995],[2.319868,48.894402],[2.319972,48.894172],[2.318315,48.891995]]],[[[2.318347,48.8954],[2.318368,48.895061],[2.317688,48.89505],[2.317595,48.89565],[2.31826,48.895902],[2.318347,48.8954]]],[[[2.316994,48.893768],[2.317309,48.893749],[2.316598,48.892813],[2.31616,48.893045],[2.316994,48.893768]]],[[[2.319352,48.89492],[2.319686,48.894601],[2.318533,48.894925],[2.319479,48.895267],[2.319352,48.89492]]],[[[2.314419,48.894191],[2.314057,48.894303],[2.315324,48.894706],[2.314419,48.894191]]],[[[2.317577,48.892306],[2.317257,48.892471],[2.317705,48.893081],[2.318037,48.892996],[2.317577,48.892306]]],[[[2.317075,48.892594],[2.316756,48.892761],[2.317137,48.893262],[2.317471,48.893177],[2.317075,48.892594]]],[[[2.317006,48.895199],[2.317209,48.895316],[2.316871,48.895374],[2.317548,48.895603],[2.317616,48.895084],[2.317006,48.895199]]],[[[2.315433,48.894392],[2.315276,48.894361],[2.315249,48.894383],[2.315339,48.894495],[2.315407,48.89458],[2.315522,48.894724],[2.31568,48.894922],[2.315887,48.895],[2.315892,48.895002],[2.315955,48.895026],[2.316119,48.895088],[2.316129,48.895077],[2.315988,48.894896],[2.315932,48.894823],[2.315886,48.894762],[2.315836,48.894698],[2.31569,48.894508],[2.315649,48.894455],[2.315596,48.894424],[2.315433,48.894392]]],[[[2.318164,48.893127],[2.31782,48.893237],[2.318222,48.893667],[2.318454,48.893537],[2.318164,48.893127]]],[[[2.317599,48.893307],[2.317255,48.893417],[2.317861,48.893782],[2.317599,48.893307]]]],"type":"MultiPolygon"},"properties":{"id_projet":"MATERNELLES (année scolaire 2020/2021)","libelle":"BESSIERES (90) MAT","annee_scol":"2020-2021","zone_commune":0,"etiquette":"Secteur de l'école 90 BOULEVARD BESSIERES","lib_etab_1":"BESSIERES (90) MAT","lib_etab_2":null,"lib_etab_3":null,"lib_etab_4":null,"adr_etab_1":"90 BOULEVARD BESSIERES","adr_etab_2":null,"adr_etab_3":null,"adr_etab_4":null,"type_etabl":null,"geo_point_2d":{"lon":2.3157529917276363,"lat":48.89549361886886},"st_area_shape":215008.24858776678,"st_perimeter_shape":10004.967522843186}},{"type":"Feature","geometry":{"coordinates":[[[[2.314603,48.893584],[2.31815,48.891541],[2.3166,48.889788],[2.312881,48.891839],[2.313719,48.892178],[2.311499,48.893345],[2.313685,48.894162],[2.314603,48.893584]]],[[[2.314543,48.884889],[2.314531,48.884884],[2.31443,48.88508],[2.314441,48.885085],[2.314543,48.884889]]],[[[2.313054,48.891724],[2.313062,48.891713],[2.313047,48.891721],[2.313054,48.891724]]]],"type":"MultiPolygon"},"properties":{"id_projet":"MATERNELLES (année scolaire 2021/2022)","libelle":"ZM BERNARD BUFFET(14)/GILBERT CESBRON(1)","annee_scol":"2021-2022","zone_commune":1,"etiquette":"Secteur commun des écoles \n14 RUE BERNARD BUFFET \n1 RUE GILBERT CESBRON","lib_etab_1":"BERNARD BUFFET (14) POLY","lib_etab_2":"GILBERT CESBRON (1) POLY","lib_etab_3":null,"lib_etab_4":null,"adr_etab_1":"14 RUE BERNARD BUFFET","adr_etab_2":"1 RUE GILBERT CESBRON","adr_etab_3":null,"adr_etab_4":null,"type_etabl":"Maternelle","geo_point_2d":{"lon":2.315078426821885,"lat":48.89205313395434},"st_area_shape":102551.90947416317,"st_perimeter_shape":1659.5000724891115}},{"type":"Feature","geometry":{"coordinates":[[[[2.320919,48.898634],[2.314526,48.896194],[2.314986,48.897134],[2.313384,48.898075],[2.314429,48.89813],[2.31607,48.898891],[2.317064,48.898368],[2.318605,48.899688],[2.320864,48.899115],[2.320919,48.898634]]],[[[2.323999,48.899091],[2.323726,48.90017],[2.328624,48.900284],[2.328677,48.8992],[2.323999,48.899091]]],[[[2.323015,48.898443],[2.323021,48.897721],[2.321851,48.898314],[2.314844,48.895667],[2.314559,48.895945],[2.321991,48.898792],[2.323015,48.898443]]],[[[2.321764,48.900704],[2.322609,48.900698],[2.322701,48.900324],[2.321702,48.900181],[2.322187,48.900087],[2.322236,48.899068],[2.319883,48.899664],[2.319644,48.90002],[2.321764,48.900704]]],[[[2.328983,48.898845],[2.328405,48.897791],[2.32663,48.897817],[2.326656,48.898863],[2.328983,48.898845]]],[[[2.323554,48.899025],[2.322496,48.899033],[2.322456,48.899941],[2.323444,48.900229],[2.323554,48.899025]]],[[[2.329024,48.899231],[2.32882,48.900195],[2.329462,48.900419],[2.329024,48.899231]]],[[[2.324533,48.897709],[2.324168,48.898123],[2.324758,48.898537],[2.325261,48.898336],[2.324533,48.897709]]],[[[2.326353,48.897897],[2.325725,48.898233],[2.326232,48.898705],[2.326353,48.897897]]],[[[2.326134,48.897743],[2.324902,48.897771],[2.325585,48.898134],[2.326134,48.897743]]],[[[2.32557,48.898437],[2.32492,48.898828],[2.32608,48.898851],[2.32557,48.898437]]],[[[2.329578,48.900882],[2.329503,48.90051],[2.328739,48.900494],[2.328724,48.900804],[2.329578,48.900882]]],[[[2.324179,48.898327],[2.324067,48.898792],[2.32474,48.898824],[2.324179,48.898327]]],[[[2.321096,48.900672],[2.320682,48.900552],[2.320671,48.900559],[2.320534,48.900636],[2.320359,48.900741],[2.320387,48.900758],[2.321052,48.900781],[2.321658,48.900802],[2.321096,48.900672]]],[[[2.326729,48.897326],[2.326725,48.897317],[2.326669,48.89726],[2.326665,48.897256],[2.326608,48.897193],[2.326552,48.897219],[2.326339,48.89732],[2.326104,48.897253],[2.326115,48.897248],[2.326139,48.897237],[2.326093,48.897192],[2.32607,48.897203],[2.325988,48.897242],[2.325935,48.897267],[2.325865,48.8973],[2.325833,48.897316],[2.325744,48.897358],[2.325742,48.897376],[2.32575,48.897376],[2.325949,48.89738],[2.325992,48.897381],[2.326023,48.897382],[2.326075,48.897383],[2.326135,48.897384],[2.3262,48.897385],[2.326375,48.897389],[2.326568,48.897393],[2.326667,48.897396],[2.326721,48.897363],[2.326727,48.897327],[2.326729,48.897326]]],[[[2.328721,48.897428],[2.328263,48.897194],[2.327835,48.897394],[2.328721,48.897428]]],[[[2.321231,48.898753],[2.321034,48.899072],[2.321481,48.898958],[2.321231,48.898753]]],[[[2.325383,48.897366],[2.325137,48.897153],[2.32482,48.897356],[2.325383,48.897366]]],[[[2.327585,48.897414],[2.327238,48.897264],[2.327141,48.897304],[2.327134,48.897307],[2.327072,48.897333],[2.327055,48.89734],[2.327023,48.897353],[2.327014,48.897357],[2.327011,48.897402],[2.327585,48.897414]]],[[[2.324668,48.897339],[2.324498,48.897254],[2.32444,48.897348],[2.324622,48.897352],[2.324656,48.897352],[2.324668,48.897339]]],[[[2.326974,48.897401],[2.326826,48.897349],[2.326781,48.897368],[2.32678,48.897397],[2.326974,48.897401]]]],"type":"MultiPolygon"},"properties":{"id_projet":"MATERNELLES (année scolaire 2021/2022)","libelle":"ANDRE BRECHET (21) MAT","annee_scol":"2021-2022","zone_commune":0,"etiquette":"Secteur de l'école 21 RUE ANDRE BRECHET","lib_etab_1":"ANDRE BRECHET (21) MAT","lib_etab_2":null,"lib_etab_3":null,"lib_etab_4":null,"adr_etab_1":"21 RUE ANDRE BRECHET","adr_etab_2":null,"adr_etab_3":null,"adr_etab_4":null,"type_etabl":"Maternelle","geo_point_2d":{"lon":2.3214914807209728,"lat":48.8986150678279},"st_area_shape":239588.58444046543,"st_perimeter_shape":8421.350850046892}},{"type":"Feature","geometry":{"coordinates":[[[[2.321824,48.893437],[2.320282,48.891569],[2.319318,48.891351],[2.318707,48.891579],[2.32064,48.894139],[2.322022,48.893719],[2.321824,48.893437]]],[[[2.319773,48.893281],[2.318524,48.891705],[2.31808,48.89194],[2.319972,48.894172],[2.319868,48.894402],[2.320494,48.89419],[2.319773,48.893281]]],[[[2.320735,48.89166],[2.32216,48.893656],[2.322565,48.893551],[2.32119,48.891769],[2.320735,48.89166]]],[[[2.320293,48.89069],[2.319877,48.890921],[2.320333,48.89145],[2.321051,48.891595],[2.320293,48.89069]]],[[[2.321067,48.890935],[2.320402,48.890608],[2.321243,48.891643],[2.321067,48.890935]]],[[[2.322716,48.893152],[2.321335,48.891817],[2.322658,48.893492],[2.322716,48.893152]]],[[[2.321387,48.894489],[2.321164,48.894244],[2.321376,48.894037],[2.320971,48.894167],[2.321209,48.894485],[2.320741,48.894269],[2.321387,48.894489]]],[[[2.319775,48.890981],[2.319367,48.891252],[2.320125,48.891388],[2.319775,48.890981]]],[[[2.320595,48.894317],[2.320562,48.89431],[2.320452,48.894348],[2.320315,48.894395],[2.320086,48.894475],[2.319961,48.894518],[2.319953,48.89453],[2.320165,48.89457],[2.320184,48.894593],[2.320226,48.894644],[2.320254,48.894634],[2.320259,48.894633],[2.320315,48.894614],[2.320349,48.894602],[2.320357,48.894599],[2.320417,48.894578],[2.320448,48.894568],[2.320483,48.894556],[2.320571,48.894526],[2.320588,48.89452],[2.320561,48.894485],[2.320532,48.894449],[2.320521,48.894435],[2.32052,48.894433],[2.320514,48.894426],[2.320511,48.894422],[2.32061,48.894335],[2.320595,48.894317]]],[[[2.322609,48.893806],[2.322257,48.893786],[2.322604,48.894052],[2.322609,48.893806]]],[[[2.322087,48.893826],[2.32207,48.893823],[2.321798,48.893906],[2.321594,48.893969],[2.321814,48.894108],[2.321916,48.894071],[2.321916,48.89407],[2.321905,48.894054],[2.321987,48.894027],[2.322087,48.893826]]]],"type":"MultiPolygon"},"properties":{"id_projet":"MATERNELLES (année scolaire 2022/2023)","libelle":"FLEURS (61) MAT","annee_scol":"2022-2023","zone_commune":0,"etiquette":"Secteur de l'école 61 CITE DES FLEURS","lib_etab_1":"FLEURS (61) MAT","lib_etab_2":null,"lib_etab_3":null,"lib_etab_4":null,"adr_etab_1":"61 CITE DES FLEURS","adr_etab_2":null,"adr_etab_3":null,"adr_etab_4":null,"type_etabl":"Maternelle","geo_point_2d":{"lon":2.3204820166084734,"lat":48.89265971077511},"st_area_shape":65908.32981849289,"st_perimeter_shape":4055.963466666882}},{"type":"Feature","geometry":{"coordinates":[[[[2.295219,48.883621],[2.2962,48.882981],[2.295235,48.881636],[2.29459,48.882191],[2.295583,48.882681],[2.29455,48.882228],[2.293857,48.882863],[2.295219,48.883621]]],[[[2.298784,48.878387],[2.299468,48.87956],[2.300606,48.878858],[2.298784,48.878387]]],[[[2.304601,48.879741],[2.303577,48.879462],[2.304477,48.879916],[2.304601,48.879741]]],[[[2.299164,48.879764],[2.298298,48.878591],[2.297667,48.879155],[2.298336,48.87925],[2.298109,48.879404],[2.298489,48.879373],[2.298879,48.879969],[2.299164,48.879764]]],[[[2.29749,48.879931],[2.297557,48.879875],[2.297566,48.87988],[2.297596,48.879855],[2.297598,48.879853],[2.2976,48.879854],[2.297634,48.879825],[2.297671,48.879795],[2.297798,48.879694],[2.297808,48.879685],[2.297836,48.879662],[2.297917,48.8796],[2.297922,48.879602],[2.297929,48.879597],[2.2978,48.879526],[2.297668,48.879623],[2.297461,48.879778],[2.29734,48.879868],[2.29726,48.879928],[2.297258,48.879929],[2.297257,48.879929],[2.297135,48.88002],[2.297216,48.880063],[2.297237,48.880075],[2.297294,48.880105],[2.297412,48.880008],[2.297488,48.879946],[2.2975,48.879936],[2.29749,48.879931]]],[[[2.301135,48.879249],[2.30147,48.878964],[2.300818,48.878848],[2.299559,48.879681],[2.299934,48.880148],[2.301135,48.879249]]],[[[2.303222,48.87994],[2.303594,48.879607],[2.303071,48.879367],[2.302364,48.880072],[2.302833,48.880298],[2.303222,48.87994]]],[[[2.299252,48.879885],[2.29898,48.880057],[2.299573,48.880326],[2.299252,48.879885]]],[[[2.302128,48.879105],[2.301677,48.879034],[2.300026,48.880269],[2.300344,48.880763],[2.302128,48.879105]]],[[[2.297901,48.880598],[2.298734,48.880063],[2.297954,48.87961],[2.296584,48.880431],[2.297506,48.880829],[2.297901,48.880598]]],[[[2.306726,48.880599],[2.304736,48.880039],[2.306793,48.881087],[2.306726,48.880599]]],[[[2.302815,48.879251],[2.30234,48.879178],[2.300532,48.880914],[2.300972,48.881131],[2.302815,48.879251]]],[[[2.306329,48.881168],[2.306633,48.881141],[2.306125,48.8809],[2.306329,48.881168]]],[[[2.298707,48.881122],[2.299528,48.880476],[2.298838,48.88012],[2.297714,48.880858],[2.298707,48.881122]]],[[[2.300646,48.881099],[2.300641,48.881098],[2.300637,48.881099],[2.300632,48.881099],[2.300627,48.8811],[2.300622,48.881102],[2.300619,48.881103],[2.300617,48.881105],[2.300615,48.881107],[2.300612,48.88111],[2.300611,48.881112],[2.300609,48.881116],[2.300608,48.881118],[2.300608,48.881122],[2.300608,48.881124],[2.300609,48.881127],[2.300611,48.88113],[2.300745,48.881314],[2.300786,48.881316],[2.300864,48.881239],[2.300858,48.881212],[2.300662,48.881103],[2.300657,48.881101],[2.300655,48.881101],[2.300652,48.8811],[2.300646,48.881099]]],[[[2.302399,48.880245],[2.301278,48.881252],[2.301622,48.881343],[2.3027,48.880414],[2.302399,48.880245]]],[[[2.305453,48.880923],[2.305977,48.880809],[2.303753,48.879687],[2.302945,48.880351],[2.305161,48.881447],[2.305453,48.880923]]],[[[2.299784,48.880618],[2.298712,48.881288],[2.299652,48.881447],[2.300068,48.88106],[2.299784,48.880618]]],[[[2.30301,48.88054],[2.301768,48.881401],[2.303538,48.880822],[2.30301,48.88054]]],[[[2.298167,48.881526],[2.29842,48.881306],[2.297569,48.88096],[2.297276,48.881125],[2.298167,48.881526]]],[[[2.305589,48.88162],[2.305384,48.881532],[2.30539,48.881558],[2.305523,48.881623],[2.305527,48.881619],[2.305537,48.881621],[2.305541,48.881622],[2.305547,48.881623],[2.305557,48.881623],[2.30556,48.881623],[2.305573,48.881623],[2.305576,48.881623],[2.305585,48.881621],[2.305589,48.88162]]],[[[2.30021,48.881202],[2.299868,48.881517],[2.300483,48.88162],[2.30021,48.881202]]],[[[2.303727,48.880886],[2.302311,48.881549],[2.302935,48.881701],[2.303727,48.880886]]],[[[2.296727,48.881354],[2.297399,48.880891],[2.296495,48.880525],[2.295722,48.881179],[2.296249,48.881231],[2.295792,48.881333],[2.296017,48.881778],[2.296727,48.881354]]],[[[2.30474,48.881724],[2.305362,48.881677],[2.303985,48.881011],[2.303096,48.88174],[2.304378,48.882112],[2.30474,48.881724]]],[[[2.297256,48.881206],[2.296099,48.881912],[2.297068,48.882351],[2.29809,48.881586],[2.297256,48.881206]]],[[[2.304177,48.882175],[2.30112,48.88134],[2.300901,48.881529],[2.302962,48.882705],[2.304177,48.882175]]],[[[2.296268,48.882125],[2.296506,48.882736],[2.296921,48.88246],[2.296268,48.882125]]],[[[2.299164,48.881902],[2.299466,48.881578],[2.2985,48.881413],[2.297185,48.882428],[2.298141,48.882855],[2.299164,48.881902]]],[[[2.301679,48.882225],[2.301331,48.882119],[2.302029,48.883076],[2.302707,48.882844],[2.301679,48.882225]]],[[[2.297191,48.882563],[2.296585,48.882847],[2.296681,48.88308],[2.297191,48.882563]]],[[[2.3,48.881684],[2.299685,48.881649],[2.298313,48.88296],[2.298886,48.883206],[2.300327,48.881773],[2.3,48.881684]]],[[[2.300388,48.883381],[2.30101,48.8823],[2.300667,48.88183],[2.299495,48.882925],[2.300215,48.883257],[2.299405,48.883015],[2.299107,48.883311],[2.30009,48.883797],[2.300388,48.883381]]],[[[2.30139,48.882823],[2.301096,48.882531],[2.300378,48.883776],[2.301672,48.883279],[2.30139,48.882823]]],[[[2.297638,48.882774],[2.296765,48.883243],[2.29733,48.884352],[2.297681,48.884406],[2.298762,48.88332],[2.297638,48.882774]]],[[[2.296269,48.883119],[2.295442,48.883753],[2.296928,48.884409],[2.296269,48.883119]]],[[[2.299446,48.883626],[2.298986,48.883433],[2.297908,48.884504],[2.298403,48.884661],[2.300062,48.88396],[2.299446,48.883626]]]],"type":"MultiPolygon"},"properties":{"id_projet":"MATERNELLES (année scolaire 2023/2024)","libelle":"RENAUDES (31) MAT","annee_scol":"2023-2024","zone_commune":0,"etiquette":"Secteur de l'école 31 RUE DES RENAUDES","lib_etab_1":"RENAUDES (31) MAT","lib_etab_2":null,"lib_etab_3":null,"lib_etab_4":null,"adr_etab_1":"31 RUE DES RENAUDES","adr_etab_2":null,"adr_etab_3":null,"adr_etab_4":null,"type_etabl":"Maternelle","geo_point_2d":{"lon":2.299850778331674,"lat":48.881548243148934},"st_area_shape":256674.939441167,"st_perimeter_shape":13652.856520290941}},{"type":"Feature","geometry":{"coordinates":[[[[2.326342,48.895571],[2.3262,48.895039],[2.325247,48.895333],[2.324957,48.894776],[2.32425,48.894863],[2.323372,48.893776],[2.322847,48.893637],[2.324113,48.895236],[2.324463,48.895222],[2.324183,48.895325],[2.324528,48.895761],[2.326342,48.895571]]],[[[2.32241,48.894235],[2.322109,48.893831],[2.321554,48.894003],[2.321885,48.894388],[2.32241,48.894235]]],[[[2.320934,48.894743],[2.32061,48.894335],[2.319948,48.894538],[2.320596,48.895237],[2.321176,48.895046],[2.320934,48.894743]]],[[[2.321031,48.895488],[2.321387,48.895341],[2.320685,48.895358],[2.321031,48.895488]]],[[[2.323548,48.895765],[2.322509,48.894366],[2.322012,48.894519],[2.322983,48.895729],[2.323548,48.895765]]],[[[2.32309,48.894175],[2.322679,48.893655],[2.322604,48.894052],[2.322269,48.893802],[2.323736,48.895776],[2.324257,48.895783],[2.32309,48.894175]]],[[[2.322834,48.895798],[2.321429,48.894041],[2.321164,48.894244],[2.321542,48.894659],[2.320754,48.894285],[2.321884,48.895681],[2.322096,48.895401],[2.322834,48.895798]]],[[[2.321658,48.895657],[2.321438,48.89538],[2.320181,48.895352],[2.31975,48.894616],[2.319352,48.89492],[2.319479,48.895267],[2.318178,48.89489],[2.31994,48.895549],[2.321658,48.895657]]],[[[2.322747,48.89605],[2.322059,48.89593],[2.322273,48.896199],[2.322747,48.89605]]],[[[2.325255,48.896316],[2.326486,48.895791],[2.324871,48.895945],[2.325255,48.896316]]],[[[2.323896,48.896576],[2.324717,48.896325],[2.323254,48.896059],[2.323896,48.896576]]],[[[2.325943,48.8971],[2.325413,48.896463],[2.325349,48.896499],[2.325344,48.896523],[2.325401,48.896582],[2.325529,48.896715],[2.32549,48.896732],[2.325833,48.897088],[2.32594,48.897102],[2.325943,48.8971]]],[[[2.324992,48.89643],[2.32379,48.896715],[2.324234,48.897255],[2.324992,48.89643]]],[[[2.322865,48.897177],[2.322171,48.896307],[2.32163,48.896487],[2.322142,48.89624],[2.321881,48.895934],[2.318603,48.895354],[2.320259,48.896029],[2.320659,48.895862],[2.321416,48.896837],[2.321808,48.896714],[2.322178,48.897181],[2.322865,48.897177]]],[[[2.323967,48.897156],[2.323036,48.896],[2.322582,48.896157],[2.323058,48.896754],[2.322328,48.89625],[2.323157,48.897286],[2.323967,48.897156]]],[[[2.32482,48.897356],[2.325641,48.897143],[2.325076,48.896665],[2.324498,48.897254],[2.32482,48.897356]]],[[[2.324323,48.897838],[2.324274,48.897734],[2.32422,48.897763],[2.324206,48.89783],[2.324186,48.897918],[2.324149,48.898085],[2.324159,48.898105],[2.324253,48.898088],[2.324323,48.897838]]],[[[2.323857,48.897694],[2.323456,48.897751],[2.323617,48.898652],[2.323857,48.897694]]],[[[2.32413,48.898323],[2.324097,48.89832],[2.324077,48.898409],[2.324046,48.898549],[2.324004,48.898742],[2.324067,48.898792],[2.324165,48.898755],[2.3242,48.898453],[2.32413,48.898323]]]],"type":"MultiPolygon"},"properties":{"id_projet":"MATERNELLES (année scolaire 2023/2024)","libelle":"EPINETTES (44) MAT","annee_scol":"2023-2024","zone_commune":0,"etiquette":"Secteur de l'école 44 RUE DES EPINETTES","lib_etab_1":"EPINETTES (44) MAT","lib_etab_2":null,"lib_etab_3":null,"lib_etab_4":null,"adr_etab_1":"44 RUE DES EPINETTES","adr_etab_2":null,"adr_etab_3":null,"adr_etab_4":null,"type_etabl":"Maternelle","geo_point_2d":{"lon":2.3228259438513987,"lat":48.89569873190047},"st_area_shape":96510.53058281452,"st_perimeter_shape":7647.245373821851}},{"type":"Feature","geometry":{"coordinates":[[[2.315259,48.893207],[2.313778,48.892146],[2.311499,48.893345],[2.313685,48.894162],[2.315259,48.893207]]],"type":"Polygon"},"properties":{"id_projet":"MATERNELLES (année scolaire 2024/2025)","libelle":"GILBERT CESBRON (1) POLY","annee_scol":"2024-2025","zone_commune":0,"etiquette":"Secteur de l'école 1 RUE GILBERT CESBRON","lib_etab_1":"GILBERT CESBRON (1) POLY","lib_etab_2":null,"lib_etab_3":null,"lib_etab_4":null,"adr_etab_1":"1 RUE GILBERT CESBRON","adr_etab_2":null,"adr_etab_3":null,"adr_etab_4":null,"type_etabl":"Maternelle","geo_point_2d":{"lon":2.313534543291628,"lat":48.893195241538045},"st_area_shape":31886.284282845823,"st_perimeter_shape":728.1701391601528}},{"type":"Feature","geometry":{"coordinates":[[[[2.311288,48.890234],[2.312952,48.889278],[2.312924,48.887731],[2.310058,48.887889],[2.305226,48.887321],[2.305164,48.887555],[2.310878,48.888077],[2.30899,48.888806],[2.309461,48.888835],[2.311288,48.890234]]],[[[2.308842,48.887606],[2.308189,48.887142],[2.307736,48.887452],[2.308842,48.887606]]],[[[2.31195,48.887269],[2.31138,48.886937],[2.310893,48.887124],[2.309564,48.886083],[2.30927,48.886306],[2.311346,48.887645],[2.31195,48.887269]]],[[[2.312774,48.887084],[2.311499,48.887699],[2.313528,48.887394],[2.312774,48.887084]]],[[[2.310028,48.88769],[2.308662,48.886787],[2.308294,48.887032],[2.309206,48.887657],[2.310028,48.88769]]],[[[2.310205,48.887351],[2.311273,48.887689],[2.309214,48.886371],[2.308767,48.886678],[2.310348,48.887749],[2.310724,48.887733],[2.310205,48.887351]]],[[[2.308934,48.888624],[2.310153,48.88823],[2.307094,48.887931],[2.306605,48.888298],[2.306947,48.888569],[2.3065,48.888379],[2.307593,48.889073],[2.308934,48.888624]]],[[[2.299629,48.889604],[2.299799,48.889289],[2.300412,48.88932],[2.301009,48.88888],[2.299587,48.888264],[2.298165,48.888815],[2.299629,48.889604]]],[[[2.306582,48.887872],[2.304443,48.888949],[2.304173,48.889848],[2.306582,48.887872]]],[[[2.297903,48.888945],[2.2997,48.890093],[2.300024,48.889948],[2.297903,48.888945]]]],"type":"MultiPolygon"},"properties":{"id_projet":"MATERNELLES (année scolaire 2024/2025)","libelle":"TAPISSERIES (8) MAT","annee_scol":"2024-2025","zone_commune":0,"etiquette":"Secteur de l'école 8 RUE DES TAPISSERIES","lib_etab_1":"TAPISSERIES (8) MAT","lib_etab_2":null,"lib_etab_3":null,"lib_etab_4":null,"adr_etab_1":"8 RUE DES TAPISSERIES","adr_etab_2":null,"adr_etab_3":null,"adr_etab_4":null,"type_etabl":"Maternelle","geo_point_2d":{"lon":2.3081349086062457,"lat":48.88838446450534},"st_area_shape":130797.45113209805,"st_perimeter_shape":6236.259061684179}},{"type":"Feature","geometry":{"coordinates":[[[[2.321824,48.893437],[2.320282,48.891569],[2.319318,48.891351],[2.318707,48.891579],[2.32064,48.894139],[2.322022,48.893719],[2.321824,48.893437]]],[[[2.319775,48.890981],[2.319367,48.891252],[2.320125,48.891388],[2.319775,48.890981]]],[[[2.320293,48.89069],[2.319877,48.890921],[2.320333,48.89145],[2.321051,48.891595],[2.320293,48.89069]]],[[[2.32074,48.890678],[2.320396,48.890629],[2.32132,48.891604],[2.32074,48.890678]]],[[[2.322716,48.893152],[2.321335,48.891817],[2.322658,48.893492],[2.322716,48.893152]]],[[[2.320735,48.89166],[2.32216,48.893656],[2.322565,48.893551],[2.32119,48.891769],[2.320735,48.89166]]],[[[2.322667,48.893652],[2.32264,48.893646],[2.322512,48.893686],[2.322342,48.893738],[2.32227,48.89376],[2.322257,48.893786],[2.322269,48.893802],[2.322392,48.893797],[2.322586,48.893777],[2.322667,48.893652]]],[[[2.322087,48.893826],[2.32207,48.893823],[2.321798,48.893906],[2.321594,48.893969],[2.321814,48.894108],[2.321916,48.894071],[2.321916,48.89407],[2.321905,48.894054],[2.321987,48.894027],[2.322087,48.893826]]],[[[2.319773,48.893281],[2.318524,48.891705],[2.31808,48.89194],[2.319866,48.894402],[2.320494,48.89419],[2.319773,48.893281]]],[[[2.317948,48.892045],[2.317908,48.89204],[2.31792,48.892321],[2.317926,48.89233],[2.317942,48.892352],[2.317962,48.892379],[2.31797,48.892391],[2.317985,48.892411],[2.318006,48.892441],[2.318035,48.892481],[2.318058,48.892514],[2.318066,48.892523],[2.318069,48.892528],[2.318134,48.892618],[2.31814,48.892627],[2.31816,48.892654],[2.318199,48.892708],[2.318268,48.892804],[2.318283,48.892825],[2.318311,48.892864],[2.318339,48.892903],[2.318345,48.892911],[2.318383,48.892964],[2.31843,48.893029],[2.318439,48.893042],[2.318454,48.893062],[2.31845,48.893063],[2.318452,48.893065],[2.318465,48.893083],[2.318492,48.89312],[2.318498,48.893127],[2.318516,48.893152],[2.318526,48.893166],[2.318557,48.893208],[2.318586,48.893248],[2.318587,48.893249],[2.318619,48.893292],[2.318649,48.893334],[2.318658,48.893346],[2.318662,48.893351],[2.318684,48.893381],[2.318729,48.893443],[2.318855,48.893627],[2.31894,48.89374],[2.318951,48.893755],[2.318974,48.893787],[2.319007,48.893833],[2.319034,48.893871],[2.319049,48.893892],[2.31905,48.893893],[2.319058,48.893904],[2.319069,48.89392],[2.319082,48.893938],[2.319109,48.893975],[2.319172,48.894063],[2.319222,48.894133],[2.319244,48.894164],[2.319279,48.894213],[2.319289,48.894227],[2.319296,48.894236],[2.319307,48.894251],[2.319312,48.894258],[2.319373,48.894344],[2.319375,48.894346],[2.319405,48.894388],[2.319414,48.8944],[2.319441,48.894438],[2.319705,48.894471],[2.319718,48.894449],[2.319656,48.894365],[2.319591,48.894276],[2.319512,48.894168],[2.319457,48.894094],[2.319385,48.893997],[2.319321,48.89391],[2.319261,48.893828],[2.319161,48.893692],[2.319066,48.893563],[2.31893,48.893379],[2.318864,48.893289],[2.318833,48.893247],[2.318787,48.893185],[2.318698,48.893063],[2.31865,48.892998],[2.318578,48.892901],[2.318535,48.892843],[2.318462,48.892744],[2.318391,48.892647],[2.318325,48.892557],[2.318259,48.892467],[2.318222,48.892417],[2.318158,48.892331],[2.318107,48.892261],[2.317948,48.892045]]],[[[2.320595,48.894317],[2.320562,48.89431],[2.320452,48.894348],[2.320315,48.894395],[2.320086,48.894475],[2.319961,48.894518],[2.319953,48.89453],[2.320165,48.89457],[2.320184,48.894593],[2.320226,48.894644],[2.320254,48.894634],[2.320259,48.894633],[2.320315,48.894614],[2.320349,48.894602],[2.320357,48.894599],[2.320417,48.894578],[2.320448,48.894568],[2.320483,48.894556],[2.320571,48.894526],[2.320588,48.89452],[2.320561,48.894485],[2.320532,48.894449],[2.320521,48.894435],[2.32052,48.894433],[2.320514,48.894426],[2.320511,48.894422],[2.32061,48.894335],[2.320595,48.894317]]],[[[2.321387,48.894489],[2.321164,48.894244],[2.321376,48.894037],[2.320971,48.894167],[2.321209,48.894485],[2.320741,48.894269],[2.321387,48.894489]]]],"type":"MultiPolygon"},"properties":{"id_projet":"MATERNELLES (année scolaire 2024/2025)","libelle":"FLEURS (61) MAT","annee_scol":"2024-2025","zone_commune":0,"etiquette":"Secteur de l'école 61 CITE DES FLEURS","lib_etab_1":"FLEURS (61) MAT","lib_etab_2":null,"lib_etab_3":null,"lib_etab_4":null,"adr_etab_1":"61 CITE DES FLEURS","adr_etab_2":null,"adr_etab_3":null,"adr_etab_4":null,"type_etabl":"Maternelle","geo_point_2d":{"lon":2.320277019434117,"lat":48.892728593640946},"st_area_shape":74789.85162532458,"st_perimeter_shape":4572.506168900652}},{"type":"Feature","geometry":{"coordinates":[[[[2.322017,48.885365],[2.323348,48.884258],[2.322489,48.884078],[2.320902,48.88503],[2.321639,48.885695],[2.322017,48.885365]]],[[[2.32409,48.883125],[2.32351,48.883484],[2.323876,48.883561],[2.32409,48.883125]]],[[[2.323536,48.882931],[2.323233,48.882922],[2.322913,48.883609],[2.323883,48.883042],[2.323536,48.882931]]],[[[2.324384,48.883103],[2.32394,48.883574],[2.324928,48.883774],[2.325234,48.883274],[2.324384,48.883103]]],[[[2.324784,48.884012],[2.3234,48.883537],[2.322613,48.883996],[2.324448,48.884533],[2.324784,48.884012]]],[[[2.325534,48.883335],[2.32456,48.884608],[2.32495,48.884861],[2.325534,48.883335]]],[[[2.326171,48.884216],[2.326668,48.883675],[2.325838,48.883397],[2.325087,48.884952],[2.325313,48.885091],[2.326171,48.884216]]],[[[2.32402,48.885186],[2.324676,48.884781],[2.324051,48.884373],[2.323522,48.884288],[2.322867,48.884819],[2.323809,48.885346],[2.32402,48.885186]]],[[[2.326316,48.885568],[2.32708,48.883812],[2.326771,48.883771],[2.32547,48.8852],[2.326316,48.885568]]],[[[2.322893,48.88594],[2.323743,48.885391],[2.322858,48.884888],[2.321742,48.885756],[2.322372,48.886329],[2.322893,48.88594]]]],"type":"MultiPolygon"},"properties":{"id_projet":"MATERNELLES (année scolaire 2025/2026)","libelle":"TRUFFAUT (15) POLY","annee_scol":"2025-2026","zone_commune":0,"etiquette":"Secteur de l'école 15 RUE TRUFFAUT","lib_etab_1":"TRUFFAUT (15) POLY","lib_etab_2":null,"lib_etab_3":null,"lib_etab_4":null,"adr_etab_1":"15 RUE TRUFFAUT","adr_etab_2":null,"adr_etab_3":null,"adr_etab_4":null,"type_etabl":"Maternelle","geo_point_2d":{"lon":2.3240441433490084,"lat":48.884530239429026},"st_area_shape":75723.97282184192,"st_perimeter_shape":3845.5067459420807}},{"type":"Feature","geometry":{"coordinates":[[[[2.291981,48.888505],[2.289661,48.887369],[2.288975,48.887986],[2.289654,48.888394],[2.289874,48.888101],[2.290448,48.888166],[2.289774,48.888453],[2.29154,48.889454],[2.292407,48.889556],[2.29304,48.888882],[2.291981,48.888505]]],[[[2.294706,48.884618],[2.293678,48.88523],[2.295502,48.885027],[2.294706,48.884618]]],[[[2.292822,48.885135],[2.293475,48.885283],[2.293714,48.885059],[2.293242,48.884794],[2.29384,48.884988],[2.294242,48.884398],[2.293618,48.884127],[2.291978,48.885445],[2.293156,48.885323],[2.292822,48.885135]]],[[[2.29173,48.885474],[2.291687,48.885443],[2.291637,48.885482],[2.291639,48.885483],[2.291663,48.885498],[2.291702,48.885496],[2.29173,48.885474]]],[[[2.296606,48.885272],[2.295762,48.885287],[2.295856,48.886176],[2.296606,48.885272]]],[[[2.295601,48.885309],[2.29383,48.885539],[2.295657,48.886196],[2.295601,48.885309]]],[[[2.291308,48.886546],[2.291808,48.886192],[2.291477,48.8859],[2.290366,48.88638],[2.291308,48.886546]]],[[[2.293115,48.885973],[2.292735,48.886157],[2.293899,48.886872],[2.294498,48.886338],[2.293115,48.885973]]],[[[2.294781,48.886368],[2.294091,48.88699],[2.294664,48.887248],[2.29534,48.886575],[2.294781,48.886368]]],[[[2.292382,48.886307],[2.291193,48.886983],[2.291702,48.887245],[2.292694,48.886543],[2.292382,48.886307]]],[[[2.292203,48.887442],[2.293393,48.886926],[2.292812,48.886617],[2.291853,48.887297],[2.292203,48.887442]]],[[[2.289591,48.888498],[2.28904,48.888228],[2.288916,48.888275],[2.289214,48.888409],[2.289506,48.888548],[2.289591,48.888498]]],[[[2.294751,48.889709],[2.294482,48.889801],[2.295486,48.890088],[2.294751,48.889709]]],[[[2.296142,48.889601],[2.294208,48.88883],[2.293743,48.888835],[2.292944,48.889619],[2.29426,48.889775],[2.294763,48.88955],[2.296035,48.890196],[2.296142,48.889601]]],[[[2.295981,48.890314],[2.295781,48.890248],[2.295731,48.890273],[2.295924,48.890371],[2.297199,48.891028],[2.297238,48.890976],[2.296239,48.890449],[2.295981,48.890314]]],[[[2.297546,48.890048],[2.296371,48.890372],[2.29803,48.891427],[2.298459,48.89096],[2.297449,48.890338],[2.297546,48.890048]]]],"type":"MultiPolygon"},"properties":{"id_projet":"MATERNELLES (année scolaire 2025/2026)","libelle":"LOUIS VIERNE (6) MAT","annee_scol":"2025-2026","zone_commune":0,"etiquette":"Secteur de l'école 6 RUE LOUIS VIERNE","lib_etab_1":"LOUIS VIERNE (6) MAT","lib_etab_2":null,"lib_etab_3":null,"lib_etab_4":null,"adr_etab_1":"6 RUE LOUIS VIERNE","adr_etab_2":null,"adr_etab_3":null,"adr_etab_4":null,"type_etabl":"Maternelle","geo_point_2d":{"lon":2.2934457458681266,"lat":48.88758954560942},"st_area_shape":107938.59383501287,"st_perimeter_shape":5976.225822554647}},{"type":"Feature","geometry":{"coordinates":[[[[2.311288,48.890234],[2.312952,48.889278],[2.312924,48.887731],[2.310058,48.887889],[2.305226,48.887321],[2.305164,48.887555],[2.310878,48.888077],[2.30899,48.888806],[2.309461,48.888835],[2.311288,48.890234]]],[[[2.308842,48.887606],[2.308189,48.887142],[2.307736,48.887452],[2.308842,48.887606]]],[[[2.31195,48.887269],[2.31138,48.886937],[2.310893,48.887124],[2.309564,48.886083],[2.30927,48.886306],[2.311346,48.887645],[2.31195,48.887269]]],[[[2.312774,48.887084],[2.311499,48.887699],[2.313528,48.887394],[2.312774,48.887084]]],[[[2.310028,48.88769],[2.308662,48.886787],[2.308294,48.887032],[2.309206,48.887657],[2.310028,48.88769]]],[[[2.310205,48.887351],[2.311273,48.887689],[2.309214,48.886371],[2.308767,48.886678],[2.310348,48.887749],[2.310724,48.887733],[2.310205,48.887351]]],[[[2.308934,48.888624],[2.310153,48.88823],[2.307094,48.887931],[2.306605,48.888298],[2.306947,48.888569],[2.3065,48.888379],[2.307593,48.889073],[2.308934,48.888624]]],[[[2.299629,48.889604],[2.299799,48.889289],[2.300412,48.88932],[2.301009,48.88888],[2.299587,48.888264],[2.298165,48.888815],[2.299629,48.889604]]],[[[2.306582,48.887872],[2.304443,48.888949],[2.304173,48.889848],[2.306582,48.887872]]],[[[2.297903,48.888945],[2.2997,48.890093],[2.300024,48.889948],[2.297903,48.888945]]]],"type":"MultiPolygon"},"properties":{"id_projet":"MATERNELLES (année scolaire 2025/2026)","libelle":"TAPISSERIES (8) MAT","annee_scol":"2025-2026","zone_commune":0,"etiquette":"Secteur de l'école 8 RUE DES TAPISSERIES","lib_etab_1":"TAPISSERIES (8) MAT","lib_etab_2":null,"lib_etab_3":null,"lib_etab_4":null,"adr_etab_1":"8 RUE DES TAPISSERIES","adr_etab_2":null,"adr_etab_3":null,"adr_etab_4":null,"type_etabl":"Maternelle","geo_point_2d":{"lon":2.3081349086062457,"lat":48.88838446450534},"st_area_shape":130797.45113209805,"st_perimeter_shape":6236.259061684179}},{"type":"Feature","geometry":{"coordinates":[[[[2.326341,48.895483],[2.326079,48.895076],[2.325247,48.895333],[2.324957,48.894776],[2.32425,48.894863],[2.323372,48.893776],[2.322847,48.893637],[2.324113,48.895236],[2.324463,48.895222],[2.324183,48.895325],[2.324528,48.895761],[2.326341,48.895483]]],[[[2.32241,48.894235],[2.322109,48.893831],[2.321554,48.894003],[2.321885,48.894388],[2.32241,48.894235]]],[[[2.320934,48.894743],[2.32061,48.894335],[2.319948,48.894538],[2.320596,48.895237],[2.321176,48.895046],[2.320934,48.894743]]],[[[2.321031,48.895488],[2.321387,48.895341],[2.320685,48.895358],[2.321031,48.895488]]],[[[2.323548,48.895765],[2.322509,48.894366],[2.322012,48.894519],[2.322983,48.895729],[2.323548,48.895765]]],[[[2.322679,48.893655],[2.322269,48.893802],[2.323736,48.895776],[2.324257,48.895783],[2.322679,48.893655]]],[[[2.322834,48.895798],[2.321429,48.894041],[2.321164,48.894244],[2.321542,48.894659],[2.320754,48.894285],[2.321884,48.895681],[2.322834,48.895798]]],[[[2.321658,48.895657],[2.321438,48.89538],[2.320181,48.895352],[2.31975,48.894616],[2.318523,48.895023],[2.320594,48.895686],[2.321658,48.895657]]],[[[2.322892,48.895998],[2.322059,48.89593],[2.32231,48.896205],[2.322892,48.895998]]],[[[2.323896,48.896576],[2.324622,48.896359],[2.324474,48.896181],[2.324717,48.896325],[2.323254,48.896059],[2.323896,48.896576]]],[[[2.324882,48.896358],[2.32379,48.896715],[2.324234,48.897255],[2.324882,48.896358]]],[[[2.322865,48.897177],[2.322171,48.896307],[2.32163,48.896487],[2.322142,48.89624],[2.321881,48.895934],[2.318603,48.895354],[2.320259,48.896029],[2.320659,48.895862],[2.321416,48.896837],[2.321808,48.896714],[2.322178,48.897181],[2.322865,48.897177]]],[[[2.323967,48.897156],[2.323036,48.896],[2.322582,48.896157],[2.323058,48.896754],[2.322328,48.89625],[2.323157,48.897286],[2.323967,48.897156]]],[[[2.324323,48.897838],[2.324274,48.897734],[2.32422,48.897763],[2.324206,48.89783],[2.324186,48.897918],[2.324149,48.898085],[2.324159,48.898105],[2.324253,48.898088],[2.324323,48.897838]]],[[[2.323857,48.897694],[2.323456,48.897751],[2.323617,48.898652],[2.323857,48.897694]]],[[[2.32413,48.898323],[2.324097,48.89832],[2.324077,48.898409],[2.324046,48.898549],[2.324004,48.898742],[2.324067,48.898792],[2.324165,48.898755],[2.3242,48.898453],[2.32413,48.898323]]]],"type":"MultiPolygon"},"properties":{"id_projet":"MATERNELLES (année scolaire 2025/2026)","libelle":"EPINETTES (44) MAT","annee_scol":"2025-2026","zone_commune":0,"etiquette":"Secteur de l'école 44 RUE DES EPINETTES","lib_etab_1":"EPINETTES (44) MAT","lib_etab_2":null,"lib_etab_3":null,"lib_etab_4":null,"adr_etab_1":"44 RUE DES EPINETTES","adr_etab_2":null,"adr_etab_3":null,"adr_etab_4":null,"type_etabl":"Maternelle","geo_point_2d":{"lon":2.322595161327935,"lat":48.89561374623944},"st_area_shape":90889.45574352733,"st_perimeter_shape":6652.619622156113}},{"type":"Feature","geometry":{"coordinates":[[[[2.321824,48.893437],[2.320282,48.891569],[2.319318,48.891351],[2.318707,48.891579],[2.32064,48.894139],[2.322022,48.893719],[2.321824,48.893437]]],[[[2.319775,48.890981],[2.319367,48.891252],[2.320125,48.891388],[2.319775,48.890981]]],[[[2.320293,48.89069],[2.319877,48.890921],[2.320333,48.89145],[2.321051,48.891595],[2.320293,48.89069]]],[[[2.32074,48.890678],[2.320396,48.890629],[2.32132,48.891604],[2.32074,48.890678]]],[[[2.322716,48.893152],[2.321335,48.891817],[2.322658,48.893492],[2.322716,48.893152]]],[[[2.320735,48.89166],[2.32216,48.893656],[2.322565,48.893551],[2.32119,48.891769],[2.320735,48.89166]]],[[[2.322667,48.893652],[2.32264,48.893646],[2.322512,48.893686],[2.322342,48.893738],[2.32227,48.89376],[2.322257,48.893786],[2.322269,48.893802],[2.322392,48.893797],[2.322586,48.893777],[2.322667,48.893652]]],[[[2.322087,48.893826],[2.32207,48.893823],[2.321798,48.893906],[2.321594,48.893969],[2.321814,48.894108],[2.321916,48.894071],[2.321916,48.89407],[2.321905,48.894054],[2.321987,48.894027],[2.322087,48.893826]]],[[[2.319773,48.893281],[2.318524,48.891705],[2.31808,48.89194],[2.319866,48.894402],[2.320494,48.89419],[2.319773,48.893281]]],[[[2.317948,48.892045],[2.317908,48.89204],[2.31792,48.892321],[2.317926,48.89233],[2.317942,48.892352],[2.317962,48.892379],[2.31797,48.892391],[2.317985,48.892411],[2.318006,48.892441],[2.318035,48.892481],[2.318058,48.892514],[2.318066,48.892523],[2.318069,48.892528],[2.318134,48.892618],[2.31814,48.892627],[2.31816,48.892654],[2.318199,48.892708],[2.318268,48.892804],[2.318283,48.892825],[2.318311,48.892864],[2.318339,48.892903],[2.318345,48.892911],[2.318383,48.892964],[2.31843,48.893029],[2.318439,48.893042],[2.318454,48.893062],[2.31845,48.893063],[2.318452,48.893065],[2.318465,48.893083],[2.318492,48.89312],[2.318498,48.893127],[2.318516,48.893152],[2.318526,48.893166],[2.318557,48.893208],[2.318586,48.893248],[2.318587,48.893249],[2.318619,48.893292],[2.318649,48.893334],[2.318658,48.893346],[2.318662,48.893351],[2.318684,48.893381],[2.318729,48.893443],[2.318855,48.893627],[2.31894,48.89374],[2.318951,48.893755],[2.318974,48.893787],[2.319007,48.893833],[2.319034,48.893871],[2.319049,48.893892],[2.31905,48.893893],[2.319058,48.893904],[2.319069,48.89392],[2.319082,48.893938],[2.319109,48.893975],[2.319172,48.894063],[2.319222,48.894133],[2.319244,48.894164],[2.319279,48.894213],[2.319289,48.894227],[2.319296,48.894236],[2.319307,48.894251],[2.319312,48.894258],[2.319373,48.894344],[2.319375,48.894346],[2.319405,48.894388],[2.319414,48.8944],[2.319441,48.894438],[2.319705,48.894471],[2.319718,48.894449],[2.319656,48.894365],[2.319591,48.894276],[2.319512,48.894168],[2.319457,48.894094],[2.319385,48.893997],[2.319321,48.89391],[2.319261,48.893828],[2.319161,48.893692],[2.319066,48.893563],[2.31893,48.893379],[2.318864,48.893289],[2.318833,48.893247],[2.318787,48.893185],[2.318698,48.893063],[2.31865,48.892998],[2.318578,48.892901],[2.318535,48.892843],[2.318462,48.892744],[2.318391,48.892647],[2.318325,48.892557],[2.318259,48.892467],[2.318222,48.892417],[2.318158,48.892331],[2.318107,48.892261],[2.317948,48.892045]]],[[[2.320595,48.894317],[2.320562,48.89431],[2.320452,48.894348],[2.320315,48.894395],[2.320086,48.894475],[2.319961,48.894518],[2.319953,48.89453],[2.320165,48.89457],[2.320184,48.894593],[2.320226,48.894644],[2.320254,48.894634],[2.320259,48.894633],[2.320315,48.894614],[2.320349,48.894602],[2.320357,48.894599],[2.320417,48.894578],[2.320448,48.894568],[2.320483,48.894556],[2.320571,48.894526],[2.320588,48.89452],[2.320561,48.894485],[2.320532,48.894449],[2.320521,48.894435],[2.32052,48.894433],[2.320514,48.894426],[2.320511,48.894422],[2.32061,48.894335],[2.320595,48.894317]]],[[[2.321387,48.894489],[2.321164,48.894244],[2.321376,48.894037],[2.320971,48.894167],[2.321209,48.894485],[2.320741,48.894269],[2.321387,48.894489]]]],"type":"MultiPolygon"},"properties":{"id_projet":"MATERNELLES (année scolaire 2025/2026)","libelle":"FLEURS (61) MAT","annee_scol":"2025-2026","zone_commune":0,"etiquette":"Secteur de l'école 61 CITE DES FLEURS","lib_etab_1":"FLEURS (61) MAT","lib_etab_2":null,"lib_etab_3":null,"lib_etab_4":null,"adr_etab_1":"61 CITE DES FLEURS","adr_etab_2":null,"adr_etab_3":null,"adr_etab_4":null,"type_etabl":"Maternelle","geo_point_2d":{"lon":2.320277019434117,"lat":48.892728593640946},"st_area_shape":74789.85162532458,"st_perimeter_shape":4572.506168900652}},{"type":"Feature","geometry":{"coordinates":[[[[2.302515,48.88446],[2.298143,48.885135],[2.303034,48.885165],[2.302515,48.88446]]],[[[2.300626,48.887086],[2.297457,48.885513],[2.297613,48.886332],[2.298182,48.887011],[2.300626,48.887086]]],[[[2.301246,48.885636],[2.301526,48.885373],[2.29878,48.885467],[2.300521,48.886188],[2.301246,48.885636]]],[[[2.302909,48.885389],[2.301828,48.885367],[2.300747,48.886265],[2.301523,48.886471],[2.302909,48.885389]]],[[[2.303881,48.886243],[2.303693,48.88605],[2.302412,48.886724],[2.304314,48.88705],[2.303881,48.886243]]],[[[2.301867,48.883475],[2.300549,48.884013],[2.30122,48.884308],[2.302201,48.884184],[2.301867,48.883475]]],[[[2.302906,48.885958],[2.303655,48.885934],[2.303225,48.885423],[2.301816,48.886579],[2.303206,48.886158],[2.302906,48.885958]]],[[[2.297048,48.885496],[2.296079,48.886326],[2.297368,48.886813],[2.297048,48.885496]]],[[[2.300476,48.88729],[2.298424,48.88713],[2.299694,48.88747],[2.299818,48.887805],[2.300476,48.88729]]],[[[2.298541,48.885539],[2.297893,48.885474],[2.299204,48.886124],[2.299493,48.885971],[2.298541,48.885539]]],[[[2.300384,48.884068],[2.299273,48.884507],[2.300876,48.884351],[2.300384,48.884068]]]],"type":"MultiPolygon"},"properties":{"id_projet":"MATERNELLES (année scolaire 2020/2021)","libelle":"GUSTAVE DORE (3) MAT","annee_scol":"2020-2021","zone_commune":0,"etiquette":"Secteur de l'école 3 RUE GUSTAVE DORE","lib_etab_1":"GUSTAVE DORE (3) MAT","lib_etab_2":null,"lib_etab_3":null,"lib_etab_4":null,"adr_etab_1":"3 RUE GUSTAVE DORE","adr_etab_2":null,"adr_etab_3":null,"adr_etab_4":null,"type_etabl":null,"geo_point_2d":{"lon":2.300456277167775,"lat":48.88574345908969},"st_area_shape":96268.97556390977,"st_perimeter_shape":4936.288970757163}},{"type":"Feature","geometry":{"coordinates":[[[[2.302515,48.88446],[2.298143,48.885135],[2.303034,48.885165],[2.302515,48.88446]]],[[[2.300626,48.887086],[2.297457,48.885513],[2.297613,48.886332],[2.298182,48.887011],[2.300626,48.887086]]],[[[2.301246,48.885636],[2.301526,48.885373],[2.29878,48.885467],[2.300521,48.886188],[2.301246,48.885636]]],[[[2.302909,48.885389],[2.301828,48.885367],[2.300747,48.886265],[2.301523,48.886471],[2.302909,48.885389]]],[[[2.303881,48.886243],[2.303693,48.88605],[2.302412,48.886724],[2.304314,48.88705],[2.303881,48.886243]]],[[[2.301867,48.883475],[2.300549,48.884013],[2.30122,48.884308],[2.302201,48.884184],[2.301867,48.883475]]],[[[2.302906,48.885958],[2.303655,48.885934],[2.303225,48.885423],[2.301816,48.886579],[2.303206,48.886158],[2.302906,48.885958]]],[[[2.297048,48.885496],[2.296079,48.886326],[2.297368,48.886813],[2.297048,48.885496]]],[[[2.300476,48.88729],[2.298424,48.88713],[2.299694,48.88747],[2.299818,48.887805],[2.300476,48.88729]]],[[[2.298541,48.885539],[2.297893,48.885474],[2.299204,48.886124],[2.299493,48.885971],[2.298541,48.885539]]],[[[2.300384,48.884068],[2.299273,48.884507],[2.300876,48.884351],[2.300384,48.884068]]]],"type":"MultiPolygon"},"properties":{"id_projet":"MATERNELLES (année scolaire 2021/2022)","libelle":"GUSTAVE DORE (3) MAT","annee_scol":"2021-2022","zone_commune":0,"etiquette":"Secteur de l'école 3 RUE GUSTAVE DORE","lib_etab_1":"GUSTAVE DORE (3) MAT","lib_etab_2":null,"lib_etab_3":null,"lib_etab_4":null,"adr_etab_1":"3 RUE GUSTAVE DORE","adr_etab_2":null,"adr_etab_3":null,"adr_etab_4":null,"type_etabl":"Maternelle","geo_point_2d":{"lon":2.300456277167775,"lat":48.88574345908969},"st_area_shape":96268.97556390977,"st_perimeter_shape":4936.288970757163}},{"type":"Feature","geometry":{"coordinates":[[[[2.300218,48.892229],[2.300611,48.892219],[2.298059,48.890425],[2.298025,48.889799],[2.297615,48.889496],[2.296355,48.890283],[2.297287,48.889913],[2.297449,48.890338],[2.298459,48.89096],[2.29803,48.891427],[2.299914,48.892343],[2.300218,48.892229]]],[[[2.295985,48.889289],[2.296097,48.889083],[2.29704,48.88928],[2.294851,48.88788],[2.293743,48.888835],[2.295319,48.889117],[2.296142,48.889601],[2.296047,48.890195],[2.296787,48.889663],[2.295985,48.889289]]],[[[2.295645,48.887529],[2.297062,48.887113],[2.295829,48.886739],[2.295166,48.887399],[2.295645,48.887529]]],[[[2.297705,48.887535],[2.296068,48.887915],[2.297191,48.888361],[2.297705,48.887535]]],[[[2.301611,48.891209],[2.29988,48.890193],[2.299569,48.890437],[2.301411,48.891588],[2.301611,48.891209]]],[[[2.298461,48.887669],[2.297999,48.887537],[2.297898,48.887846],[2.298834,48.88829],[2.299305,48.888164],[2.298461,48.887669]]],[[[2.299903,48.890101],[2.297677,48.889044],[2.299545,48.890302],[2.299903,48.890101]]],[[[2.298032,48.888131],[2.297679,48.88805],[2.297448,48.888569],[2.298535,48.888462],[2.298032,48.888131]]],[[[2.298946,48.887291],[2.299818,48.887805],[2.299694,48.88747],[2.298946,48.887291]]]],"type":"MultiPolygon"},"properties":{"id_projet":"MATERNELLES (année scolaire 2022/2023)","libelle":"REIMS (38-40) POLY","annee_scol":"2022-2023","zone_commune":0,"etiquette":"Secteur de l'école 38 BOULEVARD DE REIMS","lib_etab_1":"REIMS (38-40) POLY","lib_etab_2":null,"lib_etab_3":null,"lib_etab_4":null,"adr_etab_1":"38 BOULEVARD DE REIMS","adr_etab_2":null,"adr_etab_3":null,"adr_etab_4":null,"type_etabl":"Maternelle","geo_point_2d":{"lon":2.29751598861892,"lat":48.88929068163153},"st_area_shape":75127.32315800253,"st_perimeter_shape":4542.89179855214}},{"type":"Feature","geometry":{"coordinates":[[[[2.314603,48.893584],[2.31815,48.891541],[2.3166,48.889788],[2.312881,48.891839],[2.313719,48.892178],[2.311499,48.893345],[2.313685,48.894162],[2.314603,48.893584]]],[[[2.314543,48.884889],[2.314531,48.884884],[2.31443,48.88508],[2.314441,48.885085],[2.314543,48.884889]]],[[[2.313054,48.891724],[2.313062,48.891713],[2.313047,48.891721],[2.313054,48.891724]]]],"type":"MultiPolygon"},"properties":{"id_projet":"MATERNELLES (année scolaire 2022/2023)","libelle":"ZM BERNARD BUFFET(14)/GILBERT CESBRON(1)","annee_scol":"2022-2023","zone_commune":1,"etiquette":"Secteur commun des écoles \n14 RUE BERNARD BUFFET \n1 RUE GILBERT CESBRON","lib_etab_1":"BERNARD BUFFET (14) POLY","lib_etab_2":"GILBERT CESBRON (1) POLY","lib_etab_3":null,"lib_etab_4":null,"adr_etab_1":"14 RUE BERNARD BUFFET","adr_etab_2":"1 RUE GILBERT CESBRON","adr_etab_3":null,"adr_etab_4":null,"type_etabl":"Maternelle","geo_point_2d":{"lon":2.315078426821885,"lat":48.89205313395434},"st_area_shape":102551.90947416317,"st_perimeter_shape":1659.5000724891115}},{"type":"Feature","geometry":{"coordinates":[[[[2.29246,48.878884],[2.294002,48.87853],[2.29402,48.878306],[2.292248,48.877188],[2.29164,48.87809],[2.292164,48.8781],[2.291941,48.878843],[2.291709,48.878667],[2.291973,48.878258],[2.291616,48.878129],[2.291059,48.879007],[2.29246,48.878884]]],[[[2.293653,48.874895],[2.293948,48.874589],[2.293319,48.874673],[2.293653,48.874895]]],[[[2.294554,48.875187],[2.294412,48.874779],[2.294159,48.875077],[2.294554,48.875187]]],[[[2.295175,48.875219],[2.29576,48.875142],[2.295519,48.874814],[2.295101,48.874861],[2.295175,48.875219]]],[[[2.293186,48.874737],[2.291512,48.875271],[2.292526,48.876272],[2.293596,48.875005],[2.293186,48.874737]]],[[[2.295964,48.875424],[2.29502,48.875329],[2.294851,48.876332],[2.295964,48.875424]]],[[[2.294109,48.875203],[2.293607,48.875731],[2.294329,48.876496],[2.294534,48.875293],[2.294109,48.875203]]],[[[2.289887,48.876237],[2.289346,48.876071],[2.289926,48.876787],[2.290312,48.876426],[2.289887,48.876237]]],[[[2.291984,48.876916],[2.2924,48.87642],[2.291328,48.875324],[2.289408,48.875919],[2.291984,48.876916]]],[[[2.29488,48.877129],[2.29634,48.875946],[2.296048,48.875537],[2.294812,48.876555],[2.29488,48.877129]]],[[[2.296643,48.876359],[2.296389,48.876047],[2.294933,48.87723],[2.295167,48.877451],[2.296643,48.876359]]],[[[2.293325,48.877417],[2.293939,48.876292],[2.293551,48.875845],[2.292429,48.877128],[2.293325,48.877417]]],[[[2.288747,48.876435],[2.288845,48.876097],[2.287462,48.876558],[2.288054,48.877703],[2.288747,48.876435]]],[[[2.294888,48.877353],[2.294606,48.87777],[2.295029,48.87755],[2.294888,48.877353]]],[[[2.28732,48.876604],[2.285882,48.877066],[2.287799,48.877792],[2.28732,48.876604]]],[[[2.285685,48.877116],[2.284451,48.877495],[2.284863,48.877883],[2.287717,48.877885],[2.285685,48.877116]]],[[[2.291861,48.877511],[2.292087,48.877109],[2.291606,48.876922],[2.291098,48.877406],[2.291575,48.876899],[2.291135,48.876724],[2.290455,48.877576],[2.291572,48.877968],[2.291861,48.877511]]],[[[2.294168,48.876544],[2.294012,48.876416],[2.293322,48.877678],[2.29375,48.877982],[2.294123,48.877728],[2.294168,48.876544]]],[[[2.297239,48.877182],[2.296679,48.876462],[2.295209,48.877551],[2.295669,48.878147],[2.297598,48.877707],[2.297239,48.877182]]],[[[2.294113,48.877782],[2.293782,48.878005],[2.294051,48.878157],[2.294113,48.877782]]],[[[2.295111,48.877625],[2.294586,48.87792],[2.294499,48.878391],[2.295516,48.878181],[2.295111,48.877625]]],[[[2.290071,48.877819],[2.290933,48.876646],[2.290478,48.876505],[2.289422,48.877589],[2.289843,48.87697],[2.289105,48.876151],[2.288324,48.877742],[2.28921,48.878295],[2.289834,48.87778],[2.289284,48.878354],[2.289563,48.878459],[2.290071,48.877819]]],[[[2.290899,48.878902],[2.291408,48.878089],[2.290355,48.877707],[2.28969,48.878505],[2.290899,48.878902]]],[[[2.287773,48.878431],[2.287702,48.878019],[2.285052,48.878033],[2.287275,48.879331],[2.287773,48.878431]]],[[[2.288825,48.878304],[2.28808,48.878238],[2.287714,48.879046],[2.289317,48.879607],[2.290849,48.879113],[2.288825,48.878304]]],[[[2.287811,48.879203],[2.287522,48.879465],[2.288226,48.879844],[2.289038,48.879671],[2.287811,48.879203]]],[[[2.288287,48.880013],[2.284227,48.877836],[2.287978,48.880084],[2.288287,48.880013]]],[[[2.287501,48.880026],[2.2865,48.879463],[2.286778,48.880173],[2.287501,48.880026]]],[[[2.286559,48.880242],[2.286318,48.879322],[2.284409,48.878255],[2.285227,48.880122],[2.286559,48.880242]]],[[[2.285354,48.88025],[2.285337,48.880524],[2.286122,48.880343],[2.285354,48.88025]]]],"type":"MultiPolygon"},"properties":{"id_projet":"MATERNELLES (année scolaire 2023/2024)","libelle":"COLONEL MOLL (16) MAT","annee_scol":"2023-2024","zone_commune":0,"etiquette":"Secteur de l'école 16 RUE DU COLONEL MOLL","lib_etab_1":"COLONEL MOLL (16) MAT","lib_etab_2":null,"lib_etab_3":null,"lib_etab_4":null,"adr_etab_1":"16 RUE DU COLONEL MOLL","adr_etab_2":null,"adr_etab_3":null,"adr_etab_4":null,"type_etabl":"Maternelle","geo_point_2d":{"lon":2.2906180356992336,"lat":48.87756089316925},"st_area_shape":263692.3515529217,"st_perimeter_shape":12781.499611984456}},{"type":"Feature","geometry":{"coordinates":[[[[2.325474,48.887377],[2.325737,48.886716],[2.32436,48.886152],[2.323704,48.886571],[2.325134,48.887222],[2.323691,48.88658],[2.32312,48.886967],[2.324536,48.887921],[2.325474,48.887377]]],[[[2.325109,48.883479],[2.324542,48.883525],[2.324943,48.88375],[2.325109,48.883479]]],[[[2.324784,48.884012],[2.324897,48.88384],[2.324506,48.88386],[2.324433,48.884523],[2.324784,48.884012]]],[[[2.325534,48.883335],[2.32456,48.884608],[2.32495,48.884861],[2.325534,48.883335]]],[[[2.326171,48.884216],[2.326668,48.883675],[2.325838,48.883397],[2.325087,48.884952],[2.325313,48.885091],[2.326171,48.884216]]],[[[2.326316,48.885568],[2.32708,48.883812],[2.326771,48.883771],[2.32547,48.8852],[2.326316,48.885568]]],[[[2.32583,48.885537],[2.325423,48.885272],[2.325034,48.885614],[2.326001,48.886188],[2.326205,48.885801],[2.32583,48.885537]]],[[[2.325668,48.886085],[2.324955,48.885658],[2.324402,48.886104],[2.325765,48.886664],[2.325668,48.886085]]],[[[2.323329,48.886693],[2.325339,48.885216],[2.324768,48.884841],[2.322465,48.886379],[2.323042,48.886912],[2.323329,48.886693]]],[[[2.321832,48.887431],[2.32294,48.886939],[2.322395,48.886463],[2.322401,48.887007],[2.321588,48.887327],[2.321832,48.887431]]],[[[2.323058,48.887042],[2.322247,48.887515],[2.323553,48.888495],[2.324457,48.887992],[2.323058,48.887042]]],[[[2.325185,48.888768],[2.325769,48.888534],[2.325494,48.887714],[2.324338,48.888333],[2.325185,48.888768]]],[[[2.324017,48.888894],[2.324541,48.888645],[2.324204,48.888412],[2.32349,48.888823],[2.324017,48.888894]]],[[[2.325968,48.889131],[2.325765,48.888609],[2.323825,48.889099],[2.325191,48.890102],[2.32618,48.889758],[2.325968,48.889131]]],[[[2.326226,48.889895],[2.325196,48.890133],[2.326017,48.890724],[2.326452,48.890567],[2.326226,48.889895]]],[[[2.325469,48.890476],[2.32338,48.888907],[2.322927,48.889149],[2.325227,48.890958],[2.325833,48.890782],[2.325469,48.890476]]],[[[2.322787,48.889242],[2.322492,48.889424],[2.324711,48.891123],[2.325051,48.891023],[2.322787,48.889242]]],[[[2.324582,48.89116],[2.32239,48.889484],[2.321893,48.889743],[2.324025,48.891169],[2.324582,48.89116]]],[[[2.321224,48.890904],[2.320809,48.890398],[2.320402,48.890608],[2.321054,48.890907],[2.321243,48.891643],[2.321944,48.891782],[2.321224,48.890904]]]],"type":"MultiPolygon"},"properties":{"id_projet":"MATERNELLES (année scolaire 2023/2024)","libelle":"DAUTANCOURT (16) MAT","annee_scol":"2023-2024","zone_commune":0,"etiquette":"Secteur de l'école 16 RUE DAUTANCOURT","lib_etab_1":"DAUTANCOURT (16) MAT","lib_etab_2":null,"lib_etab_3":null,"lib_etab_4":null,"adr_etab_1":"16 RUE DAUTANCOURT","adr_etab_2":null,"adr_etab_3":null,"adr_etab_4":null,"type_etabl":"Maternelle","geo_point_2d":{"lon":2.3245308807129352,"lat":48.887501525725995},"st_area_shape":153151.69879072678,"st_perimeter_shape":8345.055579584676}},{"type":"Feature","geometry":{"coordinates":[[[[2.319565,48.890255],[2.318608,48.88957],[2.317356,48.890244],[2.317809,48.890308],[2.318543,48.891402],[2.319964,48.890581],[2.319565,48.890255]]],[[[2.319756,48.884625],[2.319113,48.884988],[2.319791,48.885554],[2.320649,48.88504],[2.319756,48.884625]]],[[[2.317951,48.885932],[2.319394,48.884466],[2.318572,48.884119],[2.316993,48.885673],[2.317713,48.886119],[2.317951,48.885932]]],[[[2.318299,48.886311],[2.319691,48.885614],[2.318981,48.885125],[2.317875,48.88619],[2.318299,48.886311]]],[[[2.31745,48.886109],[2.316751,48.886461],[2.317001,48.886566],[2.31745,48.886109]]],[[[2.317864,48.886351],[2.317757,48.886288],[2.317716,48.886288],[2.317568,48.886376],[2.31742,48.886464],[2.317311,48.886528],[2.317137,48.886631],[2.317139,48.886658],[2.31728,48.88673],[2.317446,48.88663],[2.317562,48.88656],[2.317705,48.886474],[2.317865,48.886377],[2.317864,48.886351]]],[[[2.320142,48.886048],[2.3198,48.885694],[2.318574,48.886623],[2.318882,48.886779],[2.320142,48.886048]]],[[[2.31772,48.887021],[2.318287,48.886681],[2.31804,48.886532],[2.317503,48.886858],[2.31772,48.887021]]],[[[2.319563,48.886961],[2.320658,48.886288],[2.320407,48.886138],[2.318979,48.88683],[2.319563,48.886961]]],[[[2.320062,48.887164],[2.321011,48.886623],[2.320697,48.886406],[2.319512,48.887144],[2.320062,48.887164]]],[[[2.318811,48.887423],[2.319244,48.887158],[2.318458,48.886697],[2.317809,48.887085],[2.318364,48.887664],[2.318811,48.887423]]],[[[2.319783,48.887629],[2.319348,48.887243],[2.318484,48.88779],[2.318984,48.888273],[2.319783,48.887629]]],[[[2.317912,48.887393],[2.316885,48.887983],[2.317347,48.8883],[2.31824,48.887769],[2.317912,48.887393]]],[[[2.316605,48.886595],[2.315107,48.88767],[2.315726,48.888322],[2.317502,48.887334],[2.316605,48.886595]]],[[[2.320575,48.888797],[2.32066,48.88862],[2.320578,48.888668],[2.320535,48.888637],[2.320509,48.888617],[2.320337,48.888636],[2.320469,48.888733],[2.320556,48.888797],[2.320575,48.888797]]],[[[2.318366,48.887867],[2.317453,48.888408],[2.318045,48.888821],[2.318816,48.888371],[2.318366,48.887867]]],[[[2.32028,48.888249],[2.319832,48.888115],[2.320196,48.88771],[2.319063,48.888394],[2.319586,48.888901],[2.32028,48.888249]]],[[[2.31683,48.888608],[2.317104,48.888419],[2.316684,48.888105],[2.315804,48.888657],[2.31617,48.889001],[2.31683,48.888608]]],[[[2.318942,48.888469],[2.318151,48.888929],[2.318754,48.889353],[2.319416,48.888997],[2.318942,48.888469]]],[[[2.321615,48.889072],[2.320687,48.888891],[2.321631,48.889583],[2.321891,48.889273],[2.321615,48.889072]]],[[[2.317548,48.889111],[2.3178,48.888939],[2.31721,48.888527],[2.316233,48.889107],[2.316834,48.889217],[2.316711,48.8896],[2.317548,48.889111]]],[[[2.319538,48.889093],[2.318863,48.889459],[2.319331,48.889808],[2.319903,48.889476],[2.319538,48.889093]]],[[[2.320236,48.888691],[2.319661,48.889017],[2.320719,48.890119],[2.321535,48.889675],[2.320236,48.888691]]],[[[2.317978,48.88907],[2.316873,48.889647],[2.317276,48.890148],[2.3185,48.889491],[2.317978,48.88907]]],[[[2.320011,48.889584],[2.319459,48.889905],[2.320212,48.890439],[2.320596,48.890193],[2.320011,48.889584]]]],"type":"MultiPolygon"},"properties":{"id_projet":"MATERNELLES (année scolaire 2024/2025)","libelle":"BROCHANT (28) MAT","annee_scol":"2024-2025","zone_commune":0,"etiquette":"Secteur de l'école 28 RUE BROCHANT","lib_etab_1":"BROCHANT (28) MAT","lib_etab_2":null,"lib_etab_3":null,"lib_etab_4":null,"adr_etab_1":"28 RUE BROCHANT","adr_etab_2":null,"adr_etab_3":null,"adr_etab_4":null,"type_etabl":"Maternelle","geo_point_2d":{"lon":2.318549657930591,"lat":48.88780764461684},"st_area_shape":152132.81094426048,"st_perimeter_shape":8135.487699286009}},{"type":"Feature","geometry":{"coordinates":[[[[2.313341,48.886286],[2.314702,48.884499],[2.313647,48.88388],[2.311021,48.885122],[2.3131,48.886567],[2.313341,48.886286]],[[2.31272,48.885181],[2.312729,48.885174],[2.312734,48.885177],[2.312725,48.885184],[2.31272,48.885181]]],[[[2.314435,48.881933],[2.31441,48.88191],[2.314147,48.881967],[2.314143,48.881968],[2.31387,48.882026],[2.313857,48.882072],[2.314043,48.882171],[2.314112,48.882169],[2.314279,48.882046],[2.314435,48.881933]]],[[[2.31512,48.88247],[2.3154,48.882221],[2.314865,48.881822],[2.314271,48.882253],[2.314896,48.882633],[2.31512,48.88247]]],[[[2.315589,48.882883],[2.31595,48.882627],[2.315654,48.882187],[2.315345,48.882433],[2.315532,48.882552],[2.314854,48.882853],[2.315589,48.882883]]],[[[2.312795,48.883125],[2.313949,48.882237],[2.312029,48.882417],[2.312795,48.883125]]],[[[2.311782,48.882533],[2.310681,48.88304],[2.312433,48.88319],[2.311782,48.882533]]],[[[2.314116,48.883347],[2.31482,48.882734],[2.314183,48.882364],[2.312954,48.883207],[2.313801,48.883587],[2.314116,48.883347]]],[[[2.31291,48.883448],[2.312773,48.883367],[2.312732,48.883369],[2.312573,48.883484],[2.312448,48.883574],[2.312322,48.883665],[2.31223,48.883732],[2.312118,48.883813],[2.312245,48.88389],[2.312368,48.883813],[2.312454,48.88376],[2.31259,48.883675],[2.312726,48.88359],[2.312911,48.883475],[2.31291,48.883448]]],[[[2.314645,48.883814],[2.315258,48.883254],[2.314787,48.882933],[2.313779,48.883789],[2.314645,48.883814]]],[[[2.30919,48.884316],[2.308754,48.884177],[2.308212,48.884651],[2.308623,48.884843],[2.30919,48.884316]]],[[[2.31112,48.884528],[2.312489,48.883303],[2.310423,48.883127],[2.308935,48.884029],[2.31067,48.88492],[2.31112,48.884528]]],[[[2.313059,48.883535],[2.31084,48.885027],[2.313497,48.88382],[2.313059,48.883535]]],[[[2.310103,48.885471],[2.310577,48.885008],[2.309343,48.884391],[2.308807,48.884861],[2.309296,48.885103],[2.308183,48.885408],[2.309547,48.885863],[2.310103,48.885471]]],[[[2.308981,48.886064],[2.309353,48.886001],[2.308072,48.885595],[2.308981,48.886064]]],[[[2.310247,48.885955],[2.30999,48.885789],[2.309949,48.88579],[2.309784,48.885915],[2.309793,48.885941],[2.310116,48.886044],[2.310323,48.886109],[2.310524,48.886173],[2.310549,48.88615],[2.310388,48.886046],[2.310247,48.885955]]],[[[2.312574,48.886363],[2.310883,48.88521],[2.310414,48.885441],[2.312143,48.886595],[2.312574,48.886363]]],[[[2.310985,48.885899],[2.310372,48.885476],[2.310092,48.885717],[2.312114,48.886656],[2.310985,48.885899]]],[[[2.312694,48.886445],[2.312191,48.8867],[2.312645,48.886809],[2.3129,48.886651],[2.312694,48.886445]]],[[[2.312144,48.886884],[2.31181,48.886778],[2.311786,48.886801],[2.312029,48.886958],[2.312168,48.887048],[2.31224,48.887095],[2.31224,48.887095],[2.312281,48.887095],[2.312433,48.887001],[2.312427,48.886975],[2.312427,48.886974],[2.312292,48.886931],[2.312144,48.886884]]],[[[2.311876,48.887217],[2.311242,48.8866],[2.309564,48.886083],[2.310893,48.887124],[2.31138,48.886937],[2.311876,48.887217]]]],"type":"MultiPolygon"},"properties":{"id_projet":"MATERNELLES (année scolaire 2024/2025)","libelle":"JOUFFROY (20) MAT","annee_scol":"2024-2025","zone_commune":0,"etiquette":"Secteur de l'école 20 RUE JOUFFROY D'ABBANS","lib_etab_1":"JOUFFROY (20) MAT","lib_etab_2":null,"lib_etab_3":null,"lib_etab_4":null,"adr_etab_1":"20 RUE JOUFFROY D'ABBANS","adr_etab_2":null,"adr_etab_3":null,"adr_etab_4":null,"type_etabl":"Maternelle","geo_point_2d":{"lon":2.3119754427371837,"lat":48.88447250394061},"st_area_shape":148607.15523234633,"st_perimeter_shape":7158.849028466927}},{"type":"Feature","geometry":{"coordinates":[[[[2.315983,48.892789],[2.318175,48.891435],[2.3166,48.889788],[2.312881,48.891839],[2.315363,48.89323],[2.315983,48.892789]]],[[[2.316716,48.889133],[2.316243,48.889117],[2.316706,48.889603],[2.316716,48.889133]]],[[[2.317024,48.889706],[2.316863,48.889697],[2.316859,48.889719],[2.317053,48.889925],[2.317054,48.889926],[2.317026,48.889938],[2.317127,48.890044],[2.317227,48.890149],[2.317267,48.890153],[2.317276,48.890148],[2.317292,48.889973],[2.317308,48.889965],[2.3172,48.889867],[2.317175,48.889844],[2.317024,48.889706]]],[[[2.318496,48.891241],[2.317809,48.890308],[2.317351,48.890246],[2.318496,48.891241]]]],"type":"MultiPolygon"},"properties":{"id_projet":"MATERNELLES (année scolaire 2024/2025)","libelle":"BERNARD BUFFET (14) POLY","annee_scol":"2024-2025","zone_commune":0,"etiquette":"Secteur de l'école 14 RUE BERNARD BUFFET","lib_etab_1":"BERNARD BUFFET (14) POLY","lib_etab_2":null,"lib_etab_3":null,"lib_etab_4":null,"adr_etab_1":"14 RUE BERNARD BUFFET","adr_etab_2":null,"adr_etab_3":null,"adr_etab_4":null,"type_etabl":"Maternelle","geo_point_2d":{"lon":2.315892128235191,"lat":48.89145387010756},"st_area_shape":75739.3175433006,"st_perimeter_shape":1827.650223843565}},{"type":"Feature","geometry":{"coordinates":[[[[2.311288,48.890234],[2.309461,48.888835],[2.30899,48.888806],[2.304851,48.890265],[2.308352,48.892175],[2.311288,48.890234]]],[[[2.302587,48.890345],[2.302562,48.889967],[2.302011,48.889984],[2.302036,48.890361],[2.302587,48.890345]]],[[[2.301806,48.889984],[2.301782,48.889612],[2.301197,48.889629],[2.301222,48.890006],[2.301806,48.889984]]],[[[2.302856,48.89056],[2.302048,48.890469],[2.302061,48.890757],[2.302856,48.89056]]],[[[2.302172,48.889433],[2.302004,48.889876],[2.302752,48.889708],[2.302172,48.889433]]],[[[2.301814,48.890103],[2.301028,48.890271],[2.30177,48.89062],[2.301814,48.890103]]],[[[2.301599,48.88916],[2.301253,48.889073],[2.300954,48.889413],[2.301716,48.889507],[2.301599,48.88916]]],[[[2.301032,48.889603],[2.300796,48.889491],[2.300405,48.889976],[2.300896,48.890208],[2.301032,48.889603]]],[[[2.302999,48.889825],[2.302723,48.889937],[2.302967,48.890476],[2.303443,48.890119],[2.302999,48.889825]]],[[[2.300564,48.889396],[2.301031,48.888969],[2.300786,48.888969],[2.299629,48.889604],[2.30015,48.889775],[2.300564,48.889396]]],[[[2.302016,48.890936],[2.300162,48.889994],[2.29988,48.890193],[2.301611,48.891209],[2.301462,48.891585],[2.302016,48.890936]]],[[[2.305115,48.889906],[2.307593,48.889073],[2.306497,48.888379],[2.304367,48.88997],[2.305115,48.889906]]]],"type":"MultiPolygon"},"properties":{"id_projet":"MATERNELLES (année scolaire 2026/2027)","libelle":"CHRISTINE DE PISAN (24) MAT","annee_scol":"2026-2027","zone_commune":0,"etiquette":"Secteur de l'école 24 CHRISTINE DE PISAN (24) MAT","lib_etab_1":"CHRISTINE DE PISAN (24) MAT","lib_etab_2":null,"lib_etab_3":null,"lib_etab_4":null,"adr_etab_1":"24 CHRISTINE DE PISAN (24) MAT","adr_etab_2":null,"adr_etab_3":null,"adr_etab_4":null,"type_etabl":"Maternelle","geo_point_2d":{"lon":2.306589388227377,"lat":48.890188066628255},"st_area_shape":134718.2519113203,"st_perimeter_shape":4238.102206235617}},{"type":"Feature","geometry":{"coordinates":[[[[2.286004,48.884038],[2.283986,48.882742],[2.28355,48.882109],[2.283307,48.882266],[2.284216,48.883163],[2.283642,48.883484],[2.282795,48.882858],[2.282174,48.883575],[2.284435,48.88541],[2.286004,48.884038]]],[[[2.284375,48.880742],[2.284943,48.880612],[2.28496,48.880321],[2.28406,48.87826],[2.281963,48.879006],[2.284375,48.880742]]],[[[2.288037,48.886383],[2.28665,48.886544],[2.286632,48.886913],[2.288648,48.887819],[2.289188,48.887099],[2.288037,48.886383]]],[[[2.285721,48.884758],[2.284735,48.88564],[2.285657,48.886266],[2.287375,48.88605],[2.285721,48.884758]]],[[[2.281863,48.881747],[2.280697,48.881924],[2.280908,48.882879],[2.281721,48.883511],[2.282513,48.882588],[2.281863,48.881747]]],[[[2.287916,48.883529],[2.287442,48.883321],[2.286568,48.884098],[2.286912,48.884312],[2.288655,48.884176],[2.287916,48.883529]]],[[[2.289313,48.885807],[2.290541,48.885652],[2.290838,48.885353],[2.289496,48.884513],[2.289313,48.885807]]],[[[2.289033,48.884595],[2.288646,48.884357],[2.287289,48.884546],[2.288878,48.885535],[2.289033,48.884595]]],[[[2.286458,48.882615],[2.28604,48.882457],[2.285717,48.883492],[2.286128,48.883825],[2.287147,48.883131],[2.286458,48.882615]]],[[[2.284646,48.881475],[2.283811,48.881674],[2.284263,48.881905],[2.284195,48.882624],[2.284644,48.882903],[2.285092,48.881836],[2.284646,48.881475]]],[[[2.285683,48.882127],[2.285225,48.881943],[2.284902,48.882983],[2.28546,48.883411],[2.285907,48.882349],[2.285683,48.882127]]],[[[2.280526,48.879733],[2.28019,48.879689],[2.280385,48.880518],[2.280794,48.880552],[2.280526,48.879733]]],[[[2.281292,48.881057],[2.280531,48.881174],[2.280626,48.881607],[2.281482,48.88141],[2.281292,48.881057]]],[[[2.290742,48.884923],[2.290777,48.884555],[2.289542,48.884137],[2.290742,48.884923]]],[[[2.287401,48.882341],[2.286466,48.882234],[2.287486,48.882891],[2.28713,48.882539],[2.287401,48.882341]]],[[[2.285215,48.880957],[2.284815,48.881208],[2.285547,48.881548],[2.285215,48.880957]]],[[[2.280963,48.880685],[2.280412,48.880637],[2.280506,48.881066],[2.281063,48.880935],[2.280963,48.880685]]],[[[2.291624,48.885216],[2.291763,48.884791],[2.291128,48.885137],[2.291663,48.885498],[2.291624,48.885216]]],[[[2.283475,48.881427],[2.282977,48.881404],[2.28317,48.881771],[2.283475,48.881427]]],[[[2.286199,48.88166],[2.286187,48.881647],[2.286182,48.881649],[2.285987,48.881442],[2.285936,48.881464],[2.285953,48.881494],[2.285991,48.881561],[2.286058,48.88168],[2.286128,48.881803],[2.286198,48.881927],[2.286298,48.882105],[2.286357,48.882112],[2.286414,48.881876],[2.286412,48.881874],[2.286397,48.881859],[2.286395,48.881857],[2.286345,48.881806],[2.286313,48.881774],[2.286298,48.881759],[2.286248,48.881709],[2.286199,48.88166]]],[[[2.286455,48.886531],[2.285979,48.886537],[2.286464,48.886775],[2.286455,48.886531]]],[[[2.28806,48.883012],[2.28769,48.882985],[2.288195,48.883323],[2.28806,48.883012]]],[[[2.286096,48.88095],[2.285587,48.880844],[2.285737,48.881096],[2.286096,48.88095]]],[[[2.289385,48.883994],[2.288897,48.883694],[2.288899,48.883762],[2.288895,48.883765],[2.288956,48.883803],[2.28896,48.8838],[2.289206,48.883953],[2.289202,48.883956],[2.289263,48.883994],[2.289267,48.883991],[2.289284,48.884002],[2.289297,48.884001],[2.289384,48.883994],[2.289385,48.883994]]],[[[2.288751,48.88362],[2.288365,48.883384],[2.288367,48.883433],[2.288431,48.883474],[2.2886,48.883576],[2.288597,48.883578],[2.288667,48.883621],[2.288751,48.88362]]]],"type":"MultiPolygon"},"properties":{"id_projet":"MATERNELLES (année scolaire 2020/2021)","libelle":"VILLIERS (22) MAT","annee_scol":"2020-2021","zone_commune":0,"etiquette":"Secteur de l'école 22 AVENUE DE LA PORTE DE VILLIERS","lib_etab_1":"VILLIERS (22) MAT","lib_etab_2":null,"lib_etab_3":null,"lib_etab_4":null,"adr_etab_1":"22 AVENUE DE LA PORTE DE VILLIERS","adr_etab_2":null,"adr_etab_3":null,"adr_etab_4":null,"type_etabl":null,"geo_point_2d":{"lon":2.28526425393308,"lat":48.8833402529664},"st_area_shape":200908.8157431754,"st_perimeter_shape":8522.663200807037}},{"type":"Feature","geometry":{"coordinates":[[[[2.325942,48.895071],[2.3262,48.895039],[2.32533,48.893552],[2.323847,48.893578],[2.324156,48.893935],[2.323712,48.893574],[2.322841,48.893629],[2.323372,48.893776],[2.32425,48.894863],[2.324957,48.894776],[2.325247,48.895333],[2.325942,48.895071]]],[[[2.32657,48.893724],[2.325742,48.893955],[2.326582,48.895393],[2.327691,48.895044],[2.32657,48.893724]]],[[[2.328752,48.897403],[2.328234,48.895868],[2.32694,48.895974],[2.327233,48.896477],[2.328215,48.896238],[2.327292,48.896579],[2.32781,48.897384],[2.328752,48.897403]],[[2.327569,48.896861],[2.327351,48.896627],[2.327562,48.896558],[2.327569,48.896861]],[[2.327944,48.896747],[2.327909,48.896696],[2.327893,48.896673],[2.327876,48.896649],[2.327902,48.896641],[2.327999,48.896603],[2.328031,48.896653],[2.328064,48.896704],[2.327995,48.896729],[2.32797,48.896739],[2.327944,48.896747]],[[2.327768,48.896708],[2.327694,48.89673],[2.327684,48.896716],[2.327715,48.896707],[2.327681,48.896662],[2.327668,48.896666],[2.32764,48.89663],[2.3276,48.896578],[2.327657,48.89656],[2.327661,48.896564],[2.327697,48.896612],[2.327768,48.896708]]],[[[2.327043,48.896524],[2.326635,48.895968],[2.325413,48.896463],[2.325943,48.8971],[2.327043,48.896524]]],[[[2.325085,48.893379],[2.324363,48.892593],[2.323484,48.893449],[2.325085,48.893379]]],[[[2.327332,48.893184],[2.325488,48.893522],[2.325694,48.893786],[2.327332,48.893184]]],[[[2.327011,48.89721],[2.327341,48.897037],[2.327071,48.89673],[2.326093,48.897192],[2.327011,48.89721]]],[[[2.327965,48.895069],[2.326641,48.895496],[2.328075,48.895494],[2.327965,48.895069]]],[[[2.327067,48.89372],[2.327616,48.894031],[2.327442,48.893515],[2.326713,48.893702],[2.327249,48.894089],[2.327067,48.89372]]],[[[2.326775,48.893134],[2.327076,48.893074],[2.327077,48.893029],[2.326743,48.893062],[2.326735,48.893045],[2.326644,48.893048],[2.326585,48.89306],[2.326546,48.893067],[2.326536,48.893046],[2.32647,48.893045],[2.326445,48.893045],[2.326406,48.893044],[2.326381,48.893044],[2.32635,48.893044],[2.326241,48.893041],[2.326176,48.89304],[2.326158,48.893077],[2.326149,48.893076],[2.325942,48.893044],[2.325918,48.89304],[2.325879,48.893039],[2.325802,48.893039],[2.325767,48.893039],[2.325631,48.893073],[2.325657,48.893118],[2.32567,48.893141],[2.325532,48.893175],[2.325505,48.893182],[2.325445,48.893197],[2.325317,48.89323],[2.325408,48.893385],[2.325445,48.893397],[2.325615,48.893363],[2.325779,48.893331],[2.325923,48.893302],[2.32605,48.893277],[2.326225,48.893243],[2.326322,48.893223],[2.326421,48.893204],[2.326592,48.89317],[2.326775,48.893134]]],[[[2.327641,48.894107],[2.327157,48.894187],[2.327908,48.894903],[2.327641,48.894107]]],[[[2.326471,48.895778],[2.326465,48.895776],[2.32646,48.895775],[2.326454,48.895774],[2.326448,48.895774],[2.32644,48.895775],[2.326438,48.895776],[2.326421,48.895743],[2.326428,48.895742],[2.326436,48.895739],[2.326442,48.895734],[2.326445,48.89573],[2.326447,48.895727],[2.326448,48.895722],[2.326448,48.895717],[2.326446,48.895713],[2.326442,48.895709],[2.326436,48.895706],[2.326429,48.895703],[2.326422,48.895701],[2.326413,48.8957],[2.326404,48.8957],[2.326396,48.895701],[2.326033,48.895742],[2.325621,48.895789],[2.325516,48.895802],[2.325358,48.895828],[2.325112,48.895869],[2.324914,48.895903],[2.324893,48.895906],[2.324887,48.895908],[2.324881,48.895911],[2.324877,48.895913],[2.324874,48.895916],[2.32487,48.89592],[2.324868,48.895923],[2.324866,48.895928],[2.324866,48.895933],[2.324866,48.895938],[2.324869,48.895943],[2.324871,48.895945],[2.324897,48.895943],[2.325287,48.895914],[2.325652,48.895881],[2.325999,48.895842],[2.326462,48.895794],[2.326486,48.895791],[2.326484,48.895788],[2.326479,48.895782],[2.326471,48.895778]]],[[[2.322197,48.895525],[2.321919,48.895704],[2.322395,48.895768],[2.322197,48.895525]]],[[[2.327474,48.897266],[2.327428,48.897186],[2.327403,48.897196],[2.327391,48.897183],[2.327344,48.897134],[2.327243,48.897176],[2.327016,48.89727],[2.326826,48.897349],[2.326974,48.897401],[2.327011,48.897402],[2.327014,48.897357],[2.327023,48.897353],[2.327055,48.89734],[2.327072,48.897333],[2.327134,48.897307],[2.327141,48.897304],[2.327238,48.897264],[2.327585,48.897414],[2.327613,48.897415],[2.327534,48.897321],[2.327533,48.89732],[2.32752,48.897319],[2.327474,48.897266]]],[[[2.325636,48.897244],[2.325307,48.897069],[2.325302,48.897071],[2.325297,48.897083],[2.325288,48.897107],[2.325294,48.897113],[2.325194,48.897162],[2.325188,48.897156],[2.325141,48.897151],[2.325137,48.897153],[2.325383,48.897366],[2.325512,48.897305],[2.325636,48.897246],[2.325636,48.897244]]],[[[2.323292,48.893428],[2.323276,48.893408],[2.322979,48.893389],[2.322931,48.893407],[2.322854,48.893308],[2.322822,48.893319],[2.32271,48.893359],[2.322725,48.893378],[2.322738,48.893395],[2.322752,48.893412],[2.322757,48.893419],[2.322658,48.893492],[2.322664,48.8935],[2.3227,48.893512],[2.322819,48.8935],[2.322992,48.893482],[2.323275,48.893452],[2.323292,48.893428]]],[[[2.326488,48.895533],[2.326219,48.895071],[2.326342,48.895571],[2.326468,48.895556],[2.326488,48.895533]]],[[[2.324442,48.896242],[2.324412,48.896203],[2.324474,48.896181],[2.324524,48.896241],[2.324618,48.896206],[2.324535,48.896105],[2.324495,48.896105],[2.324453,48.896104],[2.324416,48.896104],[2.324411,48.896105],[2.324333,48.896108],[2.324259,48.896111],[2.324265,48.896118],[2.324354,48.896225],[2.3244,48.896209],[2.32443,48.896246],[2.324442,48.896242]]],[[[2.322257,48.895897],[2.322112,48.895885],[2.322112,48.895886],[2.322252,48.896045],[2.322274,48.896038],[2.322291,48.896032],[2.322308,48.896027],[2.322347,48.896014],[2.322316,48.895977],[2.322283,48.895937],[2.322258,48.895902],[2.322257,48.895897]]],[[[2.32573,48.897319],[2.325728,48.897318],[2.325726,48.897318],[2.325724,48.897319],[2.325722,48.897319],[2.32572,48.89732],[2.325719,48.897321],[2.325719,48.897323],[2.325718,48.897324],[2.325719,48.897325],[2.32572,48.897327],[2.325721,48.897328],[2.325723,48.897329],[2.325725,48.897329],[2.325727,48.897329],[2.325729,48.897329],[2.325731,48.897329],[2.325732,48.897328],[2.325734,48.897327],[2.325735,48.897326],[2.325735,48.897324],[2.325735,48.897323],[2.325734,48.897322],[2.325733,48.89732],[2.325732,48.897319],[2.32573,48.897319]]],[[[2.325785,48.897293],[2.325783,48.897292],[2.325781,48.897292],[2.325779,48.897293],[2.325777,48.897293],[2.325776,48.897294],[2.325775,48.897295],[2.325774,48.897297],[2.325774,48.897298],[2.325774,48.897299],[2.325775,48.8973],[2.325776,48.897301],[2.325778,48.897302],[2.32578,48.897303],[2.325782,48.897303],[2.325784,48.897303],[2.325786,48.897302],[2.325787,48.897301],[2.325789,48.8973],[2.325789,48.897299],[2.32579,48.897298],[2.32579,48.897297],[2.325789,48.897295],[2.325788,48.897294],[2.325786,48.897293],[2.325785,48.897293]]],[[[2.325691,48.897351],[2.325689,48.897351],[2.325687,48.897351],[2.325685,48.897351],[2.325684,48.897352],[2.325682,48.897353],[2.325681,48.897354],[2.32568,48.897355],[2.32568,48.897356],[2.325681,48.897358],[2.325681,48.897359],[2.325683,48.89736],[2.325684,48.897361],[2.325686,48.897361],[2.325688,48.897361],[2.32569,48.897361],[2.325692,48.897361],[2.325694,48.89736],[2.325695,48.897359],[2.325696,48.897358],[2.325696,48.897356],[2.325696,48.897355],[2.325695,48.897354],[2.325694,48.897353],[2.325693,48.897352],[2.325691,48.897351]]]],"type":"MultiPolygon"},"properties":{"id_projet":"MATERNELLES (année scolaire 2020/2021)","libelle":"ST ANGE (14) MAT","annee_scol":"2020-2021","zone_commune":0,"etiquette":"Secteur de l'école 14 PASSAGE SAINT-ANGE","lib_etab_1":"ST ANGE (14) MAT","lib_etab_2":null,"lib_etab_3":null,"lib_etab_4":null,"adr_etab_1":"14 PASSAGE SAINT-ANGE","adr_etab_2":null,"adr_etab_3":null,"adr_etab_4":null,"type_etabl":null,"geo_point_2d":{"lon":2.3260915790047765,"lat":48.89493755166414},"st_area_shape":84531.14451167778,"st_perimeter_shape":5735.871343026155}},{"type":"Feature","geometry":{"coordinates":[[[[2.313821,48.886088],[2.314714,48.884527],[2.313647,48.88388],[2.311021,48.885122],[2.3131,48.886567],[2.313821,48.886088]],[[2.31272,48.885181],[2.312729,48.885174],[2.312734,48.885177],[2.312725,48.885184],[2.31272,48.885181]]],[[[2.31112,48.884528],[2.312489,48.883303],[2.310423,48.883127],[2.308935,48.884029],[2.31067,48.88492],[2.31112,48.884528]]],[[[2.310103,48.885471],[2.310577,48.885008],[2.309343,48.884391],[2.308807,48.884861],[2.309296,48.885103],[2.308183,48.885408],[2.309547,48.885863],[2.310103,48.885471]]],[[[2.312795,48.883125],[2.313949,48.882237],[2.312029,48.882417],[2.312795,48.883125]]],[[[2.311876,48.887217],[2.311242,48.8866],[2.309564,48.886083],[2.310893,48.887124],[2.31138,48.886937],[2.311876,48.887217]]],[[[2.312574,48.886363],[2.310883,48.88521],[2.310414,48.885441],[2.312143,48.886595],[2.312574,48.886363]]],[[[2.313059,48.883535],[2.31084,48.885027],[2.313497,48.88382],[2.313059,48.883535]]],[[[2.310985,48.885899],[2.310372,48.885476],[2.310092,48.885717],[2.312114,48.886656],[2.310985,48.885899]]],[[[2.311782,48.882533],[2.310681,48.88304],[2.312433,48.88319],[2.311782,48.882533]]],[[[2.313893,48.883322],[2.31402,48.883147],[2.31364,48.882972],[2.314145,48.882366],[2.312954,48.883207],[2.313801,48.883587],[2.313893,48.883322]]],[[[2.308535,48.88607],[2.309359,48.886018],[2.308073,48.885595],[2.308016,48.886157],[2.308535,48.88607]]],[[[2.30919,48.884316],[2.308754,48.884177],[2.308212,48.884651],[2.308623,48.884843],[2.30919,48.884316]]],[[[2.314903,48.884723],[2.3141,48.886051],[2.315025,48.884938],[2.314903,48.884723]]],[[[2.314826,48.88227],[2.315149,48.882011],[2.314865,48.881822],[2.314271,48.882253],[2.314826,48.88227]]],[[[2.312694,48.886445],[2.312191,48.8867],[2.312645,48.886809],[2.3129,48.886651],[2.312694,48.886445]]],[[[2.31291,48.883448],[2.312773,48.883367],[2.312732,48.883369],[2.312573,48.883484],[2.312448,48.883574],[2.312322,48.883665],[2.31223,48.883732],[2.312118,48.883813],[2.312245,48.88389],[2.312368,48.883813],[2.312454,48.88376],[2.31259,48.883675],[2.312726,48.88359],[2.312911,48.883475],[2.31291,48.883448]]],[[[2.310247,48.885955],[2.30999,48.885789],[2.309949,48.88579],[2.309784,48.885915],[2.309793,48.885941],[2.310116,48.886044],[2.310323,48.886109],[2.310524,48.886173],[2.310549,48.88615],[2.310388,48.886046],[2.310247,48.885955]]],[[[2.314435,48.881933],[2.31441,48.88191],[2.314147,48.881967],[2.314143,48.881968],[2.31387,48.882026],[2.313857,48.882072],[2.314043,48.882171],[2.314112,48.882169],[2.314279,48.882046],[2.314435,48.881933]]],[[[2.312144,48.886884],[2.31181,48.886778],[2.311786,48.886801],[2.312029,48.886958],[2.312168,48.887048],[2.31224,48.887095],[2.31224,48.887095],[2.312281,48.887095],[2.312433,48.887001],[2.312427,48.886975],[2.312427,48.886974],[2.312292,48.886931],[2.312144,48.886884]]]],"type":"MultiPolygon"},"properties":{"id_projet":"MATERNELLES (année scolaire 2022/2023)","libelle":"JOUFFROY (20) MAT","annee_scol":"2022-2023","zone_commune":0,"etiquette":"Secteur de l'école 20 RUE JOUFFROY D'ABBANS","lib_etab_1":"JOUFFROY (20) MAT","lib_etab_2":null,"lib_etab_3":null,"lib_etab_4":null,"adr_etab_1":"20 RUE JOUFFROY D'ABBANS","adr_etab_2":null,"adr_etab_3":null,"adr_etab_4":null,"type_etabl":"Maternelle","geo_point_2d":{"lon":2.3117532951346056,"lat":48.88469925240042},"st_area_shape":140876.4680498128,"st_perimeter_shape":6863.874008283872}},{"type":"Feature","geometry":{"coordinates":[[[[2.318836,48.891233],[2.319966,48.890555],[2.31865,48.889573],[2.317351,48.890246],[2.31826,48.891237],[2.318836,48.891233]]],[[[2.316605,48.886595],[2.315107,48.88767],[2.315726,48.888322],[2.317502,48.887334],[2.316605,48.886595]]],[[[2.320236,48.888691],[2.319661,48.889017],[2.320719,48.890119],[2.321535,48.889675],[2.320236,48.888691]]],[[[2.317978,48.88907],[2.316873,48.889647],[2.317227,48.890149],[2.3185,48.889491],[2.317978,48.88907]]],[[[2.317251,48.888529],[2.316233,48.889107],[2.316706,48.889603],[2.317797,48.888966],[2.317251,48.888529]]],[[[2.32032,48.886082],[2.3198,48.885694],[2.318574,48.886623],[2.318882,48.886779],[2.32032,48.886082]]],[[[2.319783,48.887629],[2.319348,48.887243],[2.318484,48.88779],[2.318984,48.888273],[2.319783,48.887629]]],[[[2.320062,48.887164],[2.320915,48.886848],[2.321696,48.886144],[2.321628,48.885828],[2.319512,48.887144],[2.320062,48.887164]]],[[[2.318811,48.887423],[2.319244,48.887158],[2.318458,48.886697],[2.317809,48.887085],[2.318364,48.887664],[2.318811,48.887423]]],[[[2.32028,48.888249],[2.319832,48.888115],[2.320196,48.88771],[2.319063,48.888394],[2.319586,48.888901],[2.32028,48.888249]]],[[[2.318366,48.887867],[2.317453,48.888408],[2.318045,48.888821],[2.318816,48.888371],[2.318366,48.887867]]],[[[2.318942,48.888469],[2.318151,48.888929],[2.318754,48.889353],[2.319416,48.888997],[2.318942,48.888469]]],[[[2.317912,48.887393],[2.316885,48.887983],[2.317347,48.8883],[2.31824,48.887769],[2.317912,48.887393]]],[[[2.31683,48.888608],[2.317104,48.888419],[2.316684,48.888105],[2.315804,48.888657],[2.31617,48.889001],[2.31683,48.888608]]],[[[2.319563,48.886961],[2.320658,48.886288],[2.320407,48.886138],[2.318979,48.88683],[2.319563,48.886961]]],[[[2.320011,48.889584],[2.319459,48.889905],[2.320212,48.890439],[2.320596,48.890193],[2.320011,48.889584]]],[[[2.319538,48.889093],[2.318863,48.889459],[2.319331,48.889808],[2.319903,48.889476],[2.319538,48.889093]]],[[[2.321615,48.889072],[2.320687,48.888891],[2.321631,48.889583],[2.321615,48.889072]]],[[[2.31745,48.886109],[2.316751,48.886461],[2.317001,48.886566],[2.31745,48.886109]]],[[[2.321325,48.885866],[2.32087,48.885812],[2.320728,48.886204],[2.321325,48.885866]]],[[[2.31772,48.887021],[2.318287,48.886681],[2.31804,48.886532],[2.317503,48.886858],[2.31772,48.887021]]],[[[2.3204,48.885443],[2.320443,48.885418],[2.320456,48.88543],[2.320556,48.885522],[2.320702,48.88545],[2.320713,48.885445],[2.32075,48.885427],[2.320829,48.885388],[2.320867,48.885369],[2.320847,48.885353],[2.320798,48.885313],[2.32074,48.885266],[2.320808,48.885222],[2.320821,48.885216],[2.320728,48.885135],[2.320644,48.885186],[2.320477,48.885286],[2.32036,48.885356],[2.320185,48.885461],[2.320018,48.885562],[2.319899,48.885633],[2.319976,48.885691],[2.319979,48.885689],[2.320061,48.885641],[2.320097,48.88562],[2.320185,48.885569],[2.320256,48.885527],[2.32027,48.885519],[2.320302,48.8855],[2.320383,48.885453],[2.320394,48.885446],[2.3204,48.885443]]],[[[2.317864,48.886351],[2.317757,48.886288],[2.317716,48.886288],[2.317568,48.886376],[2.31742,48.886464],[2.317311,48.886528],[2.317137,48.886631],[2.317139,48.886658],[2.31728,48.88673],[2.317446,48.88663],[2.317562,48.88656],[2.317705,48.886474],[2.317865,48.886377],[2.317864,48.886351]]],[[[2.320575,48.888797],[2.32066,48.88862],[2.320578,48.888668],[2.320535,48.888637],[2.320509,48.888617],[2.320337,48.888636],[2.320469,48.888733],[2.320556,48.888797],[2.320575,48.888797]]]],"type":"MultiPolygon"},"properties":{"id_projet":"MATERNELLES (année scolaire 2022/2023)","libelle":"BROCHANT (28) MAT","annee_scol":"2022-2023","zone_commune":0,"etiquette":"Secteur de l'école 28 RUE BROCHANT","lib_etab_1":"BROCHANT (28) MAT","lib_etab_2":null,"lib_etab_3":null,"lib_etab_4":null,"adr_etab_1":"28 RUE BROCHANT","adr_etab_2":null,"adr_etab_3":null,"adr_etab_4":null,"type_etabl":"Maternelle","geo_point_2d":{"lon":2.3185679226546307,"lat":48.88843722252992},"st_area_shape":130820.91856148903,"st_perimeter_shape":7387.997636964675}},{"type":"Feature","geometry":{"coordinates":[[[[2.322017,48.885365],[2.323348,48.884258],[2.322489,48.884078],[2.320902,48.88503],[2.321639,48.885695],[2.322017,48.885365]]],[[[2.32409,48.883125],[2.32351,48.883484],[2.323876,48.883561],[2.32409,48.883125]]],[[[2.323536,48.882931],[2.323233,48.882922],[2.322913,48.883609],[2.323883,48.883042],[2.323536,48.882931]]],[[[2.324586,48.883433],[2.325234,48.883274],[2.324192,48.883064],[2.32394,48.883574],[2.324928,48.883774],[2.324586,48.883433]]],[[[2.32142,48.883855],[2.320963,48.884106],[2.321313,48.884355],[2.321948,48.883994],[2.32142,48.883855]]],[[[2.324502,48.883868],[2.3234,48.883537],[2.322613,48.883996],[2.324433,48.884523],[2.324502,48.883868]]],[[[2.32402,48.885186],[2.324676,48.884781],[2.324051,48.884373],[2.323522,48.884288],[2.322867,48.884819],[2.323809,48.885346],[2.32402,48.885186]]],[[[2.320324,48.886055],[2.32022,48.885984],[2.32012,48.885915],[2.319974,48.885814],[2.319843,48.885724],[2.319789,48.885801],[2.319814,48.88582],[2.319861,48.885856],[2.319891,48.885879],[2.319883,48.885884],[2.319914,48.885906],[2.31999,48.885961],[2.32001,48.885975],[2.320024,48.885987],[2.320088,48.886039],[2.3201,48.886048],[2.32011,48.886043],[2.320128,48.886034],[2.320142,48.886048],[2.320158,48.886063],[2.320323,48.886061],[2.320324,48.886055]]],[[[2.32087,48.885812],[2.321571,48.885753],[2.320803,48.88509],[2.320867,48.885369],[2.319979,48.885689],[2.320728,48.886204],[2.32087,48.885812]]],[[[2.320656,48.886286],[2.320508,48.886182],[2.320473,48.886205],[2.320507,48.886231],[2.320505,48.886232],[2.320462,48.886253],[2.320457,48.886256],[2.320452,48.886258],[2.320422,48.886273],[2.320428,48.886278],[2.320454,48.886298],[2.320455,48.886298],[2.320656,48.886286]]],[[[2.322893,48.88594],[2.323743,48.885391],[2.322858,48.884888],[2.321742,48.885756],[2.322372,48.886329],[2.322893,48.88594]]],[[[2.321928,48.886552],[2.322302,48.886382],[2.321628,48.885828],[2.321696,48.886144],[2.321101,48.886574],[2.321403,48.886911],[2.321928,48.886552]]]],"type":"MultiPolygon"},"properties":{"id_projet":"MATERNELLES (année scolaire 2023/2024)","libelle":"TRUFFAUT (15) POLY","annee_scol":"2023-2024","zone_commune":0,"etiquette":"Secteur de l'école 15 RUE TRUFFAUT","lib_etab_1":"TRUFFAUT (15) POLY","lib_etab_2":null,"lib_etab_3":null,"lib_etab_4":null,"adr_etab_1":"15 RUE TRUFFAUT","adr_etab_2":null,"adr_etab_3":null,"adr_etab_4":null,"type_etabl":"Maternelle","geo_point_2d":{"lon":2.322668496978826,"lat":48.884843825408915},"st_area_shape":60939.87532267598,"st_perimeter_shape":3657.6009747677826}},{"type":"Feature","geometry":{"coordinates":[[[[2.314603,48.893584],[2.31815,48.891541],[2.3166,48.889788],[2.312881,48.891839],[2.313719,48.892178],[2.311499,48.893345],[2.313685,48.894162],[2.314603,48.893584]]],[[[2.314543,48.884889],[2.314531,48.884884],[2.31443,48.88508],[2.314441,48.885085],[2.314543,48.884889]]],[[[2.313054,48.891724],[2.313062,48.891713],[2.313047,48.891721],[2.313054,48.891724]]]],"type":"MultiPolygon"},"properties":{"id_projet":"MATERNELLES (année scolaire 2020/2021)","libelle":"ZM BERNARD BUFFET(14)/GILBERT CESBRON(1)","annee_scol":"2020-2021","zone_commune":1,"etiquette":"Secteur commun des écoles \n14 RUE BERNARD BUFFET \n1 RUE GILBERT CESBRON","lib_etab_1":"BERNARD BUFFET (14) POLY","lib_etab_2":"GILBERT CESBRON (1) POLY","lib_etab_3":null,"lib_etab_4":null,"adr_etab_1":"14 RUE BERNARD BUFFET","adr_etab_2":"1 RUE GILBERT CESBRON","adr_etab_3":null,"adr_etab_4":null,"type_etabl":null,"geo_point_2d":{"lon":2.315078426821885,"lat":48.89205313395434},"st_area_shape":102551.90947416317,"st_perimeter_shape":1659.5000724891115}},{"type":"Feature","geometry":{"coordinates":[[[[2.29304,48.888882],[2.289661,48.887369],[2.288975,48.887986],[2.289654,48.888394],[2.289874,48.888101],[2.290448,48.888166],[2.289774,48.888453],[2.291045,48.889077],[2.291695,48.888779],[2.291175,48.889275],[2.29154,48.889454],[2.292407,48.889556],[2.29304,48.888882]]],[[[2.296142,48.889601],[2.294208,48.88883],[2.293743,48.888835],[2.292944,48.889619],[2.29426,48.889775],[2.294763,48.88955],[2.296035,48.890196],[2.296142,48.889601]]],[[[2.292822,48.885135],[2.293475,48.885283],[2.293714,48.885059],[2.293242,48.884794],[2.29384,48.884988],[2.294242,48.884398],[2.293618,48.884127],[2.291978,48.885445],[2.293156,48.885323],[2.292822,48.885135]]],[[[2.297546,48.890048],[2.296371,48.890372],[2.29803,48.891427],[2.298459,48.89096],[2.297449,48.890338],[2.297546,48.890048]]],[[[2.295601,48.885309],[2.29383,48.885539],[2.295657,48.886196],[2.295601,48.885309]]],[[[2.293115,48.885973],[2.292735,48.886157],[2.293899,48.886872],[2.294498,48.886338],[2.293115,48.885973]]],[[[2.292382,48.886307],[2.291193,48.886983],[2.291702,48.887245],[2.292694,48.886543],[2.292382,48.886307]]],[[[2.291308,48.886546],[2.291808,48.886192],[2.291477,48.8859],[2.290366,48.88638],[2.291308,48.886546]]],[[[2.294781,48.886368],[2.294091,48.88699],[2.294664,48.887248],[2.29534,48.886575],[2.294781,48.886368]]],[[[2.292203,48.887442],[2.293393,48.886926],[2.292812,48.886617],[2.291853,48.887297],[2.292203,48.887442]]],[[[2.294706,48.884618],[2.293678,48.88523],[2.295502,48.885027],[2.294706,48.884618]]],[[[2.296606,48.885272],[2.295762,48.885287],[2.295856,48.886176],[2.296606,48.885272]]],[[[2.295486,48.890088],[2.294751,48.889709],[2.294711,48.889707],[2.294577,48.889716],[2.294482,48.889801],[2.294584,48.889813],[2.295039,48.889866],[2.29504,48.889865],[2.295045,48.889867],[2.29506,48.889869],[2.295482,48.890091],[2.295486,48.890088]]]],"type":"MultiPolygon"},"properties":{"id_projet":"MATERNELLES (année scolaire 2020/2021)","libelle":"LOUIS VIERNE (6) MAT","annee_scol":"2020-2021","zone_commune":0,"etiquette":"Secteur de l'école 6 RUE LOUIS VIERNE","lib_etab_1":"LOUIS VIERNE (6) MAT","lib_etab_2":null,"lib_etab_3":null,"lib_etab_4":null,"adr_etab_1":"6 RUE LOUIS VIERNE","adr_etab_2":null,"adr_etab_3":null,"adr_etab_4":null,"type_etabl":null,"geo_point_2d":{"lon":2.293457563382457,"lat":48.88754558495901},"st_area_shape":105438.70804628861,"st_perimeter_shape":5661.747512929542}},{"type":"Feature","geometry":{"coordinates":[[[[2.311288,48.890234],[2.309461,48.888835],[2.30899,48.888806],[2.304851,48.890265],[2.308352,48.892175],[2.311288,48.890234]]],[[[2.305115,48.889906],[2.307593,48.889073],[2.306497,48.888379],[2.304367,48.88997],[2.305115,48.889906]]],[[[2.302016,48.890936],[2.300162,48.889994],[2.29988,48.890193],[2.301611,48.891209],[2.301462,48.891585],[2.302016,48.890936]]],[[[2.300564,48.889396],[2.301031,48.888969],[2.300786,48.888969],[2.299629,48.889604],[2.30015,48.889775],[2.300564,48.889396]]],[[[2.302999,48.889825],[2.302723,48.889937],[2.302967,48.890476],[2.303443,48.890119],[2.302999,48.889825]]],[[[2.301032,48.889603],[2.300796,48.889491],[2.300405,48.889976],[2.300896,48.890208],[2.301032,48.889603]]],[[[2.301599,48.88916],[2.301253,48.889073],[2.300954,48.889413],[2.301716,48.889507],[2.301599,48.88916]]],[[[2.301814,48.890103],[2.301028,48.890271],[2.30177,48.89062],[2.301814,48.890103]]],[[[2.302172,48.889433],[2.302004,48.889876],[2.302752,48.889708],[2.302172,48.889433]]],[[[2.302856,48.89056],[2.302048,48.890469],[2.302061,48.890757],[2.302856,48.89056]]],[[[2.301806,48.889984],[2.301782,48.889612],[2.301197,48.889629],[2.301222,48.890006],[2.301806,48.889984]]],[[[2.302587,48.890345],[2.302562,48.889967],[2.302011,48.889984],[2.302036,48.890361],[2.302587,48.890345]]],[[[2.300456,48.892186],[2.299914,48.892343],[2.300345,48.892547],[2.300456,48.892186]]]],"type":"MultiPolygon"},"properties":{"id_projet":"MATERNELLES (année scolaire 2020/2021)","libelle":"CHRISTINE DE PISAN (24) MAT","annee_scol":"2020-2021","zone_commune":0,"etiquette":"Secteur de l'école 24 RUE CHRISTINE DE PISAN","lib_etab_1":"CHRISTINE DE PISAN (24) MAT","lib_etab_2":null,"lib_etab_3":null,"lib_etab_4":null,"adr_etab_1":"24 RUE CHRISTINE DE PISAN","adr_etab_2":null,"adr_etab_3":null,"adr_etab_4":null,"type_etabl":null,"geo_point_2d":{"lon":2.3065417525944554,"lat":48.89020450140217},"st_area_shape":135746.96568336032,"st_perimeter_shape":4390.809254366875}},{"type":"Feature","geometry":{"coordinates":[[[[2.325474,48.887377],[2.325737,48.886716],[2.32436,48.886152],[2.323704,48.886571],[2.325134,48.887222],[2.323691,48.88658],[2.32312,48.886967],[2.324536,48.887921],[2.325474,48.887377]]],[[[2.323329,48.886693],[2.325339,48.885216],[2.324768,48.884841],[2.322465,48.886379],[2.323042,48.886912],[2.323329,48.886693]]],[[[2.325968,48.889131],[2.325765,48.888609],[2.323825,48.889099],[2.325191,48.890102],[2.32618,48.889758],[2.325968,48.889131]]],[[[2.325469,48.890476],[2.32338,48.888907],[2.322927,48.889149],[2.325227,48.890958],[2.325833,48.890782],[2.325469,48.890476]]],[[[2.323058,48.887042],[2.322247,48.887515],[2.323553,48.888495],[2.324457,48.887992],[2.323058,48.887042]]],[[[2.326316,48.885568],[2.32708,48.883812],[2.326771,48.883771],[2.32547,48.8852],[2.326316,48.885568]]],[[[2.326171,48.884216],[2.326668,48.883675],[2.325838,48.883397],[2.325087,48.884952],[2.325313,48.885091],[2.326171,48.884216]]],[[[2.322787,48.889242],[2.322492,48.889424],[2.324711,48.891123],[2.325051,48.891023],[2.322787,48.889242]]],[[[2.325185,48.888768],[2.325769,48.888534],[2.325494,48.887714],[2.324338,48.888333],[2.325185,48.888768]]],[[[2.324582,48.89116],[2.32239,48.889484],[2.321893,48.889743],[2.324025,48.891169],[2.324582,48.89116]]],[[[2.325668,48.886085],[2.324955,48.885658],[2.324402,48.886104],[2.325765,48.886664],[2.325668,48.886085]]],[[[2.325534,48.883335],[2.32456,48.884608],[2.32495,48.884861],[2.325534,48.883335]]],[[[2.326226,48.889895],[2.325196,48.890133],[2.326017,48.890724],[2.326452,48.890567],[2.326226,48.889895]]],[[[2.32583,48.885537],[2.325423,48.885272],[2.325034,48.885614],[2.326001,48.886188],[2.326205,48.885801],[2.32583,48.885537]]],[[[2.321224,48.890904],[2.320809,48.890398],[2.320402,48.890608],[2.321054,48.890907],[2.321243,48.891643],[2.321944,48.891782],[2.321224,48.890904]]],[[[2.321832,48.887431],[2.32294,48.886939],[2.322395,48.886463],[2.322401,48.887007],[2.321588,48.887327],[2.321832,48.887431]]],[[[2.324017,48.888894],[2.324541,48.888645],[2.324204,48.888412],[2.32349,48.888823],[2.324017,48.888894]]],[[[2.324784,48.884012],[2.324897,48.88384],[2.324506,48.88386],[2.324433,48.884523],[2.324784,48.884012]]],[[[2.325109,48.883479],[2.324542,48.883525],[2.324943,48.88375],[2.325109,48.883479]]]],"type":"MultiPolygon"},"properties":{"id_projet":"MATERNELLES (année scolaire 2021/2022)","libelle":"DAUTANCOURT (16) MAT","annee_scol":"2021-2022","zone_commune":0,"etiquette":"Secteur de l'école 16 RUE DAUTANCOURT","lib_etab_1":"DAUTANCOURT (16) MAT","lib_etab_2":null,"lib_etab_3":null,"lib_etab_4":null,"adr_etab_1":"16 RUE DAUTANCOURT","adr_etab_2":null,"adr_etab_3":null,"adr_etab_4":null,"type_etabl":"Maternelle","geo_point_2d":{"lon":2.324530880712935,"lat":48.88750152572593},"st_area_shape":153151.69879072672,"st_perimeter_shape":8345.055579584676}},{"type":"Feature","geometry":{"coordinates":[[[[2.302515,48.88446],[2.298143,48.885135],[2.303034,48.885165],[2.302515,48.88446]]],[[[2.30704,48.885933],[2.306661,48.885905],[2.30717,48.886182],[2.30704,48.885933]]],[[[2.305661,48.886925],[2.305269,48.887171],[2.30613,48.88725],[2.305661,48.886925]]],[[[2.300384,48.884068],[2.299273,48.884507],[2.300876,48.884351],[2.300384,48.884068]]],[[[2.302968,48.888514],[2.302649,48.888437],[2.302968,48.888802],[2.30389,48.889406],[2.303966,48.889035],[2.302968,48.888514]]],[[[2.304213,48.882466],[2.303256,48.88286],[2.30433,48.883407],[2.304213,48.882466]]],[[[2.304649,48.884029],[2.30302,48.884437],[2.303453,48.884953],[2.304649,48.884029]]],[[[2.30139,48.882823],[2.301096,48.882531],[2.300378,48.883776],[2.301672,48.883279],[2.30139,48.882823]]],[[[2.298411,48.88713],[2.299728,48.887829],[2.300476,48.88729],[2.298411,48.88713]]],[[[2.305209,48.887715],[2.304804,48.887742],[2.304508,48.888734],[2.306113,48.887843],[2.305209,48.887715]]],[[[2.308743,48.886491],[2.309359,48.886018],[2.308238,48.88585],[2.307891,48.886319],[2.307294,48.886239],[2.308309,48.886789],[2.308743,48.886491]]],[[[2.297048,48.885496],[2.296079,48.886326],[2.297368,48.886813],[2.297048,48.885496]]],[[[2.302906,48.885958],[2.303655,48.885934],[2.303225,48.885423],[2.301816,48.886579],[2.303206,48.886158],[2.302906,48.885958]]],[[[2.301867,48.883475],[2.300549,48.884013],[2.30122,48.884308],[2.302201,48.884184],[2.301867,48.883475]]],[[[2.301606,48.888452],[2.300821,48.887359],[2.30002,48.887927],[2.301788,48.888806],[2.301606,48.888452]]],[[[2.303881,48.886243],[2.303693,48.88605],[2.302412,48.886724],[2.304314,48.88705],[2.303881,48.886243]]],[[[2.302909,48.885389],[2.301828,48.885367],[2.300747,48.886265],[2.301523,48.886471],[2.302909,48.885389]]],[[[2.301246,48.885636],[2.301526,48.885373],[2.29878,48.885467],[2.300521,48.886188],[2.301246,48.885636]]],[[[2.299446,48.883626],[2.298986,48.883433],[2.297908,48.884504],[2.298403,48.884661],[2.300062,48.88396],[2.299446,48.883626]]],[[[2.303006,48.882962],[2.302198,48.883307],[2.302714,48.884017],[2.304357,48.883762],[2.303006,48.882962]]],[[[2.302834,48.888899],[2.301543,48.88722],[2.300958,48.887192],[2.302219,48.889007],[2.303686,48.889711],[2.302834,48.888899]]],[[[2.301828,48.886748],[2.297881,48.885394],[2.30138,48.886887],[2.304212,48.887441],[2.304275,48.887207],[2.301828,48.886748]]],[[[2.308062,48.887002],[2.306558,48.886003],[2.305621,48.886741],[2.3064,48.88731],[2.307403,48.887435],[2.308062,48.887002]]],[[[2.302051,48.887226],[2.302381,48.888035],[2.304054,48.88886],[2.304317,48.887617],[2.302051,48.887226]]],[[[2.300521,48.88693],[2.297457,48.885513],[2.297613,48.886332],[2.298182,48.887011],[2.300521,48.88693]]]],"type":"MultiPolygon"},"properties":{"id_projet":"MATERNELLES (année scolaire 2026/2027)","libelle":"GUSTAVE DORE (3) MAT","annee_scol":"2026-2027","zone_commune":0,"etiquette":"Secteur de l'école 3 GUSTAVE DORE (3) MAT","lib_etab_1":"GUSTAVE DORE (3) MAT","lib_etab_2":null,"lib_etab_3":null,"lib_etab_4":null,"adr_etab_1":"3 GUSTAVE DORE (3) MAT","adr_etab_2":null,"adr_etab_3":null,"adr_etab_4":null,"type_etabl":"Maternelle","geo_point_2d":{"lon":2.302029306987203,"lat":48.88609981813743},"st_area_shape":217664.41932132427,"st_perimeter_shape":11190.879360083047}},{"type":"Feature","geometry":{"coordinates":[[[[2.318316,48.882672],[2.318795,48.881965],[2.316593,48.881519],[2.315786,48.882062],[2.318123,48.882956],[2.318316,48.882672]]],[[[2.3154,48.882221],[2.316064,48.881632],[2.314865,48.881822],[2.3154,48.882221]]],[[[2.319103,48.882028],[2.318896,48.881986],[2.318699,48.882278],[2.318894,48.882335],[2.319103,48.882028]]],[[[2.318877,48.883116],[2.319528,48.882115],[2.318657,48.88234],[2.318221,48.882982],[2.318877,48.883116]]],[[[2.319948,48.8822],[2.319655,48.88214],[2.319009,48.883171],[2.319948,48.8822]]],[[[2.321484,48.883683],[2.321979,48.882614],[2.321021,48.882439],[2.320511,48.88354],[2.321484,48.883683]]],[[[2.322582,48.883833],[2.323157,48.882852],[2.32207,48.882658],[2.321546,48.88379],[2.322582,48.883833]]],[[[2.32142,48.883855],[2.320963,48.884106],[2.321313,48.884355],[2.321948,48.883994],[2.32142,48.883855]]],[[[2.319861,48.883915],[2.320254,48.883614],[2.319838,48.883487],[2.320317,48.883494],[2.320789,48.882372],[2.320404,48.882321],[2.318658,48.884036],[2.319477,48.884415],[2.319861,48.883915]]],[[[2.321221,48.88442],[2.32077,48.884147],[2.32109,48.883782],[2.320451,48.883642],[2.319573,48.884459],[2.320718,48.884964],[2.321388,48.884554],[2.321221,48.88442]]]],"type":"MultiPolygon"},"properties":{"id_projet":"MATERNELLES (année scolaire 2024/2025)","libelle":"BOURSAULT (10) POLY","annee_scol":"2024-2025","zone_commune":0,"etiquette":"Secteur de l'école 10 RUE BOURSAULT","lib_etab_1":"BOURSAULT (10) POLY","lib_etab_2":null,"lib_etab_3":null,"lib_etab_4":null,"adr_etab_1":"10 RUE BOURSAULT","adr_etab_2":null,"adr_etab_3":null,"adr_etab_4":null,"type_etabl":"Maternelle","geo_point_2d":{"lon":2.319600344738744,"lat":48.88303404984704},"st_area_shape":78853.32852218908,"st_perimeter_shape":3795.8028084372304}},{"type":"Feature","geometry":{"coordinates":[[[[2.311288,48.890234],[2.309461,48.888835],[2.30899,48.888806],[2.304851,48.890265],[2.308352,48.892175],[2.311288,48.890234]]],[[[2.301599,48.88916],[2.301253,48.889073],[2.300954,48.889413],[2.301716,48.889507],[2.301599,48.88916]]],[[[2.300564,48.889396],[2.301031,48.888969],[2.300786,48.888969],[2.299629,48.889604],[2.30015,48.889775],[2.300564,48.889396]]],[[[2.302172,48.889433],[2.302004,48.889876],[2.302752,48.889708],[2.302172,48.889433]]],[[[2.301806,48.889984],[2.301782,48.889612],[2.301197,48.889629],[2.301222,48.890006],[2.301806,48.889984]]],[[[2.305115,48.889906],[2.307593,48.889073],[2.306497,48.888379],[2.304367,48.88997],[2.305115,48.889906]]],[[[2.301032,48.889603],[2.300796,48.889491],[2.300405,48.889976],[2.300896,48.890208],[2.301032,48.889603]]],[[[2.302587,48.890345],[2.302562,48.889967],[2.302011,48.889984],[2.302036,48.890361],[2.302587,48.890345]]],[[[2.302999,48.889825],[2.302723,48.889937],[2.302967,48.890476],[2.303443,48.890119],[2.302999,48.889825]]],[[[2.301814,48.890103],[2.301028,48.890271],[2.30177,48.89062],[2.301814,48.890103]]],[[[2.302856,48.89056],[2.302048,48.890469],[2.302061,48.890757],[2.302856,48.89056]]],[[[2.302016,48.890936],[2.300162,48.889994],[2.29988,48.890193],[2.301611,48.891209],[2.301462,48.891585],[2.302016,48.890936]]]],"type":"MultiPolygon"},"properties":{"id_projet":"MATERNELLES (année scolaire 2025/2026)","libelle":"CHRISTINE DE PISAN (24) MAT","annee_scol":"2025-2026","zone_commune":0,"etiquette":"Secteur de l'école 24 RUE CHRISTINE DE PISAN","lib_etab_1":"CHRISTINE DE PISAN (24) MAT","lib_etab_2":null,"lib_etab_3":null,"lib_etab_4":null,"adr_etab_1":"24 RUE CHRISTINE DE PISAN","adr_etab_2":null,"adr_etab_3":null,"adr_etab_4":null,"type_etabl":"Maternelle","geo_point_2d":{"lon":2.3065893882273745,"lat":48.89018806662824},"st_area_shape":134718.25191132026,"st_perimeter_shape":4238.102206235618}},{"type":"Feature","geometry":{"coordinates":[[[[2.309781,48.894165],[2.309998,48.893977],[2.311406,48.894318],[2.311824,48.894],[2.312516,48.894646],[2.31238,48.894177],[2.304286,48.890453],[2.301878,48.891874],[2.30425,48.89336],[2.304006,48.893535],[2.302935,48.892876],[2.302484,48.893263],[2.301139,48.892541],[2.30081,48.892686],[2.305675,48.895069],[2.305311,48.894818],[2.305634,48.894578],[2.304932,48.894134],[2.305196,48.893949],[2.307219,48.895146],[2.309696,48.895969],[2.310175,48.895992],[2.309742,48.895677],[2.310272,48.894346],[2.309781,48.894165]],[[2.303605,48.893749],[2.303557,48.893719],[2.303626,48.893762],[2.303626,48.893762],[2.303605,48.893749]]],[[[2.307014,48.895664],[2.305828,48.895085],[2.305712,48.89514],[2.306298,48.895433],[2.30723,48.895868],[2.308209,48.896253],[2.308289,48.896184],[2.307014,48.895664]]]],"type":"MultiPolygon"},"properties":{"id_projet":"MATERNELLES (année scolaire 2025/2026)","libelle":"MARGUERITE LONG (5) POLY","annee_scol":"2025-2026","zone_commune":0,"etiquette":"Secteur de l'école 5 RUE MARGUERITE LONG","lib_etab_1":"MARGUERITE LONG (5) POLY","lib_etab_2":null,"lib_etab_3":null,"lib_etab_4":null,"adr_etab_1":"5 RUE MARGUERITE LONG","adr_etab_2":null,"adr_etab_3":null,"adr_etab_4":null,"type_etabl":"Maternelle","geo_point_2d":{"lon":2.306409882880114,"lat":48.89323403614035},"st_area_shape":211546.04494373343,"st_perimeter_shape":3719.5685764594486}},{"type":"Feature","geometry":{"coordinates":[[[[2.325474,48.887377],[2.325737,48.886716],[2.32436,48.886152],[2.323704,48.886571],[2.325134,48.887222],[2.323691,48.88658],[2.32312,48.886967],[2.324536,48.887921],[2.325474,48.887377]]],[[[2.322535,48.889099],[2.322535,48.889072],[2.322296,48.889083],[2.322278,48.889082],[2.32225,48.889099],[2.321891,48.889273],[2.321729,48.889372],[2.321631,48.889583],[2.32164,48.88959],[2.32168,48.889591],[2.321871,48.889481],[2.321953,48.889434],[2.322036,48.889387],[2.322205,48.889289],[2.322206,48.889288],[2.322278,48.889247],[2.322403,48.889175],[2.322535,48.889099],[2.322535,48.889099]]],[[[2.322494,48.887225],[2.32294,48.886939],[2.322395,48.886463],[2.322671,48.886829],[2.32192,48.887296],[2.322494,48.887225]]],[[[2.324017,48.888894],[2.324541,48.888645],[2.324204,48.888412],[2.32349,48.888823],[2.324017,48.888894]]],[[[2.32583,48.885537],[2.325423,48.885272],[2.325034,48.885614],[2.326001,48.886188],[2.326205,48.885801],[2.32583,48.885537]]],[[[2.326226,48.889895],[2.325196,48.890133],[2.326017,48.890724],[2.326452,48.890567],[2.326226,48.889895]]],[[[2.325668,48.886085],[2.324955,48.885658],[2.324402,48.886104],[2.325765,48.886664],[2.325668,48.886085]]],[[[2.324582,48.89116],[2.32239,48.889484],[2.321893,48.889743],[2.324025,48.891169],[2.324582,48.89116]]],[[[2.323464,48.888547],[2.322685,48.888007],[2.321938,48.888378],[2.322613,48.887972],[2.322126,48.887587],[2.321674,48.888155],[2.322971,48.888848],[2.323464,48.888547]]],[[[2.325185,48.888768],[2.325769,48.888534],[2.325494,48.887714],[2.324338,48.888333],[2.325185,48.888768]]],[[[2.322787,48.889242],[2.322492,48.889424],[2.324711,48.891123],[2.325051,48.891023],[2.322787,48.889242]]],[[[2.323058,48.887042],[2.322247,48.887515],[2.323553,48.888495],[2.324457,48.887992],[2.323058,48.887042]]],[[[2.325469,48.890476],[2.32338,48.888907],[2.322927,48.889149],[2.325227,48.890958],[2.325833,48.890782],[2.325469,48.890476]]],[[[2.325968,48.889131],[2.325765,48.888609],[2.323825,48.889099],[2.325191,48.890102],[2.32618,48.889758],[2.325968,48.889131]]],[[[2.323329,48.886693],[2.325339,48.885216],[2.324768,48.884841],[2.322465,48.886379],[2.323042,48.886912],[2.323329,48.886693]]]],"type":"MultiPolygon"},"properties":{"id_projet":"MATERNELLES (année scolaire 2026/2027)","libelle":"DAUTANCOURT (16) MAT","annee_scol":"2026-2027","zone_commune":0,"etiquette":"Secteur de l'école 16 DAUTANCOURT (16) MAT","lib_etab_1":"DAUTANCOURT (16) MAT","lib_etab_2":null,"lib_etab_3":null,"lib_etab_4":null,"adr_etab_1":"16 DAUTANCOURT (16) MAT","adr_etab_2":null,"adr_etab_3":null,"adr_etab_4":null,"type_etabl":"Maternelle","geo_point_2d":{"lon":2.324255640443395,"lat":48.88813030679217},"st_area_shape":128738.36539611904,"st_perimeter_shape":6827.115872794603}},{"type":"Feature","geometry":{"coordinates":[[[[2.306838,48.885315],[2.303699,48.88537],[2.304939,48.88687],[2.306838,48.885315]]],[[[2.305751,48.884485],[2.304943,48.884078],[2.303618,48.885114],[2.306656,48.885098],[2.305751,48.884485]]],[[[2.308313,48.880475],[2.304971,48.879715],[2.30473,48.880023],[2.306427,48.880448],[2.306904,48.88069],[2.306845,48.881088],[2.308313,48.880475]]],[[[2.307347,48.883128],[2.307965,48.882938],[2.30568,48.881831],[2.304782,48.882179],[2.307347,48.883128]]],[[[2.308882,48.880651],[2.306587,48.881458],[2.307668,48.882012],[2.308882,48.880651]]],[[[2.30774,48.884577],[2.308465,48.883954],[2.307393,48.883436],[2.306133,48.883668],[2.30774,48.884577]]],[[[2.303006,48.882962],[2.302198,48.883307],[2.302714,48.884017],[2.304357,48.883762],[2.303006,48.882962]]],[[[2.312842,48.881048],[2.312363,48.881254],[2.31343,48.881836],[2.315225,48.881362],[2.312842,48.881048]]],[[[2.306567,48.88159],[2.305842,48.881776],[2.308226,48.882928],[2.308794,48.882821],[2.306567,48.88159]]],[[[2.306077,48.883809],[2.305153,48.883918],[2.307138,48.885019],[2.307601,48.884691],[2.306077,48.883809]]],[[[2.304763,48.883492],[2.305781,48.883435],[2.304937,48.882915],[2.305375,48.882501],[2.304519,48.88229],[2.304558,48.883588],[2.304763,48.883492]]],[[[2.309446,48.88125],[2.309158,48.880997],[2.309111,48.882684],[2.310214,48.882162],[2.309446,48.88125]]],[[[2.311256,48.880857],[2.30992,48.880738],[2.31122,48.881696],[2.312069,48.881034],[2.311256,48.880857]]],[[[2.30894,48.880992],[2.307795,48.882081],[2.308821,48.882651],[2.30894,48.880992]]],[[[2.310387,48.882107],[2.311001,48.881803],[2.309297,48.880718],[2.310387,48.882107]]],[[[2.313222,48.881839],[2.312279,48.881324],[2.311538,48.881899],[2.311835,48.882175],[2.313222,48.881839]],[[2.312267,48.881766],[2.312382,48.881676],[2.312424,48.881699],[2.312334,48.881768],[2.31226,48.881825],[2.312217,48.881806],[2.312267,48.881766]]],[[[2.306025,48.883408],[2.306935,48.88319],[2.305567,48.882554],[2.305223,48.882847],[2.306025,48.883408]]],[[[2.309138,48.883248],[2.307676,48.88341],[2.308609,48.883867],[2.309138,48.883248]]],[[[2.304649,48.884029],[2.30302,48.884437],[2.303453,48.884953],[2.304649,48.884029]]],[[[2.304213,48.882466],[2.303256,48.88286],[2.30433,48.883407],[2.304213,48.882466]]],[[[2.307474,48.885407],[2.306663,48.885915],[2.307186,48.886179],[2.307878,48.885597],[2.307474,48.885407]]],[[[2.30833,48.884851],[2.308069,48.884737],[2.307538,48.885227],[2.30803,48.885363],[2.30833,48.884851]]],[[[2.305596,48.881623],[2.306632,48.881161],[2.30611,48.880901],[2.305384,48.881531],[2.305596,48.881623]]],[[[2.308908,48.885371],[2.309296,48.885103],[2.308807,48.884861],[2.308186,48.885405],[2.308908,48.885371]]],[[[2.308123,48.885782],[2.307463,48.886095],[2.307891,48.886319],[2.308123,48.885782]]],[[[2.30588,48.880925],[2.305547,48.880841],[2.305161,48.881447],[2.30588,48.880925]]],[[[2.305166,48.881805],[2.304816,48.881654],[2.30438,48.881955],[2.305166,48.881805]]],[[[2.304761,48.879758],[2.304802,48.879699],[2.304785,48.879675],[2.304768,48.879671],[2.304655,48.879647],[2.304614,48.879723],[2.304614,48.879723],[2.304601,48.879741],[2.304569,48.879787],[2.304556,48.879806],[2.304535,48.879834],[2.304523,48.879851],[2.304477,48.879916],[2.304582,48.879969],[2.304621,48.879963],[2.304761,48.879758]]]],"type":"MultiPolygon"},"properties":{"id_projet":"MATERNELLES (année scolaire 2020/2021)","libelle":"AMPERE (18) MAT","annee_scol":"2020-2021","zone_commune":0,"etiquette":"Secteur de l'école 18 RUE AMPERE","lib_etab_1":"AMPERE (18) MAT","lib_etab_2":null,"lib_etab_3":null,"lib_etab_4":null,"adr_etab_1":"18 RUE AMPERE","adr_etab_2":null,"adr_etab_3":null,"adr_etab_4":null,"type_etabl":null,"geo_point_2d":{"lon":2.307140204885888,"lat":48.88304259270081},"st_area_shape":207091.41946055047,"st_perimeter_shape":10848.783932417498}},{"type":"Feature","geometry":{"coordinates":[[[[2.320919,48.898634],[2.314526,48.896194],[2.314986,48.897134],[2.313384,48.898075],[2.314429,48.89813],[2.31607,48.898891],[2.317064,48.898368],[2.318605,48.899688],[2.320864,48.899115],[2.320919,48.898634]]],[[[2.323999,48.899091],[2.323726,48.90017],[2.328624,48.900284],[2.328677,48.8992],[2.323999,48.899091]]],[[[2.323015,48.898443],[2.323021,48.897721],[2.321851,48.898314],[2.314844,48.895667],[2.314559,48.895945],[2.321991,48.898792],[2.323015,48.898443]]],[[[2.321764,48.900704],[2.322609,48.900698],[2.322701,48.900324],[2.321702,48.900181],[2.322187,48.900087],[2.322236,48.899068],[2.319883,48.899664],[2.319644,48.90002],[2.321764,48.900704]]],[[[2.328983,48.898845],[2.328405,48.897791],[2.32663,48.897817],[2.326656,48.898863],[2.328983,48.898845]]],[[[2.323554,48.899025],[2.322496,48.899033],[2.322456,48.899941],[2.323444,48.900229],[2.323554,48.899025]]],[[[2.329024,48.899231],[2.32882,48.900195],[2.329462,48.900419],[2.329024,48.899231]]],[[[2.324533,48.897709],[2.324168,48.898123],[2.324758,48.898537],[2.325261,48.898336],[2.324533,48.897709]]],[[[2.326353,48.897897],[2.325725,48.898233],[2.326232,48.898705],[2.326353,48.897897]]],[[[2.326134,48.897743],[2.324902,48.897771],[2.325585,48.898134],[2.326134,48.897743]]],[[[2.32557,48.898437],[2.32492,48.898828],[2.32608,48.898851],[2.32557,48.898437]]],[[[2.329578,48.900882],[2.329503,48.90051],[2.328739,48.900494],[2.328724,48.900804],[2.329578,48.900882]]],[[[2.324179,48.898327],[2.324067,48.898792],[2.32474,48.898824],[2.324179,48.898327]]],[[[2.321096,48.900672],[2.320682,48.900552],[2.320671,48.900559],[2.320534,48.900636],[2.320359,48.900741],[2.320387,48.900758],[2.321052,48.900781],[2.321658,48.900802],[2.321096,48.900672]]],[[[2.326729,48.897326],[2.326725,48.897317],[2.326669,48.89726],[2.326665,48.897256],[2.326608,48.897193],[2.326552,48.897219],[2.326339,48.89732],[2.326104,48.897253],[2.326115,48.897248],[2.326139,48.897237],[2.326093,48.897192],[2.32607,48.897203],[2.325988,48.897242],[2.325935,48.897267],[2.325865,48.8973],[2.325833,48.897316],[2.325744,48.897358],[2.325742,48.897376],[2.32575,48.897376],[2.325949,48.89738],[2.325992,48.897381],[2.326023,48.897382],[2.326075,48.897383],[2.326135,48.897384],[2.3262,48.897385],[2.326375,48.897389],[2.326568,48.897393],[2.326667,48.897396],[2.326721,48.897363],[2.326727,48.897327],[2.326729,48.897326]]],[[[2.328721,48.897428],[2.328263,48.897194],[2.327835,48.897394],[2.328721,48.897428]]],[[[2.321231,48.898753],[2.321034,48.899072],[2.321481,48.898958],[2.321231,48.898753]]],[[[2.325383,48.897366],[2.325137,48.897153],[2.32482,48.897356],[2.325383,48.897366]]],[[[2.327585,48.897414],[2.327238,48.897264],[2.327141,48.897304],[2.327134,48.897307],[2.327072,48.897333],[2.327055,48.89734],[2.327023,48.897353],[2.327014,48.897357],[2.327011,48.897402],[2.327585,48.897414]]],[[[2.324668,48.897339],[2.324498,48.897254],[2.32444,48.897348],[2.324622,48.897352],[2.324656,48.897352],[2.324668,48.897339]]],[[[2.326974,48.897401],[2.326826,48.897349],[2.326781,48.897368],[2.32678,48.897397],[2.326974,48.897401]]]],"type":"MultiPolygon"},"properties":{"id_projet":"MATERNELLES (année scolaire 2020/2021)","libelle":"ANDRE BRECHET (21) MAT","annee_scol":"2020-2021","zone_commune":0,"etiquette":"Secteur de l'école 21 RUE ANDRE BRECHET","lib_etab_1":"ANDRE BRECHET (21) MAT","lib_etab_2":null,"lib_etab_3":null,"lib_etab_4":null,"adr_etab_1":"21 RUE ANDRE BRECHET","adr_etab_2":null,"adr_etab_3":null,"adr_etab_4":null,"type_etabl":null,"geo_point_2d":{"lon":2.3214914807209728,"lat":48.8986150678279},"st_area_shape":239588.58444046543,"st_perimeter_shape":8421.350850046892}},{"type":"Feature","geometry":{"coordinates":[[[[2.325474,48.887377],[2.325737,48.886716],[2.32436,48.886152],[2.323704,48.886571],[2.325134,48.887222],[2.323691,48.88658],[2.32312,48.886967],[2.324536,48.887921],[2.325474,48.887377]]],[[[2.323329,48.886693],[2.325339,48.885216],[2.324768,48.884841],[2.322465,48.886379],[2.323042,48.886912],[2.323329,48.886693]]],[[[2.325968,48.889131],[2.325765,48.888609],[2.323825,48.889099],[2.325191,48.890102],[2.32618,48.889758],[2.325968,48.889131]]],[[[2.325469,48.890476],[2.32338,48.888907],[2.322927,48.889149],[2.325227,48.890958],[2.325833,48.890782],[2.325469,48.890476]]],[[[2.323058,48.887042],[2.322247,48.887515],[2.323553,48.888495],[2.324457,48.887992],[2.323058,48.887042]]],[[[2.326316,48.885568],[2.32708,48.883812],[2.326771,48.883771],[2.32547,48.8852],[2.326316,48.885568]]],[[[2.326171,48.884216],[2.326668,48.883675],[2.325838,48.883397],[2.325087,48.884952],[2.325313,48.885091],[2.326171,48.884216]]],[[[2.322787,48.889242],[2.322492,48.889424],[2.324711,48.891123],[2.325051,48.891023],[2.322787,48.889242]]],[[[2.325185,48.888768],[2.325769,48.888534],[2.325494,48.887714],[2.324338,48.888333],[2.325185,48.888768]]],[[[2.324582,48.89116],[2.32239,48.889484],[2.321893,48.889743],[2.324025,48.891169],[2.324582,48.89116]]],[[[2.325668,48.886085],[2.324955,48.885658],[2.324402,48.886104],[2.325765,48.886664],[2.325668,48.886085]]],[[[2.325534,48.883335],[2.32456,48.884608],[2.32495,48.884861],[2.325534,48.883335]]],[[[2.326226,48.889895],[2.325196,48.890133],[2.326017,48.890724],[2.326452,48.890567],[2.326226,48.889895]]],[[[2.32583,48.885537],[2.325423,48.885272],[2.325034,48.885614],[2.326001,48.886188],[2.326205,48.885801],[2.32583,48.885537]]],[[[2.321224,48.890904],[2.320809,48.890398],[2.320402,48.890608],[2.321054,48.890907],[2.321243,48.891643],[2.321944,48.891782],[2.321224,48.890904]]],[[[2.321832,48.887431],[2.32294,48.886939],[2.322395,48.886463],[2.322401,48.887007],[2.321588,48.887327],[2.321832,48.887431]]],[[[2.324017,48.888894],[2.324541,48.888645],[2.324204,48.888412],[2.32349,48.888823],[2.324017,48.888894]]],[[[2.324784,48.884012],[2.324897,48.88384],[2.324506,48.88386],[2.324433,48.884523],[2.324784,48.884012]]],[[[2.325109,48.883479],[2.324542,48.883525],[2.324943,48.88375],[2.325109,48.883479]]]],"type":"MultiPolygon"},"properties":{"id_projet":"MATERNELLES (année scolaire 2020/2021)","libelle":"DAUTANCOURT (16) MAT","annee_scol":"2020-2021","zone_commune":0,"etiquette":"Secteur de l'école 16 RUE DAUTANCOURT","lib_etab_1":"DAUTANCOURT (16) MAT","lib_etab_2":null,"lib_etab_3":null,"lib_etab_4":null,"adr_etab_1":"16 RUE DAUTANCOURT","adr_etab_2":null,"adr_etab_3":null,"adr_etab_4":null,"type_etabl":null,"geo_point_2d":{"lon":2.324530880712935,"lat":48.88750152572593},"st_area_shape":153151.69879072672,"st_perimeter_shape":8345.055579584676}},{"type":"Feature","geometry":{"coordinates":[[[[2.295219,48.883621],[2.2962,48.882981],[2.295235,48.881636],[2.29459,48.882191],[2.295583,48.882681],[2.29455,48.882228],[2.293857,48.882863],[2.295219,48.883621]]],[[[2.305453,48.880923],[2.305977,48.880809],[2.303753,48.879687],[2.302945,48.880351],[2.305161,48.881447],[2.305453,48.880923]]],[[[2.297638,48.882774],[2.296765,48.883243],[2.29733,48.884352],[2.297681,48.884406],[2.298762,48.88332],[2.297638,48.882774]]],[[[2.304177,48.882175],[2.30112,48.88134],[2.300901,48.881529],[2.302962,48.882705],[2.304177,48.882175]]],[[[2.300388,48.883381],[2.30101,48.8823],[2.300667,48.88183],[2.299495,48.882925],[2.300215,48.883257],[2.299405,48.883015],[2.299107,48.883311],[2.30009,48.883797],[2.300388,48.883381]]],[[[2.299164,48.881902],[2.299466,48.881578],[2.2985,48.881413],[2.297185,48.882428],[2.298141,48.882855],[2.299164,48.881902]]],[[[2.299446,48.883626],[2.298986,48.883433],[2.297908,48.884504],[2.298403,48.884661],[2.300062,48.88396],[2.299446,48.883626]]],[[[2.297901,48.880598],[2.298734,48.880063],[2.297954,48.87961],[2.296584,48.880431],[2.297506,48.880829],[2.297901,48.880598]]],[[[2.302815,48.879251],[2.30234,48.879178],[2.300532,48.880914],[2.300972,48.881131],[2.302815,48.879251]]],[[[2.297256,48.881206],[2.296099,48.881912],[2.297068,48.882351],[2.29809,48.881586],[2.297256,48.881206]]],[[[2.30474,48.881724],[2.305362,48.881677],[2.303985,48.881011],[2.303096,48.88174],[2.304378,48.882112],[2.30474,48.881724]]],[[[2.3,48.881684],[2.299685,48.881649],[2.298313,48.88296],[2.298886,48.883206],[2.300327,48.881773],[2.3,48.881684]]],[[[2.302128,48.879105],[2.301677,48.879034],[2.300026,48.880269],[2.300344,48.880763],[2.302128,48.879105]]],[[[2.298784,48.878387],[2.299468,48.87956],[2.300606,48.878858],[2.298784,48.878387]]],[[[2.298707,48.881122],[2.299528,48.880476],[2.298838,48.88012],[2.297714,48.880858],[2.298707,48.881122]]],[[[2.296727,48.881354],[2.297399,48.880891],[2.296495,48.880525],[2.295722,48.881179],[2.296249,48.881231],[2.295792,48.881333],[2.296017,48.881778],[2.296727,48.881354]]],[[[2.301135,48.879249],[2.30147,48.878964],[2.300818,48.878848],[2.299559,48.879681],[2.299934,48.880148],[2.301135,48.879249]]],[[[2.296269,48.883119],[2.295442,48.883753],[2.296928,48.884409],[2.296269,48.883119]]],[[[2.30301,48.88054],[2.301768,48.881401],[2.303538,48.880822],[2.30301,48.88054]]],[[[2.30139,48.882823],[2.301096,48.882531],[2.300378,48.883776],[2.301672,48.883279],[2.30139,48.882823]]],[[[2.299784,48.880618],[2.298712,48.881288],[2.299652,48.881447],[2.300068,48.88106],[2.299784,48.880618]]],[[[2.299164,48.879764],[2.298298,48.878591],[2.297667,48.879155],[2.298336,48.87925],[2.298109,48.879404],[2.298489,48.879373],[2.298879,48.879969],[2.299164,48.879764]]],[[[2.302399,48.880245],[2.301278,48.881252],[2.301622,48.881343],[2.3027,48.880414],[2.302399,48.880245]]],[[[2.306726,48.880599],[2.304736,48.880039],[2.306793,48.881087],[2.306726,48.880599]]],[[[2.303222,48.87994],[2.303594,48.879607],[2.303071,48.879367],[2.302364,48.880072],[2.302833,48.880298],[2.303222,48.87994]]],[[[2.301679,48.882225],[2.301331,48.882119],[2.302029,48.883076],[2.302707,48.882844],[2.301679,48.882225]]],[[[2.303727,48.880886],[2.302311,48.881549],[2.302935,48.881701],[2.303727,48.880886]]],[[[2.298167,48.881526],[2.29842,48.881306],[2.297569,48.88096],[2.297276,48.881125],[2.298167,48.881526]]],[[[2.296268,48.882125],[2.296506,48.882736],[2.296921,48.88246],[2.296268,48.882125]]],[[[2.297191,48.882563],[2.296585,48.882847],[2.296681,48.88308],[2.297191,48.882563]]],[[[2.304601,48.879741],[2.303577,48.879462],[2.304477,48.879916],[2.304601,48.879741]]],[[[2.30021,48.881202],[2.299868,48.881517],[2.300483,48.88162],[2.30021,48.881202]]],[[[2.29749,48.879931],[2.297557,48.879875],[2.297566,48.87988],[2.297596,48.879855],[2.297598,48.879853],[2.2976,48.879854],[2.297634,48.879825],[2.297671,48.879795],[2.297798,48.879694],[2.297808,48.879685],[2.297836,48.879662],[2.297917,48.8796],[2.297922,48.879602],[2.297929,48.879597],[2.2978,48.879526],[2.297668,48.879623],[2.297461,48.879778],[2.29734,48.879868],[2.29726,48.879928],[2.297258,48.879929],[2.297257,48.879929],[2.297135,48.88002],[2.297216,48.880063],[2.297237,48.880075],[2.297294,48.880105],[2.297412,48.880008],[2.297488,48.879946],[2.2975,48.879936],[2.29749,48.879931]]],[[[2.299252,48.879885],[2.29898,48.880057],[2.299573,48.880326],[2.299252,48.879885]]],[[[2.306329,48.881168],[2.306633,48.881141],[2.306125,48.8809],[2.306329,48.881168]]],[[[2.300646,48.881099],[2.300641,48.881098],[2.300637,48.881099],[2.300632,48.881099],[2.300627,48.8811],[2.300622,48.881102],[2.300619,48.881103],[2.300617,48.881105],[2.300615,48.881107],[2.300612,48.88111],[2.300611,48.881112],[2.300609,48.881116],[2.300608,48.881118],[2.300608,48.881122],[2.300608,48.881124],[2.300609,48.881127],[2.300611,48.88113],[2.300745,48.881314],[2.300786,48.881316],[2.300864,48.881239],[2.300858,48.881212],[2.300662,48.881103],[2.300657,48.881101],[2.300655,48.881101],[2.300652,48.8811],[2.300646,48.881099]]],[[[2.305589,48.88162],[2.305384,48.881532],[2.30539,48.881558],[2.305523,48.881623],[2.305527,48.881619],[2.305537,48.881621],[2.305541,48.881622],[2.305547,48.881623],[2.305557,48.881623],[2.30556,48.881623],[2.305573,48.881623],[2.305576,48.881623],[2.305585,48.881621],[2.305589,48.88162]]]],"type":"MultiPolygon"},"properties":{"id_projet":"MATERNELLES (année scolaire 2021/2022)","libelle":"RENAUDES (31) MAT","annee_scol":"2021-2022","zone_commune":0,"etiquette":"Secteur de l'école 31 RUE DES RENAUDES","lib_etab_1":"RENAUDES (31) MAT","lib_etab_2":null,"lib_etab_3":null,"lib_etab_4":null,"adr_etab_1":"31 RUE DES RENAUDES","adr_etab_2":null,"adr_etab_3":null,"adr_etab_4":null,"type_etabl":"Maternelle","geo_point_2d":{"lon":2.2998507783316775,"lat":48.88154824314909},"st_area_shape":256674.93944116702,"st_perimeter_shape":13652.85652029094}},{"type":"Feature","geometry":{"coordinates":[[[[2.306838,48.885315],[2.303699,48.88537],[2.304939,48.88687],[2.306838,48.885315]]],[[[2.305751,48.884485],[2.304943,48.884078],[2.303618,48.885114],[2.306656,48.885098],[2.305751,48.884485]]],[[[2.308313,48.880475],[2.304971,48.879715],[2.30473,48.880023],[2.306427,48.880448],[2.306904,48.88069],[2.306845,48.881088],[2.308313,48.880475]]],[[[2.307347,48.883128],[2.307965,48.882938],[2.30568,48.881831],[2.304782,48.882179],[2.307347,48.883128]]],[[[2.308882,48.880651],[2.306587,48.881458],[2.307668,48.882012],[2.308882,48.880651]]],[[[2.30774,48.884577],[2.308465,48.883954],[2.307393,48.883436],[2.306133,48.883668],[2.30774,48.884577]]],[[[2.303006,48.882962],[2.302198,48.883307],[2.302714,48.884017],[2.304357,48.883762],[2.303006,48.882962]]],[[[2.312842,48.881048],[2.312363,48.881254],[2.31343,48.881836],[2.315225,48.881362],[2.312842,48.881048]]],[[[2.306567,48.88159],[2.305842,48.881776],[2.308226,48.882928],[2.308794,48.882821],[2.306567,48.88159]]],[[[2.306077,48.883809],[2.305153,48.883918],[2.307138,48.885019],[2.307601,48.884691],[2.306077,48.883809]]],[[[2.304763,48.883492],[2.305781,48.883435],[2.304937,48.882915],[2.305375,48.882501],[2.304519,48.88229],[2.304558,48.883588],[2.304763,48.883492]]],[[[2.309446,48.88125],[2.309158,48.880997],[2.309111,48.882684],[2.310214,48.882162],[2.309446,48.88125]]],[[[2.311256,48.880857],[2.30992,48.880738],[2.31122,48.881696],[2.312069,48.881034],[2.311256,48.880857]]],[[[2.30894,48.880992],[2.307795,48.882081],[2.308821,48.882651],[2.30894,48.880992]]],[[[2.310387,48.882107],[2.311001,48.881803],[2.309297,48.880718],[2.310387,48.882107]]],[[[2.313222,48.881839],[2.312279,48.881324],[2.311538,48.881899],[2.311835,48.882175],[2.313222,48.881839]],[[2.312267,48.881766],[2.312382,48.881676],[2.312424,48.881699],[2.312334,48.881768],[2.31226,48.881825],[2.312217,48.881806],[2.312267,48.881766]]],[[[2.306025,48.883408],[2.306935,48.88319],[2.305567,48.882554],[2.305223,48.882847],[2.306025,48.883408]]],[[[2.309138,48.883248],[2.307676,48.88341],[2.308609,48.883867],[2.309138,48.883248]]],[[[2.304649,48.884029],[2.30302,48.884437],[2.303453,48.884953],[2.304649,48.884029]]],[[[2.304213,48.882466],[2.303256,48.88286],[2.30433,48.883407],[2.304213,48.882466]]],[[[2.307474,48.885407],[2.306663,48.885915],[2.307186,48.886179],[2.307878,48.885597],[2.307474,48.885407]]],[[[2.30833,48.884851],[2.308069,48.884737],[2.307538,48.885227],[2.30803,48.885363],[2.30833,48.884851]]],[[[2.305596,48.881623],[2.306632,48.881161],[2.30611,48.880901],[2.305384,48.881531],[2.305596,48.881623]]],[[[2.308908,48.885371],[2.309296,48.885103],[2.308807,48.884861],[2.308186,48.885405],[2.308908,48.885371]]],[[[2.308123,48.885782],[2.307463,48.886095],[2.307891,48.886319],[2.308123,48.885782]]],[[[2.30588,48.880925],[2.305547,48.880841],[2.305161,48.881447],[2.30588,48.880925]]],[[[2.305166,48.881805],[2.304816,48.881654],[2.30438,48.881955],[2.305166,48.881805]]],[[[2.304761,48.879758],[2.304802,48.879699],[2.304785,48.879675],[2.304768,48.879671],[2.304655,48.879647],[2.304614,48.879723],[2.304614,48.879723],[2.304601,48.879741],[2.304569,48.879787],[2.304556,48.879806],[2.304535,48.879834],[2.304523,48.879851],[2.304477,48.879916],[2.304582,48.879969],[2.304621,48.879963],[2.304761,48.879758]]]],"type":"MultiPolygon"},"properties":{"id_projet":"MATERNELLES (année scolaire 2021/2022)","libelle":"AMPERE (18) MAT","annee_scol":"2021-2022","zone_commune":0,"etiquette":"Secteur de l'école 18 RUE AMPERE","lib_etab_1":"AMPERE (18) MAT","lib_etab_2":null,"lib_etab_3":null,"lib_etab_4":null,"adr_etab_1":"18 RUE AMPERE","adr_etab_2":null,"adr_etab_3":null,"adr_etab_4":null,"type_etabl":"Maternelle","geo_point_2d":{"lon":2.307140204885888,"lat":48.88304259270081},"st_area_shape":207091.41946055047,"st_perimeter_shape":10848.783932417498}},{"type":"Feature","geometry":{"coordinates":[[[[2.325811,48.891684],[2.325154,48.891099],[2.322772,48.891859],[2.323581,48.892086],[2.32486,48.89167],[2.323844,48.892125],[2.324726,48.892333],[2.326015,48.891913],[2.325811,48.891684]]],[[[2.32364,48.893212],[2.324363,48.892593],[2.324827,48.893377],[2.325241,48.893398],[2.324729,48.892523],[2.322296,48.892023],[2.323454,48.893436],[2.32364,48.893212]]],[[[2.321771,48.889825],[2.321388,48.89005],[2.323037,48.891656],[2.323703,48.891462],[2.321771,48.889825]]],[[[2.321289,48.890111],[2.320905,48.890327],[2.322159,48.891855],[2.322901,48.891719],[2.321289,48.890111]]],[[[2.326495,48.890695],[2.325345,48.89106],[2.326227,48.891864],[2.326794,48.891582],[2.326495,48.890695]]],[[[2.324575,48.891175],[2.324025,48.891169],[2.321889,48.889763],[2.323841,48.8914],[2.324575,48.891175]]],[[[2.322931,48.893407],[2.323276,48.893408],[2.322093,48.891965],[2.321359,48.891797],[2.322931,48.893407]]],[[[2.326154,48.892007],[2.325001,48.892392],[2.326928,48.892809],[2.326154,48.892007]]],[[[2.325802,48.893039],[2.327077,48.893029],[2.324975,48.892576],[2.325317,48.89323],[2.325802,48.893039]]],[[[2.326896,48.89189],[2.326382,48.891986],[2.327166,48.892692],[2.326896,48.89189]]]],"type":"MultiPolygon"},"properties":{"id_projet":"MATERNELLES (année scolaire 2021/2022)","libelle":"CAPITAINE LAGACHE (21) MAT","annee_scol":"2021-2022","zone_commune":0,"etiquette":"Secteur de l'école 21 RUE DU CAPITAINE LAGACHE","lib_etab_1":"CAPITAINE LAGACHE (21) MAT","lib_etab_2":null,"lib_etab_3":null,"lib_etab_4":null,"adr_etab_1":"21 RUE DU CAPITAINE LAGACHE","adr_etab_2":null,"adr_etab_3":null,"adr_etab_4":null,"type_etabl":"Maternelle","geo_point_2d":{"lon":2.3239738256040265,"lat":48.8917596311586},"st_area_shape":81844.05146746422,"st_perimeter_shape":5015.206308394676}},{"type":"Feature","geometry":{"coordinates":[[[[2.325474,48.887377],[2.325737,48.886716],[2.32436,48.886152],[2.323704,48.886571],[2.325134,48.887222],[2.323691,48.88658],[2.32312,48.886967],[2.324536,48.887921],[2.325474,48.887377]]],[[[2.323329,48.886693],[2.325339,48.885216],[2.324768,48.884841],[2.322465,48.886379],[2.323042,48.886912],[2.323329,48.886693]]],[[[2.325968,48.889131],[2.325765,48.888609],[2.323825,48.889099],[2.325191,48.890102],[2.32618,48.889758],[2.325968,48.889131]]],[[[2.325469,48.890476],[2.32338,48.888907],[2.322927,48.889149],[2.325227,48.890958],[2.325833,48.890782],[2.325469,48.890476]]],[[[2.323058,48.887042],[2.322247,48.887515],[2.323553,48.888495],[2.324457,48.887992],[2.323058,48.887042]]],[[[2.326316,48.885568],[2.32708,48.883812],[2.326771,48.883771],[2.32547,48.8852],[2.326316,48.885568]]],[[[2.326171,48.884216],[2.326668,48.883675],[2.325838,48.883397],[2.325087,48.884952],[2.325313,48.885091],[2.326171,48.884216]]],[[[2.322787,48.889242],[2.322492,48.889424],[2.324711,48.891123],[2.325051,48.891023],[2.322787,48.889242]]],[[[2.325185,48.888768],[2.325769,48.888534],[2.325494,48.887714],[2.324338,48.888333],[2.325185,48.888768]]],[[[2.324582,48.89116],[2.32239,48.889484],[2.321893,48.889743],[2.324025,48.891169],[2.324582,48.89116]]],[[[2.325668,48.886085],[2.324955,48.885658],[2.324402,48.886104],[2.325765,48.886664],[2.325668,48.886085]]],[[[2.325534,48.883335],[2.32456,48.884608],[2.32495,48.884861],[2.325534,48.883335]]],[[[2.326226,48.889895],[2.325196,48.890133],[2.326017,48.890724],[2.326452,48.890567],[2.326226,48.889895]]],[[[2.32583,48.885537],[2.325423,48.885272],[2.325034,48.885614],[2.326001,48.886188],[2.326205,48.885801],[2.32583,48.885537]]],[[[2.321224,48.890904],[2.320809,48.890398],[2.320402,48.890608],[2.321054,48.890907],[2.321243,48.891643],[2.321944,48.891782],[2.321224,48.890904]]],[[[2.321832,48.887431],[2.32294,48.886939],[2.322395,48.886463],[2.322401,48.887007],[2.321588,48.887327],[2.321832,48.887431]]],[[[2.324017,48.888894],[2.324541,48.888645],[2.324204,48.888412],[2.32349,48.888823],[2.324017,48.888894]]],[[[2.324784,48.884012],[2.324897,48.88384],[2.324506,48.88386],[2.324433,48.884523],[2.324784,48.884012]]],[[[2.325109,48.883479],[2.324542,48.883525],[2.324943,48.88375],[2.325109,48.883479]]]],"type":"MultiPolygon"},"properties":{"id_projet":"MATERNELLES (année scolaire 2022/2023)","libelle":"DAUTANCOURT (16) MAT","annee_scol":"2022-2023","zone_commune":0,"etiquette":"Secteur de l'école 16 RUE DAUTANCOURT","lib_etab_1":"DAUTANCOURT (16) MAT","lib_etab_2":null,"lib_etab_3":null,"lib_etab_4":null,"adr_etab_1":"16 RUE DAUTANCOURT","adr_etab_2":null,"adr_etab_3":null,"adr_etab_4":null,"type_etabl":"Maternelle","geo_point_2d":{"lon":2.324530880712935,"lat":48.88750152572593},"st_area_shape":153151.69879072672,"st_perimeter_shape":8345.055579584676}},{"type":"Feature","geometry":{"coordinates":[[[[2.318836,48.891233],[2.319966,48.890555],[2.31865,48.889573],[2.317351,48.890246],[2.31826,48.891237],[2.318836,48.891233]]],[[[2.3204,48.885443],[2.320443,48.885418],[2.320456,48.88543],[2.320556,48.885522],[2.320702,48.88545],[2.320713,48.885445],[2.32075,48.885427],[2.320829,48.885388],[2.320867,48.885369],[2.320847,48.885353],[2.320798,48.885313],[2.32074,48.885266],[2.320808,48.885222],[2.320821,48.885216],[2.320728,48.885135],[2.320644,48.885186],[2.320477,48.885286],[2.32036,48.885356],[2.320185,48.885461],[2.320018,48.885562],[2.319899,48.885633],[2.319976,48.885691],[2.319979,48.885689],[2.320061,48.885641],[2.320097,48.88562],[2.320185,48.885569],[2.320256,48.885527],[2.32027,48.885519],[2.320302,48.8855],[2.320383,48.885453],[2.320394,48.885446],[2.3204,48.885443]]],[[[2.321325,48.885866],[2.32087,48.885812],[2.320728,48.886204],[2.321325,48.885866]]],[[[2.31745,48.886109],[2.316751,48.886461],[2.317001,48.886566],[2.31745,48.886109]]],[[[2.317864,48.886351],[2.317757,48.886288],[2.317716,48.886288],[2.317568,48.886376],[2.31742,48.886464],[2.317311,48.886528],[2.317137,48.886631],[2.317139,48.886658],[2.31728,48.88673],[2.317446,48.88663],[2.317562,48.88656],[2.317705,48.886474],[2.317865,48.886377],[2.317864,48.886351]]],[[[2.32032,48.886082],[2.3198,48.885694],[2.318574,48.886623],[2.318882,48.886779],[2.32032,48.886082]]],[[[2.31772,48.887021],[2.318287,48.886681],[2.31804,48.886532],[2.317503,48.886858],[2.31772,48.887021]]],[[[2.319563,48.886961],[2.320658,48.886288],[2.320407,48.886138],[2.318979,48.88683],[2.319563,48.886961]]],[[[2.320062,48.887164],[2.320915,48.886848],[2.321696,48.886144],[2.321628,48.885828],[2.319512,48.887144],[2.320062,48.887164]]],[[[2.318811,48.887423],[2.319244,48.887158],[2.318458,48.886697],[2.317809,48.887085],[2.318364,48.887664],[2.318811,48.887423]]],[[[2.319783,48.887629],[2.319348,48.887243],[2.318484,48.88779],[2.318984,48.888273],[2.319783,48.887629]]],[[[2.317912,48.887393],[2.316885,48.887983],[2.317347,48.8883],[2.31824,48.887769],[2.317912,48.887393]]],[[[2.316605,48.886595],[2.315107,48.88767],[2.315726,48.888322],[2.317502,48.887334],[2.316605,48.886595]]],[[[2.320575,48.888797],[2.32066,48.88862],[2.320578,48.888668],[2.320535,48.888637],[2.320509,48.888617],[2.320337,48.888636],[2.320469,48.888733],[2.320556,48.888797],[2.320575,48.888797]]],[[[2.318366,48.887867],[2.317453,48.888408],[2.318045,48.888821],[2.318816,48.888371],[2.318366,48.887867]]],[[[2.32028,48.888249],[2.319832,48.888115],[2.320196,48.88771],[2.319063,48.888394],[2.319586,48.888901],[2.32028,48.888249]]],[[[2.31683,48.888608],[2.317104,48.888419],[2.316684,48.888105],[2.315804,48.888657],[2.31617,48.889001],[2.31683,48.888608]]],[[[2.318942,48.888469],[2.318151,48.888929],[2.318754,48.889353],[2.319416,48.888997],[2.318942,48.888469]]],[[[2.321615,48.889072],[2.320687,48.888891],[2.321631,48.889583],[2.321615,48.889072]]],[[[2.317251,48.888529],[2.316233,48.889107],[2.316706,48.889603],[2.317797,48.888966],[2.317251,48.888529]]],[[[2.319538,48.889093],[2.318863,48.889459],[2.319331,48.889808],[2.319903,48.889476],[2.319538,48.889093]]],[[[2.320236,48.888691],[2.319661,48.889017],[2.320719,48.890119],[2.321535,48.889675],[2.320236,48.888691]]],[[[2.317978,48.88907],[2.316873,48.889647],[2.317227,48.890149],[2.3185,48.889491],[2.317978,48.88907]]],[[[2.320011,48.889584],[2.319459,48.889905],[2.320212,48.890439],[2.320596,48.890193],[2.320011,48.889584]]]],"type":"MultiPolygon"},"properties":{"id_projet":"MATERNELLES (année scolaire 2023/2024)","libelle":"BROCHANT (28) MAT","annee_scol":"2023-2024","zone_commune":0,"etiquette":"Secteur de l'école 28 RUE BROCHANT","lib_etab_1":"BROCHANT (28) MAT","lib_etab_2":null,"lib_etab_3":null,"lib_etab_4":null,"adr_etab_1":"28 RUE BROCHANT","adr_etab_2":null,"adr_etab_3":null,"adr_etab_4":null,"type_etabl":"Maternelle","geo_point_2d":{"lon":2.31856792265463,"lat":48.88843722252994},"st_area_shape":130820.91856148906,"st_perimeter_shape":7387.9976369646765}},{"type":"Feature","geometry":{"coordinates":[[[[2.314603,48.893584],[2.31815,48.891541],[2.3166,48.889788],[2.312881,48.891839],[2.313719,48.892178],[2.311499,48.893345],[2.313685,48.894162],[2.314603,48.893584]]],[[[2.314543,48.884889],[2.314531,48.884884],[2.31443,48.88508],[2.314441,48.885085],[2.314543,48.884889]]],[[[2.313054,48.891724],[2.313062,48.891713],[2.313047,48.891721],[2.313054,48.891724]]]],"type":"MultiPolygon"},"properties":{"id_projet":"MATERNELLES (année scolaire 2023/2024)","libelle":"ZM BERNARD BUFFET(14)/GILBERT CESBRON(1)","annee_scol":"2023-2024","zone_commune":1,"etiquette":"Secteur commun des écoles \n14 RUE BERNARD BUFFET \n1 RUE GILBERT CESBRON","lib_etab_1":"BERNARD BUFFET (14) POLY","lib_etab_2":"GILBERT CESBRON (1) POLY","lib_etab_3":null,"lib_etab_4":null,"adr_etab_1":"14 RUE BERNARD BUFFET","adr_etab_2":"1 RUE GILBERT CESBRON","adr_etab_3":null,"adr_etab_4":null,"type_etabl":"Maternelle","geo_point_2d":{"lon":2.315078426821885,"lat":48.89205313395434},"st_area_shape":102551.90947416317,"st_perimeter_shape":1659.5000724891115}},{"type":"Feature","geometry":{"coordinates":[[[[2.317951,48.885932],[2.319402,48.884492],[2.319048,48.884314],[2.319454,48.884405],[2.31951,48.883886],[2.318572,48.884119],[2.316938,48.88574],[2.317713,48.886119],[2.317951,48.885932]]],[[[2.316688,48.884778],[2.317676,48.883829],[2.317281,48.883651],[2.31779,48.883133],[2.317636,48.882927],[2.315595,48.884855],[2.316186,48.885226],[2.316688,48.884778]]],[[[2.315726,48.88565],[2.316095,48.885316],[2.315466,48.884974],[2.314039,48.886319],[2.313892,48.887048],[2.315726,48.88565]]],[[[2.315813,48.884491],[2.316592,48.883755],[2.315753,48.88336],[2.314681,48.88432],[2.315453,48.884796],[2.315813,48.884491]]],[[[2.315062,48.883054],[2.31476,48.882937],[2.313783,48.883815],[2.314581,48.884257],[2.315604,48.883311],[2.315062,48.883054]]],[[[2.316337,48.885459],[2.314098,48.887131],[2.316,48.886259],[2.316667,48.885675],[2.316337,48.885459]]],[[[2.317044,48.883366],[2.317494,48.882944],[2.316967,48.883331],[2.316392,48.883009],[2.316208,48.883182],[2.315683,48.882906],[2.31595,48.882627],[2.315654,48.882187],[2.315345,48.882433],[2.315532,48.882552],[2.314854,48.882853],[2.316681,48.883684],[2.317044,48.883366]]],[[[2.317731,48.884628],[2.317254,48.884394],[2.316331,48.885311],[2.31679,48.885552],[2.317731,48.884628]]],[[[2.314205,48.883269],[2.31482,48.882734],[2.314183,48.882364],[2.31364,48.882972],[2.314034,48.883181],[2.313837,48.883585],[2.314205,48.883269]]],[[[2.320242,48.885092],[2.320647,48.885017],[2.319579,48.884547],[2.319113,48.884988],[2.320242,48.885092]]],[[[2.318245,48.884124],[2.317841,48.883798],[2.317307,48.884344],[2.317783,48.884578],[2.318245,48.884124]]],[[[2.318197,48.886045],[2.319197,48.885426],[2.319009,48.885123],[2.318197,48.886045]]],[[[2.320667,48.884493],[2.320404,48.884227],[2.319573,48.884459],[2.320718,48.884964],[2.320667,48.884493]]],[[[2.314398,48.885831],[2.315387,48.884901],[2.314822,48.884597],[2.315025,48.884938],[2.314398,48.885831]]],[[[2.31512,48.88247],[2.31541,48.882216],[2.315143,48.882015],[2.314275,48.882294],[2.314896,48.882633],[2.31512,48.88247]]],[[[2.31389,48.886378],[2.313234,48.886657],[2.313769,48.886986],[2.31389,48.886378]]],[[[2.313114,48.88673],[2.312838,48.886906],[2.313619,48.887073],[2.313114,48.88673]]]],"type":"MultiPolygon"},"properties":{"id_projet":"MATERNELLES (année scolaire 2021/2022)","libelle":"SAUSSURE (48) MAT","annee_scol":"2021-2022","zone_commune":0,"etiquette":"Secteur de l'école 48 RUE DE SAUSSURE","lib_etab_1":"SAUSSURE (48) MAT","lib_etab_2":null,"lib_etab_3":null,"lib_etab_4":null,"adr_etab_1":"48 RUE DE SAUSSURE","adr_etab_2":null,"adr_etab_3":null,"adr_etab_4":null,"type_etabl":"Maternelle","geo_point_2d":{"lon":2.316364535864772,"lat":48.88464428592569},"st_area_shape":114027.65724286567,"st_perimeter_shape":7071.9435329182525}},{"type":"Feature","geometry":{"coordinates":[[[[2.325942,48.895071],[2.3262,48.895039],[2.32533,48.893552],[2.323847,48.893578],[2.324156,48.893935],[2.323712,48.893574],[2.322841,48.893629],[2.323372,48.893776],[2.32425,48.894863],[2.324957,48.894776],[2.325247,48.895333],[2.325942,48.895071]]],[[[2.32657,48.893724],[2.325742,48.893955],[2.326582,48.895393],[2.327691,48.895044],[2.32657,48.893724]]],[[[2.328752,48.897403],[2.328234,48.895868],[2.32694,48.895974],[2.327233,48.896477],[2.328215,48.896238],[2.327292,48.896579],[2.32781,48.897384],[2.328752,48.897403]],[[2.327569,48.896861],[2.327351,48.896627],[2.327562,48.896558],[2.327569,48.896861]],[[2.327944,48.896747],[2.327909,48.896696],[2.327893,48.896673],[2.327876,48.896649],[2.327902,48.896641],[2.327999,48.896603],[2.328031,48.896653],[2.328064,48.896704],[2.327995,48.896729],[2.32797,48.896739],[2.327944,48.896747]],[[2.327768,48.896708],[2.327694,48.89673],[2.327684,48.896716],[2.327715,48.896707],[2.327681,48.896662],[2.327668,48.896666],[2.32764,48.89663],[2.3276,48.896578],[2.327657,48.89656],[2.327661,48.896564],[2.327697,48.896612],[2.327768,48.896708]]],[[[2.327043,48.896524],[2.326635,48.895968],[2.325413,48.896463],[2.325943,48.8971],[2.327043,48.896524]]],[[[2.325085,48.893379],[2.324363,48.892593],[2.323484,48.893449],[2.325085,48.893379]]],[[[2.327332,48.893184],[2.325488,48.893522],[2.325694,48.893786],[2.327332,48.893184]]],[[[2.327011,48.89721],[2.327341,48.897037],[2.327071,48.89673],[2.326093,48.897192],[2.327011,48.89721]]],[[[2.327965,48.895069],[2.326641,48.895496],[2.328075,48.895494],[2.327965,48.895069]]],[[[2.327067,48.89372],[2.327616,48.894031],[2.327442,48.893515],[2.326713,48.893702],[2.327249,48.894089],[2.327067,48.89372]]],[[[2.326775,48.893134],[2.327076,48.893074],[2.327077,48.893029],[2.326743,48.893062],[2.326735,48.893045],[2.326644,48.893048],[2.326585,48.89306],[2.326546,48.893067],[2.326536,48.893046],[2.32647,48.893045],[2.326445,48.893045],[2.326406,48.893044],[2.326381,48.893044],[2.32635,48.893044],[2.326241,48.893041],[2.326176,48.89304],[2.326158,48.893077],[2.326149,48.893076],[2.325942,48.893044],[2.325918,48.89304],[2.325879,48.893039],[2.325802,48.893039],[2.325767,48.893039],[2.325631,48.893073],[2.325657,48.893118],[2.32567,48.893141],[2.325532,48.893175],[2.325505,48.893182],[2.325445,48.893197],[2.325317,48.89323],[2.325408,48.893385],[2.325445,48.893397],[2.325615,48.893363],[2.325779,48.893331],[2.325923,48.893302],[2.32605,48.893277],[2.326225,48.893243],[2.326322,48.893223],[2.326421,48.893204],[2.326592,48.89317],[2.326775,48.893134]]],[[[2.327641,48.894107],[2.327157,48.894187],[2.327908,48.894903],[2.327641,48.894107]]],[[[2.326471,48.895778],[2.326465,48.895776],[2.32646,48.895775],[2.326454,48.895774],[2.326448,48.895774],[2.32644,48.895775],[2.326438,48.895776],[2.326421,48.895743],[2.326428,48.895742],[2.326436,48.895739],[2.326442,48.895734],[2.326445,48.89573],[2.326447,48.895727],[2.326448,48.895722],[2.326448,48.895717],[2.326446,48.895713],[2.326442,48.895709],[2.326436,48.895706],[2.326429,48.895703],[2.326422,48.895701],[2.326413,48.8957],[2.326404,48.8957],[2.326396,48.895701],[2.326033,48.895742],[2.325621,48.895789],[2.325516,48.895802],[2.325358,48.895828],[2.325112,48.895869],[2.324914,48.895903],[2.324893,48.895906],[2.324887,48.895908],[2.324881,48.895911],[2.324877,48.895913],[2.324874,48.895916],[2.32487,48.89592],[2.324868,48.895923],[2.324866,48.895928],[2.324866,48.895933],[2.324866,48.895938],[2.324869,48.895943],[2.324871,48.895945],[2.324897,48.895943],[2.325287,48.895914],[2.325652,48.895881],[2.325999,48.895842],[2.326462,48.895794],[2.326486,48.895791],[2.326484,48.895788],[2.326479,48.895782],[2.326471,48.895778]]],[[[2.322197,48.895525],[2.321919,48.895704],[2.322395,48.895768],[2.322197,48.895525]]],[[[2.327474,48.897266],[2.327428,48.897186],[2.327403,48.897196],[2.327391,48.897183],[2.327344,48.897134],[2.327243,48.897176],[2.327016,48.89727],[2.326826,48.897349],[2.326974,48.897401],[2.327011,48.897402],[2.327014,48.897357],[2.327023,48.897353],[2.327055,48.89734],[2.327072,48.897333],[2.327134,48.897307],[2.327141,48.897304],[2.327238,48.897264],[2.327585,48.897414],[2.327613,48.897415],[2.327534,48.897321],[2.327533,48.89732],[2.32752,48.897319],[2.327474,48.897266]]],[[[2.325636,48.897244],[2.325307,48.897069],[2.325302,48.897071],[2.325297,48.897083],[2.325288,48.897107],[2.325294,48.897113],[2.325194,48.897162],[2.325188,48.897156],[2.325141,48.897151],[2.325137,48.897153],[2.325383,48.897366],[2.325512,48.897305],[2.325636,48.897246],[2.325636,48.897244]]],[[[2.323292,48.893428],[2.323276,48.893408],[2.322979,48.893389],[2.322931,48.893407],[2.322854,48.893308],[2.322822,48.893319],[2.32271,48.893359],[2.322725,48.893378],[2.322738,48.893395],[2.322752,48.893412],[2.322757,48.893419],[2.322658,48.893492],[2.322664,48.8935],[2.3227,48.893512],[2.322819,48.8935],[2.322992,48.893482],[2.323275,48.893452],[2.323292,48.893428]]],[[[2.326488,48.895533],[2.326219,48.895071],[2.326342,48.895571],[2.326468,48.895556],[2.326488,48.895533]]],[[[2.324442,48.896242],[2.324412,48.896203],[2.324474,48.896181],[2.324524,48.896241],[2.324618,48.896206],[2.324535,48.896105],[2.324495,48.896105],[2.324453,48.896104],[2.324416,48.896104],[2.324411,48.896105],[2.324333,48.896108],[2.324259,48.896111],[2.324265,48.896118],[2.324354,48.896225],[2.3244,48.896209],[2.32443,48.896246],[2.324442,48.896242]]],[[[2.322257,48.895897],[2.322112,48.895885],[2.322112,48.895886],[2.322252,48.896045],[2.322274,48.896038],[2.322291,48.896032],[2.322308,48.896027],[2.322347,48.896014],[2.322316,48.895977],[2.322283,48.895937],[2.322258,48.895902],[2.322257,48.895897]]],[[[2.32573,48.897319],[2.325728,48.897318],[2.325726,48.897318],[2.325724,48.897319],[2.325722,48.897319],[2.32572,48.89732],[2.325719,48.897321],[2.325719,48.897323],[2.325718,48.897324],[2.325719,48.897325],[2.32572,48.897327],[2.325721,48.897328],[2.325723,48.897329],[2.325725,48.897329],[2.325727,48.897329],[2.325729,48.897329],[2.325731,48.897329],[2.325732,48.897328],[2.325734,48.897327],[2.325735,48.897326],[2.325735,48.897324],[2.325735,48.897323],[2.325734,48.897322],[2.325733,48.89732],[2.325732,48.897319],[2.32573,48.897319]]],[[[2.325785,48.897293],[2.325783,48.897292],[2.325781,48.897292],[2.325779,48.897293],[2.325777,48.897293],[2.325776,48.897294],[2.325775,48.897295],[2.325774,48.897297],[2.325774,48.897298],[2.325774,48.897299],[2.325775,48.8973],[2.325776,48.897301],[2.325778,48.897302],[2.32578,48.897303],[2.325782,48.897303],[2.325784,48.897303],[2.325786,48.897302],[2.325787,48.897301],[2.325789,48.8973],[2.325789,48.897299],[2.32579,48.897298],[2.32579,48.897297],[2.325789,48.897295],[2.325788,48.897294],[2.325786,48.897293],[2.325785,48.897293]]],[[[2.325691,48.897351],[2.325689,48.897351],[2.325687,48.897351],[2.325685,48.897351],[2.325684,48.897352],[2.325682,48.897353],[2.325681,48.897354],[2.32568,48.897355],[2.32568,48.897356],[2.325681,48.897358],[2.325681,48.897359],[2.325683,48.89736],[2.325684,48.897361],[2.325686,48.897361],[2.325688,48.897361],[2.32569,48.897361],[2.325692,48.897361],[2.325694,48.89736],[2.325695,48.897359],[2.325696,48.897358],[2.325696,48.897356],[2.325696,48.897355],[2.325695,48.897354],[2.325694,48.897353],[2.325693,48.897352],[2.325691,48.897351]]]],"type":"MultiPolygon"},"properties":{"id_projet":"MATERNELLES (année scolaire 2021/2022)","libelle":"ST ANGE (14) MAT","annee_scol":"2021-2022","zone_commune":0,"etiquette":"Secteur de l'école 14 PASSAGE SAINT-ANGE","lib_etab_1":"ST ANGE (14) MAT","lib_etab_2":null,"lib_etab_3":null,"lib_etab_4":null,"adr_etab_1":"14 PASSAGE SAINT-ANGE","adr_etab_2":null,"adr_etab_3":null,"adr_etab_4":null,"type_etabl":"Maternelle","geo_point_2d":{"lon":2.3260915790047765,"lat":48.89493755166414},"st_area_shape":84531.14451167778,"st_perimeter_shape":5735.871343026155}},{"type":"Feature","geometry":{"coordinates":[[[[2.286004,48.884038],[2.283986,48.882742],[2.28355,48.882109],[2.283307,48.882266],[2.284216,48.883163],[2.283642,48.883484],[2.282795,48.882858],[2.282174,48.883575],[2.284435,48.88541],[2.286004,48.884038]]],[[[2.284375,48.880742],[2.284943,48.880612],[2.28496,48.880321],[2.28406,48.87826],[2.281963,48.879006],[2.284375,48.880742]]],[[[2.288037,48.886383],[2.28665,48.886544],[2.286632,48.886913],[2.288648,48.887819],[2.289188,48.887099],[2.288037,48.886383]]],[[[2.285721,48.884758],[2.284735,48.88564],[2.285657,48.886266],[2.287375,48.88605],[2.285721,48.884758]]],[[[2.281863,48.881747],[2.280697,48.881924],[2.280908,48.882879],[2.281721,48.883511],[2.282513,48.882588],[2.281863,48.881747]]],[[[2.287916,48.883529],[2.287442,48.883321],[2.286568,48.884098],[2.286912,48.884312],[2.288655,48.884176],[2.287916,48.883529]]],[[[2.289313,48.885807],[2.290541,48.885652],[2.290838,48.885353],[2.289496,48.884513],[2.289313,48.885807]]],[[[2.289033,48.884595],[2.288646,48.884357],[2.287289,48.884546],[2.288878,48.885535],[2.289033,48.884595]]],[[[2.286458,48.882615],[2.28604,48.882457],[2.285717,48.883492],[2.286128,48.883825],[2.287147,48.883131],[2.286458,48.882615]]],[[[2.284646,48.881475],[2.283811,48.881674],[2.284263,48.881905],[2.284195,48.882624],[2.284644,48.882903],[2.285092,48.881836],[2.284646,48.881475]]],[[[2.285683,48.882127],[2.285225,48.881943],[2.284902,48.882983],[2.28546,48.883411],[2.285907,48.882349],[2.285683,48.882127]]],[[[2.280526,48.879733],[2.28019,48.879689],[2.280385,48.880518],[2.280794,48.880552],[2.280526,48.879733]]],[[[2.281292,48.881057],[2.280531,48.881174],[2.280626,48.881607],[2.281482,48.88141],[2.281292,48.881057]]],[[[2.290742,48.884923],[2.290777,48.884555],[2.289542,48.884137],[2.290742,48.884923]]],[[[2.287401,48.882341],[2.286466,48.882234],[2.287486,48.882891],[2.28713,48.882539],[2.287401,48.882341]]],[[[2.285215,48.880957],[2.284815,48.881208],[2.285547,48.881548],[2.285215,48.880957]]],[[[2.280963,48.880685],[2.280412,48.880637],[2.280506,48.881066],[2.281063,48.880935],[2.280963,48.880685]]],[[[2.291624,48.885216],[2.291763,48.884791],[2.291128,48.885137],[2.291663,48.885498],[2.291624,48.885216]]],[[[2.283475,48.881427],[2.282977,48.881404],[2.28317,48.881771],[2.283475,48.881427]]],[[[2.286199,48.88166],[2.286187,48.881647],[2.286182,48.881649],[2.285987,48.881442],[2.285936,48.881464],[2.285953,48.881494],[2.285991,48.881561],[2.286058,48.88168],[2.286128,48.881803],[2.286198,48.881927],[2.286298,48.882105],[2.286357,48.882112],[2.286414,48.881876],[2.286412,48.881874],[2.286397,48.881859],[2.286395,48.881857],[2.286345,48.881806],[2.286313,48.881774],[2.286298,48.881759],[2.286248,48.881709],[2.286199,48.88166]]],[[[2.286455,48.886531],[2.285979,48.886537],[2.286464,48.886775],[2.286455,48.886531]]],[[[2.28806,48.883012],[2.28769,48.882985],[2.288195,48.883323],[2.28806,48.883012]]],[[[2.286096,48.88095],[2.285587,48.880844],[2.285737,48.881096],[2.286096,48.88095]]],[[[2.289385,48.883994],[2.288897,48.883694],[2.288899,48.883762],[2.288895,48.883765],[2.288956,48.883803],[2.28896,48.8838],[2.289206,48.883953],[2.289202,48.883956],[2.289263,48.883994],[2.289267,48.883991],[2.289284,48.884002],[2.289297,48.884001],[2.289384,48.883994],[2.289385,48.883994]]],[[[2.288751,48.88362],[2.288365,48.883384],[2.288367,48.883433],[2.288431,48.883474],[2.2886,48.883576],[2.288597,48.883578],[2.288667,48.883621],[2.288751,48.88362]]]],"type":"MultiPolygon"},"properties":{"id_projet":"MATERNELLES (année scolaire 2021/2022)","libelle":"VILLIERS (22) MAT","annee_scol":"2021-2022","zone_commune":0,"etiquette":"Secteur de l'école 22 AVENUE DE LA PORTE DE VILLIERS","lib_etab_1":"VILLIERS (22) MAT","lib_etab_2":null,"lib_etab_3":null,"lib_etab_4":null,"adr_etab_1":"22 AVENUE DE LA PORTE DE VILLIERS","adr_etab_2":null,"adr_etab_3":null,"adr_etab_4":null,"type_etabl":"Maternelle","geo_point_2d":{"lon":2.28526425393308,"lat":48.8833402529664},"st_area_shape":200908.8157431754,"st_perimeter_shape":8522.663200807037}},{"type":"Feature","geometry":{"coordinates":[[[[2.286004,48.884038],[2.283986,48.882742],[2.28355,48.882109],[2.283307,48.882266],[2.284216,48.883163],[2.283642,48.883484],[2.282795,48.882858],[2.282174,48.883575],[2.284435,48.88541],[2.286004,48.884038]]],[[[2.284375,48.880742],[2.284943,48.880612],[2.28496,48.880321],[2.28406,48.87826],[2.281963,48.879006],[2.284375,48.880742]]],[[[2.288037,48.886383],[2.28665,48.886544],[2.286632,48.886913],[2.288648,48.887819],[2.289188,48.887099],[2.288037,48.886383]]],[[[2.285721,48.884758],[2.284735,48.88564],[2.285657,48.886266],[2.287375,48.88605],[2.285721,48.884758]]],[[[2.281863,48.881747],[2.280697,48.881924],[2.280908,48.882879],[2.281721,48.883511],[2.282513,48.882588],[2.281863,48.881747]]],[[[2.287916,48.883529],[2.287442,48.883321],[2.286568,48.884098],[2.286912,48.884312],[2.288655,48.884176],[2.287916,48.883529]]],[[[2.289313,48.885807],[2.290541,48.885652],[2.290838,48.885353],[2.289496,48.884513],[2.289313,48.885807]]],[[[2.289033,48.884595],[2.288646,48.884357],[2.287289,48.884546],[2.288878,48.885535],[2.289033,48.884595]]],[[[2.286458,48.882615],[2.28604,48.882457],[2.285717,48.883492],[2.286128,48.883825],[2.287147,48.883131],[2.286458,48.882615]]],[[[2.284646,48.881475],[2.283811,48.881674],[2.284263,48.881905],[2.284195,48.882624],[2.284644,48.882903],[2.285092,48.881836],[2.284646,48.881475]]],[[[2.285683,48.882127],[2.285225,48.881943],[2.284902,48.882983],[2.28546,48.883411],[2.285907,48.882349],[2.285683,48.882127]]],[[[2.280526,48.879733],[2.28019,48.879689],[2.280385,48.880518],[2.280794,48.880552],[2.280526,48.879733]]],[[[2.281292,48.881057],[2.280531,48.881174],[2.280626,48.881607],[2.281482,48.88141],[2.281292,48.881057]]],[[[2.290742,48.884923],[2.290777,48.884555],[2.289542,48.884137],[2.290742,48.884923]]],[[[2.287401,48.882341],[2.286466,48.882234],[2.287486,48.882891],[2.28713,48.882539],[2.287401,48.882341]]],[[[2.285215,48.880957],[2.284815,48.881208],[2.285547,48.881548],[2.285215,48.880957]]],[[[2.280963,48.880685],[2.280412,48.880637],[2.280506,48.881066],[2.281063,48.880935],[2.280963,48.880685]]],[[[2.291624,48.885216],[2.291763,48.884791],[2.291128,48.885137],[2.291663,48.885498],[2.291624,48.885216]]],[[[2.283475,48.881427],[2.282977,48.881404],[2.28317,48.881771],[2.283475,48.881427]]],[[[2.286199,48.88166],[2.286187,48.881647],[2.286182,48.881649],[2.285987,48.881442],[2.285936,48.881464],[2.285953,48.881494],[2.285991,48.881561],[2.286058,48.88168],[2.286128,48.881803],[2.286198,48.881927],[2.286298,48.882105],[2.286357,48.882112],[2.286414,48.881876],[2.286412,48.881874],[2.286397,48.881859],[2.286395,48.881857],[2.286345,48.881806],[2.286313,48.881774],[2.286298,48.881759],[2.286248,48.881709],[2.286199,48.88166]]],[[[2.286455,48.886531],[2.285979,48.886537],[2.286464,48.886775],[2.286455,48.886531]]],[[[2.28806,48.883012],[2.28769,48.882985],[2.288195,48.883323],[2.28806,48.883012]]],[[[2.286096,48.88095],[2.285587,48.880844],[2.285737,48.881096],[2.286096,48.88095]]],[[[2.289385,48.883994],[2.288897,48.883694],[2.288899,48.883762],[2.288895,48.883765],[2.288956,48.883803],[2.28896,48.8838],[2.289206,48.883953],[2.289202,48.883956],[2.289263,48.883994],[2.289267,48.883991],[2.289284,48.884002],[2.289297,48.884001],[2.289384,48.883994],[2.289385,48.883994]]],[[[2.288751,48.88362],[2.288365,48.883384],[2.288367,48.883433],[2.288431,48.883474],[2.2886,48.883576],[2.288597,48.883578],[2.288667,48.883621],[2.288751,48.88362]]]],"type":"MultiPolygon"},"properties":{"id_projet":"MATERNELLES (année scolaire 2022/2023)","libelle":"VILLIERS (22) MAT","annee_scol":"2022-2023","zone_commune":0,"etiquette":"Secteur de l'école 22 AVENUE PORTE DE VILLIERS","lib_etab_1":"VILLIERS (22) MAT","lib_etab_2":null,"lib_etab_3":null,"lib_etab_4":null,"adr_etab_1":"22 AVENUE PORTE DE VILLIERS","adr_etab_2":null,"adr_etab_3":null,"adr_etab_4":null,"type_etabl":"Maternelle","geo_point_2d":{"lon":2.28526425393308,"lat":48.8833402529664},"st_area_shape":200908.8157431754,"st_perimeter_shape":8522.663200807037}},{"type":"Feature","geometry":{"coordinates":[[[[2.322017,48.885365],[2.323348,48.884258],[2.322489,48.884078],[2.320902,48.88503],[2.321639,48.885695],[2.322017,48.885365]]],[[[2.322893,48.88594],[2.323743,48.885391],[2.322858,48.884888],[2.321742,48.885756],[2.322372,48.886329],[2.322893,48.88594]]],[[[2.32402,48.885186],[2.324676,48.884781],[2.324051,48.884373],[2.323522,48.884288],[2.322867,48.884819],[2.323809,48.885346],[2.32402,48.885186]]],[[[2.324502,48.883868],[2.3234,48.883537],[2.322613,48.883996],[2.324433,48.884523],[2.324502,48.883868]]],[[[2.32087,48.885812],[2.321571,48.885753],[2.320803,48.88509],[2.320867,48.885369],[2.319979,48.885689],[2.320728,48.886204],[2.32087,48.885812]]],[[[2.321928,48.886552],[2.322302,48.886382],[2.321628,48.885828],[2.321696,48.886144],[2.321101,48.886574],[2.321403,48.886911],[2.321928,48.886552]]],[[[2.324586,48.883433],[2.325234,48.883274],[2.324192,48.883064],[2.32394,48.883574],[2.324928,48.883774],[2.324586,48.883433]]],[[[2.32142,48.883855],[2.320963,48.884106],[2.321313,48.884355],[2.321948,48.883994],[2.32142,48.883855]]],[[[2.323536,48.882931],[2.323233,48.882922],[2.322913,48.883609],[2.323883,48.883042],[2.323536,48.882931]]],[[[2.32409,48.883125],[2.32351,48.883484],[2.323876,48.883561],[2.32409,48.883125]]],[[[2.320324,48.886055],[2.32022,48.885984],[2.32012,48.885915],[2.319974,48.885814],[2.319843,48.885724],[2.319789,48.885801],[2.319814,48.88582],[2.319861,48.885856],[2.319891,48.885879],[2.319883,48.885884],[2.319914,48.885906],[2.31999,48.885961],[2.32001,48.885975],[2.320024,48.885987],[2.320088,48.886039],[2.3201,48.886048],[2.32011,48.886043],[2.320128,48.886034],[2.320142,48.886048],[2.320158,48.886063],[2.320323,48.886061],[2.320324,48.886055]]],[[[2.320656,48.886286],[2.320508,48.886182],[2.320473,48.886205],[2.320507,48.886231],[2.320505,48.886232],[2.320462,48.886253],[2.320457,48.886256],[2.320452,48.886258],[2.320422,48.886273],[2.320428,48.886278],[2.320454,48.886298],[2.320455,48.886298],[2.320656,48.886286]]]],"type":"MultiPolygon"},"properties":{"id_projet":"MATERNELLES (année scolaire 2022/2023)","libelle":"TRUFFAUT (15) POLY","annee_scol":"2022-2023","zone_commune":0,"etiquette":"Secteur de l'école 15 RUE TRUFFAUT","lib_etab_1":"TRUFFAUT (15) POLY","lib_etab_2":null,"lib_etab_3":null,"lib_etab_4":null,"adr_etab_1":"15 RUE TRUFFAUT","adr_etab_2":null,"adr_etab_3":null,"adr_etab_4":null,"type_etabl":"Maternelle","geo_point_2d":{"lon":2.3226684969788245,"lat":48.884843825409014},"st_area_shape":60939.87532267597,"st_perimeter_shape":3657.600974767783}},{"type":"Feature","geometry":{"coordinates":[[[[2.317951,48.885932],[2.319402,48.884492],[2.319048,48.884314],[2.319454,48.884405],[2.31951,48.883886],[2.318572,48.884119],[2.316938,48.88574],[2.317713,48.886119],[2.317951,48.885932]]],[[[2.31512,48.88247],[2.31541,48.882216],[2.315143,48.882015],[2.314275,48.882294],[2.314896,48.882633],[2.31512,48.88247]]],[[[2.314205,48.883269],[2.31482,48.882734],[2.314183,48.882364],[2.31364,48.882972],[2.314034,48.883181],[2.313837,48.883585],[2.314205,48.883269]]],[[[2.317044,48.883366],[2.317494,48.882944],[2.316967,48.883331],[2.316392,48.883009],[2.316208,48.883182],[2.315683,48.882906],[2.31595,48.882627],[2.315654,48.882187],[2.315345,48.882433],[2.315532,48.882552],[2.314854,48.882853],[2.316681,48.883684],[2.317044,48.883366]]],[[[2.315062,48.883054],[2.31476,48.882937],[2.313783,48.883815],[2.314581,48.884257],[2.315604,48.883311],[2.315062,48.883054]]],[[[2.318245,48.884124],[2.317841,48.883798],[2.317307,48.884344],[2.317783,48.884578],[2.318245,48.884124]]],[[[2.315813,48.884491],[2.316592,48.883755],[2.315753,48.88336],[2.314681,48.88432],[2.315453,48.884796],[2.315813,48.884491]]],[[[2.320667,48.884493],[2.320404,48.884227],[2.319573,48.884459],[2.320718,48.884964],[2.320667,48.884493]]],[[[2.320242,48.885092],[2.320647,48.885017],[2.319579,48.884547],[2.319113,48.884988],[2.320242,48.885092]]],[[[2.316688,48.884778],[2.317676,48.883829],[2.317281,48.883651],[2.31779,48.883133],[2.317636,48.882927],[2.315595,48.884855],[2.316186,48.885226],[2.316688,48.884778]]],[[[2.317731,48.884628],[2.317254,48.884394],[2.316331,48.885311],[2.31679,48.885552],[2.317731,48.884628]]],[[[2.314398,48.885831],[2.315387,48.884901],[2.314822,48.884597],[2.315025,48.884938],[2.314398,48.885831]]],[[[2.318197,48.886045],[2.319197,48.885426],[2.319009,48.885123],[2.318197,48.886045]]],[[[2.31389,48.886378],[2.313234,48.886657],[2.313769,48.886986],[2.31389,48.886378]]],[[[2.315726,48.88565],[2.316095,48.885316],[2.315466,48.884974],[2.314039,48.886319],[2.313892,48.887048],[2.315726,48.88565]]],[[[2.313114,48.88673],[2.312838,48.886906],[2.313619,48.887073],[2.313114,48.88673]]],[[[2.316337,48.885459],[2.314098,48.887131],[2.316,48.886259],[2.316667,48.885675],[2.316337,48.885459]]]],"type":"MultiPolygon"},"properties":{"id_projet":"MATERNELLES (année scolaire 2023/2024)","libelle":"SAUSSURE (48) MAT","annee_scol":"2023-2024","zone_commune":0,"etiquette":"Secteur de l'école 48 RUE DE SAUSSURE","lib_etab_1":"SAUSSURE (48) MAT","lib_etab_2":null,"lib_etab_3":null,"lib_etab_4":null,"adr_etab_1":"48 RUE DE SAUSSURE","adr_etab_2":null,"adr_etab_3":null,"adr_etab_4":null,"type_etabl":"Maternelle","geo_point_2d":{"lon":2.3163645358647713,"lat":48.88464428592559},"st_area_shape":114027.65724286565,"st_perimeter_shape":7071.9435329182525}},{"type":"Feature","geometry":{"coordinates":[[[[2.284375,48.880742],[2.284943,48.880612],[2.28496,48.880321],[2.28406,48.87826],[2.281963,48.879006],[2.284375,48.880742]],[[2.282519,48.87903],[2.282525,48.87903],[2.282528,48.879039],[2.282604,48.87903],[2.282602,48.87902],[2.282608,48.879019],[2.282611,48.879028],[2.282708,48.879014],[2.282705,48.879004],[2.282711,48.879003],[2.282715,48.879013],[2.28275,48.879006],[2.282746,48.878996],[2.282779,48.878989],[2.282854,48.878974],[2.282858,48.878984],[2.282894,48.878976],[2.282889,48.878968],[2.282894,48.878966],[2.2829,48.878975],[2.282942,48.878964],[2.282993,48.878951],[2.282988,48.878943],[2.282994,48.878941],[2.283,48.87895],[2.283032,48.878941],[2.283026,48.878931],[2.283129,48.878901],[2.283137,48.878909],[2.283168,48.878899],[2.283162,48.87889],[2.283262,48.878855],[2.28327,48.878864],[2.2833,48.878852],[2.283292,48.878843],[2.283389,48.878804],[2.283399,48.878813],[2.283428,48.8788],[2.28342,48.878792],[2.283425,48.878789],[2.283434,48.878797],[2.283458,48.878786],[2.283495,48.878769],[2.283516,48.878759],[2.283506,48.878751],[2.283511,48.878749],[2.28352,48.878756],[2.283549,48.878741],[2.28354,48.878734],[2.283627,48.878686],[2.283638,48.878693],[2.283664,48.878678],[2.283655,48.878671],[2.283659,48.878668],[2.283669,48.878675],[2.283692,48.878662],[2.283723,48.878643],[2.283743,48.87863],[2.283732,48.878623],[2.283737,48.878621],[2.283747,48.878627],[2.28378,48.878606],[2.283804,48.878589],[2.283793,48.878583],[2.283797,48.87858],[2.283809,48.878586],[2.283843,48.878562],[2.283866,48.878545],[2.283868,48.878546],[2.283871,48.878548],[2.283865,48.878552],[2.283863,48.878551],[2.283853,48.878557],[2.283819,48.878583],[2.283782,48.878608],[2.283736,48.878638],[2.283679,48.878672],[2.283622,48.878706],[2.283566,48.878736],[2.283507,48.878767],[2.283412,48.87881],[2.283341,48.87884],[2.283252,48.878873],[2.283153,48.878907],[2.283066,48.878934],[2.283001,48.878952],[2.282945,48.878966],[2.282895,48.878978],[2.282828,48.878993],[2.282769,48.879005],[2.282711,48.879016],[2.282666,48.879023],[2.282622,48.87903],[2.282572,48.879037],[2.282523,48.879043],[2.282476,48.879047],[2.282444,48.87905],[2.282445,48.879052],[2.282437,48.879053],[2.282436,48.879048],[2.28245,48.879047],[2.282522,48.87904],[2.282519,48.87903]]],[[[2.293653,48.874895],[2.293948,48.874589],[2.293319,48.874673],[2.293653,48.874895]]],[[[2.294554,48.875187],[2.294412,48.874779],[2.294159,48.875077],[2.294554,48.875187]]],[[[2.295175,48.875219],[2.29576,48.875142],[2.295519,48.874814],[2.295101,48.874861],[2.295175,48.875219]]],[[[2.293186,48.874737],[2.291512,48.875271],[2.292526,48.876272],[2.293596,48.875005],[2.293186,48.874737]]],[[[2.295964,48.875424],[2.29502,48.875329],[2.294851,48.876332],[2.295964,48.875424]]],[[[2.294109,48.875203],[2.293607,48.875731],[2.294329,48.876496],[2.294534,48.875293],[2.294109,48.875203]]],[[[2.289887,48.876237],[2.289346,48.876071],[2.289926,48.876787],[2.290312,48.876426],[2.289887,48.876237]]],[[[2.291984,48.876916],[2.2924,48.87642],[2.291328,48.875324],[2.289408,48.875919],[2.291984,48.876916]]],[[[2.29488,48.877129],[2.29634,48.875946],[2.296048,48.875537],[2.294812,48.876555],[2.29488,48.877129]]],[[[2.296643,48.876359],[2.296389,48.876047],[2.294933,48.87723],[2.295167,48.877451],[2.296643,48.876359]]],[[[2.293325,48.877417],[2.293939,48.876292],[2.293551,48.875845],[2.292429,48.877128],[2.293325,48.877417]]],[[[2.288747,48.876435],[2.288845,48.876097],[2.287462,48.876558],[2.288054,48.877703],[2.288747,48.876435]]],[[[2.294888,48.877353],[2.294606,48.87777],[2.295029,48.87755],[2.294888,48.877353]]],[[[2.28732,48.876604],[2.285882,48.877066],[2.287799,48.877792],[2.28732,48.876604]]],[[[2.285685,48.877116],[2.284451,48.877495],[2.284863,48.877883],[2.287717,48.877885],[2.285685,48.877116]]],[[[2.291861,48.877511],[2.292087,48.877109],[2.291606,48.876922],[2.291098,48.877406],[2.291575,48.876899],[2.291135,48.876724],[2.290455,48.877576],[2.291572,48.877968],[2.291861,48.877511]]],[[[2.294168,48.876544],[2.294012,48.876416],[2.293322,48.877678],[2.29375,48.877982],[2.294123,48.877728],[2.294168,48.876544]]],[[[2.297239,48.877182],[2.296679,48.876462],[2.295209,48.877551],[2.295669,48.878147],[2.297598,48.877707],[2.297239,48.877182]]],[[[2.294113,48.877782],[2.293782,48.878005],[2.294051,48.878157],[2.294113,48.877782]]],[[[2.295111,48.877625],[2.294586,48.87792],[2.294499,48.878391],[2.295516,48.878181],[2.295111,48.877625]]],[[[2.290071,48.877819],[2.290933,48.876646],[2.290478,48.876505],[2.289422,48.877589],[2.289843,48.87697],[2.289105,48.876151],[2.288324,48.877742],[2.28921,48.878295],[2.289834,48.87778],[2.289284,48.878354],[2.289563,48.878459],[2.290071,48.877819]]],[[[2.290899,48.878902],[2.291408,48.878089],[2.290355,48.877707],[2.28969,48.878505],[2.290899,48.878902]]],[[[2.29246,48.878884],[2.294002,48.87853],[2.29402,48.878306],[2.292248,48.877188],[2.29164,48.87809],[2.292164,48.8781],[2.291941,48.878843],[2.291709,48.878667],[2.291973,48.878258],[2.291616,48.878129],[2.291059,48.879007],[2.29246,48.878884]]],[[[2.287773,48.878431],[2.287702,48.878019],[2.285052,48.878033],[2.287275,48.879331],[2.287773,48.878431]]],[[[2.288825,48.878304],[2.28808,48.878238],[2.287714,48.879046],[2.289317,48.879607],[2.290849,48.879113],[2.288825,48.878304]]],[[[2.287811,48.879203],[2.287522,48.879465],[2.288226,48.879844],[2.289038,48.879671],[2.287811,48.879203]]],[[[2.288287,48.880013],[2.284227,48.877836],[2.287978,48.880084],[2.288287,48.880013]]],[[[2.287501,48.880026],[2.2865,48.879463],[2.286778,48.880173],[2.287501,48.880026]]],[[[2.286559,48.880242],[2.286318,48.879322],[2.284409,48.878255],[2.285227,48.880122],[2.286559,48.880242]]],[[[2.285354,48.88025],[2.285337,48.880524],[2.286122,48.880343],[2.285354,48.88025]]]],"type":"MultiPolygon"},"properties":{"id_projet":"MATERNELLES (année scolaire 2024/2025)","libelle":"COLONEL MOLL (16) MAT","annee_scol":"2024-2025","zone_commune":0,"etiquette":"Secteur de l'école 16 RUE DU COLONEL MOLL","lib_etab_1":"COLONEL MOLL (16) MAT","lib_etab_2":null,"lib_etab_3":null,"lib_etab_4":null,"adr_etab_1":"16 RUE DU COLONEL MOLL","adr_etab_2":null,"adr_etab_3":null,"adr_etab_4":null,"type_etabl":"Maternelle","geo_point_2d":{"lon":2.289916140444369,"lat":48.87775551485322},"st_area_shape":293487.85000757553,"st_perimeter_shape":13841.968148151826}},{"type":"Feature","geometry":{"coordinates":[[[[2.317951,48.885932],[2.319402,48.884492],[2.319048,48.884314],[2.319454,48.884405],[2.31951,48.883886],[2.318572,48.884119],[2.316938,48.88574],[2.317713,48.886119],[2.317951,48.885932]]],[[[2.316688,48.884778],[2.317676,48.883829],[2.317281,48.883651],[2.31779,48.883133],[2.317636,48.882927],[2.315595,48.884855],[2.316186,48.885226],[2.316688,48.884778]]],[[[2.315726,48.88565],[2.316095,48.885316],[2.315466,48.884974],[2.314039,48.886319],[2.313892,48.887048],[2.315726,48.88565]]],[[[2.315813,48.884491],[2.316592,48.883755],[2.315753,48.88336],[2.314681,48.88432],[2.315453,48.884796],[2.315813,48.884491]]],[[[2.315062,48.883054],[2.31476,48.882937],[2.313783,48.883815],[2.314581,48.884257],[2.315604,48.883311],[2.315062,48.883054]]],[[[2.316337,48.885459],[2.314098,48.887131],[2.316,48.886259],[2.316667,48.885675],[2.316337,48.885459]]],[[[2.317044,48.883366],[2.317494,48.882944],[2.316967,48.883331],[2.316392,48.883009],[2.316208,48.883182],[2.315683,48.882906],[2.31595,48.882627],[2.315654,48.882187],[2.315345,48.882433],[2.315532,48.882552],[2.314854,48.882853],[2.316681,48.883684],[2.317044,48.883366]]],[[[2.317731,48.884628],[2.317254,48.884394],[2.316331,48.885311],[2.31679,48.885552],[2.317731,48.884628]]],[[[2.314205,48.883269],[2.31482,48.882734],[2.314183,48.882364],[2.31364,48.882972],[2.314034,48.883181],[2.313837,48.883585],[2.314205,48.883269]]],[[[2.320242,48.885092],[2.320647,48.885017],[2.319579,48.884547],[2.319113,48.884988],[2.320242,48.885092]]],[[[2.318245,48.884124],[2.317841,48.883798],[2.317307,48.884344],[2.317783,48.884578],[2.318245,48.884124]]],[[[2.318197,48.886045],[2.319197,48.885426],[2.319009,48.885123],[2.318197,48.886045]]],[[[2.320667,48.884493],[2.320404,48.884227],[2.319573,48.884459],[2.320718,48.884964],[2.320667,48.884493]]],[[[2.314398,48.885831],[2.315387,48.884901],[2.314822,48.884597],[2.315025,48.884938],[2.314398,48.885831]]],[[[2.31512,48.88247],[2.31541,48.882216],[2.315143,48.882015],[2.314275,48.882294],[2.314896,48.882633],[2.31512,48.88247]]],[[[2.31389,48.886378],[2.313234,48.886657],[2.313769,48.886986],[2.31389,48.886378]]],[[[2.313114,48.88673],[2.312838,48.886906],[2.313619,48.887073],[2.313114,48.88673]]]],"type":"MultiPolygon"},"properties":{"id_projet":"MATERNELLES (année scolaire 2020/2021)","libelle":"SAUSSURE (48) MAT","annee_scol":"2020-2021","zone_commune":0,"etiquette":"Secteur de l'école 48 RUE DE SAUSSURE","lib_etab_1":"SAUSSURE (48) MAT","lib_etab_2":null,"lib_etab_3":null,"lib_etab_4":null,"adr_etab_1":"48 RUE DE SAUSSURE","adr_etab_2":null,"adr_etab_3":null,"adr_etab_4":null,"type_etabl":null,"geo_point_2d":{"lon":2.316364535864772,"lat":48.88464428592569},"st_area_shape":114027.65724286567,"st_perimeter_shape":7071.9435329182525}},{"type":"Feature","geometry":{"coordinates":[[[[2.320919,48.898634],[2.314526,48.896194],[2.314986,48.897134],[2.313384,48.898075],[2.314429,48.89813],[2.31607,48.898891],[2.317064,48.898368],[2.318605,48.899688],[2.320864,48.899115],[2.320919,48.898634]]],[[[2.323999,48.899091],[2.323726,48.90017],[2.328624,48.900284],[2.328677,48.8992],[2.323999,48.899091]]],[[[2.323015,48.898443],[2.323021,48.897721],[2.321851,48.898314],[2.314844,48.895667],[2.314559,48.895945],[2.321991,48.898792],[2.323015,48.898443]]],[[[2.321764,48.900704],[2.322609,48.900698],[2.322701,48.900324],[2.321702,48.900181],[2.322187,48.900087],[2.322236,48.899068],[2.319883,48.899664],[2.319644,48.90002],[2.321764,48.900704]]],[[[2.328983,48.898845],[2.328405,48.897791],[2.32663,48.897817],[2.326656,48.898863],[2.328983,48.898845]]],[[[2.323554,48.899025],[2.322496,48.899033],[2.322456,48.899941],[2.323444,48.900229],[2.323554,48.899025]]],[[[2.329024,48.899231],[2.32882,48.900195],[2.329462,48.900419],[2.329024,48.899231]]],[[[2.324533,48.897709],[2.324168,48.898123],[2.324758,48.898537],[2.325261,48.898336],[2.324533,48.897709]]],[[[2.326353,48.897897],[2.325725,48.898233],[2.326232,48.898705],[2.326353,48.897897]]],[[[2.326134,48.897743],[2.324902,48.897771],[2.325585,48.898134],[2.326134,48.897743]]],[[[2.32557,48.898437],[2.32492,48.898828],[2.32608,48.898851],[2.32557,48.898437]]],[[[2.329578,48.900882],[2.329503,48.90051],[2.328739,48.900494],[2.328724,48.900804],[2.329578,48.900882]]],[[[2.324179,48.898327],[2.324067,48.898792],[2.32474,48.898824],[2.324179,48.898327]]],[[[2.321096,48.900672],[2.320682,48.900552],[2.320671,48.900559],[2.320534,48.900636],[2.320359,48.900741],[2.320387,48.900758],[2.321052,48.900781],[2.321658,48.900802],[2.321096,48.900672]]],[[[2.326729,48.897326],[2.326725,48.897317],[2.326669,48.89726],[2.326665,48.897256],[2.326608,48.897193],[2.326552,48.897219],[2.326339,48.89732],[2.326104,48.897253],[2.326115,48.897248],[2.326139,48.897237],[2.326093,48.897192],[2.32607,48.897203],[2.325988,48.897242],[2.325935,48.897267],[2.325865,48.8973],[2.325833,48.897316],[2.325744,48.897358],[2.325742,48.897376],[2.32575,48.897376],[2.325949,48.89738],[2.325992,48.897381],[2.326023,48.897382],[2.326075,48.897383],[2.326135,48.897384],[2.3262,48.897385],[2.326375,48.897389],[2.326568,48.897393],[2.326667,48.897396],[2.326721,48.897363],[2.326727,48.897327],[2.326729,48.897326]]],[[[2.328721,48.897428],[2.328263,48.897194],[2.327835,48.897394],[2.328721,48.897428]]],[[[2.321231,48.898753],[2.321034,48.899072],[2.321481,48.898958],[2.321231,48.898753]]],[[[2.325383,48.897366],[2.325137,48.897153],[2.32482,48.897356],[2.325383,48.897366]]],[[[2.327585,48.897414],[2.327238,48.897264],[2.327141,48.897304],[2.327134,48.897307],[2.327072,48.897333],[2.327055,48.89734],[2.327023,48.897353],[2.327014,48.897357],[2.327011,48.897402],[2.327585,48.897414]]],[[[2.324668,48.897339],[2.324498,48.897254],[2.32444,48.897348],[2.324622,48.897352],[2.324656,48.897352],[2.324668,48.897339]]],[[[2.326974,48.897401],[2.326826,48.897349],[2.326781,48.897368],[2.32678,48.897397],[2.326974,48.897401]]]],"type":"MultiPolygon"},"properties":{"id_projet":"MATERNELLES (année scolaire 2022/2023)","libelle":"ANDRE BRECHET (21) MAT","annee_scol":"2022-2023","zone_commune":0,"etiquette":"Secteur de l'école 21 RUE ANDRE BRECHET","lib_etab_1":"ANDRE BRECHET (21) MAT","lib_etab_2":null,"lib_etab_3":null,"lib_etab_4":null,"adr_etab_1":"21 RUE ANDRE BRECHET","adr_etab_2":null,"adr_etab_3":null,"adr_etab_4":null,"type_etabl":"Maternelle","geo_point_2d":{"lon":2.3214914807209728,"lat":48.8986150678279},"st_area_shape":239588.58444046543,"st_perimeter_shape":8421.350850046892}},{"type":"Feature","geometry":{"coordinates":[[[[2.326342,48.895571],[2.3262,48.895039],[2.325247,48.895333],[2.324957,48.894776],[2.32425,48.894863],[2.323372,48.893776],[2.322847,48.893637],[2.324113,48.895236],[2.324463,48.895222],[2.324183,48.895325],[2.324528,48.895761],[2.326342,48.895571]]],[[[2.322865,48.897177],[2.322171,48.896307],[2.32163,48.896487],[2.322142,48.89624],[2.321881,48.895934],[2.318603,48.895354],[2.320259,48.896029],[2.320659,48.895862],[2.321416,48.896837],[2.321808,48.896714],[2.322178,48.897181],[2.322865,48.897177]]],[[[2.322834,48.895798],[2.321429,48.894041],[2.321164,48.894244],[2.321542,48.894659],[2.320754,48.894285],[2.321884,48.895681],[2.322096,48.895401],[2.322834,48.895798]]],[[[2.32309,48.894175],[2.322679,48.893655],[2.322604,48.894052],[2.322269,48.893802],[2.323736,48.895776],[2.324257,48.895783],[2.32309,48.894175]]],[[[2.321658,48.895657],[2.321438,48.89538],[2.320181,48.895352],[2.31975,48.894616],[2.319352,48.89492],[2.319479,48.895267],[2.318178,48.89489],[2.31994,48.895549],[2.321658,48.895657]]],[[[2.323967,48.897156],[2.323036,48.896],[2.322582,48.896157],[2.323058,48.896754],[2.322328,48.89625],[2.323157,48.897286],[2.323967,48.897156]]],[[[2.323548,48.895765],[2.322509,48.894366],[2.322012,48.894519],[2.322983,48.895729],[2.323548,48.895765]]],[[[2.320934,48.894743],[2.32061,48.894335],[2.319948,48.894538],[2.320596,48.895237],[2.321176,48.895046],[2.320934,48.894743]]],[[[2.323896,48.896576],[2.324717,48.896325],[2.323254,48.896059],[2.323896,48.896576]]],[[[2.324992,48.89643],[2.32379,48.896715],[2.324234,48.897255],[2.324992,48.89643]]],[[[2.323857,48.897694],[2.323456,48.897751],[2.323617,48.898652],[2.323857,48.897694]]],[[[2.32482,48.897356],[2.325641,48.897143],[2.325076,48.896665],[2.324498,48.897254],[2.32482,48.897356]]],[[[2.325255,48.896316],[2.326486,48.895791],[2.324871,48.895945],[2.325255,48.896316]]],[[[2.32241,48.894235],[2.322109,48.893831],[2.321554,48.894003],[2.321885,48.894388],[2.32241,48.894235]]],[[[2.322747,48.89605],[2.322059,48.89593],[2.322273,48.896199],[2.322747,48.89605]]],[[[2.321031,48.895488],[2.321387,48.895341],[2.320685,48.895358],[2.321031,48.895488]]],[[[2.325943,48.8971],[2.325413,48.896463],[2.325349,48.896499],[2.325344,48.896523],[2.325401,48.896582],[2.325529,48.896715],[2.32549,48.896732],[2.325833,48.897088],[2.32594,48.897102],[2.325943,48.8971]]],[[[2.32413,48.898323],[2.324097,48.89832],[2.324077,48.898409],[2.324046,48.898549],[2.324004,48.898742],[2.324067,48.898792],[2.324165,48.898755],[2.3242,48.898453],[2.32413,48.898323]]],[[[2.324323,48.897838],[2.324274,48.897734],[2.32422,48.897763],[2.324206,48.89783],[2.324186,48.897918],[2.324149,48.898085],[2.324159,48.898105],[2.324253,48.898088],[2.324323,48.897838]]]],"type":"MultiPolygon"},"properties":{"id_projet":"MATERNELLES (année scolaire 2022/2023)","libelle":"EPINETTES (44) MAT","annee_scol":"2022-2023","zone_commune":0,"etiquette":"Secteur de l'école 44 RUE DES EPINETTES","lib_etab_1":"EPINETTES (44) MAT","lib_etab_2":null,"lib_etab_3":null,"lib_etab_4":null,"adr_etab_1":"44 RUE DES EPINETTES","adr_etab_2":null,"adr_etab_3":null,"adr_etab_4":null,"type_etabl":"Maternelle","geo_point_2d":{"lon":2.3228259438514027,"lat":48.895698731900595},"st_area_shape":96510.53058281452,"st_perimeter_shape":7647.245373821852}},{"type":"Feature","geometry":{"coordinates":[[[[2.302515,48.88446],[2.298143,48.885135],[2.303034,48.885165],[2.302515,48.88446]]],[[[2.301867,48.883475],[2.300549,48.884013],[2.30122,48.884308],[2.302201,48.884184],[2.301867,48.883475]]],[[[2.300384,48.884068],[2.299273,48.884507],[2.300876,48.884351],[2.300384,48.884068]]],[[[2.298541,48.885539],[2.297893,48.885474],[2.299204,48.886124],[2.299493,48.885971],[2.298541,48.885539]]],[[[2.301246,48.885636],[2.301526,48.885373],[2.29878,48.885467],[2.300521,48.886188],[2.301246,48.885636]]],[[[2.302909,48.885389],[2.301828,48.885367],[2.300747,48.886265],[2.301523,48.886471],[2.302909,48.885389]]],[[[2.302906,48.885958],[2.303655,48.885934],[2.303225,48.885423],[2.301816,48.886579],[2.303206,48.886158],[2.302906,48.885958]]],[[[2.297048,48.885496],[2.296079,48.886326],[2.297368,48.886813],[2.297048,48.885496]]],[[[2.303881,48.886243],[2.303693,48.88605],[2.302412,48.886724],[2.304314,48.88705],[2.303881,48.886243]]],[[[2.300626,48.887086],[2.297457,48.885513],[2.297613,48.886332],[2.298182,48.887011],[2.300626,48.887086]]],[[[2.300476,48.88729],[2.298424,48.88713],[2.299694,48.88747],[2.299818,48.887805],[2.300476,48.88729]]]],"type":"MultiPolygon"},"properties":{"id_projet":"MATERNELLES (année scolaire 2023/2024)","libelle":"GUSTAVE DORE (3) MAT","annee_scol":"2023-2024","zone_commune":0,"etiquette":"Secteur de l'école 3 RUE GUSTAVE DORE","lib_etab_1":"GUSTAVE DORE (3) MAT","lib_etab_2":null,"lib_etab_3":null,"lib_etab_4":null,"adr_etab_1":"3 RUE GUSTAVE DORE","adr_etab_2":null,"adr_etab_3":null,"adr_etab_4":null,"type_etabl":"Maternelle","geo_point_2d":{"lon":2.300456277167777,"lat":48.88574345908967},"st_area_shape":96268.97556390979,"st_perimeter_shape":4936.288970757163}},{"type":"Feature","geometry":{"coordinates":[[[[2.306838,48.885315],[2.303699,48.88537],[2.304939,48.88687],[2.306838,48.885315]]],[[[2.304761,48.879758],[2.304802,48.879699],[2.304785,48.879675],[2.304768,48.879671],[2.304655,48.879647],[2.304614,48.879723],[2.304614,48.879723],[2.304601,48.879741],[2.304569,48.879787],[2.304556,48.879806],[2.304535,48.879834],[2.304523,48.879851],[2.304477,48.879916],[2.304582,48.879969],[2.304621,48.879963],[2.304761,48.879758]]],[[[2.308313,48.880475],[2.304971,48.879715],[2.30473,48.880023],[2.306427,48.880448],[2.306904,48.88069],[2.306845,48.881088],[2.308313,48.880475]]],[[[2.30588,48.880925],[2.305547,48.880841],[2.305161,48.881447],[2.30588,48.880925]]],[[[2.305596,48.881623],[2.306632,48.881161],[2.30611,48.880901],[2.305384,48.881531],[2.305596,48.881623]]],[[[2.311256,48.880857],[2.30992,48.880738],[2.31122,48.881696],[2.312069,48.881034],[2.311256,48.880857]]],[[[2.312842,48.881048],[2.312363,48.881254],[2.31343,48.881836],[2.315225,48.881362],[2.312842,48.881048]]],[[[2.308882,48.880651],[2.306587,48.881458],[2.307668,48.882012],[2.308882,48.880651]]],[[[2.310387,48.882107],[2.311001,48.881803],[2.309297,48.880718],[2.310387,48.882107]]],[[[2.305166,48.881805],[2.304816,48.881654],[2.30438,48.881955],[2.305166,48.881805]]],[[[2.313222,48.881839],[2.312279,48.881324],[2.311538,48.881899],[2.311835,48.882175],[2.313222,48.881839]],[[2.312267,48.881766],[2.312382,48.881676],[2.312424,48.881699],[2.312334,48.881768],[2.31226,48.881825],[2.312217,48.881806],[2.312267,48.881766]]],[[[2.30894,48.880992],[2.307795,48.882081],[2.308821,48.882651],[2.30894,48.880992]]],[[[2.309446,48.88125],[2.309158,48.880997],[2.309111,48.882684],[2.310214,48.882162],[2.309446,48.88125]]],[[[2.306567,48.88159],[2.305842,48.881776],[2.308226,48.882928],[2.308794,48.882821],[2.306567,48.88159]]],[[[2.307347,48.883128],[2.307965,48.882938],[2.30568,48.881831],[2.304782,48.882179],[2.307347,48.883128]]],[[[2.306025,48.883408],[2.306935,48.88319],[2.305567,48.882554],[2.305223,48.882847],[2.306025,48.883408]]],[[[2.304213,48.882466],[2.303256,48.88286],[2.30433,48.883407],[2.304213,48.882466]]],[[[2.304763,48.883492],[2.305781,48.883435],[2.304937,48.882915],[2.305375,48.882501],[2.304519,48.88229],[2.304558,48.883588],[2.304763,48.883492]]],[[[2.309138,48.883248],[2.307676,48.88341],[2.308609,48.883867],[2.309138,48.883248]]],[[[2.303006,48.882962],[2.302198,48.883307],[2.302714,48.884017],[2.304357,48.883762],[2.303006,48.882962]]],[[[2.30774,48.884577],[2.308465,48.883954],[2.307393,48.883436],[2.306133,48.883668],[2.30774,48.884577]]],[[[2.304649,48.884029],[2.30302,48.884437],[2.303453,48.884953],[2.304649,48.884029]]],[[[2.306077,48.883809],[2.305153,48.883918],[2.307138,48.885019],[2.307601,48.884691],[2.306077,48.883809]]],[[[2.305751,48.884485],[2.304943,48.884078],[2.303618,48.885114],[2.306656,48.885098],[2.305751,48.884485]]],[[[2.30833,48.884851],[2.308069,48.884737],[2.307538,48.885227],[2.30803,48.885363],[2.30833,48.884851]]],[[[2.308908,48.885371],[2.309296,48.885103],[2.308807,48.884861],[2.308186,48.885405],[2.308908,48.885371]]],[[[2.307474,48.885407],[2.306663,48.885915],[2.307186,48.886179],[2.307878,48.885597],[2.307474,48.885407]]],[[[2.308123,48.885782],[2.307463,48.886095],[2.307891,48.886319],[2.308123,48.885782]]]],"type":"MultiPolygon"},"properties":{"id_projet":"MATERNELLES (année scolaire 2023/2024)","libelle":"AMPERE (18) MAT","annee_scol":"2023-2024","zone_commune":0,"etiquette":"Secteur de l'école 18 RUE AMPERE","lib_etab_1":"AMPERE (18) MAT","lib_etab_2":null,"lib_etab_3":null,"lib_etab_4":null,"adr_etab_1":"18 RUE AMPERE","adr_etab_2":null,"adr_etab_3":null,"adr_etab_4":null,"type_etabl":"Maternelle","geo_point_2d":{"lon":2.3071402048858896,"lat":48.8830425927009},"st_area_shape":207091.41946055042,"st_perimeter_shape":10848.783932417498}},{"type":"Feature","geometry":{"coordinates":[[[[2.286004,48.884038],[2.283986,48.882742],[2.28355,48.882109],[2.283307,48.882266],[2.284216,48.883163],[2.283642,48.883484],[2.282795,48.882858],[2.282174,48.883575],[2.284435,48.88541],[2.286004,48.884038]]],[[[2.280526,48.879733],[2.28019,48.879689],[2.280385,48.880518],[2.280794,48.880552],[2.280526,48.879733]]],[[[2.284375,48.880742],[2.284943,48.880612],[2.28496,48.880321],[2.28406,48.87826],[2.281963,48.879006],[2.284375,48.880742]]],[[[2.286096,48.88095],[2.285587,48.880844],[2.285737,48.881096],[2.286096,48.88095]]],[[[2.280963,48.880685],[2.280412,48.880637],[2.280506,48.881066],[2.281063,48.880935],[2.280963,48.880685]]],[[[2.285215,48.880957],[2.284815,48.881208],[2.285547,48.881548],[2.285215,48.880957]]],[[[2.281292,48.881057],[2.280531,48.881174],[2.280626,48.881607],[2.281482,48.88141],[2.281292,48.881057]]],[[[2.283475,48.881427],[2.282977,48.881404],[2.28317,48.881771],[2.283475,48.881427]]],[[[2.286199,48.88166],[2.286187,48.881647],[2.286182,48.881649],[2.285987,48.881442],[2.285936,48.881464],[2.285953,48.881494],[2.285991,48.881561],[2.286058,48.88168],[2.286128,48.881803],[2.286198,48.881927],[2.286298,48.882105],[2.286357,48.882112],[2.286414,48.881876],[2.286412,48.881874],[2.286397,48.881859],[2.286395,48.881857],[2.286345,48.881806],[2.286313,48.881774],[2.286298,48.881759],[2.286248,48.881709],[2.286199,48.88166]]],[[[2.287401,48.882341],[2.286466,48.882234],[2.287486,48.882891],[2.28713,48.882539],[2.287401,48.882341]]],[[[2.284646,48.881475],[2.283811,48.881674],[2.284263,48.881905],[2.284195,48.882624],[2.284644,48.882903],[2.285092,48.881836],[2.284646,48.881475]]],[[[2.28806,48.883012],[2.28769,48.882985],[2.288195,48.883323],[2.28806,48.883012]]],[[[2.285683,48.882127],[2.285225,48.881943],[2.284902,48.882983],[2.28546,48.883411],[2.285907,48.882349],[2.285683,48.882127]]],[[[2.281863,48.881747],[2.280697,48.881924],[2.280908,48.882879],[2.281721,48.883511],[2.282513,48.882588],[2.281863,48.881747]]],[[[2.288751,48.88362],[2.288365,48.883384],[2.288367,48.883433],[2.288431,48.883474],[2.2886,48.883576],[2.288597,48.883578],[2.288667,48.883621],[2.288751,48.88362]]],[[[2.286458,48.882615],[2.28604,48.882457],[2.285717,48.883492],[2.286128,48.883825],[2.287147,48.883131],[2.286458,48.882615]]],[[[2.289385,48.883994],[2.288897,48.883694],[2.288899,48.883762],[2.288895,48.883765],[2.288956,48.883803],[2.28896,48.8838],[2.289206,48.883953],[2.289202,48.883956],[2.289263,48.883994],[2.289267,48.883991],[2.289284,48.884002],[2.289297,48.884001],[2.289384,48.883994],[2.289385,48.883994]]],[[[2.287916,48.883529],[2.287442,48.883321],[2.286568,48.884098],[2.286912,48.884312],[2.288655,48.884176],[2.287916,48.883529]]],[[[2.290742,48.884923],[2.290777,48.884555],[2.289542,48.884137],[2.290742,48.884923]]],[[[2.291624,48.885216],[2.291763,48.884791],[2.291128,48.885137],[2.291663,48.885498],[2.291624,48.885216]]],[[[2.289033,48.884595],[2.288646,48.884357],[2.287289,48.884546],[2.288878,48.885535],[2.289033,48.884595]]],[[[2.289313,48.885807],[2.290541,48.885652],[2.290838,48.885353],[2.289496,48.884513],[2.289313,48.885807]]],[[[2.285721,48.884758],[2.284735,48.88564],[2.285657,48.886266],[2.287375,48.88605],[2.285721,48.884758]]],[[[2.286455,48.886531],[2.285979,48.886537],[2.286464,48.886775],[2.286455,48.886531]]],[[[2.288037,48.886383],[2.28665,48.886544],[2.286632,48.886913],[2.288648,48.887819],[2.289188,48.887099],[2.288037,48.886383]]]],"type":"MultiPolygon"},"properties":{"id_projet":"MATERNELLES (année scolaire 2023/2024)","libelle":"VILLIERS (22) MAT","annee_scol":"2023-2024","zone_commune":0,"etiquette":"Secteur de l'école 22 AVENUE PORTE DE VILLIERS","lib_etab_1":"VILLIERS (22) MAT","lib_etab_2":null,"lib_etab_3":null,"lib_etab_4":null,"adr_etab_1":"22 AVENUE PORTE DE VILLIERS","adr_etab_2":null,"adr_etab_3":null,"adr_etab_4":null,"type_etabl":"Maternelle","geo_point_2d":{"lon":2.285264253933079,"lat":48.88334025296637},"st_area_shape":200908.8157431754,"st_perimeter_shape":8522.663200807037}},{"type":"Feature","geometry":{"coordinates":[[[[2.300218,48.892229],[2.300611,48.892219],[2.298059,48.890425],[2.298025,48.889799],[2.297615,48.889496],[2.296355,48.890283],[2.297287,48.889913],[2.297449,48.890338],[2.298459,48.89096],[2.29803,48.891427],[2.299914,48.892343],[2.300218,48.892229]]],[[[2.295645,48.887529],[2.297062,48.887113],[2.295829,48.886739],[2.295166,48.887399],[2.295645,48.887529]]],[[[2.298946,48.887291],[2.299818,48.887805],[2.299694,48.88747],[2.298946,48.887291]]],[[[2.298461,48.887669],[2.297999,48.887537],[2.297898,48.887846],[2.298834,48.88829],[2.299305,48.888164],[2.298461,48.887669]]],[[[2.297705,48.887535],[2.296068,48.887915],[2.297191,48.888361],[2.297705,48.887535]]],[[[2.298032,48.888131],[2.297679,48.88805],[2.297448,48.888569],[2.298535,48.888462],[2.298032,48.888131]]],[[[2.295985,48.889289],[2.296097,48.889083],[2.29704,48.88928],[2.294851,48.88788],[2.293743,48.888835],[2.295319,48.889117],[2.296142,48.889601],[2.296047,48.890195],[2.296787,48.889663],[2.295985,48.889289]]],[[[2.299903,48.890101],[2.297677,48.889044],[2.299545,48.890302],[2.299903,48.890101]]],[[[2.301611,48.891209],[2.29988,48.890193],[2.299569,48.890437],[2.301411,48.891588],[2.301611,48.891209]]]],"type":"MultiPolygon"},"properties":{"id_projet":"MATERNELLES (année scolaire 2023/2024)","libelle":"REIMS (38-40) POLY","annee_scol":"2023-2024","zone_commune":0,"etiquette":"Secteur de l'école 38 BOULEVARD DE REIMS","lib_etab_1":"REIMS (38-40) POLY","lib_etab_2":null,"lib_etab_3":null,"lib_etab_4":null,"adr_etab_1":"38 BOULEVARD DE REIMS","adr_etab_2":null,"adr_etab_3":null,"adr_etab_4":null,"type_etabl":"Maternelle","geo_point_2d":{"lon":2.2975159886189207,"lat":48.88929068163149},"st_area_shape":75127.32315800253,"st_perimeter_shape":4542.89179855214}},{"type":"Feature","geometry":{"coordinates":[[[[2.298059,48.890425],[2.298025,48.889799],[2.297489,48.889466],[2.29636,48.89031],[2.297287,48.889913],[2.297449,48.890338],[2.298459,48.89096],[2.29803,48.891427],[2.300345,48.892547],[2.300617,48.892334],[2.298059,48.890425]]],[[[2.295645,48.887529],[2.297062,48.887113],[2.295829,48.886739],[2.295166,48.887399],[2.295645,48.887529]]],[[[2.298461,48.887669],[2.297999,48.887537],[2.297898,48.887846],[2.298834,48.88829],[2.299305,48.888164],[2.298461,48.887669]]],[[[2.297705,48.887535],[2.296068,48.887915],[2.297191,48.888361],[2.297705,48.887535]]],[[[2.298032,48.888131],[2.297679,48.88805],[2.297448,48.888569],[2.298535,48.888462],[2.298032,48.888131]]],[[[2.295985,48.889289],[2.296097,48.889083],[2.29704,48.88928],[2.294851,48.88788],[2.293743,48.888835],[2.295319,48.889117],[2.296142,48.889601],[2.296047,48.890195],[2.296787,48.889663],[2.295985,48.889289]]],[[[2.299903,48.890101],[2.297677,48.889044],[2.299545,48.890302],[2.299903,48.890101]]],[[[2.301611,48.891209],[2.29988,48.890193],[2.299569,48.890437],[2.301411,48.891588],[2.301611,48.891209]]]],"type":"MultiPolygon"},"properties":{"id_projet":"MATERNELLES (année scolaire 2024/2025)","libelle":"REIMS (38-40) POLY","annee_scol":"2024-2025","zone_commune":0,"etiquette":"Secteur de l'école 38 BOULEVARD DE REIMS","lib_etab_1":"REIMS (38-40) POLY","lib_etab_2":null,"lib_etab_3":null,"lib_etab_4":null,"adr_etab_1":"38 BOULEVARD DE REIMS","adr_etab_2":null,"adr_etab_3":null,"adr_etab_4":null,"type_etabl":"Maternelle","geo_point_2d":{"lon":2.29750440471152,"lat":48.889385531471234},"st_area_shape":74011.57101585381,"st_perimeter_shape":4260.027222911839}},{"type":"Feature","geometry":{"coordinates":[[[[2.294714,48.880065],[2.29456,48.879863],[2.293594,48.880728],[2.29521,48.881469],[2.294714,48.880065]]],[[[2.295636,48.8785],[2.294505,48.878752],[2.294814,48.879426],[2.295636,48.8785]]],[[[2.294266,48.879188],[2.294065,48.878851],[2.293079,48.87909],[2.294381,48.879847],[2.294266,48.879188]]],[[[2.296325,48.879466],[2.296747,48.879069],[2.29588,48.878624],[2.295458,48.879009],[2.296115,48.87925],[2.2954,48.879067],[2.294891,48.879561],[2.295605,48.880059],[2.296325,48.879466]]],[[[2.293207,48.879318],[2.292853,48.879129],[2.291349,48.879673],[2.292482,48.88017],[2.293456,48.879505],[2.293207,48.879318]]],[[[2.295366,48.880068],[2.295108,48.879993],[2.29528,48.88033],[2.295366,48.880068]]],[[[2.293814,48.879669],[2.292628,48.880274],[2.293473,48.88062],[2.294273,48.879959],[2.293814,48.879669]]],[[[2.290475,48.880283],[2.291128,48.879691],[2.290895,48.879579],[2.288713,48.880108],[2.289938,48.88077],[2.290475,48.880283]]],[[[2.292124,48.880829],[2.292608,48.880397],[2.291254,48.87976],[2.290841,48.880133],[2.292124,48.880829]]],[[[2.2894,48.881237],[2.289591,48.881082],[2.288942,48.880739],[2.28851,48.881087],[2.289119,48.881416],[2.2894,48.881237]]],[[[2.292598,48.88123],[2.291887,48.881206],[2.29229,48.881484],[2.292598,48.88123]]],[[[2.291893,48.881019],[2.290752,48.880248],[2.290062,48.880843],[2.291282,48.881493],[2.291893,48.881019]]],[[[2.288661,48.880809],[2.288826,48.880677],[2.288035,48.880239],[2.286841,48.880516],[2.288806,48.881526],[2.288298,48.881101],[2.288661,48.880809]]],[[[2.293901,48.881006],[2.293199,48.880942],[2.293367,48.880754],[2.292789,48.880483],[2.29227,48.880881],[2.29316,48.88103],[2.292962,48.881268],[2.293776,48.881696],[2.294338,48.881235],[2.293901,48.881006]]],[[[2.291984,48.881474],[2.291454,48.881586],[2.291973,48.88184],[2.292231,48.881627],[2.291984,48.881474]]],[[[2.286426,48.881672],[2.285987,48.881442],[2.286357,48.882112],[2.286682,48.881875],[2.286426,48.881672]]],[[[2.294654,48.881361],[2.293966,48.881762],[2.294233,48.882257],[2.295082,48.881587],[2.294654,48.881361]]],[[[2.287178,48.881776],[2.286054,48.880894],[2.28681,48.880523],[2.285585,48.88084],[2.286946,48.881814],[2.286466,48.882234],[2.287178,48.881776]]],[[[2.291221,48.882181],[2.291571,48.882157],[2.289719,48.881169],[2.289998,48.881778],[2.291221,48.882181]]],[[[2.292899,48.881386],[2.292501,48.881607],[2.294116,48.882391],[2.293841,48.88188],[2.292899,48.881386]]],[[[2.292566,48.88178],[2.292103,48.881936],[2.293713,48.882809],[2.294014,48.882566],[2.292566,48.88178]]],[[[2.293577,48.883047],[2.288287,48.880013],[2.287978,48.880084],[2.293577,48.883047]]]],"type":"MultiPolygon"},"properties":{"id_projet":"MATERNELLES (année scolaire 2024/2025)","libelle":"PEREIRE (221) MAT","annee_scol":"2024-2025","zone_commune":0,"etiquette":"Secteur de l'école 221 BOULEVARD PEREIRE","lib_etab_1":"PEREIRE (221) MAT","lib_etab_2":null,"lib_etab_3":null,"lib_etab_4":null,"adr_etab_1":"221 BOULEVARD PEREIRE","adr_etab_2":null,"adr_etab_3":null,"adr_etab_4":null,"type_etabl":"Maternelle","geo_point_2d":{"lon":2.2920948803708896,"lat":48.88064698778243},"st_area_shape":136448.91035001772,"st_perimeter_shape":8633.708968027908}},{"type":"Feature","geometry":{"coordinates":[[[[2.306838,48.885315],[2.303699,48.88537],[2.304939,48.88687],[2.306838,48.885315]]],[[[2.305596,48.881623],[2.305592,48.881621],[2.305594,48.881624],[2.305596,48.881623]]],[[[2.311256,48.880857],[2.30992,48.880738],[2.31122,48.881696],[2.312069,48.881034],[2.311256,48.880857]]],[[[2.312842,48.881048],[2.312363,48.881254],[2.31343,48.881836],[2.315225,48.881362],[2.312842,48.881048]]],[[[2.308882,48.880651],[2.306587,48.881458],[2.307668,48.882012],[2.308882,48.880651]]],[[[2.310387,48.882107],[2.311001,48.881803],[2.309297,48.880718],[2.310387,48.882107]]],[[[2.313222,48.881839],[2.312279,48.881324],[2.311538,48.881899],[2.311835,48.882175],[2.313222,48.881839]],[[2.312267,48.881766],[2.312382,48.881676],[2.312424,48.881699],[2.312334,48.881768],[2.31226,48.881825],[2.312217,48.881806],[2.312267,48.881766]]],[[[2.30894,48.880992],[2.307795,48.882081],[2.308821,48.882651],[2.30894,48.880992]]],[[[2.309446,48.88125],[2.309158,48.880997],[2.309111,48.882684],[2.310214,48.882162],[2.309446,48.88125]]],[[[2.306567,48.88159],[2.305842,48.881776],[2.308226,48.882928],[2.308794,48.882821],[2.306567,48.88159]]],[[[2.307347,48.883128],[2.307965,48.882938],[2.30568,48.881831],[2.304782,48.882179],[2.307347,48.883128]]],[[[2.306025,48.883408],[2.306935,48.88319],[2.305567,48.882554],[2.305223,48.882847],[2.306025,48.883408]]],[[[2.304763,48.883492],[2.305781,48.883435],[2.304937,48.882915],[2.305375,48.882501],[2.304519,48.88229],[2.304558,48.883588],[2.304763,48.883492]]],[[[2.309138,48.883248],[2.307676,48.88341],[2.308609,48.883867],[2.309138,48.883248]]],[[[2.30774,48.884577],[2.308465,48.883954],[2.307393,48.883436],[2.306133,48.883668],[2.30774,48.884577]]],[[[2.306077,48.883809],[2.305153,48.883918],[2.307138,48.885019],[2.307601,48.884691],[2.306077,48.883809]]],[[[2.305751,48.884485],[2.304943,48.884078],[2.303618,48.885114],[2.306656,48.885098],[2.305751,48.884485]]],[[[2.30833,48.884851],[2.308069,48.884737],[2.307538,48.885227],[2.30803,48.885363],[2.30833,48.884851]]],[[[2.308908,48.885371],[2.309296,48.885103],[2.308807,48.884861],[2.308186,48.885405],[2.308908,48.885371]]],[[[2.307474,48.885407],[2.306661,48.885905],[2.307186,48.886179],[2.307878,48.885597],[2.307474,48.885407]]],[[[2.308004,48.886228],[2.308072,48.885595],[2.307294,48.886239],[2.308004,48.886228]]]],"type":"MultiPolygon"},"properties":{"id_projet":"MATERNELLES (année scolaire 2024/2025)","libelle":"AMPERE (18) MAT","annee_scol":"2024-2025","zone_commune":0,"etiquette":"Secteur de l'école 18 RUE AMPERE","lib_etab_1":"AMPERE (18) MAT","lib_etab_2":null,"lib_etab_3":null,"lib_etab_4":null,"adr_etab_1":"18 RUE AMPERE","adr_etab_2":null,"adr_etab_3":null,"adr_etab_4":null,"type_etabl":"Maternelle","geo_point_2d":{"lon":2.307692947842664,"lat":48.883235498347055},"st_area_shape":167484.33924344022,"st_perimeter_shape":8333.4591559752}},{"type":"Feature","geometry":{"coordinates":[[[2.313189,48.89246],[2.313719,48.892178],[2.312881,48.891839],[2.3166,48.889788],[2.314242,48.887415],[2.312924,48.887731],[2.312952,48.889278],[2.308352,48.892175],[2.311499,48.893345],[2.313189,48.89246]]],"type":"Polygon"},"properties":{"id_projet":"MATERNELLES (année scolaire 2025/2026)","libelle":"MSTISLAV ROSTROPOVITCH 56 MAT","annee_scol":"2025-2026","zone_commune":0,"etiquette":"Secteur de l'école 56 RUE MSTISLAV ROSTROPOVITCH","lib_etab_1":"M. ROSTROPOVITCH (56) MAT","lib_etab_2":null,"lib_etab_3":null,"lib_etab_4":null,"adr_etab_1":"56 RUE MSTISLAV ROSTROPOVITCH","adr_etab_2":null,"adr_etab_3":null,"adr_etab_4":null,"type_etabl":"Maternelle","geo_point_2d":{"lon":2.3128079474723586,"lat":48.89055454572809},"st_area_shape":159627.63975604446,"st_perimeter_shape":2009.9431656773045}},{"type":"Feature","geometry":{"coordinates":[[[[2.295219,48.883621],[2.2962,48.882981],[2.295235,48.881636],[2.29459,48.882191],[2.295583,48.882681],[2.29455,48.882228],[2.293857,48.882863],[2.295219,48.883621]]],[[[2.298784,48.878387],[2.299468,48.87956],[2.300606,48.878858],[2.298784,48.878387]]],[[[2.303822,48.879468],[2.304582,48.879969],[2.304802,48.879699],[2.303822,48.879468]]],[[[2.298912,48.879418],[2.298309,48.878597],[2.297433,48.878094],[2.295815,48.878447],[2.29883,48.879976],[2.299164,48.879764],[2.298912,48.879418]]],[[[2.29749,48.879931],[2.297557,48.879875],[2.297566,48.87988],[2.297596,48.879855],[2.297598,48.879853],[2.2976,48.879854],[2.297634,48.879825],[2.297671,48.879795],[2.297798,48.879694],[2.297808,48.879685],[2.297836,48.879662],[2.297917,48.8796],[2.297922,48.879602],[2.297929,48.879597],[2.2978,48.879526],[2.297668,48.879623],[2.297461,48.879778],[2.29734,48.879868],[2.29726,48.879928],[2.297258,48.879929],[2.297257,48.879929],[2.297135,48.88002],[2.297216,48.880063],[2.297237,48.880075],[2.297294,48.880105],[2.297412,48.880008],[2.297488,48.879946],[2.2975,48.879936],[2.29749,48.879931]]],[[[2.301135,48.879249],[2.30147,48.878964],[2.300818,48.878848],[2.299559,48.879681],[2.299934,48.880148],[2.301135,48.879249]]],[[[2.303222,48.87994],[2.303594,48.879607],[2.303071,48.879367],[2.302364,48.880072],[2.302833,48.880298],[2.303222,48.87994]]],[[[2.299252,48.879885],[2.29898,48.880057],[2.299573,48.880326],[2.299252,48.879885]]],[[[2.297083,48.879201],[2.295794,48.880136],[2.296473,48.880377],[2.297697,48.879467],[2.297083,48.879201]]],[[[2.302128,48.879105],[2.301677,48.879034],[2.300026,48.880269],[2.300344,48.880763],[2.302128,48.879105]]],[[[2.297901,48.880598],[2.298734,48.880063],[2.297954,48.87961],[2.296584,48.880431],[2.297506,48.880829],[2.297901,48.880598]]],[[[2.3052,48.879764],[2.30474,48.880049],[2.306793,48.881087],[2.308313,48.880475],[2.3052,48.879764]]],[[[2.295863,48.880269],[2.295357,48.880481],[2.295645,48.881049],[2.296336,48.880484],[2.295863,48.880269]]],[[[2.302815,48.879251],[2.30234,48.879178],[2.300532,48.880914],[2.300972,48.881131],[2.302815,48.879251]]],[[[2.298707,48.881122],[2.299528,48.880476],[2.298838,48.88012],[2.297714,48.880858],[2.298707,48.881122]]],[[[2.300646,48.881099],[2.300641,48.881098],[2.300637,48.881099],[2.300632,48.881099],[2.300627,48.8811],[2.300622,48.881102],[2.300619,48.881103],[2.300617,48.881105],[2.300615,48.881107],[2.300612,48.88111],[2.300611,48.881112],[2.300609,48.881116],[2.300608,48.881118],[2.300608,48.881122],[2.300608,48.881124],[2.300609,48.881127],[2.300611,48.88113],[2.300745,48.881314],[2.300786,48.881316],[2.300864,48.881239],[2.300858,48.881212],[2.300662,48.881103],[2.300657,48.881101],[2.300655,48.881101],[2.300652,48.8811],[2.300646,48.881099]]],[[[2.302399,48.880245],[2.301278,48.881252],[2.301622,48.881343],[2.3027,48.880414],[2.302399,48.880245]]],[[[2.30588,48.880925],[2.303753,48.879687],[2.302945,48.880351],[2.305174,48.881453],[2.30588,48.880925]]],[[[2.299784,48.880618],[2.298712,48.881288],[2.299652,48.881447],[2.300068,48.88106],[2.299784,48.880618]]],[[[2.30301,48.88054],[2.301768,48.881401],[2.303538,48.880822],[2.30301,48.88054]]],[[[2.298167,48.881526],[2.29842,48.881306],[2.297569,48.88096],[2.297276,48.881125],[2.298167,48.881526]]],[[[2.305589,48.88162],[2.306633,48.881141],[2.30611,48.880901],[2.305384,48.881531],[2.305589,48.88162]]],[[[2.30021,48.881202],[2.299868,48.881517],[2.300483,48.88162],[2.30021,48.881202]]],[[[2.303727,48.880886],[2.302311,48.881549],[2.302935,48.881701],[2.303727,48.880886]]],[[[2.296727,48.881354],[2.297399,48.880891],[2.296495,48.880525],[2.295722,48.881179],[2.296249,48.881231],[2.295792,48.881333],[2.296017,48.881778],[2.296727,48.881354]]],[[[2.304155,48.881093],[2.303107,48.881766],[2.304378,48.882112],[2.30536,48.881723],[2.304155,48.881093]]],[[[2.297256,48.881206],[2.296099,48.881912],[2.297068,48.882351],[2.29809,48.881586],[2.297256,48.881206]]],[[[2.304177,48.882175],[2.30112,48.88134],[2.300901,48.881529],[2.302962,48.882705],[2.304177,48.882175]]],[[[2.296268,48.882125],[2.296506,48.882736],[2.296921,48.88246],[2.296268,48.882125]]],[[[2.299164,48.881902],[2.299466,48.881578],[2.2985,48.881413],[2.297185,48.882428],[2.298141,48.882855],[2.299164,48.881902]]],[[[2.301679,48.882225],[2.301331,48.882119],[2.302029,48.883076],[2.302707,48.882844],[2.301679,48.882225]]],[[[2.297191,48.882563],[2.296585,48.882847],[2.296681,48.88308],[2.297191,48.882563]]],[[[2.3,48.881684],[2.299685,48.881649],[2.298313,48.88296],[2.298886,48.883206],[2.300327,48.881773],[2.3,48.881684]]],[[[2.300388,48.883381],[2.30101,48.8823],[2.300667,48.88183],[2.299495,48.882925],[2.300215,48.883257],[2.299405,48.883015],[2.299107,48.883311],[2.30009,48.883797],[2.300388,48.883381]]],[[[2.297638,48.882774],[2.296765,48.883243],[2.29733,48.884352],[2.297681,48.884406],[2.298762,48.88332],[2.297638,48.882774]]],[[[2.296269,48.883119],[2.295442,48.883753],[2.296928,48.884409],[2.296269,48.883119]]]],"type":"MultiPolygon"},"properties":{"id_projet":"MATERNELLES (année scolaire 2025/2026)","libelle":"RENAUDES (31) MAT","annee_scol":"2025-2026","zone_commune":0,"etiquette":"Secteur de l'école 31 RUE DES RENAUDES","lib_etab_1":"RENAUDES (31) MAT","lib_etab_2":null,"lib_etab_3":null,"lib_etab_4":null,"adr_etab_1":"31 RUE DES RENAUDES","adr_etab_2":null,"adr_etab_3":null,"adr_etab_4":null,"type_etabl":"Maternelle","geo_point_2d":{"lon":2.300005631260786,"lat":48.881161394659046},"st_area_shape":286571.8384018016,"st_perimeter_shape":13871.78175922626}},{"type":"Feature","geometry":{"coordinates":[[[[2.313341,48.886286],[2.314702,48.884499],[2.313647,48.88388],[2.311021,48.885122],[2.3131,48.886567],[2.313341,48.886286]],[[2.31272,48.885181],[2.312729,48.885174],[2.312734,48.885177],[2.312725,48.885184],[2.31272,48.885181]]],[[[2.314435,48.881933],[2.31441,48.88191],[2.314147,48.881967],[2.314143,48.881968],[2.31387,48.882026],[2.313857,48.882072],[2.314043,48.882171],[2.314112,48.882169],[2.314279,48.882046],[2.314435,48.881933]]],[[[2.31512,48.88247],[2.3154,48.882221],[2.314865,48.881822],[2.314271,48.882253],[2.314896,48.882633],[2.31512,48.88247]]],[[[2.315589,48.882883],[2.31595,48.882627],[2.315654,48.882187],[2.315345,48.882433],[2.315532,48.882552],[2.314854,48.882853],[2.315589,48.882883]]],[[[2.312795,48.883125],[2.313949,48.882237],[2.312029,48.882417],[2.312795,48.883125]]],[[[2.311782,48.882533],[2.310681,48.88304],[2.312433,48.88319],[2.311782,48.882533]]],[[[2.314116,48.883347],[2.31482,48.882734],[2.314183,48.882364],[2.312954,48.883207],[2.313801,48.883587],[2.314116,48.883347]]],[[[2.31291,48.883448],[2.312773,48.883367],[2.312732,48.883369],[2.312573,48.883484],[2.312448,48.883574],[2.312322,48.883665],[2.31223,48.883732],[2.312118,48.883813],[2.312245,48.88389],[2.312368,48.883813],[2.312454,48.88376],[2.31259,48.883675],[2.312726,48.88359],[2.312911,48.883475],[2.31291,48.883448]]],[[[2.314645,48.883814],[2.315258,48.883254],[2.314787,48.882933],[2.313779,48.883789],[2.314645,48.883814]]],[[[2.30919,48.884316],[2.308754,48.884177],[2.308212,48.884651],[2.308623,48.884843],[2.30919,48.884316]]],[[[2.31112,48.884528],[2.312489,48.883303],[2.310423,48.883127],[2.308935,48.884029],[2.31067,48.88492],[2.31112,48.884528]]],[[[2.313059,48.883535],[2.31084,48.885027],[2.313497,48.88382],[2.313059,48.883535]]],[[[2.310103,48.885471],[2.310577,48.885008],[2.309343,48.884391],[2.308807,48.884861],[2.309296,48.885103],[2.308183,48.885408],[2.309547,48.885863],[2.310103,48.885471]]],[[[2.308981,48.886064],[2.309353,48.886001],[2.308072,48.885595],[2.308981,48.886064]]],[[[2.310247,48.885955],[2.30999,48.885789],[2.309949,48.88579],[2.309784,48.885915],[2.309793,48.885941],[2.310116,48.886044],[2.310323,48.886109],[2.310524,48.886173],[2.310549,48.88615],[2.310388,48.886046],[2.310247,48.885955]]],[[[2.312574,48.886363],[2.310883,48.88521],[2.310414,48.885441],[2.312143,48.886595],[2.312574,48.886363]]],[[[2.310985,48.885899],[2.310372,48.885476],[2.310092,48.885717],[2.312114,48.886656],[2.310985,48.885899]]],[[[2.312694,48.886445],[2.312191,48.8867],[2.312645,48.886809],[2.3129,48.886651],[2.312694,48.886445]]],[[[2.312144,48.886884],[2.31181,48.886778],[2.311786,48.886801],[2.312029,48.886958],[2.312168,48.887048],[2.31224,48.887095],[2.31224,48.887095],[2.312281,48.887095],[2.312433,48.887001],[2.312427,48.886975],[2.312427,48.886974],[2.312292,48.886931],[2.312144,48.886884]]],[[[2.311876,48.887217],[2.311242,48.8866],[2.309564,48.886083],[2.310893,48.887124],[2.31138,48.886937],[2.311876,48.887217]]]],"type":"MultiPolygon"},"properties":{"id_projet":"MATERNELLES (année scolaire 2025/2026)","libelle":"JOUFFROY (20) MAT","annee_scol":"2025-2026","zone_commune":0,"etiquette":"Secteur de l'école 20 RUE JOUFFROY D'ABBANS","lib_etab_1":"JOUFFROY (20) MAT","lib_etab_2":null,"lib_etab_3":null,"lib_etab_4":null,"adr_etab_1":"20 RUE JOUFFROY D'ABBANS","adr_etab_2":null,"adr_etab_3":null,"adr_etab_4":null,"type_etabl":"Maternelle","geo_point_2d":{"lon":2.3119754427371837,"lat":48.88447250394061},"st_area_shape":148607.15523234633,"st_perimeter_shape":7158.849028466927}},{"type":"Feature","geometry":{"coordinates":[[[[2.318492,48.899627],[2.321859,48.898862],[2.314684,48.896123],[2.314986,48.897134],[2.313384,48.898075],[2.318492,48.899627]]],[[[2.321893,48.900811],[2.323478,48.900865],[2.323886,48.899157],[2.323726,48.90017],[2.328624,48.900284],[2.328677,48.8992],[2.322552,48.89901],[2.322471,48.899974],[2.32219,48.90001],[2.322265,48.899046],[2.319883,48.899664],[2.319642,48.900028],[2.321893,48.900811]],[[2.32305,48.900203],[2.32305,48.900191],[2.32305,48.900202],[2.32305,48.900203],[2.32305,48.900203]],[[2.321702,48.900181],[2.321786,48.900035],[2.321787,48.900035],[2.321702,48.900181]],[[2.323619,48.899346],[2.323653,48.899199],[2.323661,48.899163],[2.323667,48.899134],[2.323669,48.899134],[2.323607,48.899407],[2.323619,48.899346]]],[[[2.322822,48.898616],[2.323021,48.897721],[2.321851,48.898314],[2.314844,48.895667],[2.314559,48.895945],[2.321991,48.898792],[2.322822,48.898616]]],[[[2.328586,48.898907],[2.328983,48.898845],[2.328405,48.897791],[2.32663,48.897817],[2.326656,48.898863],[2.328586,48.898907]]],[[[2.324533,48.897709],[2.324168,48.898123],[2.324758,48.898537],[2.325261,48.898336],[2.324533,48.897709]]],[[[2.328938,48.900197],[2.329442,48.900206],[2.329106,48.899209],[2.328866,48.899204],[2.328938,48.900197]]],[[[2.3261,48.898613],[2.326314,48.898707],[2.326353,48.897897],[2.325725,48.898233],[2.3261,48.898613]]],[[[2.325857,48.897966],[2.326134,48.897743],[2.324904,48.897717],[2.325414,48.898131],[2.325857,48.897966]]],[[[2.32557,48.898437],[2.32492,48.898828],[2.32608,48.898851],[2.32557,48.898437]]],[[[2.329578,48.900882],[2.329503,48.90051],[2.328739,48.900494],[2.328724,48.900804],[2.329578,48.900882]]],[[[2.328938,48.900197],[2.328224,48.900396],[2.329417,48.900453],[2.329442,48.900206],[2.328938,48.900197]]],[[[2.324179,48.898327],[2.324067,48.898792],[2.32474,48.898824],[2.324179,48.898327]]],[[[2.319323,48.900095],[2.320231,48.900665],[2.320486,48.900521],[2.319323,48.900095]]],[[[2.321096,48.900672],[2.320682,48.900552],[2.320671,48.900559],[2.320534,48.900636],[2.320359,48.900741],[2.320387,48.900758],[2.321052,48.900781],[2.321658,48.900802],[2.321096,48.900672]]],[[[2.327651,48.901009],[2.328285,48.901021],[2.329533,48.901043],[2.329539,48.901012],[2.32765,48.900974],[2.327651,48.901009]]]],"type":"MultiPolygon"},"properties":{"id_projet":"MATERNELLES (année scolaire 2026/2027)","libelle":"ANDRE BRECHET (21) MAT","annee_scol":"2026-2027","zone_commune":0,"etiquette":"Secteur de l'école 21 ANDRE BRECHET (21) MAT","lib_etab_1":"ANDRE BRECHET (21) MAT","lib_etab_2":null,"lib_etab_3":null,"lib_etab_4":null,"adr_etab_1":"21 ANDRE BRECHET (21) MAT","adr_etab_2":null,"adr_etab_3":null,"adr_etab_4":null,"type_etabl":"Maternelle","geo_point_2d":{"lon":2.3213035171973404,"lat":48.898701683902},"st_area_shape":265442.8750968733,"st_perimeter_shape":8519.420860141392}},{"type":"Feature","geometry":{"coordinates":[[[[2.311288,48.890234],[2.312952,48.889278],[2.312924,48.887731],[2.310058,48.887889],[2.305226,48.887321],[2.305164,48.887555],[2.310878,48.888077],[2.30899,48.888806],[2.309461,48.888835],[2.311288,48.890234]]],[[[2.308842,48.887606],[2.308189,48.887142],[2.307736,48.887452],[2.308842,48.887606]]],[[[2.297903,48.888945],[2.2997,48.890093],[2.300024,48.889948],[2.297903,48.888945]]],[[[2.310028,48.88769],[2.308662,48.886787],[2.308294,48.887032],[2.309206,48.887657],[2.310028,48.88769]]],[[[2.312774,48.887084],[2.311499,48.887699],[2.313528,48.887394],[2.312774,48.887084]]],[[[2.31195,48.887269],[2.31138,48.886937],[2.310893,48.887124],[2.309564,48.886083],[2.30927,48.886306],[2.311346,48.887645],[2.31195,48.887269]]],[[[2.310205,48.887351],[2.311273,48.887689],[2.309214,48.886371],[2.308767,48.886678],[2.310348,48.887749],[2.310724,48.887733],[2.310205,48.887351]]],[[[2.306582,48.887872],[2.304443,48.888949],[2.304173,48.889848],[2.306582,48.887872]]],[[[2.299629,48.889604],[2.299799,48.889289],[2.300412,48.88932],[2.301009,48.88888],[2.299587,48.888264],[2.298165,48.888815],[2.299629,48.889604]]],[[[2.308934,48.888624],[2.310153,48.88823],[2.307094,48.887931],[2.306605,48.888298],[2.306947,48.888569],[2.3065,48.888379],[2.307593,48.889073],[2.308934,48.888624]]]],"type":"MultiPolygon"},"properties":{"id_projet":"MATERNELLES (année scolaire 2026/2027)","libelle":"TAPISSERIES (8) MAT","annee_scol":"2026-2027","zone_commune":0,"etiquette":"Secteur de l'école 8 TAPISSERIES (8) MAT","lib_etab_1":"TAPISSERIES (8) MAT","lib_etab_2":null,"lib_etab_3":null,"lib_etab_4":null,"adr_etab_1":"8 TAPISSERIES (8) MAT","adr_etab_2":null,"adr_etab_3":null,"adr_etab_4":null,"type_etabl":"Maternelle","geo_point_2d":{"lon":2.308134908606248,"lat":48.88838446450541},"st_area_shape":130797.45113209807,"st_perimeter_shape":6236.25906168418}},{"type":"Feature","geometry":{"coordinates":[[[[2.298862,48.879761],[2.298109,48.879404],[2.298187,48.879157],[2.297667,48.879155],[2.298264,48.878591],[2.297433,48.878094],[2.295815,48.878447],[2.29883,48.879976],[2.298862,48.879761]]],[[[2.294714,48.880065],[2.29456,48.879863],[2.293594,48.880728],[2.29521,48.881469],[2.294714,48.880065]]],[[[2.293577,48.883047],[2.288287,48.880013],[2.287978,48.880084],[2.293577,48.883047]]],[[[2.296325,48.879466],[2.296747,48.879069],[2.29588,48.878624],[2.295458,48.879009],[2.296115,48.87925],[2.2954,48.879067],[2.294891,48.879561],[2.295605,48.880059],[2.296325,48.879466]]],[[[2.290475,48.880283],[2.291128,48.879691],[2.290895,48.879579],[2.288713,48.880108],[2.289938,48.88077],[2.290475,48.880283]]],[[[2.293207,48.879318],[2.292853,48.879129],[2.291349,48.879673],[2.292482,48.88017],[2.293456,48.879505],[2.293207,48.879318]]],[[[2.291893,48.881019],[2.290752,48.880248],[2.290062,48.880843],[2.291282,48.881493],[2.291893,48.881019]]],[[[2.293901,48.881006],[2.293199,48.880942],[2.293367,48.880754],[2.292789,48.880483],[2.29227,48.880881],[2.29316,48.88103],[2.292962,48.881268],[2.293776,48.881696],[2.294338,48.881235],[2.293901,48.881006]]],[[[2.297083,48.879201],[2.295794,48.880136],[2.296473,48.880377],[2.297697,48.879467],[2.297083,48.879201]]],[[[2.288661,48.880809],[2.288826,48.880677],[2.288035,48.880239],[2.286841,48.880516],[2.288806,48.881526],[2.288298,48.881101],[2.288661,48.880809]]],[[[2.293814,48.879669],[2.292628,48.880274],[2.293473,48.88062],[2.294273,48.879959],[2.293814,48.879669]]],[[[2.292124,48.880829],[2.292608,48.880397],[2.291254,48.87976],[2.290841,48.880133],[2.292124,48.880829]]],[[[2.292566,48.88178],[2.292103,48.881936],[2.293713,48.882809],[2.294014,48.882566],[2.292566,48.88178]]],[[[2.294266,48.879188],[2.294065,48.878851],[2.293079,48.87909],[2.294381,48.879847],[2.294266,48.879188]]],[[[2.291221,48.882181],[2.291571,48.882157],[2.289719,48.881169],[2.289998,48.881778],[2.291221,48.882181]]],[[[2.292899,48.881386],[2.292501,48.881607],[2.294116,48.882391],[2.293841,48.88188],[2.292899,48.881386]]],[[[2.294654,48.881361],[2.293966,48.881762],[2.294233,48.882257],[2.295082,48.881587],[2.294654,48.881361]]],[[[2.295636,48.8785],[2.294505,48.878752],[2.294814,48.879426],[2.295636,48.8785]]],[[[2.295863,48.880269],[2.295357,48.880481],[2.295645,48.881049],[2.296336,48.880484],[2.295863,48.880269]]],[[[2.2894,48.881237],[2.289591,48.881082],[2.288942,48.880739],[2.28851,48.881087],[2.289119,48.881416],[2.2894,48.881237]]],[[[2.292598,48.88123],[2.291887,48.881206],[2.29229,48.881484],[2.292598,48.88123]]],[[[2.291984,48.881474],[2.291454,48.881586],[2.291973,48.88184],[2.292231,48.881627],[2.291984,48.881474]]],[[[2.286224,48.880837],[2.28681,48.880523],[2.285612,48.880801],[2.286224,48.880837]]],[[[2.295366,48.880068],[2.295108,48.879993],[2.29528,48.88033],[2.295366,48.880068]]]],"type":"MultiPolygon"},"properties":{"id_projet":"MATERNELLES (année scolaire 2020/2021)","libelle":"PEREIRE (221) MAT","annee_scol":"2020-2021","zone_commune":0,"etiquette":"Secteur de l'école 221 BOULEVARD PEREIRE","lib_etab_1":"PEREIRE (221) MAT","lib_etab_2":null,"lib_etab_3":null,"lib_etab_4":null,"adr_etab_1":"221 BOULEVARD PEREIRE","adr_etab_2":null,"adr_etab_3":null,"adr_etab_4":null,"type_etabl":null,"geo_point_2d":{"lon":2.293096473670545,"lat":48.88039856275531},"st_area_shape":158324.4995894668,"st_perimeter_shape":9511.624551356363}},{"type":"Feature","geometry":{"coordinates":[[[[2.313821,48.886088],[2.314714,48.884527],[2.313647,48.88388],[2.311021,48.885122],[2.3131,48.886567],[2.313821,48.886088]],[[2.31272,48.885181],[2.312729,48.885174],[2.312734,48.885177],[2.312725,48.885184],[2.31272,48.885181]]],[[[2.31112,48.884528],[2.312489,48.883303],[2.310423,48.883127],[2.308935,48.884029],[2.31067,48.88492],[2.31112,48.884528]]],[[[2.310103,48.885471],[2.310577,48.885008],[2.309343,48.884391],[2.308807,48.884861],[2.309296,48.885103],[2.308183,48.885408],[2.309547,48.885863],[2.310103,48.885471]]],[[[2.312795,48.883125],[2.313949,48.882237],[2.312029,48.882417],[2.312795,48.883125]]],[[[2.311876,48.887217],[2.311242,48.8866],[2.309564,48.886083],[2.310893,48.887124],[2.31138,48.886937],[2.311876,48.887217]]],[[[2.312574,48.886363],[2.310883,48.88521],[2.310414,48.885441],[2.312143,48.886595],[2.312574,48.886363]]],[[[2.313059,48.883535],[2.31084,48.885027],[2.313497,48.88382],[2.313059,48.883535]]],[[[2.310985,48.885899],[2.310372,48.885476],[2.310092,48.885717],[2.312114,48.886656],[2.310985,48.885899]]],[[[2.311782,48.882533],[2.310681,48.88304],[2.312433,48.88319],[2.311782,48.882533]]],[[[2.313893,48.883322],[2.31402,48.883147],[2.31364,48.882972],[2.314145,48.882366],[2.312954,48.883207],[2.313801,48.883587],[2.313893,48.883322]]],[[[2.308535,48.88607],[2.309359,48.886018],[2.308073,48.885595],[2.308016,48.886157],[2.308535,48.88607]]],[[[2.30919,48.884316],[2.308754,48.884177],[2.308212,48.884651],[2.308623,48.884843],[2.30919,48.884316]]],[[[2.314903,48.884723],[2.3141,48.886051],[2.315025,48.884938],[2.314903,48.884723]]],[[[2.314826,48.88227],[2.315149,48.882011],[2.314865,48.881822],[2.314271,48.882253],[2.314826,48.88227]]],[[[2.312694,48.886445],[2.312191,48.8867],[2.312645,48.886809],[2.3129,48.886651],[2.312694,48.886445]]],[[[2.31291,48.883448],[2.312773,48.883367],[2.312732,48.883369],[2.312573,48.883484],[2.312448,48.883574],[2.312322,48.883665],[2.31223,48.883732],[2.312118,48.883813],[2.312245,48.88389],[2.312368,48.883813],[2.312454,48.88376],[2.31259,48.883675],[2.312726,48.88359],[2.312911,48.883475],[2.31291,48.883448]]],[[[2.310247,48.885955],[2.30999,48.885789],[2.309949,48.88579],[2.309784,48.885915],[2.309793,48.885941],[2.310116,48.886044],[2.310323,48.886109],[2.310524,48.886173],[2.310549,48.88615],[2.310388,48.886046],[2.310247,48.885955]]],[[[2.314435,48.881933],[2.31441,48.88191],[2.314147,48.881967],[2.314143,48.881968],[2.31387,48.882026],[2.313857,48.882072],[2.314043,48.882171],[2.314112,48.882169],[2.314279,48.882046],[2.314435,48.881933]]],[[[2.312144,48.886884],[2.31181,48.886778],[2.311786,48.886801],[2.312029,48.886958],[2.312168,48.887048],[2.31224,48.887095],[2.31224,48.887095],[2.312281,48.887095],[2.312433,48.887001],[2.312427,48.886975],[2.312427,48.886974],[2.312292,48.886931],[2.312144,48.886884]]]],"type":"MultiPolygon"},"properties":{"id_projet":"MATERNELLES (année scolaire 2020/2021)","libelle":"JOUFFROY (20) MAT","annee_scol":"2020-2021","zone_commune":0,"etiquette":"Secteur de l'école 20 RUE JOUFFROY D'ABBANS","lib_etab_1":"JOUFFROY (20) MAT","lib_etab_2":null,"lib_etab_3":null,"lib_etab_4":null,"adr_etab_1":"20 RUE JOUFFROY D'ABBANS","adr_etab_2":null,"adr_etab_3":null,"adr_etab_4":null,"type_etabl":null,"geo_point_2d":{"lon":2.3117532951346056,"lat":48.88469925240042},"st_area_shape":140876.4680498128,"st_perimeter_shape":6863.874008283872}},{"type":"Feature","geometry":{"coordinates":[[[[2.325811,48.891684],[2.325154,48.891099],[2.322772,48.891859],[2.323581,48.892086],[2.32486,48.89167],[2.323844,48.892125],[2.324726,48.892333],[2.326015,48.891913],[2.325811,48.891684]]],[[[2.32364,48.893212],[2.324363,48.892593],[2.324827,48.893377],[2.325241,48.893398],[2.324729,48.892523],[2.322296,48.892023],[2.323454,48.893436],[2.32364,48.893212]]],[[[2.321771,48.889825],[2.321388,48.89005],[2.323037,48.891656],[2.323703,48.891462],[2.321771,48.889825]]],[[[2.321289,48.890111],[2.320905,48.890327],[2.322159,48.891855],[2.322901,48.891719],[2.321289,48.890111]]],[[[2.326495,48.890695],[2.325345,48.89106],[2.326227,48.891864],[2.326794,48.891582],[2.326495,48.890695]]],[[[2.324575,48.891175],[2.324025,48.891169],[2.321889,48.889763],[2.323841,48.8914],[2.324575,48.891175]]],[[[2.322931,48.893407],[2.323276,48.893408],[2.322093,48.891965],[2.321359,48.891797],[2.322931,48.893407]]],[[[2.326154,48.892007],[2.325001,48.892392],[2.326928,48.892809],[2.326154,48.892007]]],[[[2.325802,48.893039],[2.327077,48.893029],[2.324975,48.892576],[2.325317,48.89323],[2.325802,48.893039]]],[[[2.326896,48.89189],[2.326382,48.891986],[2.327166,48.892692],[2.326896,48.89189]]]],"type":"MultiPolygon"},"properties":{"id_projet":"MATERNELLES (année scolaire 2022/2023)","libelle":"CAPITAINE LAGACHE (21) MAT","annee_scol":"2022-2023","zone_commune":0,"etiquette":"Secteur de l'école 21 RUE DU CAPITAINE LAGACHE","lib_etab_1":"CAPITAINE LAGACHE (21) MAT","lib_etab_2":null,"lib_etab_3":null,"lib_etab_4":null,"adr_etab_1":"21 RUE DU CAPITAINE LAGACHE","adr_etab_2":null,"adr_etab_3":null,"adr_etab_4":null,"type_etabl":"Maternelle","geo_point_2d":{"lon":2.3239738256040265,"lat":48.8917596311586},"st_area_shape":81844.05146746422,"st_perimeter_shape":5015.206308394676}},{"type":"Feature","geometry":{"coordinates":[[[[2.309452,48.892263],[2.310089,48.892289],[2.310258,48.891895],[2.313193,48.892459],[2.313719,48.892178],[2.312881,48.891839],[2.3166,48.889788],[2.314242,48.887415],[2.312924,48.887731],[2.312952,48.889278],[2.308352,48.892175],[2.311627,48.893278],[2.309452,48.892263]],[[2.313047,48.891721],[2.313062,48.891713],[2.313054,48.891724],[2.313047,48.891721]]]],"type":"MultiPolygon"},"properties":{"id_projet":"MATERNELLES (année scolaire 2023/2024)","libelle":"ZM MSTISLAV ROSTROPOVITCH (34) POLY/ (56) MAT","annee_scol":"2023-2024","zone_commune":1,"etiquette":"Secteur commun des écoles \n34 RUE MSTISLAV ROSTROPOVITCH \n56 RUE MSTISLAV ROSTROPOVITCH","lib_etab_1":"M. ROSTROPOVITCH (34) POLY","lib_etab_2":"M. ROSTROPOVITCH (56) MAT","lib_etab_3":null,"lib_etab_4":null,"adr_etab_1":"34 RUE MSTISLAV ROSTROPOVITCH","adr_etab_2":"56 RUE MSTISLAV ROSTROPOVITCH","adr_etab_3":null,"adr_etab_4":null,"type_etabl":"Maternelle","geo_point_2d":{"lon":2.313045761357026,"lat":48.89023923387962},"st_area_shape":137502.17426376755,"st_perimeter_shape":2400.370707927714}},{"type":"Feature","geometry":{"coordinates":[[[[2.318492,48.899627],[2.321859,48.898862],[2.314684,48.896123],[2.314986,48.897134],[2.313384,48.898075],[2.318492,48.899627]]],[[[2.321893,48.900811],[2.323478,48.900865],[2.323886,48.899157],[2.323726,48.90017],[2.328624,48.900284],[2.328677,48.8992],[2.322552,48.89901],[2.322471,48.899974],[2.32219,48.90001],[2.322265,48.899046],[2.319883,48.899664],[2.319642,48.900028],[2.321893,48.900811]],[[2.32305,48.900203],[2.32305,48.900191],[2.32305,48.900202],[2.32305,48.900203],[2.32305,48.900203]],[[2.321702,48.900181],[2.321786,48.900035],[2.321787,48.900035],[2.321702,48.900181]],[[2.323619,48.899346],[2.323653,48.899199],[2.323661,48.899163],[2.323667,48.899134],[2.323669,48.899134],[2.323607,48.899407],[2.323619,48.899346]]],[[[2.322822,48.898616],[2.323021,48.897721],[2.321851,48.898314],[2.314844,48.895667],[2.314559,48.895945],[2.321991,48.898792],[2.322822,48.898616]]],[[[2.328586,48.898907],[2.328983,48.898845],[2.328405,48.897791],[2.32663,48.897817],[2.326656,48.898863],[2.328586,48.898907]]],[[[2.324533,48.897709],[2.324168,48.898123],[2.324758,48.898537],[2.325261,48.898336],[2.324533,48.897709]]],[[[2.328938,48.900197],[2.329442,48.900206],[2.329106,48.899209],[2.328866,48.899204],[2.328938,48.900197]]],[[[2.3261,48.898613],[2.326314,48.898707],[2.326353,48.897897],[2.325725,48.898233],[2.3261,48.898613]]],[[[2.325857,48.897966],[2.326134,48.897743],[2.324904,48.897717],[2.325414,48.898131],[2.325857,48.897966]]],[[[2.32557,48.898437],[2.32492,48.898828],[2.32608,48.898851],[2.32557,48.898437]]],[[[2.329578,48.900882],[2.329503,48.90051],[2.328739,48.900494],[2.328724,48.900804],[2.329578,48.900882]]],[[[2.328938,48.900197],[2.328224,48.900396],[2.329417,48.900453],[2.329442,48.900206],[2.328938,48.900197]]],[[[2.324179,48.898327],[2.324067,48.898792],[2.32474,48.898824],[2.324179,48.898327]]],[[[2.319323,48.900095],[2.320231,48.900665],[2.320486,48.900521],[2.319323,48.900095]]],[[[2.321096,48.900672],[2.320682,48.900552],[2.320671,48.900559],[2.320534,48.900636],[2.320359,48.900741],[2.320387,48.900758],[2.321052,48.900781],[2.321658,48.900802],[2.321096,48.900672]]],[[[2.327651,48.901009],[2.328285,48.901021],[2.329533,48.901043],[2.329539,48.901012],[2.32765,48.900974],[2.327651,48.901009]]]],"type":"MultiPolygon"},"properties":{"id_projet":"MATERNELLES (année scolaire 2025/2026)","libelle":"ANDRE BRECHET (21) MAT","annee_scol":"2025-2026","zone_commune":0,"etiquette":"Secteur de l'école 21 RUE ANDRE BRECHET","lib_etab_1":"ANDRE BRECHET (21) MAT","lib_etab_2":null,"lib_etab_3":null,"lib_etab_4":null,"adr_etab_1":"21 RUE ANDRE BRECHET","adr_etab_2":null,"adr_etab_3":null,"adr_etab_4":null,"type_etabl":"Maternelle","geo_point_2d":{"lon":2.3213035171973404,"lat":48.898701683902},"st_area_shape":265442.8750968733,"st_perimeter_shape":8519.420860141392}},{"type":"Feature","geometry":{"coordinates":[[[[2.294714,48.880065],[2.29456,48.879863],[2.293594,48.880728],[2.29521,48.881469],[2.294714,48.880065]]],[[[2.295636,48.8785],[2.294505,48.878752],[2.294814,48.879426],[2.295636,48.8785]]],[[[2.294266,48.879188],[2.294065,48.878851],[2.293079,48.87909],[2.294381,48.879847],[2.294266,48.879188]]],[[[2.296325,48.879466],[2.296747,48.879069],[2.29588,48.878624],[2.295458,48.879009],[2.296115,48.87925],[2.2954,48.879067],[2.294891,48.879561],[2.295605,48.880059],[2.296325,48.879466]]],[[[2.293207,48.879318],[2.292853,48.879129],[2.291349,48.879673],[2.292482,48.88017],[2.293456,48.879505],[2.293207,48.879318]]],[[[2.295366,48.880068],[2.295108,48.879993],[2.29528,48.88033],[2.295366,48.880068]]],[[[2.293814,48.879669],[2.292628,48.880274],[2.293473,48.88062],[2.294273,48.879959],[2.293814,48.879669]]],[[[2.290475,48.880283],[2.291128,48.879691],[2.290895,48.879579],[2.288713,48.880108],[2.289938,48.88077],[2.290475,48.880283]]],[[[2.292124,48.880829],[2.292608,48.880397],[2.291254,48.87976],[2.290841,48.880133],[2.292124,48.880829]]],[[[2.2894,48.881237],[2.289591,48.881082],[2.288942,48.880739],[2.28851,48.881087],[2.289119,48.881416],[2.2894,48.881237]]],[[[2.292598,48.88123],[2.291887,48.881206],[2.29229,48.881484],[2.292598,48.88123]]],[[[2.291893,48.881019],[2.290752,48.880248],[2.290062,48.880843],[2.291282,48.881493],[2.291893,48.881019]]],[[[2.288661,48.880809],[2.288826,48.880677],[2.288035,48.880239],[2.286841,48.880516],[2.288806,48.881526],[2.288298,48.881101],[2.288661,48.880809]]],[[[2.293901,48.881006],[2.293199,48.880942],[2.293367,48.880754],[2.292789,48.880483],[2.29227,48.880881],[2.29316,48.88103],[2.292962,48.881268],[2.293776,48.881696],[2.294338,48.881235],[2.293901,48.881006]]],[[[2.291984,48.881474],[2.291454,48.881586],[2.291973,48.88184],[2.292231,48.881627],[2.291984,48.881474]]],[[[2.286426,48.881672],[2.285987,48.881442],[2.286357,48.882112],[2.286682,48.881875],[2.286426,48.881672]]],[[[2.294654,48.881361],[2.293966,48.881762],[2.294233,48.882257],[2.295082,48.881587],[2.294654,48.881361]]],[[[2.287178,48.881776],[2.286054,48.880894],[2.28681,48.880523],[2.285585,48.88084],[2.286946,48.881814],[2.286466,48.882234],[2.287178,48.881776]]],[[[2.291221,48.882181],[2.291571,48.882157],[2.289719,48.881169],[2.289998,48.881778],[2.291221,48.882181]]],[[[2.292899,48.881386],[2.292501,48.881607],[2.294116,48.882391],[2.293841,48.88188],[2.292899,48.881386]]],[[[2.292566,48.88178],[2.292103,48.881936],[2.293713,48.882809],[2.294014,48.882566],[2.292566,48.88178]]],[[[2.293577,48.883047],[2.288287,48.880013],[2.287978,48.880084],[2.293577,48.883047]]]],"type":"MultiPolygon"},"properties":{"id_projet":"MATERNELLES (année scolaire 2025/2026)","libelle":"PEREIRE (221) MAT","annee_scol":"2025-2026","zone_commune":0,"etiquette":"Secteur de l'école 221 BOULEVARD PEREIRE","lib_etab_1":"PEREIRE (221) MAT","lib_etab_2":null,"lib_etab_3":null,"lib_etab_4":null,"adr_etab_1":"221 BOULEVARD PEREIRE","adr_etab_2":null,"adr_etab_3":null,"adr_etab_4":null,"type_etabl":"Maternelle","geo_point_2d":{"lon":2.2920948803708896,"lat":48.88064698778243},"st_area_shape":136448.91035001772,"st_perimeter_shape":8633.708968027908}},{"type":"Feature","geometry":{"coordinates":[[[2.315259,48.893207],[2.313778,48.892146],[2.311499,48.893345],[2.313685,48.894162],[2.315259,48.893207]]],"type":"Polygon"},"properties":{"id_projet":"MATERNELLES (année scolaire 2025/2026)","libelle":"GILBERT CESBRON (1) POLY","annee_scol":"2025-2026","zone_commune":0,"etiquette":"Secteur de l'école 1 RUE GILBERT CESBRON","lib_etab_1":"GILBERT CESBRON (1) POLY","lib_etab_2":null,"lib_etab_3":null,"lib_etab_4":null,"adr_etab_1":"1 RUE GILBERT CESBRON","adr_etab_2":null,"adr_etab_3":null,"adr_etab_4":null,"type_etabl":"Maternelle","geo_point_2d":{"lon":2.313534543291628,"lat":48.893195241538045},"st_area_shape":31886.284282845823,"st_perimeter_shape":728.1701391601528}},{"type":"Feature","geometry":{"coordinates":[[[[2.284375,48.880742],[2.284943,48.880612],[2.28496,48.880321],[2.28406,48.87826],[2.281963,48.879006],[2.284375,48.880742]],[[2.282519,48.87903],[2.282525,48.87903],[2.282528,48.879039],[2.282604,48.87903],[2.282602,48.87902],[2.282608,48.879019],[2.282611,48.879028],[2.282708,48.879014],[2.282705,48.879004],[2.282711,48.879003],[2.282715,48.879013],[2.28275,48.879006],[2.282746,48.878996],[2.282779,48.878989],[2.282854,48.878974],[2.282858,48.878984],[2.282894,48.878976],[2.282889,48.878968],[2.282894,48.878966],[2.2829,48.878975],[2.282942,48.878964],[2.282993,48.878951],[2.282988,48.878943],[2.282994,48.878941],[2.283,48.87895],[2.283032,48.878941],[2.283026,48.878931],[2.283129,48.878901],[2.283137,48.878909],[2.283168,48.878899],[2.283162,48.87889],[2.283262,48.878855],[2.28327,48.878864],[2.2833,48.878852],[2.283292,48.878843],[2.283389,48.878804],[2.283399,48.878813],[2.283428,48.8788],[2.28342,48.878792],[2.283425,48.878789],[2.283434,48.878797],[2.283458,48.878786],[2.283495,48.878769],[2.283516,48.878759],[2.283506,48.878751],[2.283511,48.878749],[2.28352,48.878756],[2.283549,48.878741],[2.28354,48.878734],[2.283627,48.878686],[2.283638,48.878693],[2.283664,48.878678],[2.283655,48.878671],[2.283659,48.878668],[2.283669,48.878675],[2.283692,48.878662],[2.283723,48.878643],[2.283743,48.87863],[2.283732,48.878623],[2.283737,48.878621],[2.283747,48.878627],[2.28378,48.878606],[2.283804,48.878589],[2.283793,48.878583],[2.283797,48.87858],[2.283809,48.878586],[2.283843,48.878562],[2.283866,48.878545],[2.283868,48.878546],[2.283871,48.878548],[2.283865,48.878552],[2.283863,48.878551],[2.283853,48.878557],[2.283819,48.878583],[2.283782,48.878608],[2.283736,48.878638],[2.283679,48.878672],[2.283622,48.878706],[2.283566,48.878736],[2.283507,48.878767],[2.283412,48.87881],[2.283341,48.87884],[2.283252,48.878873],[2.283153,48.878907],[2.283066,48.878934],[2.283001,48.878952],[2.282945,48.878966],[2.282895,48.878978],[2.282828,48.878993],[2.282769,48.879005],[2.282711,48.879016],[2.282666,48.879023],[2.282622,48.87903],[2.282572,48.879037],[2.282523,48.879043],[2.282476,48.879047],[2.282444,48.87905],[2.282445,48.879052],[2.282437,48.879053],[2.282436,48.879048],[2.28245,48.879047],[2.282522,48.87904],[2.282519,48.87903]]],[[[2.283973,48.877858],[2.28381,48.87807],[2.284085,48.878093],[2.283973,48.877858]]],[[[2.294113,48.877782],[2.293782,48.878005],[2.294051,48.878157],[2.294113,48.877782]]],[[[2.294888,48.877353],[2.294606,48.87777],[2.295029,48.87755],[2.294888,48.877353]]],[[[2.294554,48.875187],[2.294412,48.874779],[2.294159,48.875077],[2.294554,48.875187]]],[[[2.293653,48.874895],[2.293948,48.874589],[2.293319,48.874673],[2.293653,48.874895]]],[[[2.285354,48.88025],[2.285337,48.880524],[2.286122,48.880343],[2.285354,48.88025]]],[[[2.295175,48.875219],[2.29576,48.875142],[2.295519,48.874814],[2.295101,48.874861],[2.295175,48.875219]]],[[[2.289887,48.876237],[2.289346,48.876071],[2.289926,48.876787],[2.290312,48.876426],[2.289887,48.876237]]],[[[2.287501,48.880026],[2.2865,48.879463],[2.286778,48.880173],[2.287501,48.880026]]],[[[2.295111,48.877625],[2.294586,48.87792],[2.294499,48.878391],[2.295516,48.878181],[2.295111,48.877625]]],[[[2.287811,48.879203],[2.287522,48.879465],[2.288226,48.879844],[2.289038,48.879671],[2.287811,48.879203]]],[[[2.295964,48.875424],[2.29502,48.875329],[2.294851,48.876332],[2.295964,48.875424]]],[[[2.294109,48.875203],[2.293607,48.875731],[2.294329,48.876496],[2.294534,48.875293],[2.294109,48.875203]]],[[[2.296643,48.876359],[2.296389,48.876047],[2.294933,48.87723],[2.295167,48.877451],[2.296643,48.876359]]],[[[2.294168,48.876544],[2.294012,48.876416],[2.293322,48.877678],[2.29375,48.877982],[2.294123,48.877728],[2.294168,48.876544]]],[[[2.288287,48.880013],[2.284227,48.877836],[2.287978,48.880084],[2.288287,48.880013]]],[[[2.29488,48.877129],[2.29634,48.875946],[2.296048,48.875537],[2.294812,48.876555],[2.29488,48.877129]]],[[[2.288747,48.876435],[2.288845,48.876097],[2.287462,48.876558],[2.288054,48.877703],[2.288747,48.876435]]],[[[2.28732,48.876604],[2.285882,48.877066],[2.287799,48.877792],[2.28732,48.876604]]],[[[2.291861,48.877511],[2.292087,48.877109],[2.291606,48.876922],[2.291098,48.877406],[2.291575,48.876899],[2.291135,48.876724],[2.290455,48.877576],[2.291572,48.877968],[2.291861,48.877511]]],[[[2.293325,48.877417],[2.293939,48.876292],[2.293551,48.875845],[2.292429,48.877128],[2.293325,48.877417]]],[[[2.290899,48.878902],[2.291408,48.878089],[2.290355,48.877707],[2.28969,48.878505],[2.290899,48.878902]]],[[[2.285685,48.877116],[2.284451,48.877495],[2.284863,48.877883],[2.287717,48.877885],[2.285685,48.877116]]],[[[2.293186,48.874737],[2.291512,48.875271],[2.292526,48.876272],[2.293596,48.875005],[2.293186,48.874737]]],[[[2.286559,48.880242],[2.286318,48.879322],[2.284409,48.878255],[2.285227,48.880122],[2.286559,48.880242]]],[[[2.287773,48.878431],[2.287702,48.878019],[2.285052,48.878033],[2.287275,48.879331],[2.287773,48.878431]]],[[[2.297239,48.877182],[2.296679,48.876462],[2.295209,48.877551],[2.295669,48.878147],[2.297598,48.877707],[2.297239,48.877182]]],[[[2.291984,48.876916],[2.2924,48.87642],[2.291328,48.875324],[2.289408,48.875919],[2.291984,48.876916]]],[[[2.288825,48.878304],[2.28808,48.878238],[2.287714,48.879046],[2.289317,48.879607],[2.290849,48.879113],[2.288825,48.878304]]],[[[2.290071,48.877819],[2.290933,48.876646],[2.290478,48.876505],[2.289422,48.877589],[2.289843,48.87697],[2.289105,48.876151],[2.288324,48.877742],[2.28921,48.878295],[2.289834,48.87778],[2.289284,48.878354],[2.289563,48.878459],[2.290071,48.877819]]],[[[2.29246,48.878884],[2.294002,48.87853],[2.29402,48.878306],[2.292248,48.877188],[2.29164,48.87809],[2.292164,48.8781],[2.291941,48.878843],[2.291709,48.878667],[2.291973,48.878258],[2.291616,48.878129],[2.291059,48.879007],[2.29246,48.878884]]]],"type":"MultiPolygon"},"properties":{"id_projet":"MATERNELLES (année scolaire 2026/2027)","libelle":"COLONEL MOLL (16) MAT","annee_scol":"2026-2027","zone_commune":0,"etiquette":"Secteur de l'école 16 COLONEL MOLL (16) MAT","lib_etab_1":"COLONEL MOLL (16) MAT","lib_etab_2":null,"lib_etab_3":null,"lib_etab_4":null,"adr_etab_1":"16 COLONEL MOLL (16) MAT","adr_etab_2":null,"adr_etab_3":null,"adr_etab_4":null,"type_etabl":"Maternelle","geo_point_2d":{"lon":2.289909442488115,"lat":48.87775578005383},"st_area_shape":293817.25658717524,"st_perimeter_shape":13921.309171701856}},{"type":"Feature","geometry":{"coordinates":[[[2.313189,48.89246],[2.313719,48.892178],[2.312881,48.891839],[2.3166,48.889788],[2.314242,48.887415],[2.312924,48.887731],[2.312952,48.889278],[2.308352,48.892175],[2.311499,48.893345],[2.313189,48.89246]]],"type":"Polygon"},"properties":{"id_projet":"MATERNELLES (année scolaire 2026/2027)","libelle":"MSTISLAV ROSTROPOVITCH 56 MAT","annee_scol":"2026-2027","zone_commune":0,"etiquette":"Secteur de l'école 56 M. ROSTROPOVITCH (56) MAT","lib_etab_1":"M. ROSTROPOVITCH (56) MAT","lib_etab_2":null,"lib_etab_3":null,"lib_etab_4":null,"adr_etab_1":"56 M. ROSTROPOVITCH (56) MAT","adr_etab_2":null,"adr_etab_3":null,"adr_etab_4":null,"type_etabl":"Maternelle","geo_point_2d":{"lon":2.3128079474723586,"lat":48.89055454572809},"st_area_shape":159627.63975604446,"st_perimeter_shape":2009.9431656773045}},{"type":"Feature","geometry":{"coordinates":[[[[2.288008,48.882515],[2.289092,48.881534],[2.286841,48.880516],[2.286054,48.880894],[2.286732,48.880817],[2.286286,48.881009],[2.287272,48.881839],[2.286898,48.88212],[2.287401,48.882341],[2.28713,48.882539],[2.287627,48.882859],[2.288008,48.882515]],[[2.287382,48.882377],[2.287653,48.882173],[2.287287,48.881934],[2.287836,48.88146],[2.287372,48.881922],[2.287685,48.882151],[2.288385,48.881782],[2.287382,48.882377]]],[[[2.295623,48.882645],[2.295619,48.882644],[2.295579,48.882681],[2.295582,48.882682],[2.295583,48.882681],[2.295623,48.882645]]],[[[2.290881,48.884973],[2.290801,48.884076],[2.289608,48.884132],[2.290777,48.884555],[2.290881,48.884973]]],[[[2.291826,48.882295],[2.291289,48.88261],[2.292048,48.882996],[2.292422,48.882617],[2.291826,48.882295]]],[[[2.292768,48.882805],[2.292179,48.883091],[2.29299,48.883505],[2.293366,48.883129],[2.292768,48.882805]]],[[[2.289754,48.882848],[2.289312,48.88269],[2.288365,48.883384],[2.288776,48.883619],[2.289754,48.882848]]],[[[2.290765,48.883476],[2.290669,48.883077],[2.289549,48.884003],[2.290743,48.88394],[2.290765,48.883476]]],[[[2.288659,48.882989],[2.289175,48.882628],[2.288665,48.882298],[2.2877,48.882976],[2.288237,48.883294],[2.288659,48.882989]]],[[[2.290322,48.883141],[2.289895,48.882982],[2.288897,48.883694],[2.289385,48.883994],[2.290322,48.883141]]],[[[2.296609,48.884518],[2.29355,48.883072],[2.296494,48.884694],[2.296609,48.884518]]],[[[2.291664,48.884579],[2.292456,48.883921],[2.290964,48.884062],[2.291029,48.885025],[2.291664,48.884579]]],[[[2.295268,48.884158],[2.294984,48.884046],[2.294524,48.884422],[2.295725,48.884988],[2.296422,48.884909],[2.295268,48.884158]]],[[[2.29465,48.884129],[2.294874,48.883946],[2.293515,48.88321],[2.293012,48.883655],[2.294367,48.884347],[2.29465,48.884129]]],[[[2.292169,48.885121],[2.293478,48.884038],[2.292866,48.883773],[2.291137,48.88513],[2.29173,48.885474],[2.292169,48.885121]]],[[[2.291353,48.882783],[2.290866,48.882914],[2.291001,48.883921],[2.29286,48.883624],[2.291353,48.882783]]],[[[2.290794,48.882814],[2.291571,48.882161],[2.290678,48.882161],[2.289998,48.881778],[2.289719,48.881169],[2.28863,48.882134],[2.290468,48.883106],[2.290794,48.882814]]]],"type":"MultiPolygon"},"properties":{"id_projet":"MATERNELLES (année scolaire 2026/2027)","libelle":"BAYEN (56) MAT","annee_scol":"2026-2027","zone_commune":0,"etiquette":"Secteur de l'école 56 BAYEN (56) MAT","lib_etab_1":"BAYEN (56) MAT","lib_etab_2":null,"lib_etab_3":null,"lib_etab_4":null,"adr_etab_1":"56 BAYEN (56) MAT","adr_etab_2":null,"adr_etab_3":null,"adr_etab_4":null,"type_etabl":"Maternelle","geo_point_2d":{"lon":2.2908586572550265,"lat":48.88310663529704},"st_area_shape":121025.74636200705,"st_perimeter_shape":6876.593604936237}},{"type":"Feature","geometry":{"coordinates":[[[[2.322017,48.885365],[2.323348,48.884258],[2.322489,48.884078],[2.320902,48.88503],[2.321639,48.885695],[2.322017,48.885365]]],[[[2.322893,48.88594],[2.323743,48.885391],[2.322858,48.884888],[2.321742,48.885756],[2.322372,48.886329],[2.322893,48.88594]]],[[[2.32402,48.885186],[2.324676,48.884781],[2.324051,48.884373],[2.323522,48.884288],[2.322867,48.884819],[2.323809,48.885346],[2.32402,48.885186]]],[[[2.324502,48.883868],[2.3234,48.883537],[2.322613,48.883996],[2.324433,48.884523],[2.324502,48.883868]]],[[[2.32087,48.885812],[2.321571,48.885753],[2.320803,48.88509],[2.320867,48.885369],[2.319979,48.885689],[2.320728,48.886204],[2.32087,48.885812]]],[[[2.321928,48.886552],[2.322302,48.886382],[2.321628,48.885828],[2.321696,48.886144],[2.321101,48.886574],[2.321403,48.886911],[2.321928,48.886552]]],[[[2.324586,48.883433],[2.325234,48.883274],[2.324192,48.883064],[2.32394,48.883574],[2.324928,48.883774],[2.324586,48.883433]]],[[[2.32142,48.883855],[2.320963,48.884106],[2.321313,48.884355],[2.321948,48.883994],[2.32142,48.883855]]],[[[2.323536,48.882931],[2.323233,48.882922],[2.322913,48.883609],[2.323883,48.883042],[2.323536,48.882931]]],[[[2.32409,48.883125],[2.32351,48.883484],[2.323876,48.883561],[2.32409,48.883125]]],[[[2.320324,48.886055],[2.32022,48.885984],[2.32012,48.885915],[2.319974,48.885814],[2.319843,48.885724],[2.319789,48.885801],[2.319814,48.88582],[2.319861,48.885856],[2.319891,48.885879],[2.319883,48.885884],[2.319914,48.885906],[2.31999,48.885961],[2.32001,48.885975],[2.320024,48.885987],[2.320088,48.886039],[2.3201,48.886048],[2.32011,48.886043],[2.320128,48.886034],[2.320142,48.886048],[2.320158,48.886063],[2.320323,48.886061],[2.320324,48.886055]]],[[[2.320656,48.886286],[2.320508,48.886182],[2.320473,48.886205],[2.320507,48.886231],[2.320505,48.886232],[2.320462,48.886253],[2.320457,48.886256],[2.320452,48.886258],[2.320422,48.886273],[2.320428,48.886278],[2.320454,48.886298],[2.320455,48.886298],[2.320656,48.886286]]]],"type":"MultiPolygon"},"properties":{"id_projet":"MATERNELLES (année scolaire 2020/2021)","libelle":"TRUFFAUT (15) POLY","annee_scol":"2020-2021","zone_commune":0,"etiquette":"Secteur de l'école 15 RUE TRUFFAUT","lib_etab_1":"TRUFFAUT (15) POLY","lib_etab_2":null,"lib_etab_3":null,"lib_etab_4":null,"adr_etab_1":"15 RUE TRUFFAUT","adr_etab_2":null,"adr_etab_3":null,"adr_etab_4":null,"type_etabl":null,"geo_point_2d":{"lon":2.3226684969788245,"lat":48.884843825409014},"st_area_shape":60939.87532267597,"st_perimeter_shape":3657.600974767783}},{"type":"Feature","geometry":{"coordinates":[[[[2.318836,48.891233],[2.319966,48.890555],[2.31865,48.889573],[2.317351,48.890246],[2.31826,48.891237],[2.318836,48.891233]]],[[[2.316605,48.886595],[2.315107,48.88767],[2.315726,48.888322],[2.317502,48.887334],[2.316605,48.886595]]],[[[2.320236,48.888691],[2.319661,48.889017],[2.320719,48.890119],[2.321535,48.889675],[2.320236,48.888691]]],[[[2.317978,48.88907],[2.316873,48.889647],[2.317227,48.890149],[2.3185,48.889491],[2.317978,48.88907]]],[[[2.317251,48.888529],[2.316233,48.889107],[2.316706,48.889603],[2.317797,48.888966],[2.317251,48.888529]]],[[[2.32032,48.886082],[2.3198,48.885694],[2.318574,48.886623],[2.318882,48.886779],[2.32032,48.886082]]],[[[2.319783,48.887629],[2.319348,48.887243],[2.318484,48.88779],[2.318984,48.888273],[2.319783,48.887629]]],[[[2.320062,48.887164],[2.320915,48.886848],[2.321696,48.886144],[2.321628,48.885828],[2.319512,48.887144],[2.320062,48.887164]]],[[[2.318811,48.887423],[2.319244,48.887158],[2.318458,48.886697],[2.317809,48.887085],[2.318364,48.887664],[2.318811,48.887423]]],[[[2.32028,48.888249],[2.319832,48.888115],[2.320196,48.88771],[2.319063,48.888394],[2.319586,48.888901],[2.32028,48.888249]]],[[[2.318366,48.887867],[2.317453,48.888408],[2.318045,48.888821],[2.318816,48.888371],[2.318366,48.887867]]],[[[2.318942,48.888469],[2.318151,48.888929],[2.318754,48.889353],[2.319416,48.888997],[2.318942,48.888469]]],[[[2.317912,48.887393],[2.316885,48.887983],[2.317347,48.8883],[2.31824,48.887769],[2.317912,48.887393]]],[[[2.31683,48.888608],[2.317104,48.888419],[2.316684,48.888105],[2.315804,48.888657],[2.31617,48.889001],[2.31683,48.888608]]],[[[2.319563,48.886961],[2.320658,48.886288],[2.320407,48.886138],[2.318979,48.88683],[2.319563,48.886961]]],[[[2.320011,48.889584],[2.319459,48.889905],[2.320212,48.890439],[2.320596,48.890193],[2.320011,48.889584]]],[[[2.319538,48.889093],[2.318863,48.889459],[2.319331,48.889808],[2.319903,48.889476],[2.319538,48.889093]]],[[[2.321615,48.889072],[2.320687,48.888891],[2.321631,48.889583],[2.321615,48.889072]]],[[[2.31745,48.886109],[2.316751,48.886461],[2.317001,48.886566],[2.31745,48.886109]]],[[[2.321325,48.885866],[2.32087,48.885812],[2.320728,48.886204],[2.321325,48.885866]]],[[[2.31772,48.887021],[2.318287,48.886681],[2.31804,48.886532],[2.317503,48.886858],[2.31772,48.887021]]],[[[2.3204,48.885443],[2.320443,48.885418],[2.320456,48.88543],[2.320556,48.885522],[2.320702,48.88545],[2.320713,48.885445],[2.32075,48.885427],[2.320829,48.885388],[2.320867,48.885369],[2.320847,48.885353],[2.320798,48.885313],[2.32074,48.885266],[2.320808,48.885222],[2.320821,48.885216],[2.320728,48.885135],[2.320644,48.885186],[2.320477,48.885286],[2.32036,48.885356],[2.320185,48.885461],[2.320018,48.885562],[2.319899,48.885633],[2.319976,48.885691],[2.319979,48.885689],[2.320061,48.885641],[2.320097,48.88562],[2.320185,48.885569],[2.320256,48.885527],[2.32027,48.885519],[2.320302,48.8855],[2.320383,48.885453],[2.320394,48.885446],[2.3204,48.885443]]],[[[2.317864,48.886351],[2.317757,48.886288],[2.317716,48.886288],[2.317568,48.886376],[2.31742,48.886464],[2.317311,48.886528],[2.317137,48.886631],[2.317139,48.886658],[2.31728,48.88673],[2.317446,48.88663],[2.317562,48.88656],[2.317705,48.886474],[2.317865,48.886377],[2.317864,48.886351]]],[[[2.320575,48.888797],[2.32066,48.88862],[2.320578,48.888668],[2.320535,48.888637],[2.320509,48.888617],[2.320337,48.888636],[2.320469,48.888733],[2.320556,48.888797],[2.320575,48.888797]]]],"type":"MultiPolygon"},"properties":{"id_projet":"MATERNELLES (année scolaire 2021/2022)","libelle":"BROCHANT (28) MAT","annee_scol":"2021-2022","zone_commune":0,"etiquette":"Secteur de l'école 28 RUE BROCHANT","lib_etab_1":"BROCHANT (28) MAT","lib_etab_2":null,"lib_etab_3":null,"lib_etab_4":null,"adr_etab_1":"28 RUE BROCHANT","adr_etab_2":null,"adr_etab_3":null,"adr_etab_4":null,"type_etabl":"Maternelle","geo_point_2d":{"lon":2.3185679226546307,"lat":48.88843722252992},"st_area_shape":130820.91856148903,"st_perimeter_shape":7387.997636964675}},{"type":"Feature","geometry":{"coordinates":[[[[2.323063,48.888795],[2.323464,48.888547],[2.322685,48.888007],[2.3219,48.888342],[2.322613,48.887972],[2.322126,48.887587],[2.321175,48.888114],[2.322662,48.889002],[2.323063,48.888795]]],[[[2.321358,48.887889],[2.32212,48.887443],[2.321588,48.887327],[2.322401,48.887007],[2.322368,48.88644],[2.320314,48.88764],[2.321037,48.888054],[2.321358,48.887889]]],[[[2.32234,48.888957],[2.321466,48.888447],[2.320683,48.888889],[2.321379,48.888896],[2.321727,48.889156],[2.32164,48.88959],[2.322535,48.889099],[2.32234,48.888957]]],[[[2.320302,48.887504],[2.32133,48.886743],[2.321101,48.886574],[2.320795,48.886918],[2.319513,48.887171],[2.320302,48.887504]]],[[[2.320891,48.888139],[2.320239,48.887735],[2.319832,48.888115],[2.320277,48.8882],[2.32023,48.888525],[2.320891,48.888139]]],[[[2.320948,48.888634],[2.321349,48.888396],[2.321022,48.888205],[2.320315,48.88862],[2.320948,48.888634]]],[[[2.319903,48.887541],[2.31977,48.887464],[2.31962,48.887377],[2.319411,48.887256],[2.319364,48.887358],[2.319414,48.887394],[2.31943,48.887406],[2.319432,48.887407],[2.319446,48.887418],[2.319479,48.887443],[2.319481,48.887441],[2.319535,48.887416],[2.319562,48.887443],[2.319618,48.887501],[2.319643,48.887527],[2.319661,48.887518],[2.319783,48.887629],[2.319781,48.88763],[2.320045,48.887654],[2.320048,48.887652],[2.320048,48.887625],[2.319903,48.887541]]]],"type":"MultiPolygon"},"properties":{"id_projet":"MATERNELLES (année scolaire 2021/2022)","libelle":"LECOMTE (6) POLY","annee_scol":"2021-2022","zone_commune":0,"etiquette":"Secteur de l'école 6 RUE LECOMTE","lib_etab_1":"LECOMTE (6) POLY","lib_etab_2":null,"lib_etab_3":null,"lib_etab_4":null,"adr_etab_1":"6 RUE LECOMTE","adr_etab_2":null,"adr_etab_3":null,"adr_etab_4":null,"type_etabl":"Maternelle","geo_point_2d":{"lon":2.3214990714241117,"lat":48.88799472669927},"st_area_shape":39356.785510641676,"st_perimeter_shape":2742.0573600614307}},{"type":"Feature","geometry":{"coordinates":[[[[2.306838,48.885315],[2.303699,48.88537],[2.304939,48.88687],[2.306838,48.885315]]],[[[2.305751,48.884485],[2.304943,48.884078],[2.303618,48.885114],[2.306656,48.885098],[2.305751,48.884485]]],[[[2.308313,48.880475],[2.304971,48.879715],[2.30473,48.880023],[2.306427,48.880448],[2.306904,48.88069],[2.306845,48.881088],[2.308313,48.880475]]],[[[2.307347,48.883128],[2.307965,48.882938],[2.30568,48.881831],[2.304782,48.882179],[2.307347,48.883128]]],[[[2.308882,48.880651],[2.306587,48.881458],[2.307668,48.882012],[2.308882,48.880651]]],[[[2.30774,48.884577],[2.308465,48.883954],[2.307393,48.883436],[2.306133,48.883668],[2.30774,48.884577]]],[[[2.303006,48.882962],[2.302198,48.883307],[2.302714,48.884017],[2.304357,48.883762],[2.303006,48.882962]]],[[[2.312842,48.881048],[2.312363,48.881254],[2.31343,48.881836],[2.315225,48.881362],[2.312842,48.881048]]],[[[2.306567,48.88159],[2.305842,48.881776],[2.308226,48.882928],[2.308794,48.882821],[2.306567,48.88159]]],[[[2.306077,48.883809],[2.305153,48.883918],[2.307138,48.885019],[2.307601,48.884691],[2.306077,48.883809]]],[[[2.304763,48.883492],[2.305781,48.883435],[2.304937,48.882915],[2.305375,48.882501],[2.304519,48.88229],[2.304558,48.883588],[2.304763,48.883492]]],[[[2.309446,48.88125],[2.309158,48.880997],[2.309111,48.882684],[2.310214,48.882162],[2.309446,48.88125]]],[[[2.311256,48.880857],[2.30992,48.880738],[2.31122,48.881696],[2.312069,48.881034],[2.311256,48.880857]]],[[[2.30894,48.880992],[2.307795,48.882081],[2.308821,48.882651],[2.30894,48.880992]]],[[[2.310387,48.882107],[2.311001,48.881803],[2.309297,48.880718],[2.310387,48.882107]]],[[[2.313222,48.881839],[2.312279,48.881324],[2.311538,48.881899],[2.311835,48.882175],[2.313222,48.881839]],[[2.312267,48.881766],[2.312382,48.881676],[2.312424,48.881699],[2.312334,48.881768],[2.31226,48.881825],[2.312217,48.881806],[2.312267,48.881766]]],[[[2.306025,48.883408],[2.306935,48.88319],[2.305567,48.882554],[2.305223,48.882847],[2.306025,48.883408]]],[[[2.309138,48.883248],[2.307676,48.88341],[2.308609,48.883867],[2.309138,48.883248]]],[[[2.304649,48.884029],[2.30302,48.884437],[2.303453,48.884953],[2.304649,48.884029]]],[[[2.304213,48.882466],[2.303256,48.88286],[2.30433,48.883407],[2.304213,48.882466]]],[[[2.307474,48.885407],[2.306663,48.885915],[2.307186,48.886179],[2.307878,48.885597],[2.307474,48.885407]]],[[[2.30833,48.884851],[2.308069,48.884737],[2.307538,48.885227],[2.30803,48.885363],[2.30833,48.884851]]],[[[2.305596,48.881623],[2.306632,48.881161],[2.30611,48.880901],[2.305384,48.881531],[2.305596,48.881623]]],[[[2.308908,48.885371],[2.309296,48.885103],[2.308807,48.884861],[2.308186,48.885405],[2.308908,48.885371]]],[[[2.308123,48.885782],[2.307463,48.886095],[2.307891,48.886319],[2.308123,48.885782]]],[[[2.30588,48.880925],[2.305547,48.880841],[2.305161,48.881447],[2.30588,48.880925]]],[[[2.305166,48.881805],[2.304816,48.881654],[2.30438,48.881955],[2.305166,48.881805]]],[[[2.304761,48.879758],[2.304802,48.879699],[2.304785,48.879675],[2.304768,48.879671],[2.304655,48.879647],[2.304614,48.879723],[2.304614,48.879723],[2.304601,48.879741],[2.304569,48.879787],[2.304556,48.879806],[2.304535,48.879834],[2.304523,48.879851],[2.304477,48.879916],[2.304582,48.879969],[2.304621,48.879963],[2.304761,48.879758]]]],"type":"MultiPolygon"},"properties":{"id_projet":"MATERNELLES (année scolaire 2022/2023)","libelle":"AMPERE (18) MAT","annee_scol":"2022-2023","zone_commune":0,"etiquette":"Secteur de l'école 18 RUE AMPERE","lib_etab_1":"AMPERE (18) MAT","lib_etab_2":null,"lib_etab_3":null,"lib_etab_4":null,"adr_etab_1":"18 RUE AMPERE","adr_etab_2":null,"adr_etab_3":null,"adr_etab_4":null,"type_etabl":"Maternelle","geo_point_2d":{"lon":2.307140204885888,"lat":48.88304259270081},"st_area_shape":207091.41946055047,"st_perimeter_shape":10848.783932417498}},{"type":"Feature","geometry":{"coordinates":[[[[2.326342,48.895571],[2.3262,48.895039],[2.325247,48.895333],[2.324957,48.894776],[2.32425,48.894863],[2.323372,48.893776],[2.322847,48.893637],[2.324113,48.895236],[2.324463,48.895222],[2.324183,48.895325],[2.324528,48.895761],[2.326342,48.895571]]],[[[2.322865,48.897177],[2.322171,48.896307],[2.32163,48.896487],[2.322142,48.89624],[2.321881,48.895934],[2.318603,48.895354],[2.320259,48.896029],[2.320659,48.895862],[2.321416,48.896837],[2.321808,48.896714],[2.322178,48.897181],[2.322865,48.897177]]],[[[2.322834,48.895798],[2.321429,48.894041],[2.321164,48.894244],[2.321542,48.894659],[2.320754,48.894285],[2.321884,48.895681],[2.322096,48.895401],[2.322834,48.895798]]],[[[2.32309,48.894175],[2.322679,48.893655],[2.322604,48.894052],[2.322269,48.893802],[2.323736,48.895776],[2.324257,48.895783],[2.32309,48.894175]]],[[[2.321658,48.895657],[2.321438,48.89538],[2.320181,48.895352],[2.31975,48.894616],[2.319352,48.89492],[2.319479,48.895267],[2.318178,48.89489],[2.31994,48.895549],[2.321658,48.895657]]],[[[2.323967,48.897156],[2.323036,48.896],[2.322582,48.896157],[2.323058,48.896754],[2.322328,48.89625],[2.323157,48.897286],[2.323967,48.897156]]],[[[2.323548,48.895765],[2.322509,48.894366],[2.322012,48.894519],[2.322983,48.895729],[2.323548,48.895765]]],[[[2.320934,48.894743],[2.32061,48.894335],[2.319948,48.894538],[2.320596,48.895237],[2.321176,48.895046],[2.320934,48.894743]]],[[[2.323896,48.896576],[2.324717,48.896325],[2.323254,48.896059],[2.323896,48.896576]]],[[[2.324992,48.89643],[2.32379,48.896715],[2.324234,48.897255],[2.324992,48.89643]]],[[[2.323857,48.897694],[2.323456,48.897751],[2.323617,48.898652],[2.323857,48.897694]]],[[[2.32482,48.897356],[2.325641,48.897143],[2.325076,48.896665],[2.324498,48.897254],[2.32482,48.897356]]],[[[2.325255,48.896316],[2.326486,48.895791],[2.324871,48.895945],[2.325255,48.896316]]],[[[2.32241,48.894235],[2.322109,48.893831],[2.321554,48.894003],[2.321885,48.894388],[2.32241,48.894235]]],[[[2.322747,48.89605],[2.322059,48.89593],[2.322273,48.896199],[2.322747,48.89605]]],[[[2.321031,48.895488],[2.321387,48.895341],[2.320685,48.895358],[2.321031,48.895488]]],[[[2.325943,48.8971],[2.325413,48.896463],[2.325349,48.896499],[2.325344,48.896523],[2.325401,48.896582],[2.325529,48.896715],[2.32549,48.896732],[2.325833,48.897088],[2.32594,48.897102],[2.325943,48.8971]]],[[[2.32413,48.898323],[2.324097,48.89832],[2.324077,48.898409],[2.324046,48.898549],[2.324004,48.898742],[2.324067,48.898792],[2.324165,48.898755],[2.3242,48.898453],[2.32413,48.898323]]],[[[2.324323,48.897838],[2.324274,48.897734],[2.32422,48.897763],[2.324206,48.89783],[2.324186,48.897918],[2.324149,48.898085],[2.324159,48.898105],[2.324253,48.898088],[2.324323,48.897838]]]],"type":"MultiPolygon"},"properties":{"id_projet":"MATERNELLES (année scolaire 2021/2022)","libelle":"EPINETTES (44) MAT","annee_scol":"2021-2022","zone_commune":0,"etiquette":"Secteur de l'école 44 RUE DES EPINETTES","lib_etab_1":"EPINETTES (44) MAT","lib_etab_2":null,"lib_etab_3":null,"lib_etab_4":null,"adr_etab_1":"44 RUE DES EPINETTES","adr_etab_2":null,"adr_etab_3":null,"adr_etab_4":null,"type_etabl":"Maternelle","geo_point_2d":{"lon":2.3228259438514027,"lat":48.895698731900595},"st_area_shape":96510.53058281452,"st_perimeter_shape":7647.245373821852}},{"type":"Feature","geometry":{"coordinates":[[[[2.311288,48.890234],[2.312952,48.889278],[2.312924,48.887731],[2.310058,48.887889],[2.305226,48.887321],[2.305164,48.887555],[2.310878,48.888077],[2.30899,48.888806],[2.309432,48.88869],[2.311288,48.890234]]],[[[2.302051,48.887226],[2.302381,48.888035],[2.304054,48.88886],[2.304317,48.887617],[2.302051,48.887226]]],[[[2.308062,48.887002],[2.306558,48.886003],[2.305621,48.886741],[2.3064,48.88731],[2.307403,48.887435],[2.308062,48.887002]]],[[[2.308934,48.888624],[2.310153,48.88823],[2.307094,48.887931],[2.306605,48.888298],[2.306947,48.888569],[2.3065,48.888379],[2.307593,48.889073],[2.308934,48.888624]]],[[[2.299629,48.889604],[2.299799,48.889289],[2.300412,48.88932],[2.301009,48.88888],[2.299587,48.888264],[2.298165,48.888815],[2.299629,48.889604]]],[[[2.302834,48.888899],[2.301543,48.88722],[2.300958,48.887192],[2.302219,48.889007],[2.303686,48.889711],[2.302834,48.888899]]],[[[2.306582,48.887872],[2.304443,48.888949],[2.304173,48.889848],[2.306582,48.887872]]],[[[2.301828,48.886748],[2.299493,48.885971],[2.299276,48.886153],[2.302251,48.887109],[2.304212,48.887441],[2.304275,48.887207],[2.301828,48.886748]]],[[[2.310205,48.887351],[2.311273,48.887689],[2.309214,48.886371],[2.308767,48.886678],[2.310348,48.887749],[2.310724,48.887733],[2.310205,48.887351]]],[[[2.301606,48.888452],[2.300821,48.887359],[2.30002,48.887927],[2.301788,48.888806],[2.301606,48.888452]]],[[[2.31195,48.887269],[2.31138,48.886937],[2.310893,48.887124],[2.309564,48.886083],[2.30927,48.886306],[2.311346,48.887645],[2.31195,48.887269]]],[[[2.305209,48.887715],[2.304804,48.887742],[2.304508,48.888734],[2.306113,48.887843],[2.305209,48.887715]]],[[[2.308743,48.886491],[2.309359,48.886018],[2.307294,48.886239],[2.308309,48.886789],[2.308743,48.886491]]],[[[2.312774,48.887084],[2.311499,48.887699],[2.313528,48.887394],[2.312774,48.887084]]],[[[2.310028,48.88769],[2.308662,48.886787],[2.308294,48.887032],[2.309206,48.887657],[2.310028,48.88769]]],[[[2.297903,48.888945],[2.2997,48.890093],[2.300024,48.889948],[2.297903,48.888945]]],[[[2.302968,48.888514],[2.302649,48.888437],[2.302968,48.888802],[2.30389,48.889406],[2.303966,48.889035],[2.302968,48.888514]]],[[[2.308842,48.887606],[2.308189,48.887142],[2.307736,48.887452],[2.308842,48.887606]]],[[[2.305661,48.886925],[2.305269,48.887171],[2.30613,48.88725],[2.305661,48.886925]]],[[[2.300599,48.887048],[2.300402,48.886774],[2.300147,48.886902],[2.300599,48.887048]]]],"type":"MultiPolygon"},"properties":{"id_projet":"MATERNELLES (année scolaire 2022/2023)","libelle":"TAPISSERIES (8) MAT","annee_scol":"2022-2023","zone_commune":0,"etiquette":"Secteur de l'école 8 RUE DES TAPISSERIES","lib_etab_1":"TAPISSERIES (8) MAT","lib_etab_2":null,"lib_etab_3":null,"lib_etab_4":null,"adr_etab_1":"8 RUE DES TAPISSERIES","adr_etab_2":null,"adr_etab_3":null,"adr_etab_4":null,"type_etabl":"Maternelle","geo_point_2d":{"lon":2.3065270797977053,"lat":48.888067637782406},"st_area_shape":212254.5385270823,"st_perimeter_shape":10774.371079346754}},{"type":"Feature","geometry":{"coordinates":[[[[2.29246,48.878884],[2.294002,48.87853],[2.29402,48.878306],[2.292248,48.877188],[2.29164,48.87809],[2.292164,48.8781],[2.291941,48.878843],[2.291709,48.878667],[2.291973,48.878258],[2.291616,48.878129],[2.291059,48.879007],[2.29246,48.878884]]],[[[2.290071,48.877819],[2.290933,48.876646],[2.290478,48.876505],[2.289422,48.877589],[2.289843,48.87697],[2.289105,48.876151],[2.288324,48.877742],[2.28921,48.878295],[2.289834,48.87778],[2.289284,48.878354],[2.289563,48.878459],[2.290071,48.877819]]],[[[2.288825,48.878304],[2.28808,48.878238],[2.287714,48.879046],[2.289317,48.879607],[2.290849,48.879113],[2.288825,48.878304]]],[[[2.291984,48.876916],[2.2924,48.87642],[2.291328,48.875324],[2.289408,48.875919],[2.291984,48.876916]]],[[[2.297239,48.877182],[2.296679,48.876462],[2.295209,48.877551],[2.295669,48.878147],[2.297598,48.877707],[2.297239,48.877182]]],[[[2.287773,48.878431],[2.287702,48.878019],[2.285052,48.878033],[2.287275,48.879331],[2.287773,48.878431]]],[[[2.286559,48.880242],[2.286318,48.879322],[2.284409,48.878255],[2.285227,48.880122],[2.286559,48.880242]]],[[[2.293186,48.874737],[2.291512,48.875271],[2.292526,48.876272],[2.293596,48.875005],[2.293186,48.874737]]],[[[2.285685,48.877116],[2.284451,48.877495],[2.284863,48.877883],[2.287717,48.877885],[2.285685,48.877116]]],[[[2.290899,48.878902],[2.291408,48.878089],[2.290355,48.877707],[2.28969,48.878505],[2.290899,48.878902]]],[[[2.293325,48.877417],[2.293939,48.876292],[2.293551,48.875845],[2.292429,48.877128],[2.293325,48.877417]]],[[[2.291861,48.877511],[2.292087,48.877109],[2.291606,48.876922],[2.291098,48.877406],[2.291575,48.876899],[2.291135,48.876724],[2.290455,48.877576],[2.291572,48.877968],[2.291861,48.877511]]],[[[2.28732,48.876604],[2.285882,48.877066],[2.287799,48.877792],[2.28732,48.876604]]],[[[2.288747,48.876435],[2.288845,48.876097],[2.287462,48.876558],[2.288054,48.877703],[2.288747,48.876435]]],[[[2.29488,48.877129],[2.29634,48.875946],[2.296048,48.875537],[2.294812,48.876555],[2.29488,48.877129]]],[[[2.288287,48.880013],[2.284227,48.877836],[2.287978,48.880084],[2.288287,48.880013]]],[[[2.294168,48.876544],[2.294012,48.876416],[2.293322,48.877678],[2.29375,48.877982],[2.294123,48.877728],[2.294168,48.876544]]],[[[2.296643,48.876359],[2.296389,48.876047],[2.294933,48.87723],[2.295167,48.877451],[2.296643,48.876359]]],[[[2.294109,48.875203],[2.293607,48.875731],[2.294329,48.876496],[2.294534,48.875293],[2.294109,48.875203]]],[[[2.295964,48.875424],[2.29502,48.875329],[2.294851,48.876332],[2.295964,48.875424]]],[[[2.287811,48.879203],[2.287522,48.879465],[2.288226,48.879844],[2.289038,48.879671],[2.287811,48.879203]]],[[[2.295111,48.877625],[2.294586,48.87792],[2.294499,48.878391],[2.295516,48.878181],[2.295111,48.877625]]],[[[2.287501,48.880026],[2.2865,48.879463],[2.286778,48.880173],[2.287501,48.880026]]],[[[2.289887,48.876237],[2.289346,48.876071],[2.289926,48.876787],[2.290312,48.876426],[2.289887,48.876237]]],[[[2.295175,48.875219],[2.29576,48.875142],[2.295519,48.874814],[2.295101,48.874861],[2.295175,48.875219]]],[[[2.285354,48.88025],[2.285337,48.880524],[2.286122,48.880343],[2.285354,48.88025]]],[[[2.293653,48.874895],[2.293948,48.874589],[2.293319,48.874673],[2.293653,48.874895]]],[[[2.294554,48.875187],[2.294412,48.874779],[2.294159,48.875077],[2.294554,48.875187]]],[[[2.294888,48.877353],[2.294606,48.87777],[2.295029,48.87755],[2.294888,48.877353]]],[[[2.294113,48.877782],[2.293782,48.878005],[2.294051,48.878157],[2.294113,48.877782]]]],"type":"MultiPolygon"},"properties":{"id_projet":"MATERNELLES (année scolaire 2022/2023)","libelle":"COLONEL MOLL (16) MAT","annee_scol":"2022-2023","zone_commune":0,"etiquette":"Secteur de l'école 16 RUE DU COLONEL MOLL","lib_etab_1":"COLONEL MOLL (16) MAT","lib_etab_2":null,"lib_etab_3":null,"lib_etab_4":null,"adr_etab_1":"16 RUE DU COLONEL MOLL","adr_etab_2":null,"adr_etab_3":null,"adr_etab_4":null,"type_etabl":"Maternelle","geo_point_2d":{"lon":2.2906180356992376,"lat":48.877560893169296},"st_area_shape":263692.35155292175,"st_perimeter_shape":12781.499611984456}},{"type":"Feature","geometry":{"coordinates":[[[[2.325811,48.891684],[2.325154,48.891099],[2.322772,48.891859],[2.323581,48.892086],[2.32486,48.89167],[2.323844,48.892125],[2.324726,48.892333],[2.326015,48.891913],[2.325811,48.891684]]],[[[2.324575,48.891175],[2.324025,48.891169],[2.321889,48.889763],[2.323841,48.8914],[2.324575,48.891175]]],[[[2.321771,48.889825],[2.321388,48.89005],[2.323037,48.891656],[2.323703,48.891462],[2.321771,48.889825]]],[[[2.326495,48.890695],[2.325345,48.89106],[2.326227,48.891864],[2.326794,48.891582],[2.326495,48.890695]]],[[[2.321289,48.890111],[2.320905,48.890327],[2.322159,48.891855],[2.322901,48.891719],[2.321289,48.890111]]],[[[2.326896,48.89189],[2.326382,48.891986],[2.327166,48.892692],[2.326896,48.89189]]],[[[2.326154,48.892007],[2.325001,48.892392],[2.326928,48.892809],[2.326154,48.892007]]],[[[2.325802,48.893039],[2.327077,48.893029],[2.324975,48.892576],[2.325317,48.89323],[2.325802,48.893039]]],[[[2.322931,48.893407],[2.323276,48.893408],[2.322093,48.891965],[2.321359,48.891797],[2.322931,48.893407]]],[[[2.32364,48.893212],[2.324363,48.892593],[2.324827,48.893377],[2.325241,48.893398],[2.324729,48.892523],[2.322296,48.892023],[2.323454,48.893436],[2.32364,48.893212]]]],"type":"MultiPolygon"},"properties":{"id_projet":"MATERNELLES (année scolaire 2023/2024)","libelle":"CAPITAINE LAGACHE (21) MAT","annee_scol":"2023-2024","zone_commune":0,"etiquette":"Secteur de l'école 21 RUE DU CAPITAINE LAGACHE","lib_etab_1":"CAPITAINE LAGACHE (21) MAT","lib_etab_2":null,"lib_etab_3":null,"lib_etab_4":null,"adr_etab_1":"21 RUE DU CAPITAINE LAGACHE","adr_etab_2":null,"adr_etab_3":null,"adr_etab_4":null,"type_etabl":"Maternelle","geo_point_2d":{"lon":2.3239738256040314,"lat":48.89175963115857},"st_area_shape":81844.05146746423,"st_perimeter_shape":5015.206308394677}},{"type":"Feature","geometry":{"coordinates":[[[[2.286004,48.884038],[2.283986,48.882742],[2.28355,48.882109],[2.283307,48.882266],[2.284216,48.883163],[2.283642,48.883484],[2.282795,48.882858],[2.282174,48.883575],[2.284435,48.88541],[2.286004,48.884038]]],[[[2.282523,48.879043],[2.282572,48.879037],[2.282622,48.87903],[2.282666,48.879023],[2.282711,48.879016],[2.282769,48.879005],[2.282828,48.878993],[2.282895,48.878978],[2.282945,48.878966],[2.283001,48.878952],[2.283066,48.878934],[2.283153,48.878907],[2.283252,48.878873],[2.283341,48.87884],[2.283412,48.87881],[2.283507,48.878767],[2.283566,48.878736],[2.283622,48.878706],[2.283679,48.878672],[2.283736,48.878638],[2.283782,48.878608],[2.283819,48.878583],[2.283853,48.878557],[2.283863,48.878551],[2.283865,48.878552],[2.283871,48.878548],[2.283868,48.878546],[2.283866,48.878545],[2.283843,48.878562],[2.283809,48.878586],[2.283797,48.87858],[2.283793,48.878583],[2.283804,48.878589],[2.28378,48.878606],[2.283747,48.878627],[2.283737,48.878621],[2.283732,48.878623],[2.283743,48.87863],[2.283723,48.878643],[2.283692,48.878662],[2.283669,48.878675],[2.283659,48.878668],[2.283655,48.878671],[2.283664,48.878678],[2.283638,48.878693],[2.283627,48.878686],[2.28354,48.878734],[2.283549,48.878741],[2.28352,48.878756],[2.283511,48.878749],[2.283506,48.878751],[2.283516,48.878759],[2.283495,48.878769],[2.283458,48.878786],[2.283434,48.878797],[2.283425,48.878789],[2.28342,48.878792],[2.283428,48.8788],[2.283399,48.878813],[2.283389,48.878804],[2.283292,48.878843],[2.2833,48.878852],[2.28327,48.878864],[2.283262,48.878855],[2.283162,48.87889],[2.283168,48.878899],[2.283137,48.878909],[2.283129,48.878901],[2.283026,48.878931],[2.283032,48.878941],[2.283,48.87895],[2.282994,48.878941],[2.282988,48.878943],[2.282993,48.878951],[2.282942,48.878964],[2.2829,48.878975],[2.282894,48.878966],[2.282889,48.878968],[2.282894,48.878976],[2.282858,48.878984],[2.282854,48.878974],[2.282779,48.878989],[2.282746,48.878996],[2.28275,48.879006],[2.282715,48.879013],[2.282711,48.879003],[2.282705,48.879004],[2.282708,48.879014],[2.282611,48.879028],[2.282608,48.879019],[2.282602,48.87902],[2.282604,48.87903],[2.282528,48.879039],[2.282525,48.87903],[2.282519,48.87903],[2.282522,48.87904],[2.28245,48.879047],[2.282436,48.879048],[2.282437,48.879053],[2.282445,48.879052],[2.282444,48.87905],[2.282476,48.879047],[2.282523,48.879043]]],[[[2.280526,48.879733],[2.28019,48.879689],[2.280385,48.880518],[2.280794,48.880552],[2.280526,48.879733]]],[[[2.28583,48.881058],[2.285755,48.880973],[2.285747,48.880974],[2.285687,48.880858],[2.285587,48.880844],[2.28567,48.880991],[2.285671,48.880993],[2.285679,48.881007],[2.285704,48.881051],[2.285723,48.881087],[2.285737,48.881096],[2.28583,48.881058]]],[[[2.280963,48.880685],[2.280412,48.880637],[2.280506,48.881066],[2.281063,48.880935],[2.280963,48.880685]]],[[[2.285215,48.880957],[2.284815,48.881208],[2.285547,48.881548],[2.285215,48.880957]]],[[[2.281292,48.881057],[2.280531,48.881174],[2.280626,48.881607],[2.281482,48.88141],[2.281292,48.881057]]],[[[2.283475,48.881427],[2.282977,48.881404],[2.28317,48.881771],[2.283475,48.881427]]],[[[2.286199,48.88166],[2.286187,48.881647],[2.286182,48.881649],[2.285987,48.881442],[2.285936,48.881464],[2.285953,48.881494],[2.285991,48.881561],[2.286058,48.88168],[2.286128,48.881803],[2.286198,48.881927],[2.286298,48.882105],[2.286357,48.882112],[2.286414,48.881876],[2.286412,48.881874],[2.286397,48.881859],[2.286395,48.881857],[2.286345,48.881806],[2.286313,48.881774],[2.286298,48.881759],[2.286248,48.881709],[2.286199,48.88166]]],[[[2.287401,48.882341],[2.286466,48.882234],[2.287486,48.882891],[2.28713,48.882539],[2.287401,48.882341]]],[[[2.284646,48.881475],[2.283811,48.881674],[2.284263,48.881905],[2.284195,48.882624],[2.284644,48.882903],[2.285092,48.881836],[2.284646,48.881475]]],[[[2.28806,48.883012],[2.28769,48.882985],[2.288195,48.883323],[2.28806,48.883012]]],[[[2.285683,48.882127],[2.285225,48.881943],[2.284902,48.882983],[2.28546,48.883411],[2.285907,48.882349],[2.285683,48.882127]]],[[[2.281863,48.881747],[2.280697,48.881924],[2.280908,48.882879],[2.281721,48.883511],[2.282513,48.882588],[2.281863,48.881747]]],[[[2.288751,48.88362],[2.288365,48.883384],[2.288367,48.883433],[2.288431,48.883474],[2.2886,48.883576],[2.288597,48.883578],[2.288667,48.883621],[2.288751,48.88362]]],[[[2.286458,48.882615],[2.28604,48.882457],[2.285717,48.883492],[2.286128,48.883825],[2.287147,48.883131],[2.286458,48.882615]]],[[[2.289385,48.883994],[2.288897,48.883694],[2.288899,48.883762],[2.288895,48.883765],[2.288956,48.883803],[2.28896,48.8838],[2.289206,48.883953],[2.289202,48.883956],[2.289263,48.883994],[2.289267,48.883991],[2.289284,48.884002],[2.289297,48.884001],[2.289384,48.883994],[2.289385,48.883994]]],[[[2.287916,48.883529],[2.287442,48.883321],[2.286568,48.884098],[2.286912,48.884312],[2.288655,48.884176],[2.287916,48.883529]]],[[[2.290759,48.884745],[2.290004,48.884117],[2.289529,48.884163],[2.290759,48.884745]]],[[[2.291637,48.885482],[2.291835,48.885328],[2.291128,48.885137],[2.291637,48.885482]]],[[[2.289033,48.884595],[2.288646,48.884357],[2.287289,48.884546],[2.288878,48.885535],[2.289033,48.884595]]],[[[2.289313,48.885807],[2.290541,48.885652],[2.290838,48.885353],[2.289496,48.884513],[2.289313,48.885807]]],[[[2.285721,48.884758],[2.284735,48.88564],[2.285657,48.886266],[2.287375,48.88605],[2.285721,48.884758]]],[[[2.286455,48.886531],[2.285979,48.886537],[2.286464,48.886775],[2.286455,48.886531]]],[[[2.288037,48.886383],[2.28665,48.886544],[2.286632,48.886913],[2.288648,48.887819],[2.289188,48.887099],[2.288037,48.886383]]]],"type":"MultiPolygon"},"properties":{"id_projet":"MATERNELLES (année scolaire 2024/2025)","libelle":"VILLIERS (22) MAT","annee_scol":"2024-2025","zone_commune":0,"etiquette":"Secteur de l'école 22 AVENUE PORTE DE VILLIERS","lib_etab_1":"VILLIERS (22) MAT","lib_etab_2":null,"lib_etab_3":null,"lib_etab_4":null,"adr_etab_1":"22 AVENUE PORTE DE VILLIERS","adr_etab_2":null,"adr_etab_3":null,"adr_etab_4":null,"type_etabl":"Maternelle","geo_point_2d":{"lon":2.285517192944664,"lat":48.88401496996447},"st_area_shape":170325.91170424712,"st_perimeter_shape":7899.128889761441}},{"type":"Feature","geometry":{"coordinates":[[[[2.316688,48.884778],[2.318392,48.883103],[2.317656,48.882908],[2.315595,48.884855],[2.316186,48.885226],[2.316688,48.884778]]],[[[2.317355,48.883074],[2.31754,48.882877],[2.31566,48.88219],[2.31595,48.882627],[2.315683,48.882906],[2.314854,48.882853],[2.316681,48.883684],[2.317355,48.883074]]],[[[2.318659,48.883716],[2.319076,48.883308],[2.318575,48.883152],[2.317917,48.883724],[2.318397,48.883939],[2.318659,48.883716]]],[[[2.314831,48.884026],[2.315604,48.883311],[2.314787,48.882933],[2.315258,48.883254],[2.314443,48.884005],[2.313783,48.883815],[2.31454,48.88426],[2.314831,48.884026]]],[[[2.318245,48.884124],[2.317841,48.883798],[2.317307,48.884344],[2.317783,48.884578],[2.318245,48.884124]]],[[[2.315813,48.884491],[2.316592,48.883755],[2.315753,48.88336],[2.314681,48.88432],[2.315453,48.884796],[2.315813,48.884491]]],[[[2.317731,48.884628],[2.317254,48.884394],[2.316331,48.885311],[2.31679,48.885552],[2.317731,48.884628]]],[[[2.314398,48.885831],[2.315387,48.884901],[2.31482,48.884597],[2.314098,48.886056],[2.314398,48.885831]]],[[[2.314429,48.885082],[2.314533,48.884553],[2.31315,48.886563],[2.314042,48.885872],[2.314429,48.885082]]],[[[2.31389,48.886378],[2.313234,48.886657],[2.313769,48.886986],[2.31389,48.886378]]],[[[2.315726,48.88565],[2.316095,48.885316],[2.315466,48.884974],[2.314039,48.886319],[2.313892,48.887048],[2.315726,48.88565]]],[[[2.313114,48.88673],[2.312838,48.886906],[2.313619,48.887073],[2.313114,48.88673]]],[[[2.316337,48.885459],[2.314098,48.887131],[2.316,48.886259],[2.316667,48.885675],[2.316337,48.885459]]]],"type":"MultiPolygon"},"properties":{"id_projet":"MATERNELLES (année scolaire 2024/2025)","libelle":"SAUSSURE (48) MAT","annee_scol":"2024-2025","zone_commune":0,"etiquette":"Secteur de l'école 48 RUE DE SAUSSURE","lib_etab_1":"SAUSSURE (48) MAT","lib_etab_2":null,"lib_etab_3":null,"lib_etab_4":null,"adr_etab_1":"48 RUE DE SAUSSURE","adr_etab_2":null,"adr_etab_3":null,"adr_etab_4":null,"type_etabl":"Maternelle","geo_point_2d":{"lon":2.31590676538552,"lat":48.88463922363553},"st_area_shape":91342.8716882825,"st_perimeter_shape":5501.83386941465}},{"type":"Feature","geometry":{"coordinates":[[[[2.288008,48.882515],[2.289092,48.881534],[2.286841,48.880516],[2.286054,48.880894],[2.286732,48.880817],[2.286286,48.881009],[2.287272,48.881839],[2.286898,48.88212],[2.287401,48.882341],[2.28713,48.882539],[2.287627,48.882859],[2.288008,48.882515]],[[2.287382,48.882377],[2.287653,48.882173],[2.287287,48.881934],[2.287836,48.88146],[2.287372,48.881922],[2.287685,48.882151],[2.288385,48.881782],[2.287382,48.882377]]],[[[2.295623,48.882645],[2.295619,48.882644],[2.295579,48.882681],[2.295582,48.882682],[2.295583,48.882681],[2.295623,48.882645]]],[[[2.291826,48.882295],[2.291289,48.88261],[2.292048,48.882996],[2.292422,48.882617],[2.291826,48.882295]]],[[[2.290794,48.882814],[2.291571,48.882161],[2.290678,48.882161],[2.289998,48.881778],[2.289719,48.881169],[2.28863,48.882134],[2.290468,48.883106],[2.290794,48.882814]]],[[[2.288659,48.882989],[2.289175,48.882628],[2.288665,48.882298],[2.2877,48.882976],[2.288237,48.883294],[2.288659,48.882989]]],[[[2.292768,48.882805],[2.292179,48.883091],[2.29299,48.883505],[2.293366,48.883129],[2.292768,48.882805]]],[[[2.289754,48.882848],[2.289312,48.88269],[2.288365,48.883384],[2.288776,48.883619],[2.289754,48.882848]]],[[[2.291353,48.882783],[2.290866,48.882914],[2.291001,48.883921],[2.29286,48.883624],[2.291353,48.882783]]],[[[2.290322,48.883141],[2.289895,48.882982],[2.288897,48.883694],[2.289385,48.883994],[2.290322,48.883141]]],[[[2.290765,48.883476],[2.290669,48.883077],[2.289549,48.884003],[2.290743,48.88394],[2.290765,48.883476]]],[[[2.29465,48.884129],[2.294874,48.883946],[2.293515,48.88321],[2.293012,48.883655],[2.294367,48.884347],[2.29465,48.884129]]],[[[2.296609,48.884518],[2.29355,48.883072],[2.296494,48.884694],[2.296609,48.884518]]],[[[2.295268,48.884158],[2.294984,48.884046],[2.294524,48.884422],[2.295725,48.884988],[2.296422,48.884909],[2.295268,48.884158]]],[[[2.290881,48.884973],[2.290801,48.884076],[2.289608,48.884132],[2.290777,48.884555],[2.290881,48.884973]]],[[[2.291664,48.884579],[2.292456,48.883921],[2.290964,48.884062],[2.291029,48.885025],[2.291664,48.884579]]],[[[2.292169,48.885121],[2.293478,48.884038],[2.292866,48.883773],[2.291137,48.88513],[2.29173,48.885474],[2.292169,48.885121]]]],"type":"MultiPolygon"},"properties":{"id_projet":"MATERNELLES (année scolaire 2024/2025)","libelle":"BAYEN (56) MAT","annee_scol":"2024-2025","zone_commune":0,"etiquette":"Secteur de l'école 56 RUE BAYEN","lib_etab_1":"BAYEN (56) MAT","lib_etab_2":null,"lib_etab_3":null,"lib_etab_4":null,"adr_etab_1":"56 RUE BAYEN","adr_etab_2":null,"adr_etab_3":null,"adr_etab_4":null,"type_etabl":"Maternelle","geo_point_2d":{"lon":2.290858657255026,"lat":48.883106635297025},"st_area_shape":121025.74636200705,"st_perimeter_shape":6876.593604936236}},{"type":"Feature","geometry":{"coordinates":[[[[2.326079,48.895076],[2.32533,48.893552],[2.322841,48.893629],[2.323372,48.893776],[2.32425,48.894863],[2.324957,48.894776],[2.325247,48.895333],[2.326079,48.895076]]],[[[2.32657,48.893724],[2.325742,48.893955],[2.326582,48.895393],[2.327691,48.895044],[2.32657,48.893724]]],[[[2.32594,48.897102],[2.327012,48.896593],[2.326675,48.895979],[2.325349,48.896499],[2.32594,48.897102]]],[[[2.327913,48.89647],[2.327292,48.896579],[2.32781,48.897384],[2.328752,48.897403],[2.328362,48.896249],[2.327913,48.89647]],[[2.327913,48.89647],[2.327999,48.896603],[2.328031,48.896653],[2.328064,48.896704],[2.327913,48.89647]],[[2.327488,48.896584],[2.32755,48.896562],[2.327562,48.896558],[2.327488,48.896584]],[[2.327791,48.896525],[2.327944,48.896747],[2.327909,48.896696],[2.327893,48.896673],[2.327876,48.896649],[2.327791,48.896525]],[[2.327351,48.896627],[2.32736,48.896623],[2.327369,48.89662],[2.327392,48.896612],[2.327351,48.896627]],[[2.327661,48.896564],[2.327697,48.896612],[2.327768,48.896708],[2.327661,48.896564]]],[[[2.327613,48.896383],[2.328347,48.896205],[2.328234,48.895868],[2.32699,48.895916],[2.327233,48.896477],[2.327613,48.896383]]],[[[2.325512,48.897305],[2.325076,48.896665],[2.32444,48.897348],[2.325512,48.897305]]],[[[2.327104,48.896737],[2.325742,48.897376],[2.326667,48.897396],[2.327321,48.897082],[2.327104,48.896737]]],[[[2.325236,48.896322],[2.326484,48.895788],[2.324887,48.895908],[2.325236,48.896322]]],[[[2.327965,48.895069],[2.326641,48.895496],[2.328075,48.895494],[2.327965,48.895069]]],[[[2.326973,48.893753],[2.327616,48.894031],[2.327442,48.893515],[2.326713,48.893702],[2.327249,48.894089],[2.326973,48.893753]]],[[[2.325768,48.893768],[2.327392,48.893365],[2.327249,48.893153],[2.325488,48.893522],[2.325768,48.893768]]],[[[2.327641,48.894107],[2.327157,48.894187],[2.327908,48.894903],[2.327641,48.894107]]],[[[2.325085,48.893379],[2.32469,48.893142],[2.324651,48.893367],[2.323484,48.893449],[2.325085,48.893379]]],[[[2.324879,48.896501],[2.32494,48.896476],[2.324953,48.89647],[2.324992,48.89643],[2.324922,48.89636],[2.324907,48.896366],[2.324902,48.896361],[2.324874,48.896372],[2.324873,48.896379],[2.324857,48.896385],[2.324792,48.896411],[2.324687,48.896465],[2.324321,48.896864],[2.324234,48.897255],[2.324297,48.897173],[2.324291,48.897171],[2.3243,48.897161],[2.324484,48.896935],[2.324799,48.896589],[2.324878,48.896504],[2.324877,48.896503],[2.324879,48.896501]]],[[[2.327474,48.897266],[2.327428,48.897186],[2.327403,48.897196],[2.327391,48.897183],[2.327344,48.897134],[2.327243,48.897176],[2.327016,48.89727],[2.326826,48.897349],[2.326781,48.897368],[2.32678,48.897397],[2.326974,48.897401],[2.327011,48.897402],[2.327585,48.897414],[2.327613,48.897415],[2.327534,48.897321],[2.327533,48.89732],[2.32752,48.897319],[2.327474,48.897266]]],[[[2.322819,48.8935],[2.322992,48.893482],[2.323275,48.893452],[2.323292,48.893428],[2.323276,48.893408],[2.322979,48.893389],[2.322931,48.893407],[2.322854,48.893308],[2.322822,48.893319],[2.32271,48.893359],[2.322725,48.893378],[2.322738,48.893395],[2.322752,48.893412],[2.322757,48.893419],[2.322658,48.893492],[2.322664,48.8935],[2.3227,48.893512],[2.322819,48.8935]]],[[[2.32573,48.897319],[2.325728,48.897318],[2.325726,48.897318],[2.325724,48.897319],[2.325722,48.897319],[2.32572,48.89732],[2.325719,48.897321],[2.325719,48.897323],[2.325718,48.897324],[2.325719,48.897325],[2.32572,48.897327],[2.325721,48.897328],[2.325723,48.897329],[2.325725,48.897329],[2.325727,48.897329],[2.325729,48.897329],[2.325731,48.897329],[2.325732,48.897328],[2.325734,48.897327],[2.325735,48.897326],[2.325735,48.897324],[2.325735,48.897323],[2.325734,48.897322],[2.325733,48.89732],[2.325732,48.897319],[2.32573,48.897319]]],[[[2.325785,48.897293],[2.325783,48.897292],[2.325781,48.897292],[2.325779,48.897293],[2.325777,48.897293],[2.325776,48.897294],[2.325775,48.897295],[2.325774,48.897297],[2.325774,48.897298],[2.325774,48.897299],[2.325775,48.8973],[2.325776,48.897301],[2.325778,48.897302],[2.32578,48.897303],[2.325782,48.897303],[2.325784,48.897303],[2.325786,48.897302],[2.325787,48.897301],[2.325789,48.8973],[2.325789,48.897299],[2.32579,48.897298],[2.32579,48.897297],[2.325789,48.897295],[2.325788,48.897294],[2.325786,48.897293],[2.325785,48.897293]]],[[[2.325691,48.897351],[2.325689,48.897351],[2.325687,48.897351],[2.325685,48.897351],[2.325684,48.897352],[2.325682,48.897353],[2.325681,48.897354],[2.32568,48.897355],[2.32568,48.897356],[2.325681,48.897358],[2.325681,48.897359],[2.325683,48.89736],[2.325684,48.897361],[2.325686,48.897361],[2.325688,48.897361],[2.32569,48.897361],[2.325692,48.897361],[2.325694,48.89736],[2.325695,48.897359],[2.325696,48.897358],[2.325696,48.897356],[2.325696,48.897355],[2.325695,48.897354],[2.325694,48.897353],[2.325693,48.897352],[2.325691,48.897351]]]],"type":"MultiPolygon"},"properties":{"id_projet":"MATERNELLES (année scolaire 2024/2025)","libelle":"ST ANGE (14) MAT","annee_scol":"2024-2025","zone_commune":0,"etiquette":"Secteur de l'école 14 PASSAGE SAINT ANGE","lib_etab_1":"ST ANGE (14) MAT","lib_etab_2":null,"lib_etab_3":null,"lib_etab_4":null,"adr_etab_1":"14 PASSAGE SAINT ANGE","adr_etab_2":null,"adr_etab_3":null,"adr_etab_4":null,"type_etabl":"Maternelle","geo_point_2d":{"lon":2.326149853134185,"lat":48.895320003651044},"st_area_shape":87125.02334126955,"st_perimeter_shape":5491.33633701503}},{"type":"Feature","geometry":{"coordinates":[[[[2.318316,48.882672],[2.318795,48.881965],[2.316593,48.881519],[2.315786,48.882062],[2.318123,48.882956],[2.318316,48.882672]]],[[[2.3154,48.882221],[2.316064,48.881632],[2.314865,48.881822],[2.3154,48.882221]]],[[[2.319103,48.882028],[2.318896,48.881986],[2.318699,48.882278],[2.318894,48.882335],[2.319103,48.882028]]],[[[2.318877,48.883116],[2.319528,48.882115],[2.318657,48.88234],[2.318221,48.882982],[2.318877,48.883116]]],[[[2.319948,48.8822],[2.319655,48.88214],[2.319009,48.883171],[2.319948,48.8822]]],[[[2.321484,48.883683],[2.321979,48.882614],[2.321021,48.882439],[2.320511,48.88354],[2.321484,48.883683]]],[[[2.322582,48.883833],[2.323157,48.882852],[2.32207,48.882658],[2.321546,48.88379],[2.322582,48.883833]]],[[[2.32142,48.883855],[2.320963,48.884106],[2.321313,48.884355],[2.321948,48.883994],[2.32142,48.883855]]],[[[2.319861,48.883915],[2.320254,48.883614],[2.319838,48.883487],[2.320317,48.883494],[2.320789,48.882372],[2.320404,48.882321],[2.318658,48.884036],[2.319477,48.884415],[2.319861,48.883915]]],[[[2.321221,48.88442],[2.32077,48.884147],[2.32109,48.883782],[2.320451,48.883642],[2.319573,48.884459],[2.320718,48.884964],[2.321388,48.884554],[2.321221,48.88442]]]],"type":"MultiPolygon"},"properties":{"id_projet":"MATERNELLES (année scolaire 2025/2026)","libelle":"BOURSAULT (10) POLY","annee_scol":"2025-2026","zone_commune":0,"etiquette":"Secteur de l'école 10 RUE BOURSAULT","lib_etab_1":"BOURSAULT (10) POLY","lib_etab_2":null,"lib_etab_3":null,"lib_etab_4":null,"adr_etab_1":"10 RUE BOURSAULT","adr_etab_2":null,"adr_etab_3":null,"adr_etab_4":null,"type_etabl":"Maternelle","geo_point_2d":{"lon":2.319600344738744,"lat":48.88303404984704},"st_area_shape":78853.32852218908,"st_perimeter_shape":3795.8028084372304}},{"type":"Feature","geometry":{"coordinates":[[[2.315259,48.893207],[2.313778,48.892146],[2.311499,48.893345],[2.313685,48.894162],[2.315259,48.893207]]],"type":"Polygon"},"properties":{"id_projet":"MATERNELLES (année scolaire 2026/2027)","libelle":"GILBERT CESBRON (1) POLY","annee_scol":"2026-2027","zone_commune":0,"etiquette":"Secteur de l'école 1 GILBERT CESBRON (1) POLY","lib_etab_1":"GILBERT CESBRON (1) POLY","lib_etab_2":null,"lib_etab_3":null,"lib_etab_4":null,"adr_etab_1":"1 GILBERT CESBRON (1) POLY","adr_etab_2":null,"adr_etab_3":null,"adr_etab_4":null,"type_etabl":"Maternelle","geo_point_2d":{"lon":2.313534543291628,"lat":48.893195241538045},"st_area_shape":31886.284282845823,"st_perimeter_shape":728.1701391601528}},{"type":"Feature","geometry":{"coordinates":[[[[2.321824,48.893437],[2.320282,48.891569],[2.319318,48.891351],[2.318707,48.891579],[2.32064,48.894139],[2.322022,48.893719],[2.321824,48.893437]]],[[[2.319773,48.893281],[2.318524,48.891705],[2.31808,48.89194],[2.319972,48.894172],[2.319868,48.894402],[2.320494,48.89419],[2.319773,48.893281]]],[[[2.320735,48.89166],[2.32216,48.893656],[2.322565,48.893551],[2.32119,48.891769],[2.320735,48.89166]]],[[[2.320293,48.89069],[2.319877,48.890921],[2.320333,48.89145],[2.321051,48.891595],[2.320293,48.89069]]],[[[2.321067,48.890935],[2.320402,48.890608],[2.321243,48.891643],[2.321067,48.890935]]],[[[2.322716,48.893152],[2.321335,48.891817],[2.322658,48.893492],[2.322716,48.893152]]],[[[2.321387,48.894489],[2.321164,48.894244],[2.321376,48.894037],[2.320971,48.894167],[2.321209,48.894485],[2.320741,48.894269],[2.321387,48.894489]]],[[[2.319775,48.890981],[2.319367,48.891252],[2.320125,48.891388],[2.319775,48.890981]]],[[[2.320595,48.894317],[2.320562,48.89431],[2.320452,48.894348],[2.320315,48.894395],[2.320086,48.894475],[2.319961,48.894518],[2.319953,48.89453],[2.320165,48.89457],[2.320184,48.894593],[2.320226,48.894644],[2.320254,48.894634],[2.320259,48.894633],[2.320315,48.894614],[2.320349,48.894602],[2.320357,48.894599],[2.320417,48.894578],[2.320448,48.894568],[2.320483,48.894556],[2.320571,48.894526],[2.320588,48.89452],[2.320561,48.894485],[2.320532,48.894449],[2.320521,48.894435],[2.32052,48.894433],[2.320514,48.894426],[2.320511,48.894422],[2.32061,48.894335],[2.320595,48.894317]]],[[[2.322609,48.893806],[2.322257,48.893786],[2.322604,48.894052],[2.322609,48.893806]]],[[[2.322087,48.893826],[2.32207,48.893823],[2.321798,48.893906],[2.321594,48.893969],[2.321814,48.894108],[2.321916,48.894071],[2.321916,48.89407],[2.321905,48.894054],[2.321987,48.894027],[2.322087,48.893826]]]],"type":"MultiPolygon"},"properties":{"id_projet":"MATERNELLES (année scolaire 2020/2021)","libelle":"FLEURS (61) MAT","annee_scol":"2020-2021","zone_commune":0,"etiquette":"Secteur de l'école 61 CITE DES FLEURS","lib_etab_1":"FLEURS (61) MAT","lib_etab_2":null,"lib_etab_3":null,"lib_etab_4":null,"adr_etab_1":"61 CITE DES FLEURS","adr_etab_2":null,"adr_etab_3":null,"adr_etab_4":null,"type_etabl":null,"geo_point_2d":{"lon":2.3204820166084734,"lat":48.89265971077511},"st_area_shape":65908.32981849289,"st_perimeter_shape":4055.963466666882}},{"type":"Feature","geometry":{"coordinates":[[[[2.325942,48.895071],[2.3262,48.895039],[2.32533,48.893552],[2.323847,48.893578],[2.324156,48.893935],[2.323712,48.893574],[2.322841,48.893629],[2.323372,48.893776],[2.32425,48.894863],[2.324957,48.894776],[2.325247,48.895333],[2.325942,48.895071]]],[[[2.32657,48.893724],[2.325742,48.893955],[2.326582,48.895393],[2.327691,48.895044],[2.32657,48.893724]]],[[[2.328752,48.897403],[2.328234,48.895868],[2.32694,48.895974],[2.327233,48.896477],[2.328215,48.896238],[2.327292,48.896579],[2.32781,48.897384],[2.328752,48.897403]],[[2.327569,48.896861],[2.327351,48.896627],[2.327562,48.896558],[2.327569,48.896861]],[[2.327944,48.896747],[2.327909,48.896696],[2.327893,48.896673],[2.327876,48.896649],[2.327902,48.896641],[2.327999,48.896603],[2.328031,48.896653],[2.328064,48.896704],[2.327995,48.896729],[2.32797,48.896739],[2.327944,48.896747]],[[2.327768,48.896708],[2.327694,48.89673],[2.327684,48.896716],[2.327715,48.896707],[2.327681,48.896662],[2.327668,48.896666],[2.32764,48.89663],[2.3276,48.896578],[2.327657,48.89656],[2.327661,48.896564],[2.327697,48.896612],[2.327768,48.896708]]],[[[2.327043,48.896524],[2.326635,48.895968],[2.325413,48.896463],[2.325943,48.8971],[2.327043,48.896524]]],[[[2.325085,48.893379],[2.324363,48.892593],[2.323484,48.893449],[2.325085,48.893379]]],[[[2.327332,48.893184],[2.325488,48.893522],[2.325694,48.893786],[2.327332,48.893184]]],[[[2.327011,48.89721],[2.327341,48.897037],[2.327071,48.89673],[2.326093,48.897192],[2.327011,48.89721]]],[[[2.327965,48.895069],[2.326641,48.895496],[2.328075,48.895494],[2.327965,48.895069]]],[[[2.327067,48.89372],[2.327616,48.894031],[2.327442,48.893515],[2.326713,48.893702],[2.327249,48.894089],[2.327067,48.89372]]],[[[2.326775,48.893134],[2.327076,48.893074],[2.327077,48.893029],[2.326743,48.893062],[2.326735,48.893045],[2.326644,48.893048],[2.326585,48.89306],[2.326546,48.893067],[2.326536,48.893046],[2.32647,48.893045],[2.326445,48.893045],[2.326406,48.893044],[2.326381,48.893044],[2.32635,48.893044],[2.326241,48.893041],[2.326176,48.89304],[2.326158,48.893077],[2.326149,48.893076],[2.325942,48.893044],[2.325918,48.89304],[2.325879,48.893039],[2.325802,48.893039],[2.325767,48.893039],[2.325631,48.893073],[2.325657,48.893118],[2.32567,48.893141],[2.325532,48.893175],[2.325505,48.893182],[2.325445,48.893197],[2.325317,48.89323],[2.325408,48.893385],[2.325445,48.893397],[2.325615,48.893363],[2.325779,48.893331],[2.325923,48.893302],[2.32605,48.893277],[2.326225,48.893243],[2.326322,48.893223],[2.326421,48.893204],[2.326592,48.89317],[2.326775,48.893134]]],[[[2.327641,48.894107],[2.327157,48.894187],[2.327908,48.894903],[2.327641,48.894107]]],[[[2.326471,48.895778],[2.326465,48.895776],[2.32646,48.895775],[2.326454,48.895774],[2.326448,48.895774],[2.32644,48.895775],[2.326438,48.895776],[2.326421,48.895743],[2.326428,48.895742],[2.326436,48.895739],[2.326442,48.895734],[2.326445,48.89573],[2.326447,48.895727],[2.326448,48.895722],[2.326448,48.895717],[2.326446,48.895713],[2.326442,48.895709],[2.326436,48.895706],[2.326429,48.895703],[2.326422,48.895701],[2.326413,48.8957],[2.326404,48.8957],[2.326396,48.895701],[2.326033,48.895742],[2.325621,48.895789],[2.325516,48.895802],[2.325358,48.895828],[2.325112,48.895869],[2.324914,48.895903],[2.324893,48.895906],[2.324887,48.895908],[2.324881,48.895911],[2.324877,48.895913],[2.324874,48.895916],[2.32487,48.89592],[2.324868,48.895923],[2.324866,48.895928],[2.324866,48.895933],[2.324866,48.895938],[2.324869,48.895943],[2.324871,48.895945],[2.324897,48.895943],[2.325287,48.895914],[2.325652,48.895881],[2.325999,48.895842],[2.326462,48.895794],[2.326486,48.895791],[2.326484,48.895788],[2.326479,48.895782],[2.326471,48.895778]]],[[[2.322197,48.895525],[2.321919,48.895704],[2.322395,48.895768],[2.322197,48.895525]]],[[[2.327474,48.897266],[2.327428,48.897186],[2.327403,48.897196],[2.327391,48.897183],[2.327344,48.897134],[2.327243,48.897176],[2.327016,48.89727],[2.326826,48.897349],[2.326974,48.897401],[2.327011,48.897402],[2.327014,48.897357],[2.327023,48.897353],[2.327055,48.89734],[2.327072,48.897333],[2.327134,48.897307],[2.327141,48.897304],[2.327238,48.897264],[2.327585,48.897414],[2.327613,48.897415],[2.327534,48.897321],[2.327533,48.89732],[2.32752,48.897319],[2.327474,48.897266]]],[[[2.325636,48.897244],[2.325307,48.897069],[2.325302,48.897071],[2.325297,48.897083],[2.325288,48.897107],[2.325294,48.897113],[2.325194,48.897162],[2.325188,48.897156],[2.325141,48.897151],[2.325137,48.897153],[2.325383,48.897366],[2.325512,48.897305],[2.325636,48.897246],[2.325636,48.897244]]],[[[2.323292,48.893428],[2.323276,48.893408],[2.322979,48.893389],[2.322931,48.893407],[2.322854,48.893308],[2.322822,48.893319],[2.32271,48.893359],[2.322725,48.893378],[2.322738,48.893395],[2.322752,48.893412],[2.322757,48.893419],[2.322658,48.893492],[2.322664,48.8935],[2.3227,48.893512],[2.322819,48.8935],[2.322992,48.893482],[2.323275,48.893452],[2.323292,48.893428]]],[[[2.326488,48.895533],[2.326219,48.895071],[2.326342,48.895571],[2.326468,48.895556],[2.326488,48.895533]]],[[[2.324442,48.896242],[2.324412,48.896203],[2.324474,48.896181],[2.324524,48.896241],[2.324618,48.896206],[2.324535,48.896105],[2.324495,48.896105],[2.324453,48.896104],[2.324416,48.896104],[2.324411,48.896105],[2.324333,48.896108],[2.324259,48.896111],[2.324265,48.896118],[2.324354,48.896225],[2.3244,48.896209],[2.32443,48.896246],[2.324442,48.896242]]],[[[2.322257,48.895897],[2.322112,48.895885],[2.322112,48.895886],[2.322252,48.896045],[2.322274,48.896038],[2.322291,48.896032],[2.322308,48.896027],[2.322347,48.896014],[2.322316,48.895977],[2.322283,48.895937],[2.322258,48.895902],[2.322257,48.895897]]],[[[2.32573,48.897319],[2.325728,48.897318],[2.325726,48.897318],[2.325724,48.897319],[2.325722,48.897319],[2.32572,48.89732],[2.325719,48.897321],[2.325719,48.897323],[2.325718,48.897324],[2.325719,48.897325],[2.32572,48.897327],[2.325721,48.897328],[2.325723,48.897329],[2.325725,48.897329],[2.325727,48.897329],[2.325729,48.897329],[2.325731,48.897329],[2.325732,48.897328],[2.325734,48.897327],[2.325735,48.897326],[2.325735,48.897324],[2.325735,48.897323],[2.325734,48.897322],[2.325733,48.89732],[2.325732,48.897319],[2.32573,48.897319]]],[[[2.325785,48.897293],[2.325783,48.897292],[2.325781,48.897292],[2.325779,48.897293],[2.325777,48.897293],[2.325776,48.897294],[2.325775,48.897295],[2.325774,48.897297],[2.325774,48.897298],[2.325774,48.897299],[2.325775,48.8973],[2.325776,48.897301],[2.325778,48.897302],[2.32578,48.897303],[2.325782,48.897303],[2.325784,48.897303],[2.325786,48.897302],[2.325787,48.897301],[2.325789,48.8973],[2.325789,48.897299],[2.32579,48.897298],[2.32579,48.897297],[2.325789,48.897295],[2.325788,48.897294],[2.325786,48.897293],[2.325785,48.897293]]],[[[2.325691,48.897351],[2.325689,48.897351],[2.325687,48.897351],[2.325685,48.897351],[2.325684,48.897352],[2.325682,48.897353],[2.325681,48.897354],[2.32568,48.897355],[2.32568,48.897356],[2.325681,48.897358],[2.325681,48.897359],[2.325683,48.89736],[2.325684,48.897361],[2.325686,48.897361],[2.325688,48.897361],[2.32569,48.897361],[2.325692,48.897361],[2.325694,48.89736],[2.325695,48.897359],[2.325696,48.897358],[2.325696,48.897356],[2.325696,48.897355],[2.325695,48.897354],[2.325694,48.897353],[2.325693,48.897352],[2.325691,48.897351]]]],"type":"MultiPolygon"},"properties":{"id_projet":"MATERNELLES (année scolaire 2022/2023)","libelle":"ST ANGE (14) MAT","annee_scol":"2022-2023","zone_commune":0,"etiquette":"Secteur de l'école 14 PASSAGE SAINT ANGE","lib_etab_1":"ST ANGE (14) MAT","lib_etab_2":null,"lib_etab_3":null,"lib_etab_4":null,"adr_etab_1":"14 PASSAGE SAINT ANGE","adr_etab_2":null,"adr_etab_3":null,"adr_etab_4":null,"type_etabl":"Maternelle","geo_point_2d":{"lon":2.3260915790047765,"lat":48.89493755166414},"st_area_shape":84531.14451167778,"st_perimeter_shape":5735.871343026155}},{"type":"Feature","geometry":{"coordinates":[[[[2.325942,48.895071],[2.3262,48.895039],[2.32533,48.893552],[2.323847,48.893578],[2.324156,48.893935],[2.323712,48.893574],[2.322841,48.893629],[2.323372,48.893776],[2.32425,48.894863],[2.324957,48.894776],[2.325247,48.895333],[2.325942,48.895071]]],[[[2.326775,48.893134],[2.327076,48.893074],[2.327077,48.893029],[2.326743,48.893062],[2.326735,48.893045],[2.326644,48.893048],[2.326585,48.89306],[2.326546,48.893067],[2.326536,48.893046],[2.32647,48.893045],[2.326445,48.893045],[2.326406,48.893044],[2.326381,48.893044],[2.32635,48.893044],[2.326241,48.893041],[2.326176,48.89304],[2.326158,48.893077],[2.326149,48.893076],[2.325942,48.893044],[2.325918,48.89304],[2.325879,48.893039],[2.325802,48.893039],[2.325767,48.893039],[2.325631,48.893073],[2.325657,48.893118],[2.32567,48.893141],[2.325532,48.893175],[2.325505,48.893182],[2.325445,48.893197],[2.325317,48.89323],[2.325408,48.893385],[2.325445,48.893397],[2.325615,48.893363],[2.325779,48.893331],[2.325923,48.893302],[2.32605,48.893277],[2.326225,48.893243],[2.326322,48.893223],[2.326421,48.893204],[2.326592,48.89317],[2.326775,48.893134]]],[[[2.325085,48.893379],[2.324363,48.892593],[2.323484,48.893449],[2.325085,48.893379]]],[[[2.323292,48.893428],[2.323276,48.893408],[2.322979,48.893389],[2.322931,48.893407],[2.322854,48.893308],[2.322822,48.893319],[2.32271,48.893359],[2.322725,48.893378],[2.322738,48.893395],[2.322752,48.893412],[2.322757,48.893419],[2.322658,48.893492],[2.322664,48.8935],[2.3227,48.893512],[2.322819,48.8935],[2.322992,48.893482],[2.323275,48.893452],[2.323292,48.893428]]],[[[2.327332,48.893184],[2.325488,48.893522],[2.325694,48.893786],[2.327332,48.893184]]],[[[2.327067,48.89372],[2.327616,48.894031],[2.327442,48.893515],[2.326713,48.893702],[2.327249,48.894089],[2.327067,48.89372]]],[[[2.327641,48.894107],[2.327157,48.894187],[2.327908,48.894903],[2.327641,48.894107]]],[[[2.32657,48.893724],[2.325742,48.893955],[2.326582,48.895393],[2.327691,48.895044],[2.32657,48.893724]]],[[[2.327965,48.895069],[2.326641,48.895496],[2.328075,48.895494],[2.327965,48.895069]]],[[[2.326488,48.895533],[2.326219,48.895071],[2.326342,48.895571],[2.326468,48.895556],[2.326488,48.895533]]],[[[2.322197,48.895525],[2.321919,48.895704],[2.322395,48.895768],[2.322197,48.895525]]],[[[2.326471,48.895778],[2.326465,48.895776],[2.32646,48.895775],[2.326454,48.895774],[2.326448,48.895774],[2.32644,48.895775],[2.326438,48.895776],[2.326421,48.895743],[2.326428,48.895742],[2.326436,48.895739],[2.326442,48.895734],[2.326445,48.89573],[2.326447,48.895727],[2.326448,48.895722],[2.326448,48.895717],[2.326446,48.895713],[2.326442,48.895709],[2.326436,48.895706],[2.326429,48.895703],[2.326422,48.895701],[2.326413,48.8957],[2.326404,48.8957],[2.326396,48.895701],[2.326033,48.895742],[2.325621,48.895789],[2.325516,48.895802],[2.325358,48.895828],[2.325112,48.895869],[2.324914,48.895903],[2.324893,48.895906],[2.324887,48.895908],[2.324881,48.895911],[2.324877,48.895913],[2.324874,48.895916],[2.32487,48.89592],[2.324868,48.895923],[2.324866,48.895928],[2.324866,48.895933],[2.324866,48.895938],[2.324869,48.895943],[2.324871,48.895945],[2.324897,48.895943],[2.325287,48.895914],[2.325652,48.895881],[2.325999,48.895842],[2.326462,48.895794],[2.326486,48.895791],[2.326484,48.895788],[2.326479,48.895782],[2.326471,48.895778]]],[[[2.322257,48.895897],[2.322112,48.895885],[2.322112,48.895886],[2.322252,48.896045],[2.322274,48.896038],[2.322291,48.896032],[2.322308,48.896027],[2.322347,48.896014],[2.322316,48.895977],[2.322283,48.895937],[2.322258,48.895902],[2.322257,48.895897]]],[[[2.324442,48.896242],[2.324412,48.896203],[2.324474,48.896181],[2.324524,48.896241],[2.324618,48.896206],[2.324535,48.896105],[2.324495,48.896105],[2.324453,48.896104],[2.324416,48.896104],[2.324411,48.896105],[2.324333,48.896108],[2.324259,48.896111],[2.324265,48.896118],[2.324354,48.896225],[2.3244,48.896209],[2.32443,48.896246],[2.324442,48.896242]]],[[[2.327043,48.896524],[2.326635,48.895968],[2.325413,48.896463],[2.325943,48.8971],[2.327043,48.896524]]],[[[2.325785,48.897293],[2.325783,48.897292],[2.325781,48.897292],[2.325779,48.897293],[2.325777,48.897293],[2.325776,48.897294],[2.325775,48.897295],[2.325774,48.897297],[2.325774,48.897298],[2.325774,48.897299],[2.325775,48.8973],[2.325776,48.897301],[2.325778,48.897302],[2.32578,48.897303],[2.325782,48.897303],[2.325784,48.897303],[2.325786,48.897302],[2.325787,48.897301],[2.325789,48.8973],[2.325789,48.897299],[2.32579,48.897298],[2.32579,48.897297],[2.325789,48.897295],[2.325788,48.897294],[2.325786,48.897293],[2.325785,48.897293]]],[[[2.327011,48.89721],[2.327341,48.897037],[2.327071,48.89673],[2.326093,48.897192],[2.327011,48.89721]]],[[[2.32573,48.897319],[2.325728,48.897318],[2.325726,48.897318],[2.325724,48.897319],[2.325722,48.897319],[2.32572,48.89732],[2.325719,48.897321],[2.325719,48.897323],[2.325718,48.897324],[2.325719,48.897325],[2.32572,48.897327],[2.325721,48.897328],[2.325723,48.897329],[2.325725,48.897329],[2.325727,48.897329],[2.325729,48.897329],[2.325731,48.897329],[2.325732,48.897328],[2.325734,48.897327],[2.325735,48.897326],[2.325735,48.897324],[2.325735,48.897323],[2.325734,48.897322],[2.325733,48.89732],[2.325732,48.897319],[2.32573,48.897319]]],[[[2.325691,48.897351],[2.325689,48.897351],[2.325687,48.897351],[2.325685,48.897351],[2.325684,48.897352],[2.325682,48.897353],[2.325681,48.897354],[2.32568,48.897355],[2.32568,48.897356],[2.325681,48.897358],[2.325681,48.897359],[2.325683,48.89736],[2.325684,48.897361],[2.325686,48.897361],[2.325688,48.897361],[2.32569,48.897361],[2.325692,48.897361],[2.325694,48.89736],[2.325695,48.897359],[2.325696,48.897358],[2.325696,48.897356],[2.325696,48.897355],[2.325695,48.897354],[2.325694,48.897353],[2.325693,48.897352],[2.325691,48.897351]]],[[[2.325636,48.897244],[2.325307,48.897069],[2.325302,48.897071],[2.325297,48.897083],[2.325288,48.897107],[2.325294,48.897113],[2.325194,48.897162],[2.325188,48.897156],[2.325141,48.897151],[2.325137,48.897153],[2.325383,48.897366],[2.325512,48.897305],[2.325636,48.897246],[2.325636,48.897244]]],[[[2.327474,48.897266],[2.327428,48.897186],[2.327403,48.897196],[2.327391,48.897183],[2.327344,48.897134],[2.327243,48.897176],[2.327016,48.89727],[2.326826,48.897349],[2.326974,48.897401],[2.327011,48.897402],[2.327014,48.897357],[2.327023,48.897353],[2.327055,48.89734],[2.327072,48.897333],[2.327134,48.897307],[2.327141,48.897304],[2.327238,48.897264],[2.327585,48.897414],[2.327613,48.897415],[2.327534,48.897321],[2.327533,48.89732],[2.32752,48.897319],[2.327474,48.897266]]],[[[2.328752,48.897403],[2.328234,48.895868],[2.32694,48.895974],[2.327233,48.896477],[2.328215,48.896238],[2.327292,48.896579],[2.32781,48.897384],[2.328752,48.897403]],[[2.327569,48.896861],[2.327351,48.896627],[2.327562,48.896558],[2.327569,48.896861]],[[2.327944,48.896747],[2.327909,48.896696],[2.327893,48.896673],[2.327876,48.896649],[2.327902,48.896641],[2.327999,48.896603],[2.328031,48.896653],[2.328064,48.896704],[2.327995,48.896729],[2.32797,48.896739],[2.327944,48.896747]],[[2.327768,48.896708],[2.327694,48.89673],[2.327684,48.896716],[2.327715,48.896707],[2.327681,48.896662],[2.327668,48.896666],[2.32764,48.89663],[2.3276,48.896578],[2.327657,48.89656],[2.327661,48.896564],[2.327697,48.896612],[2.327768,48.896708]]]],"type":"MultiPolygon"},"properties":{"id_projet":"MATERNELLES (année scolaire 2023/2024)","libelle":"ST ANGE (14) MAT","annee_scol":"2023-2024","zone_commune":0,"etiquette":"Secteur de l'école 14 PASSAGE SAINT ANGE","lib_etab_1":"ST ANGE (14) MAT","lib_etab_2":null,"lib_etab_3":null,"lib_etab_4":null,"adr_etab_1":"14 PASSAGE SAINT ANGE","adr_etab_2":null,"adr_etab_3":null,"adr_etab_4":null,"type_etabl":"Maternelle","geo_point_2d":{"lon":2.3260915790047716,"lat":48.89493755166414},"st_area_shape":84531.1445116778,"st_perimeter_shape":5735.871343026156}},{"type":"Feature","geometry":{"coordinates":[[[2.313189,48.89246],[2.313719,48.892178],[2.312881,48.891839],[2.3166,48.889788],[2.314242,48.887415],[2.312924,48.887731],[2.312952,48.889278],[2.308352,48.892175],[2.311499,48.893345],[2.313189,48.89246]]],"type":"Polygon"},"properties":{"id_projet":"MATERNELLES (année scolaire 2024/2025)","libelle":"MSTISLAV ROSTROPOVITCH (56) MAT","annee_scol":"2024-2025","zone_commune":0,"etiquette":"Secteur de l'école 56 RUE MSTISLAV ROSTROPOVITCH","lib_etab_1":"M. ROSTROPOVITCH (56) MAT","lib_etab_2":null,"lib_etab_3":null,"lib_etab_4":null,"adr_etab_1":"56 RUE MSTISLAV ROSTROPOVITCH","adr_etab_2":null,"adr_etab_3":null,"adr_etab_4":null,"type_etabl":"Maternelle","geo_point_2d":{"lon":2.3128079474723586,"lat":48.89055454572809},"st_area_shape":159627.63975604446,"st_perimeter_shape":2009.9431656773045}},{"type":"Feature","geometry":{"coordinates":[[[[2.320302,48.887504],[2.322302,48.886382],[2.321624,48.885828],[2.320697,48.886406],[2.321011,48.886623],[2.320524,48.886939],[2.319513,48.887171],[2.320302,48.887504]]],[[[2.320324,48.886055],[2.32022,48.885984],[2.32012,48.885915],[2.319974,48.885814],[2.319843,48.885724],[2.319789,48.885801],[2.319814,48.88582],[2.319861,48.885856],[2.319891,48.885879],[2.319883,48.885884],[2.319914,48.885906],[2.31999,48.885961],[2.32001,48.885975],[2.320024,48.885987],[2.320088,48.886039],[2.3201,48.886048],[2.32011,48.886043],[2.320128,48.886034],[2.320142,48.886048],[2.320158,48.886063],[2.320165,48.886069],[2.320168,48.886072],[2.32032,48.886082],[2.320323,48.886061],[2.320324,48.886055]]],[[[2.321396,48.885846],[2.320803,48.88509],[2.319899,48.885633],[2.320752,48.88622],[2.321396,48.885846]]],[[[2.320448,48.88614],[2.320407,48.886138],[2.320422,48.886273],[2.320428,48.886278],[2.320454,48.886298],[2.320455,48.886298],[2.320656,48.886286],[2.320508,48.886182],[2.320448,48.88614]]],[[[2.319903,48.887541],[2.31977,48.887464],[2.31962,48.887377],[2.319411,48.887256],[2.319364,48.887358],[2.319414,48.887394],[2.31943,48.887406],[2.319432,48.887407],[2.319446,48.887418],[2.319479,48.887443],[2.319481,48.887441],[2.319535,48.887416],[2.319562,48.887443],[2.319618,48.887501],[2.319643,48.887527],[2.319661,48.887518],[2.319783,48.887629],[2.319781,48.88763],[2.320045,48.887654],[2.320048,48.887652],[2.320048,48.887625],[2.319903,48.887541]]],[[[2.321358,48.887889],[2.322671,48.886829],[2.322368,48.88644],[2.320314,48.88764],[2.321037,48.888054],[2.321358,48.887889]]],[[[2.321941,48.888376],[2.3219,48.888342],[2.321898,48.888344],[2.32191,48.888354],[2.321938,48.888378],[2.321941,48.888376]]],[[[2.320891,48.888139],[2.320239,48.887735],[2.319832,48.888115],[2.320277,48.8882],[2.32023,48.888525],[2.320891,48.888139]]],[[[2.320948,48.888634],[2.321349,48.888396],[2.321022,48.888205],[2.320315,48.88862],[2.320948,48.888634]]],[[[2.322971,48.888848],[2.322294,48.888342],[2.321784,48.888375],[2.322126,48.887587],[2.321175,48.888114],[2.322662,48.889002],[2.322971,48.888848]]],[[[2.32225,48.889099],[2.322535,48.889072],[2.321466,48.888447],[2.320683,48.888889],[2.321379,48.888896],[2.321891,48.889273],[2.32225,48.889099]]]],"type":"MultiPolygon"},"properties":{"id_projet":"MATERNELLES (année scolaire 2025/2026)","libelle":"LECOMTE (6) POLY","annee_scol":"2025-2026","zone_commune":0,"etiquette":"Secteur de l'école 6 RUE LECOMTE","lib_etab_1":"LECOMTE (6) POLY","lib_etab_2":null,"lib_etab_3":null,"lib_etab_4":null,"adr_etab_1":"6 RUE LECOMTE","adr_etab_2":null,"adr_etab_3":null,"adr_etab_4":null,"type_etabl":"Maternelle","geo_point_2d":{"lon":2.3212146748406965,"lat":48.88724722323703},"st_area_shape":47776.360384202686,"st_perimeter_shape":3266.561869447894}},{"type":"Feature","geometry":{"coordinates":[[[[2.319565,48.890255],[2.318608,48.88957],[2.317356,48.890244],[2.317809,48.890308],[2.318543,48.891402],[2.319964,48.890581],[2.319565,48.890255]]],[[[2.319756,48.884625],[2.319113,48.884988],[2.319791,48.885554],[2.320649,48.88504],[2.319756,48.884625]]],[[[2.317951,48.885932],[2.319394,48.884466],[2.318572,48.884119],[2.316993,48.885673],[2.317713,48.886119],[2.317951,48.885932]]],[[[2.318299,48.886311],[2.319691,48.885614],[2.318981,48.885125],[2.317875,48.88619],[2.318299,48.886311]]],[[[2.31745,48.886109],[2.316751,48.886461],[2.317001,48.886566],[2.31745,48.886109]]],[[[2.317864,48.886351],[2.317757,48.886288],[2.317716,48.886288],[2.317568,48.886376],[2.31742,48.886464],[2.317311,48.886528],[2.317137,48.886631],[2.317139,48.886658],[2.31728,48.88673],[2.317446,48.88663],[2.317562,48.88656],[2.317705,48.886474],[2.317865,48.886377],[2.317864,48.886351]]],[[[2.320142,48.886048],[2.3198,48.885694],[2.318574,48.886623],[2.318882,48.886779],[2.320142,48.886048]]],[[[2.31772,48.887021],[2.318287,48.886681],[2.31804,48.886532],[2.317503,48.886858],[2.31772,48.887021]]],[[[2.319563,48.886961],[2.320658,48.886288],[2.320407,48.886138],[2.318979,48.88683],[2.319563,48.886961]]],[[[2.320062,48.887164],[2.321011,48.886623],[2.320697,48.886406],[2.319512,48.887144],[2.320062,48.887164]]],[[[2.318811,48.887423],[2.319244,48.887158],[2.318458,48.886697],[2.317809,48.887085],[2.318364,48.887664],[2.318811,48.887423]]],[[[2.319783,48.887629],[2.319348,48.887243],[2.318484,48.88779],[2.318984,48.888273],[2.319783,48.887629]]],[[[2.317912,48.887393],[2.316885,48.887983],[2.317347,48.8883],[2.31824,48.887769],[2.317912,48.887393]]],[[[2.316605,48.886595],[2.315107,48.88767],[2.315726,48.888322],[2.317502,48.887334],[2.316605,48.886595]]],[[[2.320575,48.888797],[2.32066,48.88862],[2.320578,48.888668],[2.320535,48.888637],[2.320509,48.888617],[2.320337,48.888636],[2.320469,48.888733],[2.320556,48.888797],[2.320575,48.888797]]],[[[2.318366,48.887867],[2.317453,48.888408],[2.318045,48.888821],[2.318816,48.888371],[2.318366,48.887867]]],[[[2.32028,48.888249],[2.319832,48.888115],[2.320196,48.88771],[2.319063,48.888394],[2.319586,48.888901],[2.32028,48.888249]]],[[[2.31683,48.888608],[2.317104,48.888419],[2.316684,48.888105],[2.315804,48.888657],[2.31617,48.889001],[2.31683,48.888608]]],[[[2.318942,48.888469],[2.318151,48.888929],[2.318754,48.889353],[2.319416,48.888997],[2.318942,48.888469]]],[[[2.321615,48.889072],[2.320687,48.888891],[2.321631,48.889583],[2.321891,48.889273],[2.321615,48.889072]]],[[[2.317548,48.889111],[2.3178,48.888939],[2.31721,48.888527],[2.316233,48.889107],[2.316834,48.889217],[2.316711,48.8896],[2.317548,48.889111]]],[[[2.319538,48.889093],[2.318863,48.889459],[2.319331,48.889808],[2.319903,48.889476],[2.319538,48.889093]]],[[[2.320236,48.888691],[2.319661,48.889017],[2.320719,48.890119],[2.321535,48.889675],[2.320236,48.888691]]],[[[2.317978,48.88907],[2.316873,48.889647],[2.317276,48.890148],[2.3185,48.889491],[2.317978,48.88907]]],[[[2.320011,48.889584],[2.319459,48.889905],[2.320212,48.890439],[2.320596,48.890193],[2.320011,48.889584]]]],"type":"MultiPolygon"},"properties":{"id_projet":"MATERNELLES (année scolaire 2025/2026)","libelle":"BROCHANT (28) MAT","annee_scol":"2025-2026","zone_commune":0,"etiquette":"Secteur de l'école 28 RUE BROCHANT","lib_etab_1":"BROCHANT (28) MAT","lib_etab_2":null,"lib_etab_3":null,"lib_etab_4":null,"adr_etab_1":"28 RUE BROCHANT","adr_etab_2":null,"adr_etab_3":null,"adr_etab_4":null,"type_etabl":"Maternelle","geo_point_2d":{"lon":2.318549657930591,"lat":48.88780764461684},"st_area_shape":152132.81094426048,"st_perimeter_shape":8135.487699286009}},{"type":"Feature","geometry":{"coordinates":[[[[2.316688,48.884778],[2.318392,48.883103],[2.317656,48.882908],[2.315595,48.884855],[2.316186,48.885226],[2.316688,48.884778]]],[[[2.317355,48.883074],[2.31754,48.882877],[2.31566,48.88219],[2.31595,48.882627],[2.315683,48.882906],[2.314854,48.882853],[2.316681,48.883684],[2.317355,48.883074]]],[[[2.318659,48.883716],[2.319076,48.883308],[2.318575,48.883152],[2.317917,48.883724],[2.318397,48.883939],[2.318659,48.883716]]],[[[2.314831,48.884026],[2.315604,48.883311],[2.314787,48.882933],[2.315258,48.883254],[2.314443,48.884005],[2.313783,48.883815],[2.31454,48.88426],[2.314831,48.884026]]],[[[2.318245,48.884124],[2.317841,48.883798],[2.317307,48.884344],[2.317783,48.884578],[2.318245,48.884124]]],[[[2.315813,48.884491],[2.316592,48.883755],[2.315753,48.88336],[2.314681,48.88432],[2.315453,48.884796],[2.315813,48.884491]]],[[[2.317731,48.884628],[2.317254,48.884394],[2.316331,48.885311],[2.31679,48.885552],[2.317731,48.884628]]],[[[2.314398,48.885831],[2.315387,48.884901],[2.31482,48.884597],[2.314098,48.886056],[2.314398,48.885831]]],[[[2.314429,48.885082],[2.314533,48.884553],[2.31315,48.886563],[2.314042,48.885872],[2.314429,48.885082]]],[[[2.31389,48.886378],[2.313234,48.886657],[2.313769,48.886986],[2.31389,48.886378]]],[[[2.315726,48.88565],[2.316095,48.885316],[2.315466,48.884974],[2.314039,48.886319],[2.313892,48.887048],[2.315726,48.88565]]],[[[2.313114,48.88673],[2.312838,48.886906],[2.313619,48.887073],[2.313114,48.88673]]],[[[2.316337,48.885459],[2.314098,48.887131],[2.316,48.886259],[2.316667,48.885675],[2.316337,48.885459]]]],"type":"MultiPolygon"},"properties":{"id_projet":"MATERNELLES (année scolaire 2025/2026)","libelle":"SAUSSURE (48) MAT","annee_scol":"2025-2026","zone_commune":0,"etiquette":"Secteur de l'école 48 RUE DE SAUSSURE","lib_etab_1":"SAUSSURE (48) MAT","lib_etab_2":null,"lib_etab_3":null,"lib_etab_4":null,"adr_etab_1":"48 RUE DE SAUSSURE","adr_etab_2":null,"adr_etab_3":null,"adr_etab_4":null,"type_etabl":"Maternelle","geo_point_2d":{"lon":2.31590676538552,"lat":48.88463922363553},"st_area_shape":91342.8716882825,"st_perimeter_shape":5501.83386941465}},{"type":"Feature","geometry":{"coordinates":[[[[2.315983,48.892789],[2.318175,48.891435],[2.3166,48.889788],[2.312881,48.891839],[2.315363,48.89323],[2.315983,48.892789]]],[[[2.316716,48.889133],[2.316243,48.889117],[2.316706,48.889603],[2.316716,48.889133]]],[[[2.317024,48.889706],[2.316863,48.889697],[2.316859,48.889719],[2.317053,48.889925],[2.317054,48.889926],[2.317026,48.889938],[2.317127,48.890044],[2.317227,48.890149],[2.317267,48.890153],[2.317276,48.890148],[2.317292,48.889973],[2.317308,48.889965],[2.3172,48.889867],[2.317175,48.889844],[2.317024,48.889706]]],[[[2.318496,48.891241],[2.317809,48.890308],[2.317351,48.890246],[2.318496,48.891241]]]],"type":"MultiPolygon"},"properties":{"id_projet":"MATERNELLES (année scolaire 2025/2026)","libelle":"BERNARD BUFFET (14) POLY","annee_scol":"2025-2026","zone_commune":0,"etiquette":"Secteur de l'école 14 RUE BERNARD BUFFET","lib_etab_1":"BERNARD BUFFET (14) POLY","lib_etab_2":null,"lib_etab_3":null,"lib_etab_4":null,"adr_etab_1":"14 RUE BERNARD BUFFET","adr_etab_2":null,"adr_etab_3":null,"adr_etab_4":null,"type_etabl":"Maternelle","geo_point_2d":{"lon":2.315892128235191,"lat":48.89145387010756},"st_area_shape":75739.3175433006,"st_perimeter_shape":1827.650223843565}},{"type":"Feature","geometry":{"coordinates":[[[[2.322017,48.885365],[2.323348,48.884258],[2.322489,48.884078],[2.320902,48.88503],[2.321639,48.885695],[2.322017,48.885365]]],[[[2.32409,48.883125],[2.32351,48.883484],[2.323876,48.883561],[2.32409,48.883125]]],[[[2.323536,48.882931],[2.323233,48.882922],[2.322913,48.883609],[2.323883,48.883042],[2.323536,48.882931]]],[[[2.324384,48.883103],[2.32394,48.883574],[2.324928,48.883774],[2.325234,48.883274],[2.324384,48.883103]]],[[[2.325534,48.883335],[2.32456,48.884608],[2.32495,48.884861],[2.325534,48.883335]]],[[[2.32402,48.885186],[2.324676,48.884781],[2.324051,48.884373],[2.323522,48.884288],[2.322867,48.884819],[2.323809,48.885346],[2.32402,48.885186]]],[[[2.326171,48.884216],[2.326668,48.883675],[2.325838,48.883397],[2.325087,48.884952],[2.325313,48.885091],[2.326171,48.884216]]],[[[2.324784,48.884012],[2.3234,48.883537],[2.322613,48.883996],[2.324448,48.884533],[2.324784,48.884012]]],[[[2.326316,48.885568],[2.32708,48.883812],[2.326771,48.883771],[2.32547,48.8852],[2.326316,48.885568]]],[[[2.322893,48.88594],[2.323743,48.885391],[2.322858,48.884888],[2.321742,48.885756],[2.322372,48.886329],[2.322893,48.88594]]]],"type":"MultiPolygon"},"properties":{"id_projet":"MATERNELLES (année scolaire 2026/2027)","libelle":"TRUFFAUT (15) POLY","annee_scol":"2026-2027","zone_commune":0,"etiquette":"Secteur de l'école 15 TRUFFAUT (15) POLY","lib_etab_1":"TRUFFAUT (15) POLY","lib_etab_2":null,"lib_etab_3":null,"lib_etab_4":null,"adr_etab_1":"15 TRUFFAUT (15) POLY","adr_etab_2":null,"adr_etab_3":null,"adr_etab_4":null,"type_etabl":"Maternelle","geo_point_2d":{"lon":2.324044143349008,"lat":48.88453023942899},"st_area_shape":75723.97282184192,"st_perimeter_shape":3845.5067459420807}},{"type":"Feature","geometry":{"coordinates":[[[[2.294714,48.880065],[2.29456,48.879863],[2.293594,48.880728],[2.29521,48.881469],[2.294714,48.880065]]],[[[2.295366,48.880068],[2.295108,48.879993],[2.29528,48.88033],[2.295366,48.880068]]],[[[2.286426,48.881672],[2.285987,48.881442],[2.286357,48.882112],[2.286682,48.881875],[2.286426,48.881672]]],[[[2.291984,48.881474],[2.291454,48.881586],[2.291973,48.88184],[2.292231,48.881627],[2.291984,48.881474]]],[[[2.292598,48.88123],[2.291887,48.881206],[2.29229,48.881484],[2.292598,48.88123]]],[[[2.2894,48.881237],[2.289591,48.881082],[2.288942,48.880739],[2.28851,48.881087],[2.289119,48.881416],[2.2894,48.881237]]],[[[2.295636,48.8785],[2.294505,48.878752],[2.294814,48.879426],[2.295636,48.8785]]],[[[2.294654,48.881361],[2.293966,48.881762],[2.294233,48.882257],[2.295082,48.881587],[2.294654,48.881361]]],[[[2.292899,48.881386],[2.292501,48.881607],[2.294116,48.882391],[2.293841,48.88188],[2.292899,48.881386]]],[[[2.291221,48.882181],[2.291571,48.882157],[2.289719,48.881169],[2.289998,48.881778],[2.291221,48.882181]]],[[[2.294266,48.879188],[2.294065,48.878851],[2.293079,48.87909],[2.294381,48.879847],[2.294266,48.879188]]],[[[2.287178,48.881776],[2.286054,48.880894],[2.28681,48.880523],[2.285585,48.88084],[2.286946,48.881814],[2.286466,48.882234],[2.287178,48.881776]]],[[[2.292566,48.88178],[2.292103,48.881936],[2.293713,48.882809],[2.294014,48.882566],[2.292566,48.88178]]],[[[2.292124,48.880829],[2.292608,48.880397],[2.291254,48.87976],[2.290841,48.880133],[2.292124,48.880829]]],[[[2.293814,48.879669],[2.292628,48.880274],[2.293473,48.88062],[2.294273,48.879959],[2.293814,48.879669]]],[[[2.288661,48.880809],[2.288826,48.880677],[2.288035,48.880239],[2.286841,48.880516],[2.288806,48.881526],[2.288298,48.881101],[2.288661,48.880809]]],[[[2.293901,48.881006],[2.293199,48.880942],[2.293367,48.880754],[2.292789,48.880483],[2.29227,48.880881],[2.29316,48.88103],[2.292962,48.881268],[2.293776,48.881696],[2.294338,48.881235],[2.293901,48.881006]]],[[[2.291893,48.881019],[2.290752,48.880248],[2.290062,48.880843],[2.291282,48.881493],[2.291893,48.881019]]],[[[2.293207,48.879318],[2.292853,48.879129],[2.291349,48.879673],[2.292482,48.88017],[2.293456,48.879505],[2.293207,48.879318]]],[[[2.290475,48.880283],[2.291128,48.879691],[2.290895,48.879579],[2.288713,48.880108],[2.289938,48.88077],[2.290475,48.880283]]],[[[2.296325,48.879466],[2.296747,48.879069],[2.29588,48.878624],[2.295458,48.879009],[2.296115,48.87925],[2.2954,48.879067],[2.294891,48.879561],[2.295605,48.880059],[2.296325,48.879466]]],[[[2.293577,48.883047],[2.288287,48.880013],[2.287978,48.880084],[2.293577,48.883047]]]],"type":"MultiPolygon"},"properties":{"id_projet":"MATERNELLES (année scolaire 2026/2027)","libelle":"PEREIRE (221) MAT","annee_scol":"2026-2027","zone_commune":0,"etiquette":"Secteur de l'école 221 PEREIRE (221) MAT","lib_etab_1":"PEREIRE (221) MAT","lib_etab_2":null,"lib_etab_3":null,"lib_etab_4":null,"adr_etab_1":"221 PEREIRE (221) MAT","adr_etab_2":null,"adr_etab_3":null,"adr_etab_4":null,"type_etabl":"Maternelle","geo_point_2d":{"lon":2.292094880370887,"lat":48.88064698778238},"st_area_shape":136448.9103500177,"st_perimeter_shape":8633.708968027908}},{"type":"Feature","geometry":{"coordinates":[[[[2.286004,48.884038],[2.283986,48.882742],[2.28355,48.882109],[2.283307,48.882266],[2.284216,48.883163],[2.283642,48.883484],[2.282795,48.882858],[2.282174,48.883575],[2.284435,48.88541],[2.286004,48.884038]]],[[[2.280043,48.878775],[2.280036,48.878775],[2.28003,48.878776],[2.280024,48.878781],[2.280006,48.878798],[2.279996,48.878808],[2.279985,48.878825],[2.279993,48.878831],[2.280034,48.878835],[2.280062,48.878841],[2.280071,48.878842],[2.280077,48.878841],[2.28008,48.878839],[2.280075,48.878826],[2.280046,48.878778],[2.280043,48.878775]]],[[[2.285816,48.886603],[2.285705,48.886525],[2.28564,48.886555],[2.285779,48.886629],[2.285816,48.886603]]],[[[2.282523,48.879043],[2.282572,48.879037],[2.282622,48.87903],[2.282666,48.879023],[2.282711,48.879016],[2.282769,48.879005],[2.282828,48.878993],[2.282895,48.878978],[2.282945,48.878966],[2.283001,48.878952],[2.283066,48.878934],[2.283153,48.878907],[2.283252,48.878873],[2.283341,48.87884],[2.283412,48.87881],[2.283507,48.878767],[2.283566,48.878736],[2.283622,48.878706],[2.283679,48.878672],[2.283736,48.878638],[2.283782,48.878608],[2.283819,48.878583],[2.283853,48.878557],[2.283863,48.878551],[2.283865,48.878552],[2.283871,48.878548],[2.283868,48.878546],[2.283866,48.878545],[2.283843,48.878562],[2.283809,48.878586],[2.283797,48.87858],[2.283793,48.878583],[2.283804,48.878589],[2.28378,48.878606],[2.283747,48.878627],[2.283737,48.878621],[2.283732,48.878623],[2.283743,48.87863],[2.283723,48.878643],[2.283692,48.878662],[2.283669,48.878675],[2.283659,48.878668],[2.283655,48.878671],[2.283664,48.878678],[2.283638,48.878693],[2.283627,48.878686],[2.28354,48.878734],[2.283549,48.878741],[2.28352,48.878756],[2.283511,48.878749],[2.283506,48.878751],[2.283516,48.878759],[2.283495,48.878769],[2.283458,48.878786],[2.283434,48.878797],[2.283425,48.878789],[2.28342,48.878792],[2.283428,48.8788],[2.283399,48.878813],[2.283389,48.878804],[2.283292,48.878843],[2.2833,48.878852],[2.28327,48.878864],[2.283262,48.878855],[2.283162,48.87889],[2.283168,48.878899],[2.283137,48.878909],[2.283129,48.878901],[2.283026,48.878931],[2.283032,48.878941],[2.283,48.87895],[2.282994,48.878941],[2.282988,48.878943],[2.282993,48.878951],[2.282942,48.878964],[2.2829,48.878975],[2.282894,48.878966],[2.282889,48.878968],[2.282894,48.878976],[2.282858,48.878984],[2.282854,48.878974],[2.282779,48.878989],[2.282746,48.878996],[2.28275,48.879006],[2.282715,48.879013],[2.282711,48.879003],[2.282705,48.879004],[2.282708,48.879014],[2.282611,48.879028],[2.282608,48.879019],[2.282602,48.87902],[2.282604,48.87903],[2.282528,48.879039],[2.282525,48.87903],[2.282519,48.87903],[2.282522,48.87904],[2.28245,48.879047],[2.282436,48.879048],[2.282437,48.879053],[2.282445,48.879052],[2.282444,48.87905],[2.282476,48.879047],[2.282523,48.879043]]],[[[2.288751,48.88362],[2.288365,48.883384],[2.288367,48.883433],[2.288431,48.883474],[2.2886,48.883576],[2.288597,48.883578],[2.288667,48.883621],[2.288751,48.88362]]],[[[2.28583,48.881058],[2.285755,48.880973],[2.285747,48.880974],[2.285687,48.880858],[2.285587,48.880844],[2.28567,48.880991],[2.285671,48.880993],[2.285679,48.881007],[2.285704,48.881051],[2.285723,48.881087],[2.285737,48.881096],[2.28583,48.881058]]],[[[2.289385,48.883994],[2.288897,48.883694],[2.288899,48.883762],[2.288895,48.883765],[2.288956,48.883803],[2.28896,48.8838],[2.289206,48.883953],[2.289202,48.883956],[2.289263,48.883994],[2.289267,48.883991],[2.289284,48.884002],[2.289297,48.884001],[2.289384,48.883994],[2.289385,48.883994]]],[[[2.281987,48.883639],[2.281926,48.883631],[2.281878,48.883688],[2.281849,48.883729],[2.281849,48.88376],[2.281877,48.883778],[2.281902,48.883786],[2.282046,48.883805],[2.282141,48.883816],[2.282165,48.883807],[2.282175,48.883791],[2.282147,48.883762],[2.282021,48.88366],[2.281987,48.883639]]],[[[2.28203,48.879207],[2.282002,48.879182],[2.281982,48.879184],[2.281985,48.879202],[2.282015,48.879331],[2.282032,48.879409],[2.282068,48.879547],[2.282084,48.879555],[2.282103,48.87955],[2.282104,48.87952],[2.282124,48.879479],[2.282158,48.879438],[2.282191,48.879418],[2.282254,48.879399],[2.282251,48.879383],[2.282202,48.87934],[2.282067,48.879237],[2.28203,48.879207]]],[[[2.28806,48.883012],[2.28769,48.882985],[2.288195,48.883323],[2.28806,48.883012]]],[[[2.286455,48.886531],[2.285979,48.886537],[2.286464,48.886775],[2.286455,48.886531]]],[[[2.281437,48.880259],[2.281224,48.879977],[2.281195,48.88],[2.281261,48.880107],[2.281468,48.8804],[2.281712,48.88075],[2.282093,48.881271],[2.282163,48.881254],[2.281696,48.880618],[2.281437,48.880259]]],[[[2.286199,48.88166],[2.286187,48.881647],[2.286182,48.881649],[2.285987,48.881442],[2.285936,48.881464],[2.285953,48.881494],[2.285991,48.881561],[2.286058,48.88168],[2.286128,48.881803],[2.286198,48.881927],[2.286298,48.882105],[2.286357,48.882112],[2.286414,48.881876],[2.286412,48.881874],[2.286397,48.881859],[2.286395,48.881857],[2.286345,48.881806],[2.286313,48.881774],[2.286298,48.881759],[2.286248,48.881709],[2.286199,48.88166]]],[[[2.285447,48.886316],[2.284634,48.885687],[2.284505,48.885726],[2.285336,48.886363],[2.285447,48.886316]]],[[[2.291637,48.885482],[2.291835,48.885328],[2.291128,48.885137],[2.291637,48.885482]]],[[[2.283475,48.881427],[2.282977,48.881404],[2.28317,48.881771],[2.283475,48.881427]]],[[[2.281524,48.880112],[2.281443,48.8799],[2.281881,48.879787],[2.28097,48.879744],[2.281524,48.880112]]],[[[2.288342,48.887886],[2.287313,48.887343],[2.28725,48.887437],[2.288283,48.887962],[2.288342,48.887886]]],[[[2.280216,48.878952],[2.280006,48.878867],[2.280121,48.879386],[2.280455,48.879229],[2.280216,48.878952]]],[[[2.281246,48.880519],[2.281039,48.880218],[2.280992,48.880239],[2.281102,48.880551],[2.281185,48.880706],[2.281407,48.880951],[2.281739,48.881334],[2.281821,48.881334],[2.281617,48.88103],[2.281482,48.880862],[2.281246,48.880519]]],[[[2.280963,48.880685],[2.280412,48.880637],[2.280506,48.881066],[2.281063,48.880935],[2.280963,48.880685]]],[[[2.285215,48.880957],[2.284815,48.881208],[2.285547,48.881548],[2.285215,48.880957]]],[[[2.287401,48.882341],[2.286466,48.882234],[2.287486,48.882891],[2.28713,48.882539],[2.287401,48.882341]]],[[[2.284401,48.885514],[2.282356,48.883931],[2.282225,48.88397],[2.284275,48.885542],[2.284401,48.885514]]],[[[2.290759,48.884745],[2.290004,48.884117],[2.289529,48.884163],[2.290759,48.884745]]],[[[2.281292,48.881057],[2.280531,48.881174],[2.280626,48.881607],[2.281482,48.88141],[2.281292,48.881057]]],[[[2.280626,48.879516],[2.28019,48.879689],[2.280385,48.880518],[2.280794,48.880552],[2.280626,48.879516]]],[[[2.285683,48.882127],[2.285225,48.881943],[2.284902,48.882983],[2.28546,48.883411],[2.285907,48.882349],[2.285683,48.882127]]],[[[2.282245,48.879757],[2.282026,48.879845],[2.282508,48.881182],[2.283721,48.880918],[2.282245,48.879757]]],[[[2.284646,48.881475],[2.283811,48.881674],[2.284263,48.881905],[2.284195,48.882624],[2.284644,48.882903],[2.285092,48.881836],[2.284646,48.881475]]],[[[2.286458,48.882615],[2.28604,48.882457],[2.285717,48.883492],[2.286128,48.883825],[2.287147,48.883131],[2.286458,48.882615]]],[[[2.289033,48.884595],[2.288646,48.884357],[2.287289,48.884546],[2.288878,48.885535],[2.289033,48.884595]]],[[[2.289313,48.885807],[2.290541,48.885652],[2.290838,48.885353],[2.289496,48.884513],[2.289313,48.885807]]],[[[2.287916,48.883529],[2.287442,48.883321],[2.286568,48.884098],[2.286912,48.884312],[2.288655,48.884176],[2.287916,48.883529]]],[[[2.281863,48.881747],[2.280697,48.881924],[2.280908,48.882879],[2.281721,48.883511],[2.282513,48.882588],[2.281863,48.881747]]],[[[2.285721,48.884758],[2.284735,48.88564],[2.285657,48.886266],[2.287375,48.88605],[2.285721,48.884758]]],[[[2.288037,48.886383],[2.28665,48.886544],[2.286632,48.886913],[2.288648,48.887819],[2.289188,48.887099],[2.288037,48.886383]]]],"type":"MultiPolygon"},"properties":{"id_projet":"MATERNELLES (année scolaire 2026/2027)","libelle":"VILLIERS (22) MAT","annee_scol":"2026-2027","zone_commune":0,"etiquette":"Secteur de l'école 22 VILLIERS (22) MAT","lib_etab_1":"VILLIERS (22) MAT","lib_etab_2":null,"lib_etab_3":null,"lib_etab_4":null,"adr_etab_1":"22 VILLIERS (22) MAT","adr_etab_2":null,"adr_etab_3":null,"adr_etab_4":null,"type_etabl":"Maternelle","geo_point_2d":{"lon":2.285233205599718,"lat":48.883770821451016},"st_area_shape":189207.29633007676,"st_perimeter_shape":10524.117892561102}},{"type":"Feature","geometry":{"coordinates":[[[[2.321824,48.893437],[2.320282,48.891569],[2.319318,48.891351],[2.318707,48.891579],[2.32064,48.894139],[2.322022,48.893719],[2.321824,48.893437]]],[[[2.322667,48.893652],[2.32264,48.893646],[2.322512,48.893686],[2.322342,48.893738],[2.32227,48.89376],[2.322257,48.893786],[2.322269,48.893802],[2.322392,48.893797],[2.322586,48.893777],[2.322667,48.893652]]],[[[2.322087,48.893826],[2.32207,48.893823],[2.321798,48.893906],[2.321594,48.893969],[2.321814,48.894108],[2.321916,48.894071],[2.321916,48.89407],[2.321905,48.894054],[2.321987,48.894027],[2.322087,48.893826]]],[[[2.320595,48.894317],[2.320562,48.89431],[2.320452,48.894348],[2.320315,48.894395],[2.320086,48.894475],[2.319961,48.894518],[2.319953,48.89453],[2.320165,48.89457],[2.320184,48.894593],[2.320226,48.894644],[2.320254,48.894634],[2.320259,48.894633],[2.320315,48.894614],[2.320349,48.894602],[2.320357,48.894599],[2.320417,48.894578],[2.320448,48.894568],[2.320483,48.894556],[2.320571,48.894526],[2.320588,48.89452],[2.320561,48.894485],[2.320532,48.894449],[2.320521,48.894435],[2.32052,48.894433],[2.320514,48.894426],[2.320511,48.894422],[2.32061,48.894335],[2.320595,48.894317]]],[[[2.319775,48.890981],[2.319367,48.891252],[2.320125,48.891388],[2.319775,48.890981]]],[[[2.321387,48.894489],[2.321164,48.894244],[2.321376,48.894037],[2.320971,48.894167],[2.321209,48.894485],[2.320741,48.894269],[2.321387,48.894489]]],[[[2.322716,48.893152],[2.321335,48.891817],[2.322658,48.893492],[2.322716,48.893152]]],[[[2.32074,48.890678],[2.320396,48.890629],[2.32132,48.891604],[2.32074,48.890678]]],[[[2.320293,48.89069],[2.319877,48.890921],[2.320333,48.89145],[2.321051,48.891595],[2.320293,48.89069]]],[[[2.317948,48.892045],[2.317908,48.89204],[2.31792,48.892321],[2.317926,48.89233],[2.317942,48.892352],[2.317962,48.892379],[2.31797,48.892391],[2.317985,48.892411],[2.318006,48.892441],[2.318035,48.892481],[2.318058,48.892514],[2.318066,48.892523],[2.318069,48.892528],[2.318134,48.892618],[2.31814,48.892627],[2.31816,48.892654],[2.318199,48.892708],[2.318268,48.892804],[2.318283,48.892825],[2.318311,48.892864],[2.318339,48.892903],[2.318345,48.892911],[2.318383,48.892964],[2.31843,48.893029],[2.318439,48.893042],[2.318454,48.893062],[2.31845,48.893063],[2.318452,48.893065],[2.318465,48.893083],[2.318492,48.89312],[2.318498,48.893127],[2.318516,48.893152],[2.318526,48.893166],[2.318557,48.893208],[2.318586,48.893248],[2.318587,48.893249],[2.318619,48.893292],[2.318649,48.893334],[2.318658,48.893346],[2.318662,48.893351],[2.318684,48.893381],[2.318729,48.893443],[2.318855,48.893627],[2.31894,48.89374],[2.318951,48.893755],[2.318974,48.893787],[2.319007,48.893833],[2.319034,48.893871],[2.319049,48.893892],[2.31905,48.893893],[2.319058,48.893904],[2.319069,48.89392],[2.319082,48.893938],[2.319109,48.893975],[2.319172,48.894063],[2.319222,48.894133],[2.319244,48.894164],[2.319279,48.894213],[2.319289,48.894227],[2.319296,48.894236],[2.319307,48.894251],[2.319312,48.894258],[2.319373,48.894344],[2.319375,48.894346],[2.319405,48.894388],[2.319414,48.8944],[2.319441,48.894438],[2.319705,48.894471],[2.319718,48.894449],[2.319656,48.894365],[2.319591,48.894276],[2.319512,48.894168],[2.319457,48.894094],[2.319385,48.893997],[2.319321,48.89391],[2.319261,48.893828],[2.319161,48.893692],[2.319066,48.893563],[2.31893,48.893379],[2.318864,48.893289],[2.318833,48.893247],[2.318787,48.893185],[2.318698,48.893063],[2.31865,48.892998],[2.318578,48.892901],[2.318535,48.892843],[2.318462,48.892744],[2.318391,48.892647],[2.318325,48.892557],[2.318259,48.892467],[2.318222,48.892417],[2.318158,48.892331],[2.318107,48.892261],[2.317948,48.892045]]],[[[2.320735,48.89166],[2.32216,48.893656],[2.322565,48.893551],[2.32119,48.891769],[2.320735,48.89166]]],[[[2.319773,48.893281],[2.318524,48.891705],[2.31808,48.89194],[2.319866,48.894402],[2.320494,48.89419],[2.319773,48.893281]]]],"type":"MultiPolygon"},"properties":{"id_projet":"MATERNELLES (année scolaire 2026/2027)","libelle":"FLEURS (61) MAT","annee_scol":"2026-2027","zone_commune":0,"etiquette":"Secteur de l'école 61 FLEURS (61) MAT","lib_etab_1":"FLEURS (61) MAT","lib_etab_2":null,"lib_etab_3":null,"lib_etab_4":null,"adr_etab_1":"61 FLEURS (61) MAT","adr_etab_2":null,"adr_etab_3":null,"adr_etab_4":null,"type_etabl":"Maternelle","geo_point_2d":{"lon":2.320277019434119,"lat":48.892728593640975},"st_area_shape":74789.85162532459,"st_perimeter_shape":4572.506168900651}},{"type":"Feature","geometry":{"coordinates":[[[[2.29246,48.878884],[2.294002,48.87853],[2.29402,48.878306],[2.292248,48.877188],[2.29164,48.87809],[2.292164,48.8781],[2.291941,48.878843],[2.291709,48.878667],[2.291973,48.878258],[2.291616,48.878129],[2.291059,48.879007],[2.29246,48.878884]]],[[[2.290071,48.877819],[2.290933,48.876646],[2.290478,48.876505],[2.289422,48.877589],[2.289843,48.87697],[2.289105,48.876151],[2.288324,48.877742],[2.28921,48.878295],[2.289834,48.87778],[2.289284,48.878354],[2.289563,48.878459],[2.290071,48.877819]]],[[[2.288825,48.878304],[2.28808,48.878238],[2.287714,48.879046],[2.289317,48.879607],[2.290849,48.879113],[2.288825,48.878304]]],[[[2.291984,48.876916],[2.2924,48.87642],[2.291328,48.875324],[2.289408,48.875919],[2.291984,48.876916]]],[[[2.297239,48.877182],[2.296679,48.876462],[2.295209,48.877551],[2.295669,48.878147],[2.297598,48.877707],[2.297239,48.877182]]],[[[2.287773,48.878431],[2.287702,48.878019],[2.285052,48.878033],[2.287275,48.879331],[2.287773,48.878431]]],[[[2.286559,48.880242],[2.286318,48.879322],[2.284409,48.878255],[2.285227,48.880122],[2.286559,48.880242]]],[[[2.293186,48.874737],[2.291512,48.875271],[2.292526,48.876272],[2.293596,48.875005],[2.293186,48.874737]]],[[[2.285685,48.877116],[2.284451,48.877495],[2.284863,48.877883],[2.287717,48.877885],[2.285685,48.877116]]],[[[2.290899,48.878902],[2.291408,48.878089],[2.290355,48.877707],[2.28969,48.878505],[2.290899,48.878902]]],[[[2.293325,48.877417],[2.293939,48.876292],[2.293551,48.875845],[2.292429,48.877128],[2.293325,48.877417]]],[[[2.291861,48.877511],[2.292087,48.877109],[2.291606,48.876922],[2.291098,48.877406],[2.291575,48.876899],[2.291135,48.876724],[2.290455,48.877576],[2.291572,48.877968],[2.291861,48.877511]]],[[[2.28732,48.876604],[2.285882,48.877066],[2.287799,48.877792],[2.28732,48.876604]]],[[[2.288747,48.876435],[2.288845,48.876097],[2.287462,48.876558],[2.288054,48.877703],[2.288747,48.876435]]],[[[2.29488,48.877129],[2.29634,48.875946],[2.296048,48.875537],[2.294812,48.876555],[2.29488,48.877129]]],[[[2.288287,48.880013],[2.284227,48.877836],[2.287978,48.880084],[2.288287,48.880013]]],[[[2.294168,48.876544],[2.294012,48.876416],[2.293322,48.877678],[2.29375,48.877982],[2.294123,48.877728],[2.294168,48.876544]]],[[[2.296643,48.876359],[2.296389,48.876047],[2.294933,48.87723],[2.295167,48.877451],[2.296643,48.876359]]],[[[2.294109,48.875203],[2.293607,48.875731],[2.294329,48.876496],[2.294534,48.875293],[2.294109,48.875203]]],[[[2.295964,48.875424],[2.29502,48.875329],[2.294851,48.876332],[2.295964,48.875424]]],[[[2.287811,48.879203],[2.287522,48.879465],[2.288226,48.879844],[2.289038,48.879671],[2.287811,48.879203]]],[[[2.295111,48.877625],[2.294586,48.87792],[2.294499,48.878391],[2.295516,48.878181],[2.295111,48.877625]]],[[[2.287501,48.880026],[2.2865,48.879463],[2.286778,48.880173],[2.287501,48.880026]]],[[[2.289887,48.876237],[2.289346,48.876071],[2.289926,48.876787],[2.290312,48.876426],[2.289887,48.876237]]],[[[2.295175,48.875219],[2.29576,48.875142],[2.295519,48.874814],[2.295101,48.874861],[2.295175,48.875219]]],[[[2.285354,48.88025],[2.285337,48.880524],[2.286122,48.880343],[2.285354,48.88025]]],[[[2.293653,48.874895],[2.293948,48.874589],[2.293319,48.874673],[2.293653,48.874895]]],[[[2.294554,48.875187],[2.294412,48.874779],[2.294159,48.875077],[2.294554,48.875187]]],[[[2.294888,48.877353],[2.294606,48.87777],[2.295029,48.87755],[2.294888,48.877353]]],[[[2.294113,48.877782],[2.293782,48.878005],[2.294051,48.878157],[2.294113,48.877782]]]],"type":"MultiPolygon"},"properties":{"id_projet":"MATERNELLES (année scolaire 2020/2021)","libelle":"COLONEL MOLL (16) MAT","annee_scol":"2020-2021","zone_commune":0,"etiquette":"Secteur de l'école 16 RUE DU COLONEL MOLL","lib_etab_1":"COLONEL MOLL (16) MAT","lib_etab_2":null,"lib_etab_3":null,"lib_etab_4":null,"adr_etab_1":"16 RUE DU COLONEL MOLL","adr_etab_2":null,"adr_etab_3":null,"adr_etab_4":null,"type_etabl":null,"geo_point_2d":{"lon":2.2906180356992376,"lat":48.877560893169296},"st_area_shape":263692.35155292175,"st_perimeter_shape":12781.499611984456}},{"type":"Feature","geometry":{"coordinates":[[[[2.288008,48.882515],[2.289092,48.881534],[2.286841,48.880516],[2.285737,48.881096],[2.286946,48.881814],[2.286466,48.882234],[2.287356,48.882312],[2.28713,48.882539],[2.287627,48.882859],[2.288008,48.882515]],[[2.287382,48.882377],[2.287653,48.882173],[2.287287,48.881934],[2.287836,48.88146],[2.287372,48.881922],[2.287685,48.882151],[2.288385,48.881782],[2.287382,48.882377]],[[2.286723,48.880826],[2.286351,48.881175],[2.28617,48.880977],[2.286723,48.880826]]],[[[2.290794,48.882814],[2.291571,48.882161],[2.290678,48.882161],[2.289998,48.881778],[2.289719,48.881169],[2.28863,48.882134],[2.290468,48.883106],[2.290794,48.882814]]],[[[2.291353,48.882783],[2.290866,48.882914],[2.291001,48.883921],[2.29286,48.883624],[2.291353,48.882783]]],[[[2.292271,48.885039],[2.293478,48.884038],[2.292866,48.883773],[2.291137,48.88513],[2.291861,48.884844],[2.291576,48.885071],[2.29173,48.885474],[2.292271,48.885039]]],[[[2.29465,48.884129],[2.294874,48.883946],[2.293515,48.88321],[2.293012,48.883655],[2.294367,48.884347],[2.29465,48.884129]]],[[[2.295268,48.884158],[2.294984,48.884046],[2.294524,48.884422],[2.295725,48.884988],[2.296422,48.884909],[2.295268,48.884158]]],[[[2.291664,48.884579],[2.292456,48.883921],[2.290964,48.884062],[2.291029,48.885025],[2.291664,48.884579]]],[[[2.296609,48.884518],[2.29355,48.883072],[2.296494,48.884694],[2.296609,48.884518]]],[[[2.290322,48.883141],[2.289895,48.882982],[2.288897,48.883694],[2.289385,48.883994],[2.290322,48.883141]]],[[[2.288659,48.882989],[2.289175,48.882628],[2.288665,48.882298],[2.2877,48.882976],[2.288237,48.883294],[2.288659,48.882989]]],[[[2.290765,48.883476],[2.290669,48.883077],[2.289549,48.884003],[2.290743,48.88394],[2.290765,48.883476]]],[[[2.289754,48.882848],[2.289312,48.88269],[2.288365,48.883384],[2.288776,48.883619],[2.289754,48.882848]]],[[[2.292768,48.882805],[2.292179,48.883091],[2.29299,48.883505],[2.293366,48.883129],[2.292768,48.882805]]],[[[2.291826,48.882295],[2.291289,48.88261],[2.292048,48.882996],[2.292422,48.882617],[2.291826,48.882295]]],[[[2.290881,48.884973],[2.290801,48.884076],[2.289608,48.884132],[2.290777,48.884555],[2.290881,48.884973]]],[[[2.286426,48.881672],[2.285987,48.881442],[2.286357,48.882112],[2.286682,48.881875],[2.286426,48.881672]]],[[[2.295623,48.882645],[2.295619,48.882644],[2.295579,48.882681],[2.295582,48.882682],[2.295583,48.882681],[2.295623,48.882645]]]],"type":"MultiPolygon"},"properties":{"id_projet":"MATERNELLES (année scolaire 2020/2021)","libelle":"BAYEN (56) MAT","annee_scol":"2020-2021","zone_commune":0,"etiquette":"Secteur de l'école 56 RUE BAYEN","lib_etab_1":"BAYEN (56) MAT","lib_etab_2":null,"lib_etab_3":null,"lib_etab_4":null,"adr_etab_1":"56 RUE BAYEN","adr_etab_2":null,"adr_etab_3":null,"adr_etab_4":null,"type_etabl":null,"geo_point_2d":{"lon":2.290691189920957,"lat":48.88304258667268},"st_area_shape":125285.00518987248,"st_perimeter_shape":7287.415419737101}},{"type":"Feature","geometry":{"coordinates":[[[[2.321824,48.893437],[2.320282,48.891569],[2.319318,48.891351],[2.318707,48.891579],[2.32064,48.894139],[2.322022,48.893719],[2.321824,48.893437]]],[[[2.319773,48.893281],[2.318524,48.891705],[2.31808,48.89194],[2.319972,48.894172],[2.319868,48.894402],[2.320494,48.89419],[2.319773,48.893281]]],[[[2.320735,48.89166],[2.32216,48.893656],[2.322565,48.893551],[2.32119,48.891769],[2.320735,48.89166]]],[[[2.320293,48.89069],[2.319877,48.890921],[2.320333,48.89145],[2.321051,48.891595],[2.320293,48.89069]]],[[[2.321067,48.890935],[2.320402,48.890608],[2.321243,48.891643],[2.321067,48.890935]]],[[[2.322716,48.893152],[2.321335,48.891817],[2.322658,48.893492],[2.322716,48.893152]]],[[[2.321387,48.894489],[2.321164,48.894244],[2.321376,48.894037],[2.320971,48.894167],[2.321209,48.894485],[2.320741,48.894269],[2.321387,48.894489]]],[[[2.319775,48.890981],[2.319367,48.891252],[2.320125,48.891388],[2.319775,48.890981]]],[[[2.320595,48.894317],[2.320562,48.89431],[2.320452,48.894348],[2.320315,48.894395],[2.320086,48.894475],[2.319961,48.894518],[2.319953,48.89453],[2.320165,48.89457],[2.320184,48.894593],[2.320226,48.894644],[2.320254,48.894634],[2.320259,48.894633],[2.320315,48.894614],[2.320349,48.894602],[2.320357,48.894599],[2.320417,48.894578],[2.320448,48.894568],[2.320483,48.894556],[2.320571,48.894526],[2.320588,48.89452],[2.320561,48.894485],[2.320532,48.894449],[2.320521,48.894435],[2.32052,48.894433],[2.320514,48.894426],[2.320511,48.894422],[2.32061,48.894335],[2.320595,48.894317]]],[[[2.322609,48.893806],[2.322257,48.893786],[2.322604,48.894052],[2.322609,48.893806]]],[[[2.322087,48.893826],[2.32207,48.893823],[2.321798,48.893906],[2.321594,48.893969],[2.321814,48.894108],[2.321916,48.894071],[2.321916,48.89407],[2.321905,48.894054],[2.321987,48.894027],[2.322087,48.893826]]]],"type":"MultiPolygon"},"properties":{"id_projet":"MATERNELLES (année scolaire 2021/2022)","libelle":"FLEURS (61) MAT","annee_scol":"2021-2022","zone_commune":0,"etiquette":"Secteur de l'école 61 CITE DES FLEURS","lib_etab_1":"FLEURS (61) MAT","lib_etab_2":null,"lib_etab_3":null,"lib_etab_4":null,"adr_etab_1":"61 CITE DES FLEURS","adr_etab_2":null,"adr_etab_3":null,"adr_etab_4":null,"type_etabl":"Maternelle","geo_point_2d":{"lon":2.3204820166084734,"lat":48.89265971077511},"st_area_shape":65908.32981849289,"st_perimeter_shape":4055.963466666882}},{"type":"Feature","geometry":{"coordinates":[[[[2.311288,48.890234],[2.309461,48.888835],[2.30899,48.888806],[2.304851,48.890265],[2.308352,48.892175],[2.311288,48.890234]]],[[[2.305115,48.889906],[2.307593,48.889073],[2.306497,48.888379],[2.304367,48.88997],[2.305115,48.889906]]],[[[2.302016,48.890936],[2.300162,48.889994],[2.29988,48.890193],[2.301611,48.891209],[2.301462,48.891585],[2.302016,48.890936]]],[[[2.300564,48.889396],[2.301031,48.888969],[2.300786,48.888969],[2.299629,48.889604],[2.30015,48.889775],[2.300564,48.889396]]],[[[2.302999,48.889825],[2.302723,48.889937],[2.302967,48.890476],[2.303443,48.890119],[2.302999,48.889825]]],[[[2.301032,48.889603],[2.300796,48.889491],[2.300405,48.889976],[2.300896,48.890208],[2.301032,48.889603]]],[[[2.301599,48.88916],[2.301253,48.889073],[2.300954,48.889413],[2.301716,48.889507],[2.301599,48.88916]]],[[[2.301814,48.890103],[2.301028,48.890271],[2.30177,48.89062],[2.301814,48.890103]]],[[[2.302172,48.889433],[2.302004,48.889876],[2.302752,48.889708],[2.302172,48.889433]]],[[[2.302856,48.89056],[2.302048,48.890469],[2.302061,48.890757],[2.302856,48.89056]]],[[[2.301806,48.889984],[2.301782,48.889612],[2.301197,48.889629],[2.301222,48.890006],[2.301806,48.889984]]],[[[2.302587,48.890345],[2.302562,48.889967],[2.302011,48.889984],[2.302036,48.890361],[2.302587,48.890345]]],[[[2.300456,48.892186],[2.299914,48.892343],[2.300345,48.892547],[2.300456,48.892186]]]],"type":"MultiPolygon"},"properties":{"id_projet":"MATERNELLES (année scolaire 2021/2022)","libelle":"CHRISTINE DE PISAN (24) MAT","annee_scol":"2021-2022","zone_commune":0,"etiquette":"Secteur de l'école 24 RUE CHRISTINE DE PISAN","lib_etab_1":"CHRISTINE DE PISAN (24) MAT","lib_etab_2":null,"lib_etab_3":null,"lib_etab_4":null,"adr_etab_1":"24 RUE CHRISTINE DE PISAN","adr_etab_2":null,"adr_etab_3":null,"adr_etab_4":null,"type_etabl":"Maternelle","geo_point_2d":{"lon":2.3065417525944554,"lat":48.89020450140217},"st_area_shape":135746.96568336032,"st_perimeter_shape":4390.809254366875}},{"type":"Feature","geometry":{"coordinates":[[[[2.313821,48.886088],[2.314714,48.884527],[2.313647,48.88388],[2.311021,48.885122],[2.3131,48.886567],[2.313821,48.886088]],[[2.31272,48.885181],[2.312729,48.885174],[2.312734,48.885177],[2.312725,48.885184],[2.31272,48.885181]]],[[[2.31112,48.884528],[2.312489,48.883303],[2.310423,48.883127],[2.308935,48.884029],[2.31067,48.88492],[2.31112,48.884528]]],[[[2.310103,48.885471],[2.310577,48.885008],[2.309343,48.884391],[2.308807,48.884861],[2.309296,48.885103],[2.308183,48.885408],[2.309547,48.885863],[2.310103,48.885471]]],[[[2.312795,48.883125],[2.313949,48.882237],[2.312029,48.882417],[2.312795,48.883125]]],[[[2.311876,48.887217],[2.311242,48.8866],[2.309564,48.886083],[2.310893,48.887124],[2.31138,48.886937],[2.311876,48.887217]]],[[[2.312574,48.886363],[2.310883,48.88521],[2.310414,48.885441],[2.312143,48.886595],[2.312574,48.886363]]],[[[2.313059,48.883535],[2.31084,48.885027],[2.313497,48.88382],[2.313059,48.883535]]],[[[2.310985,48.885899],[2.310372,48.885476],[2.310092,48.885717],[2.312114,48.886656],[2.310985,48.885899]]],[[[2.311782,48.882533],[2.310681,48.88304],[2.312433,48.88319],[2.311782,48.882533]]],[[[2.313893,48.883322],[2.31402,48.883147],[2.31364,48.882972],[2.314145,48.882366],[2.312954,48.883207],[2.313801,48.883587],[2.313893,48.883322]]],[[[2.308535,48.88607],[2.309359,48.886018],[2.308073,48.885595],[2.308016,48.886157],[2.308535,48.88607]]],[[[2.30919,48.884316],[2.308754,48.884177],[2.308212,48.884651],[2.308623,48.884843],[2.30919,48.884316]]],[[[2.314903,48.884723],[2.3141,48.886051],[2.315025,48.884938],[2.314903,48.884723]]],[[[2.314826,48.88227],[2.315149,48.882011],[2.314865,48.881822],[2.314271,48.882253],[2.314826,48.88227]]],[[[2.312694,48.886445],[2.312191,48.8867],[2.312645,48.886809],[2.3129,48.886651],[2.312694,48.886445]]],[[[2.31291,48.883448],[2.312773,48.883367],[2.312732,48.883369],[2.312573,48.883484],[2.312448,48.883574],[2.312322,48.883665],[2.31223,48.883732],[2.312118,48.883813],[2.312245,48.88389],[2.312368,48.883813],[2.312454,48.88376],[2.31259,48.883675],[2.312726,48.88359],[2.312911,48.883475],[2.31291,48.883448]]],[[[2.310247,48.885955],[2.30999,48.885789],[2.309949,48.88579],[2.309784,48.885915],[2.309793,48.885941],[2.310116,48.886044],[2.310323,48.886109],[2.310524,48.886173],[2.310549,48.88615],[2.310388,48.886046],[2.310247,48.885955]]],[[[2.314435,48.881933],[2.31441,48.88191],[2.314147,48.881967],[2.314143,48.881968],[2.31387,48.882026],[2.313857,48.882072],[2.314043,48.882171],[2.314112,48.882169],[2.314279,48.882046],[2.314435,48.881933]]],[[[2.312144,48.886884],[2.31181,48.886778],[2.311786,48.886801],[2.312029,48.886958],[2.312168,48.887048],[2.31224,48.887095],[2.31224,48.887095],[2.312281,48.887095],[2.312433,48.887001],[2.312427,48.886975],[2.312427,48.886974],[2.312292,48.886931],[2.312144,48.886884]]]],"type":"MultiPolygon"},"properties":{"id_projet":"MATERNELLES (année scolaire 2021/2022)","libelle":"JOUFFROY (20) MAT","annee_scol":"2021-2022","zone_commune":0,"etiquette":"Secteur de l'école 20 RUE JOUFFROY D'ABBANS","lib_etab_1":"JOUFFROY (20) MAT","lib_etab_2":null,"lib_etab_3":null,"lib_etab_4":null,"adr_etab_1":"20 RUE JOUFFROY D'ABBANS","adr_etab_2":null,"adr_etab_3":null,"adr_etab_4":null,"type_etabl":"Maternelle","geo_point_2d":{"lon":2.3117532951346056,"lat":48.88469925240042},"st_area_shape":140876.4680498128,"st_perimeter_shape":6863.874008283872}},{"type":"Feature","geometry":{"coordinates":[[[2.309334,48.893977],[2.311406,48.894318],[2.311824,48.894],[2.312516,48.894646],[2.31238,48.894177],[2.308241,48.89233],[2.307101,48.893006],[2.30616,48.892494],[2.30725,48.89185],[2.304286,48.890453],[2.301878,48.891874],[2.30425,48.89336],[2.304006,48.893535],[2.303626,48.893762],[2.301139,48.892541],[2.30081,48.892686],[2.305675,48.895069],[2.304618,48.894383],[2.305196,48.893949],[2.307219,48.895146],[2.309696,48.895969],[2.310175,48.895992],[2.309742,48.895677],[2.310272,48.894346],[2.309334,48.893977]]],"type":"Polygon"},"properties":{"id_projet":"MATERNELLES (année scolaire 2023/2024)","libelle":"MARGUERITE LONG (5) POLY","annee_scol":"2023-2024","zone_commune":0,"etiquette":"Secteur de l'école 5 RUE MARGUERITE LONG","lib_etab_1":"MARGUERITE LONG (5) POLY","lib_etab_2":null,"lib_etab_3":null,"lib_etab_4":null,"adr_etab_1":"5 RUE MARGUERITE LONG","adr_etab_2":null,"adr_etab_3":null,"adr_etab_4":null,"type_etabl":"Maternelle","geo_point_2d":{"lon":2.306440024684022,"lat":48.89322396168593},"st_area_shape":191968.7715691214,"st_perimeter_shape":3486.6586587929455}},{"type":"Feature","geometry":{"coordinates":[[[[2.302515,48.88446],[2.298143,48.885135],[2.303034,48.885165],[2.302515,48.88446]]],[[[2.304213,48.882466],[2.303256,48.88286],[2.30433,48.883407],[2.304213,48.882466]]],[[[2.30139,48.882823],[2.301096,48.882531],[2.300378,48.883776],[2.301672,48.883279],[2.30139,48.882823]]],[[[2.303006,48.882962],[2.302198,48.883307],[2.302714,48.884017],[2.304357,48.883762],[2.303006,48.882962]]],[[[2.301867,48.883475],[2.300549,48.884013],[2.30122,48.884308],[2.302201,48.884184],[2.301867,48.883475]]],[[[2.300384,48.884068],[2.299273,48.884507],[2.300876,48.884351],[2.300384,48.884068]]],[[[2.299446,48.883626],[2.298986,48.883433],[2.297908,48.884504],[2.298403,48.884661],[2.300062,48.88396],[2.299446,48.883626]]],[[[2.304649,48.884029],[2.30302,48.884437],[2.303453,48.884953],[2.304649,48.884029]]],[[[2.30704,48.885933],[2.306661,48.885905],[2.30717,48.886182],[2.30704,48.885933]]],[[[2.301246,48.885636],[2.301526,48.885373],[2.29878,48.885467],[2.300521,48.886188],[2.301246,48.885636]]],[[[2.302909,48.885389],[2.301828,48.885367],[2.300747,48.886265],[2.301523,48.886471],[2.302909,48.885389]]],[[[2.302906,48.885958],[2.303655,48.885934],[2.303225,48.885423],[2.301816,48.886579],[2.303206,48.886158],[2.302906,48.885958]]],[[[2.308743,48.886491],[2.309359,48.886018],[2.308238,48.88585],[2.307891,48.886319],[2.307294,48.886239],[2.308309,48.886789],[2.308743,48.886491]]],[[[2.297048,48.885496],[2.296079,48.886326],[2.297368,48.886813],[2.297048,48.885496]]],[[[2.303881,48.886243],[2.303693,48.88605],[2.302412,48.886724],[2.304314,48.88705],[2.303881,48.886243]]],[[[2.300521,48.88693],[2.297457,48.885513],[2.297613,48.886332],[2.298182,48.887011],[2.300521,48.88693]]],[[[2.305661,48.886925],[2.305269,48.887171],[2.30613,48.88725],[2.305661,48.886925]]],[[[2.308062,48.887002],[2.306558,48.886003],[2.305621,48.886741],[2.3064,48.88731],[2.307403,48.887435],[2.308062,48.887002]]],[[[2.301828,48.886748],[2.297881,48.885394],[2.30138,48.886887],[2.304212,48.887441],[2.304275,48.887207],[2.301828,48.886748]]],[[[2.298411,48.88713],[2.299728,48.887829],[2.300476,48.88729],[2.298411,48.88713]]],[[[2.305209,48.887715],[2.304804,48.887742],[2.304508,48.888734],[2.306113,48.887843],[2.305209,48.887715]]],[[[2.301606,48.888452],[2.300821,48.887359],[2.30002,48.887927],[2.301788,48.888806],[2.301606,48.888452]]],[[[2.302051,48.887226],[2.302381,48.888035],[2.304054,48.88886],[2.304317,48.887617],[2.302051,48.887226]]],[[[2.302968,48.888514],[2.302649,48.888437],[2.302968,48.888802],[2.30389,48.889406],[2.303966,48.889035],[2.302968,48.888514]]],[[[2.302834,48.888899],[2.301543,48.88722],[2.300958,48.887192],[2.302219,48.889007],[2.303686,48.889711],[2.302834,48.888899]]]],"type":"MultiPolygon"},"properties":{"id_projet":"MATERNELLES (année scolaire 2024/2025)","libelle":"GUSTAVE DORE (3) MAT","annee_scol":"2024-2025","zone_commune":0,"etiquette":"Secteur de l'école 3 RUE GUSTAVE DORE","lib_etab_1":"GUSTAVE DORE (3) MAT","lib_etab_2":null,"lib_etab_3":null,"lib_etab_4":null,"adr_etab_1":"3 RUE GUSTAVE DORE","adr_etab_2":null,"adr_etab_3":null,"adr_etab_4":null,"type_etabl":"Maternelle","geo_point_2d":{"lon":2.3020293069872,"lat":48.8860998181374},"st_area_shape":217664.41932132427,"st_perimeter_shape":11190.879360083049}},{"type":"Feature","geometry":{"coordinates":[[[[2.320674,48.897761],[2.321851,48.898314],[2.322958,48.897679],[2.321498,48.897547],[2.314121,48.894847],[2.312485,48.89538],[2.313555,48.896246],[2.314844,48.895667],[2.320674,48.897761]]],[[[2.312289,48.897742],[2.313384,48.898075],[2.314986,48.897134],[2.314468,48.89622],[2.312987,48.896923],[2.312825,48.896753],[2.313311,48.896344],[2.312151,48.895572],[2.31089,48.896297],[2.311639,48.896973],[2.310973,48.896721],[2.31074,48.896991],[2.312289,48.897742]]],[[[2.311795,48.895061],[2.312516,48.894646],[2.311824,48.894],[2.311406,48.894318],[2.309998,48.893977],[2.309781,48.894165],[2.310272,48.894346],[2.309742,48.895677],[2.310213,48.896024],[2.311887,48.895242],[2.311795,48.895061]],[[2.311699,48.89487],[2.311677,48.895129],[2.311454,48.89478],[2.311699,48.89487]]],[[[2.31812,48.894868],[2.318778,48.895019],[2.31975,48.894616],[2.318319,48.894856],[2.317329,48.893775],[2.317044,48.89387],[2.316119,48.893068],[2.314403,48.894059],[2.31812,48.894868]]],[[[2.322628,48.89731],[2.321808,48.896714],[2.321416,48.896837],[2.320659,48.895862],[2.320259,48.896029],[2.318555,48.895373],[2.318423,48.896007],[2.322628,48.89731]]],[[[2.318832,48.894064],[2.318502,48.893722],[2.317717,48.894033],[2.31857,48.894716],[2.319155,48.89452],[2.318832,48.894064]]],[[[2.316872,48.895115],[2.317674,48.894939],[2.315803,48.89447],[2.316347,48.895174],[2.316872,48.895115]]],[[[2.318045,48.894973],[2.317669,48.895065],[2.317595,48.89565],[2.31826,48.895902],[2.318381,48.895077],[2.318045,48.894973]],[[2.318045,48.894973],[2.318045,48.894981],[2.318045,48.895055],[2.318045,48.894973]]],[[[2.316992,48.893769],[2.317309,48.893749],[2.316598,48.892813],[2.31616,48.893045],[2.316992,48.893769]]],[[[2.31792,48.892321],[2.319362,48.894536],[2.319703,48.894474],[2.31792,48.892321]]],[[[2.314419,48.894191],[2.314057,48.894303],[2.315324,48.894706],[2.314419,48.894191]]],[[[2.317577,48.892306],[2.317257,48.892471],[2.317705,48.893081],[2.318037,48.892996],[2.317577,48.892306]]],[[[2.317075,48.892594],[2.316756,48.892761],[2.317137,48.893262],[2.317471,48.893177],[2.317075,48.892594]]],[[[2.317515,48.895453],[2.317589,48.895071],[2.316881,48.895302],[2.317515,48.895453]],[[2.317208,48.895316],[2.317171,48.895239],[2.317177,48.895252],[2.317209,48.895316],[2.317208,48.895316]]],[[[2.315433,48.894392],[2.315276,48.894361],[2.315249,48.894383],[2.315339,48.894495],[2.315407,48.89458],[2.315522,48.894724],[2.31568,48.894922],[2.315887,48.895],[2.315892,48.895002],[2.315955,48.895026],[2.316119,48.895088],[2.316129,48.895077],[2.315988,48.894896],[2.315932,48.894823],[2.315886,48.894762],[2.315836,48.894698],[2.31569,48.894508],[2.315649,48.894455],[2.315596,48.894424],[2.315433,48.894392]]],[[[2.318164,48.893127],[2.31782,48.893237],[2.318222,48.893667],[2.318454,48.893537],[2.318164,48.893127]]],[[[2.317599,48.893307],[2.317255,48.893417],[2.317861,48.893782],[2.317599,48.893307]]]],"type":"MultiPolygon"},"properties":{"id_projet":"MATERNELLES (année scolaire 2024/2025)","libelle":"BESSIERES (90) MAT","annee_scol":"2024-2025","zone_commune":0,"etiquette":"Secteur de l'école 90 BOULEVARD BESSIERES","lib_etab_1":"BESSIERES (90) MAT","lib_etab_2":null,"lib_etab_3":null,"lib_etab_4":null,"adr_etab_1":"90 BOULEVARD BESSIERES","adr_etab_2":null,"adr_etab_3":null,"adr_etab_4":null,"type_etabl":"Maternelle","geo_point_2d":{"lon":2.315621619289592,"lat":48.89560338658234},"st_area_shape":204219.75537361702,"st_perimeter_shape":9285.040179601472}},{"type":"Feature","geometry":{"coordinates":[[[[2.325811,48.891684],[2.325154,48.891099],[2.322772,48.891859],[2.323581,48.892086],[2.32486,48.89167],[2.323844,48.892125],[2.324726,48.892333],[2.326015,48.891913],[2.325811,48.891684]]],[[[2.32364,48.893212],[2.324363,48.892593],[2.324827,48.893377],[2.325241,48.893398],[2.324729,48.892523],[2.322296,48.892023],[2.323454,48.893436],[2.32364,48.893212]]],[[[2.321771,48.889825],[2.321388,48.89005],[2.323037,48.891656],[2.323703,48.891462],[2.321771,48.889825]]],[[[2.321289,48.890111],[2.320905,48.890327],[2.322159,48.891855],[2.322901,48.891719],[2.321289,48.890111]]],[[[2.326495,48.890695],[2.325345,48.89106],[2.326227,48.891864],[2.326794,48.891582],[2.326495,48.890695]]],[[[2.324575,48.891175],[2.324025,48.891169],[2.321889,48.889763],[2.323841,48.8914],[2.324575,48.891175]]],[[[2.322931,48.893407],[2.323276,48.893408],[2.322093,48.891965],[2.321359,48.891797],[2.322931,48.893407]]],[[[2.326154,48.892007],[2.325001,48.892392],[2.326928,48.892809],[2.326154,48.892007]]],[[[2.325802,48.893039],[2.327077,48.893029],[2.324975,48.892576],[2.325317,48.89323],[2.325802,48.893039]]],[[[2.326896,48.89189],[2.326382,48.891986],[2.327166,48.892692],[2.326896,48.89189]]]],"type":"MultiPolygon"},"properties":{"id_projet":"MATERNELLES (année scolaire 2020/2021)","libelle":"CAPITAINE LAGACHE (21) MAT","annee_scol":"2020-2021","zone_commune":0,"etiquette":"Secteur de l'école 21 RUE DU CAPITAINE LAGACHE","lib_etab_1":"CAPITAINE LAGACHE (21) MAT","lib_etab_2":null,"lib_etab_3":null,"lib_etab_4":null,"adr_etab_1":"21 RUE DU CAPITAINE LAGACHE","adr_etab_2":null,"adr_etab_3":null,"adr_etab_4":null,"type_etabl":null,"geo_point_2d":{"lon":2.3239738256040265,"lat":48.8917596311586},"st_area_shape":81844.05146746422,"st_perimeter_shape":5015.206308394676}},{"type":"Feature","geometry":{"coordinates":[[[[2.318836,48.891233],[2.319966,48.890555],[2.31865,48.889573],[2.317351,48.890246],[2.31826,48.891237],[2.318836,48.891233]]],[[[2.316605,48.886595],[2.315107,48.88767],[2.315726,48.888322],[2.317502,48.887334],[2.316605,48.886595]]],[[[2.320236,48.888691],[2.319661,48.889017],[2.320719,48.890119],[2.321535,48.889675],[2.320236,48.888691]]],[[[2.317978,48.88907],[2.316873,48.889647],[2.317227,48.890149],[2.3185,48.889491],[2.317978,48.88907]]],[[[2.317251,48.888529],[2.316233,48.889107],[2.316706,48.889603],[2.317797,48.888966],[2.317251,48.888529]]],[[[2.32032,48.886082],[2.3198,48.885694],[2.318574,48.886623],[2.318882,48.886779],[2.32032,48.886082]]],[[[2.319783,48.887629],[2.319348,48.887243],[2.318484,48.88779],[2.318984,48.888273],[2.319783,48.887629]]],[[[2.320062,48.887164],[2.320915,48.886848],[2.321696,48.886144],[2.321628,48.885828],[2.319512,48.887144],[2.320062,48.887164]]],[[[2.318811,48.887423],[2.319244,48.887158],[2.318458,48.886697],[2.317809,48.887085],[2.318364,48.887664],[2.318811,48.887423]]],[[[2.32028,48.888249],[2.319832,48.888115],[2.320196,48.88771],[2.319063,48.888394],[2.319586,48.888901],[2.32028,48.888249]]],[[[2.318366,48.887867],[2.317453,48.888408],[2.318045,48.888821],[2.318816,48.888371],[2.318366,48.887867]]],[[[2.318942,48.888469],[2.318151,48.888929],[2.318754,48.889353],[2.319416,48.888997],[2.318942,48.888469]]],[[[2.317912,48.887393],[2.316885,48.887983],[2.317347,48.8883],[2.31824,48.887769],[2.317912,48.887393]]],[[[2.31683,48.888608],[2.317104,48.888419],[2.316684,48.888105],[2.315804,48.888657],[2.31617,48.889001],[2.31683,48.888608]]],[[[2.319563,48.886961],[2.320658,48.886288],[2.320407,48.886138],[2.318979,48.88683],[2.319563,48.886961]]],[[[2.320011,48.889584],[2.319459,48.889905],[2.320212,48.890439],[2.320596,48.890193],[2.320011,48.889584]]],[[[2.319538,48.889093],[2.318863,48.889459],[2.319331,48.889808],[2.319903,48.889476],[2.319538,48.889093]]],[[[2.321615,48.889072],[2.320687,48.888891],[2.321631,48.889583],[2.321615,48.889072]]],[[[2.31745,48.886109],[2.316751,48.886461],[2.317001,48.886566],[2.31745,48.886109]]],[[[2.321325,48.885866],[2.32087,48.885812],[2.320728,48.886204],[2.321325,48.885866]]],[[[2.31772,48.887021],[2.318287,48.886681],[2.31804,48.886532],[2.317503,48.886858],[2.31772,48.887021]]],[[[2.3204,48.885443],[2.320443,48.885418],[2.320456,48.88543],[2.320556,48.885522],[2.320702,48.88545],[2.320713,48.885445],[2.32075,48.885427],[2.320829,48.885388],[2.320867,48.885369],[2.320847,48.885353],[2.320798,48.885313],[2.32074,48.885266],[2.320808,48.885222],[2.320821,48.885216],[2.320728,48.885135],[2.320644,48.885186],[2.320477,48.885286],[2.32036,48.885356],[2.320185,48.885461],[2.320018,48.885562],[2.319899,48.885633],[2.319976,48.885691],[2.319979,48.885689],[2.320061,48.885641],[2.320097,48.88562],[2.320185,48.885569],[2.320256,48.885527],[2.32027,48.885519],[2.320302,48.8855],[2.320383,48.885453],[2.320394,48.885446],[2.3204,48.885443]]],[[[2.317864,48.886351],[2.317757,48.886288],[2.317716,48.886288],[2.317568,48.886376],[2.31742,48.886464],[2.317311,48.886528],[2.317137,48.886631],[2.317139,48.886658],[2.31728,48.88673],[2.317446,48.88663],[2.317562,48.88656],[2.317705,48.886474],[2.317865,48.886377],[2.317864,48.886351]]],[[[2.320575,48.888797],[2.32066,48.88862],[2.320578,48.888668],[2.320535,48.888637],[2.320509,48.888617],[2.320337,48.888636],[2.320469,48.888733],[2.320556,48.888797],[2.320575,48.888797]]]],"type":"MultiPolygon"},"properties":{"id_projet":"MATERNELLES (année scolaire 2020/2021)","libelle":"BROCHANT (28) MAT","annee_scol":"2020-2021","zone_commune":0,"etiquette":"Secteur de l'école 28 RUE BROCHANT","lib_etab_1":"BROCHANT (28) MAT","lib_etab_2":null,"lib_etab_3":null,"lib_etab_4":null,"adr_etab_1":"28 RUE BROCHANT","adr_etab_2":null,"adr_etab_3":null,"adr_etab_4":null,"type_etabl":null,"geo_point_2d":{"lon":2.3185679226546307,"lat":48.88843722252992},"st_area_shape":130820.91856148903,"st_perimeter_shape":7387.997636964675}},{"type":"Feature","geometry":{"coordinates":[[[[2.321825,48.898184],[2.322958,48.897679],[2.321499,48.897547],[2.314121,48.894847],[2.312485,48.89538],[2.313555,48.896246],[2.314844,48.895667],[2.321825,48.898184]]],[[[2.313083,48.897983],[2.313384,48.898075],[2.314986,48.897134],[2.314468,48.89622],[2.312987,48.896923],[2.312825,48.896753],[2.313311,48.896344],[2.312151,48.895572],[2.31089,48.896297],[2.311734,48.896863],[2.310973,48.896721],[2.31074,48.896991],[2.313083,48.897983]]],[[[2.311795,48.895061],[2.312516,48.894646],[2.311824,48.894],[2.311406,48.894318],[2.309334,48.893977],[2.310272,48.894346],[2.309742,48.895677],[2.310213,48.896024],[2.311887,48.895242],[2.311795,48.895061]]],[[[2.318226,48.894878],[2.317329,48.893775],[2.317044,48.89387],[2.31612,48.893068],[2.314403,48.894059],[2.318226,48.894878]]],[[[2.322769,48.897312],[2.322178,48.897181],[2.321808,48.896714],[2.321417,48.896837],[2.320659,48.895862],[2.320259,48.89603],[2.318555,48.895373],[2.318423,48.896007],[2.321712,48.897214],[2.322769,48.897312]]],[[[2.317948,48.892045],[2.317677,48.892173],[2.319362,48.894536],[2.319703,48.894474],[2.317948,48.892045]]],[[[2.318832,48.894064],[2.318502,48.893722],[2.317717,48.894033],[2.31857,48.894716],[2.319155,48.89452],[2.318832,48.894064]]],[[[2.317065,48.895073],[2.317674,48.894939],[2.315803,48.89447],[2.316347,48.895174],[2.317065,48.895073]]],[[[2.318315,48.891995],[2.319868,48.894402],[2.319972,48.894172],[2.318315,48.891995]]],[[[2.318347,48.8954],[2.318369,48.895061],[2.317688,48.89505],[2.317595,48.89565],[2.31826,48.895902],[2.318347,48.8954]]],[[[2.316994,48.893768],[2.317309,48.893749],[2.316598,48.892813],[2.31616,48.893045],[2.316994,48.893768]]],[[[2.319352,48.89492],[2.319686,48.894601],[2.318533,48.894925],[2.319479,48.895267],[2.319352,48.89492]]],[[[2.314419,48.894191],[2.314057,48.894303],[2.315324,48.894706],[2.314419,48.894191]]],[[[2.317577,48.892306],[2.317257,48.892471],[2.317705,48.893081],[2.318037,48.892996],[2.317577,48.892306]]],[[[2.317075,48.892594],[2.316756,48.892761],[2.317137,48.893262],[2.317471,48.893177],[2.317075,48.892594]]],[[[2.317006,48.8952],[2.317209,48.895316],[2.316871,48.895374],[2.317548,48.895603],[2.317616,48.895084],[2.317006,48.8952]]],[[[2.315433,48.894392],[2.315276,48.894361],[2.315249,48.894383],[2.315339,48.894495],[2.315407,48.89458],[2.315522,48.894724],[2.31568,48.894922],[2.315887,48.895],[2.315892,48.895002],[2.315955,48.895026],[2.316119,48.895088],[2.316129,48.895077],[2.315988,48.894896],[2.315932,48.894823],[2.315886,48.894762],[2.315836,48.894698],[2.31569,48.894508],[2.315649,48.894455],[2.315596,48.894424],[2.315433,48.894392]]],[[[2.318164,48.893127],[2.31782,48.893237],[2.318222,48.893667],[2.318454,48.893537],[2.318164,48.893127]]],[[[2.317599,48.893307],[2.317255,48.893417],[2.317861,48.893782],[2.317599,48.893307]]]],"type":"MultiPolygon"},"properties":{"id_projet":"MATERNELLES (année scolaire 2021/2022)","libelle":"BESSIERES (90) MAT","annee_scol":"2021-2022","zone_commune":0,"etiquette":"Secteur de l'école 90 BOULEVARD BESSIERES","lib_etab_1":"BESSIERES (90) MAT","lib_etab_2":null,"lib_etab_3":null,"lib_etab_4":null,"adr_etab_1":"90 BOULEVARD BESSIERES","adr_etab_2":null,"adr_etab_3":null,"adr_etab_4":null,"type_etabl":"Maternelle","geo_point_2d":{"lon":2.3157476999886066,"lat":48.89549291728266},"st_area_shape":215289.3827022203,"st_perimeter_shape":9906.269895071293}},{"type":"Feature","geometry":{"coordinates":[[[[2.300218,48.892229],[2.300611,48.892219],[2.298059,48.890425],[2.298025,48.889799],[2.297615,48.889496],[2.296355,48.890283],[2.297287,48.889913],[2.297449,48.890338],[2.298459,48.89096],[2.29803,48.891427],[2.299914,48.892343],[2.300218,48.892229]]],[[[2.295985,48.889289],[2.296097,48.889083],[2.29704,48.88928],[2.294851,48.88788],[2.293743,48.888835],[2.295319,48.889117],[2.296142,48.889601],[2.296047,48.890195],[2.296787,48.889663],[2.295985,48.889289]]],[[[2.295645,48.887529],[2.297062,48.887113],[2.295829,48.886739],[2.295166,48.887399],[2.295645,48.887529]]],[[[2.297705,48.887535],[2.296068,48.887915],[2.297191,48.888361],[2.297705,48.887535]]],[[[2.301611,48.891209],[2.29988,48.890193],[2.299569,48.890437],[2.301411,48.891588],[2.301611,48.891209]]],[[[2.298461,48.887669],[2.297999,48.887537],[2.297898,48.887846],[2.298834,48.88829],[2.299305,48.888164],[2.298461,48.887669]]],[[[2.299903,48.890101],[2.297677,48.889044],[2.299545,48.890302],[2.299903,48.890101]]],[[[2.298032,48.888131],[2.297679,48.88805],[2.297448,48.888569],[2.298535,48.888462],[2.298032,48.888131]]],[[[2.298946,48.887291],[2.299818,48.887805],[2.299694,48.88747],[2.298946,48.887291]]]],"type":"MultiPolygon"},"properties":{"id_projet":"MATERNELLES (année scolaire 2021/2022)","libelle":"REIMS (38-40) POLY","annee_scol":"2021-2022","zone_commune":0,"etiquette":"Secteur de l'école 38 BOULEVARD DE REIMS","lib_etab_1":"REIMS (38-40) POLY","lib_etab_2":null,"lib_etab_3":null,"lib_etab_4":null,"adr_etab_1":"38 BOULEVARD DE REIMS","adr_etab_2":null,"adr_etab_3":null,"adr_etab_4":null,"type_etabl":"Maternelle","geo_point_2d":{"lon":2.29751598861892,"lat":48.88929068163153},"st_area_shape":75127.32315800253,"st_perimeter_shape":4542.89179855214}},{"type":"Feature","geometry":{"coordinates":[[[[2.311288,48.890234],[2.309461,48.888835],[2.30899,48.888806],[2.304851,48.890265],[2.308352,48.892175],[2.311288,48.890234]]],[[[2.305115,48.889906],[2.307593,48.889073],[2.306497,48.888379],[2.304367,48.88997],[2.305115,48.889906]]],[[[2.302016,48.890936],[2.300162,48.889994],[2.29988,48.890193],[2.301611,48.891209],[2.301462,48.891585],[2.302016,48.890936]]],[[[2.300564,48.889396],[2.301031,48.888969],[2.300786,48.888969],[2.299629,48.889604],[2.30015,48.889775],[2.300564,48.889396]]],[[[2.302999,48.889825],[2.302723,48.889937],[2.302967,48.890476],[2.303443,48.890119],[2.302999,48.889825]]],[[[2.301032,48.889603],[2.300796,48.889491],[2.300405,48.889976],[2.300896,48.890208],[2.301032,48.889603]]],[[[2.301599,48.88916],[2.301253,48.889073],[2.300954,48.889413],[2.301716,48.889507],[2.301599,48.88916]]],[[[2.301814,48.890103],[2.301028,48.890271],[2.30177,48.89062],[2.301814,48.890103]]],[[[2.302172,48.889433],[2.302004,48.889876],[2.302752,48.889708],[2.302172,48.889433]]],[[[2.302856,48.89056],[2.302048,48.890469],[2.302061,48.890757],[2.302856,48.89056]]],[[[2.301806,48.889984],[2.301782,48.889612],[2.301197,48.889629],[2.301222,48.890006],[2.301806,48.889984]]],[[[2.302587,48.890345],[2.302562,48.889967],[2.302011,48.889984],[2.302036,48.890361],[2.302587,48.890345]]],[[[2.300456,48.892186],[2.299914,48.892343],[2.300345,48.892547],[2.300456,48.892186]]]],"type":"MultiPolygon"},"properties":{"id_projet":"MATERNELLES (année scolaire 2022/2023)","libelle":"CHRISTINE DE PISAN (24) MAT","annee_scol":"2022-2023","zone_commune":0,"etiquette":"Secteur de l'école 24 RUE CHRISTINE DE PISAN","lib_etab_1":"CHRISTINE DE PISAN (24) MAT","lib_etab_2":null,"lib_etab_3":null,"lib_etab_4":null,"adr_etab_1":"24 RUE CHRISTINE DE PISAN","adr_etab_2":null,"adr_etab_3":null,"adr_etab_4":null,"type_etabl":"Maternelle","geo_point_2d":{"lon":2.3065417525944554,"lat":48.89020450140217},"st_area_shape":135746.96568336032,"st_perimeter_shape":4390.809254366875}},{"type":"Feature","geometry":{"coordinates":[[[[2.298862,48.879761],[2.298109,48.879404],[2.298187,48.879157],[2.297667,48.879155],[2.298264,48.878591],[2.297433,48.878094],[2.295815,48.878447],[2.29883,48.879976],[2.298862,48.879761]]],[[[2.294714,48.880065],[2.29456,48.879863],[2.293594,48.880728],[2.29521,48.881469],[2.294714,48.880065]]],[[[2.293577,48.883047],[2.288287,48.880013],[2.287978,48.880084],[2.293577,48.883047]]],[[[2.296325,48.879466],[2.296747,48.879069],[2.29588,48.878624],[2.295458,48.879009],[2.296115,48.87925],[2.2954,48.879067],[2.294891,48.879561],[2.295605,48.880059],[2.296325,48.879466]]],[[[2.290475,48.880283],[2.291128,48.879691],[2.290895,48.879579],[2.288713,48.880108],[2.289938,48.88077],[2.290475,48.880283]]],[[[2.293207,48.879318],[2.292853,48.879129],[2.291349,48.879673],[2.292482,48.88017],[2.293456,48.879505],[2.293207,48.879318]]],[[[2.291893,48.881019],[2.290752,48.880248],[2.290062,48.880843],[2.291282,48.881493],[2.291893,48.881019]]],[[[2.293901,48.881006],[2.293199,48.880942],[2.293367,48.880754],[2.292789,48.880483],[2.29227,48.880881],[2.29316,48.88103],[2.292962,48.881268],[2.293776,48.881696],[2.294338,48.881235],[2.293901,48.881006]]],[[[2.297083,48.879201],[2.295794,48.880136],[2.296473,48.880377],[2.297697,48.879467],[2.297083,48.879201]]],[[[2.288661,48.880809],[2.288826,48.880677],[2.288035,48.880239],[2.286841,48.880516],[2.288806,48.881526],[2.288298,48.881101],[2.288661,48.880809]]],[[[2.293814,48.879669],[2.292628,48.880274],[2.293473,48.88062],[2.294273,48.879959],[2.293814,48.879669]]],[[[2.292124,48.880829],[2.292608,48.880397],[2.291254,48.87976],[2.290841,48.880133],[2.292124,48.880829]]],[[[2.292566,48.88178],[2.292103,48.881936],[2.293713,48.882809],[2.294014,48.882566],[2.292566,48.88178]]],[[[2.294266,48.879188],[2.294065,48.878851],[2.293079,48.87909],[2.294381,48.879847],[2.294266,48.879188]]],[[[2.291221,48.882181],[2.291571,48.882157],[2.289719,48.881169],[2.289998,48.881778],[2.291221,48.882181]]],[[[2.292899,48.881386],[2.292501,48.881607],[2.294116,48.882391],[2.293841,48.88188],[2.292899,48.881386]]],[[[2.294654,48.881361],[2.293966,48.881762],[2.294233,48.882257],[2.295082,48.881587],[2.294654,48.881361]]],[[[2.295636,48.8785],[2.294505,48.878752],[2.294814,48.879426],[2.295636,48.8785]]],[[[2.295863,48.880269],[2.295357,48.880481],[2.295645,48.881049],[2.296336,48.880484],[2.295863,48.880269]]],[[[2.2894,48.881237],[2.289591,48.881082],[2.288942,48.880739],[2.28851,48.881087],[2.289119,48.881416],[2.2894,48.881237]]],[[[2.292598,48.88123],[2.291887,48.881206],[2.29229,48.881484],[2.292598,48.88123]]],[[[2.291984,48.881474],[2.291454,48.881586],[2.291973,48.88184],[2.292231,48.881627],[2.291984,48.881474]]],[[[2.286224,48.880837],[2.28681,48.880523],[2.285612,48.880801],[2.286224,48.880837]]],[[[2.295366,48.880068],[2.295108,48.879993],[2.29528,48.88033],[2.295366,48.880068]]]],"type":"MultiPolygon"},"properties":{"id_projet":"MATERNELLES (année scolaire 2022/2023)","libelle":"PEREIRE (221) MAT","annee_scol":"2022-2023","zone_commune":0,"etiquette":"Secteur de l'école 221 BOULEVARD PEREIRE","lib_etab_1":"PEREIRE (221) MAT","lib_etab_2":null,"lib_etab_3":null,"lib_etab_4":null,"adr_etab_1":"221 BOULEVARD PEREIRE","adr_etab_2":null,"adr_etab_3":null,"adr_etab_4":null,"type_etabl":"Maternelle","geo_point_2d":{"lon":2.293096473670545,"lat":48.88039856275531},"st_area_shape":158324.4995894668,"st_perimeter_shape":9511.624551356363}},{"type":"Feature","geometry":{"coordinates":[[[[2.318316,48.882672],[2.318795,48.881965],[2.316593,48.881519],[2.315786,48.882062],[2.318123,48.882956],[2.318316,48.882672]]],[[[2.316,48.881574],[2.314865,48.881822],[2.31541,48.882216],[2.316,48.881574]]],[[[2.319103,48.882028],[2.318896,48.881986],[2.318699,48.882278],[2.318894,48.882335],[2.319103,48.882028]]],[[[2.318877,48.883116],[2.319528,48.882115],[2.318657,48.88234],[2.318221,48.882982],[2.318877,48.883116]]],[[[2.319948,48.8822],[2.319655,48.88214],[2.319009,48.883171],[2.319948,48.8822]]],[[[2.317286,48.883041],[2.31754,48.882877],[2.31566,48.88219],[2.31595,48.882627],[2.315683,48.882906],[2.316011,48.883089],[2.316967,48.883331],[2.317286,48.883041]]],[[[2.321484,48.883683],[2.321979,48.882614],[2.321021,48.882439],[2.320511,48.88354],[2.321484,48.883683]]],[[[2.317797,48.882945],[2.317281,48.883651],[2.317676,48.883829],[2.318404,48.883129],[2.317797,48.882945]]],[[[2.322582,48.883833],[2.323157,48.882852],[2.32207,48.882658],[2.321546,48.88379],[2.322582,48.883833]]],[[[2.318659,48.883716],[2.319076,48.883308],[2.318575,48.883152],[2.317917,48.883724],[2.318397,48.883939],[2.318659,48.883716]]],[[[2.319861,48.883915],[2.320254,48.883614],[2.319838,48.883487],[2.320317,48.883494],[2.320789,48.882372],[2.320404,48.882321],[2.318658,48.884036],[2.31951,48.883886],[2.319477,48.884415],[2.319861,48.883915]]],[[[2.321029,48.884297],[2.32077,48.884147],[2.32109,48.883782],[2.320451,48.883642],[2.319639,48.884391],[2.320609,48.884312],[2.320771,48.884931],[2.321388,48.884554],[2.321029,48.884297]]],[[[2.320388,48.885197],[2.319131,48.885069],[2.319791,48.885554],[2.320388,48.885197]]],[[[2.318299,48.886311],[2.319691,48.885614],[2.319009,48.885123],[2.319197,48.885426],[2.317875,48.88619],[2.318299,48.886311]]]],"type":"MultiPolygon"},"properties":{"id_projet":"MATERNELLES (année scolaire 2023/2024)","libelle":"BOURSAULT (10) POLY","annee_scol":"2023-2024","zone_commune":0,"etiquette":"Secteur de l'école 10 RUE BOURSAULT","lib_etab_1":"BOURSAULT (10) POLY","lib_etab_2":null,"lib_etab_3":null,"lib_etab_4":null,"adr_etab_1":"10 RUE BOURSAULT","adr_etab_2":null,"adr_etab_3":null,"adr_etab_4":null,"type_etabl":"Maternelle","geo_point_2d":{"lon":2.319162333390845,"lat":48.88317689527779},"st_area_shape":94188.77818631147,"st_perimeter_shape":5511.92649864437}},{"type":"Feature","geometry":{"coordinates":[[[[2.320919,48.898634],[2.314526,48.896194],[2.314986,48.897134],[2.313384,48.898075],[2.314429,48.89813],[2.31607,48.898891],[2.317064,48.898368],[2.318605,48.899688],[2.320864,48.899115],[2.320919,48.898634]]],[[[2.324668,48.897339],[2.324498,48.897254],[2.32444,48.897348],[2.324622,48.897352],[2.324656,48.897352],[2.324668,48.897339]]],[[[2.325383,48.897366],[2.325137,48.897153],[2.32482,48.897356],[2.325383,48.897366]]],[[[2.326729,48.897326],[2.326725,48.897317],[2.326669,48.89726],[2.326665,48.897256],[2.326608,48.897193],[2.326552,48.897219],[2.326339,48.89732],[2.326104,48.897253],[2.326115,48.897248],[2.326139,48.897237],[2.326093,48.897192],[2.32607,48.897203],[2.325988,48.897242],[2.325935,48.897267],[2.325865,48.8973],[2.325833,48.897316],[2.325744,48.897358],[2.325742,48.897376],[2.32575,48.897376],[2.325949,48.89738],[2.325992,48.897381],[2.326023,48.897382],[2.326075,48.897383],[2.326135,48.897384],[2.3262,48.897385],[2.326375,48.897389],[2.326568,48.897393],[2.326667,48.897396],[2.326721,48.897363],[2.326727,48.897327],[2.326729,48.897326]]],[[[2.326974,48.897401],[2.326826,48.897349],[2.326781,48.897368],[2.32678,48.897397],[2.326974,48.897401]]],[[[2.327585,48.897414],[2.327238,48.897264],[2.327141,48.897304],[2.327134,48.897307],[2.327072,48.897333],[2.327055,48.89734],[2.327023,48.897353],[2.327014,48.897357],[2.327011,48.897402],[2.327585,48.897414]]],[[[2.328721,48.897428],[2.328263,48.897194],[2.327835,48.897394],[2.328721,48.897428]]],[[[2.326134,48.897743],[2.324902,48.897771],[2.325585,48.898134],[2.326134,48.897743]]],[[[2.324533,48.897709],[2.324168,48.898123],[2.324758,48.898537],[2.325261,48.898336],[2.324533,48.897709]]],[[[2.326353,48.897897],[2.325725,48.898233],[2.326232,48.898705],[2.326353,48.897897]]],[[[2.323015,48.898443],[2.323021,48.897721],[2.321851,48.898314],[2.314844,48.895667],[2.314559,48.895945],[2.321991,48.898792],[2.323015,48.898443]]],[[[2.324179,48.898327],[2.324067,48.898792],[2.32474,48.898824],[2.324179,48.898327]]],[[[2.32557,48.898437],[2.32492,48.898828],[2.32608,48.898851],[2.32557,48.898437]]],[[[2.328983,48.898845],[2.328405,48.897791],[2.32663,48.897817],[2.326656,48.898863],[2.328983,48.898845]]],[[[2.321231,48.898753],[2.321034,48.899072],[2.321481,48.898958],[2.321231,48.898753]]],[[[2.323554,48.899025],[2.322496,48.899033],[2.322456,48.899941],[2.323444,48.900229],[2.323554,48.899025]]],[[[2.323999,48.899091],[2.323726,48.90017],[2.328624,48.900284],[2.328677,48.8992],[2.323999,48.899091]]],[[[2.329024,48.899231],[2.32882,48.900195],[2.329462,48.900419],[2.329024,48.899231]]],[[[2.321764,48.900704],[2.322609,48.900698],[2.322701,48.900324],[2.321702,48.900181],[2.322187,48.900087],[2.322236,48.899068],[2.319883,48.899664],[2.319644,48.90002],[2.321764,48.900704]]],[[[2.321096,48.900672],[2.320682,48.900552],[2.320671,48.900559],[2.320534,48.900636],[2.320359,48.900741],[2.320387,48.900758],[2.321052,48.900781],[2.321658,48.900802],[2.321096,48.900672]]],[[[2.329578,48.900882],[2.329503,48.90051],[2.328739,48.900494],[2.328724,48.900804],[2.329578,48.900882]]]],"type":"MultiPolygon"},"properties":{"id_projet":"MATERNELLES (année scolaire 2023/2024)","libelle":"ANDRE BRECHET (21) MAT","annee_scol":"2023-2024","zone_commune":0,"etiquette":"Secteur de l'école 21 RUE ANDRE BRECHET","lib_etab_1":"ANDRE BRECHET (21) MAT","lib_etab_2":null,"lib_etab_3":null,"lib_etab_4":null,"adr_etab_1":"21 RUE ANDRE BRECHET","adr_etab_2":null,"adr_etab_3":null,"adr_etab_4":null,"type_etabl":"Maternelle","geo_point_2d":{"lon":2.3214914807209723,"lat":48.8986150678279},"st_area_shape":239588.5844404655,"st_perimeter_shape":8421.350850046892}},{"type":"Feature","geometry":{"coordinates":[[[[2.320674,48.897761],[2.321851,48.898314],[2.322958,48.897679],[2.321498,48.897547],[2.314121,48.894847],[2.312485,48.89538],[2.313555,48.896246],[2.314844,48.895667],[2.320674,48.897761]]],[[[2.312289,48.897742],[2.313384,48.898075],[2.314986,48.897134],[2.314672,48.896128],[2.312987,48.896923],[2.312825,48.896753],[2.313311,48.896344],[2.312292,48.895577],[2.31089,48.896297],[2.311734,48.896863],[2.310973,48.896721],[2.31074,48.896991],[2.312289,48.897742]]],[[[2.311795,48.895061],[2.312516,48.894646],[2.311824,48.894],[2.311406,48.894318],[2.309998,48.893977],[2.309781,48.894165],[2.310272,48.894346],[2.309742,48.895677],[2.310213,48.896024],[2.311887,48.895242],[2.311795,48.895061]],[[2.311699,48.89487],[2.311677,48.895129],[2.311454,48.89478],[2.311699,48.89487]]],[[[2.31812,48.894868],[2.318778,48.895019],[2.31975,48.894616],[2.318319,48.894856],[2.317329,48.893775],[2.317044,48.89387],[2.316119,48.893068],[2.314403,48.894059],[2.31812,48.894868]]],[[[2.322628,48.89731],[2.321808,48.896714],[2.321416,48.896837],[2.320659,48.895862],[2.320259,48.896029],[2.318555,48.895373],[2.318423,48.896007],[2.322628,48.89731]]],[[[2.318832,48.894064],[2.318502,48.893722],[2.317717,48.894033],[2.31857,48.894716],[2.319155,48.89452],[2.318832,48.894064]]],[[[2.316872,48.895115],[2.317674,48.894939],[2.315803,48.89447],[2.316347,48.895174],[2.316872,48.895115]]],[[[2.318045,48.894973],[2.317669,48.895065],[2.317595,48.89565],[2.31826,48.895902],[2.318381,48.895077],[2.318045,48.894973]],[[2.318045,48.894973],[2.318045,48.894981],[2.318045,48.895055],[2.318045,48.894973]]],[[[2.316992,48.893769],[2.317309,48.893749],[2.316598,48.892813],[2.31616,48.893045],[2.316992,48.893769]]],[[[2.31792,48.892321],[2.319362,48.894536],[2.319703,48.894474],[2.31792,48.892321]]],[[[2.314419,48.894191],[2.314057,48.894303],[2.315324,48.894706],[2.314419,48.894191]]],[[[2.317577,48.892306],[2.317257,48.892471],[2.317705,48.893081],[2.318037,48.892996],[2.317577,48.892306]]],[[[2.317075,48.892594],[2.316756,48.892761],[2.317137,48.893262],[2.317471,48.893177],[2.317075,48.892594]]],[[[2.317515,48.895453],[2.317589,48.895071],[2.316881,48.895302],[2.317515,48.895453]],[[2.317208,48.895316],[2.317171,48.895239],[2.317177,48.895252],[2.317209,48.895316],[2.317208,48.895316]]],[[[2.315433,48.894392],[2.315276,48.894361],[2.315249,48.894383],[2.315339,48.894495],[2.315407,48.89458],[2.315522,48.894724],[2.31568,48.894922],[2.315887,48.895],[2.315892,48.895002],[2.315955,48.895026],[2.316119,48.895088],[2.316129,48.895077],[2.315988,48.894896],[2.315932,48.894823],[2.315886,48.894762],[2.315836,48.894698],[2.31569,48.894508],[2.315649,48.894455],[2.315596,48.894424],[2.315433,48.894392]]],[[[2.318164,48.893127],[2.31782,48.893237],[2.318222,48.893667],[2.318454,48.893537],[2.318164,48.893127]]],[[[2.317599,48.893307],[2.317255,48.893417],[2.317861,48.893782],[2.317599,48.893307]]],[[[2.309524,48.896448],[2.309551,48.896523],[2.309759,48.896282],[2.309611,48.896352],[2.309524,48.896448]]]],"type":"MultiPolygon"},"properties":{"id_projet":"MATERNELLES (année scolaire 2026/2027)","libelle":"BESSIERES (90) MAT","annee_scol":"2026-2027","zone_commune":0,"etiquette":"Secteur de l'école 90 BESSIERES (90) MAT","lib_etab_1":"BESSIERES (90) MAT","lib_etab_2":null,"lib_etab_3":null,"lib_etab_4":null,"adr_etab_1":"90 BESSIERES (90) MAT","adr_etab_2":null,"adr_etab_3":null,"adr_etab_4":null,"type_etabl":"Maternelle","geo_point_2d":{"lon":2.315613756222017,"lat":48.89560801671746},"st_area_shape":205299.4875825428,"st_perimeter_shape":9374.141871990128}},{"type":"Feature","geometry":{"coordinates":[[[[2.326079,48.895076],[2.32533,48.893552],[2.322841,48.893629],[2.323372,48.893776],[2.32425,48.894863],[2.324957,48.894776],[2.325247,48.895333],[2.326079,48.895076]]],[[[2.32657,48.893724],[2.325742,48.893955],[2.326582,48.895393],[2.327691,48.895044],[2.32657,48.893724]]],[[[2.32594,48.897102],[2.327012,48.896593],[2.326675,48.895979],[2.325349,48.896499],[2.32594,48.897102]]],[[[2.327913,48.89647],[2.327292,48.896579],[2.32781,48.897384],[2.328752,48.897403],[2.328362,48.896249],[2.327913,48.89647]],[[2.327913,48.89647],[2.327999,48.896603],[2.328031,48.896653],[2.328064,48.896704],[2.327913,48.89647]],[[2.327488,48.896584],[2.32755,48.896562],[2.327562,48.896558],[2.327488,48.896584]],[[2.327791,48.896525],[2.327944,48.896747],[2.327909,48.896696],[2.327893,48.896673],[2.327876,48.896649],[2.327791,48.896525]],[[2.327351,48.896627],[2.32736,48.896623],[2.327369,48.89662],[2.327392,48.896612],[2.327351,48.896627]],[[2.327661,48.896564],[2.327697,48.896612],[2.327768,48.896708],[2.327661,48.896564]]],[[[2.327613,48.896383],[2.328347,48.896205],[2.328234,48.895868],[2.32699,48.895916],[2.327233,48.896477],[2.327613,48.896383]]],[[[2.325512,48.897305],[2.325076,48.896665],[2.32444,48.897348],[2.325512,48.897305]]],[[[2.327104,48.896737],[2.325742,48.897376],[2.326667,48.897396],[2.327321,48.897082],[2.327104,48.896737]]],[[[2.325236,48.896322],[2.326484,48.895788],[2.324887,48.895908],[2.325236,48.896322]]],[[[2.327965,48.895069],[2.326641,48.895496],[2.328075,48.895494],[2.327965,48.895069]]],[[[2.326973,48.893753],[2.327616,48.894031],[2.327442,48.893515],[2.326713,48.893702],[2.327249,48.894089],[2.326973,48.893753]]],[[[2.325768,48.893768],[2.327392,48.893365],[2.327249,48.893153],[2.325488,48.893522],[2.325768,48.893768]]],[[[2.327641,48.894107],[2.327157,48.894187],[2.327908,48.894903],[2.327641,48.894107]]],[[[2.325085,48.893379],[2.32469,48.893142],[2.324651,48.893367],[2.323484,48.893449],[2.325085,48.893379]]],[[[2.324879,48.896501],[2.32494,48.896476],[2.324953,48.89647],[2.324992,48.89643],[2.324922,48.89636],[2.324907,48.896366],[2.324902,48.896361],[2.324874,48.896372],[2.324873,48.896379],[2.324857,48.896385],[2.324792,48.896411],[2.324687,48.896465],[2.324321,48.896864],[2.324234,48.897255],[2.324297,48.897173],[2.324291,48.897171],[2.3243,48.897161],[2.324484,48.896935],[2.324799,48.896589],[2.324878,48.896504],[2.324877,48.896503],[2.324879,48.896501]]],[[[2.327474,48.897266],[2.327428,48.897186],[2.327403,48.897196],[2.327391,48.897183],[2.327344,48.897134],[2.327243,48.897176],[2.327016,48.89727],[2.326826,48.897349],[2.326781,48.897368],[2.32678,48.897397],[2.326974,48.897401],[2.327011,48.897402],[2.327585,48.897414],[2.327613,48.897415],[2.327534,48.897321],[2.327533,48.89732],[2.32752,48.897319],[2.327474,48.897266]]],[[[2.322819,48.8935],[2.322992,48.893482],[2.323275,48.893452],[2.323292,48.893428],[2.323276,48.893408],[2.322979,48.893389],[2.322931,48.893407],[2.322854,48.893308],[2.322822,48.893319],[2.32271,48.893359],[2.322725,48.893378],[2.322738,48.893395],[2.322752,48.893412],[2.322757,48.893419],[2.322658,48.893492],[2.322664,48.8935],[2.3227,48.893512],[2.322819,48.8935]]],[[[2.32573,48.897319],[2.325728,48.897318],[2.325726,48.897318],[2.325724,48.897319],[2.325722,48.897319],[2.32572,48.89732],[2.325719,48.897321],[2.325719,48.897323],[2.325718,48.897324],[2.325719,48.897325],[2.32572,48.897327],[2.325721,48.897328],[2.325723,48.897329],[2.325725,48.897329],[2.325727,48.897329],[2.325729,48.897329],[2.325731,48.897329],[2.325732,48.897328],[2.325734,48.897327],[2.325735,48.897326],[2.325735,48.897324],[2.325735,48.897323],[2.325734,48.897322],[2.325733,48.89732],[2.325732,48.897319],[2.32573,48.897319]]],[[[2.325785,48.897293],[2.325783,48.897292],[2.325781,48.897292],[2.325779,48.897293],[2.325777,48.897293],[2.325776,48.897294],[2.325775,48.897295],[2.325774,48.897297],[2.325774,48.897298],[2.325774,48.897299],[2.325775,48.8973],[2.325776,48.897301],[2.325778,48.897302],[2.32578,48.897303],[2.325782,48.897303],[2.325784,48.897303],[2.325786,48.897302],[2.325787,48.897301],[2.325789,48.8973],[2.325789,48.897299],[2.32579,48.897298],[2.32579,48.897297],[2.325789,48.897295],[2.325788,48.897294],[2.325786,48.897293],[2.325785,48.897293]]],[[[2.325691,48.897351],[2.325689,48.897351],[2.325687,48.897351],[2.325685,48.897351],[2.325684,48.897352],[2.325682,48.897353],[2.325681,48.897354],[2.32568,48.897355],[2.32568,48.897356],[2.325681,48.897358],[2.325681,48.897359],[2.325683,48.89736],[2.325684,48.897361],[2.325686,48.897361],[2.325688,48.897361],[2.32569,48.897361],[2.325692,48.897361],[2.325694,48.89736],[2.325695,48.897359],[2.325696,48.897358],[2.325696,48.897356],[2.325696,48.897355],[2.325695,48.897354],[2.325694,48.897353],[2.325693,48.897352],[2.325691,48.897351]]]],"type":"MultiPolygon"},"properties":{"id_projet":"MATERNELLES (année scolaire 2026/2027)","libelle":"ST ANGE (14) MAT","annee_scol":"2026-2027","zone_commune":0,"etiquette":"Secteur de l'école 14 ST ANGE (14) MAT","lib_etab_1":"ST ANGE (14) MAT","lib_etab_2":null,"lib_etab_3":null,"lib_etab_4":null,"adr_etab_1":"14 ST ANGE (14) MAT","adr_etab_2":null,"adr_etab_3":null,"adr_etab_4":null,"type_etabl":"Maternelle","geo_point_2d":{"lon":2.326149853134185,"lat":48.895320003651044},"st_area_shape":87125.02334126955,"st_perimeter_shape":5491.33633701503}},{"type":"Feature","geometry":{"coordinates":[[[[2.295219,48.883621],[2.2962,48.882981],[2.295235,48.881636],[2.29459,48.882191],[2.295583,48.882681],[2.29455,48.882228],[2.293857,48.882863],[2.295219,48.883621]]],[[[2.305453,48.880923],[2.305977,48.880809],[2.303753,48.879687],[2.302945,48.880351],[2.305161,48.881447],[2.305453,48.880923]]],[[[2.297638,48.882774],[2.296765,48.883243],[2.29733,48.884352],[2.297681,48.884406],[2.298762,48.88332],[2.297638,48.882774]]],[[[2.304177,48.882175],[2.30112,48.88134],[2.300901,48.881529],[2.302962,48.882705],[2.304177,48.882175]]],[[[2.300388,48.883381],[2.30101,48.8823],[2.300667,48.88183],[2.299495,48.882925],[2.300215,48.883257],[2.299405,48.883015],[2.299107,48.883311],[2.30009,48.883797],[2.300388,48.883381]]],[[[2.299164,48.881902],[2.299466,48.881578],[2.2985,48.881413],[2.297185,48.882428],[2.298141,48.882855],[2.299164,48.881902]]],[[[2.299446,48.883626],[2.298986,48.883433],[2.297908,48.884504],[2.298403,48.884661],[2.300062,48.88396],[2.299446,48.883626]]],[[[2.297901,48.880598],[2.298734,48.880063],[2.297954,48.87961],[2.296584,48.880431],[2.297506,48.880829],[2.297901,48.880598]]],[[[2.302815,48.879251],[2.30234,48.879178],[2.300532,48.880914],[2.300972,48.881131],[2.302815,48.879251]]],[[[2.297256,48.881206],[2.296099,48.881912],[2.297068,48.882351],[2.29809,48.881586],[2.297256,48.881206]]],[[[2.30474,48.881724],[2.305362,48.881677],[2.303985,48.881011],[2.303096,48.88174],[2.304378,48.882112],[2.30474,48.881724]]],[[[2.3,48.881684],[2.299685,48.881649],[2.298313,48.88296],[2.298886,48.883206],[2.300327,48.881773],[2.3,48.881684]]],[[[2.302128,48.879105],[2.301677,48.879034],[2.300026,48.880269],[2.300344,48.880763],[2.302128,48.879105]]],[[[2.298784,48.878387],[2.299468,48.87956],[2.300606,48.878858],[2.298784,48.878387]]],[[[2.298707,48.881122],[2.299528,48.880476],[2.298838,48.88012],[2.297714,48.880858],[2.298707,48.881122]]],[[[2.296727,48.881354],[2.297399,48.880891],[2.296495,48.880525],[2.295722,48.881179],[2.296249,48.881231],[2.295792,48.881333],[2.296017,48.881778],[2.296727,48.881354]]],[[[2.301135,48.879249],[2.30147,48.878964],[2.300818,48.878848],[2.299559,48.879681],[2.299934,48.880148],[2.301135,48.879249]]],[[[2.296269,48.883119],[2.295442,48.883753],[2.296928,48.884409],[2.296269,48.883119]]],[[[2.30301,48.88054],[2.301768,48.881401],[2.303538,48.880822],[2.30301,48.88054]]],[[[2.30139,48.882823],[2.301096,48.882531],[2.300378,48.883776],[2.301672,48.883279],[2.30139,48.882823]]],[[[2.299784,48.880618],[2.298712,48.881288],[2.299652,48.881447],[2.300068,48.88106],[2.299784,48.880618]]],[[[2.299164,48.879764],[2.298298,48.878591],[2.297667,48.879155],[2.298336,48.87925],[2.298109,48.879404],[2.298489,48.879373],[2.298879,48.879969],[2.299164,48.879764]]],[[[2.302399,48.880245],[2.301278,48.881252],[2.301622,48.881343],[2.3027,48.880414],[2.302399,48.880245]]],[[[2.306726,48.880599],[2.304736,48.880039],[2.306793,48.881087],[2.306726,48.880599]]],[[[2.303222,48.87994],[2.303594,48.879607],[2.303071,48.879367],[2.302364,48.880072],[2.302833,48.880298],[2.303222,48.87994]]],[[[2.301679,48.882225],[2.301331,48.882119],[2.302029,48.883076],[2.302707,48.882844],[2.301679,48.882225]]],[[[2.303727,48.880886],[2.302311,48.881549],[2.302935,48.881701],[2.303727,48.880886]]],[[[2.298167,48.881526],[2.29842,48.881306],[2.297569,48.88096],[2.297276,48.881125],[2.298167,48.881526]]],[[[2.296268,48.882125],[2.296506,48.882736],[2.296921,48.88246],[2.296268,48.882125]]],[[[2.297191,48.882563],[2.296585,48.882847],[2.296681,48.88308],[2.297191,48.882563]]],[[[2.304601,48.879741],[2.303577,48.879462],[2.304477,48.879916],[2.304601,48.879741]]],[[[2.30021,48.881202],[2.299868,48.881517],[2.300483,48.88162],[2.30021,48.881202]]],[[[2.29749,48.879931],[2.297557,48.879875],[2.297566,48.87988],[2.297596,48.879855],[2.297598,48.879853],[2.2976,48.879854],[2.297634,48.879825],[2.297671,48.879795],[2.297798,48.879694],[2.297808,48.879685],[2.297836,48.879662],[2.297917,48.8796],[2.297922,48.879602],[2.297929,48.879597],[2.2978,48.879526],[2.297668,48.879623],[2.297461,48.879778],[2.29734,48.879868],[2.29726,48.879928],[2.297258,48.879929],[2.297257,48.879929],[2.297135,48.88002],[2.297216,48.880063],[2.297237,48.880075],[2.297294,48.880105],[2.297412,48.880008],[2.297488,48.879946],[2.2975,48.879936],[2.29749,48.879931]]],[[[2.299252,48.879885],[2.29898,48.880057],[2.299573,48.880326],[2.299252,48.879885]]],[[[2.306329,48.881168],[2.306633,48.881141],[2.306125,48.8809],[2.306329,48.881168]]],[[[2.300646,48.881099],[2.300641,48.881098],[2.300637,48.881099],[2.300632,48.881099],[2.300627,48.8811],[2.300622,48.881102],[2.300619,48.881103],[2.300617,48.881105],[2.300615,48.881107],[2.300612,48.88111],[2.300611,48.881112],[2.300609,48.881116],[2.300608,48.881118],[2.300608,48.881122],[2.300608,48.881124],[2.300609,48.881127],[2.300611,48.88113],[2.300745,48.881314],[2.300786,48.881316],[2.300864,48.881239],[2.300858,48.881212],[2.300662,48.881103],[2.300657,48.881101],[2.300655,48.881101],[2.300652,48.8811],[2.300646,48.881099]]],[[[2.305589,48.88162],[2.305384,48.881532],[2.30539,48.881558],[2.305523,48.881623],[2.305527,48.881619],[2.305537,48.881621],[2.305541,48.881622],[2.305547,48.881623],[2.305557,48.881623],[2.30556,48.881623],[2.305573,48.881623],[2.305576,48.881623],[2.305585,48.881621],[2.305589,48.88162]]]],"type":"MultiPolygon"},"properties":{"id_projet":"MATERNELLES (année scolaire 2020/2021)","libelle":"RENAUDES (31) MAT","annee_scol":"2020-2021","zone_commune":0,"etiquette":"Secteur de l'école 31 RUE DES RENAUDES","lib_etab_1":"RENAUDES (31) MAT","lib_etab_2":null,"lib_etab_3":null,"lib_etab_4":null,"adr_etab_1":"31 RUE DES RENAUDES","adr_etab_2":null,"adr_etab_3":null,"adr_etab_4":null,"type_etabl":null,"geo_point_2d":{"lon":2.2998507783316775,"lat":48.88154824314909},"st_area_shape":256674.93944116702,"st_perimeter_shape":13652.85652029094}},{"type":"Feature","geometry":{"coordinates":[[[[2.29246,48.878884],[2.294002,48.87853],[2.29402,48.878306],[2.292248,48.877188],[2.29164,48.87809],[2.292164,48.8781],[2.291941,48.878843],[2.291709,48.878667],[2.291973,48.878258],[2.291616,48.878129],[2.291059,48.879007],[2.29246,48.878884]]],[[[2.290071,48.877819],[2.290933,48.876646],[2.290478,48.876505],[2.289422,48.877589],[2.289843,48.87697],[2.289105,48.876151],[2.288324,48.877742],[2.28921,48.878295],[2.289834,48.87778],[2.289284,48.878354],[2.289563,48.878459],[2.290071,48.877819]]],[[[2.288825,48.878304],[2.28808,48.878238],[2.287714,48.879046],[2.289317,48.879607],[2.290849,48.879113],[2.288825,48.878304]]],[[[2.291984,48.876916],[2.2924,48.87642],[2.291328,48.875324],[2.289408,48.875919],[2.291984,48.876916]]],[[[2.297239,48.877182],[2.296679,48.876462],[2.295209,48.877551],[2.295669,48.878147],[2.297598,48.877707],[2.297239,48.877182]]],[[[2.287773,48.878431],[2.287702,48.878019],[2.285052,48.878033],[2.287275,48.879331],[2.287773,48.878431]]],[[[2.286559,48.880242],[2.286318,48.879322],[2.284409,48.878255],[2.285227,48.880122],[2.286559,48.880242]]],[[[2.293186,48.874737],[2.291512,48.875271],[2.292526,48.876272],[2.293596,48.875005],[2.293186,48.874737]]],[[[2.285685,48.877116],[2.284451,48.877495],[2.284863,48.877883],[2.287717,48.877885],[2.285685,48.877116]]],[[[2.290899,48.878902],[2.291408,48.878089],[2.290355,48.877707],[2.28969,48.878505],[2.290899,48.878902]]],[[[2.293325,48.877417],[2.293939,48.876292],[2.293551,48.875845],[2.292429,48.877128],[2.293325,48.877417]]],[[[2.291861,48.877511],[2.292087,48.877109],[2.291606,48.876922],[2.291098,48.877406],[2.291575,48.876899],[2.291135,48.876724],[2.290455,48.877576],[2.291572,48.877968],[2.291861,48.877511]]],[[[2.28732,48.876604],[2.285882,48.877066],[2.287799,48.877792],[2.28732,48.876604]]],[[[2.288747,48.876435],[2.288845,48.876097],[2.287462,48.876558],[2.288054,48.877703],[2.288747,48.876435]]],[[[2.29488,48.877129],[2.29634,48.875946],[2.296048,48.875537],[2.294812,48.876555],[2.29488,48.877129]]],[[[2.288287,48.880013],[2.284227,48.877836],[2.287978,48.880084],[2.288287,48.880013]]],[[[2.294168,48.876544],[2.294012,48.876416],[2.293322,48.877678],[2.29375,48.877982],[2.294123,48.877728],[2.294168,48.876544]]],[[[2.296643,48.876359],[2.296389,48.876047],[2.294933,48.87723],[2.295167,48.877451],[2.296643,48.876359]]],[[[2.294109,48.875203],[2.293607,48.875731],[2.294329,48.876496],[2.294534,48.875293],[2.294109,48.875203]]],[[[2.295964,48.875424],[2.29502,48.875329],[2.294851,48.876332],[2.295964,48.875424]]],[[[2.287811,48.879203],[2.287522,48.879465],[2.288226,48.879844],[2.289038,48.879671],[2.287811,48.879203]]],[[[2.295111,48.877625],[2.294586,48.87792],[2.294499,48.878391],[2.295516,48.878181],[2.295111,48.877625]]],[[[2.287501,48.880026],[2.2865,48.879463],[2.286778,48.880173],[2.287501,48.880026]]],[[[2.289887,48.876237],[2.289346,48.876071],[2.289926,48.876787],[2.290312,48.876426],[2.289887,48.876237]]],[[[2.295175,48.875219],[2.29576,48.875142],[2.295519,48.874814],[2.295101,48.874861],[2.295175,48.875219]]],[[[2.285354,48.88025],[2.285337,48.880524],[2.286122,48.880343],[2.285354,48.88025]]],[[[2.293653,48.874895],[2.293948,48.874589],[2.293319,48.874673],[2.293653,48.874895]]],[[[2.294554,48.875187],[2.294412,48.874779],[2.294159,48.875077],[2.294554,48.875187]]],[[[2.294888,48.877353],[2.294606,48.87777],[2.295029,48.87755],[2.294888,48.877353]]],[[[2.294113,48.877782],[2.293782,48.878005],[2.294051,48.878157],[2.294113,48.877782]]]],"type":"MultiPolygon"},"properties":{"id_projet":"MATERNELLES (année scolaire 2021/2022)","libelle":"COLONEL MOLL (16) MAT","annee_scol":"2021-2022","zone_commune":0,"etiquette":"Secteur de l'école 16 RUE DU COLONEL MOLL","lib_etab_1":"COLONEL MOLL (16) MAT","lib_etab_2":null,"lib_etab_3":null,"lib_etab_4":null,"adr_etab_1":"16 RUE DU COLONEL MOLL","adr_etab_2":null,"adr_etab_3":null,"adr_etab_4":null,"type_etabl":"Maternelle","geo_point_2d":{"lon":2.2906180356992376,"lat":48.877560893169296},"st_area_shape":263692.35155292175,"st_perimeter_shape":12781.499611984456}},{"type":"Feature","geometry":{"coordinates":[[[[2.302515,48.88446],[2.298143,48.885135],[2.303034,48.885165],[2.302515,48.88446]]],[[[2.300626,48.887086],[2.297457,48.885513],[2.297613,48.886332],[2.298182,48.887011],[2.300626,48.887086]]],[[[2.301246,48.885636],[2.301526,48.885373],[2.29878,48.885467],[2.300521,48.886188],[2.301246,48.885636]]],[[[2.302909,48.885389],[2.301828,48.885367],[2.300747,48.886265],[2.301523,48.886471],[2.302909,48.885389]]],[[[2.303881,48.886243],[2.303693,48.88605],[2.302412,48.886724],[2.304314,48.88705],[2.303881,48.886243]]],[[[2.301867,48.883475],[2.300549,48.884013],[2.30122,48.884308],[2.302201,48.884184],[2.301867,48.883475]]],[[[2.302906,48.885958],[2.303655,48.885934],[2.303225,48.885423],[2.301816,48.886579],[2.303206,48.886158],[2.302906,48.885958]]],[[[2.297048,48.885496],[2.296079,48.886326],[2.297368,48.886813],[2.297048,48.885496]]],[[[2.300476,48.88729],[2.298424,48.88713],[2.299694,48.88747],[2.299818,48.887805],[2.300476,48.88729]]],[[[2.298541,48.885539],[2.297893,48.885474],[2.299204,48.886124],[2.299493,48.885971],[2.298541,48.885539]]],[[[2.300384,48.884068],[2.299273,48.884507],[2.300876,48.884351],[2.300384,48.884068]]]],"type":"MultiPolygon"},"properties":{"id_projet":"MATERNELLES (année scolaire 2022/2023)","libelle":"GUSTAVE DORE (3) MAT","annee_scol":"2022-2023","zone_commune":0,"etiquette":"Secteur de l'école 3 RUE GUSTAVE DORE","lib_etab_1":"GUSTAVE DORE (3) MAT","lib_etab_2":null,"lib_etab_3":null,"lib_etab_4":null,"adr_etab_1":"3 RUE GUSTAVE DORE","adr_etab_2":null,"adr_etab_3":null,"adr_etab_4":null,"type_etabl":"Maternelle","geo_point_2d":{"lon":2.300456277167775,"lat":48.88574345908969},"st_area_shape":96268.97556390977,"st_perimeter_shape":4936.288970757163}},{"type":"Feature","geometry":{"coordinates":[[[[2.311288,48.890234],[2.312952,48.889278],[2.312924,48.887731],[2.310058,48.887889],[2.305226,48.887321],[2.305164,48.887555],[2.310878,48.888077],[2.30899,48.888806],[2.309432,48.88869],[2.311288,48.890234]]],[[[2.308743,48.886491],[2.309359,48.886018],[2.307294,48.886239],[2.308309,48.886789],[2.308743,48.886491]]],[[[2.300599,48.887048],[2.300402,48.886774],[2.300147,48.886902],[2.300599,48.887048]]],[[[2.305661,48.886925],[2.305269,48.887171],[2.30613,48.88725],[2.305661,48.886925]]],[[[2.308062,48.887002],[2.306558,48.886003],[2.305621,48.886741],[2.3064,48.88731],[2.307403,48.887435],[2.308062,48.887002]]],[[[2.301828,48.886748],[2.299493,48.885971],[2.299276,48.886153],[2.302251,48.887109],[2.304212,48.887441],[2.304275,48.887207],[2.301828,48.886748]]],[[[2.308842,48.887606],[2.308189,48.887142],[2.307736,48.887452],[2.308842,48.887606]]],[[[2.31195,48.887269],[2.31138,48.886937],[2.310893,48.887124],[2.309564,48.886083],[2.30927,48.886306],[2.311346,48.887645],[2.31195,48.887269]]],[[[2.312774,48.887084],[2.311499,48.887699],[2.313528,48.887394],[2.312774,48.887084]]],[[[2.310028,48.88769],[2.308662,48.886787],[2.308294,48.887032],[2.309206,48.887657],[2.310028,48.88769]]],[[[2.310205,48.887351],[2.311273,48.887689],[2.309214,48.886371],[2.308767,48.886678],[2.310348,48.887749],[2.310724,48.887733],[2.310205,48.887351]]],[[[2.305209,48.887715],[2.304804,48.887742],[2.304508,48.888734],[2.306113,48.887843],[2.305209,48.887715]]],[[[2.301606,48.888452],[2.300821,48.887359],[2.30002,48.887927],[2.301788,48.888806],[2.301606,48.888452]]],[[[2.302051,48.887226],[2.302381,48.888035],[2.304054,48.88886],[2.304317,48.887617],[2.302051,48.887226]]],[[[2.308934,48.888624],[2.310153,48.88823],[2.307094,48.887931],[2.306605,48.888298],[2.306947,48.888569],[2.3065,48.888379],[2.307593,48.889073],[2.308934,48.888624]]],[[[2.302968,48.888514],[2.302649,48.888437],[2.302968,48.888802],[2.30389,48.889406],[2.303966,48.889035],[2.302968,48.888514]]],[[[2.299629,48.889604],[2.299799,48.889289],[2.300412,48.88932],[2.301009,48.88888],[2.299587,48.888264],[2.298165,48.888815],[2.299629,48.889604]]],[[[2.302834,48.888899],[2.301543,48.88722],[2.300958,48.887192],[2.302219,48.889007],[2.303686,48.889711],[2.302834,48.888899]]],[[[2.306582,48.887872],[2.304443,48.888949],[2.304173,48.889848],[2.306582,48.887872]]],[[[2.297903,48.888945],[2.2997,48.890093],[2.300024,48.889948],[2.297903,48.888945]]]],"type":"MultiPolygon"},"properties":{"id_projet":"MATERNELLES (année scolaire 2023/2024)","libelle":"TAPISSERIES (8) MAT","annee_scol":"2023-2024","zone_commune":0,"etiquette":"Secteur de l'école 8 RUE DES TAPISSERIES","lib_etab_1":"TAPISSERIES (8) MAT","lib_etab_2":null,"lib_etab_3":null,"lib_etab_4":null,"adr_etab_1":"8 RUE DES TAPISSERIES","adr_etab_2":null,"adr_etab_3":null,"adr_etab_4":null,"type_etabl":"Maternelle","geo_point_2d":{"lon":2.306527079797708,"lat":48.88806763778249},"st_area_shape":212254.53852708224,"st_perimeter_shape":10774.371079346756}},{"type":"Feature","geometry":{"coordinates":[[[[2.323484,48.893449],[2.324651,48.893367],[2.32469,48.893142],[2.325241,48.893398],[2.324729,48.892523],[2.322296,48.892023],[2.323484,48.893449]]],[[[2.324575,48.891175],[2.324025,48.891169],[2.321889,48.889763],[2.323841,48.8914],[2.324575,48.891175]]],[[[2.321771,48.889825],[2.321388,48.89005],[2.323037,48.891656],[2.323703,48.891462],[2.321771,48.889825]]],[[[2.32102,48.890656],[2.320768,48.890393],[2.320402,48.890608],[2.321322,48.891376],[2.321243,48.891643],[2.321944,48.891782],[2.32102,48.890656]]],[[[2.326495,48.890695],[2.325345,48.89106],[2.326227,48.891864],[2.326794,48.891582],[2.326495,48.890695]]],[[[2.321289,48.890111],[2.320905,48.890327],[2.322159,48.891855],[2.322901,48.891719],[2.321289,48.890111]]],[[[2.325811,48.891684],[2.325154,48.891099],[2.322772,48.891859],[2.323581,48.892086],[2.32486,48.89167],[2.323844,48.892125],[2.324726,48.892333],[2.326015,48.891913],[2.325811,48.891684]]],[[[2.326896,48.89189],[2.326382,48.891986],[2.327166,48.892692],[2.326896,48.89189]]],[[[2.326154,48.892007],[2.325001,48.892392],[2.326928,48.892809],[2.326154,48.892007]]],[[[2.32519,48.892622],[2.324946,48.892596],[2.325445,48.893397],[2.327076,48.893074],[2.32519,48.892622]]],[[[2.322931,48.893407],[2.323276,48.893408],[2.322093,48.891965],[2.321359,48.891797],[2.322931,48.893407]]],[[[2.327103,48.893299],[2.327249,48.893153],[2.327054,48.893192],[2.326877,48.893227],[2.326699,48.893262],[2.326524,48.893297],[2.326347,48.893331],[2.326179,48.893365],[2.326009,48.893398],[2.325822,48.893435],[2.325634,48.893473],[2.325506,48.893498],[2.325488,48.893522],[2.325679,48.893572],[2.325688,48.893591],[2.325697,48.893612],[2.325835,48.893585],[2.325885,48.893575],[2.325934,48.893566],[2.326035,48.893546],[2.326039,48.893545],[2.326057,48.893541],[2.326073,48.893538],[2.326072,48.893537],[2.326142,48.893523],[2.326203,48.893512],[2.326243,48.893504],[2.326403,48.893451],[2.326577,48.893413],[2.326753,48.893378],[2.326933,48.89335],[2.326969,48.893343],[2.327042,48.893329],[2.327111,48.893316],[2.32711,48.893315],[2.327103,48.893299]]]],"type":"MultiPolygon"},"properties":{"id_projet":"MATERNELLES (année scolaire 2024/2025)","libelle":"CAPITAINE LAGACHE (21) MAT","annee_scol":"2024-2025","zone_commune":0,"etiquette":"Secteur de l'école 21 RUE DU CAPITAINE LAGACHE","lib_etab_1":"CAPITAINE LAGACHE (21) MAT","lib_etab_2":null,"lib_etab_3":null,"lib_etab_4":null,"adr_etab_1":"21 RUE DU CAPITAINE LAGACHE","adr_etab_2":null,"adr_etab_3":null,"adr_etab_4":null,"type_etabl":"Maternelle","geo_point_2d":{"lon":2.3239724379083007,"lat":48.891855112337474},"st_area_shape":93626.19467578236,"st_perimeter_shape":5663.692491185609}},{"type":"Feature","geometry":{"coordinates":[[[[2.309781,48.894165],[2.309998,48.893977],[2.311406,48.894318],[2.311824,48.894],[2.312516,48.894646],[2.31238,48.894177],[2.304286,48.890453],[2.301878,48.891874],[2.30425,48.89336],[2.304006,48.893535],[2.302935,48.892876],[2.302484,48.893263],[2.301139,48.892541],[2.30081,48.892686],[2.305675,48.895069],[2.305311,48.894818],[2.305634,48.894578],[2.304932,48.894134],[2.305196,48.893949],[2.307219,48.895146],[2.309696,48.895969],[2.310175,48.895992],[2.309742,48.895677],[2.310272,48.894346],[2.309781,48.894165]],[[2.303605,48.893749],[2.303557,48.893719],[2.303626,48.893762],[2.303626,48.893762],[2.303605,48.893749]]],[[[2.307014,48.895664],[2.305828,48.895085],[2.305712,48.89514],[2.306298,48.895433],[2.30723,48.895868],[2.308209,48.896253],[2.308289,48.896184],[2.307014,48.895664]]]],"type":"MultiPolygon"},"properties":{"id_projet":"MATERNELLES (année scolaire 2026/2027)","libelle":"MARGUERITE LONG (5) POLY","annee_scol":"2026-2027","zone_commune":0,"etiquette":"Secteur de l'école 5 MARGUERITE LONG (5) POLY","lib_etab_1":"MARGUERITE LONG (5) POLY","lib_etab_2":null,"lib_etab_3":null,"lib_etab_4":null,"adr_etab_1":"5 MARGUERITE LONG (5) POLY","adr_etab_2":null,"adr_etab_3":null,"adr_etab_4":null,"type_etabl":"Maternelle","geo_point_2d":{"lon":2.306409882880114,"lat":48.89323403614035},"st_area_shape":211546.04494373343,"st_perimeter_shape":3719.5685764594486}},{"type":"Feature","geometry":{"coordinates":[[[[2.315983,48.892789],[2.318175,48.891435],[2.3166,48.889788],[2.312881,48.891839],[2.315363,48.89323],[2.315983,48.892789]]],[[[2.317024,48.889706],[2.316863,48.889697],[2.316859,48.889719],[2.317053,48.889925],[2.317054,48.889926],[2.317026,48.889938],[2.317127,48.890044],[2.317227,48.890149],[2.317267,48.890153],[2.317276,48.890148],[2.317292,48.889973],[2.317308,48.889965],[2.3172,48.889867],[2.317175,48.889844],[2.317024,48.889706]]],[[[2.316716,48.889133],[2.316243,48.889117],[2.316706,48.889603],[2.316716,48.889133]]],[[[2.318496,48.891241],[2.317809,48.890308],[2.317351,48.890246],[2.318496,48.891241]]]],"type":"MultiPolygon"},"properties":{"id_projet":"MATERNELLES (année scolaire 2026/2027)","libelle":"BERNARD BUFFET (14) POLY","annee_scol":"2026-2027","zone_commune":0,"etiquette":"Secteur de l'école 14 BERNARD BUFFET (14) POLY","lib_etab_1":"BERNARD BUFFET (14) POLY","lib_etab_2":null,"lib_etab_3":null,"lib_etab_4":null,"adr_etab_1":"14 BERNARD BUFFET (14) POLY","adr_etab_2":null,"adr_etab_3":null,"adr_etab_4":null,"type_etabl":"Maternelle","geo_point_2d":{"lon":2.3158921282351916,"lat":48.89145387010756},"st_area_shape":75739.3175433006,"st_perimeter_shape":1827.650223843565}},{"type":"Feature","geometry":{"coordinates":[[[[2.323484,48.893449],[2.324651,48.893367],[2.32469,48.893142],[2.325241,48.893398],[2.324729,48.892523],[2.322296,48.892023],[2.323484,48.893449]]],[[[2.327103,48.893299],[2.327249,48.893153],[2.327054,48.893192],[2.326877,48.893227],[2.326699,48.893262],[2.326524,48.893297],[2.326347,48.893331],[2.326179,48.893365],[2.326009,48.893398],[2.325822,48.893435],[2.325634,48.893473],[2.325506,48.893498],[2.325488,48.893522],[2.325679,48.893572],[2.325688,48.893591],[2.325697,48.893612],[2.325835,48.893585],[2.325885,48.893575],[2.325934,48.893566],[2.326035,48.893546],[2.326039,48.893545],[2.326057,48.893541],[2.326073,48.893538],[2.326072,48.893537],[2.326142,48.893523],[2.326203,48.893512],[2.326243,48.893504],[2.326403,48.893451],[2.326577,48.893413],[2.326753,48.893378],[2.326933,48.89335],[2.326969,48.893343],[2.327042,48.893329],[2.327111,48.893316],[2.32711,48.893315],[2.327103,48.893299]]],[[[2.326896,48.89189],[2.326382,48.891986],[2.327166,48.892692],[2.326896,48.89189]]],[[[2.32102,48.890656],[2.320768,48.890393],[2.320402,48.890608],[2.321322,48.891376],[2.321243,48.891643],[2.321944,48.891782],[2.32102,48.890656]]],[[[2.326154,48.892007],[2.325001,48.892392],[2.326928,48.892809],[2.326154,48.892007]]],[[[2.322931,48.893407],[2.323276,48.893408],[2.322093,48.891965],[2.321359,48.891797],[2.322931,48.893407]]],[[[2.324575,48.891175],[2.324025,48.891169],[2.321889,48.889763],[2.323841,48.8914],[2.324575,48.891175]]],[[[2.32519,48.892622],[2.324946,48.892596],[2.325445,48.893397],[2.327076,48.893074],[2.32519,48.892622]]],[[[2.326495,48.890695],[2.325345,48.89106],[2.326227,48.891864],[2.326794,48.891582],[2.326495,48.890695]]],[[[2.321289,48.890111],[2.320905,48.890327],[2.322159,48.891855],[2.322901,48.891719],[2.321289,48.890111]]],[[[2.321771,48.889825],[2.321388,48.89005],[2.323037,48.891656],[2.323703,48.891462],[2.321771,48.889825]]],[[[2.325811,48.891684],[2.325154,48.891099],[2.322772,48.891859],[2.323581,48.892086],[2.32486,48.89167],[2.323844,48.892125],[2.324726,48.892333],[2.326015,48.891913],[2.325811,48.891684]]]],"type":"MultiPolygon"},"properties":{"id_projet":"MATERNELLES (année scolaire 2026/2027)","libelle":"CAPITAINE LAGACHE (21) MAT","annee_scol":"2026-2027","zone_commune":0,"etiquette":"Secteur de l'école 21 CAPITAINE LAGACHE (21) MAT","lib_etab_1":"CAPITAINE LAGACHE (21) MAT","lib_etab_2":null,"lib_etab_3":null,"lib_etab_4":null,"adr_etab_1":"21 CAPITAINE LAGACHE (21) MAT","adr_etab_2":null,"adr_etab_3":null,"adr_etab_4":null,"type_etabl":"Maternelle","geo_point_2d":{"lon":2.323972437908302,"lat":48.891855112337424},"st_area_shape":93626.19467578235,"st_perimeter_shape":5663.692491185607}},{"type":"Feature","geometry":{"coordinates":[[[[2.286004,48.884038],[2.283986,48.882742],[2.28355,48.882109],[2.283307,48.882266],[2.284216,48.883163],[2.283642,48.883484],[2.282795,48.882858],[2.282174,48.883575],[2.284435,48.88541],[2.286004,48.884038]]],[[[2.280043,48.878775],[2.280036,48.878775],[2.28003,48.878776],[2.280024,48.878781],[2.280006,48.878798],[2.279996,48.878808],[2.279985,48.878825],[2.279993,48.878831],[2.280034,48.878835],[2.280062,48.878841],[2.280071,48.878842],[2.280077,48.878841],[2.28008,48.878839],[2.280075,48.878826],[2.280046,48.878778],[2.280043,48.878775]]],[[[2.282523,48.879043],[2.282572,48.879037],[2.282622,48.87903],[2.282666,48.879023],[2.282711,48.879016],[2.282769,48.879005],[2.282828,48.878993],[2.282895,48.878978],[2.282945,48.878966],[2.283001,48.878952],[2.283066,48.878934],[2.283153,48.878907],[2.283252,48.878873],[2.283341,48.87884],[2.283412,48.87881],[2.283507,48.878767],[2.283566,48.878736],[2.283622,48.878706],[2.283679,48.878672],[2.283736,48.878638],[2.283782,48.878608],[2.283819,48.878583],[2.283853,48.878557],[2.283863,48.878551],[2.283865,48.878552],[2.283871,48.878548],[2.283868,48.878546],[2.283866,48.878545],[2.283843,48.878562],[2.283809,48.878586],[2.283797,48.87858],[2.283793,48.878583],[2.283804,48.878589],[2.28378,48.878606],[2.283747,48.878627],[2.283737,48.878621],[2.283732,48.878623],[2.283743,48.87863],[2.283723,48.878643],[2.283692,48.878662],[2.283669,48.878675],[2.283659,48.878668],[2.283655,48.878671],[2.283664,48.878678],[2.283638,48.878693],[2.283627,48.878686],[2.28354,48.878734],[2.283549,48.878741],[2.28352,48.878756],[2.283511,48.878749],[2.283506,48.878751],[2.283516,48.878759],[2.283495,48.878769],[2.283458,48.878786],[2.283434,48.878797],[2.283425,48.878789],[2.28342,48.878792],[2.283428,48.8788],[2.283399,48.878813],[2.283389,48.878804],[2.283292,48.878843],[2.2833,48.878852],[2.28327,48.878864],[2.283262,48.878855],[2.283162,48.87889],[2.283168,48.878899],[2.283137,48.878909],[2.283129,48.878901],[2.283026,48.878931],[2.283032,48.878941],[2.283,48.87895],[2.282994,48.878941],[2.282988,48.878943],[2.282993,48.878951],[2.282942,48.878964],[2.2829,48.878975],[2.282894,48.878966],[2.282889,48.878968],[2.282894,48.878976],[2.282858,48.878984],[2.282854,48.878974],[2.282779,48.878989],[2.282746,48.878996],[2.28275,48.879006],[2.282715,48.879013],[2.282711,48.879003],[2.282705,48.879004],[2.282708,48.879014],[2.282611,48.879028],[2.282608,48.879019],[2.282602,48.87902],[2.282604,48.87903],[2.282528,48.879039],[2.282525,48.87903],[2.282519,48.87903],[2.282522,48.87904],[2.28245,48.879047],[2.282436,48.879048],[2.282437,48.879053],[2.282445,48.879052],[2.282444,48.87905],[2.282476,48.879047],[2.282523,48.879043]]],[[[2.280216,48.878952],[2.280006,48.878867],[2.280121,48.879386],[2.280455,48.879229],[2.280216,48.878952]]],[[[2.28203,48.879207],[2.282002,48.879182],[2.281982,48.879184],[2.281985,48.879202],[2.282015,48.879331],[2.282032,48.879409],[2.282068,48.879547],[2.282084,48.879555],[2.282103,48.87955],[2.282104,48.87952],[2.282124,48.879479],[2.282158,48.879438],[2.282191,48.879418],[2.282254,48.879399],[2.282251,48.879383],[2.282202,48.87934],[2.282067,48.879237],[2.28203,48.879207]]],[[[2.281524,48.880112],[2.281443,48.8799],[2.281881,48.879787],[2.28097,48.879744],[2.281524,48.880112]]],[[[2.280626,48.879516],[2.28019,48.879689],[2.280385,48.880518],[2.280794,48.880552],[2.280626,48.879516]]],[[[2.28583,48.881058],[2.285755,48.880973],[2.285747,48.880974],[2.285687,48.880858],[2.285587,48.880844],[2.28567,48.880991],[2.285671,48.880993],[2.285679,48.881007],[2.285704,48.881051],[2.285723,48.881087],[2.285737,48.881096],[2.28583,48.881058]]],[[[2.280963,48.880685],[2.280412,48.880637],[2.280506,48.881066],[2.281063,48.880935],[2.280963,48.880685]]],[[[2.282245,48.879757],[2.282026,48.879845],[2.282508,48.881182],[2.283721,48.880918],[2.282245,48.879757]]],[[[2.281437,48.880259],[2.281224,48.879977],[2.281195,48.88],[2.281261,48.880107],[2.281468,48.8804],[2.281712,48.88075],[2.282093,48.881271],[2.282163,48.881254],[2.281696,48.880618],[2.281437,48.880259]]],[[[2.281246,48.880519],[2.281039,48.880218],[2.280992,48.880239],[2.281102,48.880551],[2.281185,48.880706],[2.281407,48.880951],[2.281739,48.881334],[2.281821,48.881334],[2.281617,48.88103],[2.281482,48.880862],[2.281246,48.880519]]],[[[2.285215,48.880957],[2.284815,48.881208],[2.285547,48.881548],[2.285215,48.880957]]],[[[2.281292,48.881057],[2.280531,48.881174],[2.280626,48.881607],[2.281482,48.88141],[2.281292,48.881057]]],[[[2.283475,48.881427],[2.282977,48.881404],[2.28317,48.881771],[2.283475,48.881427]]],[[[2.286199,48.88166],[2.286187,48.881647],[2.286182,48.881649],[2.285987,48.881442],[2.285936,48.881464],[2.285953,48.881494],[2.285991,48.881561],[2.286058,48.88168],[2.286128,48.881803],[2.286198,48.881927],[2.286298,48.882105],[2.286357,48.882112],[2.286414,48.881876],[2.286412,48.881874],[2.286397,48.881859],[2.286395,48.881857],[2.286345,48.881806],[2.286313,48.881774],[2.286298,48.881759],[2.286248,48.881709],[2.286199,48.88166]]],[[[2.287401,48.882341],[2.286466,48.882234],[2.287486,48.882891],[2.28713,48.882539],[2.287401,48.882341]]],[[[2.284646,48.881475],[2.283811,48.881674],[2.284263,48.881905],[2.284195,48.882624],[2.284644,48.882903],[2.285092,48.881836],[2.284646,48.881475]]],[[[2.28806,48.883012],[2.28769,48.882985],[2.288195,48.883323],[2.28806,48.883012]]],[[[2.285683,48.882127],[2.285225,48.881943],[2.284902,48.882983],[2.28546,48.883411],[2.285907,48.882349],[2.285683,48.882127]]],[[[2.281863,48.881747],[2.280697,48.881924],[2.280908,48.882879],[2.281721,48.883511],[2.282513,48.882588],[2.281863,48.881747]]],[[[2.288751,48.88362],[2.288365,48.883384],[2.288367,48.883433],[2.288431,48.883474],[2.2886,48.883576],[2.288597,48.883578],[2.288667,48.883621],[2.288751,48.88362]]],[[[2.286458,48.882615],[2.28604,48.882457],[2.285717,48.883492],[2.286128,48.883825],[2.287147,48.883131],[2.286458,48.882615]]],[[[2.281987,48.883639],[2.281926,48.883631],[2.281878,48.883688],[2.281849,48.883729],[2.281849,48.88376],[2.281877,48.883778],[2.281902,48.883786],[2.282046,48.883805],[2.282141,48.883816],[2.282165,48.883807],[2.282175,48.883791],[2.282147,48.883762],[2.282021,48.88366],[2.281987,48.883639]]],[[[2.289385,48.883994],[2.288897,48.883694],[2.288899,48.883762],[2.288895,48.883765],[2.288956,48.883803],[2.28896,48.8838],[2.289206,48.883953],[2.289202,48.883956],[2.289263,48.883994],[2.289267,48.883991],[2.289284,48.884002],[2.289297,48.884001],[2.289384,48.883994],[2.289385,48.883994]]],[[[2.287916,48.883529],[2.287442,48.883321],[2.286568,48.884098],[2.286912,48.884312],[2.288655,48.884176],[2.287916,48.883529]]],[[[2.290759,48.884745],[2.290004,48.884117],[2.289529,48.884163],[2.290759,48.884745]]],[[[2.291637,48.885482],[2.291835,48.885328],[2.291128,48.885137],[2.291637,48.885482]]],[[[2.289033,48.884595],[2.288646,48.884357],[2.287289,48.884546],[2.288878,48.885535],[2.289033,48.884595]]],[[[2.284401,48.885514],[2.282356,48.883931],[2.282225,48.88397],[2.284275,48.885542],[2.284401,48.885514]]],[[[2.289313,48.885807],[2.290541,48.885652],[2.290838,48.885353],[2.289496,48.884513],[2.289313,48.885807]]],[[[2.285721,48.884758],[2.284735,48.88564],[2.285657,48.886266],[2.287375,48.88605],[2.285721,48.884758]]],[[[2.285447,48.886316],[2.284634,48.885687],[2.284505,48.885726],[2.285336,48.886363],[2.285447,48.886316]]],[[[2.285816,48.886603],[2.285705,48.886525],[2.28564,48.886555],[2.285779,48.886629],[2.285816,48.886603]]],[[[2.286455,48.886531],[2.285979,48.886537],[2.286464,48.886775],[2.286455,48.886531]]],[[[2.288037,48.886383],[2.28665,48.886544],[2.286632,48.886913],[2.288648,48.887819],[2.289188,48.887099],[2.288037,48.886383]]],[[[2.288342,48.887886],[2.287313,48.887343],[2.28725,48.887437],[2.288283,48.887962],[2.288342,48.887886]]]],"type":"MultiPolygon"},"properties":{"id_projet":"MATERNELLES (année scolaire 2025/2026)","libelle":"VILLIERS (22) MAT","annee_scol":"2025-2026","zone_commune":0,"etiquette":"Secteur de l'école 22 AVENUE PORTE DE VILLIERS","lib_etab_1":"VILLIERS (22) MAT","lib_etab_2":null,"lib_etab_3":null,"lib_etab_4":null,"adr_etab_1":"22 AVENUE PORTE DE VILLIERS","adr_etab_2":null,"adr_etab_3":null,"adr_etab_4":null,"type_etabl":"Maternelle","geo_point_2d":{"lon":2.2852332055997193,"lat":48.883770821451016},"st_area_shape":189207.29633007682,"st_perimeter_shape":10524.117892561104}},{"type":"Feature","geometry":{"coordinates":[[[[2.326079,48.895076],[2.32533,48.893552],[2.322841,48.893629],[2.323372,48.893776],[2.32425,48.894863],[2.324957,48.894776],[2.325247,48.895333],[2.326079,48.895076]]],[[[2.32657,48.893724],[2.325742,48.893955],[2.326582,48.895393],[2.327691,48.895044],[2.32657,48.893724]]],[[[2.32594,48.897102],[2.327012,48.896593],[2.326675,48.895979],[2.325349,48.896499],[2.32594,48.897102]]],[[[2.327913,48.89647],[2.327292,48.896579],[2.32781,48.897384],[2.328752,48.897403],[2.328362,48.896249],[2.327913,48.89647]],[[2.327913,48.89647],[2.327999,48.896603],[2.328031,48.896653],[2.328064,48.896704],[2.327913,48.89647]],[[2.327488,48.896584],[2.32755,48.896562],[2.327562,48.896558],[2.327488,48.896584]],[[2.327791,48.896525],[2.327944,48.896747],[2.327909,48.896696],[2.327893,48.896673],[2.327876,48.896649],[2.327791,48.896525]],[[2.327351,48.896627],[2.32736,48.896623],[2.327369,48.89662],[2.327392,48.896612],[2.327351,48.896627]],[[2.327661,48.896564],[2.327697,48.896612],[2.327768,48.896708],[2.327661,48.896564]]],[[[2.327613,48.896383],[2.328347,48.896205],[2.328234,48.895868],[2.32699,48.895916],[2.327233,48.896477],[2.327613,48.896383]]],[[[2.325512,48.897305],[2.325076,48.896665],[2.32444,48.897348],[2.325512,48.897305]]],[[[2.327104,48.896737],[2.325742,48.897376],[2.326667,48.897396],[2.327321,48.897082],[2.327104,48.896737]]],[[[2.325236,48.896322],[2.326484,48.895788],[2.324887,48.895908],[2.325236,48.896322]]],[[[2.327965,48.895069],[2.326641,48.895496],[2.328075,48.895494],[2.327965,48.895069]]],[[[2.326973,48.893753],[2.327616,48.894031],[2.327442,48.893515],[2.326713,48.893702],[2.327249,48.894089],[2.326973,48.893753]]],[[[2.325768,48.893768],[2.327392,48.893365],[2.327249,48.893153],[2.325488,48.893522],[2.325768,48.893768]]],[[[2.327641,48.894107],[2.327157,48.894187],[2.327908,48.894903],[2.327641,48.894107]]],[[[2.325085,48.893379],[2.32469,48.893142],[2.324651,48.893367],[2.323484,48.893449],[2.325085,48.893379]]],[[[2.324879,48.896501],[2.32494,48.896476],[2.324953,48.89647],[2.324992,48.89643],[2.324922,48.89636],[2.324907,48.896366],[2.324902,48.896361],[2.324874,48.896372],[2.324873,48.896379],[2.324857,48.896385],[2.324792,48.896411],[2.324687,48.896465],[2.324321,48.896864],[2.324234,48.897255],[2.324297,48.897173],[2.324291,48.897171],[2.3243,48.897161],[2.324484,48.896935],[2.324799,48.896589],[2.324878,48.896504],[2.324877,48.896503],[2.324879,48.896501]]],[[[2.327474,48.897266],[2.327428,48.897186],[2.327403,48.897196],[2.327391,48.897183],[2.327344,48.897134],[2.327243,48.897176],[2.327016,48.89727],[2.326826,48.897349],[2.326781,48.897368],[2.32678,48.897397],[2.326974,48.897401],[2.327011,48.897402],[2.327585,48.897414],[2.327613,48.897415],[2.327534,48.897321],[2.327533,48.89732],[2.32752,48.897319],[2.327474,48.897266]]],[[[2.322819,48.8935],[2.322992,48.893482],[2.323275,48.893452],[2.323292,48.893428],[2.323276,48.893408],[2.322979,48.893389],[2.322931,48.893407],[2.322854,48.893308],[2.322822,48.893319],[2.32271,48.893359],[2.322725,48.893378],[2.322738,48.893395],[2.322752,48.893412],[2.322757,48.893419],[2.322658,48.893492],[2.322664,48.8935],[2.3227,48.893512],[2.322819,48.8935]]],[[[2.32573,48.897319],[2.325728,48.897318],[2.325726,48.897318],[2.325724,48.897319],[2.325722,48.897319],[2.32572,48.89732],[2.325719,48.897321],[2.325719,48.897323],[2.325718,48.897324],[2.325719,48.897325],[2.32572,48.897327],[2.325721,48.897328],[2.325723,48.897329],[2.325725,48.897329],[2.325727,48.897329],[2.325729,48.897329],[2.325731,48.897329],[2.325732,48.897328],[2.325734,48.897327],[2.325735,48.897326],[2.325735,48.897324],[2.325735,48.897323],[2.325734,48.897322],[2.325733,48.89732],[2.325732,48.897319],[2.32573,48.897319]]],[[[2.325785,48.897293],[2.325783,48.897292],[2.325781,48.897292],[2.325779,48.897293],[2.325777,48.897293],[2.325776,48.897294],[2.325775,48.897295],[2.325774,48.897297],[2.325774,48.897298],[2.325774,48.897299],[2.325775,48.8973],[2.325776,48.897301],[2.325778,48.897302],[2.32578,48.897303],[2.325782,48.897303],[2.325784,48.897303],[2.325786,48.897302],[2.325787,48.897301],[2.325789,48.8973],[2.325789,48.897299],[2.32579,48.897298],[2.32579,48.897297],[2.325789,48.897295],[2.325788,48.897294],[2.325786,48.897293],[2.325785,48.897293]]],[[[2.325691,48.897351],[2.325689,48.897351],[2.325687,48.897351],[2.325685,48.897351],[2.325684,48.897352],[2.325682,48.897353],[2.325681,48.897354],[2.32568,48.897355],[2.32568,48.897356],[2.325681,48.897358],[2.325681,48.897359],[2.325683,48.89736],[2.325684,48.897361],[2.325686,48.897361],[2.325688,48.897361],[2.32569,48.897361],[2.325692,48.897361],[2.325694,48.89736],[2.325695,48.897359],[2.325696,48.897358],[2.325696,48.897356],[2.325696,48.897355],[2.325695,48.897354],[2.325694,48.897353],[2.325693,48.897352],[2.325691,48.897351]]]],"type":"MultiPolygon"},"properties":{"id_projet":"MATERNELLES (année scolaire 2025/2026)","libelle":"ST ANGE (14) MAT","annee_scol":"2025-2026","zone_commune":0,"etiquette":"Secteur de l'école 14 PASSAGE SAINT ANGE","lib_etab_1":"ST ANGE (14) MAT","lib_etab_2":null,"lib_etab_3":null,"lib_etab_4":null,"adr_etab_1":"14 PASSAGE SAINT ANGE","adr_etab_2":null,"adr_etab_3":null,"adr_etab_4":null,"type_etabl":"Maternelle","geo_point_2d":{"lon":2.326149853134185,"lat":48.895320003651044},"st_area_shape":87125.02334126955,"st_perimeter_shape":5491.33633701503}},{"type":"Feature","geometry":{"coordinates":[[[[2.291981,48.888505],[2.289661,48.887369],[2.288975,48.887986],[2.289654,48.888394],[2.289874,48.888101],[2.290448,48.888166],[2.289774,48.888453],[2.29154,48.889454],[2.292407,48.889556],[2.29304,48.888882],[2.291981,48.888505]]],[[[2.29173,48.885474],[2.291687,48.885443],[2.291637,48.885482],[2.291639,48.885483],[2.291663,48.885498],[2.291702,48.885496],[2.29173,48.885474]]],[[[2.294751,48.889709],[2.294482,48.889801],[2.295486,48.890088],[2.294751,48.889709]]],[[[2.289591,48.888498],[2.28904,48.888228],[2.288916,48.888275],[2.289214,48.888409],[2.289506,48.888548],[2.289591,48.888498]]],[[[2.295981,48.890314],[2.295781,48.890248],[2.295731,48.890273],[2.295924,48.890371],[2.297199,48.891028],[2.297238,48.890976],[2.296239,48.890449],[2.295981,48.890314]]],[[[2.296606,48.885272],[2.295762,48.885287],[2.295856,48.886176],[2.296606,48.885272]]],[[[2.294706,48.884618],[2.293678,48.88523],[2.295502,48.885027],[2.294706,48.884618]]],[[[2.292203,48.887442],[2.293393,48.886926],[2.292812,48.886617],[2.291853,48.887297],[2.292203,48.887442]]],[[[2.294781,48.886368],[2.294091,48.88699],[2.294664,48.887248],[2.29534,48.886575],[2.294781,48.886368]]],[[[2.291308,48.886546],[2.291808,48.886192],[2.291477,48.8859],[2.290366,48.88638],[2.291308,48.886546]]],[[[2.292382,48.886307],[2.291193,48.886983],[2.291702,48.887245],[2.292694,48.886543],[2.292382,48.886307]]],[[[2.293115,48.885973],[2.292735,48.886157],[2.293899,48.886872],[2.294498,48.886338],[2.293115,48.885973]]],[[[2.295601,48.885309],[2.29383,48.885539],[2.295657,48.886196],[2.295601,48.885309]]],[[[2.297546,48.890048],[2.296371,48.890372],[2.29803,48.891427],[2.298459,48.89096],[2.297449,48.890338],[2.297546,48.890048]]],[[[2.292822,48.885135],[2.293475,48.885283],[2.293714,48.885059],[2.293242,48.884794],[2.29384,48.884988],[2.294242,48.884398],[2.293618,48.884127],[2.291978,48.885445],[2.293156,48.885323],[2.292822,48.885135]]],[[[2.296142,48.889601],[2.294208,48.88883],[2.293743,48.888835],[2.292944,48.889619],[2.29426,48.889775],[2.294763,48.88955],[2.296035,48.890196],[2.296142,48.889601]]]],"type":"MultiPolygon"},"properties":{"id_projet":"MATERNELLES (année scolaire 2026/2027)","libelle":"LOUIS VIERNE (6) MAT","annee_scol":"2026-2027","zone_commune":0,"etiquette":"Secteur de l'école 6 LOUIS VIERNE (6) MAT","lib_etab_1":"LOUIS VIERNE (6) MAT","lib_etab_2":null,"lib_etab_3":null,"lib_etab_4":null,"adr_etab_1":"6 LOUIS VIERNE (6) MAT","adr_etab_2":null,"adr_etab_3":null,"adr_etab_4":null,"type_etabl":"Maternelle","geo_point_2d":{"lon":2.2934457458681217,"lat":48.8875895456093},"st_area_shape":107938.59383501287,"st_perimeter_shape":5976.225822554647}},{"type":"Feature","geometry":{"coordinates":[[[[2.309452,48.892263],[2.310089,48.892289],[2.310258,48.891895],[2.313193,48.892459],[2.313719,48.892178],[2.312881,48.891839],[2.3166,48.889788],[2.314242,48.887415],[2.312924,48.887731],[2.312952,48.889278],[2.308352,48.892175],[2.311627,48.893278],[2.309452,48.892263]],[[2.313047,48.891721],[2.313062,48.891713],[2.313054,48.891724],[2.313047,48.891721]]]],"type":"MultiPolygon"},"properties":{"id_projet":"MATERNELLES (année scolaire 2020/2021)","libelle":"ZM MSTISLAV ROSTROPOVITCH (34) POLY/ (56) MAT","annee_scol":"2020-2021","zone_commune":1,"etiquette":"Secteur commun des écoles \n34 RUE MSTISLAV ROSTROPOVITCH \n56 RUE MSTISLAV ROSTROPOVITCH","lib_etab_1":"M. ROSTROPOVITCH (34) POLY","lib_etab_2":"M. ROSTROPOVITCH (56) MAT","lib_etab_3":null,"lib_etab_4":null,"adr_etab_1":"34 RUE MSTISLAV ROSTROPOVITCH","adr_etab_2":"56 RUE MSTISLAV ROSTROPOVITCH","adr_etab_3":null,"adr_etab_4":null,"type_etabl":null,"geo_point_2d":{"lon":2.313045761357026,"lat":48.89023923387962},"st_area_shape":137502.17426376755,"st_perimeter_shape":2400.370707927714}},{"type":"Feature","geometry":{"coordinates":[[[[2.326342,48.895571],[2.3262,48.895039],[2.325247,48.895333],[2.324957,48.894776],[2.32425,48.894863],[2.323372,48.893776],[2.322847,48.893637],[2.324113,48.895236],[2.324463,48.895222],[2.324183,48.895325],[2.324528,48.895761],[2.326342,48.895571]]],[[[2.322865,48.897177],[2.322171,48.896307],[2.32163,48.896487],[2.322142,48.89624],[2.321881,48.895934],[2.318603,48.895354],[2.320259,48.896029],[2.320659,48.895862],[2.321416,48.896837],[2.321808,48.896714],[2.322178,48.897181],[2.322865,48.897177]]],[[[2.322834,48.895798],[2.321429,48.894041],[2.321164,48.894244],[2.321542,48.894659],[2.320754,48.894285],[2.321884,48.895681],[2.322096,48.895401],[2.322834,48.895798]]],[[[2.32309,48.894175],[2.322679,48.893655],[2.322604,48.894052],[2.322269,48.893802],[2.323736,48.895776],[2.324257,48.895783],[2.32309,48.894175]]],[[[2.321658,48.895657],[2.321438,48.89538],[2.320181,48.895352],[2.31975,48.894616],[2.319352,48.89492],[2.319479,48.895267],[2.318178,48.89489],[2.31994,48.895549],[2.321658,48.895657]]],[[[2.323967,48.897156],[2.323036,48.896],[2.322582,48.896157],[2.323058,48.896754],[2.322328,48.89625],[2.323157,48.897286],[2.323967,48.897156]]],[[[2.323548,48.895765],[2.322509,48.894366],[2.322012,48.894519],[2.322983,48.895729],[2.323548,48.895765]]],[[[2.320934,48.894743],[2.32061,48.894335],[2.319948,48.894538],[2.320596,48.895237],[2.321176,48.895046],[2.320934,48.894743]]],[[[2.323896,48.896576],[2.324717,48.896325],[2.323254,48.896059],[2.323896,48.896576]]],[[[2.324992,48.89643],[2.32379,48.896715],[2.324234,48.897255],[2.324992,48.89643]]],[[[2.323857,48.897694],[2.323456,48.897751],[2.323617,48.898652],[2.323857,48.897694]]],[[[2.32482,48.897356],[2.325641,48.897143],[2.325076,48.896665],[2.324498,48.897254],[2.32482,48.897356]]],[[[2.325255,48.896316],[2.326486,48.895791],[2.324871,48.895945],[2.325255,48.896316]]],[[[2.32241,48.894235],[2.322109,48.893831],[2.321554,48.894003],[2.321885,48.894388],[2.32241,48.894235]]],[[[2.322747,48.89605],[2.322059,48.89593],[2.322273,48.896199],[2.322747,48.89605]]],[[[2.321031,48.895488],[2.321387,48.895341],[2.320685,48.895358],[2.321031,48.895488]]],[[[2.325943,48.8971],[2.325413,48.896463],[2.325349,48.896499],[2.325344,48.896523],[2.325401,48.896582],[2.325529,48.896715],[2.32549,48.896732],[2.325833,48.897088],[2.32594,48.897102],[2.325943,48.8971]]],[[[2.32413,48.898323],[2.324097,48.89832],[2.324077,48.898409],[2.324046,48.898549],[2.324004,48.898742],[2.324067,48.898792],[2.324165,48.898755],[2.3242,48.898453],[2.32413,48.898323]]],[[[2.324323,48.897838],[2.324274,48.897734],[2.32422,48.897763],[2.324206,48.89783],[2.324186,48.897918],[2.324149,48.898085],[2.324159,48.898105],[2.324253,48.898088],[2.324323,48.897838]]]],"type":"MultiPolygon"},"properties":{"id_projet":"MATERNELLES (année scolaire 2020/2021)","libelle":"EPINETTES (44) MAT","annee_scol":"2020-2021","zone_commune":0,"etiquette":"Secteur de l'école 44 RUE DES EPINETTES","lib_etab_1":"EPINETTES (44) MAT","lib_etab_2":null,"lib_etab_3":null,"lib_etab_4":null,"adr_etab_1":"44 RUE DES EPINETTES","adr_etab_2":null,"adr_etab_3":null,"adr_etab_4":null,"type_etabl":null,"geo_point_2d":{"lon":2.3228259438514027,"lat":48.895698731900595},"st_area_shape":96510.53058281452,"st_perimeter_shape":7647.245373821852}},{"type":"Feature","geometry":{"coordinates":[[[[2.298862,48.879761],[2.298109,48.879404],[2.298187,48.879157],[2.297667,48.879155],[2.298264,48.878591],[2.297433,48.878094],[2.295815,48.878447],[2.29883,48.879976],[2.298862,48.879761]]],[[[2.294714,48.880065],[2.29456,48.879863],[2.293594,48.880728],[2.29521,48.881469],[2.294714,48.880065]]],[[[2.293577,48.883047],[2.288287,48.880013],[2.287978,48.880084],[2.293577,48.883047]]],[[[2.296325,48.879466],[2.296747,48.879069],[2.29588,48.878624],[2.295458,48.879009],[2.296115,48.87925],[2.2954,48.879067],[2.294891,48.879561],[2.295605,48.880059],[2.296325,48.879466]]],[[[2.290475,48.880283],[2.291128,48.879691],[2.290895,48.879579],[2.288713,48.880108],[2.289938,48.88077],[2.290475,48.880283]]],[[[2.293207,48.879318],[2.292853,48.879129],[2.291349,48.879673],[2.292482,48.88017],[2.293456,48.879505],[2.293207,48.879318]]],[[[2.291893,48.881019],[2.290752,48.880248],[2.290062,48.880843],[2.291282,48.881493],[2.291893,48.881019]]],[[[2.293901,48.881006],[2.293199,48.880942],[2.293367,48.880754],[2.292789,48.880483],[2.29227,48.880881],[2.29316,48.88103],[2.292962,48.881268],[2.293776,48.881696],[2.294338,48.881235],[2.293901,48.881006]]],[[[2.297083,48.879201],[2.295794,48.880136],[2.296473,48.880377],[2.297697,48.879467],[2.297083,48.879201]]],[[[2.288661,48.880809],[2.288826,48.880677],[2.288035,48.880239],[2.286841,48.880516],[2.288806,48.881526],[2.288298,48.881101],[2.288661,48.880809]]],[[[2.293814,48.879669],[2.292628,48.880274],[2.293473,48.88062],[2.294273,48.879959],[2.293814,48.879669]]],[[[2.292124,48.880829],[2.292608,48.880397],[2.291254,48.87976],[2.290841,48.880133],[2.292124,48.880829]]],[[[2.292566,48.88178],[2.292103,48.881936],[2.293713,48.882809],[2.294014,48.882566],[2.292566,48.88178]]],[[[2.294266,48.879188],[2.294065,48.878851],[2.293079,48.87909],[2.294381,48.879847],[2.294266,48.879188]]],[[[2.291221,48.882181],[2.291571,48.882157],[2.289719,48.881169],[2.289998,48.881778],[2.291221,48.882181]]],[[[2.292899,48.881386],[2.292501,48.881607],[2.294116,48.882391],[2.293841,48.88188],[2.292899,48.881386]]],[[[2.294654,48.881361],[2.293966,48.881762],[2.294233,48.882257],[2.295082,48.881587],[2.294654,48.881361]]],[[[2.295636,48.8785],[2.294505,48.878752],[2.294814,48.879426],[2.295636,48.8785]]],[[[2.295863,48.880269],[2.295357,48.880481],[2.295645,48.881049],[2.296336,48.880484],[2.295863,48.880269]]],[[[2.2894,48.881237],[2.289591,48.881082],[2.288942,48.880739],[2.28851,48.881087],[2.289119,48.881416],[2.2894,48.881237]]],[[[2.292598,48.88123],[2.291887,48.881206],[2.29229,48.881484],[2.292598,48.88123]]],[[[2.291984,48.881474],[2.291454,48.881586],[2.291973,48.88184],[2.292231,48.881627],[2.291984,48.881474]]],[[[2.286224,48.880837],[2.28681,48.880523],[2.285612,48.880801],[2.286224,48.880837]]],[[[2.295366,48.880068],[2.295108,48.879993],[2.29528,48.88033],[2.295366,48.880068]]]],"type":"MultiPolygon"},"properties":{"id_projet":"MATERNELLES (année scolaire 2021/2022)","libelle":"PEREIRE (221) MAT","annee_scol":"2021-2022","zone_commune":0,"etiquette":"Secteur de l'école 221 BOULEVARD PEREIRE","lib_etab_1":"PEREIRE (221) MAT","lib_etab_2":null,"lib_etab_3":null,"lib_etab_4":null,"adr_etab_1":"221 BOULEVARD PEREIRE","adr_etab_2":null,"adr_etab_3":null,"adr_etab_4":null,"type_etabl":"Maternelle","geo_point_2d":{"lon":2.293096473670545,"lat":48.88039856275531},"st_area_shape":158324.4995894668,"st_perimeter_shape":9511.624551356363}},{"type":"Feature","geometry":{"coordinates":[[[[2.309452,48.892263],[2.310089,48.892289],[2.310258,48.891895],[2.313193,48.892459],[2.313719,48.892178],[2.312881,48.891839],[2.3166,48.889788],[2.314242,48.887415],[2.312924,48.887731],[2.312952,48.889278],[2.308352,48.892175],[2.311627,48.893278],[2.309452,48.892263]],[[2.313047,48.891721],[2.313062,48.891713],[2.313054,48.891724],[2.313047,48.891721]]]],"type":"MultiPolygon"},"properties":{"id_projet":"MATERNELLES (année scolaire 2022/2023)","libelle":"ZM MSTISLAV ROSTROPOVITCH (34) POLY/ (56) MAT","annee_scol":"2022-2023","zone_commune":1,"etiquette":"Secteur commun des écoles \n34 RUE MSTISLAV ROSTROPOVITCH \n56 RUE MSTISLAV ROSTROPOVITCH","lib_etab_1":"M. ROSTROPOVITCH (34) POLY","lib_etab_2":"M. ROSTROPOVITCH (56) MAT","lib_etab_3":null,"lib_etab_4":null,"adr_etab_1":"34 RUE MSTISLAV ROSTROPOVITCH","adr_etab_2":"56 RUE MSTISLAV ROSTROPOVITCH","adr_etab_3":null,"adr_etab_4":null,"type_etabl":"Maternelle","geo_point_2d":{"lon":2.313045761357026,"lat":48.89023923387962},"st_area_shape":137502.17426376755,"st_perimeter_shape":2400.370707927714}},{"type":"Feature","geometry":{"coordinates":[[[[2.298862,48.879761],[2.298109,48.879404],[2.298187,48.879157],[2.297667,48.879155],[2.298264,48.878591],[2.297433,48.878094],[2.295815,48.878447],[2.29883,48.879976],[2.298862,48.879761]]],[[[2.295636,48.8785],[2.294505,48.878752],[2.294814,48.879426],[2.295636,48.8785]]],[[[2.294266,48.879188],[2.294065,48.878851],[2.293079,48.87909],[2.294381,48.879847],[2.294266,48.879188]]],[[[2.296325,48.879466],[2.296747,48.879069],[2.29588,48.878624],[2.295458,48.879009],[2.296115,48.87925],[2.2954,48.879067],[2.294891,48.879561],[2.295605,48.880059],[2.296325,48.879466]]],[[[2.293207,48.879318],[2.292853,48.879129],[2.291349,48.879673],[2.292482,48.88017],[2.293456,48.879505],[2.293207,48.879318]]],[[[2.295366,48.880068],[2.295108,48.879993],[2.29528,48.88033],[2.295366,48.880068]]],[[[2.297083,48.879201],[2.295794,48.880136],[2.296473,48.880377],[2.297697,48.879467],[2.297083,48.879201]]],[[[2.293814,48.879669],[2.292628,48.880274],[2.293473,48.88062],[2.294273,48.879959],[2.293814,48.879669]]],[[[2.290475,48.880283],[2.291128,48.879691],[2.290895,48.879579],[2.288713,48.880108],[2.289938,48.88077],[2.290475,48.880283]]],[[[2.292124,48.880829],[2.292608,48.880397],[2.291254,48.87976],[2.290841,48.880133],[2.292124,48.880829]]],[[[2.286224,48.880837],[2.28681,48.880523],[2.285612,48.880801],[2.286224,48.880837]]],[[[2.295863,48.880269],[2.295357,48.880481],[2.295645,48.881049],[2.296336,48.880484],[2.295863,48.880269]]],[[[2.2894,48.881237],[2.289591,48.881082],[2.288942,48.880739],[2.28851,48.881087],[2.289119,48.881416],[2.2894,48.881237]]],[[[2.294714,48.880065],[2.29456,48.879863],[2.293594,48.880728],[2.29521,48.881469],[2.294714,48.880065]]],[[[2.292598,48.88123],[2.291887,48.881206],[2.29229,48.881484],[2.292598,48.88123]]],[[[2.291893,48.881019],[2.290752,48.880248],[2.290062,48.880843],[2.291282,48.881493],[2.291893,48.881019]]],[[[2.288661,48.880809],[2.288826,48.880677],[2.288035,48.880239],[2.286841,48.880516],[2.288806,48.881526],[2.288298,48.881101],[2.288661,48.880809]]],[[[2.293901,48.881006],[2.293199,48.880942],[2.293367,48.880754],[2.292789,48.880483],[2.29227,48.880881],[2.29316,48.88103],[2.292962,48.881268],[2.293776,48.881696],[2.294338,48.881235],[2.293901,48.881006]]],[[[2.291984,48.881474],[2.291454,48.881586],[2.291973,48.88184],[2.292231,48.881627],[2.291984,48.881474]]],[[[2.294654,48.881361],[2.293966,48.881762],[2.294233,48.882257],[2.295082,48.881587],[2.294654,48.881361]]],[[[2.291221,48.882181],[2.291571,48.882157],[2.289719,48.881169],[2.289998,48.881778],[2.291221,48.882181]]],[[[2.292899,48.881386],[2.292501,48.881607],[2.294116,48.882391],[2.293841,48.88188],[2.292899,48.881386]]],[[[2.292566,48.88178],[2.292103,48.881936],[2.293713,48.882809],[2.294014,48.882566],[2.292566,48.88178]]],[[[2.293577,48.883047],[2.288287,48.880013],[2.287978,48.880084],[2.293577,48.883047]]]],"type":"MultiPolygon"},"properties":{"id_projet":"MATERNELLES (année scolaire 2023/2024)","libelle":"PEREIRE (221) MAT","annee_scol":"2023-2024","zone_commune":0,"etiquette":"Secteur de l'école 221 BOULEVARD PEREIRE","lib_etab_1":"PEREIRE (221) MAT","lib_etab_2":null,"lib_etab_3":null,"lib_etab_4":null,"adr_etab_1":"221 BOULEVARD PEREIRE","adr_etab_2":null,"adr_etab_3":null,"adr_etab_4":null,"type_etabl":"Maternelle","geo_point_2d":{"lon":2.293096473670548,"lat":48.880398562755346},"st_area_shape":158324.49958946675,"st_perimeter_shape":9511.62455135636}},{"type":"Feature","geometry":{"coordinates":[[[[2.320919,48.898634],[2.314526,48.896194],[2.314986,48.897134],[2.313384,48.898075],[2.314429,48.89813],[2.31607,48.898891],[2.317064,48.898368],[2.318605,48.899688],[2.320864,48.899115],[2.320919,48.898634]]],[[[2.326134,48.897743],[2.324902,48.897771],[2.325585,48.898134],[2.326134,48.897743]]],[[[2.324533,48.897709],[2.324168,48.898123],[2.324758,48.898537],[2.325261,48.898336],[2.324533,48.897709]]],[[[2.326353,48.897897],[2.325725,48.898233],[2.326232,48.898705],[2.326353,48.897897]]],[[[2.323015,48.898443],[2.323021,48.897721],[2.321851,48.898314],[2.314844,48.895667],[2.314559,48.895945],[2.321991,48.898792],[2.323015,48.898443]]],[[[2.324179,48.898327],[2.324067,48.898792],[2.32474,48.898824],[2.324179,48.898327]]],[[[2.32557,48.898437],[2.32492,48.898828],[2.32608,48.898851],[2.32557,48.898437]]],[[[2.328983,48.898845],[2.328405,48.897791],[2.32663,48.897817],[2.326656,48.898863],[2.328983,48.898845]]],[[[2.321231,48.898753],[2.321034,48.899072],[2.321481,48.898958],[2.321231,48.898753]]],[[[2.323554,48.899025],[2.322496,48.899033],[2.322456,48.899941],[2.323444,48.900229],[2.323554,48.899025]]],[[[2.323999,48.899091],[2.323726,48.90017],[2.328624,48.900284],[2.328677,48.8992],[2.323999,48.899091]]],[[[2.329024,48.899231],[2.32882,48.900195],[2.329462,48.900419],[2.329024,48.899231]]],[[[2.321764,48.900704],[2.322609,48.900698],[2.322701,48.900324],[2.321702,48.900181],[2.322187,48.900087],[2.322236,48.899068],[2.319883,48.899664],[2.319644,48.90002],[2.321764,48.900704]]],[[[2.321096,48.900672],[2.320682,48.900552],[2.320671,48.900559],[2.320534,48.900636],[2.320359,48.900741],[2.320387,48.900758],[2.321052,48.900781],[2.321658,48.900802],[2.321096,48.900672]]],[[[2.329578,48.900882],[2.329503,48.90051],[2.328739,48.900494],[2.328724,48.900804],[2.329578,48.900882]]]],"type":"MultiPolygon"},"properties":{"id_projet":"MATERNELLES (année scolaire 2024/2025)","libelle":"ANDRE BRECHET (21) MAT","annee_scol":"2024-2025","zone_commune":0,"etiquette":"Secteur de l'école 21 RUE ANDRE BRECHET","lib_etab_1":"ANDRE BRECHET (21) MAT","lib_etab_2":null,"lib_etab_3":null,"lib_etab_4":null,"adr_etab_1":"21 RUE ANDRE BRECHET","adr_etab_2":null,"adr_etab_3":null,"adr_etab_4":null,"type_etabl":"Maternelle","geo_point_2d":{"lon":2.3214264409021967,"lat":48.898630924251414},"st_area_shape":236669.54483931046,"st_perimeter_shape":7800.987508720902}},{"type":"Feature","geometry":{"coordinates":[[[[2.288008,48.882515],[2.289092,48.881534],[2.286841,48.880516],[2.286054,48.880894],[2.286732,48.880817],[2.286286,48.881009],[2.287272,48.881839],[2.286898,48.88212],[2.287401,48.882341],[2.28713,48.882539],[2.287627,48.882859],[2.288008,48.882515]],[[2.287382,48.882377],[2.287653,48.882173],[2.287287,48.881934],[2.287836,48.88146],[2.287372,48.881922],[2.287685,48.882151],[2.288385,48.881782],[2.287382,48.882377]]],[[[2.295623,48.882645],[2.295619,48.882644],[2.295579,48.882681],[2.295582,48.882682],[2.295583,48.882681],[2.295623,48.882645]]],[[[2.291826,48.882295],[2.291289,48.88261],[2.292048,48.882996],[2.292422,48.882617],[2.291826,48.882295]]],[[[2.290794,48.882814],[2.291571,48.882161],[2.290678,48.882161],[2.289998,48.881778],[2.289719,48.881169],[2.28863,48.882134],[2.290468,48.883106],[2.290794,48.882814]]],[[[2.288659,48.882989],[2.289175,48.882628],[2.288665,48.882298],[2.2877,48.882976],[2.288237,48.883294],[2.288659,48.882989]]],[[[2.292768,48.882805],[2.292179,48.883091],[2.29299,48.883505],[2.293366,48.883129],[2.292768,48.882805]]],[[[2.289754,48.882848],[2.289312,48.88269],[2.288365,48.883384],[2.288776,48.883619],[2.289754,48.882848]]],[[[2.291353,48.882783],[2.290866,48.882914],[2.291001,48.883921],[2.29286,48.883624],[2.291353,48.882783]]],[[[2.290322,48.883141],[2.289895,48.882982],[2.288897,48.883694],[2.289385,48.883994],[2.290322,48.883141]]],[[[2.290765,48.883476],[2.290669,48.883077],[2.289549,48.884003],[2.290743,48.88394],[2.290765,48.883476]]],[[[2.29465,48.884129],[2.294874,48.883946],[2.293515,48.88321],[2.293012,48.883655],[2.294367,48.884347],[2.29465,48.884129]]],[[[2.296609,48.884518],[2.29355,48.883072],[2.296494,48.884694],[2.296609,48.884518]]],[[[2.295268,48.884158],[2.294984,48.884046],[2.294524,48.884422],[2.295725,48.884988],[2.296422,48.884909],[2.295268,48.884158]]],[[[2.290881,48.884973],[2.290801,48.884076],[2.289608,48.884132],[2.290777,48.884555],[2.290881,48.884973]]],[[[2.291664,48.884579],[2.292456,48.883921],[2.290964,48.884062],[2.291029,48.885025],[2.291664,48.884579]]],[[[2.292169,48.885121],[2.293478,48.884038],[2.292866,48.883773],[2.291137,48.88513],[2.29173,48.885474],[2.292169,48.885121]]]],"type":"MultiPolygon"},"properties":{"id_projet":"MATERNELLES (année scolaire 2025/2026)","libelle":"BAYEN (56) MAT","annee_scol":"2025-2026","zone_commune":0,"etiquette":"Secteur de l'école 56 RUE BAYEN","lib_etab_1":"BAYEN (56) MAT","lib_etab_2":null,"lib_etab_3":null,"lib_etab_4":null,"adr_etab_1":"56 RUE BAYEN","adr_etab_2":null,"adr_etab_3":null,"adr_etab_4":null,"type_etabl":"Maternelle","geo_point_2d":{"lon":2.290858657255026,"lat":48.883106635297025},"st_area_shape":121025.74636200705,"st_perimeter_shape":6876.593604936236}},{"type":"Feature","geometry":{"coordinates":[[[[2.306838,48.885315],[2.303699,48.88537],[2.304939,48.88687],[2.306838,48.885315]]],[[[2.305596,48.881623],[2.305592,48.881621],[2.305594,48.881624],[2.305596,48.881623]]],[[[2.308004,48.886228],[2.308072,48.885595],[2.307294,48.886239],[2.308004,48.886228]]],[[[2.308908,48.885371],[2.309296,48.885103],[2.308807,48.884861],[2.308186,48.885405],[2.308908,48.885371]]],[[[2.30833,48.884851],[2.308069,48.884737],[2.307538,48.885227],[2.30803,48.885363],[2.30833,48.884851]]],[[[2.307474,48.885407],[2.306661,48.885905],[2.307186,48.886179],[2.307878,48.885597],[2.307474,48.885407]]],[[[2.309138,48.883248],[2.307676,48.88341],[2.308609,48.883867],[2.309138,48.883248]]],[[[2.306025,48.883408],[2.306935,48.88319],[2.305567,48.882554],[2.305223,48.882847],[2.306025,48.883408]]],[[[2.313222,48.881839],[2.312279,48.881324],[2.311538,48.881899],[2.311835,48.882175],[2.313222,48.881839]],[[2.312267,48.881766],[2.312382,48.881676],[2.312424,48.881699],[2.312334,48.881768],[2.31226,48.881825],[2.312217,48.881806],[2.312267,48.881766]]],[[[2.310387,48.882107],[2.311001,48.881803],[2.309297,48.880718],[2.310387,48.882107]]],[[[2.30894,48.880992],[2.307795,48.882081],[2.308821,48.882651],[2.30894,48.880992]]],[[[2.311256,48.880857],[2.30992,48.880738],[2.31122,48.881696],[2.312069,48.881034],[2.311256,48.880857]]],[[[2.309446,48.88125],[2.309158,48.880997],[2.309111,48.882684],[2.310214,48.882162],[2.309446,48.88125]]],[[[2.304763,48.883492],[2.305781,48.883435],[2.304937,48.882915],[2.305375,48.882501],[2.304519,48.88229],[2.304558,48.883588],[2.304763,48.883492]]],[[[2.306077,48.883809],[2.305153,48.883918],[2.307138,48.885019],[2.307601,48.884691],[2.306077,48.883809]]],[[[2.306567,48.88159],[2.305842,48.881776],[2.308226,48.882928],[2.308794,48.882821],[2.306567,48.88159]]],[[[2.312842,48.881048],[2.312363,48.881254],[2.31343,48.881836],[2.315225,48.881362],[2.312842,48.881048]]],[[[2.30774,48.884577],[2.308465,48.883954],[2.307393,48.883436],[2.306133,48.883668],[2.30774,48.884577]]],[[[2.308882,48.880651],[2.306587,48.881458],[2.307668,48.882012],[2.308882,48.880651]]],[[[2.307347,48.883128],[2.307965,48.882938],[2.30568,48.881831],[2.304782,48.882179],[2.307347,48.883128]]],[[[2.305751,48.884485],[2.304943,48.884078],[2.303618,48.885114],[2.306656,48.885098],[2.305751,48.884485]]]],"type":"MultiPolygon"},"properties":{"id_projet":"MATERNELLES (année scolaire 2026/2027)","libelle":"AMPERE (18) MAT","annee_scol":"2026-2027","zone_commune":0,"etiquette":"Secteur de l'école 18 AMPERE (18) MAT","lib_etab_1":"AMPERE (18) MAT","lib_etab_2":null,"lib_etab_3":null,"lib_etab_4":null,"adr_etab_1":"18 AMPERE (18) MAT","adr_etab_2":null,"adr_etab_3":null,"adr_etab_4":null,"type_etabl":"Maternelle","geo_point_2d":{"lon":2.307692947842666,"lat":48.88323549834705},"st_area_shape":167484.3392434403,"st_perimeter_shape":8333.459155975199}},{"type":"Feature","geometry":{"coordinates":[[[[2.295219,48.883621],[2.2962,48.882981],[2.295235,48.881636],[2.29459,48.882191],[2.295583,48.882681],[2.29455,48.882228],[2.293857,48.882863],[2.295219,48.883621]]],[[[2.300646,48.881099],[2.300641,48.881098],[2.300637,48.881099],[2.300632,48.881099],[2.300627,48.8811],[2.300622,48.881102],[2.300619,48.881103],[2.300617,48.881105],[2.300615,48.881107],[2.300612,48.88111],[2.300611,48.881112],[2.300609,48.881116],[2.300608,48.881118],[2.300608,48.881122],[2.300608,48.881124],[2.300609,48.881127],[2.300611,48.88113],[2.300745,48.881314],[2.300786,48.881316],[2.300864,48.881239],[2.300858,48.881212],[2.300662,48.881103],[2.300657,48.881101],[2.300655,48.881101],[2.300652,48.8811],[2.300646,48.881099]]],[[[2.299252,48.879885],[2.29898,48.880057],[2.299573,48.880326],[2.299252,48.879885]]],[[[2.29749,48.879931],[2.297557,48.879875],[2.297566,48.87988],[2.297596,48.879855],[2.297598,48.879853],[2.2976,48.879854],[2.297634,48.879825],[2.297671,48.879795],[2.297798,48.879694],[2.297808,48.879685],[2.297836,48.879662],[2.297917,48.8796],[2.297922,48.879602],[2.297929,48.879597],[2.2978,48.879526],[2.297668,48.879623],[2.297461,48.879778],[2.29734,48.879868],[2.29726,48.879928],[2.297258,48.879929],[2.297257,48.879929],[2.297135,48.88002],[2.297216,48.880063],[2.297237,48.880075],[2.297294,48.880105],[2.297412,48.880008],[2.297488,48.879946],[2.2975,48.879936],[2.29749,48.879931]]],[[[2.30021,48.881202],[2.299868,48.881517],[2.300483,48.88162],[2.30021,48.881202]]],[[[2.297191,48.882563],[2.296585,48.882847],[2.296681,48.88308],[2.297191,48.882563]]],[[[2.296268,48.882125],[2.296506,48.882736],[2.296921,48.88246],[2.296268,48.882125]]],[[[2.303822,48.879468],[2.304582,48.879969],[2.304802,48.879699],[2.303822,48.879468]]],[[[2.298167,48.881526],[2.29842,48.881306],[2.297569,48.88096],[2.297276,48.881125],[2.298167,48.881526]]],[[[2.305589,48.88162],[2.306633,48.881141],[2.30611,48.880901],[2.305384,48.881531],[2.305589,48.88162]]],[[[2.303727,48.880886],[2.302311,48.881549],[2.302935,48.881701],[2.303727,48.880886]]],[[[2.295863,48.880269],[2.295357,48.880481],[2.295645,48.881049],[2.296336,48.880484],[2.295863,48.880269]]],[[[2.301679,48.882225],[2.301331,48.882119],[2.302029,48.883076],[2.302707,48.882844],[2.301679,48.882225]]],[[[2.303222,48.87994],[2.303594,48.879607],[2.303071,48.879367],[2.302364,48.880072],[2.302833,48.880298],[2.303222,48.87994]]],[[[2.302399,48.880245],[2.301278,48.881252],[2.301622,48.881343],[2.3027,48.880414],[2.302399,48.880245]]],[[[2.299784,48.880618],[2.298712,48.881288],[2.299652,48.881447],[2.300068,48.88106],[2.299784,48.880618]]],[[[2.30301,48.88054],[2.301768,48.881401],[2.303538,48.880822],[2.30301,48.88054]]],[[[2.296269,48.883119],[2.295442,48.883753],[2.296928,48.884409],[2.296269,48.883119]]],[[[2.301135,48.879249],[2.30147,48.878964],[2.300818,48.878848],[2.299559,48.879681],[2.299934,48.880148],[2.301135,48.879249]]],[[[2.296727,48.881354],[2.297399,48.880891],[2.296495,48.880525],[2.295722,48.881179],[2.296249,48.881231],[2.295792,48.881333],[2.296017,48.881778],[2.296727,48.881354]]],[[[2.298707,48.881122],[2.299528,48.880476],[2.298838,48.88012],[2.297714,48.880858],[2.298707,48.881122]]],[[[2.297083,48.879201],[2.295794,48.880136],[2.296473,48.880377],[2.297697,48.879467],[2.297083,48.879201]]],[[[2.298784,48.878387],[2.299468,48.87956],[2.300606,48.878858],[2.298784,48.878387]]],[[[2.302128,48.879105],[2.301677,48.879034],[2.300026,48.880269],[2.300344,48.880763],[2.302128,48.879105]]],[[[2.3,48.881684],[2.299685,48.881649],[2.298313,48.88296],[2.298886,48.883206],[2.300327,48.881773],[2.3,48.881684]]],[[[2.297256,48.881206],[2.296099,48.881912],[2.297068,48.882351],[2.29809,48.881586],[2.297256,48.881206]]],[[[2.302815,48.879251],[2.30234,48.879178],[2.300532,48.880914],[2.300972,48.881131],[2.302815,48.879251]]],[[[2.297901,48.880598],[2.298734,48.880063],[2.297954,48.87961],[2.296584,48.880431],[2.297506,48.880829],[2.297901,48.880598]]],[[[2.304155,48.881093],[2.303107,48.881766],[2.304378,48.882112],[2.30536,48.881723],[2.304155,48.881093]]],[[[2.299164,48.881902],[2.299466,48.881578],[2.2985,48.881413],[2.297185,48.882428],[2.298141,48.882855],[2.299164,48.881902]]],[[[2.300388,48.883381],[2.30101,48.8823],[2.300667,48.88183],[2.299495,48.882925],[2.300215,48.883257],[2.299405,48.883015],[2.299107,48.883311],[2.30009,48.883797],[2.300388,48.883381]]],[[[2.304177,48.882175],[2.30112,48.88134],[2.300901,48.881529],[2.302962,48.882705],[2.304177,48.882175]]],[[[2.297638,48.882774],[2.296765,48.883243],[2.29733,48.884352],[2.297681,48.884406],[2.298762,48.88332],[2.297638,48.882774]]],[[[2.3052,48.879764],[2.30474,48.880049],[2.306793,48.881087],[2.308313,48.880475],[2.3052,48.879764]]],[[[2.298912,48.879418],[2.298309,48.878597],[2.297433,48.878094],[2.295815,48.878447],[2.29883,48.879976],[2.299164,48.879764],[2.298912,48.879418]]],[[[2.30588,48.880925],[2.303753,48.879687],[2.302945,48.880351],[2.305174,48.881453],[2.30588,48.880925]]]],"type":"MultiPolygon"},"properties":{"id_projet":"MATERNELLES (année scolaire 2026/2027)","libelle":"RENAUDES (31) MAT","annee_scol":"2026-2027","zone_commune":0,"etiquette":"Secteur de l'école 31 RENAUDES (31) MAT","lib_etab_1":"RENAUDES (31) MAT","lib_etab_2":null,"lib_etab_3":null,"lib_etab_4":null,"adr_etab_1":"31 RENAUDES (31) MAT","adr_etab_2":null,"adr_etab_3":null,"adr_etab_4":null,"type_etabl":"Maternelle","geo_point_2d":{"lon":2.3000056312607873,"lat":48.88116139465908},"st_area_shape":286571.83840180165,"st_perimeter_shape":13871.781759226265}},{"type":"Feature","geometry":{"coordinates":[[[[2.313341,48.886286],[2.314702,48.884499],[2.313647,48.88388],[2.311021,48.885122],[2.3131,48.886567],[2.313341,48.886286]],[[2.31272,48.885181],[2.312729,48.885174],[2.312734,48.885177],[2.312725,48.885184],[2.31272,48.885181]]],[[[2.312144,48.886884],[2.31181,48.886778],[2.311786,48.886801],[2.312029,48.886958],[2.312168,48.887048],[2.31224,48.887095],[2.31224,48.887095],[2.312281,48.887095],[2.312433,48.887001],[2.312427,48.886975],[2.312427,48.886974],[2.312292,48.886931],[2.312144,48.886884]]],[[[2.314435,48.881933],[2.31441,48.88191],[2.314147,48.881967],[2.314143,48.881968],[2.31387,48.882026],[2.313857,48.882072],[2.314043,48.882171],[2.314112,48.882169],[2.314279,48.882046],[2.314435,48.881933]]],[[[2.310247,48.885955],[2.30999,48.885789],[2.309949,48.88579],[2.309784,48.885915],[2.309793,48.885941],[2.310116,48.886044],[2.310323,48.886109],[2.310524,48.886173],[2.310549,48.88615],[2.310388,48.886046],[2.310247,48.885955]]],[[[2.31291,48.883448],[2.312773,48.883367],[2.312732,48.883369],[2.312573,48.883484],[2.312448,48.883574],[2.312322,48.883665],[2.31223,48.883732],[2.312118,48.883813],[2.312245,48.88389],[2.312368,48.883813],[2.312454,48.88376],[2.31259,48.883675],[2.312726,48.88359],[2.312911,48.883475],[2.31291,48.883448]]],[[[2.312694,48.886445],[2.312191,48.8867],[2.312645,48.886809],[2.3129,48.886651],[2.312694,48.886445]]],[[[2.308981,48.886064],[2.309353,48.886001],[2.308072,48.885595],[2.308981,48.886064]]],[[[2.30919,48.884316],[2.308754,48.884177],[2.308212,48.884651],[2.308623,48.884843],[2.30919,48.884316]]],[[[2.315589,48.882883],[2.31595,48.882627],[2.315654,48.882187],[2.315345,48.882433],[2.315532,48.882552],[2.314854,48.882853],[2.315589,48.882883]]],[[[2.31512,48.88247],[2.3154,48.882221],[2.314865,48.881822],[2.314271,48.882253],[2.314896,48.882633],[2.31512,48.88247]]],[[[2.311782,48.882533],[2.310681,48.88304],[2.312433,48.88319],[2.311782,48.882533]]],[[[2.310985,48.885899],[2.310372,48.885476],[2.310092,48.885717],[2.312114,48.886656],[2.310985,48.885899]]],[[[2.314645,48.883814],[2.315258,48.883254],[2.314787,48.882933],[2.313779,48.883789],[2.314645,48.883814]]],[[[2.313059,48.883535],[2.31084,48.885027],[2.313497,48.88382],[2.313059,48.883535]]],[[[2.312574,48.886363],[2.310883,48.88521],[2.310414,48.885441],[2.312143,48.886595],[2.312574,48.886363]]],[[[2.311876,48.887217],[2.311242,48.8866],[2.309564,48.886083],[2.310893,48.887124],[2.31138,48.886937],[2.311876,48.887217]]],[[[2.312795,48.883125],[2.313949,48.882237],[2.312029,48.882417],[2.312795,48.883125]]],[[[2.314116,48.883347],[2.31482,48.882734],[2.314183,48.882364],[2.312954,48.883207],[2.313801,48.883587],[2.314116,48.883347]]],[[[2.310103,48.885471],[2.310577,48.885008],[2.309343,48.884391],[2.308807,48.884861],[2.309296,48.885103],[2.308183,48.885408],[2.309547,48.885863],[2.310103,48.885471]]],[[[2.31112,48.884528],[2.312489,48.883303],[2.310423,48.883127],[2.308935,48.884029],[2.31067,48.88492],[2.31112,48.884528]]]],"type":"MultiPolygon"},"properties":{"id_projet":"MATERNELLES (année scolaire 2026/2027)","libelle":"JOUFFROY (20) MAT","annee_scol":"2026-2027","zone_commune":0,"etiquette":"Secteur de l'école 20 JOUFFROY (20) MAT","lib_etab_1":"JOUFFROY (20) MAT","lib_etab_2":null,"lib_etab_3":null,"lib_etab_4":null,"adr_etab_1":"20 JOUFFROY (20) MAT","adr_etab_2":null,"adr_etab_3":null,"adr_etab_4":null,"type_etabl":"Maternelle","geo_point_2d":{"lon":2.3119754427371855,"lat":48.884472503940735},"st_area_shape":148607.1552323463,"st_perimeter_shape":7158.849028466929}},{"type":"Feature","geometry":{"coordinates":[[[[2.288008,48.882515],[2.289092,48.881534],[2.286841,48.880516],[2.285737,48.881096],[2.286946,48.881814],[2.286466,48.882234],[2.287356,48.882312],[2.28713,48.882539],[2.287627,48.882859],[2.288008,48.882515]],[[2.287382,48.882377],[2.287653,48.882173],[2.287287,48.881934],[2.287836,48.88146],[2.287372,48.881922],[2.287685,48.882151],[2.288385,48.881782],[2.287382,48.882377]],[[2.286723,48.880826],[2.286351,48.881175],[2.28617,48.880977],[2.286723,48.880826]]],[[[2.290794,48.882814],[2.291571,48.882161],[2.290678,48.882161],[2.289998,48.881778],[2.289719,48.881169],[2.28863,48.882134],[2.290468,48.883106],[2.290794,48.882814]]],[[[2.291353,48.882783],[2.290866,48.882914],[2.291001,48.883921],[2.29286,48.883624],[2.291353,48.882783]]],[[[2.292271,48.885039],[2.293478,48.884038],[2.292866,48.883773],[2.291137,48.88513],[2.291861,48.884844],[2.291576,48.885071],[2.29173,48.885474],[2.292271,48.885039]]],[[[2.29465,48.884129],[2.294874,48.883946],[2.293515,48.88321],[2.293012,48.883655],[2.294367,48.884347],[2.29465,48.884129]]],[[[2.295268,48.884158],[2.294984,48.884046],[2.294524,48.884422],[2.295725,48.884988],[2.296422,48.884909],[2.295268,48.884158]]],[[[2.291664,48.884579],[2.292456,48.883921],[2.290964,48.884062],[2.291029,48.885025],[2.291664,48.884579]]],[[[2.296609,48.884518],[2.29355,48.883072],[2.296494,48.884694],[2.296609,48.884518]]],[[[2.290322,48.883141],[2.289895,48.882982],[2.288897,48.883694],[2.289385,48.883994],[2.290322,48.883141]]],[[[2.288659,48.882989],[2.289175,48.882628],[2.288665,48.882298],[2.2877,48.882976],[2.288237,48.883294],[2.288659,48.882989]]],[[[2.290765,48.883476],[2.290669,48.883077],[2.289549,48.884003],[2.290743,48.88394],[2.290765,48.883476]]],[[[2.289754,48.882848],[2.289312,48.88269],[2.288365,48.883384],[2.288776,48.883619],[2.289754,48.882848]]],[[[2.292768,48.882805],[2.292179,48.883091],[2.29299,48.883505],[2.293366,48.883129],[2.292768,48.882805]]],[[[2.291826,48.882295],[2.291289,48.88261],[2.292048,48.882996],[2.292422,48.882617],[2.291826,48.882295]]],[[[2.290881,48.884973],[2.290801,48.884076],[2.289608,48.884132],[2.290777,48.884555],[2.290881,48.884973]]],[[[2.286426,48.881672],[2.285987,48.881442],[2.286357,48.882112],[2.286682,48.881875],[2.286426,48.881672]]],[[[2.295623,48.882645],[2.295619,48.882644],[2.295579,48.882681],[2.295582,48.882682],[2.295583,48.882681],[2.295623,48.882645]]]],"type":"MultiPolygon"},"properties":{"id_projet":"MATERNELLES (année scolaire 2021/2022)","libelle":"BAYEN (56) MAT","annee_scol":"2021-2022","zone_commune":0,"etiquette":"Secteur de l'école 56 RUE BAYEN","lib_etab_1":"BAYEN (56) MAT","lib_etab_2":null,"lib_etab_3":null,"lib_etab_4":null,"adr_etab_1":"56 RUE BAYEN","adr_etab_2":null,"adr_etab_3":null,"adr_etab_4":null,"type_etabl":"Maternelle","geo_point_2d":{"lon":2.290691189920957,"lat":48.88304258667268},"st_area_shape":125285.00518987248,"st_perimeter_shape":7287.415419737101}},{"type":"Feature","geometry":{"coordinates":[[[[2.309452,48.892263],[2.310089,48.892289],[2.310258,48.891895],[2.313193,48.892459],[2.313719,48.892178],[2.312881,48.891839],[2.3166,48.889788],[2.314242,48.887415],[2.312924,48.887731],[2.312952,48.889278],[2.308352,48.892175],[2.311627,48.893278],[2.309452,48.892263]],[[2.313047,48.891721],[2.313062,48.891713],[2.313054,48.891724],[2.313047,48.891721]]]],"type":"MultiPolygon"},"properties":{"id_projet":"MATERNELLES (année scolaire 2021/2022)","libelle":"ZM MSTISLAV ROSTROPOVITCH (34)/(56)","annee_scol":"2021-2022","zone_commune":1,"etiquette":"Secteur commun des écoles \n34 RUE MSTISLAV ROSTROPOVITCH \n56 RUE MSTISLAV ROSTROPOVITCH","lib_etab_1":"M. ROSTROPOVITCH (34) POLY","lib_etab_2":"M. ROSTROPOVITCH (56) MAT","lib_etab_3":null,"lib_etab_4":null,"adr_etab_1":"34 RUE MSTISLAV ROSTROPOVITCH","adr_etab_2":"56 RUE MSTISLAV ROSTROPOVITCH","adr_etab_3":null,"adr_etab_4":null,"type_etabl":"Maternelle","geo_point_2d":{"lon":2.313045761357026,"lat":48.89023923387962},"st_area_shape":137502.17426376755,"st_perimeter_shape":2400.370707927714}},{"type":"Feature","geometry":{"coordinates":[[[[2.317951,48.885932],[2.319402,48.884492],[2.319048,48.884314],[2.319454,48.884405],[2.31951,48.883886],[2.318572,48.884119],[2.316938,48.88574],[2.317713,48.886119],[2.317951,48.885932]]],[[[2.316688,48.884778],[2.317676,48.883829],[2.317281,48.883651],[2.31779,48.883133],[2.317636,48.882927],[2.315595,48.884855],[2.316186,48.885226],[2.316688,48.884778]]],[[[2.315726,48.88565],[2.316095,48.885316],[2.315466,48.884974],[2.314039,48.886319],[2.313892,48.887048],[2.315726,48.88565]]],[[[2.315813,48.884491],[2.316592,48.883755],[2.315753,48.88336],[2.314681,48.88432],[2.315453,48.884796],[2.315813,48.884491]]],[[[2.315062,48.883054],[2.31476,48.882937],[2.313783,48.883815],[2.314581,48.884257],[2.315604,48.883311],[2.315062,48.883054]]],[[[2.316337,48.885459],[2.314098,48.887131],[2.316,48.886259],[2.316667,48.885675],[2.316337,48.885459]]],[[[2.317044,48.883366],[2.317494,48.882944],[2.316967,48.883331],[2.316392,48.883009],[2.316208,48.883182],[2.315683,48.882906],[2.31595,48.882627],[2.315654,48.882187],[2.315345,48.882433],[2.315532,48.882552],[2.314854,48.882853],[2.316681,48.883684],[2.317044,48.883366]]],[[[2.317731,48.884628],[2.317254,48.884394],[2.316331,48.885311],[2.31679,48.885552],[2.317731,48.884628]]],[[[2.314205,48.883269],[2.31482,48.882734],[2.314183,48.882364],[2.31364,48.882972],[2.314034,48.883181],[2.313837,48.883585],[2.314205,48.883269]]],[[[2.320242,48.885092],[2.320647,48.885017],[2.319579,48.884547],[2.319113,48.884988],[2.320242,48.885092]]],[[[2.318245,48.884124],[2.317841,48.883798],[2.317307,48.884344],[2.317783,48.884578],[2.318245,48.884124]]],[[[2.318197,48.886045],[2.319197,48.885426],[2.319009,48.885123],[2.318197,48.886045]]],[[[2.320667,48.884493],[2.320404,48.884227],[2.319573,48.884459],[2.320718,48.884964],[2.320667,48.884493]]],[[[2.314398,48.885831],[2.315387,48.884901],[2.314822,48.884597],[2.315025,48.884938],[2.314398,48.885831]]],[[[2.31512,48.88247],[2.31541,48.882216],[2.315143,48.882015],[2.314275,48.882294],[2.314896,48.882633],[2.31512,48.88247]]],[[[2.31389,48.886378],[2.313234,48.886657],[2.313769,48.886986],[2.31389,48.886378]]],[[[2.313114,48.88673],[2.312838,48.886906],[2.313619,48.887073],[2.313114,48.88673]]]],"type":"MultiPolygon"},"properties":{"id_projet":"MATERNELLES (année scolaire 2022/2023)","libelle":"SAUSSURE (48) MAT","annee_scol":"2022-2023","zone_commune":0,"etiquette":"Secteur de l'école 48 RUE DE SAUSSURE","lib_etab_1":"SAUSSURE (48) MAT","lib_etab_2":null,"lib_etab_3":null,"lib_etab_4":null,"adr_etab_1":"48 RUE DE SAUSSURE","adr_etab_2":null,"adr_etab_3":null,"adr_etab_4":null,"type_etabl":"Maternelle","geo_point_2d":{"lon":2.316364535864772,"lat":48.88464428592569},"st_area_shape":114027.65724286567,"st_perimeter_shape":7071.9435329182525}},{"type":"Feature","geometry":{"coordinates":[[[[2.318316,48.882672],[2.318795,48.881965],[2.316593,48.881519],[2.315786,48.882062],[2.318123,48.882956],[2.318316,48.882672]]],[[[2.319861,48.883915],[2.320254,48.883614],[2.319838,48.883487],[2.320317,48.883494],[2.320789,48.882372],[2.320404,48.882321],[2.318658,48.884036],[2.31951,48.883886],[2.319477,48.884415],[2.319861,48.883915]]],[[[2.322582,48.883833],[2.323157,48.882852],[2.32207,48.882658],[2.321546,48.88379],[2.322582,48.883833]]],[[[2.321484,48.883683],[2.321979,48.882614],[2.321021,48.882439],[2.320511,48.88354],[2.321484,48.883683]]],[[[2.317286,48.883041],[2.31754,48.882877],[2.31566,48.88219],[2.31595,48.882627],[2.315683,48.882906],[2.316011,48.883089],[2.316967,48.883331],[2.317286,48.883041]]],[[[2.321029,48.884297],[2.32077,48.884147],[2.32109,48.883782],[2.320451,48.883642],[2.319639,48.884391],[2.320609,48.884312],[2.320771,48.884931],[2.321388,48.884554],[2.321029,48.884297]]],[[[2.318299,48.886311],[2.319691,48.885614],[2.319009,48.885123],[2.319197,48.885426],[2.317875,48.88619],[2.318299,48.886311]]],[[[2.318877,48.883116],[2.319528,48.882115],[2.318657,48.88234],[2.318221,48.882982],[2.318877,48.883116]]],[[[2.317797,48.882945],[2.317281,48.883651],[2.317676,48.883829],[2.318404,48.883129],[2.317797,48.882945]]],[[[2.318659,48.883716],[2.319076,48.883308],[2.318575,48.883152],[2.317917,48.883724],[2.318397,48.883939],[2.318659,48.883716]]],[[[2.319948,48.8822],[2.319655,48.88214],[2.319009,48.883171],[2.319948,48.8822]]],[[[2.320388,48.885197],[2.319131,48.885069],[2.319791,48.885554],[2.320388,48.885197]]],[[[2.316,48.881574],[2.314865,48.881822],[2.31541,48.882216],[2.316,48.881574]]],[[[2.319103,48.882028],[2.318896,48.881986],[2.318699,48.882278],[2.318894,48.882335],[2.319103,48.882028]]]],"type":"MultiPolygon"},"properties":{"id_projet":"MATERNELLES (année scolaire 2022/2023)","libelle":"BOURSAULT (10) POLY","annee_scol":"2022-2023","zone_commune":0,"etiquette":"Secteur de l'école 10 RUE BOURSAULT","lib_etab_1":"BOURSAULT (10) POLY","lib_etab_2":null,"lib_etab_3":null,"lib_etab_4":null,"adr_etab_1":"10 RUE BOURSAULT","adr_etab_2":null,"adr_etab_3":null,"adr_etab_4":null,"type_etabl":"Maternelle","geo_point_2d":{"lon":2.3191623333908455,"lat":48.88317689527777},"st_area_shape":94188.77818631148,"st_perimeter_shape":5511.9264986443695}},{"type":"Feature","geometry":{"coordinates":[[[[2.29304,48.888882],[2.289661,48.887369],[2.288975,48.887986],[2.289654,48.888394],[2.289874,48.888101],[2.290448,48.888166],[2.289774,48.888453],[2.291045,48.889077],[2.291695,48.888779],[2.291175,48.889275],[2.29154,48.889454],[2.292407,48.889556],[2.29304,48.888882]]],[[[2.296142,48.889601],[2.294208,48.88883],[2.293743,48.888835],[2.292944,48.889619],[2.29426,48.889775],[2.294763,48.88955],[2.296035,48.890196],[2.296142,48.889601]]],[[[2.292822,48.885135],[2.293475,48.885283],[2.293714,48.885059],[2.293242,48.884794],[2.29384,48.884988],[2.294242,48.884398],[2.293618,48.884127],[2.291978,48.885445],[2.293156,48.885323],[2.292822,48.885135]]],[[[2.297546,48.890048],[2.296371,48.890372],[2.29803,48.891427],[2.298459,48.89096],[2.297449,48.890338],[2.297546,48.890048]]],[[[2.295601,48.885309],[2.29383,48.885539],[2.295657,48.886196],[2.295601,48.885309]]],[[[2.293115,48.885973],[2.292735,48.886157],[2.293899,48.886872],[2.294498,48.886338],[2.293115,48.885973]]],[[[2.292382,48.886307],[2.291193,48.886983],[2.291702,48.887245],[2.292694,48.886543],[2.292382,48.886307]]],[[[2.291308,48.886546],[2.291808,48.886192],[2.291477,48.8859],[2.290366,48.88638],[2.291308,48.886546]]],[[[2.294781,48.886368],[2.294091,48.88699],[2.294664,48.887248],[2.29534,48.886575],[2.294781,48.886368]]],[[[2.292203,48.887442],[2.293393,48.886926],[2.292812,48.886617],[2.291853,48.887297],[2.292203,48.887442]]],[[[2.294706,48.884618],[2.293678,48.88523],[2.295502,48.885027],[2.294706,48.884618]]],[[[2.296606,48.885272],[2.295762,48.885287],[2.295856,48.886176],[2.296606,48.885272]]],[[[2.295486,48.890088],[2.294751,48.889709],[2.294711,48.889707],[2.294577,48.889716],[2.294482,48.889801],[2.294584,48.889813],[2.295039,48.889866],[2.29504,48.889865],[2.295045,48.889867],[2.29506,48.889869],[2.295482,48.890091],[2.295486,48.890088]]]],"type":"MultiPolygon"},"properties":{"id_projet":"MATERNELLES (année scolaire 2022/2023)","libelle":"LOUIS VIERNE (6) MAT","annee_scol":"2022-2023","zone_commune":0,"etiquette":"Secteur de l'école 6 RUE LOUIS VIERNE","lib_etab_1":"LOUIS VIERNE (6) MAT","lib_etab_2":null,"lib_etab_3":null,"lib_etab_4":null,"adr_etab_1":"6 RUE LOUIS VIERNE","adr_etab_2":null,"adr_etab_3":null,"adr_etab_4":null,"type_etabl":"Maternelle","geo_point_2d":{"lon":2.293457563382457,"lat":48.88754558495901},"st_area_shape":105438.70804628861,"st_perimeter_shape":5661.747512929542}},{"type":"Feature","geometry":{"coordinates":[[[[2.313821,48.886088],[2.314714,48.884527],[2.313647,48.88388],[2.311021,48.885122],[2.3131,48.886567],[2.313821,48.886088]],[[2.31272,48.885181],[2.312729,48.885174],[2.312734,48.885177],[2.312725,48.885184],[2.31272,48.885181]]],[[[2.314435,48.881933],[2.31441,48.88191],[2.314147,48.881967],[2.314143,48.881968],[2.31387,48.882026],[2.313857,48.882072],[2.314043,48.882171],[2.314112,48.882169],[2.314279,48.882046],[2.314435,48.881933]]],[[[2.314826,48.88227],[2.315149,48.882011],[2.314865,48.881822],[2.314271,48.882253],[2.314826,48.88227]]],[[[2.312795,48.883125],[2.313949,48.882237],[2.312029,48.882417],[2.312795,48.883125]]],[[[2.311782,48.882533],[2.310681,48.88304],[2.312433,48.88319],[2.311782,48.882533]]],[[[2.313893,48.883322],[2.31402,48.883147],[2.31364,48.882972],[2.314145,48.882366],[2.312954,48.883207],[2.313801,48.883587],[2.313893,48.883322]]],[[[2.31291,48.883448],[2.312773,48.883367],[2.312732,48.883369],[2.312573,48.883484],[2.312448,48.883574],[2.312322,48.883665],[2.31223,48.883732],[2.312118,48.883813],[2.312245,48.88389],[2.312368,48.883813],[2.312454,48.88376],[2.31259,48.883675],[2.312726,48.88359],[2.312911,48.883475],[2.31291,48.883448]]],[[[2.30919,48.884316],[2.308754,48.884177],[2.308212,48.884651],[2.308623,48.884843],[2.30919,48.884316]]],[[[2.31112,48.884528],[2.312489,48.883303],[2.310423,48.883127],[2.308935,48.884029],[2.31067,48.88492],[2.31112,48.884528]]],[[[2.313059,48.883535],[2.31084,48.885027],[2.313497,48.88382],[2.313059,48.883535]]],[[[2.310103,48.885471],[2.310577,48.885008],[2.309343,48.884391],[2.308807,48.884861],[2.309296,48.885103],[2.308183,48.885408],[2.309547,48.885863],[2.310103,48.885471]]],[[[2.314903,48.884723],[2.3141,48.886051],[2.315025,48.884938],[2.314903,48.884723]]],[[[2.310247,48.885955],[2.30999,48.885789],[2.309949,48.88579],[2.309784,48.885915],[2.309793,48.885941],[2.310116,48.886044],[2.310323,48.886109],[2.310524,48.886173],[2.310549,48.88615],[2.310388,48.886046],[2.310247,48.885955]]],[[[2.308535,48.88607],[2.309359,48.886018],[2.308073,48.885595],[2.308016,48.886157],[2.308535,48.88607]]],[[[2.312574,48.886363],[2.310883,48.88521],[2.310414,48.885441],[2.312143,48.886595],[2.312574,48.886363]]],[[[2.310985,48.885899],[2.310372,48.885476],[2.310092,48.885717],[2.312114,48.886656],[2.310985,48.885899]]],[[[2.312694,48.886445],[2.312191,48.8867],[2.312645,48.886809],[2.3129,48.886651],[2.312694,48.886445]]],[[[2.312144,48.886884],[2.31181,48.886778],[2.311786,48.886801],[2.312029,48.886958],[2.312168,48.887048],[2.31224,48.887095],[2.31224,48.887095],[2.312281,48.887095],[2.312433,48.887001],[2.312427,48.886975],[2.312427,48.886974],[2.312292,48.886931],[2.312144,48.886884]]],[[[2.311876,48.887217],[2.311242,48.8866],[2.309564,48.886083],[2.310893,48.887124],[2.31138,48.886937],[2.311876,48.887217]]]],"type":"MultiPolygon"},"properties":{"id_projet":"MATERNELLES (année scolaire 2023/2024)","libelle":"JOUFFROY (20) MAT","annee_scol":"2023-2024","zone_commune":0,"etiquette":"Secteur de l'école 20 RUE JOUFFROY D'ABBANS","lib_etab_1":"JOUFFROY (20) MAT","lib_etab_2":null,"lib_etab_3":null,"lib_etab_4":null,"adr_etab_1":"20 RUE JOUFFROY D'ABBANS","adr_etab_2":null,"adr_etab_3":null,"adr_etab_4":null,"type_etabl":"Maternelle","geo_point_2d":{"lon":2.3117532951346087,"lat":48.884699252400345},"st_area_shape":140876.46804981286,"st_perimeter_shape":6863.874008283873}},{"type":"Feature","geometry":{"coordinates":[[[[2.320674,48.897761],[2.321851,48.898314],[2.322958,48.897679],[2.321498,48.897547],[2.314121,48.894847],[2.312485,48.89538],[2.313555,48.896246],[2.314844,48.895667],[2.320674,48.897761]]],[[[2.312289,48.897742],[2.313384,48.898075],[2.314986,48.897134],[2.314468,48.89622],[2.312987,48.896923],[2.312825,48.896753],[2.313311,48.896344],[2.312151,48.895572],[2.31089,48.896297],[2.311639,48.896973],[2.310973,48.896721],[2.31074,48.896991],[2.312289,48.897742]]],[[[2.311795,48.895061],[2.312516,48.894646],[2.311824,48.894],[2.311406,48.894318],[2.309334,48.893977],[2.310272,48.894346],[2.309742,48.895677],[2.310213,48.896024],[2.311887,48.895242],[2.311795,48.895061]],[[2.311699,48.89487],[2.311677,48.895129],[2.311454,48.89478],[2.311699,48.89487]]],[[[2.318178,48.89489],[2.317329,48.893775],[2.317044,48.89387],[2.316119,48.893068],[2.314403,48.894059],[2.318178,48.89489]]],[[[2.322628,48.89731],[2.321808,48.896714],[2.321416,48.896837],[2.320659,48.895862],[2.320259,48.896029],[2.318555,48.895373],[2.318423,48.896007],[2.322628,48.89731]]],[[[2.317948,48.892045],[2.317677,48.892173],[2.319362,48.894536],[2.319703,48.894474],[2.317948,48.892045]]],[[[2.318832,48.894064],[2.318502,48.893722],[2.317717,48.894033],[2.31857,48.894716],[2.319155,48.89452],[2.318832,48.894064]]],[[[2.316872,48.895115],[2.317674,48.894939],[2.315803,48.89447],[2.316347,48.895174],[2.316872,48.895115]]],[[[2.318315,48.891995],[2.319868,48.894402],[2.319972,48.894172],[2.318315,48.891995]]],[[[2.318334,48.895527],[2.318368,48.895061],[2.317669,48.895065],[2.317595,48.89565],[2.31826,48.895902],[2.318334,48.895527]]],[[[2.316992,48.893769],[2.317309,48.893749],[2.316598,48.892813],[2.31616,48.893045],[2.316992,48.893769]]],[[[2.319352,48.89492],[2.319686,48.894601],[2.318533,48.894925],[2.319479,48.895267],[2.319352,48.89492]]],[[[2.314419,48.894191],[2.314057,48.894303],[2.315324,48.894706],[2.314419,48.894191]]],[[[2.317577,48.892306],[2.317257,48.892471],[2.317705,48.893081],[2.318037,48.892996],[2.317577,48.892306]]],[[[2.317075,48.892594],[2.316756,48.892761],[2.317137,48.893262],[2.317471,48.893177],[2.317075,48.892594]]],[[[2.317006,48.895199],[2.316871,48.895374],[2.317548,48.895603],[2.317616,48.895084],[2.317006,48.895199]],[[2.317039,48.895268],[2.317167,48.89524],[2.317171,48.895239],[2.317177,48.895252],[2.317209,48.895316],[2.317193,48.895319],[2.317079,48.895343],[2.317078,48.895341],[2.317039,48.895268]]],[[[2.315433,48.894392],[2.315276,48.894361],[2.315249,48.894383],[2.315339,48.894495],[2.315407,48.89458],[2.315522,48.894724],[2.31568,48.894922],[2.315887,48.895],[2.315892,48.895002],[2.315955,48.895026],[2.316119,48.895088],[2.316129,48.895077],[2.315988,48.894896],[2.315932,48.894823],[2.315886,48.894762],[2.315836,48.894698],[2.31569,48.894508],[2.315649,48.894455],[2.315596,48.894424],[2.315433,48.894392]]],[[[2.318164,48.893127],[2.31782,48.893237],[2.318222,48.893667],[2.318454,48.893537],[2.318164,48.893127]]],[[[2.317599,48.893307],[2.317255,48.893417],[2.317861,48.893782],[2.317599,48.893307]]]],"type":"MultiPolygon"},"properties":{"id_projet":"MATERNELLES (année scolaire 2023/2024)","libelle":"BESSIERES (90) MAT","annee_scol":"2023-2024","zone_commune":0,"etiquette":"Secteur de l'école 90 BOULEVARD BESSIERES","lib_etab_1":"BESSIERES (90) MAT","lib_etab_2":null,"lib_etab_3":null,"lib_etab_4":null,"adr_etab_1":"90 BOULEVARD BESSIERES","adr_etab_2":null,"adr_etab_3":null,"adr_etab_4":null,"type_etabl":"Maternelle","geo_point_2d":{"lon":2.3157529740034897,"lat":48.895493616619035},"st_area_shape":215009.23491710974,"st_perimeter_shape":10005.102729733948}}]}