{"type":"FeatureCollection","features":[{"type":"Feature","geometry":{"coordinates":[[[[2.36181,48.878759],[2.360366,48.876112],[2.357676,48.876582],[2.358241,48.877542],[2.358206,48.877311],[2.359462,48.876988],[2.359655,48.877455],[2.358317,48.877569],[2.35848,48.877845],[2.359708,48.877529],[2.360274,48.879465],[2.361533,48.879475],[2.3614,48.878864],[2.36181,48.878759]]],[[[2.367146,48.880244],[2.365315,48.881093],[2.365868,48.881538],[2.368906,48.882288],[2.367146,48.880244]]],[[[2.36283,48.879362],[2.362504,48.879162],[2.362502,48.880636],[2.364963,48.881099],[2.36283,48.879362]]],[[[2.367893,48.878632],[2.368782,48.878926],[2.369016,48.878336],[2.367907,48.878064],[2.368725,48.878792],[2.367829,48.878344],[2.36759,48.877764],[2.366675,48.877816],[2.367661,48.879352],[2.36805,48.879335],[2.367828,48.879116],[2.368224,48.878894],[2.367893,48.878632]]],[[[2.36421,48.878685],[2.363133,48.879269],[2.364352,48.880303],[2.365376,48.87982],[2.36421,48.878685]]],[[[2.366063,48.88046],[2.366956,48.880031],[2.36671,48.879332],[2.36446,48.880396],[2.365199,48.881003],[2.366063,48.88046]]],[[[2.367999,48.877447],[2.367799,48.877067],[2.367279,48.87716],[2.367543,48.876653],[2.366068,48.877365],[2.36783,48.877937],[2.367999,48.877447]]],[[[2.365413,48.87783],[2.36432,48.878606],[2.364893,48.879133],[2.366118,48.878646],[2.365413,48.87783]]],[[[2.36624,48.878787],[2.36505,48.879279],[2.365549,48.879739],[2.366621,48.879231],[2.36624,48.878787]]],[[[2.362324,48.876925],[2.362572,48.876737],[2.36232,48.8769],[2.360937,48.876336],[2.361524,48.877321],[2.362324,48.876925]]],[[[2.36208,48.877392],[2.363286,48.877063],[2.362789,48.876845],[2.361625,48.877369],[2.361708,48.87763],[2.36208,48.877392]]],[[[2.367965,48.880685],[2.36791,48.880621],[2.367863,48.880638],[2.367859,48.880634],[2.367849,48.880638],[2.367771,48.880548],[2.367709,48.880572],[2.367783,48.88066],[2.367747,48.880673],[2.368694,48.881773],[2.368852,48.881715],[2.36874,48.881586],[2.367965,48.880685]]],[[[2.363248,48.876328],[2.364055,48.876253],[2.363298,48.876279],[2.363109,48.87661],[2.363398,48.876501],[2.363248,48.876328]]],[[[2.363783,48.876954],[2.363723,48.876884],[2.363604,48.876929],[2.36358,48.876901],[2.363575,48.876895],[2.363425,48.876719],[2.363417,48.876722],[2.363388,48.876689],[2.363366,48.876662],[2.363211,48.876722],[2.363154,48.876745],[2.363327,48.876858],[2.36334,48.87686],[2.363461,48.876945],[2.363466,48.876943],[2.363562,48.877038],[2.363783,48.876954]]],[[[2.364338,48.876746],[2.364274,48.876672],[2.363814,48.876842],[2.36382,48.876849],[2.363812,48.876852],[2.363875,48.876924],[2.364338,48.876746]]],[[[2.365261,48.881341],[2.365102,48.881211],[2.365066,48.881231],[2.364982,48.881278],[2.364988,48.881304],[2.365109,48.881336],[2.36523,48.881368],[2.365261,48.881341]]]],"type":"MultiPolygon"},"properties":{"id_projet":"MATERNELLES (année scolaire 2020/2021)","libelle":"ECLUSES ST MARTIN (28) MAT","annee_scol":"2020-2021","zone_commune":0,"etiquette":"Secteur de l'école 28 RUE DES ECLUSES SAINT-MARTIN","lib_etab_1":"ECLUSES ST MARTIN (28) MAT","lib_etab_2":null,"lib_etab_3":null,"lib_etab_4":null,"adr_etab_1":"28 RUE DES ECLUSES SAINT-MARTIN","adr_etab_2":null,"adr_etab_3":null,"adr_etab_4":null,"type_etabl":null,"geo_point_2d":{"lon":2.3639339334226377,"lat":48.878929465330984},"st_area_shape":184277.91485442183,"st_perimeter_shape":7952.48213109222}},{"type":"Feature","geometry":{"coordinates":[[[[2.37634,48.872345],[2.376645,48.872017],[2.372941,48.870645],[2.372221,48.871611],[2.374743,48.87312],[2.375421,48.872551],[2.37634,48.872345]]],[[[2.368233,48.869114],[2.367636,48.868937],[2.366029,48.87101],[2.36789,48.871639],[2.369232,48.869487],[2.368233,48.869114]]],[[[2.36806,48.871839],[2.369207,48.874061],[2.37018,48.873803],[2.369528,48.872271],[2.36806,48.871839]]],[[[2.370231,48.871879],[2.369723,48.872006],[2.370435,48.873499],[2.371425,48.872272],[2.370231,48.871879]]],[[[2.371243,48.870137],[2.370623,48.870789],[2.372253,48.871294],[2.37276,48.870588],[2.371243,48.870137]]],[[[2.368732,48.870903],[2.368079,48.871702],[2.36929,48.871964],[2.369932,48.871273],[2.368732,48.870903]]],[[[2.370204,48.870906],[2.370845,48.870038],[2.370056,48.869773],[2.369216,48.870917],[2.369997,48.871143],[2.370204,48.870906]]],[[[2.366097,48.871946],[2.367592,48.87169],[2.365948,48.871114],[2.36552,48.871665],[2.366097,48.871946]]],[[[2.374159,48.873032],[2.374389,48.872906],[2.373806,48.872601],[2.373488,48.872809],[2.372451,48.872324],[2.372705,48.872058],[2.372051,48.871869],[2.371733,48.872158],[2.373841,48.873261],[2.374159,48.873032]]],[[[2.369813,48.869698],[2.369344,48.869587],[2.368623,48.870745],[2.369149,48.870897],[2.369813,48.869698]]],[[[2.371501,48.872187],[2.371798,48.871794],[2.370245,48.871343],[2.369951,48.871696],[2.371501,48.872187]]],[[[2.370841,48.870946],[2.37057,48.870862],[2.370324,48.871238],[2.371894,48.871694],[2.3722,48.871367],[2.370841,48.870946]]],[[[2.374918,48.873623],[2.374557,48.873135],[2.37397,48.873799],[2.374311,48.874136],[2.374918,48.873623]]],[[[2.367645,48.871847],[2.366091,48.872089],[2.366594,48.872461],[2.367645,48.871847]]],[[[2.376047,48.872608],[2.375515,48.87265],[2.374842,48.873253],[2.375076,48.873482],[2.376047,48.872608]]],[[[2.372968,48.872164],[2.372683,48.872298],[2.373313,48.872372],[2.372968,48.872164]]],[[[2.373618,48.872503],[2.373435,48.872407],[2.373252,48.872557],[2.373256,48.872593],[2.373419,48.872676],[2.373465,48.8727],[2.373517,48.872696],[2.373575,48.872649],[2.373702,48.872546],[2.373618,48.872503]]]],"type":"MultiPolygon"},"properties":{"id_projet":"MATERNELLES (année scolaire 2020/2021)","libelle":"PARMENTIER (155) MAT","annee_scol":"2020-2021","zone_commune":0,"etiquette":"Secteur de l'école 155 AVENUE PARMENTIER","lib_etab_1":"PARMENTIER (155) MAT","lib_etab_2":null,"lib_etab_3":null,"lib_etab_4":null,"adr_etab_1":"155 AVENUE PARMENTIER","adr_etab_2":null,"adr_etab_3":null,"adr_etab_4":null,"type_etabl":null,"geo_point_2d":{"lon":2.3706171427037463,"lat":48.87152913630363},"st_area_shape":183428.17289859924,"st_perimeter_shape":7200.0196716535}},{"type":"Feature","geometry":{"coordinates":[[[[2.349743,48.875449],[2.350844,48.875288],[2.350467,48.873885],[2.348004,48.874088],[2.348303,48.875735],[2.349743,48.875449]]],[[[2.35341,48.873075],[2.354233,48.872792],[2.353933,48.872667],[2.352191,48.872957],[2.353894,48.872343],[2.352098,48.872904],[2.351501,48.872347],[2.351916,48.872802],[2.353773,48.872194],[2.352445,48.872583],[2.352305,48.872327],[2.351874,48.872439],[2.351945,48.871948],[2.351111,48.872082],[2.351233,48.87238],[2.35082,48.872487],[2.350128,48.872178],[2.350564,48.873759],[2.35341,48.873075]]],[[[2.350395,48.873633],[2.350304,48.87334],[2.348164,48.873463],[2.350297,48.873275],[2.349969,48.872187],[2.347989,48.8725],[2.348042,48.873967],[2.350395,48.873633]]],[[[2.351234,48.875194],[2.353378,48.874744],[2.352609,48.87346],[2.35059,48.873852],[2.350962,48.875228],[2.351234,48.875194]]],[[[2.354283,48.872936],[2.35274,48.873413],[2.353478,48.874669],[2.354147,48.874333],[2.353789,48.873189],[2.354283,48.872936]]],[[[2.348342,48.871774],[2.348818,48.871509],[2.34881,48.8711],[2.347975,48.870901],[2.347986,48.871939],[2.348342,48.871774]]],[[[2.349301,48.872203],[2.349945,48.872103],[2.34985,48.871674],[2.349697,48.871973],[2.347988,48.872062],[2.347989,48.872388],[2.349301,48.872203]]],[[[2.349821,48.871555],[2.349624,48.870859],[2.349,48.870898],[2.349821,48.871555]]],[[[2.350111,48.872066],[2.350242,48.871936],[2.350195,48.871943],[2.350187,48.871944],[2.350067,48.871961],[2.350095,48.872059],[2.350111,48.872066]]],[[[2.353955,48.872295],[2.353939,48.872268],[2.353889,48.872281],[2.353905,48.872307],[2.353955,48.872295]]]],"type":"MultiPolygon"},"properties":{"id_projet":"MATERNELLES (année scolaire 2021/2022)","libelle":"MARTEL (9) MAT","annee_scol":"2021-2022","zone_commune":0,"etiquette":"Secteur de l'école 9 RUE MARTEL","lib_etab_1":"MARTEL (9) MAT","lib_etab_2":null,"lib_etab_3":null,"lib_etab_4":null,"adr_etab_1":"9 RUE MARTEL","adr_etab_2":null,"adr_etab_3":null,"adr_etab_4":null,"type_etabl":"Maternelle","geo_point_2d":{"lon":2.35057285670933,"lat":48.873617045882725},"st_area_shape":135725.61891955734,"st_perimeter_shape":5720.474324718327}},{"type":"Feature","geometry":{"coordinates":[[[[2.369978,48.879381],[2.369888,48.878594],[2.368191,48.879497],[2.36982,48.881382],[2.369978,48.879381]]],[[[2.368788,48.875579],[2.37018,48.873803],[2.368432,48.874449],[2.367842,48.874008],[2.367272,48.874097],[2.368561,48.875308],[2.368347,48.875913],[2.368788,48.875579]]],[[[2.372839,48.875441],[2.373041,48.875238],[2.372479,48.874719],[2.370512,48.875232],[2.371389,48.875348],[2.372115,48.876072],[2.372839,48.875441]]],[[[2.368196,48.877773],[2.368476,48.877195],[2.368772,48.877497],[2.368449,48.877815],[2.369785,48.877656],[2.368272,48.876359],[2.367878,48.87663],[2.368412,48.877129],[2.367799,48.877067],[2.367976,48.877911],[2.368196,48.877773]]],[[[2.368985,48.876176],[2.368679,48.876213],[2.369761,48.877304],[2.370144,48.877153],[2.370154,48.876215],[2.368985,48.876176]]],[[[2.370161,48.875361],[2.369254,48.875375],[2.368724,48.876027],[2.370105,48.876076],[2.370161,48.875361]]],[[[2.371462,48.876641],[2.371911,48.876214],[2.371041,48.876568],[2.370452,48.876218],[2.370439,48.877461],[2.371462,48.876641]]],[[[2.369455,48.878554],[2.369718,48.878408],[2.36958,48.878018],[2.367992,48.877992],[2.369144,48.878435],[2.36899,48.878818],[2.369455,48.878554]]],[[[2.369944,48.881939],[2.369541,48.881461],[2.368852,48.881715],[2.369479,48.882363],[2.369944,48.881939]]],[[[2.372065,48.874663],[2.371208,48.874283],[2.370484,48.875097],[2.372065,48.874663]]],[[[2.370175,48.874205],[2.369384,48.875247],[2.370164,48.87517],[2.370175,48.874205]]],[[[2.374009,48.874416],[2.372637,48.874715],[2.373145,48.875173],[2.374009,48.874416]]],[[[2.374041,48.874228],[2.374311,48.874136],[2.37397,48.873799],[2.373583,48.87387],[2.37313,48.874478],[2.374041,48.874228]]],[[[2.368043,48.879245],[2.368782,48.878926],[2.368041,48.87855],[2.368224,48.878894],[2.367828,48.879116],[2.368043,48.879245]]],[[[2.367321,48.877206],[2.36793,48.876865],[2.367643,48.876669],[2.367321,48.877206]]],[[[2.370142,48.877318],[2.370107,48.877304],[2.36985,48.877394],[2.369984,48.877528],[2.37014,48.877497],[2.370142,48.877318]]],[[[2.373007,48.874489],[2.372963,48.87447],[2.372402,48.87457],[2.37245,48.874591],[2.37249,48.874596],[2.372999,48.874516],[2.373007,48.874489]]]],"type":"MultiPolygon"},"properties":{"id_projet":"MATERNELLES (année scolaire 2021/2022)","libelle":"BOY  ZELENSKI (5) MAT","annee_scol":"2021-2022","zone_commune":0,"etiquette":"Secteur de l'école 5 RUE BOY-ZELENSKI","lib_etab_1":"BOY  ZELENSKI (5) MAT","lib_etab_2":null,"lib_etab_3":null,"lib_etab_4":null,"adr_etab_1":"5 RUE BOY-ZELENSKI","adr_etab_2":null,"adr_etab_3":null,"adr_etab_4":null,"type_etabl":"Maternelle","geo_point_2d":{"lon":2.369888182786688,"lat":48.87687237069806},"st_area_shape":113238.33565833248,"st_perimeter_shape":6602.829271572963}},{"type":"Feature","geometry":{"coordinates":[[[[2.365559,48.868269],[2.364529,48.869121],[2.366151,48.869669],[2.366919,48.868679],[2.365559,48.868269]]],[[[2.363552,48.870051],[2.363291,48.869466],[2.361512,48.870866],[2.362089,48.871414],[2.362726,48.871113],[2.363552,48.870051]]],[[[2.361385,48.872523],[2.361844,48.872263],[2.361145,48.871256],[2.361927,48.872214],[2.36252,48.871978],[2.361408,48.870924],[2.360492,48.871606],[2.361155,48.87259],[2.361385,48.872523]]],[[[2.366061,48.869788],[2.364413,48.869234],[2.363928,48.869857],[2.365329,48.870654],[2.366061,48.869788]]],[[[2.362685,48.872122],[2.361212,48.872675],[2.361536,48.87312],[2.363324,48.873103],[2.362685,48.872122]]],[[[2.364483,48.868935],[2.365247,48.868185],[2.364395,48.867873],[2.363232,48.868575],[2.364483,48.868935]]],[[[2.3628,48.871394],[2.36218,48.871504],[2.363261,48.872474],[2.364311,48.871941],[2.3628,48.871394]]],[[[2.364064,48.870142],[2.363842,48.870116],[2.364596,48.871673],[2.365261,48.870754],[2.364064,48.870142]]],[[[2.363682,48.870267],[2.362853,48.87124],[2.364265,48.871739],[2.363682,48.870267]]],[[[2.363395,48.873214],[2.361653,48.873248],[2.362648,48.874203],[2.363395,48.873214]]],[[[2.362753,48.86924],[2.363234,48.869373],[2.362954,48.868854],[2.361418,48.870744],[2.363149,48.86944],[2.362753,48.86924]]],[[[2.363429,48.873931],[2.3641,48.873211],[2.363625,48.873137],[2.363002,48.874192],[2.363429,48.873931]]],[[[2.363895,48.869028],[2.363505,48.869352],[2.363692,48.869776],[2.364254,48.869149],[2.363895,48.869028]]],[[[2.364225,48.872153],[2.363359,48.87256],[2.363719,48.872798],[2.364225,48.872153]]],[[[2.363553,48.868865],[2.363272,48.868823],[2.363431,48.869184],[2.363748,48.868972],[2.363553,48.868865]]],[[[2.363578,48.872862],[2.363383,48.872766],[2.363474,48.873053],[2.363578,48.872862]]]],"type":"MultiPolygon"},"properties":{"id_projet":"MATERNELLES (année scolaire 2022/2023)","libelle":"LEGOUVE (6) MAT","annee_scol":"2022-2023","zone_commune":0,"etiquette":"Secteur de l'école 6 RUE LEGOUVE","lib_etab_1":"LEGOUVE (6) MAT","lib_etab_2":null,"lib_etab_3":null,"lib_etab_4":null,"adr_etab_1":"6 RUE LEGOUVE","adr_etab_2":null,"adr_etab_3":null,"adr_etab_4":null,"type_etabl":"Maternelle","geo_point_2d":{"lon":2.3634975235599773,"lat":48.870813913275356},"st_area_shape":126277.04190400855,"st_perimeter_shape":6343.647804853388}},{"type":"Feature","geometry":{"coordinates":[[[2.35831,48.880031],[2.358174,48.879767],[2.358045,48.879984],[2.35831,48.880031]]],"type":"Polygon"},"properties":{"id_projet":"MATERNELLES (année scolaire 2023/2024)","libelle":"ZM.AQUEDUC(39)/LOUIS BLANC(49)","annee_scol":"2023-2024","zone_commune":1,"etiquette":"Secteur commun des écoles \n39 RUE DE L'AQUEDUC \n49 RUE LOUIS BLANC","lib_etab_1":"AQUEDUC (39) MAT","lib_etab_2":"LOUIS BLANC (49) MAT","lib_etab_3":null,"lib_etab_4":null,"adr_etab_1":"39 RUE DE L'AQUEDUC","adr_etab_2":"49 RUE LOUIS BLANC","adr_etab_3":null,"adr_etab_4":null,"type_etabl":"Maternelle","geo_point_2d":{"lon":2.3582257199945382,"lat":48.879916856596346},"st_area_shape":467.6453704951483,"st_perimeter_shape":87.41704844180074}},{"type":"Feature","geometry":{"coordinates":[[[[2.363326,48.884397],[2.363208,48.884207],[2.364433,48.88414],[2.363176,48.882342],[2.361811,48.882902],[2.362151,48.883872],[2.361644,48.884198],[2.363326,48.884397]]],[[[2.362045,48.880239],[2.362245,48.879279],[2.361871,48.878744],[2.3614,48.878864],[2.361532,48.879502],[2.361986,48.879529],[2.361769,48.880314],[2.362045,48.880239]]],[[[2.360061,48.880653],[2.357684,48.87974],[2.358064,48.88021],[2.35893,48.880292],[2.35919,48.880646],[2.360061,48.880653]]],[[[2.361718,48.881352],[2.361892,48.880695],[2.361666,48.880498],[2.358808,48.87991],[2.361718,48.881352]]],[[[2.362104,48.880734],[2.361988,48.881405],[2.362905,48.881783],[2.362104,48.880734]]],[[[2.363847,48.881701],[2.364383,48.881331],[2.362622,48.880912],[2.363326,48.88194],[2.363847,48.881701]]],[[[2.36044,48.880829],[2.359346,48.881121],[2.36011,48.881947],[2.361135,48.881698],[2.36044,48.880829]]],[[[2.362369,48.88211],[2.362986,48.882128],[2.362194,48.881655],[2.361932,48.882083],[2.362369,48.88211]]],[[[2.364765,48.881431],[2.363551,48.882139],[2.365597,48.883099],[2.366726,48.882583],[2.365662,48.881667],[2.364765,48.881431]]],[[[2.366634,48.881927],[2.368485,48.883616],[2.369603,48.882715],[2.366634,48.881927]]],[[[2.363671,48.88235],[2.364337,48.88368],[2.365427,48.883201],[2.363671,48.88235]]],[[[2.366917,48.882702],[2.365835,48.883211],[2.367252,48.883876],[2.368368,48.883853],[2.366917,48.882702]]],[[[2.365617,48.883263],[2.364478,48.883771],[2.36466,48.884136],[2.36707,48.884026],[2.365617,48.883263]]]],"type":"MultiPolygon"},"properties":{"id_projet":"MATERNELLES (année scolaire 2024/2025)","libelle":"AQUEDUC (39) MAT","annee_scol":"2024-2025","zone_commune":0,"etiquette":"Secteur de l'école 39 RUE DE L'AQUEDUC","lib_etab_1":"AQUEDUC (39) MAT","lib_etab_2":null,"lib_etab_3":null,"lib_etab_4":null,"adr_etab_1":"39 RUE DE L'AQUEDUC","adr_etab_2":null,"adr_etab_3":null,"adr_etab_4":null,"type_etabl":"Maternelle","geo_point_2d":{"lon":2.36406704305644,"lat":48.882387315317516},"st_area_shape":143392.733332067,"st_perimeter_shape":6445.123320345883}},{"type":"Feature","geometry":{"coordinates":[[[[2.364475,48.880701],[2.362504,48.879162],[2.362512,48.880644],[2.363185,48.880829],[2.363484,48.880347],[2.363747,48.880568],[2.363533,48.88092],[2.364681,48.881221],[2.364963,48.881099],[2.364475,48.880701]]],[[[2.364338,48.876746],[2.364274,48.876672],[2.363814,48.876842],[2.36382,48.876849],[2.363812,48.876852],[2.363875,48.876924],[2.364338,48.876746]]],[[[2.363783,48.876954],[2.363723,48.876884],[2.363604,48.876929],[2.36358,48.876901],[2.363575,48.876895],[2.363425,48.876719],[2.363417,48.876722],[2.363388,48.876689],[2.363366,48.876662],[2.363211,48.876722],[2.363154,48.876745],[2.363327,48.876858],[2.36334,48.87686],[2.363461,48.876945],[2.363466,48.876943],[2.363562,48.877038],[2.363783,48.876954]]],[[[2.362324,48.876925],[2.362572,48.876737],[2.36232,48.8769],[2.360937,48.876336],[2.361524,48.877321],[2.362324,48.876925]]],[[[2.36208,48.877392],[2.363286,48.877063],[2.362789,48.876845],[2.361625,48.877369],[2.361708,48.87763],[2.36208,48.877392]]],[[[2.367999,48.877447],[2.367799,48.877067],[2.366068,48.877365],[2.36783,48.877937],[2.367999,48.877447]]],[[[2.366118,48.878646],[2.365368,48.877827],[2.36432,48.878606],[2.364871,48.878619],[2.364965,48.879126],[2.366118,48.878646]]],[[[2.367893,48.878632],[2.368782,48.878926],[2.369016,48.878336],[2.367907,48.878064],[2.368725,48.878792],[2.367829,48.878344],[2.36759,48.877764],[2.366675,48.877816],[2.367661,48.879352],[2.36805,48.879335],[2.367828,48.879116],[2.368224,48.878894],[2.367893,48.878632]]],[[[2.366352,48.879358],[2.366621,48.879231],[2.3662,48.87878],[2.365068,48.879224],[2.365608,48.879421],[2.365563,48.879733],[2.366352,48.879358]]],[[[2.365036,48.879726],[2.363901,48.879358],[2.363762,48.879177],[2.364266,48.878929],[2.36421,48.878685],[2.363146,48.879198],[2.364352,48.880303],[2.365376,48.87982],[2.365036,48.879726]]],[[[2.366063,48.88046],[2.366956,48.880031],[2.36671,48.879332],[2.36446,48.880396],[2.365199,48.881003],[2.366063,48.88046]]],[[[2.365261,48.881341],[2.365102,48.881211],[2.365066,48.881231],[2.364982,48.881278],[2.364988,48.881304],[2.365109,48.881336],[2.36523,48.881368],[2.365261,48.881341]]],[[[2.368146,48.881905],[2.367833,48.881658],[2.367421,48.88186],[2.367667,48.881579],[2.366915,48.880902],[2.366448,48.880928],[2.366859,48.880717],[2.36663,48.88053],[2.367049,48.880132],[2.365315,48.881093],[2.365868,48.881538],[2.368854,48.882329],[2.368146,48.881905]]]],"type":"MultiPolygon"},"properties":{"id_projet":"MATERNELLES (année scolaire 2024/2025)","libelle":"ECLUSES ST MARTIN (28) MAT","annee_scol":"2024-2025","zone_commune":0,"etiquette":"Secteur de l'école 28 RUE DES ECLUSES ST MARTIN","lib_etab_1":"ECLUSES ST MARTIN (28) MAT","lib_etab_2":null,"lib_etab_3":null,"lib_etab_4":null,"adr_etab_1":"28 RUE DES ECLUSES ST MARTIN","adr_etab_2":null,"adr_etab_3":null,"adr_etab_4":null,"type_etabl":"Maternelle","geo_point_2d":{"lon":2.3654096975477286,"lat":48.879419895505734},"st_area_shape":103655.30649595438,"st_perimeter_shape":6095.418265398934}},{"type":"Feature","geometry":{"coordinates":[[[[2.353831,48.876471],[2.353959,48.876695],[2.355392,48.876497],[2.3553,48.876184],[2.35363,48.87634],[2.355973,48.876015],[2.354789,48.875839],[2.355796,48.875653],[2.355768,48.875421],[2.354352,48.875246],[2.354767,48.875059],[2.354962,48.875367],[2.355697,48.875334],[2.35533,48.874447],[2.351005,48.87538],[2.351291,48.876379],[2.352584,48.876219],[2.352121,48.876413],[2.352211,48.876934],[2.353912,48.876701],[2.353831,48.876471]]],[[[2.356869,48.874556],[2.356576,48.873894],[2.355385,48.874185],[2.356869,48.874556]]],[[[2.353707,48.874657],[2.355257,48.874335],[2.354306,48.872874],[2.353789,48.873189],[2.354154,48.874241],[2.353592,48.874472],[2.353487,48.874684],[2.353707,48.874657]]],[[[2.356676,48.874631],[2.35557,48.874472],[2.356309,48.87564],[2.357126,48.874831],[2.356676,48.874631]]],[[[2.35586,48.87614],[2.35539,48.876174],[2.355447,48.87649],[2.35586,48.87614]]],[[[2.348652,48.876478],[2.350983,48.876065],[2.350877,48.875412],[2.348331,48.875821],[2.348652,48.876478]]],[[[2.351962,48.876435],[2.351332,48.876521],[2.351474,48.877034],[2.352117,48.876928],[2.351962,48.876435]]],[[[2.351273,48.876906],[2.350934,48.876166],[2.3487,48.876561],[2.349018,48.877099],[2.34966,48.877284],[2.351273,48.876906]]],[[[2.352002,48.877595],[2.354988,48.877219],[2.35544,48.876714],[2.35153,48.877136],[2.351608,48.877522],[2.352002,48.877595]]],[[[2.351386,48.877318],[2.350162,48.877414],[2.351185,48.877682],[2.351386,48.877318]]],[[[2.356057,48.876691],[2.35546,48.877221],[2.355711,48.878125],[2.356317,48.877995],[2.356057,48.876691]]],[[[2.355377,48.878007],[2.355212,48.877499],[2.354547,48.87824],[2.355377,48.878007]]],[[[2.354834,48.877388],[2.352104,48.877723],[2.353661,48.878336],[2.354834,48.877388]]],[[[2.352505,48.878216],[2.352295,48.878161],[2.352517,48.878482],[2.353259,48.878776],[2.35345,48.878464],[2.352505,48.878216]]],[[[2.355521,48.878483],[2.355454,48.878274],[2.354398,48.878508],[2.355597,48.878839],[2.355521,48.878483]]],[[[2.356705,48.878819],[2.356374,48.878136],[2.355711,48.878255],[2.355936,48.878929],[2.356838,48.879165],[2.356705,48.878819]]],[[[2.349467,48.87742],[2.349193,48.877457],[2.3494,48.879131],[2.351158,48.878101],[2.351087,48.877844],[2.349467,48.87742]]],[[[2.351782,48.879352],[2.351998,48.878501],[2.351534,48.878745],[2.351782,48.879352]]],[[[2.358197,48.878804],[2.356823,48.878541],[2.357181,48.879255],[2.357726,48.879397],[2.358583,48.879203],[2.358197,48.878804]]],[[[2.350857,48.879374],[2.351485,48.879284],[2.351218,48.87831],[2.350643,48.878603],[2.350857,48.879374]]],[[[2.356103,48.87916],[2.356038,48.879601],[2.356903,48.879461],[2.356103,48.87916]]],[[[2.350497,48.878678],[2.349472,48.879265],[2.349556,48.879543],[2.350711,48.879453],[2.350497,48.878678]]],[[[2.358591,48.87934],[2.358024,48.879475],[2.358635,48.879635],[2.35836,48.879477],[2.358591,48.87934]]],[[[2.354567,48.878757],[2.354382,48.878843],[2.354792,48.879606],[2.355768,48.879626],[2.355625,48.879035],[2.354567,48.878757]]]],"type":"MultiPolygon"},"properties":{"id_projet":"MATERNELLES (année scolaire 2024/2025)","libelle":"LEON SCHWARTZENBERG (11) MAT","annee_scol":"2024-2025","zone_commune":0,"etiquette":"Secteur de l'école 11 RUE LEON SCHWARTZENBERG","lib_etab_1":"LEON SCHWARTZENBERG (11) MAT","lib_etab_2":null,"lib_etab_3":null,"lib_etab_4":null,"adr_etab_1":"11 RUE LEON SCHWARTZENBERG","adr_etab_2":null,"adr_etab_3":null,"adr_etab_4":null,"type_etabl":"Maternelle","geo_point_2d":{"lon":2.3531385012233703,"lat":48.876790382959015},"st_area_shape":213858.2528998156,"st_perimeter_shape":9987.042214421466}},{"type":"Feature","geometry":{"coordinates":[[[[2.364475,48.880701],[2.362504,48.879162],[2.362512,48.880644],[2.363185,48.880829],[2.363484,48.880347],[2.363747,48.880568],[2.363533,48.88092],[2.364681,48.881221],[2.364963,48.881099],[2.364475,48.880701]]],[[[2.368146,48.881905],[2.367833,48.881658],[2.367421,48.88186],[2.367667,48.881579],[2.366915,48.880902],[2.366448,48.880928],[2.366859,48.880717],[2.36663,48.88053],[2.367049,48.880132],[2.365315,48.881093],[2.365868,48.881538],[2.368854,48.882329],[2.368146,48.881905]]],[[[2.367893,48.878632],[2.368782,48.878926],[2.369016,48.878336],[2.367907,48.878064],[2.368725,48.878792],[2.367829,48.878344],[2.36759,48.877764],[2.366675,48.877816],[2.367661,48.879352],[2.36805,48.879335],[2.367828,48.879116],[2.368224,48.878894],[2.367893,48.878632]]],[[[2.366063,48.88046],[2.366956,48.880031],[2.36671,48.879332],[2.36446,48.880396],[2.365199,48.881003],[2.366063,48.88046]]],[[[2.365036,48.879726],[2.363901,48.879358],[2.363762,48.879177],[2.364266,48.878929],[2.36421,48.878685],[2.363146,48.879198],[2.364352,48.880303],[2.365376,48.87982],[2.365036,48.879726]]],[[[2.366118,48.878646],[2.365368,48.877827],[2.36432,48.878606],[2.364871,48.878619],[2.364965,48.879126],[2.366118,48.878646]]],[[[2.367999,48.877447],[2.367799,48.877067],[2.366068,48.877365],[2.36783,48.877937],[2.367999,48.877447]]],[[[2.366352,48.879358],[2.366621,48.879231],[2.3662,48.87878],[2.365068,48.879224],[2.365608,48.879421],[2.365563,48.879733],[2.366352,48.879358]]],[[[2.362324,48.876925],[2.362572,48.876737],[2.36232,48.8769],[2.360937,48.876336],[2.361524,48.877321],[2.362324,48.876925]]],[[[2.36208,48.877392],[2.363286,48.877063],[2.362789,48.876845],[2.361625,48.877369],[2.361708,48.87763],[2.36208,48.877392]]],[[[2.363783,48.876954],[2.363723,48.876884],[2.363604,48.876929],[2.36358,48.876901],[2.363575,48.876895],[2.363425,48.876719],[2.363417,48.876722],[2.363388,48.876689],[2.363366,48.876662],[2.363211,48.876722],[2.363154,48.876745],[2.363327,48.876858],[2.36334,48.87686],[2.363461,48.876945],[2.363466,48.876943],[2.363562,48.877038],[2.363783,48.876954]]],[[[2.364338,48.876746],[2.364274,48.876672],[2.363814,48.876842],[2.36382,48.876849],[2.363812,48.876852],[2.363875,48.876924],[2.364338,48.876746]]],[[[2.365261,48.881341],[2.365102,48.881211],[2.365066,48.881231],[2.364982,48.881278],[2.364988,48.881304],[2.365109,48.881336],[2.36523,48.881368],[2.365261,48.881341]]]],"type":"MultiPolygon"},"properties":{"id_projet":"MATERNELLES (année scolaire 2022/2023)","libelle":"ECLUSES ST MARTIN (28) MAT","annee_scol":"2022-2023","zone_commune":0,"etiquette":"Secteur de l'école 28 RUE DES ECLUSES ST MARTIN","lib_etab_1":"ECLUSES ST MARTIN (28) MAT","lib_etab_2":null,"lib_etab_3":null,"lib_etab_4":null,"adr_etab_1":"28 RUE DES ECLUSES ST MARTIN","adr_etab_2":null,"adr_etab_3":null,"adr_etab_4":null,"type_etabl":"Maternelle","geo_point_2d":{"lon":2.365409697547728,"lat":48.87941989550578},"st_area_shape":103655.30649595438,"st_perimeter_shape":6095.418265398934}},{"type":"Feature","geometry":{"coordinates":[[[[2.361811,48.882902],[2.36298,48.882157],[2.362012,48.882219],[2.362194,48.881655],[2.361878,48.881992],[2.361718,48.881352],[2.360537,48.880799],[2.361135,48.881698],[2.36011,48.881947],[2.359346,48.881121],[2.36027,48.880757],[2.358246,48.881319],[2.359196,48.882783],[2.361533,48.882603],[2.361362,48.882139],[2.361811,48.882902]]],[[[2.361666,48.880498],[2.361956,48.88046],[2.361986,48.879529],[2.360274,48.879465],[2.360088,48.878866],[2.359214,48.879034],[2.35935,48.879522],[2.358846,48.879691],[2.361666,48.880498]]],[[[2.358339,48.881144],[2.360046,48.880689],[2.358064,48.88021],[2.357768,48.879596],[2.357351,48.879588],[2.358339,48.881144]]],[[[2.361586,48.882743],[2.359426,48.882916],[2.360513,48.883502],[2.361586,48.882743]]],[[[2.359521,48.883113],[2.359259,48.883017],[2.359443,48.884027],[2.360309,48.883612],[2.359521,48.883113]]],[[[2.361511,48.883247],[2.360725,48.883663],[2.361471,48.884038],[2.361511,48.883247]]],[[[2.361825,48.884106],[2.362151,48.883872],[2.361825,48.883026],[2.361825,48.884106]]],[[[2.359081,48.884108],[2.35898,48.883018],[2.357126,48.879664],[2.356699,48.879919],[2.356993,48.88056],[2.356167,48.880567],[2.35632,48.880919],[2.356762,48.881017],[2.356832,48.881526],[2.357592,48.881364],[2.358008,48.881778],[2.358943,48.883847],[2.35836,48.884171],[2.359081,48.884108]]],[[[2.360591,48.883728],[2.359676,48.884183],[2.361343,48.884216],[2.360591,48.883728]]]],"type":"MultiPolygon"},"properties":{"id_projet":"MATERNELLES (année scolaire 2023/2024)","libelle":"LOUIS BLANC (49) MAT","annee_scol":"2023-2024","zone_commune":0,"etiquette":"Secteur de l'école 49 RUE LOUIS BLANC","lib_etab_1":"LOUIS BLANC (49) MAT","lib_etab_2":null,"lib_etab_3":null,"lib_etab_4":null,"adr_etab_1":"49 RUE LOUIS BLANC","adr_etab_2":null,"adr_etab_3":null,"adr_etab_4":null,"type_etabl":"Maternelle","geo_point_2d":{"lon":2.3597847249524437,"lat":48.881635105785726},"st_area_shape":110167.7182384271,"st_perimeter_shape":5865.833414782602}},{"type":"Feature","geometry":{"coordinates":[[[[2.37252,48.874728],[2.370461,48.875251],[2.370454,48.876046],[2.372095,48.876089],[2.37304,48.875266],[2.37252,48.874728]]],[[[2.374041,48.874228],[2.374311,48.874136],[2.37397,48.873799],[2.373583,48.87387],[2.37313,48.874478],[2.374041,48.874228]]],[[[2.373007,48.874489],[2.372963,48.87447],[2.372402,48.87457],[2.37245,48.874591],[2.37249,48.874596],[2.372999,48.874516],[2.373007,48.874489]]],[[[2.372318,48.874598],[2.370478,48.873814],[2.370465,48.87509],[2.372318,48.874598]]],[[[2.374009,48.874416],[2.372637,48.874715],[2.373145,48.875173],[2.374009,48.874416]]],[[[2.371753,48.876194],[2.370452,48.876218],[2.370439,48.877461],[2.371753,48.876194]]]],"type":"MultiPolygon"},"properties":{"id_projet":"MATERNELLES (année scolaire 2025/2026)","libelle":"VICQ D'AZIR (16) POLY","annee_scol":"2025-2026","zone_commune":0,"etiquette":"Secteur de l'école 16 RUE VICQ D'AZIR","lib_etab_1":"VICQ D'AZIR (16) POLY","lib_etab_2":null,"lib_etab_3":null,"lib_etab_4":null,"adr_etab_1":"16 RUE VICQ D'AZIR","adr_etab_2":null,"adr_etab_3":null,"adr_etab_4":null,"type_etabl":"Maternelle","geo_point_2d":{"lon":2.3716668399555583,"lat":48.87532677826743},"st_area_shape":45269.775014285115,"st_perimeter_shape":2104.663534024583}},{"type":"Feature","geometry":{"coordinates":[[[[2.37252,48.874728],[2.370461,48.875251],[2.370454,48.876046],[2.372095,48.876089],[2.37304,48.875266],[2.37252,48.874728]]],[[[2.374041,48.874228],[2.374311,48.874136],[2.37397,48.873799],[2.373583,48.87387],[2.37313,48.874478],[2.374041,48.874228]]],[[[2.373007,48.874489],[2.372963,48.87447],[2.372402,48.87457],[2.37245,48.874591],[2.37249,48.874596],[2.372999,48.874516],[2.373007,48.874489]]],[[[2.372318,48.874598],[2.370478,48.873814],[2.370465,48.87509],[2.372318,48.874598]]],[[[2.374009,48.874416],[2.372637,48.874715],[2.373145,48.875173],[2.374009,48.874416]]],[[[2.371753,48.876194],[2.370452,48.876218],[2.370439,48.877461],[2.371753,48.876194]]]],"type":"MultiPolygon"},"properties":{"id_projet":"MATERNELLES (année scolaire 2024/2025)","libelle":"VICQ D'AZIR (16) POLY","annee_scol":"2024-2025","zone_commune":0,"etiquette":"Secteur de l'école 16 RUE VICQ D'AZIR","lib_etab_1":"VICQ D'AZIR (16) POLY","lib_etab_2":null,"lib_etab_3":null,"lib_etab_4":null,"adr_etab_1":"16 RUE VICQ D'AZIR","adr_etab_2":null,"adr_etab_3":null,"adr_etab_4":null,"type_etabl":"Maternelle","geo_point_2d":{"lon":2.3716668399555583,"lat":48.87532677826743},"st_area_shape":45269.775014285115,"st_perimeter_shape":2104.663534024583}},{"type":"Feature","geometry":{"coordinates":[[[[2.356803,48.871354],[2.356007,48.870015],[2.355641,48.870091],[2.355985,48.869977],[2.355583,48.86933],[2.354578,48.869443],[2.355388,48.870949],[2.356304,48.870793],[2.355426,48.871016],[2.356048,48.872126],[2.357016,48.871762],[2.356803,48.871354]]],[[[2.358234,48.870449],[2.358232,48.870446],[2.357859,48.87056],[2.357783,48.870584],[2.357786,48.870588],[2.357862,48.870564],[2.357957,48.870535],[2.358234,48.870449]]],[[[2.357556,48.872106],[2.358207,48.871811],[2.357819,48.871506],[2.357354,48.871757],[2.357556,48.872106]]],[[[2.35296,48.872816],[2.35425,48.872786],[2.353955,48.872295],[2.352191,48.872957],[2.35296,48.872816]]],[[[2.358904,48.871562],[2.359886,48.87175],[2.360172,48.871425],[2.358309,48.871242],[2.357949,48.871461],[2.358372,48.871804],[2.358904,48.871562]]],[[[2.356294,48.873346],[2.355775,48.872409],[2.354629,48.872845],[2.355483,48.872922],[2.355748,48.873498],[2.356294,48.873346]]],[[[2.352567,48.871671],[2.353502,48.871548],[2.35321,48.871026],[2.351007,48.871707],[2.351101,48.871922],[2.352567,48.871671]]],[[[2.35875,48.872239],[2.359844,48.871797],[2.358955,48.871594],[2.357587,48.872188],[2.357777,48.872545],[2.35875,48.872239]]],[[[2.352964,48.872432],[2.353939,48.872268],[2.353552,48.87163],[2.351083,48.872014],[2.351945,48.871948],[2.351874,48.872439],[2.352305,48.872327],[2.352445,48.872583],[2.352964,48.872432]]],[[[2.357377,48.872327],[2.357071,48.871866],[2.356124,48.872264],[2.356702,48.873297],[2.35773,48.872966],[2.357377,48.872327]]],[[[2.352856,48.870334],[2.352663,48.86998],[2.351217,48.870175],[2.352339,48.871104],[2.353172,48.870941],[2.352856,48.870334]]],[[[2.357878,48.871184],[2.357082,48.871124],[2.357537,48.870884],[2.357159,48.870306],[2.356712,48.869632],[2.355861,48.869262],[2.357282,48.871619],[2.357878,48.871184]]],[[[2.353647,48.870815],[2.354714,48.870527],[2.354098,48.869517],[2.352874,48.869934],[2.353352,48.870846],[2.353647,48.870815]],[[2.353398,48.870166],[2.353824,48.870054],[2.353684,48.869693],[2.353933,48.870109],[2.353398,48.870166]]],[[[2.3547,48.872691],[2.355718,48.872283],[2.355044,48.871113],[2.354177,48.871336],[2.355007,48.871047],[2.354828,48.87073],[2.353495,48.871018],[2.354431,48.872683],[2.3547,48.872691]],[[2.353889,48.871332],[2.354066,48.871287],[2.354074,48.871303],[2.354101,48.871357],[2.353973,48.871391],[2.353829,48.871429],[2.353788,48.871359],[2.353889,48.871332]]]],"type":"MultiPolygon"},"properties":{"id_projet":"MATERNELLES (année scolaire 2026/2027)","libelle":"PIERRE BULLET (4) MAT","annee_scol":"2026-2027","zone_commune":0,"etiquette":"Secteur de l'école 4 PIERRE BULLET (4) MAT","lib_etab_1":"PIERRE BULLET (4) MAT","lib_etab_2":null,"lib_etab_3":null,"lib_etab_4":null,"adr_etab_1":"4 PIERRE BULLET (4) MAT","adr_etab_2":null,"adr_etab_3":null,"adr_etab_4":null,"type_etabl":"Maternelle","geo_point_2d":{"lon":2.35516606255274,"lat":48.87133655725476},"st_area_shape":129944.42775977467,"st_perimeter_shape":7129.12686033216}},{"type":"Feature","geometry":{"coordinates":[[[[2.363326,48.884397],[2.363208,48.884207],[2.364433,48.88414],[2.363176,48.882342],[2.361811,48.882902],[2.362151,48.883872],[2.361644,48.884198],[2.363326,48.884397]]],[[[2.364765,48.881431],[2.363551,48.882139],[2.365597,48.883099],[2.366726,48.882583],[2.365662,48.881667],[2.364765,48.881431]]],[[[2.366634,48.881927],[2.368485,48.883616],[2.369603,48.882715],[2.366634,48.881927]]],[[[2.366917,48.882702],[2.365835,48.883211],[2.367252,48.883876],[2.368368,48.883853],[2.366917,48.882702]]],[[[2.365617,48.883263],[2.364478,48.883771],[2.36466,48.884136],[2.36707,48.884026],[2.365617,48.883263]]],[[[2.361718,48.881352],[2.361892,48.880695],[2.361666,48.880498],[2.358808,48.87991],[2.361718,48.881352]]],[[[2.36044,48.880829],[2.359346,48.881121],[2.36011,48.881947],[2.361135,48.881698],[2.36044,48.880829]]],[[[2.363671,48.88235],[2.364337,48.88368],[2.365427,48.883201],[2.363671,48.88235]]],[[[2.363847,48.881701],[2.364383,48.881331],[2.362622,48.880912],[2.363326,48.88194],[2.363847,48.881701]]],[[[2.362045,48.880239],[2.362245,48.879279],[2.361871,48.878744],[2.3614,48.878864],[2.361532,48.879502],[2.361986,48.879529],[2.361769,48.880314],[2.362045,48.880239]]],[[[2.360061,48.880653],[2.357684,48.87974],[2.358064,48.88021],[2.35893,48.880292],[2.35919,48.880646],[2.360061,48.880653]]],[[[2.362104,48.880734],[2.361988,48.881405],[2.362905,48.881783],[2.362104,48.880734]]],[[[2.362369,48.88211],[2.362986,48.882128],[2.362194,48.881655],[2.361932,48.882083],[2.362369,48.88211]]]],"type":"MultiPolygon"},"properties":{"id_projet":"MATERNELLES (année scolaire 2021/2022)","libelle":"AQUEDUC (39) MAT","annee_scol":"2021-2022","zone_commune":0,"etiquette":"Secteur de l'école 39 RUE DE L' AQUEDUC","lib_etab_1":"AQUEDUC (39) MAT","lib_etab_2":null,"lib_etab_3":null,"lib_etab_4":null,"adr_etab_1":"39 RUE DE L' AQUEDUC","adr_etab_2":null,"adr_etab_3":null,"adr_etab_4":null,"type_etabl":"Maternelle","geo_point_2d":{"lon":2.364067043056438,"lat":48.88238731531753},"st_area_shape":143392.733332067,"st_perimeter_shape":6445.123320345884}},{"type":"Feature","geometry":{"coordinates":[[[[2.37295,48.873977],[2.373617,48.873522],[2.371394,48.872559],[2.370702,48.873407],[2.372267,48.874098],[2.37262,48.873788],[2.372739,48.874101],[2.37295,48.873977]]],[[[2.371389,48.875348],[2.370461,48.875251],[2.370454,48.876046],[2.372095,48.876089],[2.371389,48.875348]]],[[[2.373804,48.873444],[2.374451,48.873055],[2.373841,48.873261],[2.371733,48.872158],[2.371425,48.872503],[2.373804,48.873444]]],[[[2.370783,48.874642],[2.371208,48.874283],[2.372318,48.874598],[2.370511,48.873798],[2.370465,48.87509],[2.370783,48.874642]]],[[[2.37337,48.87416],[2.374464,48.873467],[2.374542,48.873114],[2.372685,48.874257],[2.37313,48.874478],[2.37337,48.87416]]],[[[2.37168,48.873903],[2.370665,48.873455],[2.370479,48.873702],[2.371434,48.874144],[2.37168,48.873903]]],[[[2.372963,48.87447],[2.371818,48.873964],[2.371566,48.874176],[2.372402,48.87457],[2.372963,48.87447]]],[[[2.371253,48.876389],[2.371911,48.876214],[2.370752,48.876187],[2.371041,48.876568],[2.371253,48.876389]]]],"type":"MultiPolygon"},"properties":{"id_projet":"MATERNELLES (année scolaire 2021/2022)","libelle":"VICQ D'AZIR (16) POLY","annee_scol":"2021-2022","zone_commune":0,"etiquette":"Secteur de l'école 16 RUE VICQ D'AZIR","lib_etab_1":"VICQ D'AZIR (16) POLY","lib_etab_2":null,"lib_etab_3":null,"lib_etab_4":null,"adr_etab_1":"16 RUE VICQ D'AZIR","adr_etab_2":null,"adr_etab_3":null,"adr_etab_4":null,"type_etabl":"Maternelle","geo_point_2d":{"lon":2.3719501207880156,"lat":48.873991669119924},"st_area_shape":52476.28597345159,"st_perimeter_shape":3330.3909724386235}},{"type":"Feature","geometry":{"coordinates":[[[[2.357292,48.884292],[2.358943,48.883847],[2.358008,48.881778],[2.357592,48.881364],[2.356832,48.881526],[2.356762,48.881017],[2.356399,48.881088],[2.356167,48.880567],[2.356993,48.88056],[2.356699,48.879919],[2.357114,48.879636],[2.352688,48.880548],[2.354441,48.881799],[2.35563,48.883918],[2.357292,48.884292]]],[[[2.355383,48.883942],[2.354245,48.881863],[2.351243,48.882223],[2.351386,48.883681],[2.355383,48.883942]]],[[[2.351207,48.881261],[2.351102,48.880876],[2.349906,48.881137],[2.349713,48.883012],[2.351207,48.881261]]],[[[2.351026,48.882233],[2.34983,48.88357],[2.351136,48.883641],[2.351026,48.882233]]],[[[2.349947,48.879887],[2.349672,48.87985],[2.349921,48.880982],[2.351072,48.88077],[2.350888,48.880166],[2.349947,48.879887]]],[[[2.352338,48.880783],[2.351284,48.882004],[2.352617,48.881794],[2.352338,48.880783]]],[[[2.351704,48.879506],[2.350977,48.879531],[2.351038,48.880039],[2.352104,48.88035],[2.352009,48.879584],[2.351704,48.879506]]],[[[2.352738,48.880838],[2.352498,48.880762],[2.352777,48.881775],[2.354012,48.881679],[2.352738,48.880838]]],[[[2.352541,48.879233],[2.353255,48.879149],[2.35371,48.878643],[2.35345,48.878464],[2.353259,48.878776],[2.352284,48.878158],[2.352541,48.879233]]],[[[2.353103,48.879319],[2.35217,48.879564],[2.35232,48.880108],[2.353103,48.879319]]],[[[2.352308,48.879177],[2.352021,48.87851],[2.351782,48.879352],[2.352308,48.879177]]],[[[2.351337,48.8803],[2.351097,48.880255],[2.351237,48.880732],[2.351962,48.880507],[2.351337,48.8803]]],[[[2.350758,48.879621],[2.349874,48.879707],[2.350822,48.879989],[2.350758,48.879621]]],[[[2.351794,48.880777],[2.351259,48.880844],[2.351343,48.881147],[2.351794,48.880777]]],[[[2.350894,48.87943],[2.351054,48.879411],[2.351054,48.879412],[2.351067,48.87941],[2.351067,48.879409],[2.351312,48.87938],[2.351312,48.879381],[2.351325,48.87938],[2.351325,48.879379],[2.351485,48.879359],[2.351485,48.879361],[2.351497,48.879359],[2.351497,48.879358],[2.351503,48.879352],[2.351505,48.879351],[2.351503,48.879343],[2.351501,48.879343],[2.351485,48.879284],[2.350857,48.879374],[2.35087,48.879419],[2.350867,48.87942],[2.350869,48.879428],[2.350872,48.879428],[2.35088,48.879431],[2.350881,48.879433],[2.350894,48.879432],[2.350894,48.87943]]]],"type":"MultiPolygon"},"properties":{"id_projet":"MATERNELLES (année scolaire 2020/2021)","libelle":"BELZUNCE (3) POLY","annee_scol":"2020-2021","zone_commune":0,"etiquette":"Secteur de l'école 3 RUE DE BELZUNCE","lib_etab_1":"BELZUNCE (3) POLY","lib_etab_2":null,"lib_etab_3":null,"lib_etab_4":null,"adr_etab_1":"3 RUE DE BELZUNCE","adr_etab_2":null,"adr_etab_3":null,"adr_etab_4":null,"type_etabl":null,"geo_point_2d":{"lon":2.3541656822903136,"lat":48.88195837939374},"st_area_shape":232625.12857958215,"st_perimeter_shape":6742.523291880216}},{"type":"Feature","geometry":{"coordinates":[[[[2.359193,48.869876],[2.358913,48.869096],[2.359573,48.870379],[2.360611,48.869848],[2.359808,48.868664],[2.358171,48.86917],[2.358434,48.869631],[2.35813,48.86918],[2.357751,48.869258],[2.358782,48.870806],[2.359446,48.870477],[2.359193,48.869876]]],[[[2.36192,48.869143],[2.362671,48.868456],[2.359929,48.868629],[2.360725,48.869759],[2.36192,48.869143]]],[[[2.358442,48.870448],[2.357715,48.869263],[2.356883,48.869363],[2.357859,48.87056],[2.358234,48.870449],[2.357786,48.870588],[2.35811,48.871055],[2.358688,48.870887],[2.358442,48.870448]]],[[[2.359138,48.868734],[2.356223,48.869029],[2.357449,48.869209],[2.359138,48.868734]]],[[[2.359825,48.871425],[2.360173,48.871403],[2.359487,48.870628],[2.358309,48.871242],[2.359825,48.871425]]],[[[2.358073,48.871214],[2.356794,48.869372],[2.355921,48.869252],[2.356712,48.869632],[2.357537,48.870884],[2.357082,48.871124],[2.358073,48.871214]]],[[[2.360189,48.87043],[2.359614,48.870558],[2.360299,48.871287],[2.360656,48.870887],[2.360189,48.87043]]],[[[2.361162,48.870323],[2.362155,48.869215],[2.360836,48.869876],[2.361162,48.870323]]],[[[2.360723,48.869965],[2.360135,48.870254],[2.360716,48.87082],[2.361058,48.870443],[2.360723,48.869965]]],[[[2.36248,48.868317],[2.362228,48.868134],[2.361998,48.868168],[2.361914,48.86818],[2.361602,48.868226],[2.361352,48.868263],[2.361358,48.868307],[2.362462,48.868341],[2.36248,48.868317]]]],"type":"MultiPolygon"},"properties":{"id_projet":"MATERNELLES (année scolaire 2022/2023)","libelle":"LANCRY (15) POLY","annee_scol":"2022-2023","zone_commune":0,"etiquette":"Secteur de l'école 15 RUE DE LANCRY","lib_etab_1":"LANCRY (15) POLY","lib_etab_2":null,"lib_etab_3":null,"lib_etab_4":null,"adr_etab_1":"15 RUE DE LANCRY","adr_etab_2":null,"adr_etab_3":null,"adr_etab_4":null,"type_etabl":"Maternelle","geo_point_2d":{"lon":2.3594485677671004,"lat":48.86971490547993},"st_area_shape":83725.02091153408,"st_perimeter_shape":4857.966969027383}},{"type":"Feature","geometry":{"coordinates":[[[[2.349743,48.875449],[2.350844,48.875288],[2.350467,48.873885],[2.348004,48.874088],[2.348303,48.875735],[2.349743,48.875449]]],[[[2.350873,48.87136],[2.352147,48.871119],[2.350857,48.870288],[2.350681,48.870948],[2.350476,48.87041],[2.349784,48.870679],[2.349953,48.87155],[2.350873,48.87136]]],[[[2.349624,48.870859],[2.347978,48.870848],[2.347986,48.871939],[2.349804,48.871593],[2.349624,48.870859]]],[[[2.351853,48.871544],[2.352325,48.871464],[2.35223,48.871215],[2.349984,48.871662],[2.350129,48.872074],[2.351853,48.871544]]],[[[2.353955,48.872295],[2.353939,48.872268],[2.353889,48.872281],[2.353905,48.872307],[2.353955,48.872295]]],[[[2.349857,48.871677],[2.34801,48.872027],[2.347989,48.872388],[2.349945,48.872103],[2.349857,48.871677]]],[[[2.35341,48.873075],[2.354233,48.872792],[2.353933,48.872667],[2.352191,48.872957],[2.353894,48.872343],[2.352098,48.872904],[2.351501,48.872347],[2.351916,48.872802],[2.353773,48.872194],[2.352445,48.872583],[2.352305,48.872327],[2.351874,48.872439],[2.351945,48.871948],[2.350128,48.872178],[2.350564,48.873759],[2.35341,48.873075]]],[[[2.350395,48.873633],[2.350304,48.87334],[2.348164,48.873463],[2.350297,48.873275],[2.349969,48.872187],[2.347989,48.8725],[2.348042,48.873967],[2.350395,48.873633]]],[[[2.356295,48.873893],[2.356561,48.873813],[2.356306,48.873366],[2.355748,48.873498],[2.355483,48.872922],[2.354583,48.872864],[2.355328,48.874097],[2.356295,48.873893]]],[[[2.354283,48.872936],[2.35274,48.873413],[2.353478,48.874669],[2.354147,48.874333],[2.353789,48.873189],[2.354283,48.872936]]],[[[2.351234,48.875194],[2.353378,48.874744],[2.352609,48.87346],[2.35059,48.873852],[2.350962,48.875228],[2.351234,48.875194]]]],"type":"MultiPolygon"},"properties":{"id_projet":"MATERNELLES (année scolaire 2024/2025)","libelle":"MARTEL (9) MAT","annee_scol":"2024-2025","zone_commune":0,"etiquette":"Secteur de l'école 9 RUE MARTEL","lib_etab_1":"MARTEL (9) MAT","lib_etab_2":null,"lib_etab_3":null,"lib_etab_4":null,"adr_etab_1":"9 RUE MARTEL","adr_etab_2":null,"adr_etab_3":null,"adr_etab_4":null,"type_etabl":"Maternelle","geo_point_2d":{"lon":2.3508078235332213,"lat":48.87319565940031},"st_area_shape":178351.04324032846,"st_perimeter_shape":7083.59998450005}},{"type":"Feature","geometry":{"coordinates":[[[[2.356803,48.871354],[2.356007,48.870015],[2.355641,48.870091],[2.355985,48.869977],[2.355583,48.86933],[2.354578,48.869443],[2.355388,48.870949],[2.356304,48.870793],[2.355426,48.871016],[2.356048,48.872126],[2.357016,48.871762],[2.356803,48.871354]]],[[[2.358234,48.870449],[2.358232,48.870446],[2.357859,48.87056],[2.357783,48.870584],[2.357786,48.870588],[2.357862,48.870564],[2.357957,48.870535],[2.358234,48.870449]]],[[[2.353647,48.870815],[2.354714,48.870527],[2.354098,48.869517],[2.352874,48.869934],[2.353352,48.870846],[2.353647,48.870815]],[[2.353398,48.870166],[2.353824,48.870054],[2.353684,48.869693],[2.353933,48.870109],[2.353398,48.870166]]],[[[2.352856,48.870334],[2.352663,48.86998],[2.351217,48.870175],[2.352339,48.871104],[2.353172,48.870941],[2.352856,48.870334]]],[[[2.357878,48.871184],[2.357082,48.871124],[2.357537,48.870884],[2.357159,48.870306],[2.356712,48.869632],[2.355861,48.869262],[2.357282,48.871619],[2.357878,48.871184]]],[[[2.358904,48.871562],[2.359886,48.87175],[2.360172,48.871425],[2.358309,48.871242],[2.357949,48.871461],[2.358372,48.871804],[2.358904,48.871562]]],[[[2.352567,48.871671],[2.353502,48.871548],[2.35321,48.871026],[2.351007,48.871707],[2.351101,48.871922],[2.352567,48.871671]]],[[[2.357556,48.872106],[2.358207,48.871811],[2.357819,48.871506],[2.357354,48.871757],[2.357556,48.872106]]],[[[2.35875,48.872239],[2.359844,48.871797],[2.358955,48.871594],[2.357587,48.872188],[2.357777,48.872545],[2.35875,48.872239]]],[[[2.352964,48.872432],[2.353939,48.872268],[2.353552,48.87163],[2.351083,48.872014],[2.351945,48.871948],[2.351874,48.872439],[2.352305,48.872327],[2.352445,48.872583],[2.352964,48.872432]]],[[[2.3547,48.872691],[2.355718,48.872283],[2.355044,48.871113],[2.354177,48.871336],[2.355007,48.871047],[2.354828,48.87073],[2.353495,48.871018],[2.354431,48.872683],[2.3547,48.872691]],[[2.353889,48.871332],[2.354066,48.871287],[2.354074,48.871303],[2.354101,48.871357],[2.353973,48.871391],[2.353829,48.871429],[2.353788,48.871359],[2.353889,48.871332]]],[[[2.35296,48.872816],[2.35425,48.872786],[2.353955,48.872295],[2.352191,48.872957],[2.35296,48.872816]]],[[[2.357377,48.872327],[2.357071,48.871866],[2.356124,48.872264],[2.356702,48.873297],[2.35773,48.872966],[2.357377,48.872327]]],[[[2.356294,48.873346],[2.355775,48.872409],[2.354629,48.872845],[2.355483,48.872922],[2.355748,48.873498],[2.356294,48.873346]]]],"type":"MultiPolygon"},"properties":{"id_projet":"MATERNELLES (année scolaire 2025/2026)","libelle":"PIERRE BULLET (4) MAT","annee_scol":"2025-2026","zone_commune":0,"etiquette":"Secteur de l'école 4 RUE PIERRE BULLET","lib_etab_1":"PIERRE BULLET (4) MAT","lib_etab_2":null,"lib_etab_3":null,"lib_etab_4":null,"adr_etab_1":"4 RUE PIERRE BULLET","adr_etab_2":null,"adr_etab_3":null,"adr_etab_4":null,"type_etabl":"Maternelle","geo_point_2d":{"lon":2.3551660625527386,"lat":48.87133655725473},"st_area_shape":129944.42775977465,"st_perimeter_shape":7129.1268603321605}},{"type":"Feature","geometry":{"coordinates":[[[[2.359193,48.869876],[2.358913,48.869096],[2.359573,48.870379],[2.360611,48.869848],[2.359808,48.868664],[2.358171,48.86917],[2.358434,48.869631],[2.35813,48.86918],[2.357751,48.869258],[2.358782,48.870806],[2.359446,48.870477],[2.359193,48.869876]]],[[[2.36248,48.868317],[2.362228,48.868134],[2.361998,48.868168],[2.361914,48.86818],[2.361602,48.868226],[2.361352,48.868263],[2.361358,48.868307],[2.362462,48.868341],[2.36248,48.868317]]],[[[2.360723,48.869965],[2.360135,48.870254],[2.360716,48.87082],[2.361058,48.870443],[2.360723,48.869965]]],[[[2.361162,48.870323],[2.362155,48.869215],[2.360836,48.869876],[2.361162,48.870323]]],[[[2.360189,48.87043],[2.359614,48.870558],[2.360299,48.871287],[2.360656,48.870887],[2.360189,48.87043]]],[[[2.358073,48.871214],[2.356794,48.869372],[2.355921,48.869252],[2.356712,48.869632],[2.357537,48.870884],[2.357082,48.871124],[2.358073,48.871214]]],[[[2.359825,48.871425],[2.360173,48.871403],[2.359487,48.870628],[2.358309,48.871242],[2.359825,48.871425]]],[[[2.359138,48.868734],[2.356223,48.869029],[2.357449,48.869209],[2.359138,48.868734]]],[[[2.358442,48.870448],[2.357715,48.869263],[2.356883,48.869363],[2.357859,48.87056],[2.358234,48.870449],[2.357786,48.870588],[2.35811,48.871055],[2.358688,48.870887],[2.358442,48.870448]]],[[[2.36192,48.869143],[2.362671,48.868456],[2.359929,48.868629],[2.360725,48.869759],[2.36192,48.869143]]]],"type":"MultiPolygon"},"properties":{"id_projet":"MATERNELLES (année scolaire 2026/2027)","libelle":"LANCRY (15) POLY","annee_scol":"2026-2027","zone_commune":0,"etiquette":"Secteur de l'école 15 LANCRY (15) POLY","lib_etab_1":"LANCRY (15) POLY","lib_etab_2":null,"lib_etab_3":null,"lib_etab_4":null,"adr_etab_1":"15 LANCRY (15) POLY","adr_etab_2":null,"adr_etab_3":null,"adr_etab_4":null,"type_etabl":"Maternelle","geo_point_2d":{"lon":2.359448567767102,"lat":48.869714905480016},"st_area_shape":83725.0209115341,"st_perimeter_shape":4857.966969027383}},{"type":"Feature","geometry":{"coordinates":[[[[2.357292,48.884292],[2.358943,48.883847],[2.358008,48.881778],[2.357592,48.881364],[2.356832,48.881526],[2.356762,48.881017],[2.356399,48.881088],[2.356167,48.880567],[2.356993,48.88056],[2.356699,48.879919],[2.357114,48.879636],[2.352688,48.880548],[2.354441,48.881799],[2.35563,48.883918],[2.357292,48.884292]]],[[[2.350894,48.87943],[2.351054,48.879411],[2.351054,48.879412],[2.351067,48.87941],[2.351067,48.879409],[2.351312,48.87938],[2.351312,48.879381],[2.351325,48.87938],[2.351325,48.879379],[2.351485,48.879359],[2.351485,48.879361],[2.351497,48.879359],[2.351497,48.879358],[2.351503,48.879352],[2.351505,48.879351],[2.351503,48.879343],[2.351501,48.879343],[2.351485,48.879284],[2.350857,48.879374],[2.35087,48.879419],[2.350867,48.87942],[2.350869,48.879428],[2.350872,48.879428],[2.35088,48.879431],[2.350881,48.879433],[2.350894,48.879432],[2.350894,48.87943]]],[[[2.351794,48.880777],[2.351259,48.880844],[2.351343,48.881147],[2.351794,48.880777]]],[[[2.350758,48.879621],[2.349874,48.879707],[2.350822,48.879989],[2.350758,48.879621]]],[[[2.353295,48.879681],[2.352741,48.880249],[2.353523,48.880116],[2.353295,48.879681]]],[[[2.351337,48.8803],[2.351097,48.880255],[2.351237,48.880732],[2.351962,48.880507],[2.351337,48.8803]]],[[[2.352308,48.879177],[2.352021,48.87851],[2.351782,48.879352],[2.352308,48.879177]]],[[[2.353103,48.879319],[2.35217,48.879564],[2.35232,48.880108],[2.353103,48.879319]]],[[[2.353996,48.878933],[2.353461,48.879449],[2.353774,48.880031],[2.3544,48.879685],[2.353996,48.878933]]],[[[2.352541,48.879233],[2.353255,48.879149],[2.35371,48.878643],[2.35345,48.878464],[2.353259,48.878776],[2.352284,48.878158],[2.352541,48.879233]]],[[[2.352738,48.880838],[2.352498,48.880762],[2.352777,48.881775],[2.354012,48.881679],[2.352738,48.880838]]],[[[2.351704,48.879506],[2.350977,48.879531],[2.351038,48.880039],[2.352104,48.88035],[2.352009,48.879584],[2.351704,48.879506]]],[[[2.352338,48.880783],[2.351284,48.882004],[2.352617,48.881794],[2.352338,48.880783]]],[[[2.349947,48.879887],[2.349672,48.87985],[2.349921,48.880982],[2.351072,48.88077],[2.350888,48.880166],[2.349947,48.879887]]],[[[2.351026,48.882233],[2.34983,48.88357],[2.351136,48.883641],[2.351026,48.882233]]],[[[2.351207,48.881261],[2.351102,48.880876],[2.349906,48.881137],[2.349713,48.883012],[2.351207,48.881261]]],[[[2.355383,48.883942],[2.354245,48.881863],[2.351243,48.882223],[2.351386,48.883681],[2.355383,48.883942]]]],"type":"MultiPolygon"},"properties":{"id_projet":"MATERNELLES (année scolaire 2026/2027)","libelle":"BELZUNCE (3) POLY","annee_scol":"2026-2027","zone_commune":0,"etiquette":"Secteur de l'école 3 BELZUNCE (3) POLY","lib_etab_1":"BELZUNCE (3) POLY","lib_etab_2":null,"lib_etab_3":null,"lib_etab_4":null,"adr_etab_1":"3 BELZUNCE (3) POLY","adr_etab_2":null,"adr_etab_3":null,"adr_etab_4":null,"type_etabl":"Maternelle","geo_point_2d":{"lon":2.3541529187436563,"lat":48.881893567219485},"st_area_shape":239398.82787923692,"st_perimeter_shape":7228.569561460211}},{"type":"Feature","geometry":{"coordinates":[[[[2.359214,48.879034],[2.360088,48.878866],[2.360274,48.879465],[2.361533,48.879475],[2.3614,48.878864],[2.361871,48.878744],[2.362245,48.879279],[2.360366,48.876112],[2.357676,48.876582],[2.358265,48.877571],[2.358813,48.879664],[2.35935,48.879522],[2.359214,48.879034]]],[[[2.358445,48.873358],[2.358424,48.873336],[2.358247,48.873345],[2.358225,48.873368],[2.358289,48.873485],[2.358331,48.873487],[2.358445,48.873358]]],[[[2.363222,48.876951],[2.362891,48.876842],[2.362857,48.876843],[2.362896,48.876893],[2.363184,48.876985],[2.363286,48.877063],[2.363338,48.877048],[2.363317,48.877031],[2.363222,48.876951]]],[[[2.363562,48.877038],[2.363466,48.876943],[2.363461,48.876945],[2.36334,48.87686],[2.363327,48.876858],[2.363154,48.876745],[2.363099,48.876767],[2.363092,48.876769],[2.363086,48.876772],[2.36308,48.876776],[2.363076,48.87678],[2.363072,48.876784],[2.363069,48.876789],[2.363068,48.876793],[2.363067,48.876798],[2.363067,48.876802],[2.363067,48.876803],[2.363068,48.876806],[2.363069,48.876808],[2.363071,48.876813],[2.363075,48.876817],[2.363079,48.876821],[2.363084,48.876825],[2.36309,48.876828],[2.363097,48.876831],[2.363104,48.876833],[2.363314,48.876904],[2.363332,48.876911],[2.363345,48.876918],[2.363358,48.876925],[2.363372,48.876934],[2.363401,48.876966],[2.363491,48.877064],[2.363562,48.877038]]],[[[2.358612,48.879349],[2.35836,48.879477],[2.358667,48.879619],[2.358612,48.879349]]],[[[2.357308,48.875292],[2.3572,48.87528],[2.357125,48.875364],[2.357075,48.875419],[2.35703,48.875466],[2.357055,48.875488],[2.357207,48.875477],[2.357337,48.875465],[2.357364,48.875441],[2.357308,48.875292]]],[[[2.362553,48.87673],[2.361004,48.876295],[2.36232,48.8769],[2.362553,48.87673]]],[[[2.358601,48.875421],[2.359029,48.875347],[2.358868,48.875022],[2.357849,48.875212],[2.358601,48.875421]]],[[[2.359098,48.875483],[2.358131,48.875556],[2.358568,48.875992],[2.359259,48.875881],[2.359098,48.875483]]],[[[2.358493,48.878768],[2.358357,48.878427],[2.356888,48.878516],[2.358047,48.878633],[2.358582,48.879201],[2.358493,48.878768]]],[[[2.357893,48.874989],[2.358789,48.874848],[2.358335,48.874065],[2.357803,48.874619],[2.357893,48.874989]]],[[[2.357453,48.875709],[2.356922,48.87559],[2.356283,48.876303],[2.357606,48.87615],[2.357453,48.875709]]],[[[2.358165,48.87326],[2.358553,48.873239],[2.359565,48.872107],[2.357825,48.87263],[2.35798,48.872917],[2.358702,48.872794],[2.358,48.872953],[2.358165,48.87326]]],[[[2.357775,48.873045],[2.356702,48.873297],[2.357324,48.874408],[2.358143,48.873697],[2.357775,48.873045]]],[[[2.360285,48.874829],[2.360708,48.874659],[2.360407,48.874063],[2.358758,48.874298],[2.359296,48.875025],[2.360285,48.874829]]],[[[2.360427,48.871722],[2.359094,48.873212],[2.361349,48.8731],[2.360427,48.871722]]],[[[2.358283,48.878131],[2.357471,48.876493],[2.356304,48.876601],[2.35675,48.8784],[2.358283,48.878131]]],[[[2.360832,48.874642],[2.36247,48.874222],[2.361416,48.873211],[2.358966,48.873307],[2.358488,48.873844],[2.358722,48.874243],[2.360487,48.873911],[2.360832,48.874642]]],[[[2.363248,48.876328],[2.364055,48.876253],[2.363541,48.87606],[2.363801,48.87596],[2.362597,48.874342],[2.35971,48.875146],[2.361072,48.875939],[2.362765,48.876243],[2.362464,48.876399],[2.363109,48.87661],[2.363398,48.876501],[2.363248,48.876328]],[[2.362813,48.875881],[2.36322,48.875687],[2.363223,48.87569],[2.362817,48.875885],[2.362813,48.875881]]]],"type":"MultiPolygon"},"properties":{"id_projet":"MATERNELLES (année scolaire 2026/2027)","libelle":"RECOLLETS (23) MAT","annee_scol":"2026-2027","zone_commune":0,"etiquette":"Secteur de l'école 23 RECOLLETS (23) MAT","lib_etab_1":"RECOLLETS (23) MAT","lib_etab_2":null,"lib_etab_3":null,"lib_etab_4":null,"adr_etab_1":"23 RECOLLETS (23) MAT","adr_etab_2":null,"adr_etab_3":null,"adr_etab_4":null,"type_etabl":"Maternelle","geo_point_2d":{"lon":2.359778354784462,"lat":48.875929619583985},"st_area_shape":232215.34615959908,"st_perimeter_shape":7985.432641722319}},{"type":"Feature","geometry":{"coordinates":[[[[2.349743,48.875449],[2.350844,48.875288],[2.350467,48.873885],[2.348004,48.874088],[2.348303,48.875735],[2.349743,48.875449]]],[[[2.353955,48.872295],[2.353939,48.872268],[2.353889,48.872281],[2.353905,48.872307],[2.353955,48.872295]]],[[[2.349857,48.871677],[2.34801,48.872027],[2.347989,48.872388],[2.349945,48.872103],[2.349857,48.871677]]],[[[2.351853,48.871544],[2.352325,48.871464],[2.35223,48.871215],[2.349984,48.871662],[2.350129,48.872074],[2.351853,48.871544]]],[[[2.356295,48.873893],[2.356561,48.873813],[2.356306,48.873366],[2.355748,48.873498],[2.355483,48.872922],[2.354583,48.872864],[2.355328,48.874097],[2.356295,48.873893]]],[[[2.354283,48.872936],[2.35274,48.873413],[2.353478,48.874669],[2.354147,48.874333],[2.353789,48.873189],[2.354283,48.872936]]],[[[2.350873,48.87136],[2.352147,48.871119],[2.350857,48.870288],[2.350681,48.870948],[2.350476,48.87041],[2.349784,48.870679],[2.349953,48.87155],[2.350873,48.87136]]],[[[2.349624,48.870859],[2.347978,48.870848],[2.347986,48.871939],[2.349804,48.871593],[2.349624,48.870859]]],[[[2.351234,48.875194],[2.353378,48.874744],[2.352609,48.87346],[2.35059,48.873852],[2.350962,48.875228],[2.351234,48.875194]]],[[[2.350395,48.873633],[2.350304,48.87334],[2.348164,48.873463],[2.350297,48.873275],[2.349969,48.872187],[2.347989,48.8725],[2.348042,48.873967],[2.350395,48.873633]]],[[[2.35341,48.873075],[2.354233,48.872792],[2.353933,48.872667],[2.352191,48.872957],[2.353894,48.872343],[2.352098,48.872904],[2.351501,48.872347],[2.351916,48.872802],[2.353773,48.872194],[2.352445,48.872583],[2.352305,48.872327],[2.351874,48.872439],[2.351945,48.871948],[2.350128,48.872178],[2.350564,48.873759],[2.35341,48.873075]]]],"type":"MultiPolygon"},"properties":{"id_projet":"MATERNELLES (année scolaire 2026/2027)","libelle":"MARTEL (9) MAT","annee_scol":"2026-2027","zone_commune":0,"etiquette":"Secteur de l'école 9 MARTEL (9) MAT","lib_etab_1":"MARTEL (9) MAT","lib_etab_2":null,"lib_etab_3":null,"lib_etab_4":null,"adr_etab_1":"9 MARTEL (9) MAT","adr_etab_2":null,"adr_etab_3":null,"adr_etab_4":null,"type_etabl":"Maternelle","geo_point_2d":{"lon":2.350807823533221,"lat":48.87319565940033},"st_area_shape":178351.04324032846,"st_perimeter_shape":7083.5999845000515}},{"type":"Feature","geometry":{"coordinates":[[[[2.353831,48.876471],[2.353959,48.876695],[2.355392,48.876497],[2.3553,48.876184],[2.35363,48.87634],[2.355973,48.876015],[2.354789,48.875839],[2.355796,48.875653],[2.355768,48.875421],[2.354352,48.875246],[2.354767,48.875059],[2.354962,48.875367],[2.355697,48.875334],[2.35533,48.874447],[2.351005,48.87538],[2.351291,48.876379],[2.352584,48.876219],[2.352121,48.876413],[2.352211,48.876934],[2.353912,48.876701],[2.353831,48.876471]]],[[[2.358591,48.87934],[2.358024,48.879475],[2.358635,48.879635],[2.35836,48.879477],[2.358591,48.87934]]],[[[2.35586,48.87614],[2.35539,48.876174],[2.355447,48.87649],[2.35586,48.87614]]],[[[2.351782,48.879352],[2.351998,48.878501],[2.351534,48.878745],[2.351782,48.879352]]],[[[2.356103,48.87916],[2.356038,48.879601],[2.356903,48.879461],[2.356103,48.87916]]],[[[2.352505,48.878216],[2.352295,48.878161],[2.352517,48.878482],[2.353259,48.878776],[2.35345,48.878464],[2.352505,48.878216]]],[[[2.355377,48.878007],[2.355212,48.877499],[2.354547,48.87824],[2.355377,48.878007]]],[[[2.351962,48.876435],[2.351332,48.876521],[2.351474,48.877034],[2.352117,48.876928],[2.351962,48.876435]]],[[[2.351386,48.877318],[2.350162,48.877414],[2.351185,48.877682],[2.351386,48.877318]]],[[[2.355521,48.878483],[2.355454,48.878274],[2.354398,48.878508],[2.355597,48.878839],[2.355521,48.878483]]],[[[2.356869,48.874556],[2.356576,48.873894],[2.355385,48.874185],[2.356869,48.874556]]],[[[2.350857,48.879374],[2.351485,48.879284],[2.351218,48.87831],[2.350643,48.878603],[2.350857,48.879374]]],[[[2.350497,48.878678],[2.349472,48.879265],[2.349556,48.879543],[2.350711,48.879453],[2.350497,48.878678]]],[[[2.356705,48.878819],[2.356374,48.878136],[2.355711,48.878255],[2.355936,48.878929],[2.356838,48.879165],[2.356705,48.878819]]],[[[2.356057,48.876691],[2.35546,48.877221],[2.355711,48.878125],[2.356317,48.877995],[2.356057,48.876691]]],[[[2.354567,48.878757],[2.354382,48.878843],[2.354792,48.879606],[2.355768,48.879626],[2.355625,48.879035],[2.354567,48.878757]]],[[[2.358197,48.878804],[2.356823,48.878541],[2.357181,48.879255],[2.357726,48.879397],[2.358583,48.879203],[2.358197,48.878804]]],[[[2.356676,48.874631],[2.35557,48.874472],[2.356309,48.87564],[2.357126,48.874831],[2.356676,48.874631]]],[[[2.353707,48.874657],[2.355257,48.874335],[2.354306,48.872874],[2.353789,48.873189],[2.354154,48.874241],[2.353592,48.874472],[2.353487,48.874684],[2.353707,48.874657]]],[[[2.354834,48.877388],[2.352104,48.877723],[2.353661,48.878336],[2.354834,48.877388]]],[[[2.348652,48.876478],[2.350983,48.876065],[2.350877,48.875412],[2.348331,48.875821],[2.348652,48.876478]]],[[[2.352002,48.877595],[2.354988,48.877219],[2.35544,48.876714],[2.35153,48.877136],[2.351608,48.877522],[2.352002,48.877595]]],[[[2.351273,48.876906],[2.350934,48.876166],[2.3487,48.876561],[2.349018,48.877099],[2.34966,48.877284],[2.351273,48.876906]]],[[[2.349467,48.87742],[2.349193,48.877457],[2.3494,48.879131],[2.351158,48.878101],[2.351087,48.877844],[2.349467,48.87742]]]],"type":"MultiPolygon"},"properties":{"id_projet":"MATERNELLES (année scolaire 2026/2027)","libelle":"LEON SCHWARTZENBERG (11) MAT","annee_scol":"2026-2027","zone_commune":0,"etiquette":"Secteur de l'école 11 LEON SCHWARTZENBERG (11) MAT","lib_etab_1":"LEON SCHWARTZENBERG (11) MAT","lib_etab_2":null,"lib_etab_3":null,"lib_etab_4":null,"adr_etab_1":"11 LEON SCHWARTZENBERG (11) MAT","adr_etab_2":null,"adr_etab_3":null,"adr_etab_4":null,"type_etabl":"Maternelle","geo_point_2d":{"lon":2.3531385012233637,"lat":48.876790382959086},"st_area_shape":213858.25289981556,"st_perimeter_shape":9987.042214421464}},{"type":"Feature","geometry":{"coordinates":[[[[2.359214,48.879034],[2.360088,48.878866],[2.360274,48.879465],[2.361533,48.879475],[2.3614,48.878864],[2.361871,48.878744],[2.362245,48.879279],[2.360366,48.876112],[2.357676,48.876582],[2.358265,48.877571],[2.358813,48.879664],[2.35935,48.879522],[2.359214,48.879034]]],[[[2.360427,48.871722],[2.359094,48.873212],[2.361349,48.8731],[2.360427,48.871722]]],[[[2.358165,48.87326],[2.358553,48.873239],[2.359565,48.872107],[2.357825,48.87263],[2.35798,48.872917],[2.358702,48.872794],[2.358,48.872953],[2.358165,48.87326]]],[[[2.358445,48.873358],[2.358424,48.873336],[2.358247,48.873345],[2.358225,48.873368],[2.358289,48.873485],[2.358331,48.873487],[2.358445,48.873358]]],[[[2.357775,48.873045],[2.356702,48.873297],[2.357324,48.874408],[2.358143,48.873697],[2.357775,48.873045]]],[[[2.360832,48.874642],[2.36247,48.874222],[2.361416,48.873211],[2.358966,48.873307],[2.358488,48.873844],[2.358722,48.874243],[2.360487,48.873911],[2.360832,48.874642]]],[[[2.357893,48.874989],[2.358789,48.874848],[2.358335,48.874065],[2.357803,48.874619],[2.357893,48.874989]]],[[[2.360285,48.874829],[2.360708,48.874659],[2.360407,48.874063],[2.358758,48.874298],[2.359296,48.875025],[2.360285,48.874829]]],[[[2.358601,48.875421],[2.359029,48.875347],[2.358868,48.875022],[2.357849,48.875212],[2.358601,48.875421]]],[[[2.357308,48.875292],[2.3572,48.87528],[2.357125,48.875364],[2.357075,48.875419],[2.35703,48.875466],[2.357055,48.875488],[2.357207,48.875477],[2.357337,48.875465],[2.357364,48.875441],[2.357308,48.875292]]],[[[2.359098,48.875483],[2.358131,48.875556],[2.358568,48.875992],[2.359259,48.875881],[2.359098,48.875483]]],[[[2.357453,48.875709],[2.356922,48.87559],[2.356283,48.876303],[2.357606,48.87615],[2.357453,48.875709]]],[[[2.363248,48.876328],[2.364055,48.876253],[2.363541,48.87606],[2.363801,48.87596],[2.362597,48.874342],[2.35971,48.875146],[2.361072,48.875939],[2.362765,48.876243],[2.362464,48.876399],[2.363109,48.87661],[2.363398,48.876501],[2.363248,48.876328]],[[2.362813,48.875881],[2.36322,48.875687],[2.363223,48.87569],[2.362817,48.875885],[2.362813,48.875881]]],[[[2.362553,48.87673],[2.361004,48.876295],[2.36232,48.8769],[2.362553,48.87673]]],[[[2.363222,48.876951],[2.362891,48.876842],[2.362857,48.876843],[2.362896,48.876893],[2.363184,48.876985],[2.363286,48.877063],[2.363338,48.877048],[2.363317,48.877031],[2.363222,48.876951]]],[[[2.363562,48.877038],[2.363466,48.876943],[2.363461,48.876945],[2.36334,48.87686],[2.363327,48.876858],[2.363154,48.876745],[2.363099,48.876767],[2.363092,48.876769],[2.363086,48.876772],[2.36308,48.876776],[2.363076,48.87678],[2.363072,48.876784],[2.363069,48.876789],[2.363068,48.876793],[2.363067,48.876798],[2.363067,48.876802],[2.363067,48.876803],[2.363068,48.876806],[2.363069,48.876808],[2.363071,48.876813],[2.363075,48.876817],[2.363079,48.876821],[2.363084,48.876825],[2.36309,48.876828],[2.363097,48.876831],[2.363104,48.876833],[2.363314,48.876904],[2.363332,48.876911],[2.363345,48.876918],[2.363358,48.876925],[2.363372,48.876934],[2.363401,48.876966],[2.363491,48.877064],[2.363562,48.877038]]],[[[2.358283,48.878131],[2.357471,48.876493],[2.356304,48.876601],[2.35675,48.8784],[2.358283,48.878131]]],[[[2.358493,48.878768],[2.358357,48.878427],[2.356888,48.878516],[2.358047,48.878633],[2.358582,48.879201],[2.358493,48.878768]]],[[[2.358612,48.879349],[2.35836,48.879477],[2.358667,48.879619],[2.358612,48.879349]]]],"type":"MultiPolygon"},"properties":{"id_projet":"MATERNELLES (année scolaire 2024/2025)","libelle":"RECOLLETS (23) MAT","annee_scol":"2024-2025","zone_commune":0,"etiquette":"Secteur de l'école 23 PASSAGE DES RECOLLETS","lib_etab_1":"RECOLLETS (23) MAT","lib_etab_2":null,"lib_etab_3":null,"lib_etab_4":null,"adr_etab_1":"23 PASSAGE DES RECOLLETS","adr_etab_2":null,"adr_etab_3":null,"adr_etab_4":null,"type_etabl":"Maternelle","geo_point_2d":{"lon":2.3597783547844644,"lat":48.87592961958401},"st_area_shape":232215.34615959917,"st_perimeter_shape":7985.432641722318}},{"type":"Feature","geometry":{"coordinates":[[[[2.349743,48.875449],[2.350844,48.875288],[2.350467,48.873885],[2.348004,48.874088],[2.348303,48.875735],[2.349743,48.875449]]],[[[2.350873,48.87136],[2.352147,48.871119],[2.350857,48.870288],[2.350681,48.870948],[2.350476,48.87041],[2.349784,48.870679],[2.349953,48.87155],[2.350873,48.87136]]],[[[2.349624,48.870859],[2.347978,48.870848],[2.347986,48.871939],[2.349804,48.871593],[2.349624,48.870859]]],[[[2.351853,48.871544],[2.352325,48.871464],[2.35223,48.871215],[2.349984,48.871662],[2.350129,48.872074],[2.351853,48.871544]]],[[[2.353955,48.872295],[2.353939,48.872268],[2.353889,48.872281],[2.353905,48.872307],[2.353955,48.872295]]],[[[2.349857,48.871677],[2.34801,48.872027],[2.347989,48.872388],[2.349945,48.872103],[2.349857,48.871677]]],[[[2.35341,48.873075],[2.354233,48.872792],[2.353933,48.872667],[2.352191,48.872957],[2.353894,48.872343],[2.352098,48.872904],[2.351501,48.872347],[2.351916,48.872802],[2.353773,48.872194],[2.352445,48.872583],[2.352305,48.872327],[2.351874,48.872439],[2.351945,48.871948],[2.350128,48.872178],[2.350564,48.873759],[2.35341,48.873075]]],[[[2.350395,48.873633],[2.350304,48.87334],[2.348164,48.873463],[2.350297,48.873275],[2.349969,48.872187],[2.347989,48.8725],[2.348042,48.873967],[2.350395,48.873633]]],[[[2.356295,48.873893],[2.356561,48.873813],[2.356306,48.873366],[2.355748,48.873498],[2.355483,48.872922],[2.354583,48.872864],[2.355328,48.874097],[2.356295,48.873893]]],[[[2.354283,48.872936],[2.35274,48.873413],[2.353478,48.874669],[2.354147,48.874333],[2.353789,48.873189],[2.354283,48.872936]]],[[[2.351234,48.875194],[2.353378,48.874744],[2.352609,48.87346],[2.35059,48.873852],[2.350962,48.875228],[2.351234,48.875194]]]],"type":"MultiPolygon"},"properties":{"id_projet":"MATERNELLES (année scolaire 2023/2024)","libelle":"MARTEL (9) MAT","annee_scol":"2023-2024","zone_commune":0,"etiquette":"Secteur de l'école 9 RUE MARTEL","lib_etab_1":"MARTEL (9) MAT","lib_etab_2":null,"lib_etab_3":null,"lib_etab_4":null,"adr_etab_1":"9 RUE MARTEL","adr_etab_2":null,"adr_etab_3":null,"adr_etab_4":null,"type_etabl":"Maternelle","geo_point_2d":{"lon":2.3508078235332213,"lat":48.87319565940031},"st_area_shape":178351.04324032846,"st_perimeter_shape":7083.59998450005}},{"type":"Feature","geometry":{"coordinates":[[[[2.359193,48.869876],[2.358913,48.869096],[2.359573,48.870379],[2.360611,48.869848],[2.359808,48.868664],[2.358171,48.86917],[2.358434,48.869631],[2.35813,48.86918],[2.357751,48.869258],[2.358782,48.870806],[2.359446,48.870477],[2.359193,48.869876]]],[[[2.36192,48.869143],[2.362671,48.868456],[2.359929,48.868629],[2.360725,48.869759],[2.36192,48.869143]]],[[[2.359138,48.868734],[2.356223,48.869029],[2.357449,48.869209],[2.359138,48.868734]]],[[[2.360189,48.87043],[2.359614,48.870558],[2.360299,48.871287],[2.360656,48.870887],[2.360189,48.87043]]],[[[2.361162,48.870323],[2.362155,48.869215],[2.360836,48.869876],[2.361162,48.870323]]],[[[2.360723,48.869965],[2.360135,48.870254],[2.360716,48.87082],[2.361058,48.870443],[2.360723,48.869965]]],[[[2.357321,48.869562],[2.357868,48.869523],[2.357715,48.869263],[2.356883,48.869363],[2.357321,48.869562]]],[[[2.35684,48.869438],[2.355921,48.869252],[2.356564,48.869678],[2.35684,48.869438]]],[[[2.36248,48.868317],[2.362228,48.868134],[2.361998,48.868168],[2.361914,48.86818],[2.361602,48.868226],[2.361352,48.868263],[2.361358,48.868307],[2.362462,48.868341],[2.36248,48.868317]]]],"type":"MultiPolygon"},"properties":{"id_projet":"MATERNELLES (année scolaire 2020/2021)","libelle":"LANCRY (15) POLY","annee_scol":"2020-2021","zone_commune":0,"etiquette":"Secteur de l'école 15 RUE DE LANCRY","lib_etab_1":"LANCRY (15) POLY","lib_etab_2":null,"lib_etab_3":null,"lib_etab_4":null,"adr_etab_1":"15 RUE DE LANCRY","adr_etab_2":null,"adr_etab_3":null,"adr_etab_4":null,"type_etabl":null,"geo_point_2d":{"lon":2.359814308169898,"lat":48.86946414196085},"st_area_shape":64544.751717385356,"st_perimeter_shape":3571.3878813904757}},{"type":"Feature","geometry":{"coordinates":[[[[2.349743,48.875449],[2.350844,48.875288],[2.350467,48.873885],[2.348004,48.874088],[2.348303,48.875735],[2.349743,48.875449]]],[[[2.35341,48.873075],[2.354233,48.872792],[2.353933,48.872667],[2.352191,48.872957],[2.353894,48.872343],[2.352098,48.872904],[2.351501,48.872347],[2.351916,48.872802],[2.353773,48.872194],[2.352445,48.872583],[2.352305,48.872327],[2.351874,48.872439],[2.351945,48.871948],[2.351111,48.872082],[2.351233,48.87238],[2.35082,48.872487],[2.350128,48.872178],[2.350564,48.873759],[2.35341,48.873075]]],[[[2.350395,48.873633],[2.350304,48.87334],[2.348164,48.873463],[2.350297,48.873275],[2.349969,48.872187],[2.347989,48.8725],[2.348042,48.873967],[2.350395,48.873633]]],[[[2.351234,48.875194],[2.353378,48.874744],[2.352609,48.87346],[2.35059,48.873852],[2.350962,48.875228],[2.351234,48.875194]]],[[[2.354283,48.872936],[2.35274,48.873413],[2.353478,48.874669],[2.354147,48.874333],[2.353789,48.873189],[2.354283,48.872936]]],[[[2.348342,48.871774],[2.348818,48.871509],[2.34881,48.8711],[2.347975,48.870901],[2.347986,48.871939],[2.348342,48.871774]]],[[[2.349301,48.872203],[2.349945,48.872103],[2.34985,48.871674],[2.349697,48.871973],[2.347988,48.872062],[2.347989,48.872388],[2.349301,48.872203]]],[[[2.349821,48.871555],[2.349624,48.870859],[2.349,48.870898],[2.349821,48.871555]]],[[[2.350111,48.872066],[2.350242,48.871936],[2.350195,48.871943],[2.350187,48.871944],[2.350067,48.871961],[2.350095,48.872059],[2.350111,48.872066]]],[[[2.353955,48.872295],[2.353939,48.872268],[2.353889,48.872281],[2.353905,48.872307],[2.353955,48.872295]]]],"type":"MultiPolygon"},"properties":{"id_projet":"MATERNELLES (année scolaire 2020/2021)","libelle":"MARTEL (9) MAT","annee_scol":"2020-2021","zone_commune":0,"etiquette":"Secteur de l'école 9 RUE MARTEL","lib_etab_1":"MARTEL (9) MAT","lib_etab_2":null,"lib_etab_3":null,"lib_etab_4":null,"adr_etab_1":"9 RUE MARTEL","adr_etab_2":null,"adr_etab_3":null,"adr_etab_4":null,"type_etabl":null,"geo_point_2d":{"lon":2.35057285670933,"lat":48.873617045882725},"st_area_shape":135725.61891955734,"st_perimeter_shape":5720.474324718327}},{"type":"Feature","geometry":{"coordinates":[[[[2.36996,48.88078],[2.369888,48.878594],[2.368191,48.879497],[2.36982,48.881382],[2.36996,48.88078]]],[[[2.368347,48.875913],[2.37018,48.873803],[2.368432,48.874449],[2.367842,48.874008],[2.367272,48.874097],[2.368561,48.875308],[2.368347,48.875913]]],[[[2.368196,48.877773],[2.368476,48.877195],[2.368772,48.877497],[2.368449,48.877815],[2.369785,48.877656],[2.368272,48.876359],[2.367878,48.87663],[2.368412,48.877129],[2.367799,48.877067],[2.367976,48.877911],[2.368196,48.877773]]],[[[2.368554,48.881879],[2.36705,48.880133],[2.36663,48.88053],[2.366859,48.880717],[2.366448,48.880928],[2.366915,48.880902],[2.367667,48.881579],[2.367421,48.88186],[2.367833,48.881658],[2.368891,48.8823],[2.368554,48.881879]]],[[[2.368985,48.876176],[2.368679,48.876213],[2.369761,48.877304],[2.370144,48.877153],[2.370154,48.876215],[2.368985,48.876176]]],[[[2.370161,48.875361],[2.369254,48.875375],[2.368724,48.876027],[2.370105,48.876076],[2.370161,48.875361]]],[[[2.368835,48.878697],[2.369718,48.878408],[2.36958,48.878018],[2.367992,48.877992],[2.369144,48.878435],[2.368835,48.878697]]],[[[2.368852,48.881715],[2.36925,48.882277],[2.369941,48.88219],[2.369541,48.881461],[2.368852,48.881715]]],[[[2.370175,48.874205],[2.369384,48.875247],[2.370164,48.87517],[2.370175,48.874205]]],[[[2.367828,48.879116],[2.368782,48.878926],[2.368041,48.87855],[2.368224,48.878894],[2.367828,48.879116]]],[[[2.368694,48.881773],[2.368852,48.881715],[2.36874,48.881586],[2.367965,48.880685],[2.36791,48.880621],[2.367863,48.880638],[2.367859,48.880634],[2.367849,48.880638],[2.367771,48.880548],[2.367709,48.880572],[2.367783,48.88066],[2.367747,48.880673],[2.368694,48.881773]]],[[[2.367279,48.87716],[2.36793,48.876865],[2.367643,48.876669],[2.367279,48.87716]]],[[[2.370142,48.877318],[2.370107,48.877304],[2.36985,48.877394],[2.369984,48.877528],[2.37014,48.877497],[2.370142,48.877318]]]],"type":"MultiPolygon"},"properties":{"id_projet":"MATERNELLES (année scolaire 2022/2023)","libelle":"BOY  ZELENSKI (5) MAT","annee_scol":"2022-2023","zone_commune":0,"etiquette":"Secteur de l'école 5 RUE BOY ZELENSKI","lib_etab_1":"BOY  ZELENSKI (5) MAT","lib_etab_2":null,"lib_etab_3":null,"lib_etab_4":null,"adr_etab_1":"5 RUE BOY ZELENSKI","adr_etab_2":null,"adr_etab_3":null,"adr_etab_4":null,"type_etabl":"Maternelle","geo_point_2d":{"lon":2.368950111692952,"lat":48.87791377646717},"st_area_shape":96151.89363917918,"st_perimeter_shape":5672.02815375148}},{"type":"Feature","geometry":{"coordinates":[[[[2.363326,48.884397],[2.363208,48.884207],[2.364433,48.88414],[2.363176,48.882342],[2.361811,48.882902],[2.362151,48.883872],[2.361644,48.884198],[2.363326,48.884397]]],[[[2.364765,48.881431],[2.363551,48.882139],[2.365597,48.883099],[2.366726,48.882583],[2.365662,48.881667],[2.364765,48.881431]]],[[[2.366634,48.881927],[2.368485,48.883616],[2.369603,48.882715],[2.366634,48.881927]]],[[[2.366917,48.882702],[2.365835,48.883211],[2.367252,48.883876],[2.368368,48.883853],[2.366917,48.882702]]],[[[2.365617,48.883263],[2.364478,48.883771],[2.36466,48.884136],[2.36707,48.884026],[2.365617,48.883263]]],[[[2.361718,48.881352],[2.361892,48.880695],[2.361666,48.880498],[2.358808,48.87991],[2.361718,48.881352]]],[[[2.36044,48.880829],[2.359346,48.881121],[2.36011,48.881947],[2.361135,48.881698],[2.36044,48.880829]]],[[[2.363671,48.88235],[2.364337,48.88368],[2.365427,48.883201],[2.363671,48.88235]]],[[[2.363847,48.881701],[2.364383,48.881331],[2.362622,48.880912],[2.363326,48.88194],[2.363847,48.881701]]],[[[2.362045,48.880239],[2.362245,48.879279],[2.361871,48.878744],[2.3614,48.878864],[2.361532,48.879502],[2.361986,48.879529],[2.361769,48.880314],[2.362045,48.880239]]],[[[2.360061,48.880653],[2.357684,48.87974],[2.358064,48.88021],[2.35893,48.880292],[2.35919,48.880646],[2.360061,48.880653]]],[[[2.362104,48.880734],[2.361988,48.881405],[2.362905,48.881783],[2.362104,48.880734]]],[[[2.362369,48.88211],[2.362986,48.882128],[2.362194,48.881655],[2.361932,48.882083],[2.362369,48.88211]]]],"type":"MultiPolygon"},"properties":{"id_projet":"MATERNELLES (année scolaire 2022/2023)","libelle":"AQUEDUC (39) MAT","annee_scol":"2022-2023","zone_commune":0,"etiquette":"Secteur de l'école 39 RUE DE L'AQUEDUC","lib_etab_1":"AQUEDUC (39) MAT","lib_etab_2":null,"lib_etab_3":null,"lib_etab_4":null,"adr_etab_1":"39 RUE DE L'AQUEDUC","adr_etab_2":null,"adr_etab_3":null,"adr_etab_4":null,"type_etabl":"Maternelle","geo_point_2d":{"lon":2.364067043056438,"lat":48.88238731531753},"st_area_shape":143392.733332067,"st_perimeter_shape":6445.123320345884}},{"type":"Feature","geometry":{"coordinates":[[[[2.365559,48.868269],[2.364529,48.869121],[2.366151,48.869669],[2.366919,48.868679],[2.365559,48.868269]]],[[[2.364483,48.868935],[2.365247,48.868185],[2.364395,48.867873],[2.363232,48.868575],[2.364483,48.868935]]],[[[2.363553,48.868865],[2.363272,48.868823],[2.363431,48.869184],[2.363748,48.868972],[2.363553,48.868865]]],[[[2.363895,48.869028],[2.363505,48.869352],[2.363692,48.869776],[2.364254,48.869149],[2.363895,48.869028]]],[[[2.366061,48.869788],[2.364413,48.869234],[2.363928,48.869857],[2.365329,48.870654],[2.366061,48.869788]]],[[[2.362753,48.86924],[2.363234,48.869373],[2.362954,48.868854],[2.361418,48.870744],[2.363149,48.86944],[2.362753,48.86924]]],[[[2.363552,48.870051],[2.363291,48.869466],[2.361512,48.870866],[2.362089,48.871414],[2.362726,48.871113],[2.363552,48.870051]]],[[[2.364064,48.870142],[2.363842,48.870116],[2.364596,48.871673],[2.365261,48.870754],[2.364064,48.870142]]],[[[2.363682,48.870267],[2.362853,48.87124],[2.364265,48.871739],[2.363682,48.870267]]],[[[2.3628,48.871394],[2.36218,48.871504],[2.363261,48.872474],[2.364311,48.871941],[2.3628,48.871394]]],[[[2.361385,48.872523],[2.361844,48.872263],[2.361145,48.871256],[2.361927,48.872214],[2.36252,48.871978],[2.361408,48.870924],[2.360492,48.871606],[2.361155,48.87259],[2.361385,48.872523]]],[[[2.364225,48.872153],[2.363359,48.87256],[2.363719,48.872798],[2.364225,48.872153]]],[[[2.363578,48.872862],[2.363383,48.872766],[2.363474,48.873053],[2.363578,48.872862]]],[[[2.362685,48.872122],[2.361212,48.872675],[2.361536,48.87312],[2.363324,48.873103],[2.362685,48.872122]]],[[[2.363429,48.873931],[2.3641,48.873211],[2.363625,48.873137],[2.363002,48.874192],[2.363429,48.873931]]],[[[2.363395,48.873214],[2.361653,48.873248],[2.362648,48.874203],[2.363395,48.873214]]]],"type":"MultiPolygon"},"properties":{"id_projet":"MATERNELLES (année scolaire 2023/2024)","libelle":"LEGOUVE (6) MAT","annee_scol":"2023-2024","zone_commune":0,"etiquette":"Secteur de l'école 6 RUE LEGOUVE","lib_etab_1":"LEGOUVE (6) MAT","lib_etab_2":null,"lib_etab_3":null,"lib_etab_4":null,"adr_etab_1":"6 RUE LEGOUVE","adr_etab_2":null,"adr_etab_3":null,"adr_etab_4":null,"type_etabl":"Maternelle","geo_point_2d":{"lon":2.363497523559982,"lat":48.87081391327538},"st_area_shape":126277.04190400855,"st_perimeter_shape":6343.647804853386}},{"type":"Feature","geometry":{"coordinates":[[[[2.37634,48.872345],[2.376645,48.872017],[2.372941,48.870645],[2.372221,48.871611],[2.374743,48.87312],[2.375421,48.872551],[2.37634,48.872345]]],[[[2.369813,48.869698],[2.369344,48.869587],[2.368623,48.870745],[2.369149,48.870897],[2.369813,48.869698]]],[[[2.370204,48.870906],[2.370845,48.870038],[2.370056,48.869773],[2.369216,48.870917],[2.369997,48.871143],[2.370204,48.870906]]],[[[2.371243,48.870137],[2.370623,48.870789],[2.372253,48.871294],[2.37276,48.870588],[2.371243,48.870137]]],[[[2.368261,48.871044],[2.369232,48.869487],[2.367701,48.868925],[2.366031,48.871007],[2.366661,48.870796],[2.368001,48.871147],[2.367851,48.871648],[2.368261,48.871044]]],[[[2.370841,48.870946],[2.37057,48.870862],[2.370324,48.871238],[2.371894,48.871694],[2.3722,48.871367],[2.370841,48.870946]]],[[[2.369751,48.871517],[2.369918,48.871248],[2.368577,48.870859],[2.36805,48.871661],[2.368325,48.871506],[2.369429,48.871925],[2.369751,48.871517]]],[[[2.371501,48.872187],[2.371798,48.871794],[2.370245,48.871343],[2.369951,48.871696],[2.371501,48.872187]]],[[[2.372968,48.872164],[2.372683,48.872298],[2.373313,48.872372],[2.372968,48.872164]]],[[[2.373618,48.872503],[2.373435,48.872407],[2.373252,48.872557],[2.373256,48.872593],[2.373419,48.872676],[2.373465,48.8727],[2.373517,48.872696],[2.373575,48.872649],[2.373702,48.872546],[2.373618,48.872503]]],[[[2.373804,48.873444],[2.374389,48.872906],[2.372451,48.872324],[2.372705,48.872058],[2.371986,48.871881],[2.371425,48.872503],[2.373804,48.873444]]],[[[2.376047,48.872608],[2.375515,48.87265],[2.374842,48.873253],[2.375076,48.873482],[2.376047,48.872608]]],[[[2.370943,48.872826],[2.371413,48.872252],[2.369855,48.871828],[2.369731,48.872025],[2.3708,48.872209],[2.37012,48.872438],[2.37059,48.87271],[2.370368,48.873496],[2.370943,48.872826]]],[[[2.37295,48.873977],[2.373617,48.873522],[2.371394,48.872559],[2.370702,48.873407],[2.372267,48.874098],[2.37262,48.873788],[2.372739,48.874101],[2.37295,48.873977]]],[[[2.37168,48.873903],[2.370665,48.873455],[2.370479,48.873702],[2.371434,48.874144],[2.37168,48.873903]]],[[[2.37337,48.87416],[2.37397,48.873799],[2.374348,48.874124],[2.374918,48.873623],[2.374542,48.873114],[2.372685,48.874257],[2.37313,48.874478],[2.37337,48.87416]]],[[[2.372963,48.87447],[2.371818,48.873964],[2.371566,48.874176],[2.372402,48.87457],[2.372963,48.87447]]]],"type":"MultiPolygon"},"properties":{"id_projet":"MATERNELLES (année scolaire 2025/2026)","libelle":"PARMENTIER (155) MAT","annee_scol":"2025-2026","zone_commune":0,"etiquette":"Secteur de l'école 155 AVENUE PARMENTIER","lib_etab_1":"PARMENTIER (155) MAT","lib_etab_2":null,"lib_etab_3":null,"lib_etab_4":null,"adr_etab_1":"155 AVENUE PARMENTIER","adr_etab_2":null,"adr_etab_3":null,"adr_etab_4":null,"type_etabl":"Maternelle","geo_point_2d":{"lon":2.3715077825551765,"lat":48.87173871061734},"st_area_shape":178283.4722979504,"st_perimeter_shape":7618.230780406505}},{"type":"Feature","geometry":{"coordinates":[[[[2.369967,48.880238],[2.369988,48.87862],[2.368191,48.879497],[2.36982,48.881382],[2.369967,48.880238]]],[[[2.368471,48.875844],[2.37018,48.873803],[2.368432,48.874449],[2.367842,48.874008],[2.367272,48.874097],[2.368561,48.875308],[2.368471,48.875844]]],[[[2.368196,48.877773],[2.368476,48.877195],[2.368772,48.877497],[2.368449,48.877815],[2.369785,48.877656],[2.368272,48.876359],[2.367878,48.87663],[2.368412,48.877129],[2.367799,48.877067],[2.367976,48.877911],[2.368196,48.877773]]],[[[2.368554,48.881879],[2.36705,48.880133],[2.36663,48.88053],[2.366859,48.880717],[2.366448,48.880928],[2.366915,48.880902],[2.367667,48.881579],[2.367421,48.88186],[2.367833,48.881658],[2.368891,48.8823],[2.368554,48.881879]]],[[[2.368985,48.876176],[2.368679,48.876213],[2.369761,48.877304],[2.370144,48.877153],[2.370154,48.876215],[2.368985,48.876176]]],[[[2.370161,48.875361],[2.369254,48.875375],[2.368724,48.876027],[2.370105,48.876076],[2.370161,48.875361]]],[[[2.368979,48.87881],[2.369718,48.878408],[2.36958,48.878018],[2.367992,48.877992],[2.369144,48.878435],[2.368979,48.87881]]],[[[2.368852,48.881715],[2.36925,48.882277],[2.369941,48.88219],[2.369541,48.881461],[2.368852,48.881715]]],[[[2.370175,48.874205],[2.369384,48.875247],[2.370164,48.87517],[2.370175,48.874205]]],[[[2.367828,48.879116],[2.368782,48.878926],[2.368041,48.87855],[2.368224,48.878894],[2.367828,48.879116]]],[[[2.368694,48.881773],[2.368852,48.881715],[2.36874,48.881586],[2.367965,48.880685],[2.36791,48.880621],[2.367863,48.880638],[2.367859,48.880634],[2.367849,48.880638],[2.367771,48.880548],[2.367709,48.880572],[2.367783,48.88066],[2.367747,48.880673],[2.368694,48.881773]]],[[[2.367279,48.87716],[2.36793,48.876865],[2.367643,48.876669],[2.367279,48.87716]]],[[[2.370142,48.877318],[2.370107,48.877304],[2.36985,48.877394],[2.369984,48.877528],[2.37014,48.877497],[2.370142,48.877318]]]],"type":"MultiPolygon"},"properties":{"id_projet":"MATERNELLES (année scolaire 2026/2027)","libelle":"BOY  ZELENSKI (5) MAT","annee_scol":"2026-2027","zone_commune":0,"etiquette":"Secteur de l'école 5 BOY ZELENSKI (5) MAT","lib_etab_1":"BOY ZELENSKI (5) MAT","lib_etab_2":null,"lib_etab_3":null,"lib_etab_4":null,"adr_etab_1":"5 BOY ZELENSKI (5) MAT","adr_etab_2":null,"adr_etab_3":null,"adr_etab_4":null,"type_etabl":"Maternelle","geo_point_2d":{"lon":2.368950111692952,"lat":48.87791377646711},"st_area_shape":96151.89363917918,"st_perimeter_shape":5672.02815375148}},{"type":"Feature","geometry":{"coordinates":[[[[2.359214,48.879034],[2.360088,48.878866],[2.360274,48.879465],[2.361533,48.879475],[2.3614,48.878864],[2.361871,48.878744],[2.362245,48.879279],[2.360366,48.876112],[2.357676,48.876582],[2.358265,48.877571],[2.358813,48.879664],[2.35935,48.879522],[2.359214,48.879034]]],[[[2.360427,48.871722],[2.359094,48.873212],[2.361349,48.8731],[2.360427,48.871722]]],[[[2.358165,48.87326],[2.358553,48.873239],[2.359565,48.872107],[2.357825,48.87263],[2.35798,48.872917],[2.358702,48.872794],[2.358,48.872953],[2.358165,48.87326]]],[[[2.358445,48.873358],[2.358424,48.873336],[2.358247,48.873345],[2.358225,48.873368],[2.358289,48.873485],[2.358331,48.873487],[2.358445,48.873358]]],[[[2.357775,48.873045],[2.356702,48.873297],[2.357324,48.874408],[2.358143,48.873697],[2.357775,48.873045]]],[[[2.360832,48.874642],[2.36247,48.874222],[2.361416,48.873211],[2.358966,48.873307],[2.358488,48.873844],[2.358722,48.874243],[2.360487,48.873911],[2.360832,48.874642]]],[[[2.357893,48.874989],[2.358789,48.874848],[2.358335,48.874065],[2.357803,48.874619],[2.357893,48.874989]]],[[[2.360285,48.874829],[2.360708,48.874659],[2.360407,48.874063],[2.358758,48.874298],[2.359296,48.875025],[2.360285,48.874829]]],[[[2.358601,48.875421],[2.359029,48.875347],[2.358868,48.875022],[2.357849,48.875212],[2.358601,48.875421]]],[[[2.357308,48.875292],[2.3572,48.87528],[2.357125,48.875364],[2.357075,48.875419],[2.35703,48.875466],[2.357055,48.875488],[2.357207,48.875477],[2.357337,48.875465],[2.357364,48.875441],[2.357308,48.875292]]],[[[2.359098,48.875483],[2.358131,48.875556],[2.358568,48.875992],[2.359259,48.875881],[2.359098,48.875483]]],[[[2.357453,48.875709],[2.356922,48.87559],[2.356283,48.876303],[2.357606,48.87615],[2.357453,48.875709]]],[[[2.363248,48.876328],[2.364055,48.876253],[2.363541,48.87606],[2.363801,48.87596],[2.362597,48.874342],[2.35971,48.875146],[2.361072,48.875939],[2.362765,48.876243],[2.362464,48.876399],[2.363109,48.87661],[2.363398,48.876501],[2.363248,48.876328]],[[2.362813,48.875881],[2.36322,48.875687],[2.363223,48.87569],[2.362817,48.875885],[2.362813,48.875881]]],[[[2.362553,48.87673],[2.361004,48.876295],[2.36232,48.8769],[2.362553,48.87673]]],[[[2.363222,48.876951],[2.362891,48.876842],[2.362857,48.876843],[2.362896,48.876893],[2.363184,48.876985],[2.363286,48.877063],[2.363338,48.877048],[2.363317,48.877031],[2.363222,48.876951]]],[[[2.363562,48.877038],[2.363466,48.876943],[2.363461,48.876945],[2.36334,48.87686],[2.363327,48.876858],[2.363154,48.876745],[2.363099,48.876767],[2.363092,48.876769],[2.363086,48.876772],[2.36308,48.876776],[2.363076,48.87678],[2.363072,48.876784],[2.363069,48.876789],[2.363068,48.876793],[2.363067,48.876798],[2.363067,48.876802],[2.363067,48.876803],[2.363068,48.876806],[2.363069,48.876808],[2.363071,48.876813],[2.363075,48.876817],[2.363079,48.876821],[2.363084,48.876825],[2.36309,48.876828],[2.363097,48.876831],[2.363104,48.876833],[2.363314,48.876904],[2.363332,48.876911],[2.363345,48.876918],[2.363358,48.876925],[2.363372,48.876934],[2.363401,48.876966],[2.363491,48.877064],[2.363562,48.877038]]],[[[2.358283,48.878131],[2.357471,48.876493],[2.356304,48.876601],[2.35675,48.8784],[2.358283,48.878131]]],[[[2.358493,48.878768],[2.358357,48.878427],[2.356888,48.878516],[2.358047,48.878633],[2.358582,48.879201],[2.358493,48.878768]]],[[[2.358612,48.879349],[2.35836,48.879477],[2.358667,48.879619],[2.358612,48.879349]]]],"type":"MultiPolygon"},"properties":{"id_projet":"MATERNELLES (année scolaire 2023/2024)","libelle":"RECOLLETS (23) MAT","annee_scol":"2023-2024","zone_commune":0,"etiquette":"Secteur de l'école 23 PASSAGE DES RECOLLETS","lib_etab_1":"RECOLLETS (23) MAT","lib_etab_2":null,"lib_etab_3":null,"lib_etab_4":null,"adr_etab_1":"23 PASSAGE DES RECOLLETS","adr_etab_2":null,"adr_etab_3":null,"adr_etab_4":null,"type_etabl":"Maternelle","geo_point_2d":{"lon":2.3597783547844644,"lat":48.87592961958401},"st_area_shape":232215.34615959917,"st_perimeter_shape":7985.432641722318}},{"type":"Feature","geometry":{"coordinates":[[[[2.363326,48.884397],[2.363208,48.884207],[2.364433,48.88414],[2.363176,48.882342],[2.361811,48.882902],[2.362151,48.883872],[2.361644,48.884198],[2.363326,48.884397]]],[[[2.364765,48.881431],[2.363551,48.882139],[2.365597,48.883099],[2.366726,48.882583],[2.365662,48.881667],[2.364765,48.881431]]],[[[2.366634,48.881927],[2.368485,48.883616],[2.369603,48.882715],[2.366634,48.881927]]],[[[2.366917,48.882702],[2.365835,48.883211],[2.367252,48.883876],[2.368368,48.883853],[2.366917,48.882702]]],[[[2.365617,48.883263],[2.364478,48.883771],[2.36466,48.884136],[2.36707,48.884026],[2.365617,48.883263]]],[[[2.361718,48.881352],[2.361892,48.880695],[2.361666,48.880498],[2.358808,48.87991],[2.361718,48.881352]]],[[[2.36044,48.880829],[2.359346,48.881121],[2.36011,48.881947],[2.361135,48.881698],[2.36044,48.880829]]],[[[2.363671,48.88235],[2.364337,48.88368],[2.365427,48.883201],[2.363671,48.88235]]],[[[2.363847,48.881701],[2.364383,48.881331],[2.362622,48.880912],[2.363326,48.88194],[2.363847,48.881701]]],[[[2.362045,48.880239],[2.362245,48.879279],[2.361871,48.878744],[2.3614,48.878864],[2.361532,48.879502],[2.361986,48.879529],[2.361769,48.880314],[2.362045,48.880239]]],[[[2.360061,48.880653],[2.357684,48.87974],[2.358064,48.88021],[2.35893,48.880292],[2.35919,48.880646],[2.360061,48.880653]]],[[[2.362104,48.880734],[2.361988,48.881405],[2.362905,48.881783],[2.362104,48.880734]]],[[[2.362369,48.88211],[2.362986,48.882128],[2.362194,48.881655],[2.361932,48.882083],[2.362369,48.88211]]]],"type":"MultiPolygon"},"properties":{"id_projet":"MATERNELLES (année scolaire 2020/2021)","libelle":"AQUEDUC (39) MAT","annee_scol":"2020-2021","zone_commune":0,"etiquette":"Secteur de l'école 39 RUE DE L' AQUEDUC","lib_etab_1":"AQUEDUC (39) MAT","lib_etab_2":null,"lib_etab_3":null,"lib_etab_4":null,"adr_etab_1":"39 RUE DE L' AQUEDUC","adr_etab_2":null,"adr_etab_3":null,"adr_etab_4":null,"type_etabl":null,"geo_point_2d":{"lon":2.364067043056438,"lat":48.88238731531753},"st_area_shape":143392.733332067,"st_perimeter_shape":6445.123320345884}},{"type":"Feature","geometry":{"coordinates":[[[[2.36181,48.878759],[2.360366,48.876112],[2.357676,48.876582],[2.358241,48.877542],[2.358206,48.877311],[2.359462,48.876988],[2.359655,48.877455],[2.358317,48.877569],[2.35848,48.877845],[2.359708,48.877529],[2.360274,48.879465],[2.361533,48.879475],[2.3614,48.878864],[2.36181,48.878759]]],[[[2.367146,48.880244],[2.365315,48.881093],[2.365868,48.881538],[2.368906,48.882288],[2.367146,48.880244]]],[[[2.36283,48.879362],[2.362504,48.879162],[2.362502,48.880636],[2.364963,48.881099],[2.36283,48.879362]]],[[[2.367893,48.878632],[2.368782,48.878926],[2.369016,48.878336],[2.367907,48.878064],[2.368725,48.878792],[2.367829,48.878344],[2.36759,48.877764],[2.366675,48.877816],[2.367661,48.879352],[2.36805,48.879335],[2.367828,48.879116],[2.368224,48.878894],[2.367893,48.878632]]],[[[2.36421,48.878685],[2.363133,48.879269],[2.364352,48.880303],[2.365376,48.87982],[2.36421,48.878685]]],[[[2.366063,48.88046],[2.366956,48.880031],[2.36671,48.879332],[2.36446,48.880396],[2.365199,48.881003],[2.366063,48.88046]]],[[[2.367999,48.877447],[2.367799,48.877067],[2.367279,48.87716],[2.367543,48.876653],[2.366068,48.877365],[2.36783,48.877937],[2.367999,48.877447]]],[[[2.365413,48.87783],[2.36432,48.878606],[2.364893,48.879133],[2.366118,48.878646],[2.365413,48.87783]]],[[[2.36624,48.878787],[2.36505,48.879279],[2.365549,48.879739],[2.366621,48.879231],[2.36624,48.878787]]],[[[2.362324,48.876925],[2.362572,48.876737],[2.36232,48.8769],[2.360937,48.876336],[2.361524,48.877321],[2.362324,48.876925]]],[[[2.36208,48.877392],[2.363286,48.877063],[2.362789,48.876845],[2.361625,48.877369],[2.361708,48.87763],[2.36208,48.877392]]],[[[2.367965,48.880685],[2.36791,48.880621],[2.367863,48.880638],[2.367859,48.880634],[2.367849,48.880638],[2.367771,48.880548],[2.367709,48.880572],[2.367783,48.88066],[2.367747,48.880673],[2.368694,48.881773],[2.368852,48.881715],[2.36874,48.881586],[2.367965,48.880685]]],[[[2.363248,48.876328],[2.364055,48.876253],[2.363298,48.876279],[2.363109,48.87661],[2.363398,48.876501],[2.363248,48.876328]]],[[[2.363783,48.876954],[2.363723,48.876884],[2.363604,48.876929],[2.36358,48.876901],[2.363575,48.876895],[2.363425,48.876719],[2.363417,48.876722],[2.363388,48.876689],[2.363366,48.876662],[2.363211,48.876722],[2.363154,48.876745],[2.363327,48.876858],[2.36334,48.87686],[2.363461,48.876945],[2.363466,48.876943],[2.363562,48.877038],[2.363783,48.876954]]],[[[2.364338,48.876746],[2.364274,48.876672],[2.363814,48.876842],[2.36382,48.876849],[2.363812,48.876852],[2.363875,48.876924],[2.364338,48.876746]]],[[[2.365261,48.881341],[2.365102,48.881211],[2.365066,48.881231],[2.364982,48.881278],[2.364988,48.881304],[2.365109,48.881336],[2.36523,48.881368],[2.365261,48.881341]]]],"type":"MultiPolygon"},"properties":{"id_projet":"MATERNELLES (année scolaire 2021/2022)","libelle":"ECLUSES ST MARTIN (28) MAT","annee_scol":"2021-2022","zone_commune":0,"etiquette":"Secteur de l'école 28 RUE DES ECLUSES SAINT-MARTIN","lib_etab_1":"ECLUSES ST MARTIN (28) MAT","lib_etab_2":null,"lib_etab_3":null,"lib_etab_4":null,"adr_etab_1":"28 RUE DES ECLUSES SAINT-MARTIN","adr_etab_2":null,"adr_etab_3":null,"adr_etab_4":null,"type_etabl":"Maternelle","geo_point_2d":{"lon":2.3639339334226377,"lat":48.878929465330984},"st_area_shape":184277.91485442183,"st_perimeter_shape":7952.48213109222}},{"type":"Feature","geometry":{"coordinates":[[[2.35831,48.880031],[2.358174,48.879767],[2.358045,48.879984],[2.35831,48.880031]]],"type":"Polygon"},"properties":{"id_projet":"MATERNELLES (année scolaire 2020/2021)","libelle":"ZM.AQUEDUC(39)/LOUIS BLANC(49)","annee_scol":"2020-2021","zone_commune":1,"etiquette":"Secteur commun des écoles \n39 RUE DE L' AQUEDUC \n49 RUE LOUIS BLANC","lib_etab_1":"AQUEDUC (39) MAT","lib_etab_2":"LOUIS BLANC (49) MAT","lib_etab_3":null,"lib_etab_4":null,"adr_etab_1":"39 RUE DE L' AQUEDUC","adr_etab_2":"49 RUE LOUIS BLANC","adr_etab_3":null,"adr_etab_4":null,"type_etabl":null,"geo_point_2d":{"lon":2.3582257199945382,"lat":48.879916856596346},"st_area_shape":467.6453704951483,"st_perimeter_shape":87.41704844180074}},{"type":"Feature","geometry":{"coordinates":[[[[2.356803,48.871354],[2.356007,48.870015],[2.355641,48.870091],[2.355985,48.869977],[2.355583,48.86933],[2.354578,48.869443],[2.355388,48.870949],[2.356304,48.870793],[2.355426,48.871016],[2.356048,48.872126],[2.357016,48.871762],[2.356803,48.871354]]],[[[2.357995,48.871103],[2.35684,48.869438],[2.356564,48.869678],[2.355861,48.869262],[2.357282,48.871619],[2.357995,48.871103]]],[[[2.355454,48.872388],[2.355718,48.872283],[2.355044,48.871113],[2.354143,48.871267],[2.355007,48.871047],[2.354828,48.87073],[2.353809,48.87095],[2.354621,48.870922],[2.353708,48.87135],[2.354267,48.871406],[2.353848,48.871665],[2.354637,48.871453],[2.354885,48.871843],[2.354073,48.872141],[2.355344,48.872244],[2.35454,48.872755],[2.355454,48.872388]],[[2.353973,48.871391],[2.353829,48.871429],[2.353788,48.871359],[2.353889,48.871332],[2.354066,48.871287],[2.354074,48.871303],[2.354101,48.871357],[2.353973,48.871391]]],[[[2.358904,48.871562],[2.359886,48.87175],[2.360173,48.871403],[2.359452,48.870624],[2.357953,48.871434],[2.358372,48.871804],[2.358904,48.871562]]],[[[2.357377,48.872327],[2.357071,48.871866],[2.356124,48.872264],[2.356702,48.873297],[2.35773,48.872966],[2.357377,48.872327]]],[[[2.357868,48.869523],[2.357217,48.869638],[2.35811,48.871055],[2.358442,48.87102],[2.358698,48.870859],[2.357868,48.869523]]],[[[2.354694,48.87049],[2.354098,48.869517],[2.352874,48.869934],[2.353797,48.870086],[2.353684,48.869693],[2.353929,48.870114],[2.353182,48.870363],[2.354154,48.870163],[2.353837,48.870378],[2.354276,48.870513],[2.353438,48.870861],[2.354694,48.87049]]],[[[2.356294,48.873346],[2.355775,48.872409],[2.354629,48.872845],[2.355483,48.872922],[2.355748,48.873498],[2.356294,48.873346]]],[[[2.357556,48.872106],[2.358207,48.871811],[2.357819,48.871506],[2.357354,48.871757],[2.357556,48.872106]]],[[[2.357148,48.869545],[2.357057,48.869406],[2.35691,48.869408],[2.35693,48.869437],[2.356965,48.869485],[2.356963,48.869485],[2.357095,48.869673],[2.35721,48.869638],[2.357148,48.869545]]]],"type":"MultiPolygon"},"properties":{"id_projet":"MATERNELLES (année scolaire 2020/2021)","libelle":"PIERRE BULLET (4) MAT","annee_scol":"2020-2021","zone_commune":0,"etiquette":"Secteur de l'école 4 RUE PIERRE BULLET","lib_etab_1":"PIERRE BULLET (4) MAT","lib_etab_2":null,"lib_etab_3":null,"lib_etab_4":null,"adr_etab_1":"4 RUE PIERRE BULLET","adr_etab_2":null,"adr_etab_3":null,"adr_etab_4":null,"type_etabl":null,"geo_point_2d":{"lon":2.356437027258932,"lat":48.87109088614389},"st_area_shape":97631.25095902405,"st_perimeter_shape":5841.086848346785}},{"type":"Feature","geometry":{"coordinates":[[[[2.365559,48.868269],[2.364529,48.869121],[2.366151,48.869669],[2.366919,48.868679],[2.365559,48.868269]]],[[[2.363552,48.870051],[2.363291,48.869466],[2.361512,48.870866],[2.362089,48.871414],[2.362726,48.871113],[2.363552,48.870051]]],[[[2.361385,48.872523],[2.361844,48.872263],[2.361145,48.871256],[2.361927,48.872214],[2.36252,48.871978],[2.361408,48.870924],[2.360492,48.871606],[2.361155,48.87259],[2.361385,48.872523]]],[[[2.366061,48.869788],[2.364413,48.869234],[2.363928,48.869857],[2.365329,48.870654],[2.366061,48.869788]]],[[[2.362685,48.872122],[2.361212,48.872675],[2.361536,48.87312],[2.363324,48.873103],[2.362685,48.872122]]],[[[2.364483,48.868935],[2.365247,48.868185],[2.364395,48.867873],[2.363232,48.868575],[2.364483,48.868935]]],[[[2.3628,48.871394],[2.36218,48.871504],[2.363261,48.872474],[2.364311,48.871941],[2.3628,48.871394]]],[[[2.364064,48.870142],[2.363842,48.870116],[2.364596,48.871673],[2.365261,48.870754],[2.364064,48.870142]]],[[[2.363682,48.870267],[2.362853,48.87124],[2.364265,48.871739],[2.363682,48.870267]]],[[[2.363395,48.873214],[2.361653,48.873248],[2.362648,48.874203],[2.363395,48.873214]]],[[[2.362753,48.86924],[2.363234,48.869373],[2.362954,48.868854],[2.361418,48.870744],[2.363149,48.86944],[2.362753,48.86924]]],[[[2.363429,48.873931],[2.3641,48.873211],[2.363625,48.873137],[2.363002,48.874192],[2.363429,48.873931]]],[[[2.363895,48.869028],[2.363505,48.869352],[2.363692,48.869776],[2.364254,48.869149],[2.363895,48.869028]]],[[[2.364225,48.872153],[2.363359,48.87256],[2.363719,48.872798],[2.364225,48.872153]]],[[[2.363553,48.868865],[2.363272,48.868823],[2.363431,48.869184],[2.363748,48.868972],[2.363553,48.868865]]],[[[2.363578,48.872862],[2.363383,48.872766],[2.363474,48.873053],[2.363578,48.872862]]]],"type":"MultiPolygon"},"properties":{"id_projet":"MATERNELLES (année scolaire 2021/2022)","libelle":"LEGOUVE (6) MAT","annee_scol":"2021-2022","zone_commune":0,"etiquette":"Secteur de l'école 6 RUE LEGOUVE","lib_etab_1":"LEGOUVE (6) MAT","lib_etab_2":null,"lib_etab_3":null,"lib_etab_4":null,"adr_etab_1":"6 RUE LEGOUVE","adr_etab_2":null,"adr_etab_3":null,"adr_etab_4":null,"type_etabl":"Maternelle","geo_point_2d":{"lon":2.3634975235599773,"lat":48.870813913275356},"st_area_shape":126277.04190400855,"st_perimeter_shape":6343.647804853388}},{"type":"Feature","geometry":{"coordinates":[[[[2.353831,48.876471],[2.353959,48.876695],[2.355392,48.876497],[2.3553,48.876184],[2.35363,48.87634],[2.355973,48.876015],[2.354789,48.875839],[2.355796,48.875653],[2.355768,48.875421],[2.354352,48.875246],[2.354767,48.875059],[2.354962,48.875367],[2.355697,48.875334],[2.35533,48.874447],[2.351005,48.87538],[2.351291,48.876379],[2.352584,48.876219],[2.352121,48.876413],[2.352211,48.876934],[2.353912,48.876701],[2.353831,48.876471]]],[[[2.349467,48.87742],[2.349193,48.877457],[2.3494,48.879131],[2.351158,48.878101],[2.351087,48.877844],[2.349467,48.87742]]],[[[2.351273,48.876906],[2.350934,48.876166],[2.3487,48.876561],[2.349018,48.877099],[2.34966,48.877284],[2.351273,48.876906]]],[[[2.352002,48.877595],[2.354988,48.877219],[2.35544,48.876714],[2.35153,48.877136],[2.351608,48.877522],[2.352002,48.877595]]],[[[2.348652,48.876478],[2.350983,48.876065],[2.350877,48.875412],[2.348331,48.875821],[2.348652,48.876478]]],[[[2.354834,48.877388],[2.352104,48.877723],[2.353661,48.878336],[2.354834,48.877388]]],[[[2.353707,48.874657],[2.355257,48.874335],[2.354306,48.872874],[2.353789,48.873189],[2.354154,48.874241],[2.353592,48.874472],[2.353487,48.874684],[2.353707,48.874657]]],[[[2.356676,48.874631],[2.35557,48.874472],[2.356309,48.87564],[2.357126,48.874831],[2.356676,48.874631]]],[[[2.358197,48.878804],[2.356823,48.878541],[2.357181,48.879255],[2.357726,48.879397],[2.358583,48.879203],[2.358197,48.878804]]],[[[2.354567,48.878757],[2.354382,48.878843],[2.354792,48.879606],[2.355768,48.879626],[2.355625,48.879035],[2.354567,48.878757]]],[[[2.356057,48.876691],[2.35546,48.877221],[2.355711,48.878125],[2.356317,48.877995],[2.356057,48.876691]]],[[[2.356705,48.878819],[2.356374,48.878136],[2.355711,48.878255],[2.355936,48.878929],[2.356838,48.879165],[2.356705,48.878819]]],[[[2.350497,48.878678],[2.349472,48.879265],[2.349556,48.879543],[2.350711,48.879453],[2.350497,48.878678]]],[[[2.350857,48.879374],[2.351485,48.879284],[2.351218,48.87831],[2.350643,48.878603],[2.350857,48.879374]]],[[[2.356869,48.874556],[2.356576,48.873894],[2.355385,48.874185],[2.356869,48.874556]]],[[[2.355521,48.878483],[2.355454,48.878274],[2.354398,48.878508],[2.355597,48.878839],[2.355521,48.878483]]],[[[2.351386,48.877318],[2.350162,48.877414],[2.351185,48.877682],[2.351386,48.877318]]],[[[2.351962,48.876435],[2.351332,48.876521],[2.351474,48.877034],[2.352117,48.876928],[2.351962,48.876435]]],[[[2.355377,48.878007],[2.355212,48.877499],[2.354547,48.87824],[2.355377,48.878007]]],[[[2.352505,48.878216],[2.352295,48.878161],[2.352517,48.878482],[2.353259,48.878776],[2.35345,48.878464],[2.352505,48.878216]]],[[[2.356103,48.87916],[2.356038,48.879601],[2.356903,48.879461],[2.356103,48.87916]]],[[[2.351782,48.879352],[2.351998,48.878501],[2.351534,48.878745],[2.351782,48.879352]]],[[[2.35586,48.87614],[2.35539,48.876174],[2.355447,48.87649],[2.35586,48.87614]]],[[[2.358591,48.87934],[2.358024,48.879475],[2.358635,48.879635],[2.35836,48.879477],[2.358591,48.87934]]]],"type":"MultiPolygon"},"properties":{"id_projet":"MATERNELLES (année scolaire 2022/2023)","libelle":"LEON SCHWARTZENBERG (11) MAT","annee_scol":"2022-2023","zone_commune":0,"etiquette":"Secteur de l'école 11 RUE LEON SCHWARTZENBERG","lib_etab_1":"LEON SCHWARTZENBERG (11) MAT","lib_etab_2":null,"lib_etab_3":null,"lib_etab_4":null,"adr_etab_1":"11 RUE LEON SCHWARTZENBERG","adr_etab_2":null,"adr_etab_3":null,"adr_etab_4":null,"type_etabl":"Maternelle","geo_point_2d":{"lon":2.353138501223373,"lat":48.87679038295909},"st_area_shape":213858.25289981556,"st_perimeter_shape":9987.042214421466}},{"type":"Feature","geometry":{"coordinates":[[[[2.356803,48.871354],[2.356007,48.870015],[2.355641,48.870091],[2.355985,48.869977],[2.355583,48.86933],[2.354578,48.869443],[2.355388,48.870949],[2.356304,48.870793],[2.355426,48.871016],[2.356048,48.872126],[2.357016,48.871762],[2.356803,48.871354]]],[[[2.3547,48.872691],[2.355718,48.872283],[2.355044,48.871113],[2.354177,48.871336],[2.355007,48.871047],[2.354828,48.87073],[2.353495,48.871018],[2.354431,48.872683],[2.3547,48.872691]],[[2.353889,48.871332],[2.354066,48.871287],[2.354074,48.871303],[2.354101,48.871357],[2.353973,48.871391],[2.353829,48.871429],[2.353788,48.871359],[2.353889,48.871332]]],[[[2.353647,48.870815],[2.354714,48.870527],[2.354098,48.869517],[2.352874,48.869934],[2.353352,48.870846],[2.353647,48.870815]],[[2.353398,48.870166],[2.353824,48.870054],[2.353684,48.869693],[2.353933,48.870109],[2.353398,48.870166]]],[[[2.357878,48.871184],[2.357082,48.871124],[2.357537,48.870884],[2.357159,48.870306],[2.356712,48.869632],[2.355861,48.869262],[2.357282,48.871619],[2.357878,48.871184]]],[[[2.352856,48.870334],[2.352663,48.86998],[2.351217,48.870175],[2.352339,48.871104],[2.353172,48.870941],[2.352856,48.870334]]],[[[2.357377,48.872327],[2.357071,48.871866],[2.356124,48.872264],[2.356702,48.873297],[2.35773,48.872966],[2.357377,48.872327]]],[[[2.352964,48.872432],[2.353937,48.872264],[2.353552,48.87163],[2.351083,48.872014],[2.351945,48.871948],[2.351874,48.872439],[2.352305,48.872327],[2.352445,48.872583],[2.352964,48.872432]]],[[[2.35875,48.872239],[2.359844,48.871797],[2.358955,48.871594],[2.357587,48.872188],[2.357777,48.872545],[2.35875,48.872239]]],[[[2.352567,48.871671],[2.353502,48.871548],[2.35321,48.871026],[2.351007,48.871707],[2.351101,48.871922],[2.352567,48.871671]]],[[[2.356294,48.873346],[2.355775,48.872409],[2.354629,48.872845],[2.355483,48.872922],[2.355748,48.873498],[2.356294,48.873346]]],[[[2.358904,48.871562],[2.359886,48.87175],[2.360172,48.871425],[2.358309,48.871242],[2.357949,48.871461],[2.358372,48.871804],[2.358904,48.871562]]],[[[2.35296,48.872816],[2.35425,48.872786],[2.353955,48.872295],[2.352191,48.872957],[2.35296,48.872816]]],[[[2.357556,48.872106],[2.358207,48.871811],[2.357819,48.871506],[2.357354,48.871757],[2.357556,48.872106]]],[[[2.358234,48.870449],[2.358232,48.870446],[2.357859,48.87056],[2.357783,48.870584],[2.357786,48.870588],[2.357862,48.870564],[2.357957,48.870535],[2.358234,48.870449]]]],"type":"MultiPolygon"},"properties":{"id_projet":"MATERNELLES (année scolaire 2022/2023)","libelle":"PIERRE BULLET (4) MAT","annee_scol":"2022-2023","zone_commune":0,"etiquette":"Secteur de l'école 4 RUE PIERRE BULLET","lib_etab_1":"PIERRE BULLET (4) MAT","lib_etab_2":null,"lib_etab_3":null,"lib_etab_4":null,"adr_etab_1":"4 RUE PIERRE BULLET","adr_etab_2":null,"adr_etab_3":null,"adr_etab_4":null,"type_etabl":"Maternelle","geo_point_2d":{"lon":2.3551660797399534,"lat":48.87133654442227},"st_area_shape":129942.64572150235,"st_perimeter_shape":7128.22210516605}},{"type":"Feature","geometry":{"coordinates":[[[[2.364475,48.880701],[2.362504,48.879162],[2.362512,48.880644],[2.363185,48.880829],[2.363484,48.880347],[2.363747,48.880568],[2.363533,48.88092],[2.364681,48.881221],[2.364963,48.881099],[2.364475,48.880701]]],[[[2.364338,48.876746],[2.364274,48.876672],[2.363814,48.876842],[2.36382,48.876849],[2.363812,48.876852],[2.363875,48.876924],[2.364338,48.876746]]],[[[2.363783,48.876954],[2.363723,48.876884],[2.363604,48.876929],[2.36358,48.876901],[2.363575,48.876895],[2.363425,48.876719],[2.363417,48.876722],[2.363388,48.876689],[2.363366,48.876662],[2.363211,48.876722],[2.363154,48.876745],[2.363327,48.876858],[2.36334,48.87686],[2.363461,48.876945],[2.363466,48.876943],[2.363562,48.877038],[2.363783,48.876954]]],[[[2.362324,48.876925],[2.362572,48.876737],[2.36232,48.8769],[2.360937,48.876336],[2.361524,48.877321],[2.362324,48.876925]]],[[[2.36208,48.877392],[2.363286,48.877063],[2.362789,48.876845],[2.361625,48.877369],[2.361708,48.87763],[2.36208,48.877392]]],[[[2.367999,48.877447],[2.367799,48.877067],[2.366068,48.877365],[2.36783,48.877937],[2.367999,48.877447]]],[[[2.366118,48.878646],[2.365368,48.877827],[2.36432,48.878606],[2.364871,48.878619],[2.364965,48.879126],[2.366118,48.878646]]],[[[2.367893,48.878632],[2.368782,48.878926],[2.369016,48.878336],[2.367907,48.878064],[2.368725,48.878792],[2.367829,48.878344],[2.36759,48.877764],[2.366675,48.877816],[2.367661,48.879352],[2.36805,48.879335],[2.367828,48.879116],[2.368224,48.878894],[2.367893,48.878632]]],[[[2.366352,48.879358],[2.366621,48.879231],[2.3662,48.87878],[2.365068,48.879224],[2.365608,48.879421],[2.365563,48.879733],[2.366352,48.879358]]],[[[2.365036,48.879726],[2.363901,48.879358],[2.363762,48.879177],[2.364266,48.878929],[2.36421,48.878685],[2.363146,48.879198],[2.364352,48.880303],[2.365376,48.87982],[2.365036,48.879726]]],[[[2.366063,48.88046],[2.366956,48.880031],[2.36671,48.879332],[2.36446,48.880396],[2.365199,48.881003],[2.366063,48.88046]]],[[[2.365261,48.881341],[2.365102,48.881211],[2.365066,48.881231],[2.364982,48.881278],[2.364988,48.881304],[2.365109,48.881336],[2.36523,48.881368],[2.365261,48.881341]]],[[[2.368146,48.881905],[2.367833,48.881658],[2.367421,48.88186],[2.367667,48.881579],[2.366915,48.880902],[2.366448,48.880928],[2.366859,48.880717],[2.36663,48.88053],[2.367049,48.880132],[2.365315,48.881093],[2.365868,48.881538],[2.368854,48.882329],[2.368146,48.881905]]]],"type":"MultiPolygon"},"properties":{"id_projet":"MATERNELLES (année scolaire 2023/2024)","libelle":"ECLUSES ST MARTIN (28) MAT","annee_scol":"2023-2024","zone_commune":0,"etiquette":"Secteur de l'école 28 RUE DES ECLUSES ST MARTIN","lib_etab_1":"ECLUSES ST MARTIN (28) MAT","lib_etab_2":null,"lib_etab_3":null,"lib_etab_4":null,"adr_etab_1":"28 RUE DES ECLUSES ST MARTIN","adr_etab_2":null,"adr_etab_3":null,"adr_etab_4":null,"type_etabl":"Maternelle","geo_point_2d":{"lon":2.3654096975477286,"lat":48.879419895505734},"st_area_shape":103655.30649595438,"st_perimeter_shape":6095.418265398934}},{"type":"Feature","geometry":{"coordinates":[[[[2.365559,48.868269],[2.364529,48.869121],[2.366151,48.869669],[2.366919,48.868679],[2.365559,48.868269]]],[[[2.364483,48.868935],[2.365247,48.868185],[2.364395,48.867873],[2.363232,48.868575],[2.364483,48.868935]]],[[[2.363553,48.868865],[2.363272,48.868823],[2.363431,48.869184],[2.363748,48.868972],[2.363553,48.868865]]],[[[2.363895,48.869028],[2.363505,48.869352],[2.363692,48.869776],[2.364254,48.869149],[2.363895,48.869028]]],[[[2.366061,48.869788],[2.364413,48.869234],[2.363928,48.869857],[2.365329,48.870654],[2.366061,48.869788]]],[[[2.362753,48.86924],[2.363234,48.869373],[2.362954,48.868854],[2.361418,48.870744],[2.363149,48.86944],[2.362753,48.86924]]],[[[2.363552,48.870051],[2.363291,48.869466],[2.361512,48.870866],[2.362089,48.871414],[2.362726,48.871113],[2.363552,48.870051]]],[[[2.364064,48.870142],[2.363842,48.870116],[2.364596,48.871673],[2.365261,48.870754],[2.364064,48.870142]]],[[[2.363682,48.870267],[2.362853,48.87124],[2.364265,48.871739],[2.363682,48.870267]]],[[[2.3628,48.871394],[2.36218,48.871504],[2.363261,48.872474],[2.364311,48.871941],[2.3628,48.871394]]],[[[2.361385,48.872523],[2.361844,48.872263],[2.361145,48.871256],[2.361927,48.872214],[2.36252,48.871978],[2.361408,48.870924],[2.360492,48.871606],[2.361155,48.87259],[2.361385,48.872523]]],[[[2.364225,48.872153],[2.363359,48.87256],[2.363719,48.872798],[2.364225,48.872153]]],[[[2.363578,48.872862],[2.363383,48.872766],[2.363474,48.873053],[2.363578,48.872862]]],[[[2.362685,48.872122],[2.361212,48.872675],[2.361536,48.87312],[2.363324,48.873103],[2.362685,48.872122]]],[[[2.363429,48.873931],[2.3641,48.873211],[2.363625,48.873137],[2.363002,48.874192],[2.363429,48.873931]]],[[[2.363395,48.873214],[2.361653,48.873248],[2.362648,48.874203],[2.363395,48.873214]]]],"type":"MultiPolygon"},"properties":{"id_projet":"MATERNELLES (année scolaire 2024/2025)","libelle":"LEGOUVE (6) MAT","annee_scol":"2024-2025","zone_commune":0,"etiquette":"Secteur de l'école 6 RUE LEGOUVE","lib_etab_1":"LEGOUVE (6) MAT","lib_etab_2":null,"lib_etab_3":null,"lib_etab_4":null,"adr_etab_1":"6 RUE LEGOUVE","adr_etab_2":null,"adr_etab_3":null,"adr_etab_4":null,"type_etabl":"Maternelle","geo_point_2d":{"lon":2.363497523559982,"lat":48.87081391327538},"st_area_shape":126277.04190400855,"st_perimeter_shape":6343.647804853386}},{"type":"Feature","geometry":{"coordinates":[[[[2.369967,48.880238],[2.369988,48.87862],[2.368191,48.879497],[2.36982,48.881382],[2.369967,48.880238]]],[[[2.368471,48.875844],[2.37018,48.873803],[2.368432,48.874449],[2.367842,48.874008],[2.367272,48.874097],[2.368561,48.875308],[2.368471,48.875844]]],[[[2.368196,48.877773],[2.368476,48.877195],[2.368772,48.877497],[2.368449,48.877815],[2.369785,48.877656],[2.368272,48.876359],[2.367878,48.87663],[2.368412,48.877129],[2.367799,48.877067],[2.367976,48.877911],[2.368196,48.877773]]],[[[2.368554,48.881879],[2.36705,48.880133],[2.36663,48.88053],[2.366859,48.880717],[2.366448,48.880928],[2.366915,48.880902],[2.367667,48.881579],[2.367421,48.88186],[2.367833,48.881658],[2.368891,48.8823],[2.368554,48.881879]]],[[[2.368985,48.876176],[2.368679,48.876213],[2.369761,48.877304],[2.370144,48.877153],[2.370154,48.876215],[2.368985,48.876176]]],[[[2.370161,48.875361],[2.369254,48.875375],[2.368724,48.876027],[2.370105,48.876076],[2.370161,48.875361]]],[[[2.368979,48.87881],[2.369718,48.878408],[2.36958,48.878018],[2.367992,48.877992],[2.369144,48.878435],[2.368979,48.87881]]],[[[2.368852,48.881715],[2.36925,48.882277],[2.369941,48.88219],[2.369541,48.881461],[2.368852,48.881715]]],[[[2.370175,48.874205],[2.369384,48.875247],[2.370164,48.87517],[2.370175,48.874205]]],[[[2.367828,48.879116],[2.368782,48.878926],[2.368041,48.87855],[2.368224,48.878894],[2.367828,48.879116]]],[[[2.368694,48.881773],[2.368852,48.881715],[2.36874,48.881586],[2.367965,48.880685],[2.36791,48.880621],[2.367863,48.880638],[2.367859,48.880634],[2.367849,48.880638],[2.367771,48.880548],[2.367709,48.880572],[2.367783,48.88066],[2.367747,48.880673],[2.368694,48.881773]]],[[[2.367279,48.87716],[2.36793,48.876865],[2.367643,48.876669],[2.367279,48.87716]]],[[[2.370142,48.877318],[2.370107,48.877304],[2.36985,48.877394],[2.369984,48.877528],[2.37014,48.877497],[2.370142,48.877318]]]],"type":"MultiPolygon"},"properties":{"id_projet":"MATERNELLES (année scolaire 2025/2026)","libelle":"BOY  ZELENSKI (5) MAT","annee_scol":"2025-2026","zone_commune":0,"etiquette":"Secteur de l'école 5 RUE BOY ZELENSKI","lib_etab_1":"BOY  ZELENSKI (5) MAT","lib_etab_2":null,"lib_etab_3":null,"lib_etab_4":null,"adr_etab_1":"5 RUE BOY ZELENSKI","adr_etab_2":null,"adr_etab_3":null,"adr_etab_4":null,"type_etabl":"Maternelle","geo_point_2d":{"lon":2.368950111692952,"lat":48.87791377646711},"st_area_shape":96151.89363917918,"st_perimeter_shape":5672.02815375148}},{"type":"Feature","geometry":{"coordinates":[[[[2.368561,48.875308],[2.367272,48.874097],[2.367842,48.874008],[2.368432,48.874449],[2.37018,48.873803],[2.369311,48.872111],[2.367961,48.871841],[2.365068,48.873683],[2.368347,48.875913],[2.368561,48.875308]]],[[[2.363809,48.876985],[2.363783,48.876954],[2.363491,48.877064],[2.363519,48.877095],[2.363668,48.877043],[2.363811,48.876987],[2.363809,48.876985]]],[[[2.364412,48.876764],[2.364388,48.876735],[2.364343,48.876752],[2.364338,48.876746],[2.363875,48.876924],[2.363899,48.876951],[2.363901,48.876953],[2.364309,48.876802],[2.364395,48.87677],[2.364412,48.876764]]],[[[2.365591,48.879405],[2.36505,48.879279],[2.365549,48.879739],[2.365591,48.879405]]],[[[2.364992,48.878755],[2.364424,48.8787],[2.364933,48.879139],[2.364992,48.878755]]],[[[2.36932,48.871824],[2.368429,48.871619],[2.368477,48.871553],[2.368325,48.871506],[2.368289,48.871555],[2.368239,48.871623],[2.368202,48.871677],[2.368056,48.87167],[2.368079,48.871702],[2.368328,48.871756],[2.369224,48.87195],[2.36929,48.871964],[2.369429,48.871925],[2.36932,48.871824]]],[[[2.364291,48.873359],[2.363772,48.873913],[2.364741,48.873688],[2.364291,48.873359]]],[[[2.362026,48.877601],[2.363425,48.87713],[2.362429,48.877235],[2.362026,48.877601]]],[[[2.367645,48.871847],[2.366091,48.872089],[2.366594,48.872461],[2.367645,48.871847]]],[[[2.366853,48.877327],[2.367527,48.877067],[2.367643,48.876669],[2.366285,48.877213],[2.366853,48.877327]]],[[[2.365282,48.879678],[2.36423,48.878704],[2.363762,48.879177],[2.365282,48.879678]]],[[[2.370529,48.872796],[2.370144,48.872378],[2.370527,48.87249],[2.3708,48.872209],[2.369731,48.872025],[2.370368,48.873496],[2.370529,48.872796]]],[[[2.365036,48.877917],[2.365295,48.877692],[2.364537,48.876811],[2.363982,48.876986],[2.365036,48.877917]]],[[[2.367755,48.871064],[2.366661,48.870796],[2.366029,48.87101],[2.367839,48.871644],[2.368001,48.871147],[2.367755,48.871064]]],[[[2.366097,48.871946],[2.367592,48.87169],[2.365948,48.871114],[2.36552,48.871665],[2.366097,48.871946]]],[[[2.365591,48.871986],[2.365359,48.871871],[2.364299,48.873237],[2.364888,48.873637],[2.366474,48.872711],[2.365591,48.871986]]],[[[2.365382,48.874089],[2.364843,48.873777],[2.363649,48.874095],[2.363601,48.874536],[2.364314,48.875426],[2.366113,48.874558],[2.365382,48.874089]]],[[[2.364351,48.877588],[2.363846,48.877081],[2.361853,48.877873],[2.362969,48.87914],[2.36481,48.878113],[2.364351,48.877588]]],[[[2.36599,48.877055],[2.368111,48.876081],[2.367139,48.875216],[2.366227,48.875647],[2.367093,48.875186],[2.366255,48.874651],[2.364393,48.875557],[2.36599,48.877055]]]],"type":"MultiPolygon"},"properties":{"id_projet":"MATERNELLES (année scolaire 2026/2027)","libelle":"HOPITAL ST LOUIS (18) MAT","annee_scol":"2026-2027","zone_commune":0,"etiquette":"Secteur de l'école 18 HOPITAL ST LOUIS (18) MAT","lib_etab_1":"HOPITAL ST LOUIS (18) MAT","lib_etab_2":null,"lib_etab_3":null,"lib_etab_4":null,"adr_etab_1":"18 HOPITAL ST LOUIS (18) MAT","adr_etab_2":null,"adr_etab_3":null,"adr_etab_4":null,"type_etabl":"Maternelle","geo_point_2d":{"lon":2.366228961843737,"lat":48.87473766054926},"st_area_shape":224275.07683530168,"st_perimeter_shape":8008.942195462172}},{"type":"Feature","geometry":{"coordinates":[[[[2.349743,48.875449],[2.350844,48.875288],[2.350467,48.873885],[2.348004,48.874088],[2.348303,48.875735],[2.349743,48.875449]]],[[[2.350873,48.87136],[2.352147,48.871119],[2.350857,48.870288],[2.350681,48.870948],[2.350476,48.87041],[2.349784,48.870679],[2.349953,48.87155],[2.350873,48.87136]]],[[[2.349624,48.870859],[2.347978,48.870848],[2.347986,48.871939],[2.349804,48.871593],[2.349624,48.870859]]],[[[2.351853,48.871544],[2.352325,48.871464],[2.35223,48.871215],[2.349984,48.871662],[2.350129,48.872074],[2.351853,48.871544]]],[[[2.353955,48.872295],[2.353939,48.872268],[2.353889,48.872281],[2.353905,48.872307],[2.353955,48.872295]]],[[[2.349857,48.871677],[2.34801,48.872027],[2.347989,48.872388],[2.349945,48.872103],[2.349857,48.871677]]],[[[2.35341,48.873075],[2.354233,48.872792],[2.353933,48.872667],[2.352191,48.872957],[2.353894,48.872343],[2.352098,48.872904],[2.351501,48.872347],[2.351916,48.872802],[2.353773,48.872194],[2.352445,48.872583],[2.352305,48.872327],[2.351874,48.872439],[2.351945,48.871948],[2.350128,48.872178],[2.350564,48.873759],[2.35341,48.873075]]],[[[2.350395,48.873633],[2.350304,48.87334],[2.348164,48.873463],[2.350297,48.873275],[2.349969,48.872187],[2.347989,48.8725],[2.348042,48.873967],[2.350395,48.873633]]],[[[2.356295,48.873893],[2.356561,48.873813],[2.356306,48.873366],[2.355748,48.873498],[2.355483,48.872922],[2.354583,48.872864],[2.355328,48.874097],[2.356295,48.873893]]],[[[2.354283,48.872936],[2.35274,48.873413],[2.353478,48.874669],[2.354147,48.874333],[2.353789,48.873189],[2.354283,48.872936]]],[[[2.351234,48.875194],[2.353378,48.874744],[2.352609,48.87346],[2.35059,48.873852],[2.350962,48.875228],[2.351234,48.875194]]]],"type":"MultiPolygon"},"properties":{"id_projet":"MATERNELLES (année scolaire 2025/2026)","libelle":"MARTEL (9) MAT","annee_scol":"2025-2026","zone_commune":0,"etiquette":"Secteur de l'école 9 RUE MARTEL","lib_etab_1":"MARTEL (9) MAT","lib_etab_2":null,"lib_etab_3":null,"lib_etab_4":null,"adr_etab_1":"9 RUE MARTEL","adr_etab_2":null,"adr_etab_3":null,"adr_etab_4":null,"type_etabl":"Maternelle","geo_point_2d":{"lon":2.3508078235332213,"lat":48.87319565940031},"st_area_shape":178351.04324032846,"st_perimeter_shape":7083.59998450005}},{"type":"Feature","geometry":{"coordinates":[[[[2.357292,48.884292],[2.358943,48.883847],[2.358008,48.881778],[2.357592,48.881364],[2.356832,48.881526],[2.356762,48.881017],[2.356399,48.881088],[2.356167,48.880567],[2.356993,48.88056],[2.356699,48.879919],[2.357114,48.879636],[2.352688,48.880548],[2.354441,48.881799],[2.35563,48.883918],[2.357292,48.884292]]],[[[2.355383,48.883942],[2.354245,48.881863],[2.351243,48.882223],[2.351386,48.883681],[2.355383,48.883942]]],[[[2.351207,48.881261],[2.351102,48.880876],[2.349906,48.881137],[2.349713,48.883012],[2.351207,48.881261]]],[[[2.351026,48.882233],[2.34983,48.88357],[2.351136,48.883641],[2.351026,48.882233]]],[[[2.349947,48.879887],[2.349672,48.87985],[2.349921,48.880982],[2.351072,48.88077],[2.350888,48.880166],[2.349947,48.879887]]],[[[2.352338,48.880783],[2.351284,48.882004],[2.352617,48.881794],[2.352338,48.880783]]],[[[2.351704,48.879506],[2.350977,48.879531],[2.351038,48.880039],[2.352104,48.88035],[2.352009,48.879584],[2.351704,48.879506]]],[[[2.352738,48.880838],[2.352498,48.880762],[2.352777,48.881775],[2.354012,48.881679],[2.352738,48.880838]]],[[[2.352541,48.879233],[2.353255,48.879149],[2.35371,48.878643],[2.35345,48.878464],[2.353259,48.878776],[2.352284,48.878158],[2.352541,48.879233]]],[[[2.353103,48.879319],[2.35217,48.879564],[2.35232,48.880108],[2.353103,48.879319]]],[[[2.352308,48.879177],[2.352021,48.87851],[2.351782,48.879352],[2.352308,48.879177]]],[[[2.351337,48.8803],[2.351097,48.880255],[2.351237,48.880732],[2.351962,48.880507],[2.351337,48.8803]]],[[[2.350758,48.879621],[2.349874,48.879707],[2.350822,48.879989],[2.350758,48.879621]]],[[[2.351794,48.880777],[2.351259,48.880844],[2.351343,48.881147],[2.351794,48.880777]]],[[[2.350894,48.87943],[2.351054,48.879411],[2.351054,48.879412],[2.351067,48.87941],[2.351067,48.879409],[2.351312,48.87938],[2.351312,48.879381],[2.351325,48.87938],[2.351325,48.879379],[2.351485,48.879359],[2.351485,48.879361],[2.351497,48.879359],[2.351497,48.879358],[2.351503,48.879352],[2.351505,48.879351],[2.351503,48.879343],[2.351501,48.879343],[2.351485,48.879284],[2.350857,48.879374],[2.35087,48.879419],[2.350867,48.87942],[2.350869,48.879428],[2.350872,48.879428],[2.35088,48.879431],[2.350881,48.879433],[2.350894,48.879432],[2.350894,48.87943]]]],"type":"MultiPolygon"},"properties":{"id_projet":"MATERNELLES (année scolaire 2021/2022)","libelle":"BELZUNCE (3) POLY","annee_scol":"2021-2022","zone_commune":0,"etiquette":"Secteur de l'école 3 RUE DE BELZUNCE","lib_etab_1":"BELZUNCE (3) POLY","lib_etab_2":null,"lib_etab_3":null,"lib_etab_4":null,"adr_etab_1":"3 RUE DE BELZUNCE","adr_etab_2":null,"adr_etab_3":null,"adr_etab_4":null,"type_etabl":"Maternelle","geo_point_2d":{"lon":2.3541656822903136,"lat":48.88195837939374},"st_area_shape":232625.12857958215,"st_perimeter_shape":6742.523291880216}},{"type":"Feature","geometry":{"coordinates":[[[[2.37252,48.874728],[2.370461,48.875251],[2.370454,48.876046],[2.372095,48.876089],[2.37304,48.875266],[2.37252,48.874728]]],[[[2.372318,48.874598],[2.370478,48.873814],[2.370465,48.87509],[2.372318,48.874598]]],[[[2.371753,48.876194],[2.370452,48.876218],[2.370439,48.877461],[2.371753,48.876194]]],[[[2.374009,48.874416],[2.372637,48.874715],[2.373145,48.875173],[2.374009,48.874416]]],[[[2.374041,48.874228],[2.374311,48.874136],[2.37397,48.873799],[2.373583,48.87387],[2.37313,48.874478],[2.374041,48.874228]]],[[[2.373007,48.874489],[2.372963,48.87447],[2.372402,48.87457],[2.37245,48.874591],[2.37249,48.874596],[2.372999,48.874516],[2.373007,48.874489]]]],"type":"MultiPolygon"},"properties":{"id_projet":"MATERNELLES (année scolaire 2022/2023)","libelle":"VICQ D'AZIR (16) POLY","annee_scol":"2022-2023","zone_commune":0,"etiquette":"Secteur de l'école 16 RUE VICQ D'AZIR","lib_etab_1":"VICQ D'AZIR (16) POLY","lib_etab_2":null,"lib_etab_3":null,"lib_etab_4":null,"adr_etab_1":"16 RUE VICQ D'AZIR","adr_etab_2":null,"adr_etab_3":null,"adr_etab_4":null,"type_etabl":"Maternelle","geo_point_2d":{"lon":2.3716668399555574,"lat":48.875326778267414},"st_area_shape":45269.775014285115,"st_perimeter_shape":2104.663534024583}},{"type":"Feature","geometry":{"coordinates":[[[2.35831,48.880031],[2.358174,48.879767],[2.358045,48.879984],[2.35831,48.880031]]],"type":"Polygon"},"properties":{"id_projet":"MATERNELLES (année scolaire 2022/2023)","libelle":"ZM.AQUEDUC(39)/LOUIS BLANC(49)","annee_scol":"2022-2023","zone_commune":1,"etiquette":"Secteur commun des écoles \n39 RUE DE L'AQUEDUC \n49 RUE LOUIS BLANC","lib_etab_1":"AQUEDUC (39) MAT","lib_etab_2":"LOUIS BLANC (49) MAT","lib_etab_3":null,"lib_etab_4":null,"adr_etab_1":"39 RUE DE L'AQUEDUC","adr_etab_2":"49 RUE LOUIS BLANC","adr_etab_3":null,"adr_etab_4":null,"type_etabl":"Maternelle","geo_point_2d":{"lon":2.3582257199945382,"lat":48.879916856596346},"st_area_shape":467.6453704951483,"st_perimeter_shape":87.41704844180074}},{"type":"Feature","geometry":{"coordinates":[[[[2.361811,48.882902],[2.36298,48.882157],[2.362012,48.882219],[2.362194,48.881655],[2.361878,48.881992],[2.361718,48.881352],[2.360537,48.880799],[2.361135,48.881698],[2.36011,48.881947],[2.359346,48.881121],[2.36027,48.880757],[2.358246,48.881319],[2.359196,48.882783],[2.361533,48.882603],[2.361362,48.882139],[2.361811,48.882902]]],[[[2.361666,48.880498],[2.361956,48.88046],[2.361986,48.879529],[2.360274,48.879465],[2.360088,48.878866],[2.359214,48.879034],[2.35935,48.879522],[2.358846,48.879691],[2.361666,48.880498]]],[[[2.359081,48.884108],[2.35898,48.883018],[2.357126,48.879664],[2.356699,48.879919],[2.356993,48.88056],[2.356167,48.880567],[2.35632,48.880919],[2.356762,48.881017],[2.356832,48.881526],[2.357592,48.881364],[2.358008,48.881778],[2.358943,48.883847],[2.35836,48.884171],[2.359081,48.884108]]],[[[2.358339,48.881144],[2.360046,48.880689],[2.358064,48.88021],[2.357768,48.879596],[2.357351,48.879588],[2.358339,48.881144]]],[[[2.361586,48.882743],[2.359426,48.882916],[2.360513,48.883502],[2.361586,48.882743]]],[[[2.359521,48.883113],[2.359259,48.883017],[2.359443,48.884027],[2.360309,48.883612],[2.359521,48.883113]]],[[[2.360591,48.883728],[2.359676,48.884183],[2.361343,48.884216],[2.360591,48.883728]]],[[[2.361511,48.883247],[2.360725,48.883663],[2.361471,48.884038],[2.361511,48.883247]]],[[[2.361825,48.884106],[2.362151,48.883872],[2.361825,48.883026],[2.361825,48.884106]]]],"type":"MultiPolygon"},"properties":{"id_projet":"MATERNELLES (année scolaire 2020/2021)","libelle":"LOUIS BLANC (49) MAT","annee_scol":"2020-2021","zone_commune":0,"etiquette":"Secteur de l'école 49 RUE LOUIS BLANC","lib_etab_1":"LOUIS BLANC (49) MAT","lib_etab_2":null,"lib_etab_3":null,"lib_etab_4":null,"adr_etab_1":"49 RUE LOUIS BLANC","adr_etab_2":null,"adr_etab_3":null,"adr_etab_4":null,"type_etabl":null,"geo_point_2d":{"lon":2.359784724952443,"lat":48.88163510578573},"st_area_shape":110167.7182384271,"st_perimeter_shape":5865.833414782603}},{"type":"Feature","geometry":{"coordinates":[[[[2.363234,48.876305],[2.364016,48.876208],[2.363541,48.87606],[2.363801,48.87596],[2.362597,48.874342],[2.35971,48.875146],[2.362324,48.876353],[2.362765,48.876243],[2.362464,48.876399],[2.3631,48.876607],[2.363234,48.876305]],[[2.362813,48.875881],[2.36322,48.875687],[2.363223,48.87569],[2.362817,48.875885],[2.362813,48.875881]]],[[[2.360832,48.874642],[2.36247,48.874222],[2.361416,48.873211],[2.358966,48.873307],[2.358488,48.873844],[2.358722,48.874243],[2.360487,48.873911],[2.360832,48.874642]]],[[[2.358283,48.878131],[2.357471,48.876493],[2.356304,48.876601],[2.35675,48.8784],[2.358283,48.878131]]],[[[2.360202,48.878844],[2.359708,48.877529],[2.35848,48.877845],[2.358317,48.877569],[2.359655,48.877455],[2.359462,48.876988],[2.358206,48.877311],[2.358844,48.879691],[2.35935,48.879522],[2.359214,48.879034],[2.360202,48.878844]]],[[[2.360427,48.871722],[2.359094,48.873212],[2.361349,48.8731],[2.360427,48.871722]]],[[[2.360285,48.874829],[2.360708,48.874659],[2.360407,48.874063],[2.358758,48.874298],[2.359296,48.875025],[2.360285,48.874829]]],[[[2.357775,48.873045],[2.356702,48.873297],[2.357324,48.874408],[2.358143,48.873697],[2.357775,48.873045]]],[[[2.35875,48.872239],[2.359844,48.871797],[2.358955,48.871594],[2.357587,48.872188],[2.357777,48.872545],[2.35875,48.872239]]],[[[2.356676,48.874631],[2.35557,48.874472],[2.356309,48.87564],[2.357126,48.874831],[2.356676,48.874631]]],[[[2.358165,48.87326],[2.358553,48.873239],[2.359565,48.872107],[2.357825,48.87263],[2.35798,48.872917],[2.358702,48.872794],[2.358,48.872953],[2.358165,48.87326]]],[[[2.357453,48.875709],[2.356922,48.87559],[2.356283,48.876303],[2.357606,48.87615],[2.357453,48.875709]]],[[[2.357893,48.874989],[2.358789,48.874848],[2.358335,48.874065],[2.357803,48.874619],[2.357893,48.874989]]],[[[2.356869,48.874556],[2.356576,48.873894],[2.355385,48.874185],[2.356869,48.874556]]],[[[2.358493,48.878768],[2.358357,48.878427],[2.356888,48.878516],[2.358047,48.878633],[2.358582,48.879201],[2.358493,48.878768]]],[[[2.359098,48.875483],[2.358131,48.875556],[2.358568,48.875992],[2.359259,48.875881],[2.359098,48.875483]]],[[[2.358601,48.875421],[2.359029,48.875347],[2.358868,48.875022],[2.357849,48.875212],[2.358601,48.875421]]],[[[2.362553,48.87673],[2.361004,48.876295],[2.36232,48.8769],[2.362553,48.87673]]],[[[2.356503,48.873846],[2.356431,48.873782],[2.356426,48.873783],[2.356256,48.873823],[2.356213,48.873832],[2.356149,48.873847],[2.356106,48.873857],[2.356061,48.873868],[2.355999,48.873882],[2.355956,48.873892],[2.355882,48.873909],[2.355862,48.873913],[2.355801,48.873927],[2.355726,48.873945],[2.355691,48.873953],[2.355647,48.873963],[2.355542,48.873987],[2.355492,48.873999],[2.355328,48.874096],[2.355328,48.874097],[2.355363,48.874106],[2.355529,48.874068],[2.355683,48.874033],[2.355838,48.873997],[2.355992,48.873962],[2.356142,48.873928],[2.356295,48.873893],[2.356503,48.873846]]],[[[2.357308,48.875292],[2.3572,48.87528],[2.357125,48.875364],[2.357075,48.875419],[2.35703,48.875466],[2.357055,48.875488],[2.357207,48.875477],[2.357337,48.875465],[2.357364,48.875441],[2.357308,48.875292]]],[[[2.358612,48.879349],[2.35836,48.879477],[2.358667,48.879619],[2.358612,48.879349]]],[[[2.363562,48.877038],[2.363466,48.876943],[2.363461,48.876945],[2.36334,48.87686],[2.363327,48.876858],[2.363154,48.876745],[2.363099,48.876767],[2.363092,48.876769],[2.363086,48.876772],[2.36308,48.876776],[2.363076,48.87678],[2.363072,48.876784],[2.363069,48.876789],[2.363068,48.876793],[2.363067,48.876798],[2.363067,48.876802],[2.363067,48.876803],[2.363068,48.876806],[2.363069,48.876808],[2.363071,48.876813],[2.363075,48.876817],[2.363079,48.876821],[2.363084,48.876825],[2.36309,48.876828],[2.363097,48.876831],[2.363104,48.876833],[2.363314,48.876904],[2.363332,48.876911],[2.363345,48.876918],[2.363358,48.876925],[2.363372,48.876934],[2.363401,48.876966],[2.363491,48.877064],[2.363562,48.877038]]],[[[2.363222,48.876951],[2.362891,48.876842],[2.362857,48.876843],[2.362896,48.876893],[2.363184,48.876985],[2.363286,48.877063],[2.363338,48.877048],[2.363317,48.877031],[2.363222,48.876951]]],[[[2.358445,48.873358],[2.358424,48.873336],[2.358247,48.873345],[2.358225,48.873368],[2.358289,48.873485],[2.358331,48.873487],[2.358445,48.873358]]]],"type":"MultiPolygon"},"properties":{"id_projet":"MATERNELLES (année scolaire 2020/2021)","libelle":"RECOLLETS (23) MAT","annee_scol":"2020-2021","zone_commune":0,"etiquette":"Secteur de l'école 23 PASSAGE DES RECOLLETS","lib_etab_1":"RECOLLETS (23) MAT","lib_etab_2":null,"lib_etab_3":null,"lib_etab_4":null,"adr_etab_1":"23 PASSAGE DES RECOLLETS","adr_etab_2":null,"adr_etab_3":null,"adr_etab_4":null,"type_etabl":null,"geo_point_2d":{"lon":2.3594231287590666,"lat":48.87522745489352},"st_area_shape":196076.85741688783,"st_perimeter_shape":8800.050007320113}},{"type":"Feature","geometry":{"coordinates":[[[[2.37295,48.873977],[2.373617,48.873522],[2.371394,48.872559],[2.370702,48.873407],[2.372267,48.874098],[2.37262,48.873788],[2.372739,48.874101],[2.37295,48.873977]]],[[[2.371389,48.875348],[2.370461,48.875251],[2.370454,48.876046],[2.372095,48.876089],[2.371389,48.875348]]],[[[2.373804,48.873444],[2.374451,48.873055],[2.373841,48.873261],[2.371733,48.872158],[2.371425,48.872503],[2.373804,48.873444]]],[[[2.370783,48.874642],[2.371208,48.874283],[2.372318,48.874598],[2.370511,48.873798],[2.370465,48.87509],[2.370783,48.874642]]],[[[2.37337,48.87416],[2.374464,48.873467],[2.374542,48.873114],[2.372685,48.874257],[2.37313,48.874478],[2.37337,48.87416]]],[[[2.37168,48.873903],[2.370665,48.873455],[2.370479,48.873702],[2.371434,48.874144],[2.37168,48.873903]]],[[[2.372963,48.87447],[2.371818,48.873964],[2.371566,48.874176],[2.372402,48.87457],[2.372963,48.87447]]],[[[2.371253,48.876389],[2.371911,48.876214],[2.370752,48.876187],[2.371041,48.876568],[2.371253,48.876389]]]],"type":"MultiPolygon"},"properties":{"id_projet":"MATERNELLES (année scolaire 2020/2021)","libelle":"VICQ D'AZIR (16) POLY","annee_scol":"2020-2021","zone_commune":0,"etiquette":"Secteur de l'école 16 RUE VICQ D'AZIR","lib_etab_1":"VICQ D'AZIR (16) POLY","lib_etab_2":null,"lib_etab_3":null,"lib_etab_4":null,"adr_etab_1":"16 RUE VICQ D'AZIR","adr_etab_2":null,"adr_etab_3":null,"adr_etab_4":null,"type_etabl":null,"geo_point_2d":{"lon":2.3719501207880156,"lat":48.873991669119924},"st_area_shape":52476.28597345159,"st_perimeter_shape":3330.3909724386235}},{"type":"Feature","geometry":{"coordinates":[[[[2.353831,48.876471],[2.353959,48.876695],[2.355392,48.876497],[2.3553,48.876184],[2.35363,48.87634],[2.355973,48.876015],[2.354789,48.875839],[2.355814,48.875447],[2.354762,48.875467],[2.354487,48.87512],[2.351231,48.876153],[2.351326,48.876395],[2.352584,48.876219],[2.352121,48.876413],[2.352211,48.876934],[2.353912,48.876701],[2.353831,48.876471]]],[[[2.349467,48.87742],[2.349193,48.877457],[2.3494,48.879131],[2.351158,48.878101],[2.351087,48.877844],[2.349467,48.87742]]],[[[2.352002,48.877595],[2.354988,48.877219],[2.35544,48.876714],[2.35153,48.877136],[2.351608,48.877522],[2.352002,48.877595]]],[[[2.354834,48.877388],[2.352104,48.877723],[2.353661,48.878336],[2.354834,48.877388]]],[[[2.351309,48.877038],[2.350982,48.876187],[2.349985,48.876887],[2.3487,48.876561],[2.349018,48.877099],[2.34966,48.877284],[2.351309,48.877038]]],[[[2.358197,48.878804],[2.356823,48.878541],[2.357181,48.879255],[2.357726,48.879397],[2.358583,48.879203],[2.358197,48.878804]]],[[[2.354567,48.878757],[2.354382,48.878843],[2.354792,48.879606],[2.355768,48.879626],[2.355625,48.879035],[2.354567,48.878757]]],[[[2.356057,48.876691],[2.35546,48.877221],[2.355711,48.878125],[2.356317,48.877995],[2.356057,48.876691]]],[[[2.356705,48.878819],[2.356374,48.878136],[2.355711,48.878255],[2.355936,48.878929],[2.356838,48.879165],[2.356705,48.878819]]],[[[2.350497,48.878678],[2.349472,48.879265],[2.349556,48.879543],[2.350711,48.879453],[2.350497,48.878678]]],[[[2.353996,48.878933],[2.353461,48.879449],[2.353774,48.880031],[2.3544,48.879685],[2.353996,48.878933]]],[[[2.350857,48.879374],[2.351485,48.879284],[2.351218,48.87831],[2.350643,48.878603],[2.350857,48.879374]]],[[[2.355521,48.878483],[2.355454,48.878274],[2.354398,48.878508],[2.355597,48.878839],[2.355521,48.878483]]],[[[2.351386,48.877318],[2.350162,48.877414],[2.351185,48.877682],[2.351386,48.877318]]],[[[2.351962,48.876435],[2.351332,48.876521],[2.351474,48.877034],[2.352117,48.876928],[2.351962,48.876435]]],[[[2.355377,48.878007],[2.355212,48.877499],[2.354547,48.87824],[2.355377,48.878007]]],[[[2.352505,48.878216],[2.352295,48.878161],[2.352517,48.878482],[2.353259,48.878776],[2.35345,48.878464],[2.352505,48.878216]]],[[[2.356103,48.87916],[2.356038,48.879601],[2.356903,48.879461],[2.356103,48.87916]]],[[[2.351782,48.879352],[2.351998,48.878501],[2.351534,48.878745],[2.351782,48.879352]]],[[[2.353295,48.879681],[2.352741,48.880249],[2.353523,48.880116],[2.353295,48.879681]]],[[[2.355643,48.875336],[2.354767,48.875059],[2.354962,48.875367],[2.355643,48.875336]]],[[[2.35586,48.87614],[2.35539,48.876174],[2.355447,48.87649],[2.35586,48.87614]]],[[[2.358591,48.87934],[2.358024,48.879475],[2.358635,48.879635],[2.35836,48.879477],[2.358591,48.87934]]]],"type":"MultiPolygon"},"properties":{"id_projet":"MATERNELLES (année scolaire 2020/2021)","libelle":"LEON SCHWARTZENBERG (11) MAT","annee_scol":"2020-2021","zone_commune":0,"etiquette":"Secteur de l'école 11 SQUARE ALBAN SATRAGNE","lib_etab_1":"LEON SCHWARTZENBERG (11) MAT","lib_etab_2":null,"lib_etab_3":null,"lib_etab_4":null,"adr_etab_1":"11 SQUARE ALBAN SATRAGNE","adr_etab_2":null,"adr_etab_3":null,"adr_etab_4":null,"type_etabl":null,"geo_point_2d":{"lon":2.3532510976120045,"lat":48.877610757639985},"st_area_shape":154321.37661355306,"st_perimeter_shape":8519.648870656081}},{"type":"Feature","geometry":{"coordinates":[[[[2.359214,48.879034],[2.360088,48.878866],[2.360274,48.879465],[2.361533,48.879475],[2.3614,48.878864],[2.361871,48.878744],[2.362245,48.879279],[2.360366,48.876112],[2.357676,48.876582],[2.358265,48.877571],[2.358813,48.879664],[2.35935,48.879522],[2.359214,48.879034]]],[[[2.363248,48.876328],[2.364055,48.876253],[2.363541,48.87606],[2.363801,48.87596],[2.362597,48.874342],[2.35971,48.875146],[2.361072,48.875939],[2.362765,48.876243],[2.362464,48.876399],[2.363109,48.87661],[2.363398,48.876501],[2.363248,48.876328]],[[2.362813,48.875881],[2.36322,48.875687],[2.363223,48.87569],[2.362817,48.875885],[2.362813,48.875881]]],[[[2.360832,48.874642],[2.36247,48.874222],[2.361416,48.873211],[2.358966,48.873307],[2.358488,48.873844],[2.358722,48.874243],[2.360487,48.873911],[2.360832,48.874642]]],[[[2.358283,48.878131],[2.357471,48.876493],[2.356304,48.876601],[2.35675,48.8784],[2.358283,48.878131]]],[[[2.360427,48.871722],[2.359094,48.873212],[2.361349,48.8731],[2.360427,48.871722]]],[[[2.360285,48.874829],[2.360708,48.874659],[2.360407,48.874063],[2.358758,48.874298],[2.359296,48.875025],[2.360285,48.874829]]],[[[2.357775,48.873045],[2.356702,48.873297],[2.357324,48.874408],[2.358143,48.873697],[2.357775,48.873045]]],[[[2.358165,48.87326],[2.358553,48.873239],[2.359565,48.872107],[2.357825,48.87263],[2.35798,48.872917],[2.358702,48.872794],[2.358,48.872953],[2.358165,48.87326]]],[[[2.357453,48.875709],[2.356922,48.87559],[2.356283,48.876303],[2.357606,48.87615],[2.357453,48.875709]]],[[[2.357893,48.874989],[2.358789,48.874848],[2.358335,48.874065],[2.357803,48.874619],[2.357893,48.874989]]],[[[2.358493,48.878768],[2.358357,48.878427],[2.356888,48.878516],[2.358047,48.878633],[2.358582,48.879201],[2.358493,48.878768]]],[[[2.359098,48.875483],[2.358131,48.875556],[2.358568,48.875992],[2.359259,48.875881],[2.359098,48.875483]]],[[[2.358601,48.875421],[2.359029,48.875347],[2.358868,48.875022],[2.357849,48.875212],[2.358601,48.875421]]],[[[2.362553,48.87673],[2.361004,48.876295],[2.36232,48.8769],[2.362553,48.87673]]],[[[2.357308,48.875292],[2.3572,48.87528],[2.357125,48.875364],[2.357075,48.875419],[2.35703,48.875466],[2.357055,48.875488],[2.357207,48.875477],[2.357337,48.875465],[2.357364,48.875441],[2.357308,48.875292]]],[[[2.358612,48.879349],[2.35836,48.879477],[2.358667,48.879619],[2.358612,48.879349]]],[[[2.363562,48.877038],[2.363466,48.876943],[2.363461,48.876945],[2.36334,48.87686],[2.363327,48.876858],[2.363154,48.876745],[2.363099,48.876767],[2.363092,48.876769],[2.363086,48.876772],[2.36308,48.876776],[2.363076,48.87678],[2.363072,48.876784],[2.363069,48.876789],[2.363068,48.876793],[2.363067,48.876798],[2.363067,48.876802],[2.363067,48.876803],[2.363068,48.876806],[2.363069,48.876808],[2.363071,48.876813],[2.363075,48.876817],[2.363079,48.876821],[2.363084,48.876825],[2.36309,48.876828],[2.363097,48.876831],[2.363104,48.876833],[2.363314,48.876904],[2.363332,48.876911],[2.363345,48.876918],[2.363358,48.876925],[2.363372,48.876934],[2.363401,48.876966],[2.363491,48.877064],[2.363562,48.877038]]],[[[2.363222,48.876951],[2.362891,48.876842],[2.362857,48.876843],[2.362896,48.876893],[2.363184,48.876985],[2.363286,48.877063],[2.363338,48.877048],[2.363317,48.877031],[2.363222,48.876951]]],[[[2.358445,48.873358],[2.358424,48.873336],[2.358247,48.873345],[2.358225,48.873368],[2.358289,48.873485],[2.358331,48.873487],[2.358445,48.873358]]]],"type":"MultiPolygon"},"properties":{"id_projet":"MATERNELLES (année scolaire 2022/2023)","libelle":"RECOLLETS (23) MAT","annee_scol":"2022-2023","zone_commune":0,"etiquette":"Secteur de l'école 23 PASSAGE DES RECOLLETS","lib_etab_1":"RECOLLETS (23) MAT","lib_etab_2":null,"lib_etab_3":null,"lib_etab_4":null,"adr_etab_1":"23 PASSAGE DES RECOLLETS","adr_etab_2":null,"adr_etab_3":null,"adr_etab_4":null,"type_etabl":"Maternelle","geo_point_2d":{"lon":2.3597783547844626,"lat":48.87592961958412},"st_area_shape":232215.34615959914,"st_perimeter_shape":7985.4326417223165}},{"type":"Feature","geometry":{"coordinates":[[[[2.368561,48.875308],[2.367272,48.874097],[2.367842,48.874008],[2.368432,48.874449],[2.37018,48.873803],[2.369311,48.872111],[2.367961,48.871841],[2.365068,48.873683],[2.368347,48.875913],[2.368561,48.875308]]],[[[2.36599,48.877055],[2.368111,48.876081],[2.367139,48.875216],[2.366227,48.875647],[2.367093,48.875186],[2.366255,48.874651],[2.364393,48.875557],[2.36599,48.877055]]],[[[2.364351,48.877588],[2.363846,48.877081],[2.361853,48.877873],[2.362969,48.87914],[2.36481,48.878113],[2.364351,48.877588]]],[[[2.365382,48.874089],[2.364843,48.873777],[2.363649,48.874095],[2.363601,48.874536],[2.364314,48.875426],[2.366113,48.874558],[2.365382,48.874089]]],[[[2.365591,48.871986],[2.365359,48.871871],[2.364299,48.873237],[2.364888,48.873637],[2.366474,48.872711],[2.365591,48.871986]]],[[[2.366097,48.871946],[2.367592,48.87169],[2.365948,48.871114],[2.36552,48.871665],[2.366097,48.871946]]],[[[2.367755,48.871064],[2.366661,48.870796],[2.366029,48.87101],[2.367839,48.871644],[2.368001,48.871147],[2.367755,48.871064]]],[[[2.365036,48.877917],[2.365295,48.877692],[2.364537,48.876811],[2.363982,48.876986],[2.365036,48.877917]]],[[[2.370529,48.872796],[2.370144,48.872378],[2.370527,48.87249],[2.3708,48.872209],[2.369731,48.872025],[2.370368,48.873496],[2.370529,48.872796]]],[[[2.365282,48.879678],[2.36423,48.878704],[2.363762,48.879177],[2.365282,48.879678]]],[[[2.366853,48.877327],[2.367527,48.877067],[2.367643,48.876669],[2.366285,48.877213],[2.366853,48.877327]]],[[[2.367645,48.871847],[2.366091,48.872089],[2.366594,48.872461],[2.367645,48.871847]]],[[[2.362026,48.877601],[2.363425,48.87713],[2.362429,48.877235],[2.362026,48.877601]]],[[[2.364291,48.873359],[2.363772,48.873913],[2.364741,48.873688],[2.364291,48.873359]]],[[[2.36932,48.871824],[2.368429,48.871619],[2.368477,48.871553],[2.368325,48.871506],[2.368289,48.871555],[2.368239,48.871623],[2.368202,48.871677],[2.368056,48.87167],[2.368079,48.871702],[2.368328,48.871756],[2.369224,48.87195],[2.36929,48.871964],[2.369429,48.871925],[2.36932,48.871824]]],[[[2.364992,48.878755],[2.364424,48.8787],[2.364933,48.879139],[2.364992,48.878755]]],[[[2.365591,48.879405],[2.36505,48.879279],[2.365549,48.879739],[2.365591,48.879405]]],[[[2.364412,48.876764],[2.364388,48.876735],[2.364343,48.876752],[2.364338,48.876746],[2.363875,48.876924],[2.363899,48.876951],[2.363901,48.876953],[2.364309,48.876802],[2.364395,48.87677],[2.364412,48.876764]]],[[[2.363809,48.876985],[2.363783,48.876954],[2.363491,48.877064],[2.363519,48.877095],[2.363668,48.877043],[2.363811,48.876987],[2.363809,48.876985]]]],"type":"MultiPolygon"},"properties":{"id_projet":"MATERNELLES (année scolaire 2022/2023)","libelle":"HOPITAL ST LOUIS (18) MAT","annee_scol":"2022-2023","zone_commune":0,"etiquette":"Secteur de l'école 18 RUE DE L'HOPITAL ST LOUIS","lib_etab_1":"HOPITAL ST LOUIS (18) MAT","lib_etab_2":null,"lib_etab_3":null,"lib_etab_4":null,"adr_etab_1":"18 RUE DE L'HOPITAL ST LOUIS","adr_etab_2":null,"adr_etab_3":null,"adr_etab_4":null,"type_etabl":"Maternelle","geo_point_2d":{"lon":2.3662289618437384,"lat":48.87473766054932},"st_area_shape":224275.0768353017,"st_perimeter_shape":8008.942195462171}},{"type":"Feature","geometry":{"coordinates":[[[[2.37634,48.872345],[2.376645,48.872017],[2.372941,48.870645],[2.372221,48.871611],[2.374743,48.87312],[2.375421,48.872551],[2.37634,48.872345]]],[[[2.368261,48.871044],[2.369232,48.869487],[2.367701,48.868925],[2.366031,48.871007],[2.366661,48.870796],[2.368001,48.871147],[2.367851,48.871648],[2.368261,48.871044]]],[[[2.37295,48.873977],[2.373617,48.873522],[2.371394,48.872559],[2.370702,48.873407],[2.372267,48.874098],[2.37262,48.873788],[2.372739,48.874101],[2.37295,48.873977]]],[[[2.373804,48.873444],[2.374389,48.872906],[2.372451,48.872324],[2.372705,48.872058],[2.371986,48.871881],[2.371425,48.872503],[2.373804,48.873444]]],[[[2.371243,48.870137],[2.370623,48.870789],[2.372253,48.871294],[2.37276,48.870588],[2.371243,48.870137]]],[[[2.370204,48.870906],[2.370845,48.870038],[2.370056,48.869773],[2.369216,48.870917],[2.369997,48.871143],[2.370204,48.870906]]],[[[2.369751,48.871517],[2.369918,48.871248],[2.368577,48.870859],[2.36805,48.871661],[2.368325,48.871506],[2.369429,48.871925],[2.369751,48.871517]]],[[[2.37337,48.87416],[2.37397,48.873799],[2.374348,48.874124],[2.374918,48.873623],[2.374542,48.873114],[2.372685,48.874257],[2.37313,48.874478],[2.37337,48.87416]]],[[[2.370943,48.872826],[2.371413,48.872252],[2.369855,48.871828],[2.369731,48.872025],[2.3708,48.872209],[2.37012,48.872438],[2.37059,48.87271],[2.370368,48.873496],[2.370943,48.872826]]],[[[2.369813,48.869698],[2.369344,48.869587],[2.368623,48.870745],[2.369149,48.870897],[2.369813,48.869698]]],[[[2.371501,48.872187],[2.371798,48.871794],[2.370245,48.871343],[2.369951,48.871696],[2.371501,48.872187]]],[[[2.370841,48.870946],[2.37057,48.870862],[2.370324,48.871238],[2.371894,48.871694],[2.3722,48.871367],[2.370841,48.870946]]],[[[2.376047,48.872608],[2.375515,48.87265],[2.374842,48.873253],[2.375076,48.873482],[2.376047,48.872608]]],[[[2.37168,48.873903],[2.370665,48.873455],[2.370479,48.873702],[2.371434,48.874144],[2.37168,48.873903]]],[[[2.372963,48.87447],[2.371818,48.873964],[2.371566,48.874176],[2.372402,48.87457],[2.372963,48.87447]]],[[[2.372968,48.872164],[2.372683,48.872298],[2.373313,48.872372],[2.372968,48.872164]]],[[[2.373618,48.872503],[2.373435,48.872407],[2.373252,48.872557],[2.373256,48.872593],[2.373419,48.872676],[2.373465,48.8727],[2.373517,48.872696],[2.373575,48.872649],[2.373702,48.872546],[2.373618,48.872503]]]],"type":"MultiPolygon"},"properties":{"id_projet":"MATERNELLES (année scolaire 2022/2023)","libelle":"PARMENTIER (155) MAT","annee_scol":"2022-2023","zone_commune":0,"etiquette":"Secteur de l'école 155 AVENUE PARMENTIER","lib_etab_1":"PARMENTIER (155) MAT","lib_etab_2":null,"lib_etab_3":null,"lib_etab_4":null,"adr_etab_1":"155 AVENUE PARMENTIER","adr_etab_2":null,"adr_etab_3":null,"adr_etab_4":null,"type_etabl":"Maternelle","geo_point_2d":{"lon":2.371507782555167,"lat":48.87173871061719},"st_area_shape":178283.47229795036,"st_perimeter_shape":7618.230780406505}},{"type":"Feature","geometry":{"coordinates":[[[[2.365559,48.868269],[2.364529,48.869121],[2.366151,48.869669],[2.366919,48.868679],[2.365559,48.868269]]],[[[2.364483,48.868935],[2.365247,48.868185],[2.364395,48.867873],[2.363232,48.868575],[2.364483,48.868935]]],[[[2.363553,48.868865],[2.363272,48.868823],[2.363431,48.869184],[2.363748,48.868972],[2.363553,48.868865]]],[[[2.363895,48.869028],[2.363505,48.869352],[2.363692,48.869776],[2.364254,48.869149],[2.363895,48.869028]]],[[[2.366061,48.869788],[2.364413,48.869234],[2.363928,48.869857],[2.365329,48.870654],[2.366061,48.869788]]],[[[2.362753,48.86924],[2.363234,48.869373],[2.362954,48.868854],[2.361418,48.870744],[2.363149,48.86944],[2.362753,48.86924]]],[[[2.363552,48.870051],[2.363291,48.869466],[2.361512,48.870866],[2.362089,48.871414],[2.362726,48.871113],[2.363552,48.870051]]],[[[2.364064,48.870142],[2.363842,48.870116],[2.364596,48.871673],[2.365261,48.870754],[2.364064,48.870142]]],[[[2.363682,48.870267],[2.362853,48.87124],[2.364265,48.871739],[2.363682,48.870267]]],[[[2.3628,48.871394],[2.36218,48.871504],[2.363261,48.872474],[2.364311,48.871941],[2.3628,48.871394]]],[[[2.361385,48.872523],[2.361844,48.872263],[2.361145,48.871256],[2.361927,48.872214],[2.36252,48.871978],[2.361408,48.870924],[2.360492,48.871606],[2.361155,48.87259],[2.361385,48.872523]]],[[[2.364225,48.872153],[2.363359,48.87256],[2.363719,48.872798],[2.364225,48.872153]]],[[[2.363578,48.872862],[2.363383,48.872766],[2.363474,48.873053],[2.363578,48.872862]]],[[[2.362685,48.872122],[2.361212,48.872675],[2.361536,48.87312],[2.363324,48.873103],[2.362685,48.872122]]],[[[2.363429,48.873931],[2.3641,48.873211],[2.363625,48.873137],[2.363002,48.874192],[2.363429,48.873931]]],[[[2.363395,48.873214],[2.361653,48.873248],[2.362648,48.874203],[2.363395,48.873214]]]],"type":"MultiPolygon"},"properties":{"id_projet":"MATERNELLES (année scolaire 2025/2026)","libelle":"LEGOUVE (6) MAT","annee_scol":"2025-2026","zone_commune":0,"etiquette":"Secteur de l'école 6 RUE LEGOUVE","lib_etab_1":"LEGOUVE (6) MAT","lib_etab_2":null,"lib_etab_3":null,"lib_etab_4":null,"adr_etab_1":"6 RUE LEGOUVE","adr_etab_2":null,"adr_etab_3":null,"adr_etab_4":null,"type_etabl":"Maternelle","geo_point_2d":{"lon":2.363497523559982,"lat":48.87081391327538},"st_area_shape":126277.04190400855,"st_perimeter_shape":6343.647804853386}},{"type":"Feature","geometry":{"coordinates":[[[[2.368561,48.875308],[2.367272,48.874097],[2.367842,48.874008],[2.368432,48.874449],[2.369207,48.874061],[2.367984,48.871838],[2.365068,48.873683],[2.368347,48.875913],[2.368561,48.875308]]],[[[2.36599,48.877055],[2.368111,48.876081],[2.367139,48.875216],[2.366227,48.875647],[2.367093,48.875186],[2.366255,48.874651],[2.364393,48.875557],[2.36599,48.877055]]],[[[2.364351,48.877588],[2.363846,48.877081],[2.361853,48.877873],[2.362969,48.87914],[2.36481,48.878113],[2.364351,48.877588]]],[[[2.365382,48.874089],[2.364843,48.873777],[2.363649,48.874095],[2.363601,48.874536],[2.364314,48.875426],[2.366113,48.874558],[2.365382,48.874089]]],[[[2.365591,48.871986],[2.365359,48.871871],[2.364299,48.873237],[2.364888,48.873637],[2.366474,48.872711],[2.365591,48.871986]]],[[[2.365036,48.877917],[2.365295,48.877692],[2.364537,48.876811],[2.363982,48.876986],[2.365036,48.877917]]],[[[2.362026,48.877601],[2.363425,48.87713],[2.362429,48.877235],[2.362026,48.877601]]],[[[2.364291,48.873359],[2.363772,48.873913],[2.364741,48.873688],[2.364291,48.873359]]],[[[2.364412,48.876764],[2.364388,48.876735],[2.364343,48.876752],[2.364338,48.876746],[2.363875,48.876924],[2.363899,48.876951],[2.363901,48.876953],[2.364309,48.876802],[2.364395,48.87677],[2.364412,48.876764]]],[[[2.363809,48.876985],[2.363783,48.876954],[2.363491,48.877064],[2.363519,48.877095],[2.363668,48.877043],[2.363811,48.876987],[2.363809,48.876985]]]],"type":"MultiPolygon"},"properties":{"id_projet":"MATERNELLES (année scolaire 2020/2021)","libelle":"HOPITAL ST LOUIS (18) MAT","annee_scol":"2020-2021","zone_commune":0,"etiquette":"Secteur de l'école 18 RUE DE L' HOPITAL SAINT-LOUIS","lib_etab_1":"HOPITAL ST LOUIS (18) MAT","lib_etab_2":null,"lib_etab_3":null,"lib_etab_4":null,"adr_etab_1":"18 RUE DE L' HOPITAL SAINT-LOUIS","adr_etab_2":null,"adr_etab_3":null,"adr_etab_4":null,"type_etabl":null,"geo_point_2d":{"lon":2.36576127886746,"lat":48.87510294931115},"st_area_shape":171841.8916621799,"st_perimeter_shape":5080.004991553171}},{"type":"Feature","geometry":{"coordinates":[[[[2.361811,48.882902],[2.36298,48.882157],[2.362012,48.882219],[2.362194,48.881655],[2.361878,48.881992],[2.361718,48.881352],[2.360537,48.880799],[2.361135,48.881698],[2.36011,48.881947],[2.359346,48.881121],[2.36027,48.880757],[2.358246,48.881319],[2.359196,48.882783],[2.361533,48.882603],[2.361362,48.882139],[2.361811,48.882902]]],[[[2.361666,48.880498],[2.361956,48.88046],[2.361986,48.879529],[2.360274,48.879465],[2.360088,48.878866],[2.359214,48.879034],[2.35935,48.879522],[2.358846,48.879691],[2.361666,48.880498]]],[[[2.359081,48.884108],[2.35898,48.883018],[2.357126,48.879664],[2.356699,48.879919],[2.356993,48.88056],[2.356167,48.880567],[2.35632,48.880919],[2.356762,48.881017],[2.356832,48.881526],[2.357592,48.881364],[2.358008,48.881778],[2.358943,48.883847],[2.35836,48.884171],[2.359081,48.884108]]],[[[2.358339,48.881144],[2.360046,48.880689],[2.358064,48.88021],[2.357768,48.879596],[2.357351,48.879588],[2.358339,48.881144]]],[[[2.361586,48.882743],[2.359426,48.882916],[2.360513,48.883502],[2.361586,48.882743]]],[[[2.359521,48.883113],[2.359259,48.883017],[2.359443,48.884027],[2.360309,48.883612],[2.359521,48.883113]]],[[[2.360591,48.883728],[2.359676,48.884183],[2.361343,48.884216],[2.360591,48.883728]]],[[[2.361511,48.883247],[2.360725,48.883663],[2.361471,48.884038],[2.361511,48.883247]]],[[[2.361825,48.884106],[2.362151,48.883872],[2.361825,48.883026],[2.361825,48.884106]]]],"type":"MultiPolygon"},"properties":{"id_projet":"MATERNELLES (année scolaire 2022/2023)","libelle":"LOUIS BLANC (49) MAT","annee_scol":"2022-2023","zone_commune":0,"etiquette":"Secteur de l'école 49 RUE LOUIS BLANC","lib_etab_1":"LOUIS BLANC (49) MAT","lib_etab_2":null,"lib_etab_3":null,"lib_etab_4":null,"adr_etab_1":"49 RUE LOUIS BLANC","adr_etab_2":null,"adr_etab_3":null,"adr_etab_4":null,"type_etabl":"Maternelle","geo_point_2d":{"lon":2.359784724952443,"lat":48.88163510578573},"st_area_shape":110167.7182384271,"st_perimeter_shape":5865.833414782603}},{"type":"Feature","geometry":{"coordinates":[[[[2.359193,48.869876],[2.358913,48.869096],[2.359573,48.870379],[2.360611,48.869848],[2.359808,48.868664],[2.358171,48.86917],[2.358434,48.869631],[2.35813,48.86918],[2.357751,48.869258],[2.358782,48.870806],[2.359446,48.870477],[2.359193,48.869876]]],[[[2.36248,48.868317],[2.362228,48.868134],[2.361998,48.868168],[2.361914,48.86818],[2.361602,48.868226],[2.361352,48.868263],[2.361358,48.868307],[2.362462,48.868341],[2.36248,48.868317]]],[[[2.359138,48.868734],[2.356223,48.869029],[2.357449,48.869209],[2.359138,48.868734]]],[[[2.36192,48.869143],[2.362671,48.868456],[2.359929,48.868629],[2.360725,48.869759],[2.36192,48.869143]]],[[[2.361162,48.870323],[2.362155,48.869215],[2.360836,48.869876],[2.361162,48.870323]]],[[[2.360723,48.869965],[2.360135,48.870254],[2.360716,48.87082],[2.361058,48.870443],[2.360723,48.869965]]],[[[2.358442,48.870448],[2.357715,48.869263],[2.356883,48.869363],[2.357859,48.87056],[2.358234,48.870449],[2.357786,48.870588],[2.35811,48.871055],[2.358688,48.870887],[2.358442,48.870448]]],[[[2.358073,48.871214],[2.356794,48.869372],[2.355921,48.869252],[2.356712,48.869632],[2.357537,48.870884],[2.357082,48.871124],[2.358073,48.871214]]],[[[2.360189,48.87043],[2.359614,48.870558],[2.360299,48.871287],[2.360656,48.870887],[2.360189,48.87043]]],[[[2.359825,48.871425],[2.360173,48.871403],[2.359487,48.870628],[2.358309,48.871242],[2.359825,48.871425]]]],"type":"MultiPolygon"},"properties":{"id_projet":"MATERNELLES (année scolaire 2023/2024)","libelle":"LANCRY (15) POLY","annee_scol":"2023-2024","zone_commune":0,"etiquette":"Secteur de l'école 15 RUE DE LANCRY","lib_etab_1":"LANCRY (15) POLY","lib_etab_2":null,"lib_etab_3":null,"lib_etab_4":null,"adr_etab_1":"15 RUE DE LANCRY","adr_etab_2":null,"adr_etab_3":null,"adr_etab_4":null,"type_etabl":"Maternelle","geo_point_2d":{"lon":2.359448567767099,"lat":48.869714905479974},"st_area_shape":83725.02091153408,"st_perimeter_shape":4857.966969027383}},{"type":"Feature","geometry":{"coordinates":[[[[2.353831,48.876471],[2.353959,48.876695],[2.355392,48.876497],[2.3553,48.876184],[2.35363,48.87634],[2.355973,48.876015],[2.354789,48.875839],[2.355796,48.875653],[2.355768,48.875421],[2.354352,48.875246],[2.354767,48.875059],[2.354962,48.875367],[2.355697,48.875334],[2.35533,48.874447],[2.351005,48.87538],[2.351291,48.876379],[2.352584,48.876219],[2.352121,48.876413],[2.352211,48.876934],[2.353912,48.876701],[2.353831,48.876471]]],[[[2.356869,48.874556],[2.356576,48.873894],[2.355385,48.874185],[2.356869,48.874556]]],[[[2.353707,48.874657],[2.355257,48.874335],[2.354306,48.872874],[2.353789,48.873189],[2.354154,48.874241],[2.353592,48.874472],[2.353487,48.874684],[2.353707,48.874657]]],[[[2.356676,48.874631],[2.35557,48.874472],[2.356309,48.87564],[2.357126,48.874831],[2.356676,48.874631]]],[[[2.35586,48.87614],[2.35539,48.876174],[2.355447,48.87649],[2.35586,48.87614]]],[[[2.348652,48.876478],[2.350983,48.876065],[2.350877,48.875412],[2.348331,48.875821],[2.348652,48.876478]]],[[[2.351962,48.876435],[2.351332,48.876521],[2.351474,48.877034],[2.352117,48.876928],[2.351962,48.876435]]],[[[2.351273,48.876906],[2.350934,48.876166],[2.3487,48.876561],[2.349018,48.877099],[2.34966,48.877284],[2.351273,48.876906]]],[[[2.352002,48.877595],[2.354988,48.877219],[2.35544,48.876714],[2.35153,48.877136],[2.351608,48.877522],[2.352002,48.877595]]],[[[2.351386,48.877318],[2.350162,48.877414],[2.351185,48.877682],[2.351386,48.877318]]],[[[2.356057,48.876691],[2.35546,48.877221],[2.355711,48.878125],[2.356317,48.877995],[2.356057,48.876691]]],[[[2.355377,48.878007],[2.355212,48.877499],[2.354547,48.87824],[2.355377,48.878007]]],[[[2.354834,48.877388],[2.352104,48.877723],[2.353661,48.878336],[2.354834,48.877388]]],[[[2.352505,48.878216],[2.352295,48.878161],[2.352517,48.878482],[2.353259,48.878776],[2.35345,48.878464],[2.352505,48.878216]]],[[[2.355521,48.878483],[2.355454,48.878274],[2.354398,48.878508],[2.355597,48.878839],[2.355521,48.878483]]],[[[2.356705,48.878819],[2.356374,48.878136],[2.355711,48.878255],[2.355936,48.878929],[2.356838,48.879165],[2.356705,48.878819]]],[[[2.349467,48.87742],[2.349193,48.877457],[2.3494,48.879131],[2.351158,48.878101],[2.351087,48.877844],[2.349467,48.87742]]],[[[2.351782,48.879352],[2.351998,48.878501],[2.351534,48.878745],[2.351782,48.879352]]],[[[2.358197,48.878804],[2.356823,48.878541],[2.357181,48.879255],[2.357726,48.879397],[2.358583,48.879203],[2.358197,48.878804]]],[[[2.350857,48.879374],[2.351485,48.879284],[2.351218,48.87831],[2.350643,48.878603],[2.350857,48.879374]]],[[[2.356103,48.87916],[2.356038,48.879601],[2.356903,48.879461],[2.356103,48.87916]]],[[[2.350497,48.878678],[2.349472,48.879265],[2.349556,48.879543],[2.350711,48.879453],[2.350497,48.878678]]],[[[2.358591,48.87934],[2.358024,48.879475],[2.358635,48.879635],[2.35836,48.879477],[2.358591,48.87934]]],[[[2.354567,48.878757],[2.354382,48.878843],[2.354792,48.879606],[2.355768,48.879626],[2.355625,48.879035],[2.354567,48.878757]]]],"type":"MultiPolygon"},"properties":{"id_projet":"MATERNELLES (année scolaire 2023/2024)","libelle":"LEON SCHWARTZENBERG (11) MAT","annee_scol":"2023-2024","zone_commune":0,"etiquette":"Secteur de l'école 11 RUE LEON SCHWARTZENBERG","lib_etab_1":"LEON SCHWARTZENBERG (11) MAT","lib_etab_2":null,"lib_etab_3":null,"lib_etab_4":null,"adr_etab_1":"11 RUE LEON SCHWARTZENBERG","adr_etab_2":null,"adr_etab_3":null,"adr_etab_4":null,"type_etabl":"Maternelle","geo_point_2d":{"lon":2.3531385012233703,"lat":48.876790382959015},"st_area_shape":213858.2528998156,"st_perimeter_shape":9987.042214421466}},{"type":"Feature","geometry":{"coordinates":[[[[2.37634,48.872345],[2.376645,48.872017],[2.372941,48.870645],[2.372221,48.871611],[2.374743,48.87312],[2.375421,48.872551],[2.37634,48.872345]]],[[[2.369813,48.869698],[2.369344,48.869587],[2.368623,48.870745],[2.369149,48.870897],[2.369813,48.869698]]],[[[2.370204,48.870906],[2.370845,48.870038],[2.370056,48.869773],[2.369216,48.870917],[2.369997,48.871143],[2.370204,48.870906]]],[[[2.371243,48.870137],[2.370623,48.870789],[2.372253,48.871294],[2.37276,48.870588],[2.371243,48.870137]]],[[[2.368261,48.871044],[2.369232,48.869487],[2.367701,48.868925],[2.366031,48.871007],[2.366661,48.870796],[2.368001,48.871147],[2.367851,48.871648],[2.368261,48.871044]]],[[[2.370841,48.870946],[2.37057,48.870862],[2.370324,48.871238],[2.371894,48.871694],[2.3722,48.871367],[2.370841,48.870946]]],[[[2.369751,48.871517],[2.369918,48.871248],[2.368577,48.870859],[2.36805,48.871661],[2.368325,48.871506],[2.369429,48.871925],[2.369751,48.871517]]],[[[2.371501,48.872187],[2.371798,48.871794],[2.370245,48.871343],[2.369951,48.871696],[2.371501,48.872187]]],[[[2.372968,48.872164],[2.372683,48.872298],[2.373313,48.872372],[2.372968,48.872164]]],[[[2.373618,48.872503],[2.373435,48.872407],[2.373252,48.872557],[2.373256,48.872593],[2.373419,48.872676],[2.373465,48.8727],[2.373517,48.872696],[2.373575,48.872649],[2.373702,48.872546],[2.373618,48.872503]]],[[[2.373804,48.873444],[2.374389,48.872906],[2.372451,48.872324],[2.372705,48.872058],[2.371986,48.871881],[2.371425,48.872503],[2.373804,48.873444]]],[[[2.376047,48.872608],[2.375515,48.87265],[2.374842,48.873253],[2.375076,48.873482],[2.376047,48.872608]]],[[[2.370943,48.872826],[2.371413,48.872252],[2.369855,48.871828],[2.369731,48.872025],[2.3708,48.872209],[2.37012,48.872438],[2.37059,48.87271],[2.370368,48.873496],[2.370943,48.872826]]],[[[2.37295,48.873977],[2.373617,48.873522],[2.371394,48.872559],[2.370702,48.873407],[2.372267,48.874098],[2.37262,48.873788],[2.372739,48.874101],[2.37295,48.873977]]],[[[2.37168,48.873903],[2.370665,48.873455],[2.370479,48.873702],[2.371434,48.874144],[2.37168,48.873903]]],[[[2.37337,48.87416],[2.37397,48.873799],[2.374348,48.874124],[2.374918,48.873623],[2.374542,48.873114],[2.372685,48.874257],[2.37313,48.874478],[2.37337,48.87416]]],[[[2.372963,48.87447],[2.371818,48.873964],[2.371566,48.874176],[2.372402,48.87457],[2.372963,48.87447]]]],"type":"MultiPolygon"},"properties":{"id_projet":"MATERNELLES (année scolaire 2024/2025)","libelle":"PARMENTIER (155) MAT","annee_scol":"2024-2025","zone_commune":0,"etiquette":"Secteur de l'école 155 AVENUE PARMENTIER","lib_etab_1":"PARMENTIER (155) MAT","lib_etab_2":null,"lib_etab_3":null,"lib_etab_4":null,"adr_etab_1":"155 AVENUE PARMENTIER","adr_etab_2":null,"adr_etab_3":null,"adr_etab_4":null,"type_etabl":"Maternelle","geo_point_2d":{"lon":2.3715077825551765,"lat":48.87173871061734},"st_area_shape":178283.4722979504,"st_perimeter_shape":7618.230780406505}},{"type":"Feature","geometry":{"coordinates":[[[[2.359193,48.869876],[2.358913,48.869096],[2.359573,48.870379],[2.360611,48.869848],[2.359808,48.868664],[2.358171,48.86917],[2.358434,48.869631],[2.35813,48.86918],[2.357751,48.869258],[2.358782,48.870806],[2.359446,48.870477],[2.359193,48.869876]]],[[[2.36248,48.868317],[2.362228,48.868134],[2.361998,48.868168],[2.361914,48.86818],[2.361602,48.868226],[2.361352,48.868263],[2.361358,48.868307],[2.362462,48.868341],[2.36248,48.868317]]],[[[2.359138,48.868734],[2.356223,48.869029],[2.357449,48.869209],[2.359138,48.868734]]],[[[2.36192,48.869143],[2.362671,48.868456],[2.359929,48.868629],[2.360725,48.869759],[2.36192,48.869143]]],[[[2.361162,48.870323],[2.362155,48.869215],[2.360836,48.869876],[2.361162,48.870323]]],[[[2.360723,48.869965],[2.360135,48.870254],[2.360716,48.87082],[2.361058,48.870443],[2.360723,48.869965]]],[[[2.358442,48.870448],[2.357715,48.869263],[2.356883,48.869363],[2.357859,48.87056],[2.358234,48.870449],[2.357786,48.870588],[2.35811,48.871055],[2.358688,48.870887],[2.358442,48.870448]]],[[[2.358073,48.871214],[2.356794,48.869372],[2.355921,48.869252],[2.356712,48.869632],[2.357537,48.870884],[2.357082,48.871124],[2.358073,48.871214]]],[[[2.360189,48.87043],[2.359614,48.870558],[2.360299,48.871287],[2.360656,48.870887],[2.360189,48.87043]]],[[[2.359825,48.871425],[2.360173,48.871403],[2.359487,48.870628],[2.358309,48.871242],[2.359825,48.871425]]]],"type":"MultiPolygon"},"properties":{"id_projet":"MATERNELLES (année scolaire 2024/2025)","libelle":"LANCRY (15) POLY","annee_scol":"2024-2025","zone_commune":0,"etiquette":"Secteur de l'école 15 RUE DE LANCRY","lib_etab_1":"LANCRY (15) POLY","lib_etab_2":null,"lib_etab_3":null,"lib_etab_4":null,"adr_etab_1":"15 RUE DE LANCRY","adr_etab_2":null,"adr_etab_3":null,"adr_etab_4":null,"type_etabl":"Maternelle","geo_point_2d":{"lon":2.359448567767099,"lat":48.869714905479974},"st_area_shape":83725.02091153408,"st_perimeter_shape":4857.966969027383}},{"type":"Feature","geometry":{"coordinates":[[[[2.356803,48.871354],[2.356007,48.870015],[2.355641,48.870091],[2.355985,48.869977],[2.355583,48.86933],[2.354578,48.869443],[2.355388,48.870949],[2.356304,48.870793],[2.355426,48.871016],[2.356048,48.872126],[2.357016,48.871762],[2.356803,48.871354]]],[[[2.358234,48.870449],[2.358232,48.870446],[2.357859,48.87056],[2.357783,48.870584],[2.357786,48.870588],[2.357862,48.870564],[2.357957,48.870535],[2.358234,48.870449]]],[[[2.353647,48.870815],[2.354714,48.870527],[2.354098,48.869517],[2.352874,48.869934],[2.353352,48.870846],[2.353647,48.870815]],[[2.353398,48.870166],[2.353824,48.870054],[2.353684,48.869693],[2.353933,48.870109],[2.353398,48.870166]]],[[[2.352856,48.870334],[2.352663,48.86998],[2.351217,48.870175],[2.352339,48.871104],[2.353172,48.870941],[2.352856,48.870334]]],[[[2.357878,48.871184],[2.357082,48.871124],[2.357537,48.870884],[2.357159,48.870306],[2.356712,48.869632],[2.355861,48.869262],[2.357282,48.871619],[2.357878,48.871184]]],[[[2.358904,48.871562],[2.359886,48.87175],[2.360172,48.871425],[2.358309,48.871242],[2.357949,48.871461],[2.358372,48.871804],[2.358904,48.871562]]],[[[2.352567,48.871671],[2.353502,48.871548],[2.35321,48.871026],[2.351007,48.871707],[2.351101,48.871922],[2.352567,48.871671]]],[[[2.357556,48.872106],[2.358207,48.871811],[2.357819,48.871506],[2.357354,48.871757],[2.357556,48.872106]]],[[[2.35875,48.872239],[2.359844,48.871797],[2.358955,48.871594],[2.357587,48.872188],[2.357777,48.872545],[2.35875,48.872239]]],[[[2.352964,48.872432],[2.353939,48.872268],[2.353552,48.87163],[2.351083,48.872014],[2.351945,48.871948],[2.351874,48.872439],[2.352305,48.872327],[2.352445,48.872583],[2.352964,48.872432]]],[[[2.3547,48.872691],[2.355718,48.872283],[2.355044,48.871113],[2.354177,48.871336],[2.355007,48.871047],[2.354828,48.87073],[2.353495,48.871018],[2.354431,48.872683],[2.3547,48.872691]],[[2.353889,48.871332],[2.354066,48.871287],[2.354074,48.871303],[2.354101,48.871357],[2.353973,48.871391],[2.353829,48.871429],[2.353788,48.871359],[2.353889,48.871332]]],[[[2.35296,48.872816],[2.35425,48.872786],[2.353955,48.872295],[2.352191,48.872957],[2.35296,48.872816]]],[[[2.357377,48.872327],[2.357071,48.871866],[2.356124,48.872264],[2.356702,48.873297],[2.35773,48.872966],[2.357377,48.872327]]],[[[2.356294,48.873346],[2.355775,48.872409],[2.354629,48.872845],[2.355483,48.872922],[2.355748,48.873498],[2.356294,48.873346]]]],"type":"MultiPolygon"},"properties":{"id_projet":"MATERNELLES (année scolaire 2024/2025)","libelle":"PIERRE BULLET (4) MAT","annee_scol":"2024-2025","zone_commune":0,"etiquette":"Secteur de l'école 4 RUE PIERRE BULLET","lib_etab_1":"PIERRE BULLET (4) MAT","lib_etab_2":null,"lib_etab_3":null,"lib_etab_4":null,"adr_etab_1":"4 RUE PIERRE BULLET","adr_etab_2":null,"adr_etab_3":null,"adr_etab_4":null,"type_etabl":"Maternelle","geo_point_2d":{"lon":2.3551660625527386,"lat":48.87133655725473},"st_area_shape":129944.42775977465,"st_perimeter_shape":7129.1268603321605}},{"type":"Feature","geometry":{"coordinates":[[[2.363185,48.880829],[2.363533,48.88092],[2.363747,48.880568],[2.363484,48.880347],[2.363185,48.880829]]],"type":"Polygon"},"properties":{"id_projet":"MATERNELLES (année scolaire 2025/2026)","libelle":"ZM. AQUEDUC (39) / ECLUSES ST MARTIN (28) / LOUIS BLANC (49)","annee_scol":"2025-2026","zone_commune":1,"etiquette":"Secteur commun des écoles \n39 RUE DE L'AQUEDUC \n28 RUE DES ECLUSES ST MARTIN\n49 RUE LOUIS BLANC","lib_etab_1":"AQUEDUC (39) MAT","lib_etab_2":"ECLUSES ST MARTIN (28) MAT","lib_etab_3":"LOUIS BLANC (49) MAT","lib_etab_4":null,"adr_etab_1":"39 RUE DE L'AQUEDUC","adr_etab_2":"28 RUE DES ECLUSES ST MARTIN","adr_etab_3":"49 RUE LOUIS BLANC","adr_etab_4":null,"type_etabl":"Maternelle","geo_point_2d":{"lon":2.3634785477662166,"lat":48.88066107253307},"st_area_shape":1379.6618846688646,"st_perimeter_shape":159.10704244972442}},{"type":"Feature","geometry":{"coordinates":[[[[2.359214,48.879034],[2.360088,48.878866],[2.360274,48.879465],[2.361533,48.879475],[2.3614,48.878864],[2.361871,48.878744],[2.362245,48.879279],[2.360366,48.876112],[2.357676,48.876582],[2.358265,48.877571],[2.358813,48.879664],[2.35935,48.879522],[2.359214,48.879034]]],[[[2.360427,48.871722],[2.359094,48.873212],[2.361349,48.8731],[2.360427,48.871722]]],[[[2.358165,48.87326],[2.358553,48.873239],[2.359565,48.872107],[2.357825,48.87263],[2.35798,48.872917],[2.358702,48.872794],[2.358,48.872953],[2.358165,48.87326]]],[[[2.358445,48.873358],[2.358424,48.873336],[2.358247,48.873345],[2.358225,48.873368],[2.358289,48.873485],[2.358331,48.873487],[2.358445,48.873358]]],[[[2.357775,48.873045],[2.356702,48.873297],[2.357324,48.874408],[2.358143,48.873697],[2.357775,48.873045]]],[[[2.360832,48.874642],[2.36247,48.874222],[2.361416,48.873211],[2.358966,48.873307],[2.358488,48.873844],[2.358722,48.874243],[2.360487,48.873911],[2.360832,48.874642]]],[[[2.357893,48.874989],[2.358789,48.874848],[2.358335,48.874065],[2.357803,48.874619],[2.357893,48.874989]]],[[[2.360285,48.874829],[2.360708,48.874659],[2.360407,48.874063],[2.358758,48.874298],[2.359296,48.875025],[2.360285,48.874829]]],[[[2.358601,48.875421],[2.359029,48.875347],[2.358868,48.875022],[2.357849,48.875212],[2.358601,48.875421]]],[[[2.357308,48.875292],[2.3572,48.87528],[2.357125,48.875364],[2.357075,48.875419],[2.35703,48.875466],[2.357055,48.875488],[2.357207,48.875477],[2.357337,48.875465],[2.357364,48.875441],[2.357308,48.875292]]],[[[2.359098,48.875483],[2.358131,48.875556],[2.358568,48.875992],[2.359259,48.875881],[2.359098,48.875483]]],[[[2.357453,48.875709],[2.356922,48.87559],[2.356283,48.876303],[2.357606,48.87615],[2.357453,48.875709]]],[[[2.363248,48.876328],[2.364055,48.876253],[2.363541,48.87606],[2.363801,48.87596],[2.362597,48.874342],[2.35971,48.875146],[2.361072,48.875939],[2.362765,48.876243],[2.362464,48.876399],[2.363109,48.87661],[2.363398,48.876501],[2.363248,48.876328]],[[2.362813,48.875881],[2.36322,48.875687],[2.363223,48.87569],[2.362817,48.875885],[2.362813,48.875881]]],[[[2.362553,48.87673],[2.361004,48.876295],[2.36232,48.8769],[2.362553,48.87673]]],[[[2.363222,48.876951],[2.362891,48.876842],[2.362857,48.876843],[2.362896,48.876893],[2.363184,48.876985],[2.363286,48.877063],[2.363338,48.877048],[2.363317,48.877031],[2.363222,48.876951]]],[[[2.363562,48.877038],[2.363466,48.876943],[2.363461,48.876945],[2.36334,48.87686],[2.363327,48.876858],[2.363154,48.876745],[2.363099,48.876767],[2.363092,48.876769],[2.363086,48.876772],[2.36308,48.876776],[2.363076,48.87678],[2.363072,48.876784],[2.363069,48.876789],[2.363068,48.876793],[2.363067,48.876798],[2.363067,48.876802],[2.363067,48.876803],[2.363068,48.876806],[2.363069,48.876808],[2.363071,48.876813],[2.363075,48.876817],[2.363079,48.876821],[2.363084,48.876825],[2.36309,48.876828],[2.363097,48.876831],[2.363104,48.876833],[2.363314,48.876904],[2.363332,48.876911],[2.363345,48.876918],[2.363358,48.876925],[2.363372,48.876934],[2.363401,48.876966],[2.363491,48.877064],[2.363562,48.877038]]],[[[2.358283,48.878131],[2.357471,48.876493],[2.356304,48.876601],[2.35675,48.8784],[2.358283,48.878131]]],[[[2.358493,48.878768],[2.358357,48.878427],[2.356888,48.878516],[2.358047,48.878633],[2.358582,48.879201],[2.358493,48.878768]]],[[[2.358612,48.879349],[2.35836,48.879477],[2.358667,48.879619],[2.358612,48.879349]]]],"type":"MultiPolygon"},"properties":{"id_projet":"MATERNELLES (année scolaire 2025/2026)","libelle":"RECOLLETS (23) MAT","annee_scol":"2025-2026","zone_commune":0,"etiquette":"Secteur de l'école 23 PASSAGE DES RECOLLETS","lib_etab_1":"RECOLLETS (23) MAT","lib_etab_2":null,"lib_etab_3":null,"lib_etab_4":null,"adr_etab_1":"23 PASSAGE DES RECOLLETS","adr_etab_2":null,"adr_etab_3":null,"adr_etab_4":null,"type_etabl":"Maternelle","geo_point_2d":{"lon":2.3597783547844644,"lat":48.87592961958401},"st_area_shape":232215.34615959917,"st_perimeter_shape":7985.432641722318}},{"type":"Feature","geometry":{"coordinates":[[[[2.361811,48.882902],[2.36298,48.882157],[2.362012,48.882219],[2.362194,48.881655],[2.361878,48.881992],[2.361718,48.881352],[2.360537,48.880799],[2.361135,48.881698],[2.36011,48.881947],[2.359346,48.881121],[2.36027,48.880757],[2.358246,48.881319],[2.359196,48.882783],[2.361533,48.882603],[2.361362,48.882139],[2.361811,48.882902]]],[[[2.361666,48.880498],[2.361956,48.88046],[2.361986,48.879529],[2.360274,48.879465],[2.360088,48.878866],[2.359214,48.879034],[2.35935,48.879522],[2.358846,48.879691],[2.361666,48.880498]]],[[[2.358339,48.881144],[2.360046,48.880689],[2.358064,48.88021],[2.357768,48.879596],[2.357351,48.879588],[2.358339,48.881144]]],[[[2.361586,48.882743],[2.359426,48.882916],[2.360513,48.883502],[2.361586,48.882743]]],[[[2.359521,48.883113],[2.359259,48.883017],[2.359443,48.884027],[2.360309,48.883612],[2.359521,48.883113]]],[[[2.361511,48.883247],[2.360725,48.883663],[2.361471,48.884038],[2.361511,48.883247]]],[[[2.361825,48.884106],[2.362151,48.883872],[2.361825,48.883026],[2.361825,48.884106]]],[[[2.359081,48.884108],[2.35898,48.883018],[2.357126,48.879664],[2.356699,48.879919],[2.356993,48.88056],[2.356167,48.880567],[2.35632,48.880919],[2.356762,48.881017],[2.356832,48.881526],[2.357592,48.881364],[2.358008,48.881778],[2.358943,48.883847],[2.35836,48.884171],[2.359081,48.884108]]],[[[2.360591,48.883728],[2.359676,48.884183],[2.361343,48.884216],[2.360591,48.883728]]]],"type":"MultiPolygon"},"properties":{"id_projet":"MATERNELLES (année scolaire 2025/2026)","libelle":"LOUIS BLANC (49) MAT","annee_scol":"2025-2026","zone_commune":0,"etiquette":"Secteur de l'école 49 RUE LOUIS BLANC","lib_etab_1":"LOUIS BLANC (49) MAT","lib_etab_2":null,"lib_etab_3":null,"lib_etab_4":null,"adr_etab_1":"49 RUE LOUIS BLANC","adr_etab_2":null,"adr_etab_3":null,"adr_etab_4":null,"type_etabl":"Maternelle","geo_point_2d":{"lon":2.3597847249524437,"lat":48.881635105785726},"st_area_shape":110167.7182384271,"st_perimeter_shape":5865.833414782602}},{"type":"Feature","geometry":{"coordinates":[[[[2.37634,48.872345],[2.376645,48.872017],[2.372941,48.870645],[2.372221,48.871611],[2.374743,48.87312],[2.375421,48.872551],[2.37634,48.872345]]],[[[2.373618,48.872503],[2.373435,48.872407],[2.373252,48.872557],[2.373256,48.872593],[2.373419,48.872676],[2.373465,48.8727],[2.373517,48.872696],[2.373575,48.872649],[2.373702,48.872546],[2.373618,48.872503]]],[[[2.372968,48.872164],[2.372683,48.872298],[2.373313,48.872372],[2.372968,48.872164]]],[[[2.372963,48.87447],[2.371818,48.873964],[2.371566,48.874176],[2.372402,48.87457],[2.372963,48.87447]]],[[[2.37168,48.873903],[2.370665,48.873455],[2.370479,48.873702],[2.371434,48.874144],[2.37168,48.873903]]],[[[2.376047,48.872608],[2.375515,48.87265],[2.374842,48.873253],[2.375076,48.873482],[2.376047,48.872608]]],[[[2.370841,48.870946],[2.37057,48.870862],[2.370324,48.871238],[2.371894,48.871694],[2.3722,48.871367],[2.370841,48.870946]]],[[[2.371501,48.872187],[2.371798,48.871794],[2.370245,48.871343],[2.369951,48.871696],[2.371501,48.872187]]],[[[2.369813,48.869698],[2.369344,48.869587],[2.368623,48.870745],[2.369149,48.870897],[2.369813,48.869698]]],[[[2.370943,48.872826],[2.371413,48.872252],[2.369855,48.871828],[2.369731,48.872025],[2.3708,48.872209],[2.37012,48.872438],[2.37059,48.87271],[2.370368,48.873496],[2.370943,48.872826]]],[[[2.37337,48.87416],[2.37397,48.873799],[2.374348,48.874124],[2.374918,48.873623],[2.374542,48.873114],[2.372685,48.874257],[2.37313,48.874478],[2.37337,48.87416]]],[[[2.369751,48.871517],[2.369918,48.871248],[2.368577,48.870859],[2.36805,48.871661],[2.368325,48.871506],[2.369429,48.871925],[2.369751,48.871517]]],[[[2.370204,48.870906],[2.370845,48.870038],[2.370056,48.869773],[2.369216,48.870917],[2.369997,48.871143],[2.370204,48.870906]]],[[[2.371243,48.870137],[2.370623,48.870789],[2.372253,48.871294],[2.37276,48.870588],[2.371243,48.870137]]],[[[2.373804,48.873444],[2.374389,48.872906],[2.372451,48.872324],[2.372705,48.872058],[2.371986,48.871881],[2.371425,48.872503],[2.373804,48.873444]]],[[[2.37295,48.873977],[2.373617,48.873522],[2.371394,48.872559],[2.370702,48.873407],[2.372267,48.874098],[2.37262,48.873788],[2.372739,48.874101],[2.37295,48.873977]]],[[[2.368261,48.871044],[2.369232,48.869487],[2.367701,48.868925],[2.366031,48.871007],[2.366661,48.870796],[2.368001,48.871147],[2.367851,48.871648],[2.368261,48.871044]]]],"type":"MultiPolygon"},"properties":{"id_projet":"MATERNELLES (année scolaire 2026/2027)","libelle":"PARMENTIER (155) MAT","annee_scol":"2026-2027","zone_commune":0,"etiquette":"Secteur de l'école 155 PARMENTIER (155) MAT","lib_etab_1":"PARMENTIER (155) MAT","lib_etab_2":null,"lib_etab_3":null,"lib_etab_4":null,"adr_etab_1":"155 PARMENTIER (155) MAT","adr_etab_2":null,"adr_etab_3":null,"adr_etab_4":null,"type_etabl":"Maternelle","geo_point_2d":{"lon":2.371507782555177,"lat":48.871738710617315},"st_area_shape":178283.4722979504,"st_perimeter_shape":7618.230780406506}},{"type":"Feature","geometry":{"coordinates":[[[[2.363326,48.884397],[2.363208,48.884207],[2.364433,48.88414],[2.363176,48.882342],[2.361811,48.882902],[2.362151,48.883872],[2.361644,48.884198],[2.363326,48.884397]]],[[[2.362369,48.88211],[2.362986,48.882128],[2.362194,48.881655],[2.361932,48.882083],[2.362369,48.88211]]],[[[2.362104,48.880734],[2.361988,48.881405],[2.362905,48.881783],[2.362104,48.880734]]],[[[2.360061,48.880653],[2.357684,48.87974],[2.358064,48.88021],[2.35893,48.880292],[2.35919,48.880646],[2.360061,48.880653]]],[[[2.362045,48.880239],[2.362245,48.879279],[2.361871,48.878744],[2.3614,48.878864],[2.361532,48.879502],[2.361986,48.879529],[2.361769,48.880314],[2.362045,48.880239]]],[[[2.363847,48.881701],[2.364383,48.881331],[2.362622,48.880912],[2.363326,48.88194],[2.363847,48.881701]]],[[[2.363671,48.88235],[2.364337,48.88368],[2.365427,48.883201],[2.363671,48.88235]]],[[[2.36044,48.880829],[2.359346,48.881121],[2.36011,48.881947],[2.361135,48.881698],[2.36044,48.880829]]],[[[2.361718,48.881352],[2.361892,48.880695],[2.361666,48.880498],[2.358808,48.87991],[2.361718,48.881352]]],[[[2.365617,48.883263],[2.364478,48.883771],[2.36466,48.884136],[2.36707,48.884026],[2.365617,48.883263]]],[[[2.366917,48.882702],[2.365835,48.883211],[2.367252,48.883876],[2.368368,48.883853],[2.366917,48.882702]]],[[[2.366634,48.881927],[2.368485,48.883616],[2.369603,48.882715],[2.366634,48.881927]]],[[[2.364765,48.881431],[2.363551,48.882139],[2.365597,48.883099],[2.366726,48.882583],[2.365662,48.881667],[2.364765,48.881431]]]],"type":"MultiPolygon"},"properties":{"id_projet":"MATERNELLES (année scolaire 2026/2027)","libelle":"AQUEDUC (39) MAT","annee_scol":"2026-2027","zone_commune":0,"etiquette":"Secteur de l'école 39 AQUEDUC (39) MAT","lib_etab_1":"AQUEDUC (39) MAT","lib_etab_2":null,"lib_etab_3":null,"lib_etab_4":null,"adr_etab_1":"39 AQUEDUC (39) MAT","adr_etab_2":null,"adr_etab_3":null,"adr_etab_4":null,"type_etabl":"Maternelle","geo_point_2d":{"lon":2.36406704305644,"lat":48.88238731531747},"st_area_shape":143392.733332067,"st_perimeter_shape":6445.123320345883}},{"type":"Feature","geometry":{"coordinates":[[[2.35831,48.880031],[2.358174,48.879767],[2.358045,48.879984],[2.35831,48.880031]]],"type":"Polygon"},"properties":{"id_projet":"MATERNELLES (année scolaire 2021/2022)","libelle":"ZM.AQUEDUC(39)/LOUIS BLANC(49)","annee_scol":"2021-2022","zone_commune":1,"etiquette":"Secteur commun des écoles \n39 RUE DE L' AQUEDUC \n49 RUE LOUIS BLANC","lib_etab_1":"AQUEDUC (39) MAT","lib_etab_2":"LOUIS BLANC (49) MAT","lib_etab_3":null,"lib_etab_4":null,"adr_etab_1":"39 RUE DE L' AQUEDUC","adr_etab_2":"49 RUE LOUIS BLANC","adr_etab_3":null,"adr_etab_4":null,"type_etabl":"Maternelle","geo_point_2d":{"lon":2.3582257199945382,"lat":48.879916856596346},"st_area_shape":467.6453704951483,"st_perimeter_shape":87.41704844180074}},{"type":"Feature","geometry":{"coordinates":[[[[2.349743,48.875449],[2.350844,48.875288],[2.350467,48.873885],[2.348004,48.874088],[2.348303,48.875735],[2.349743,48.875449]]],[[[2.35341,48.873075],[2.354233,48.872792],[2.353933,48.872667],[2.352191,48.872957],[2.353894,48.872343],[2.352098,48.872904],[2.351501,48.872347],[2.351916,48.872802],[2.353773,48.872194],[2.352445,48.872583],[2.352305,48.872327],[2.351874,48.872439],[2.351945,48.871948],[2.350128,48.872178],[2.350564,48.873759],[2.35341,48.873075]]],[[[2.350395,48.873633],[2.350304,48.87334],[2.348164,48.873463],[2.350297,48.873275],[2.349969,48.872187],[2.347989,48.8725],[2.348042,48.873967],[2.350395,48.873633]]],[[[2.351234,48.875194],[2.353378,48.874744],[2.352609,48.87346],[2.35059,48.873852],[2.350962,48.875228],[2.351234,48.875194]]],[[[2.349624,48.870859],[2.347978,48.870848],[2.347986,48.871939],[2.349804,48.871593],[2.349624,48.870859]]],[[[2.350873,48.87136],[2.352147,48.871119],[2.350857,48.870288],[2.350681,48.870948],[2.350476,48.87041],[2.349784,48.870679],[2.349953,48.87155],[2.350873,48.87136]]],[[[2.354283,48.872936],[2.35274,48.873413],[2.353478,48.874669],[2.354147,48.874333],[2.353789,48.873189],[2.354283,48.872936]]],[[[2.356295,48.873893],[2.356561,48.873813],[2.356306,48.873366],[2.355748,48.873498],[2.355483,48.872922],[2.354583,48.872864],[2.355328,48.874097],[2.356295,48.873893]]],[[[2.351853,48.871544],[2.352325,48.871464],[2.35223,48.871215],[2.349984,48.871662],[2.350129,48.872074],[2.351853,48.871544]]],[[[2.349857,48.871677],[2.34801,48.872027],[2.347989,48.872388],[2.349945,48.872103],[2.349857,48.871677]]],[[[2.353955,48.872295],[2.353939,48.872268],[2.353889,48.872281],[2.353905,48.872307],[2.353955,48.872295]]]],"type":"MultiPolygon"},"properties":{"id_projet":"MATERNELLES (année scolaire 2022/2023)","libelle":"MARTEL (9) MAT","annee_scol":"2022-2023","zone_commune":0,"etiquette":"Secteur de l'école 9 RUE MARTEL","lib_etab_1":"MARTEL (9) MAT","lib_etab_2":null,"lib_etab_3":null,"lib_etab_4":null,"adr_etab_1":"9 RUE MARTEL","adr_etab_2":null,"adr_etab_3":null,"adr_etab_4":null,"type_etabl":"Maternelle","geo_point_2d":{"lon":2.3508078235332173,"lat":48.87319565940033},"st_area_shape":178351.0432403285,"st_perimeter_shape":7083.5999845000515}},{"type":"Feature","geometry":{"coordinates":[[[[2.368561,48.875308],[2.367272,48.874097],[2.367842,48.874008],[2.368432,48.874449],[2.369207,48.874061],[2.367984,48.871838],[2.365068,48.873683],[2.368347,48.875913],[2.368561,48.875308]]],[[[2.36599,48.877055],[2.368111,48.876081],[2.367139,48.875216],[2.366227,48.875647],[2.367093,48.875186],[2.366255,48.874651],[2.364393,48.875557],[2.36599,48.877055]]],[[[2.364351,48.877588],[2.363846,48.877081],[2.361853,48.877873],[2.362969,48.87914],[2.36481,48.878113],[2.364351,48.877588]]],[[[2.365382,48.874089],[2.364843,48.873777],[2.363649,48.874095],[2.363601,48.874536],[2.364314,48.875426],[2.366113,48.874558],[2.365382,48.874089]]],[[[2.365591,48.871986],[2.365359,48.871871],[2.364299,48.873237],[2.364888,48.873637],[2.366474,48.872711],[2.365591,48.871986]]],[[[2.365036,48.877917],[2.365295,48.877692],[2.364537,48.876811],[2.363982,48.876986],[2.365036,48.877917]]],[[[2.362026,48.877601],[2.363425,48.87713],[2.362429,48.877235],[2.362026,48.877601]]],[[[2.364291,48.873359],[2.363772,48.873913],[2.364741,48.873688],[2.364291,48.873359]]],[[[2.364412,48.876764],[2.364388,48.876735],[2.364343,48.876752],[2.364338,48.876746],[2.363875,48.876924],[2.363899,48.876951],[2.363901,48.876953],[2.364309,48.876802],[2.364395,48.87677],[2.364412,48.876764]]],[[[2.363809,48.876985],[2.363783,48.876954],[2.363491,48.877064],[2.363519,48.877095],[2.363668,48.877043],[2.363811,48.876987],[2.363809,48.876985]]]],"type":"MultiPolygon"},"properties":{"id_projet":"MATERNELLES (année scolaire 2021/2022)","libelle":"HOPITAL ST LOUIS (18) MAT","annee_scol":"2021-2022","zone_commune":0,"etiquette":"Secteur de l'école 18 RUE DE L' HOPITAL SAINT-LOUIS","lib_etab_1":"HOPITAL ST LOUIS (18) MAT","lib_etab_2":null,"lib_etab_3":null,"lib_etab_4":null,"adr_etab_1":"18 RUE DE L' HOPITAL SAINT-LOUIS","adr_etab_2":null,"adr_etab_3":null,"adr_etab_4":null,"type_etabl":"Maternelle","geo_point_2d":{"lon":2.36576127886746,"lat":48.87510294931115},"st_area_shape":171841.8916621799,"st_perimeter_shape":5080.004991553171}},{"type":"Feature","geometry":{"coordinates":[[[[2.353831,48.876471],[2.353959,48.876695],[2.355392,48.876497],[2.3553,48.876184],[2.35363,48.87634],[2.355973,48.876015],[2.354789,48.875839],[2.355814,48.875447],[2.354762,48.875467],[2.354487,48.87512],[2.351231,48.876153],[2.351326,48.876395],[2.352584,48.876219],[2.352121,48.876413],[2.352211,48.876934],[2.353912,48.876701],[2.353831,48.876471]]],[[[2.349467,48.87742],[2.349193,48.877457],[2.3494,48.879131],[2.351158,48.878101],[2.351087,48.877844],[2.349467,48.87742]]],[[[2.352002,48.877595],[2.354988,48.877219],[2.35544,48.876714],[2.35153,48.877136],[2.351608,48.877522],[2.352002,48.877595]]],[[[2.354834,48.877388],[2.352104,48.877723],[2.353661,48.878336],[2.354834,48.877388]]],[[[2.351309,48.877038],[2.350982,48.876187],[2.349985,48.876887],[2.3487,48.876561],[2.349018,48.877099],[2.34966,48.877284],[2.351309,48.877038]]],[[[2.358197,48.878804],[2.356823,48.878541],[2.357181,48.879255],[2.357726,48.879397],[2.358583,48.879203],[2.358197,48.878804]]],[[[2.354567,48.878757],[2.354382,48.878843],[2.354792,48.879606],[2.355768,48.879626],[2.355625,48.879035],[2.354567,48.878757]]],[[[2.356057,48.876691],[2.35546,48.877221],[2.355711,48.878125],[2.356317,48.877995],[2.356057,48.876691]]],[[[2.356705,48.878819],[2.356374,48.878136],[2.355711,48.878255],[2.355936,48.878929],[2.356838,48.879165],[2.356705,48.878819]]],[[[2.350497,48.878678],[2.349472,48.879265],[2.349556,48.879543],[2.350711,48.879453],[2.350497,48.878678]]],[[[2.353996,48.878933],[2.353461,48.879449],[2.353774,48.880031],[2.3544,48.879685],[2.353996,48.878933]]],[[[2.350857,48.879374],[2.351485,48.879284],[2.351218,48.87831],[2.350643,48.878603],[2.350857,48.879374]]],[[[2.355521,48.878483],[2.355454,48.878274],[2.354398,48.878508],[2.355597,48.878839],[2.355521,48.878483]]],[[[2.351386,48.877318],[2.350162,48.877414],[2.351185,48.877682],[2.351386,48.877318]]],[[[2.351962,48.876435],[2.351332,48.876521],[2.351474,48.877034],[2.352117,48.876928],[2.351962,48.876435]]],[[[2.355377,48.878007],[2.355212,48.877499],[2.354547,48.87824],[2.355377,48.878007]]],[[[2.352505,48.878216],[2.352295,48.878161],[2.352517,48.878482],[2.353259,48.878776],[2.35345,48.878464],[2.352505,48.878216]]],[[[2.356103,48.87916],[2.356038,48.879601],[2.356903,48.879461],[2.356103,48.87916]]],[[[2.351782,48.879352],[2.351998,48.878501],[2.351534,48.878745],[2.351782,48.879352]]],[[[2.353295,48.879681],[2.352741,48.880249],[2.353523,48.880116],[2.353295,48.879681]]],[[[2.355643,48.875336],[2.354767,48.875059],[2.354962,48.875367],[2.355643,48.875336]]],[[[2.35586,48.87614],[2.35539,48.876174],[2.355447,48.87649],[2.35586,48.87614]]],[[[2.358591,48.87934],[2.358024,48.879475],[2.358635,48.879635],[2.35836,48.879477],[2.358591,48.87934]]]],"type":"MultiPolygon"},"properties":{"id_projet":"MATERNELLES (année scolaire 2021/2022)","libelle":"LEON SCHWARTZENBERG (11) MAT","annee_scol":"2021-2022","zone_commune":0,"etiquette":"Secteur de l'école 11 SQUARE ALBAN SATRAGNE","lib_etab_1":"LEON SCHWARTZENBERG (11) MAT","lib_etab_2":null,"lib_etab_3":null,"lib_etab_4":null,"adr_etab_1":"11 SQUARE ALBAN SATRAGNE","adr_etab_2":null,"adr_etab_3":null,"adr_etab_4":null,"type_etabl":"Maternelle","geo_point_2d":{"lon":2.3532510976120045,"lat":48.877610757639985},"st_area_shape":154321.37661355306,"st_perimeter_shape":8519.648870656081}},{"type":"Feature","geometry":{"coordinates":[[[[2.356803,48.871354],[2.356007,48.870015],[2.355641,48.870091],[2.355985,48.869977],[2.355583,48.86933],[2.354578,48.869443],[2.355388,48.870949],[2.356304,48.870793],[2.355426,48.871016],[2.356048,48.872126],[2.357016,48.871762],[2.356803,48.871354]]],[[[2.358234,48.870449],[2.358232,48.870446],[2.357859,48.87056],[2.357783,48.870584],[2.357786,48.870588],[2.357862,48.870564],[2.357957,48.870535],[2.358234,48.870449]]],[[[2.353647,48.870815],[2.354714,48.870527],[2.354098,48.869517],[2.352874,48.869934],[2.353352,48.870846],[2.353647,48.870815]],[[2.353398,48.870166],[2.353824,48.870054],[2.353684,48.869693],[2.353933,48.870109],[2.353398,48.870166]]],[[[2.352856,48.870334],[2.352663,48.86998],[2.351217,48.870175],[2.352339,48.871104],[2.353172,48.870941],[2.352856,48.870334]]],[[[2.357878,48.871184],[2.357082,48.871124],[2.357537,48.870884],[2.357159,48.870306],[2.356712,48.869632],[2.355861,48.869262],[2.357282,48.871619],[2.357878,48.871184]]],[[[2.358904,48.871562],[2.359886,48.87175],[2.360172,48.871425],[2.358309,48.871242],[2.357949,48.871461],[2.358372,48.871804],[2.358904,48.871562]]],[[[2.352567,48.871671],[2.353502,48.871548],[2.35321,48.871026],[2.351007,48.871707],[2.351101,48.871922],[2.352567,48.871671]]],[[[2.357556,48.872106],[2.358207,48.871811],[2.357819,48.871506],[2.357354,48.871757],[2.357556,48.872106]]],[[[2.35875,48.872239],[2.359844,48.871797],[2.358955,48.871594],[2.357587,48.872188],[2.357777,48.872545],[2.35875,48.872239]]],[[[2.352964,48.872432],[2.353939,48.872268],[2.353552,48.87163],[2.351083,48.872014],[2.351945,48.871948],[2.351874,48.872439],[2.352305,48.872327],[2.352445,48.872583],[2.352964,48.872432]]],[[[2.3547,48.872691],[2.355718,48.872283],[2.355044,48.871113],[2.354177,48.871336],[2.355007,48.871047],[2.354828,48.87073],[2.353495,48.871018],[2.354431,48.872683],[2.3547,48.872691]],[[2.353889,48.871332],[2.354066,48.871287],[2.354074,48.871303],[2.354101,48.871357],[2.353973,48.871391],[2.353829,48.871429],[2.353788,48.871359],[2.353889,48.871332]]],[[[2.35296,48.872816],[2.35425,48.872786],[2.353955,48.872295],[2.352191,48.872957],[2.35296,48.872816]]],[[[2.357377,48.872327],[2.357071,48.871866],[2.356124,48.872264],[2.356702,48.873297],[2.35773,48.872966],[2.357377,48.872327]]],[[[2.356294,48.873346],[2.355775,48.872409],[2.354629,48.872845],[2.355483,48.872922],[2.355748,48.873498],[2.356294,48.873346]]]],"type":"MultiPolygon"},"properties":{"id_projet":"MATERNELLES (année scolaire 2023/2024)","libelle":"PIERRE BULLET (4) MAT","annee_scol":"2023-2024","zone_commune":0,"etiquette":"Secteur de l'école 4 RUE PIERRE BULLET","lib_etab_1":"PIERRE BULLET (4) MAT","lib_etab_2":null,"lib_etab_3":null,"lib_etab_4":null,"adr_etab_1":"4 RUE PIERRE BULLET","adr_etab_2":null,"adr_etab_3":null,"adr_etab_4":null,"type_etabl":"Maternelle","geo_point_2d":{"lon":2.3551660625527386,"lat":48.87133655725473},"st_area_shape":129944.42775977465,"st_perimeter_shape":7129.1268603321605}},{"type":"Feature","geometry":{"coordinates":[[[[2.357292,48.884292],[2.358943,48.883847],[2.358008,48.881778],[2.357592,48.881364],[2.356832,48.881526],[2.356762,48.881017],[2.356399,48.881088],[2.356167,48.880567],[2.356993,48.88056],[2.356699,48.879919],[2.357114,48.879636],[2.352688,48.880548],[2.354441,48.881799],[2.35563,48.883918],[2.357292,48.884292]]],[[[2.352541,48.879233],[2.353255,48.879149],[2.35371,48.878643],[2.35345,48.878464],[2.353259,48.878776],[2.352284,48.878158],[2.352541,48.879233]]],[[[2.352308,48.879177],[2.352021,48.87851],[2.351782,48.879352],[2.352308,48.879177]]],[[[2.350894,48.87943],[2.351054,48.879411],[2.351054,48.879412],[2.351067,48.87941],[2.351067,48.879409],[2.351312,48.87938],[2.351312,48.879381],[2.351325,48.87938],[2.351325,48.879379],[2.351485,48.879359],[2.351485,48.879361],[2.351497,48.879359],[2.351497,48.879358],[2.351503,48.879352],[2.351505,48.879351],[2.351503,48.879343],[2.351501,48.879343],[2.351485,48.879284],[2.350857,48.879374],[2.35087,48.879419],[2.350867,48.87942],[2.350869,48.879428],[2.350872,48.879428],[2.35088,48.879431],[2.350881,48.879433],[2.350894,48.879432],[2.350894,48.87943]]],[[[2.350758,48.879621],[2.349874,48.879707],[2.350822,48.879989],[2.350758,48.879621]]],[[[2.353996,48.878933],[2.353461,48.879449],[2.353774,48.880031],[2.3544,48.879685],[2.353996,48.878933]]],[[[2.353103,48.879319],[2.35217,48.879564],[2.35232,48.880108],[2.353103,48.879319]]],[[[2.353295,48.879681],[2.352741,48.880249],[2.353523,48.880116],[2.353295,48.879681]]],[[[2.351704,48.879506],[2.350977,48.879531],[2.351038,48.880039],[2.352104,48.88035],[2.352009,48.879584],[2.351704,48.879506]]],[[[2.351337,48.8803],[2.351097,48.880255],[2.351237,48.880732],[2.351962,48.880507],[2.351337,48.8803]]],[[[2.349947,48.879887],[2.349672,48.87985],[2.349921,48.880982],[2.351072,48.88077],[2.350888,48.880166],[2.349947,48.879887]]],[[[2.351794,48.880777],[2.351259,48.880844],[2.351343,48.881147],[2.351794,48.880777]]],[[[2.352738,48.880838],[2.352498,48.880762],[2.352777,48.881775],[2.354012,48.881679],[2.352738,48.880838]]],[[[2.352338,48.880783],[2.351284,48.882004],[2.352617,48.881794],[2.352338,48.880783]]],[[[2.351207,48.881261],[2.351102,48.880876],[2.349906,48.881137],[2.349713,48.883012],[2.351207,48.881261]]],[[[2.351026,48.882233],[2.34983,48.88357],[2.351136,48.883641],[2.351026,48.882233]]],[[[2.355383,48.883942],[2.354245,48.881863],[2.351243,48.882223],[2.351386,48.883681],[2.355383,48.883942]]]],"type":"MultiPolygon"},"properties":{"id_projet":"MATERNELLES (année scolaire 2023/2024)","libelle":"BELZUNCE (3) POLY","annee_scol":"2023-2024","zone_commune":0,"etiquette":"Secteur de l'école 3 RUE DE BELZUNCE","lib_etab_1":"BELZUNCE (3) POLY","lib_etab_2":null,"lib_etab_3":null,"lib_etab_4":null,"adr_etab_1":"3 RUE DE BELZUNCE","adr_etab_2":null,"adr_etab_3":null,"adr_etab_4":null,"type_etabl":"Maternelle","geo_point_2d":{"lon":2.3541529187436563,"lat":48.881893567219514},"st_area_shape":239398.8278792369,"st_perimeter_shape":7228.569561460213}},{"type":"Feature","geometry":{"coordinates":[[[[2.37252,48.874728],[2.370461,48.875251],[2.370454,48.876046],[2.372095,48.876089],[2.37304,48.875266],[2.37252,48.874728]]],[[[2.374041,48.874228],[2.374311,48.874136],[2.37397,48.873799],[2.373583,48.87387],[2.37313,48.874478],[2.374041,48.874228]]],[[[2.373007,48.874489],[2.372963,48.87447],[2.372402,48.87457],[2.37245,48.874591],[2.37249,48.874596],[2.372999,48.874516],[2.373007,48.874489]]],[[[2.372318,48.874598],[2.370478,48.873814],[2.370465,48.87509],[2.372318,48.874598]]],[[[2.374009,48.874416],[2.372637,48.874715],[2.373145,48.875173],[2.374009,48.874416]]],[[[2.371753,48.876194],[2.370452,48.876218],[2.370439,48.877461],[2.371753,48.876194]]]],"type":"MultiPolygon"},"properties":{"id_projet":"MATERNELLES (année scolaire 2023/2024)","libelle":"VICQ D'AZIR (16) POLY","annee_scol":"2023-2024","zone_commune":0,"etiquette":"Secteur de l'école 16 RUE VICQ D'AZIR","lib_etab_1":"VICQ D'AZIR (16) POLY","lib_etab_2":null,"lib_etab_3":null,"lib_etab_4":null,"adr_etab_1":"16 RUE VICQ D'AZIR","adr_etab_2":null,"adr_etab_3":null,"adr_etab_4":null,"type_etabl":"Maternelle","geo_point_2d":{"lon":2.3716668399555583,"lat":48.87532677826743},"st_area_shape":45269.775014285115,"st_perimeter_shape":2104.663534024583}},{"type":"Feature","geometry":{"coordinates":[[[2.35831,48.880031],[2.358174,48.879767],[2.358045,48.879984],[2.35831,48.880031]]],"type":"Polygon"},"properties":{"id_projet":"MATERNELLES (année scolaire 2024/2025)","libelle":"ZM.AQUEDUC(39)/LOUIS BLANC(49)","annee_scol":"2024-2025","zone_commune":1,"etiquette":"Secteur commun des écoles \n39 RUE DE L'AQUEDUC \n49 RUE LOUIS BLANC","lib_etab_1":"AQUEDUC (39) MAT","lib_etab_2":"LOUIS BLANC (49) MAT","lib_etab_3":null,"lib_etab_4":null,"adr_etab_1":"39 RUE DE L'AQUEDUC","adr_etab_2":"49 RUE LOUIS BLANC","adr_etab_3":null,"adr_etab_4":null,"type_etabl":"Maternelle","geo_point_2d":{"lon":2.3582257199945382,"lat":48.879916856596346},"st_area_shape":467.6453704951483,"st_perimeter_shape":87.41704844180074}},{"type":"Feature","geometry":{"coordinates":[[[[2.357292,48.884292],[2.358943,48.883847],[2.358008,48.881778],[2.357592,48.881364],[2.356832,48.881526],[2.356762,48.881017],[2.356399,48.881088],[2.356167,48.880567],[2.356993,48.88056],[2.356699,48.879919],[2.357114,48.879636],[2.352688,48.880548],[2.354441,48.881799],[2.35563,48.883918],[2.357292,48.884292]]],[[[2.352541,48.879233],[2.353255,48.879149],[2.35371,48.878643],[2.35345,48.878464],[2.353259,48.878776],[2.352284,48.878158],[2.352541,48.879233]]],[[[2.352308,48.879177],[2.352021,48.87851],[2.351782,48.879352],[2.352308,48.879177]]],[[[2.350894,48.87943],[2.351054,48.879411],[2.351054,48.879412],[2.351067,48.87941],[2.351067,48.879409],[2.351312,48.87938],[2.351312,48.879381],[2.351325,48.87938],[2.351325,48.879379],[2.351485,48.879359],[2.351485,48.879361],[2.351497,48.879359],[2.351497,48.879358],[2.351503,48.879352],[2.351505,48.879351],[2.351503,48.879343],[2.351501,48.879343],[2.351485,48.879284],[2.350857,48.879374],[2.35087,48.879419],[2.350867,48.87942],[2.350869,48.879428],[2.350872,48.879428],[2.35088,48.879431],[2.350881,48.879433],[2.350894,48.879432],[2.350894,48.87943]]],[[[2.350758,48.879621],[2.349874,48.879707],[2.350822,48.879989],[2.350758,48.879621]]],[[[2.353996,48.878933],[2.353461,48.879449],[2.353774,48.880031],[2.3544,48.879685],[2.353996,48.878933]]],[[[2.353103,48.879319],[2.35217,48.879564],[2.35232,48.880108],[2.353103,48.879319]]],[[[2.353295,48.879681],[2.352741,48.880249],[2.353523,48.880116],[2.353295,48.879681]]],[[[2.351704,48.879506],[2.350977,48.879531],[2.351038,48.880039],[2.352104,48.88035],[2.352009,48.879584],[2.351704,48.879506]]],[[[2.351337,48.8803],[2.351097,48.880255],[2.351237,48.880732],[2.351962,48.880507],[2.351337,48.8803]]],[[[2.349947,48.879887],[2.349672,48.87985],[2.349921,48.880982],[2.351072,48.88077],[2.350888,48.880166],[2.349947,48.879887]]],[[[2.351794,48.880777],[2.351259,48.880844],[2.351343,48.881147],[2.351794,48.880777]]],[[[2.352738,48.880838],[2.352498,48.880762],[2.352777,48.881775],[2.354012,48.881679],[2.352738,48.880838]]],[[[2.352338,48.880783],[2.351284,48.882004],[2.352617,48.881794],[2.352338,48.880783]]],[[[2.351207,48.881261],[2.351102,48.880876],[2.349906,48.881137],[2.349713,48.883012],[2.351207,48.881261]]],[[[2.351026,48.882233],[2.34983,48.88357],[2.351136,48.883641],[2.351026,48.882233]]],[[[2.355383,48.883942],[2.354245,48.881863],[2.351243,48.882223],[2.351386,48.883681],[2.355383,48.883942]]]],"type":"MultiPolygon"},"properties":{"id_projet":"MATERNELLES (année scolaire 2024/2025)","libelle":"BELZUNCE (3) POLY","annee_scol":"2024-2025","zone_commune":0,"etiquette":"Secteur de l'école 3 RUE DE BELZUNCE","lib_etab_1":"BELZUNCE (3) POLY","lib_etab_2":null,"lib_etab_3":null,"lib_etab_4":null,"adr_etab_1":"3 RUE DE BELZUNCE","adr_etab_2":null,"adr_etab_3":null,"adr_etab_4":null,"type_etabl":"Maternelle","geo_point_2d":{"lon":2.3541529187436563,"lat":48.881893567219514},"st_area_shape":239398.8278792369,"st_perimeter_shape":7228.569561460213}},{"type":"Feature","geometry":{"coordinates":[[[[2.364475,48.880701],[2.362504,48.879162],[2.362512,48.880644],[2.363185,48.880829],[2.363484,48.880347],[2.363747,48.880568],[2.363533,48.88092],[2.364681,48.881221],[2.364963,48.881099],[2.364475,48.880701]]],[[[2.365261,48.881341],[2.365102,48.881211],[2.365066,48.881231],[2.364982,48.881278],[2.364988,48.881304],[2.365109,48.881336],[2.36523,48.881368],[2.365261,48.881341]]],[[[2.364338,48.876746],[2.364274,48.876672],[2.363814,48.876842],[2.36382,48.876849],[2.363812,48.876852],[2.363875,48.876924],[2.364338,48.876746]]],[[[2.363783,48.876954],[2.363723,48.876884],[2.363604,48.876929],[2.36358,48.876901],[2.363575,48.876895],[2.363425,48.876719],[2.363417,48.876722],[2.363388,48.876689],[2.363366,48.876662],[2.363211,48.876722],[2.363154,48.876745],[2.363327,48.876858],[2.36334,48.87686],[2.363461,48.876945],[2.363466,48.876943],[2.363562,48.877038],[2.363783,48.876954]]],[[[2.36208,48.877392],[2.363286,48.877063],[2.362789,48.876845],[2.361625,48.877369],[2.361708,48.87763],[2.36208,48.877392]]],[[[2.362324,48.876925],[2.362572,48.876737],[2.36232,48.8769],[2.360937,48.876336],[2.361524,48.877321],[2.362324,48.876925]]],[[[2.366352,48.879358],[2.366621,48.879231],[2.3662,48.87878],[2.365068,48.879224],[2.365608,48.879421],[2.365563,48.879733],[2.366352,48.879358]]],[[[2.367999,48.877447],[2.367799,48.877067],[2.366068,48.877365],[2.36783,48.877937],[2.367999,48.877447]]],[[[2.366118,48.878646],[2.365368,48.877827],[2.36432,48.878606],[2.364871,48.878619],[2.364965,48.879126],[2.366118,48.878646]]],[[[2.365036,48.879726],[2.363901,48.879358],[2.363762,48.879177],[2.364266,48.878929],[2.36421,48.878685],[2.363146,48.879198],[2.364352,48.880303],[2.365376,48.87982],[2.365036,48.879726]]],[[[2.366063,48.88046],[2.366956,48.880031],[2.36671,48.879332],[2.36446,48.880396],[2.365199,48.881003],[2.366063,48.88046]]],[[[2.367893,48.878632],[2.368782,48.878926],[2.369016,48.878336],[2.367907,48.878064],[2.368725,48.878792],[2.367829,48.878344],[2.36759,48.877764],[2.366675,48.877816],[2.367661,48.879352],[2.36805,48.879335],[2.367828,48.879116],[2.368224,48.878894],[2.367893,48.878632]]],[[[2.368146,48.881905],[2.367833,48.881658],[2.367421,48.88186],[2.367667,48.881579],[2.366915,48.880902],[2.366448,48.880928],[2.366859,48.880717],[2.36663,48.88053],[2.367049,48.880132],[2.365315,48.881093],[2.365868,48.881538],[2.368854,48.882329],[2.368146,48.881905]]]],"type":"MultiPolygon"},"properties":{"id_projet":"MATERNELLES (année scolaire 2026/2027)","libelle":"ECLUSES ST MARTIN (28) MAT","annee_scol":"2026-2027","zone_commune":0,"etiquette":"Secteur de l'école 28 ECLUSES ST MARTIN (28) MAT","lib_etab_1":"ECLUSES ST MARTIN (28) MAT","lib_etab_2":null,"lib_etab_3":null,"lib_etab_4":null,"adr_etab_1":"28 ECLUSES ST MARTIN (28) MAT","adr_etab_2":null,"adr_etab_3":null,"adr_etab_4":null,"type_etabl":"Maternelle","geo_point_2d":{"lon":2.3654096975477246,"lat":48.87941989550569},"st_area_shape":103655.30649595438,"st_perimeter_shape":6095.418265398934}},{"type":"Feature","geometry":{"coordinates":[[[[2.365559,48.868269],[2.364529,48.869121],[2.366151,48.869669],[2.366919,48.868679],[2.365559,48.868269]]],[[[2.363578,48.872862],[2.363383,48.872766],[2.363474,48.873053],[2.363578,48.872862]]],[[[2.363553,48.868865],[2.363272,48.868823],[2.363431,48.869184],[2.363748,48.868972],[2.363553,48.868865]]],[[[2.364225,48.872153],[2.363359,48.87256],[2.363719,48.872798],[2.364225,48.872153]]],[[[2.363895,48.869028],[2.363505,48.869352],[2.363692,48.869776],[2.364254,48.869149],[2.363895,48.869028]]],[[[2.363429,48.873931],[2.3641,48.873211],[2.363625,48.873137],[2.363002,48.874192],[2.363429,48.873931]]],[[[2.362753,48.86924],[2.363234,48.869373],[2.362954,48.868854],[2.361418,48.870744],[2.363149,48.86944],[2.362753,48.86924]]],[[[2.363395,48.873214],[2.361653,48.873248],[2.362648,48.874203],[2.363395,48.873214]]],[[[2.363682,48.870267],[2.362853,48.87124],[2.364265,48.871739],[2.363682,48.870267]]],[[[2.364064,48.870142],[2.363842,48.870116],[2.364596,48.871673],[2.365261,48.870754],[2.364064,48.870142]]],[[[2.3628,48.871394],[2.36218,48.871504],[2.363261,48.872474],[2.364311,48.871941],[2.3628,48.871394]]],[[[2.364483,48.868935],[2.365247,48.868185],[2.364395,48.867873],[2.363232,48.868575],[2.364483,48.868935]]],[[[2.362685,48.872122],[2.361212,48.872675],[2.361536,48.87312],[2.363324,48.873103],[2.362685,48.872122]]],[[[2.366061,48.869788],[2.364413,48.869234],[2.363928,48.869857],[2.365329,48.870654],[2.366061,48.869788]]],[[[2.361385,48.872523],[2.361844,48.872263],[2.361145,48.871256],[2.361927,48.872214],[2.36252,48.871978],[2.361408,48.870924],[2.360492,48.871606],[2.361155,48.87259],[2.361385,48.872523]]],[[[2.363552,48.870051],[2.363291,48.869466],[2.361512,48.870866],[2.362089,48.871414],[2.362726,48.871113],[2.363552,48.870051]]]],"type":"MultiPolygon"},"properties":{"id_projet":"MATERNELLES (année scolaire 2026/2027)","libelle":"LEGOUVE (6) MAT","annee_scol":"2026-2027","zone_commune":0,"etiquette":"Secteur de l'école 6 LEGOUVE (6) MAT","lib_etab_1":"LEGOUVE (6) MAT","lib_etab_2":null,"lib_etab_3":null,"lib_etab_4":null,"adr_etab_1":"6 LEGOUVE (6) MAT","adr_etab_2":null,"adr_etab_3":null,"adr_etab_4":null,"type_etabl":"Maternelle","geo_point_2d":{"lon":2.3634975235599787,"lat":48.870813913275406},"st_area_shape":126277.04190400855,"st_perimeter_shape":6343.647804853387}},{"type":"Feature","geometry":{"coordinates":[[[[2.361811,48.882902],[2.36298,48.882157],[2.362012,48.882219],[2.362194,48.881655],[2.361878,48.881992],[2.361718,48.881352],[2.360537,48.880799],[2.361135,48.881698],[2.36011,48.881947],[2.359346,48.881121],[2.36027,48.880757],[2.358246,48.881319],[2.359196,48.882783],[2.361533,48.882603],[2.361362,48.882139],[2.361811,48.882902]]],[[[2.361825,48.884106],[2.362151,48.883872],[2.361825,48.883026],[2.361825,48.884106]]],[[[2.361511,48.883247],[2.360725,48.883663],[2.361471,48.884038],[2.361511,48.883247]]],[[[2.360591,48.883728],[2.359676,48.884183],[2.361343,48.884216],[2.360591,48.883728]]],[[[2.359521,48.883113],[2.359259,48.883017],[2.359443,48.884027],[2.360309,48.883612],[2.359521,48.883113]]],[[[2.361586,48.882743],[2.359426,48.882916],[2.360513,48.883502],[2.361586,48.882743]]],[[[2.358339,48.881144],[2.360046,48.880689],[2.358064,48.88021],[2.357768,48.879596],[2.357351,48.879588],[2.358339,48.881144]]],[[[2.359081,48.884108],[2.35898,48.883018],[2.357126,48.879664],[2.356699,48.879919],[2.356993,48.88056],[2.356167,48.880567],[2.35632,48.880919],[2.356762,48.881017],[2.356832,48.881526],[2.357592,48.881364],[2.358008,48.881778],[2.358943,48.883847],[2.35836,48.884171],[2.359081,48.884108]]],[[[2.361666,48.880498],[2.361956,48.88046],[2.361986,48.879529],[2.360274,48.879465],[2.360088,48.878866],[2.359214,48.879034],[2.35935,48.879522],[2.358846,48.879691],[2.361666,48.880498]]]],"type":"MultiPolygon"},"properties":{"id_projet":"MATERNELLES (année scolaire 2026/2027)","libelle":"LOUIS BLANC (49) MAT","annee_scol":"2026-2027","zone_commune":0,"etiquette":"Secteur de l'école 49 LOUIS BLANC (49) MAT","lib_etab_1":"LOUIS BLANC (49) MAT","lib_etab_2":null,"lib_etab_3":null,"lib_etab_4":null,"adr_etab_1":"49 LOUIS BLANC (49) MAT","adr_etab_2":null,"adr_etab_3":null,"adr_etab_4":null,"type_etabl":"Maternelle","geo_point_2d":{"lon":2.3597847249524455,"lat":48.881635105785726},"st_area_shape":110167.7182384271,"st_perimeter_shape":5865.833414782602}},{"type":"Feature","geometry":{"coordinates":[[[2.363185,48.880829],[2.363533,48.88092],[2.363747,48.880568],[2.363484,48.880347],[2.363185,48.880829]]],"type":"Polygon"},"properties":{"id_projet":"MATERNELLES (année scolaire 2022/2023)","libelle":"ZM ECLUSES ST MARTIN/ AQUEDUC/ LOUIS BLANC","annee_scol":"2022-2023","zone_commune":1,"etiquette":"Secteur commun des écoles \n39 RUE DE L'AQUEDUC \n49 RUE LOUIS BLANC\n28 RUE DES ECLUSES ST MARTIN","lib_etab_1":"AQUEDUC (39) MAT","lib_etab_2":"LOUIS BLANC (49) MAT","lib_etab_3":"ECLUSES ST MARTIN (28) MAT","lib_etab_4":null,"adr_etab_1":"39 RUE DE L'AQUEDUC","adr_etab_2":"49 RUE LOUIS BLANC","adr_etab_3":"28 RUE DES ECLUSES ST MARTIN","adr_etab_4":null,"type_etabl":"Maternelle","geo_point_2d":{"lon":2.3634785477662166,"lat":48.88066107253307},"st_area_shape":1379.6618846688646,"st_perimeter_shape":159.10704244972442}},{"type":"Feature","geometry":{"coordinates":[[[2.363185,48.880829],[2.363533,48.88092],[2.363747,48.880568],[2.363484,48.880347],[2.363185,48.880829]]],"type":"Polygon"},"properties":{"id_projet":"MATERNELLES (année scolaire 2024/2025)","libelle":"ZC ECLUSES ST MARTIN/AQUEDUC/LOUIS BLANC","annee_scol":"2024-2025","zone_commune":1,"etiquette":"Secteur commun des écoles \n39 RUE DE L'AQUEDUC \n28 RUE DES ECLUSES ST MARTIN\n49 RUE LOUIS BLANC","lib_etab_1":"AQUEDUC (39) MAT","lib_etab_2":"ECLUSES ST MARTIN (28) MAT","lib_etab_3":"LOUIS BLANC (49) MAT","lib_etab_4":null,"adr_etab_1":"39 RUE DE L'AQUEDUC","adr_etab_2":"28 RUE DES ECLUSES ST MARTIN","adr_etab_3":"49 RUE LOUIS BLANC","adr_etab_4":null,"type_etabl":"Maternelle","geo_point_2d":{"lon":2.3634785477662166,"lat":48.88066107253307},"st_area_shape":1379.6618846688646,"st_perimeter_shape":159.10704244972442}},{"type":"Feature","geometry":{"coordinates":[[[[2.365559,48.868269],[2.364529,48.869121],[2.366151,48.869669],[2.366919,48.868679],[2.365559,48.868269]]],[[[2.363552,48.870051],[2.363291,48.869466],[2.361512,48.870866],[2.362089,48.871414],[2.362726,48.871113],[2.363552,48.870051]]],[[[2.361385,48.872523],[2.361844,48.872263],[2.361145,48.871256],[2.361927,48.872214],[2.36252,48.871978],[2.361408,48.870924],[2.360492,48.871606],[2.361155,48.87259],[2.361385,48.872523]]],[[[2.366061,48.869788],[2.364413,48.869234],[2.363928,48.869857],[2.365329,48.870654],[2.366061,48.869788]]],[[[2.362685,48.872122],[2.361212,48.872675],[2.361536,48.87312],[2.363324,48.873103],[2.362685,48.872122]]],[[[2.364483,48.868935],[2.365247,48.868185],[2.364395,48.867873],[2.363232,48.868575],[2.364483,48.868935]]],[[[2.3628,48.871394],[2.36218,48.871504],[2.363261,48.872474],[2.364311,48.871941],[2.3628,48.871394]]],[[[2.364064,48.870142],[2.363842,48.870116],[2.364596,48.871673],[2.365261,48.870754],[2.364064,48.870142]]],[[[2.363682,48.870267],[2.362853,48.87124],[2.364265,48.871739],[2.363682,48.870267]]],[[[2.363395,48.873214],[2.361653,48.873248],[2.362648,48.874203],[2.363395,48.873214]]],[[[2.362753,48.86924],[2.363234,48.869373],[2.362954,48.868854],[2.361418,48.870744],[2.363149,48.86944],[2.362753,48.86924]]],[[[2.363429,48.873931],[2.3641,48.873211],[2.363625,48.873137],[2.363002,48.874192],[2.363429,48.873931]]],[[[2.363895,48.869028],[2.363505,48.869352],[2.363692,48.869776],[2.364254,48.869149],[2.363895,48.869028]]],[[[2.364225,48.872153],[2.363359,48.87256],[2.363719,48.872798],[2.364225,48.872153]]],[[[2.363553,48.868865],[2.363272,48.868823],[2.363431,48.869184],[2.363748,48.868972],[2.363553,48.868865]]],[[[2.363578,48.872862],[2.363383,48.872766],[2.363474,48.873053],[2.363578,48.872862]]]],"type":"MultiPolygon"},"properties":{"id_projet":"MATERNELLES (année scolaire 2020/2021)","libelle":"LEGOUVE (6) MAT","annee_scol":"2020-2021","zone_commune":0,"etiquette":"Secteur de l'école 6 RUE LEGOUVE","lib_etab_1":"LEGOUVE (6) MAT","lib_etab_2":null,"lib_etab_3":null,"lib_etab_4":null,"adr_etab_1":"6 RUE LEGOUVE","adr_etab_2":null,"adr_etab_3":null,"adr_etab_4":null,"type_etabl":null,"geo_point_2d":{"lon":2.3634975235599773,"lat":48.870813913275356},"st_area_shape":126277.04190400855,"st_perimeter_shape":6343.647804853388}},{"type":"Feature","geometry":{"coordinates":[[[[2.351262,48.876044],[2.355058,48.874996],[2.355643,48.875336],[2.355782,48.875141],[2.35533,48.874447],[2.354919,48.874503],[2.351027,48.875356],[2.351262,48.876044]]],[[[2.348652,48.876478],[2.350983,48.876065],[2.350877,48.875412],[2.348331,48.875821],[2.348652,48.876478]]],[[[2.350873,48.87136],[2.352147,48.871119],[2.350857,48.870288],[2.350681,48.870948],[2.350476,48.87041],[2.349784,48.870679],[2.349953,48.87155],[2.350873,48.87136]]],[[[2.350949,48.871946],[2.353502,48.871548],[2.35321,48.871026],[2.349999,48.871645],[2.350129,48.872074],[2.350949,48.871946]]],[[[2.352964,48.872432],[2.353939,48.872268],[2.353552,48.87163],[2.350136,48.872169],[2.35082,48.872487],[2.351233,48.87238],[2.351111,48.872082],[2.351945,48.871948],[2.351874,48.872439],[2.352964,48.872432]]],[[[2.353707,48.874657],[2.355257,48.874335],[2.354306,48.872874],[2.353789,48.873189],[2.354154,48.874241],[2.353592,48.874472],[2.353487,48.874684],[2.353707,48.874657]]],[[[2.352856,48.870334],[2.352663,48.86998],[2.351217,48.870175],[2.352339,48.871104],[2.353172,48.870941],[2.352856,48.870334]]],[[[2.355956,48.873892],[2.356561,48.873813],[2.356306,48.873366],[2.355748,48.873498],[2.355483,48.872922],[2.354583,48.872864],[2.355328,48.874096],[2.355956,48.873892]]],[[[2.348702,48.871806],[2.349825,48.871569],[2.349001,48.871106],[2.349575,48.870683],[2.347974,48.870852],[2.348678,48.870937],[2.348818,48.871509],[2.347989,48.87194],[2.348702,48.871806]]],[[[2.349913,48.87686],[2.350982,48.876187],[2.3487,48.876561],[2.349414,48.876947],[2.349913,48.87686]]],[[[2.354885,48.871843],[2.354637,48.871453],[2.353848,48.871665],[2.354267,48.871406],[2.353708,48.87135],[2.354621,48.870922],[2.353464,48.871059],[2.35406,48.872122],[2.354885,48.871843]]],[[[2.353438,48.870861],[2.354276,48.870513],[2.353837,48.870378],[2.354154,48.870163],[2.353182,48.870363],[2.353415,48.870032],[2.352876,48.869937],[2.353438,48.870861]]],[[[2.35454,48.872755],[2.355275,48.872142],[2.354073,48.872141],[2.35454,48.872755]]],[[[2.348327,48.872164],[2.349697,48.871973],[2.349718,48.871699],[2.34801,48.872027],[2.348327,48.872164]]],[[[2.35296,48.872816],[2.35425,48.872786],[2.353955,48.872295],[2.352191,48.872957],[2.35296,48.872816]]],[[[2.356539,48.873981],[2.356532,48.873904],[2.356337,48.873949],[2.35616,48.87399],[2.355982,48.87403],[2.355808,48.874071],[2.355633,48.874111],[2.355437,48.874157],[2.355522,48.874216],[2.35555,48.874209],[2.355581,48.874202],[2.355678,48.87418],[2.355685,48.874178],[2.355747,48.874164],[2.355792,48.874153],[2.355848,48.87414],[2.355906,48.874127],[2.355937,48.87412],[2.355961,48.874114],[2.356021,48.874101],[2.356073,48.874089],[2.356199,48.874059],[2.356307,48.874035],[2.356375,48.874019],[2.356443,48.874003],[2.356495,48.873991],[2.356539,48.873981]]]],"type":"MultiPolygon"},"properties":{"id_projet":"MATERNELLES (année scolaire 2020/2021)","libelle":"PARADIS (20) MAT","annee_scol":"2020-2021","zone_commune":0,"etiquette":"Secteur de l'école 20 RUE DE PARADIS","lib_etab_1":"PARADIS (20) MAT","lib_etab_2":null,"lib_etab_3":null,"lib_etab_4":null,"adr_etab_1":"20 RUE DE PARADIS","adr_etab_2":null,"adr_etab_3":null,"adr_etab_4":null,"type_etabl":null,"geo_point_2d":{"lon":2.352249445502683,"lat":48.87304433069185},"st_area_shape":140320.53689994453,"st_perimeter_shape":8534.609322070692}},{"type":"Feature","geometry":{"coordinates":[[[[2.363326,48.884397],[2.363208,48.884207],[2.364433,48.88414],[2.363176,48.882342],[2.361811,48.882902],[2.362151,48.883872],[2.361644,48.884198],[2.363326,48.884397]]],[[[2.362045,48.880239],[2.362245,48.879279],[2.361871,48.878744],[2.3614,48.878864],[2.361532,48.879502],[2.361986,48.879529],[2.361769,48.880314],[2.362045,48.880239]]],[[[2.360061,48.880653],[2.357684,48.87974],[2.358064,48.88021],[2.35893,48.880292],[2.35919,48.880646],[2.360061,48.880653]]],[[[2.361718,48.881352],[2.361892,48.880695],[2.361666,48.880498],[2.358808,48.87991],[2.361718,48.881352]]],[[[2.362104,48.880734],[2.361988,48.881405],[2.362905,48.881783],[2.362104,48.880734]]],[[[2.363847,48.881701],[2.364383,48.881331],[2.362622,48.880912],[2.363326,48.88194],[2.363847,48.881701]]],[[[2.36044,48.880829],[2.359346,48.881121],[2.36011,48.881947],[2.361135,48.881698],[2.36044,48.880829]]],[[[2.362369,48.88211],[2.362986,48.882128],[2.362194,48.881655],[2.361932,48.882083],[2.362369,48.88211]]],[[[2.364765,48.881431],[2.363551,48.882139],[2.365597,48.883099],[2.366726,48.882583],[2.365662,48.881667],[2.364765,48.881431]]],[[[2.366634,48.881927],[2.368485,48.883616],[2.369603,48.882715],[2.366634,48.881927]]],[[[2.363671,48.88235],[2.364337,48.88368],[2.365427,48.883201],[2.363671,48.88235]]],[[[2.366917,48.882702],[2.365835,48.883211],[2.367252,48.883876],[2.368368,48.883853],[2.366917,48.882702]]],[[[2.365617,48.883263],[2.364478,48.883771],[2.36466,48.884136],[2.36707,48.884026],[2.365617,48.883263]]]],"type":"MultiPolygon"},"properties":{"id_projet":"MATERNELLES (année scolaire 2023/2024)","libelle":"AQUEDUC (39) MAT","annee_scol":"2023-2024","zone_commune":0,"etiquette":"Secteur de l'école 39 RUE DE L'AQUEDUC","lib_etab_1":"AQUEDUC (39) MAT","lib_etab_2":null,"lib_etab_3":null,"lib_etab_4":null,"adr_etab_1":"39 RUE DE L'AQUEDUC","adr_etab_2":null,"adr_etab_3":null,"adr_etab_4":null,"type_etabl":"Maternelle","geo_point_2d":{"lon":2.36406704305644,"lat":48.882387315317516},"st_area_shape":143392.733332067,"st_perimeter_shape":6445.123320345883}},{"type":"Feature","geometry":{"coordinates":[[[[2.353831,48.876471],[2.353959,48.876695],[2.355392,48.876497],[2.3553,48.876184],[2.35363,48.87634],[2.355973,48.876015],[2.354789,48.875839],[2.355796,48.875653],[2.355768,48.875421],[2.354352,48.875246],[2.354767,48.875059],[2.354962,48.875367],[2.355697,48.875334],[2.35533,48.874447],[2.351005,48.87538],[2.351291,48.876379],[2.352584,48.876219],[2.352121,48.876413],[2.352211,48.876934],[2.353912,48.876701],[2.353831,48.876471]]],[[[2.356869,48.874556],[2.356576,48.873894],[2.355385,48.874185],[2.356869,48.874556]]],[[[2.353707,48.874657],[2.355257,48.874335],[2.354306,48.872874],[2.353789,48.873189],[2.354154,48.874241],[2.353592,48.874472],[2.353487,48.874684],[2.353707,48.874657]]],[[[2.356676,48.874631],[2.35557,48.874472],[2.356309,48.87564],[2.357126,48.874831],[2.356676,48.874631]]],[[[2.35586,48.87614],[2.35539,48.876174],[2.355447,48.87649],[2.35586,48.87614]]],[[[2.348652,48.876478],[2.350983,48.876065],[2.350877,48.875412],[2.348331,48.875821],[2.348652,48.876478]]],[[[2.351962,48.876435],[2.351332,48.876521],[2.351474,48.877034],[2.352117,48.876928],[2.351962,48.876435]]],[[[2.351273,48.876906],[2.350934,48.876166],[2.3487,48.876561],[2.349018,48.877099],[2.34966,48.877284],[2.351273,48.876906]]],[[[2.352002,48.877595],[2.354988,48.877219],[2.35544,48.876714],[2.35153,48.877136],[2.351608,48.877522],[2.352002,48.877595]]],[[[2.351386,48.877318],[2.350162,48.877414],[2.351185,48.877682],[2.351386,48.877318]]],[[[2.356057,48.876691],[2.35546,48.877221],[2.355711,48.878125],[2.356317,48.877995],[2.356057,48.876691]]],[[[2.355377,48.878007],[2.355212,48.877499],[2.354547,48.87824],[2.355377,48.878007]]],[[[2.354834,48.877388],[2.352104,48.877723],[2.353661,48.878336],[2.354834,48.877388]]],[[[2.352505,48.878216],[2.352295,48.878161],[2.352517,48.878482],[2.353259,48.878776],[2.35345,48.878464],[2.352505,48.878216]]],[[[2.355521,48.878483],[2.355454,48.878274],[2.354398,48.878508],[2.355597,48.878839],[2.355521,48.878483]]],[[[2.356705,48.878819],[2.356374,48.878136],[2.355711,48.878255],[2.355936,48.878929],[2.356838,48.879165],[2.356705,48.878819]]],[[[2.349467,48.87742],[2.349193,48.877457],[2.3494,48.879131],[2.351158,48.878101],[2.351087,48.877844],[2.349467,48.87742]]],[[[2.351782,48.879352],[2.351998,48.878501],[2.351534,48.878745],[2.351782,48.879352]]],[[[2.358197,48.878804],[2.356823,48.878541],[2.357181,48.879255],[2.357726,48.879397],[2.358583,48.879203],[2.358197,48.878804]]],[[[2.350857,48.879374],[2.351485,48.879284],[2.351218,48.87831],[2.350643,48.878603],[2.350857,48.879374]]],[[[2.356103,48.87916],[2.356038,48.879601],[2.356903,48.879461],[2.356103,48.87916]]],[[[2.350497,48.878678],[2.349472,48.879265],[2.349556,48.879543],[2.350711,48.879453],[2.350497,48.878678]]],[[[2.358591,48.87934],[2.358024,48.879475],[2.358635,48.879635],[2.35836,48.879477],[2.358591,48.87934]]],[[[2.354567,48.878757],[2.354382,48.878843],[2.354792,48.879606],[2.355768,48.879626],[2.355625,48.879035],[2.354567,48.878757]]]],"type":"MultiPolygon"},"properties":{"id_projet":"MATERNELLES (année scolaire 2025/2026)","libelle":"LEON SCHWARTZENBERG (11) MAT","annee_scol":"2025-2026","zone_commune":0,"etiquette":"Secteur de l'école 11 RUE LEON SCHWARTZENBERG","lib_etab_1":"LEON SCHWARTZENBERG (11) MAT","lib_etab_2":null,"lib_etab_3":null,"lib_etab_4":null,"adr_etab_1":"11 RUE LEON SCHWARTZENBERG","adr_etab_2":null,"adr_etab_3":null,"adr_etab_4":null,"type_etabl":"Maternelle","geo_point_2d":{"lon":2.3531385012233703,"lat":48.876790382959015},"st_area_shape":213858.2528998156,"st_perimeter_shape":9987.042214421466}},{"type":"Feature","geometry":{"coordinates":[[[2.35831,48.880031],[2.358174,48.879767],[2.358045,48.879984],[2.35831,48.880031]]],"type":"Polygon"},"properties":{"id_projet":"MATERNELLES (année scolaire 2025/2026)","libelle":"ZM.AQUEDUC(39)/LOUIS BLANC(49)","annee_scol":"2025-2026","zone_commune":1,"etiquette":"Secteur commun des écoles \n39 RUE DE L'AQUEDUC \n49 RUE LOUIS BLANC","lib_etab_1":"AQUEDUC (39) MAT","lib_etab_2":"LOUIS BLANC (49) MAT","lib_etab_3":null,"lib_etab_4":null,"adr_etab_1":"39 RUE DE L'AQUEDUC","adr_etab_2":"49 RUE LOUIS BLANC","adr_etab_3":null,"adr_etab_4":null,"type_etabl":"Maternelle","geo_point_2d":{"lon":2.3582257199945382,"lat":48.879916856596346},"st_area_shape":467.6453704951483,"st_perimeter_shape":87.41704844180074}},{"type":"Feature","geometry":{"coordinates":[[[[2.363326,48.884397],[2.363208,48.884207],[2.364433,48.88414],[2.363176,48.882342],[2.361811,48.882902],[2.362151,48.883872],[2.361644,48.884198],[2.363326,48.884397]]],[[[2.362045,48.880239],[2.362245,48.879279],[2.361871,48.878744],[2.3614,48.878864],[2.361532,48.879502],[2.361986,48.879529],[2.361769,48.880314],[2.362045,48.880239]]],[[[2.360061,48.880653],[2.357684,48.87974],[2.358064,48.88021],[2.35893,48.880292],[2.35919,48.880646],[2.360061,48.880653]]],[[[2.361718,48.881352],[2.361892,48.880695],[2.361666,48.880498],[2.358808,48.87991],[2.361718,48.881352]]],[[[2.362104,48.880734],[2.361988,48.881405],[2.362905,48.881783],[2.362104,48.880734]]],[[[2.363847,48.881701],[2.364383,48.881331],[2.362622,48.880912],[2.363326,48.88194],[2.363847,48.881701]]],[[[2.36044,48.880829],[2.359346,48.881121],[2.36011,48.881947],[2.361135,48.881698],[2.36044,48.880829]]],[[[2.362369,48.88211],[2.362986,48.882128],[2.362194,48.881655],[2.361932,48.882083],[2.362369,48.88211]]],[[[2.364765,48.881431],[2.363551,48.882139],[2.365597,48.883099],[2.366726,48.882583],[2.365662,48.881667],[2.364765,48.881431]]],[[[2.366634,48.881927],[2.368485,48.883616],[2.369603,48.882715],[2.366634,48.881927]]],[[[2.363671,48.88235],[2.364337,48.88368],[2.365427,48.883201],[2.363671,48.88235]]],[[[2.366917,48.882702],[2.365835,48.883211],[2.367252,48.883876],[2.368368,48.883853],[2.366917,48.882702]]],[[[2.365617,48.883263],[2.364478,48.883771],[2.36466,48.884136],[2.36707,48.884026],[2.365617,48.883263]]]],"type":"MultiPolygon"},"properties":{"id_projet":"MATERNELLES (année scolaire 2025/2026)","libelle":"AQUEDUC (39) MAT","annee_scol":"2025-2026","zone_commune":0,"etiquette":"Secteur de l'école 39 RUE DE L'AQUEDUC","lib_etab_1":"AQUEDUC (39) MAT","lib_etab_2":null,"lib_etab_3":null,"lib_etab_4":null,"adr_etab_1":"39 RUE DE L'AQUEDUC","adr_etab_2":null,"adr_etab_3":null,"adr_etab_4":null,"type_etabl":"Maternelle","geo_point_2d":{"lon":2.36406704305644,"lat":48.882387315317516},"st_area_shape":143392.733332067,"st_perimeter_shape":6445.123320345883}},{"type":"Feature","geometry":{"coordinates":[[[2.363185,48.880829],[2.363533,48.88092],[2.363747,48.880568],[2.363484,48.880347],[2.363185,48.880829]]],"type":"Polygon"},"properties":{"id_projet":"MATERNELLES (année scolaire 2026/2027)","libelle":"ZM. AQUEDUC (39) / ECLUSES ST MARTIN (28) / LOUIS BLANC (49)","annee_scol":"2026-2027","zone_commune":1,"etiquette":"Secteur commun des écoles \n49 LOUIS BLANC (49) MAT \n28 ECLUSES ST MARTIN (28) MAT\n39 AQUEDUC (39) MA","lib_etab_1":"LOUIS BLANC (49) MAT","lib_etab_2":"ECLUSES ST MARTIN (28) MAT","lib_etab_3":"AQUEDUC (39) MAT","lib_etab_4":null,"adr_etab_1":"49 LOUIS BLANC (49) MAT","adr_etab_2":"28 ECLUSES ST MARTIN (28) MAT","adr_etab_3":"39 AQUEDUC (39) MAT","adr_etab_4":null,"type_etabl":"Maternelle","geo_point_2d":{"lon":2.3634785477662166,"lat":48.88066107253307},"st_area_shape":1379.6618846688646,"st_perimeter_shape":159.10704244972442}},{"type":"Feature","geometry":{"coordinates":[[[[2.363234,48.876305],[2.364016,48.876208],[2.363541,48.87606],[2.363801,48.87596],[2.362597,48.874342],[2.35971,48.875146],[2.362324,48.876353],[2.362765,48.876243],[2.362464,48.876399],[2.3631,48.876607],[2.363234,48.876305]],[[2.362813,48.875881],[2.36322,48.875687],[2.363223,48.87569],[2.362817,48.875885],[2.362813,48.875881]]],[[[2.360832,48.874642],[2.36247,48.874222],[2.361416,48.873211],[2.358966,48.873307],[2.358488,48.873844],[2.358722,48.874243],[2.360487,48.873911],[2.360832,48.874642]]],[[[2.358283,48.878131],[2.357471,48.876493],[2.356304,48.876601],[2.35675,48.8784],[2.358283,48.878131]]],[[[2.360202,48.878844],[2.359708,48.877529],[2.35848,48.877845],[2.358317,48.877569],[2.359655,48.877455],[2.359462,48.876988],[2.358206,48.877311],[2.358844,48.879691],[2.35935,48.879522],[2.359214,48.879034],[2.360202,48.878844]]],[[[2.360427,48.871722],[2.359094,48.873212],[2.361349,48.8731],[2.360427,48.871722]]],[[[2.360285,48.874829],[2.360708,48.874659],[2.360407,48.874063],[2.358758,48.874298],[2.359296,48.875025],[2.360285,48.874829]]],[[[2.357775,48.873045],[2.356702,48.873297],[2.357324,48.874408],[2.358143,48.873697],[2.357775,48.873045]]],[[[2.35875,48.872239],[2.359844,48.871797],[2.358955,48.871594],[2.357587,48.872188],[2.357777,48.872545],[2.35875,48.872239]]],[[[2.356676,48.874631],[2.35557,48.874472],[2.356309,48.87564],[2.357126,48.874831],[2.356676,48.874631]]],[[[2.358165,48.87326],[2.358553,48.873239],[2.359565,48.872107],[2.357825,48.87263],[2.35798,48.872917],[2.358702,48.872794],[2.358,48.872953],[2.358165,48.87326]]],[[[2.357453,48.875709],[2.356922,48.87559],[2.356283,48.876303],[2.357606,48.87615],[2.357453,48.875709]]],[[[2.357893,48.874989],[2.358789,48.874848],[2.358335,48.874065],[2.357803,48.874619],[2.357893,48.874989]]],[[[2.356869,48.874556],[2.356576,48.873894],[2.355385,48.874185],[2.356869,48.874556]]],[[[2.358493,48.878768],[2.358357,48.878427],[2.356888,48.878516],[2.358047,48.878633],[2.358582,48.879201],[2.358493,48.878768]]],[[[2.359098,48.875483],[2.358131,48.875556],[2.358568,48.875992],[2.359259,48.875881],[2.359098,48.875483]]],[[[2.358601,48.875421],[2.359029,48.875347],[2.358868,48.875022],[2.357849,48.875212],[2.358601,48.875421]]],[[[2.362553,48.87673],[2.361004,48.876295],[2.36232,48.8769],[2.362553,48.87673]]],[[[2.356503,48.873846],[2.356431,48.873782],[2.356426,48.873783],[2.356256,48.873823],[2.356213,48.873832],[2.356149,48.873847],[2.356106,48.873857],[2.356061,48.873868],[2.355999,48.873882],[2.355956,48.873892],[2.355882,48.873909],[2.355862,48.873913],[2.355801,48.873927],[2.355726,48.873945],[2.355691,48.873953],[2.355647,48.873963],[2.355542,48.873987],[2.355492,48.873999],[2.355328,48.874096],[2.355328,48.874097],[2.355363,48.874106],[2.355529,48.874068],[2.355683,48.874033],[2.355838,48.873997],[2.355992,48.873962],[2.356142,48.873928],[2.356295,48.873893],[2.356503,48.873846]]],[[[2.357308,48.875292],[2.3572,48.87528],[2.357125,48.875364],[2.357075,48.875419],[2.35703,48.875466],[2.357055,48.875488],[2.357207,48.875477],[2.357337,48.875465],[2.357364,48.875441],[2.357308,48.875292]]],[[[2.358612,48.879349],[2.35836,48.879477],[2.358667,48.879619],[2.358612,48.879349]]],[[[2.363562,48.877038],[2.363466,48.876943],[2.363461,48.876945],[2.36334,48.87686],[2.363327,48.876858],[2.363154,48.876745],[2.363099,48.876767],[2.363092,48.876769],[2.363086,48.876772],[2.36308,48.876776],[2.363076,48.87678],[2.363072,48.876784],[2.363069,48.876789],[2.363068,48.876793],[2.363067,48.876798],[2.363067,48.876802],[2.363067,48.876803],[2.363068,48.876806],[2.363069,48.876808],[2.363071,48.876813],[2.363075,48.876817],[2.363079,48.876821],[2.363084,48.876825],[2.36309,48.876828],[2.363097,48.876831],[2.363104,48.876833],[2.363314,48.876904],[2.363332,48.876911],[2.363345,48.876918],[2.363358,48.876925],[2.363372,48.876934],[2.363401,48.876966],[2.363491,48.877064],[2.363562,48.877038]]],[[[2.363222,48.876951],[2.362891,48.876842],[2.362857,48.876843],[2.362896,48.876893],[2.363184,48.876985],[2.363286,48.877063],[2.363338,48.877048],[2.363317,48.877031],[2.363222,48.876951]]],[[[2.358445,48.873358],[2.358424,48.873336],[2.358247,48.873345],[2.358225,48.873368],[2.358289,48.873485],[2.358331,48.873487],[2.358445,48.873358]]]],"type":"MultiPolygon"},"properties":{"id_projet":"MATERNELLES (année scolaire 2021/2022)","libelle":"RECOLLETS (23) MAT","annee_scol":"2021-2022","zone_commune":0,"etiquette":"Secteur de l'école 23 PASSAGE DES RECOLLETS","lib_etab_1":"RECOLLETS (23) MAT","lib_etab_2":null,"lib_etab_3":null,"lib_etab_4":null,"adr_etab_1":"23 PASSAGE DES RECOLLETS","adr_etab_2":null,"adr_etab_3":null,"adr_etab_4":null,"type_etabl":"Maternelle","geo_point_2d":{"lon":2.3594231287590666,"lat":48.87522745489352},"st_area_shape":196076.85741688783,"st_perimeter_shape":8800.050007320113}},{"type":"Feature","geometry":{"coordinates":[[[[2.368561,48.875308],[2.367272,48.874097],[2.367842,48.874008],[2.368432,48.874449],[2.37018,48.873803],[2.369311,48.872111],[2.367961,48.871841],[2.365068,48.873683],[2.368347,48.875913],[2.368561,48.875308]]],[[[2.367755,48.871064],[2.366661,48.870796],[2.366029,48.87101],[2.367839,48.871644],[2.368001,48.871147],[2.367755,48.871064]]],[[[2.36932,48.871824],[2.368429,48.871619],[2.368477,48.871553],[2.368325,48.871506],[2.368289,48.871555],[2.368239,48.871623],[2.368202,48.871677],[2.368056,48.87167],[2.368079,48.871702],[2.368328,48.871756],[2.369224,48.87195],[2.36929,48.871964],[2.369429,48.871925],[2.36932,48.871824]]],[[[2.366097,48.871946],[2.367592,48.87169],[2.365948,48.871114],[2.36552,48.871665],[2.366097,48.871946]]],[[[2.367645,48.871847],[2.366091,48.872089],[2.366594,48.872461],[2.367645,48.871847]]],[[[2.370529,48.872796],[2.370144,48.872378],[2.370527,48.87249],[2.3708,48.872209],[2.369731,48.872025],[2.370368,48.873496],[2.370529,48.872796]]],[[[2.365591,48.871986],[2.365359,48.871871],[2.364299,48.873237],[2.364888,48.873637],[2.366474,48.872711],[2.365591,48.871986]]],[[[2.364291,48.873359],[2.363772,48.873913],[2.364741,48.873688],[2.364291,48.873359]]],[[[2.365382,48.874089],[2.364843,48.873777],[2.363649,48.874095],[2.363601,48.874536],[2.364314,48.875426],[2.366113,48.874558],[2.365382,48.874089]]],[[[2.364412,48.876764],[2.364388,48.876735],[2.364343,48.876752],[2.364338,48.876746],[2.363875,48.876924],[2.363899,48.876951],[2.363901,48.876953],[2.364309,48.876802],[2.364395,48.87677],[2.364412,48.876764]]],[[[2.36599,48.877055],[2.368111,48.876081],[2.367139,48.875216],[2.366227,48.875647],[2.367093,48.875186],[2.366255,48.874651],[2.364393,48.875557],[2.36599,48.877055]]],[[[2.363809,48.876985],[2.363783,48.876954],[2.363491,48.877064],[2.363519,48.877095],[2.363668,48.877043],[2.363811,48.876987],[2.363809,48.876985]]],[[[2.366853,48.877327],[2.367527,48.877067],[2.367643,48.876669],[2.366285,48.877213],[2.366853,48.877327]]],[[[2.362026,48.877601],[2.363425,48.87713],[2.362429,48.877235],[2.362026,48.877601]]],[[[2.365036,48.877917],[2.365295,48.877692],[2.364537,48.876811],[2.363982,48.876986],[2.365036,48.877917]]],[[[2.364992,48.878755],[2.364424,48.8787],[2.364933,48.879139],[2.364992,48.878755]]],[[[2.364351,48.877588],[2.363846,48.877081],[2.361853,48.877873],[2.362969,48.87914],[2.36481,48.878113],[2.364351,48.877588]]],[[[2.365591,48.879405],[2.36505,48.879279],[2.365549,48.879739],[2.365591,48.879405]]],[[[2.365282,48.879678],[2.36423,48.878704],[2.363762,48.879177],[2.365282,48.879678]]]],"type":"MultiPolygon"},"properties":{"id_projet":"MATERNELLES (année scolaire 2024/2025)","libelle":"HOPITAL ST LOUIS (18) MAT","annee_scol":"2024-2025","zone_commune":0,"etiquette":"Secteur de l'école 18 RUE DE L'HOPITAL ST LOUIS","lib_etab_1":"HOPITAL ST LOUIS (18) MAT","lib_etab_2":null,"lib_etab_3":null,"lib_etab_4":null,"adr_etab_1":"18 RUE DE L'HOPITAL ST LOUIS","adr_etab_2":null,"adr_etab_3":null,"adr_etab_4":null,"type_etabl":"Maternelle","geo_point_2d":{"lon":2.366228961843736,"lat":48.87473766054925},"st_area_shape":224275.0768353017,"st_perimeter_shape":8008.942195462171}},{"type":"Feature","geometry":{"coordinates":[[[[2.361811,48.882902],[2.36298,48.882157],[2.362012,48.882219],[2.362194,48.881655],[2.361878,48.881992],[2.361718,48.881352],[2.360537,48.880799],[2.361135,48.881698],[2.36011,48.881947],[2.359346,48.881121],[2.36027,48.880757],[2.358246,48.881319],[2.359196,48.882783],[2.361533,48.882603],[2.361362,48.882139],[2.361811,48.882902]]],[[[2.361666,48.880498],[2.361956,48.88046],[2.361986,48.879529],[2.360274,48.879465],[2.360088,48.878866],[2.359214,48.879034],[2.35935,48.879522],[2.358846,48.879691],[2.361666,48.880498]]],[[[2.358339,48.881144],[2.360046,48.880689],[2.358064,48.88021],[2.357768,48.879596],[2.357351,48.879588],[2.358339,48.881144]]],[[[2.361586,48.882743],[2.359426,48.882916],[2.360513,48.883502],[2.361586,48.882743]]],[[[2.359521,48.883113],[2.359259,48.883017],[2.359443,48.884027],[2.360309,48.883612],[2.359521,48.883113]]],[[[2.361511,48.883247],[2.360725,48.883663],[2.361471,48.884038],[2.361511,48.883247]]],[[[2.361825,48.884106],[2.362151,48.883872],[2.361825,48.883026],[2.361825,48.884106]]],[[[2.359081,48.884108],[2.35898,48.883018],[2.357126,48.879664],[2.356699,48.879919],[2.356993,48.88056],[2.356167,48.880567],[2.35632,48.880919],[2.356762,48.881017],[2.356832,48.881526],[2.357592,48.881364],[2.358008,48.881778],[2.358943,48.883847],[2.35836,48.884171],[2.359081,48.884108]]],[[[2.360591,48.883728],[2.359676,48.884183],[2.361343,48.884216],[2.360591,48.883728]]]],"type":"MultiPolygon"},"properties":{"id_projet":"MATERNELLES (année scolaire 2024/2025)","libelle":"LOUIS BLANC (49) MAT","annee_scol":"2024-2025","zone_commune":0,"etiquette":"Secteur de l'école 49 RUE LOUIS BLANC","lib_etab_1":"LOUIS BLANC (49) MAT","lib_etab_2":null,"lib_etab_3":null,"lib_etab_4":null,"adr_etab_1":"49 RUE LOUIS BLANC","adr_etab_2":null,"adr_etab_3":null,"adr_etab_4":null,"type_etabl":"Maternelle","geo_point_2d":{"lon":2.3597847249524437,"lat":48.881635105785726},"st_area_shape":110167.7182384271,"st_perimeter_shape":5865.833414782602}},{"type":"Feature","geometry":{"coordinates":[[[[2.369967,48.880238],[2.369988,48.87862],[2.368191,48.879497],[2.36982,48.881382],[2.369967,48.880238]]],[[[2.368471,48.875844],[2.37018,48.873803],[2.368432,48.874449],[2.367842,48.874008],[2.367272,48.874097],[2.368561,48.875308],[2.368471,48.875844]]],[[[2.368196,48.877773],[2.368476,48.877195],[2.368772,48.877497],[2.368449,48.877815],[2.369785,48.877656],[2.368272,48.876359],[2.367878,48.87663],[2.368412,48.877129],[2.367799,48.877067],[2.367976,48.877911],[2.368196,48.877773]]],[[[2.368554,48.881879],[2.36705,48.880133],[2.36663,48.88053],[2.366859,48.880717],[2.366448,48.880928],[2.366915,48.880902],[2.367667,48.881579],[2.367421,48.88186],[2.367833,48.881658],[2.368891,48.8823],[2.368554,48.881879]]],[[[2.368985,48.876176],[2.368679,48.876213],[2.369761,48.877304],[2.370144,48.877153],[2.370154,48.876215],[2.368985,48.876176]]],[[[2.370161,48.875361],[2.369254,48.875375],[2.368724,48.876027],[2.370105,48.876076],[2.370161,48.875361]]],[[[2.368979,48.87881],[2.369718,48.878408],[2.36958,48.878018],[2.367992,48.877992],[2.369144,48.878435],[2.368979,48.87881]]],[[[2.368852,48.881715],[2.36925,48.882277],[2.369941,48.88219],[2.369541,48.881461],[2.368852,48.881715]]],[[[2.370175,48.874205],[2.369384,48.875247],[2.370164,48.87517],[2.370175,48.874205]]],[[[2.367828,48.879116],[2.368782,48.878926],[2.368041,48.87855],[2.368224,48.878894],[2.367828,48.879116]]],[[[2.368694,48.881773],[2.368852,48.881715],[2.36874,48.881586],[2.367965,48.880685],[2.36791,48.880621],[2.367863,48.880638],[2.367859,48.880634],[2.367849,48.880638],[2.367771,48.880548],[2.367709,48.880572],[2.367783,48.88066],[2.367747,48.880673],[2.368694,48.881773]]],[[[2.367279,48.87716],[2.36793,48.876865],[2.367643,48.876669],[2.367279,48.87716]]],[[[2.370142,48.877318],[2.370107,48.877304],[2.36985,48.877394],[2.369984,48.877528],[2.37014,48.877497],[2.370142,48.877318]]]],"type":"MultiPolygon"},"properties":{"id_projet":"MATERNELLES (année scolaire 2024/2025)","libelle":"BOY  ZELENSKI (5) MAT","annee_scol":"2024-2025","zone_commune":0,"etiquette":"Secteur de l'école 5 RUE BOY ZELENSKI","lib_etab_1":"BOY  ZELENSKI (5) MAT","lib_etab_2":null,"lib_etab_3":null,"lib_etab_4":null,"adr_etab_1":"5 RUE BOY ZELENSKI","adr_etab_2":null,"adr_etab_3":null,"adr_etab_4":null,"type_etabl":"Maternelle","geo_point_2d":{"lon":2.368950111692952,"lat":48.87791377646711},"st_area_shape":96151.89363917918,"st_perimeter_shape":5672.02815375148}},{"type":"Feature","geometry":{"coordinates":[[[[2.368561,48.875308],[2.367272,48.874097],[2.367842,48.874008],[2.368432,48.874449],[2.37018,48.873803],[2.369311,48.872111],[2.367961,48.871841],[2.365068,48.873683],[2.368347,48.875913],[2.368561,48.875308]]],[[[2.367755,48.871064],[2.366661,48.870796],[2.366029,48.87101],[2.367839,48.871644],[2.368001,48.871147],[2.367755,48.871064]]],[[[2.36932,48.871824],[2.368429,48.871619],[2.368477,48.871553],[2.368325,48.871506],[2.368289,48.871555],[2.368239,48.871623],[2.368202,48.871677],[2.368056,48.87167],[2.368079,48.871702],[2.368328,48.871756],[2.369224,48.87195],[2.36929,48.871964],[2.369429,48.871925],[2.36932,48.871824]]],[[[2.366097,48.871946],[2.367592,48.87169],[2.365948,48.871114],[2.36552,48.871665],[2.366097,48.871946]]],[[[2.367645,48.871847],[2.366091,48.872089],[2.366594,48.872461],[2.367645,48.871847]]],[[[2.370529,48.872796],[2.370144,48.872378],[2.370527,48.87249],[2.3708,48.872209],[2.369731,48.872025],[2.370368,48.873496],[2.370529,48.872796]]],[[[2.365591,48.871986],[2.365359,48.871871],[2.364299,48.873237],[2.364888,48.873637],[2.366474,48.872711],[2.365591,48.871986]]],[[[2.364291,48.873359],[2.363772,48.873913],[2.364741,48.873688],[2.364291,48.873359]]],[[[2.365382,48.874089],[2.364843,48.873777],[2.363649,48.874095],[2.363601,48.874536],[2.364314,48.875426],[2.366113,48.874558],[2.365382,48.874089]]],[[[2.364412,48.876764],[2.364388,48.876735],[2.364343,48.876752],[2.364338,48.876746],[2.363875,48.876924],[2.363899,48.876951],[2.363901,48.876953],[2.364309,48.876802],[2.364395,48.87677],[2.364412,48.876764]]],[[[2.36599,48.877055],[2.368111,48.876081],[2.367139,48.875216],[2.366227,48.875647],[2.367093,48.875186],[2.366255,48.874651],[2.364393,48.875557],[2.36599,48.877055]]],[[[2.363809,48.876985],[2.363783,48.876954],[2.363491,48.877064],[2.363519,48.877095],[2.363668,48.877043],[2.363811,48.876987],[2.363809,48.876985]]],[[[2.366853,48.877327],[2.367527,48.877067],[2.367643,48.876669],[2.366285,48.877213],[2.366853,48.877327]]],[[[2.362026,48.877601],[2.363425,48.87713],[2.362429,48.877235],[2.362026,48.877601]]],[[[2.365036,48.877917],[2.365295,48.877692],[2.364537,48.876811],[2.363982,48.876986],[2.365036,48.877917]]],[[[2.364992,48.878755],[2.364424,48.8787],[2.364933,48.879139],[2.364992,48.878755]]],[[[2.364351,48.877588],[2.363846,48.877081],[2.361853,48.877873],[2.362969,48.87914],[2.36481,48.878113],[2.364351,48.877588]]],[[[2.365591,48.879405],[2.36505,48.879279],[2.365549,48.879739],[2.365591,48.879405]]],[[[2.365282,48.879678],[2.36423,48.878704],[2.363762,48.879177],[2.365282,48.879678]]]],"type":"MultiPolygon"},"properties":{"id_projet":"MATERNELLES (année scolaire 2025/2026)","libelle":"HOPITAL ST LOUIS (18) MAT","annee_scol":"2025-2026","zone_commune":0,"etiquette":"Secteur de l'école 18 RUE DE L'HOPITAL ST LOUIS","lib_etab_1":"HOPITAL ST LOUIS (18) MAT","lib_etab_2":null,"lib_etab_3":null,"lib_etab_4":null,"adr_etab_1":"18 RUE DE L'HOPITAL ST LOUIS","adr_etab_2":null,"adr_etab_3":null,"adr_etab_4":null,"type_etabl":"Maternelle","geo_point_2d":{"lon":2.366228961843736,"lat":48.87473766054925},"st_area_shape":224275.0768353017,"st_perimeter_shape":8008.942195462171}},{"type":"Feature","geometry":{"coordinates":[[[[2.364475,48.880701],[2.362504,48.879162],[2.362512,48.880644],[2.363185,48.880829],[2.363484,48.880347],[2.363747,48.880568],[2.363533,48.88092],[2.364681,48.881221],[2.364963,48.881099],[2.364475,48.880701]]],[[[2.364338,48.876746],[2.364274,48.876672],[2.363814,48.876842],[2.36382,48.876849],[2.363812,48.876852],[2.363875,48.876924],[2.364338,48.876746]]],[[[2.363783,48.876954],[2.363723,48.876884],[2.363604,48.876929],[2.36358,48.876901],[2.363575,48.876895],[2.363425,48.876719],[2.363417,48.876722],[2.363388,48.876689],[2.363366,48.876662],[2.363211,48.876722],[2.363154,48.876745],[2.363327,48.876858],[2.36334,48.87686],[2.363461,48.876945],[2.363466,48.876943],[2.363562,48.877038],[2.363783,48.876954]]],[[[2.362324,48.876925],[2.362572,48.876737],[2.36232,48.8769],[2.360937,48.876336],[2.361524,48.877321],[2.362324,48.876925]]],[[[2.36208,48.877392],[2.363286,48.877063],[2.362789,48.876845],[2.361625,48.877369],[2.361708,48.87763],[2.36208,48.877392]]],[[[2.367999,48.877447],[2.367799,48.877067],[2.366068,48.877365],[2.36783,48.877937],[2.367999,48.877447]]],[[[2.366118,48.878646],[2.365368,48.877827],[2.36432,48.878606],[2.364871,48.878619],[2.364965,48.879126],[2.366118,48.878646]]],[[[2.367893,48.878632],[2.368782,48.878926],[2.369016,48.878336],[2.367907,48.878064],[2.368725,48.878792],[2.367829,48.878344],[2.36759,48.877764],[2.366675,48.877816],[2.367661,48.879352],[2.36805,48.879335],[2.367828,48.879116],[2.368224,48.878894],[2.367893,48.878632]]],[[[2.366352,48.879358],[2.366621,48.879231],[2.3662,48.87878],[2.365068,48.879224],[2.365608,48.879421],[2.365563,48.879733],[2.366352,48.879358]]],[[[2.365036,48.879726],[2.363901,48.879358],[2.363762,48.879177],[2.364266,48.878929],[2.36421,48.878685],[2.363146,48.879198],[2.364352,48.880303],[2.365376,48.87982],[2.365036,48.879726]]],[[[2.366063,48.88046],[2.366956,48.880031],[2.36671,48.879332],[2.36446,48.880396],[2.365199,48.881003],[2.366063,48.88046]]],[[[2.365261,48.881341],[2.365102,48.881211],[2.365066,48.881231],[2.364982,48.881278],[2.364988,48.881304],[2.365109,48.881336],[2.36523,48.881368],[2.365261,48.881341]]],[[[2.368146,48.881905],[2.367833,48.881658],[2.367421,48.88186],[2.367667,48.881579],[2.366915,48.880902],[2.366448,48.880928],[2.366859,48.880717],[2.36663,48.88053],[2.367049,48.880132],[2.365315,48.881093],[2.365868,48.881538],[2.368854,48.882329],[2.368146,48.881905]]]],"type":"MultiPolygon"},"properties":{"id_projet":"MATERNELLES (année scolaire 2025/2026)","libelle":"ECLUSES ST MARTIN (28) MAT","annee_scol":"2025-2026","zone_commune":0,"etiquette":"Secteur de l'école 28 RUE DES ECLUSES ST MARTIN","lib_etab_1":"ECLUSES ST MARTIN (28) MAT","lib_etab_2":null,"lib_etab_3":null,"lib_etab_4":null,"adr_etab_1":"28 RUE DES ECLUSES ST MARTIN","adr_etab_2":null,"adr_etab_3":null,"adr_etab_4":null,"type_etabl":"Maternelle","geo_point_2d":{"lon":2.3654096975477286,"lat":48.879419895505734},"st_area_shape":103655.30649595438,"st_perimeter_shape":6095.418265398934}},{"type":"Feature","geometry":{"coordinates":[[[[2.361811,48.882902],[2.36298,48.882157],[2.362012,48.882219],[2.362194,48.881655],[2.361878,48.881992],[2.361718,48.881352],[2.360537,48.880799],[2.361135,48.881698],[2.36011,48.881947],[2.359346,48.881121],[2.36027,48.880757],[2.358246,48.881319],[2.359196,48.882783],[2.361533,48.882603],[2.361362,48.882139],[2.361811,48.882902]]],[[[2.361666,48.880498],[2.361956,48.88046],[2.361986,48.879529],[2.360274,48.879465],[2.360088,48.878866],[2.359214,48.879034],[2.35935,48.879522],[2.358846,48.879691],[2.361666,48.880498]]],[[[2.359081,48.884108],[2.35898,48.883018],[2.357126,48.879664],[2.356699,48.879919],[2.356993,48.88056],[2.356167,48.880567],[2.35632,48.880919],[2.356762,48.881017],[2.356832,48.881526],[2.357592,48.881364],[2.358008,48.881778],[2.358943,48.883847],[2.35836,48.884171],[2.359081,48.884108]]],[[[2.358339,48.881144],[2.360046,48.880689],[2.358064,48.88021],[2.357768,48.879596],[2.357351,48.879588],[2.358339,48.881144]]],[[[2.361586,48.882743],[2.359426,48.882916],[2.360513,48.883502],[2.361586,48.882743]]],[[[2.359521,48.883113],[2.359259,48.883017],[2.359443,48.884027],[2.360309,48.883612],[2.359521,48.883113]]],[[[2.360591,48.883728],[2.359676,48.884183],[2.361343,48.884216],[2.360591,48.883728]]],[[[2.361511,48.883247],[2.360725,48.883663],[2.361471,48.884038],[2.361511,48.883247]]],[[[2.361825,48.884106],[2.362151,48.883872],[2.361825,48.883026],[2.361825,48.884106]]]],"type":"MultiPolygon"},"properties":{"id_projet":"MATERNELLES (année scolaire 2021/2022)","libelle":"LOUIS BLANC (49) MAT","annee_scol":"2021-2022","zone_commune":0,"etiquette":"Secteur de l'école 49 RUE LOUIS BLANC","lib_etab_1":"LOUIS BLANC (49) MAT","lib_etab_2":null,"lib_etab_3":null,"lib_etab_4":null,"adr_etab_1":"49 RUE LOUIS BLANC","adr_etab_2":null,"adr_etab_3":null,"adr_etab_4":null,"type_etabl":"Maternelle","geo_point_2d":{"lon":2.359784724952443,"lat":48.88163510578573},"st_area_shape":110167.7182384271,"st_perimeter_shape":5865.833414782603}},{"type":"Feature","geometry":{"coordinates":[[[[2.357292,48.884292],[2.358943,48.883847],[2.358008,48.881778],[2.357592,48.881364],[2.356832,48.881526],[2.356762,48.881017],[2.356399,48.881088],[2.356167,48.880567],[2.356993,48.88056],[2.356699,48.879919],[2.357114,48.879636],[2.352688,48.880548],[2.354441,48.881799],[2.35563,48.883918],[2.357292,48.884292]]],[[[2.355383,48.883942],[2.354245,48.881863],[2.351243,48.882223],[2.351386,48.883681],[2.355383,48.883942]]],[[[2.351207,48.881261],[2.351102,48.880876],[2.349906,48.881137],[2.349713,48.883012],[2.351207,48.881261]]],[[[2.351026,48.882233],[2.34983,48.88357],[2.351136,48.883641],[2.351026,48.882233]]],[[[2.349947,48.879887],[2.349672,48.87985],[2.349921,48.880982],[2.351072,48.88077],[2.350888,48.880166],[2.349947,48.879887]]],[[[2.352338,48.880783],[2.351284,48.882004],[2.352617,48.881794],[2.352338,48.880783]]],[[[2.351704,48.879506],[2.350977,48.879531],[2.351038,48.880039],[2.352104,48.88035],[2.352009,48.879584],[2.351704,48.879506]]],[[[2.352738,48.880838],[2.352498,48.880762],[2.352777,48.881775],[2.354012,48.881679],[2.352738,48.880838]]],[[[2.352541,48.879233],[2.353255,48.879149],[2.35371,48.878643],[2.35345,48.878464],[2.353259,48.878776],[2.352284,48.878158],[2.352541,48.879233]]],[[[2.353996,48.878933],[2.353461,48.879449],[2.353774,48.880031],[2.3544,48.879685],[2.353996,48.878933]]],[[[2.353103,48.879319],[2.35217,48.879564],[2.35232,48.880108],[2.353103,48.879319]]],[[[2.352308,48.879177],[2.352021,48.87851],[2.351782,48.879352],[2.352308,48.879177]]],[[[2.351337,48.8803],[2.351097,48.880255],[2.351237,48.880732],[2.351962,48.880507],[2.351337,48.8803]]],[[[2.353295,48.879681],[2.352741,48.880249],[2.353523,48.880116],[2.353295,48.879681]]],[[[2.350758,48.879621],[2.349874,48.879707],[2.350822,48.879989],[2.350758,48.879621]]],[[[2.351794,48.880777],[2.351259,48.880844],[2.351343,48.881147],[2.351794,48.880777]]],[[[2.350894,48.87943],[2.351054,48.879411],[2.351054,48.879412],[2.351067,48.87941],[2.351067,48.879409],[2.351312,48.87938],[2.351312,48.879381],[2.351325,48.87938],[2.351325,48.879379],[2.351485,48.879359],[2.351485,48.879361],[2.351497,48.879359],[2.351497,48.879358],[2.351503,48.879352],[2.351505,48.879351],[2.351503,48.879343],[2.351501,48.879343],[2.351485,48.879284],[2.350857,48.879374],[2.35087,48.879419],[2.350867,48.87942],[2.350869,48.879428],[2.350872,48.879428],[2.35088,48.879431],[2.350881,48.879433],[2.350894,48.879432],[2.350894,48.87943]]]],"type":"MultiPolygon"},"properties":{"id_projet":"MATERNELLES (année scolaire 2022/2023)","libelle":"BELZUNCE (3) POLY","annee_scol":"2022-2023","zone_commune":0,"etiquette":"Secteur de l'école 3 RUE DE BELZUNCE","lib_etab_1":"BELZUNCE (3) POLY","lib_etab_2":null,"lib_etab_3":null,"lib_etab_4":null,"adr_etab_1":"3 RUE DE BELZUNCE","adr_etab_2":null,"adr_etab_3":null,"adr_etab_4":null,"type_etabl":"Maternelle","geo_point_2d":{"lon":2.3541529187436585,"lat":48.88189356721952},"st_area_shape":239398.82787923692,"st_perimeter_shape":7228.569561460212}},{"type":"Feature","geometry":{"coordinates":[[[2.353887,48.872277],[2.353889,48.872281],[2.353939,48.872268],[2.353937,48.872264],[2.353887,48.872277]]],"type":"Polygon"},"properties":{"id_projet":"MATERNELLES (année scolaire 2022/2023)","libelle":"PARADIS (20) MAT","annee_scol":"2022-2023","zone_commune":0,"etiquette":"Secteur de l'école","lib_etab_1":"PARADIS (20) MAT","lib_etab_2":null,"lib_etab_3":null,"lib_etab_4":null,"adr_etab_1":null,"adr_etab_2":null,"adr_etab_3":null,"adr_etab_4":null,"type_etabl":"Maternelle","geo_point_2d":{"lon":2.3539128270747915,"lat":48.87227225983312},"st_area_shape":1.782038272307233,"st_perimeter_shape":8.756118186377092}},{"type":"Feature","geometry":{"coordinates":[[[[2.368561,48.875308],[2.367272,48.874097],[2.367842,48.874008],[2.368432,48.874449],[2.37018,48.873803],[2.369311,48.872111],[2.367961,48.871841],[2.365068,48.873683],[2.368347,48.875913],[2.368561,48.875308]]],[[[2.367755,48.871064],[2.366661,48.870796],[2.366029,48.87101],[2.367839,48.871644],[2.368001,48.871147],[2.367755,48.871064]]],[[[2.36932,48.871824],[2.368429,48.871619],[2.368477,48.871553],[2.368325,48.871506],[2.368289,48.871555],[2.368239,48.871623],[2.368202,48.871677],[2.368056,48.87167],[2.368079,48.871702],[2.368328,48.871756],[2.369224,48.87195],[2.36929,48.871964],[2.369429,48.871925],[2.36932,48.871824]]],[[[2.366097,48.871946],[2.367592,48.87169],[2.365948,48.871114],[2.36552,48.871665],[2.366097,48.871946]]],[[[2.367645,48.871847],[2.366091,48.872089],[2.366594,48.872461],[2.367645,48.871847]]],[[[2.370529,48.872796],[2.370144,48.872378],[2.370527,48.87249],[2.3708,48.872209],[2.369731,48.872025],[2.370368,48.873496],[2.370529,48.872796]]],[[[2.365591,48.871986],[2.365359,48.871871],[2.364299,48.873237],[2.364888,48.873637],[2.366474,48.872711],[2.365591,48.871986]]],[[[2.364291,48.873359],[2.363772,48.873913],[2.364741,48.873688],[2.364291,48.873359]]],[[[2.365382,48.874089],[2.364843,48.873777],[2.363649,48.874095],[2.363601,48.874536],[2.364314,48.875426],[2.366113,48.874558],[2.365382,48.874089]]],[[[2.364412,48.876764],[2.364388,48.876735],[2.364343,48.876752],[2.364338,48.876746],[2.363875,48.876924],[2.363899,48.876951],[2.363901,48.876953],[2.364309,48.876802],[2.364395,48.87677],[2.364412,48.876764]]],[[[2.36599,48.877055],[2.368111,48.876081],[2.367139,48.875216],[2.366227,48.875647],[2.367093,48.875186],[2.366255,48.874651],[2.364393,48.875557],[2.36599,48.877055]]],[[[2.363809,48.876985],[2.363783,48.876954],[2.363491,48.877064],[2.363519,48.877095],[2.363668,48.877043],[2.363811,48.876987],[2.363809,48.876985]]],[[[2.366853,48.877327],[2.367527,48.877067],[2.367643,48.876669],[2.366285,48.877213],[2.366853,48.877327]]],[[[2.362026,48.877601],[2.363425,48.87713],[2.362429,48.877235],[2.362026,48.877601]]],[[[2.365036,48.877917],[2.365295,48.877692],[2.364537,48.876811],[2.363982,48.876986],[2.365036,48.877917]]],[[[2.364992,48.878755],[2.364424,48.8787],[2.364933,48.879139],[2.364992,48.878755]]],[[[2.364351,48.877588],[2.363846,48.877081],[2.361853,48.877873],[2.362969,48.87914],[2.36481,48.878113],[2.364351,48.877588]]],[[[2.365591,48.879405],[2.36505,48.879279],[2.365549,48.879739],[2.365591,48.879405]]],[[[2.365282,48.879678],[2.36423,48.878704],[2.363762,48.879177],[2.365282,48.879678]]]],"type":"MultiPolygon"},"properties":{"id_projet":"MATERNELLES (année scolaire 2023/2024)","libelle":"HOPITAL ST LOUIS (18) MAT","annee_scol":"2023-2024","zone_commune":0,"etiquette":"Secteur de l'école 18 RUE DE L'HOPITAL ST LOUIS","lib_etab_1":"HOPITAL ST LOUIS (18) MAT","lib_etab_2":null,"lib_etab_3":null,"lib_etab_4":null,"adr_etab_1":"18 RUE DE L'HOPITAL ST LOUIS","adr_etab_2":null,"adr_etab_3":null,"adr_etab_4":null,"type_etabl":"Maternelle","geo_point_2d":{"lon":2.366228961843736,"lat":48.87473766054925},"st_area_shape":224275.0768353017,"st_perimeter_shape":8008.942195462171}},{"type":"Feature","geometry":{"coordinates":[[[[2.359193,48.869876],[2.358913,48.869096],[2.359573,48.870379],[2.360611,48.869848],[2.359808,48.868664],[2.358171,48.86917],[2.358434,48.869631],[2.35813,48.86918],[2.357751,48.869258],[2.358782,48.870806],[2.359446,48.870477],[2.359193,48.869876]]],[[[2.36248,48.868317],[2.362228,48.868134],[2.361998,48.868168],[2.361914,48.86818],[2.361602,48.868226],[2.361352,48.868263],[2.361358,48.868307],[2.362462,48.868341],[2.36248,48.868317]]],[[[2.359138,48.868734],[2.356223,48.869029],[2.357449,48.869209],[2.359138,48.868734]]],[[[2.36192,48.869143],[2.362671,48.868456],[2.359929,48.868629],[2.360725,48.869759],[2.36192,48.869143]]],[[[2.361162,48.870323],[2.362155,48.869215],[2.360836,48.869876],[2.361162,48.870323]]],[[[2.360723,48.869965],[2.360135,48.870254],[2.360716,48.87082],[2.361058,48.870443],[2.360723,48.869965]]],[[[2.358442,48.870448],[2.357715,48.869263],[2.356883,48.869363],[2.357859,48.87056],[2.358234,48.870449],[2.357786,48.870588],[2.35811,48.871055],[2.358688,48.870887],[2.358442,48.870448]]],[[[2.358073,48.871214],[2.356794,48.869372],[2.355921,48.869252],[2.356712,48.869632],[2.357537,48.870884],[2.357082,48.871124],[2.358073,48.871214]]],[[[2.360189,48.87043],[2.359614,48.870558],[2.360299,48.871287],[2.360656,48.870887],[2.360189,48.87043]]],[[[2.359825,48.871425],[2.360173,48.871403],[2.359487,48.870628],[2.358309,48.871242],[2.359825,48.871425]]]],"type":"MultiPolygon"},"properties":{"id_projet":"MATERNELLES (année scolaire 2025/2026)","libelle":"LANCRY (15) POLY","annee_scol":"2025-2026","zone_commune":0,"etiquette":"Secteur de l'école 15 RUE DE LANCRY","lib_etab_1":"LANCRY (15) POLY","lib_etab_2":null,"lib_etab_3":null,"lib_etab_4":null,"adr_etab_1":"15 RUE DE LANCRY","adr_etab_2":null,"adr_etab_3":null,"adr_etab_4":null,"type_etabl":"Maternelle","geo_point_2d":{"lon":2.359448567767099,"lat":48.869714905479974},"st_area_shape":83725.02091153408,"st_perimeter_shape":4857.966969027383}},{"type":"Feature","geometry":{"coordinates":[[[2.35831,48.880031],[2.358174,48.879767],[2.358045,48.879984],[2.35831,48.880031]]],"type":"Polygon"},"properties":{"id_projet":"MATERNELLES (année scolaire 2026/2027)","libelle":"ZM.AQUEDUC(39)/LOUIS BLANC(49)","annee_scol":"2026-2027","zone_commune":1,"etiquette":"Secteur commun des écoles \n49 LOUIS BLANC (49) MAT \n39 AQUEDUC (39) MAT","lib_etab_1":"LOUIS BLANC (49) MAT","lib_etab_2":"AQUEDUC (39) MAT","lib_etab_3":null,"lib_etab_4":null,"adr_etab_1":"49 LOUIS BLANC (49) MAT","adr_etab_2":"39 AQUEDUC (39) MAT","adr_etab_3":null,"adr_etab_4":null,"type_etabl":"Maternelle","geo_point_2d":{"lon":2.3582257199945382,"lat":48.879916856596346},"st_area_shape":467.6453704951483,"st_perimeter_shape":87.41704844180074}},{"type":"Feature","geometry":{"coordinates":[[[[2.369978,48.879381],[2.369888,48.878594],[2.368191,48.879497],[2.36982,48.881382],[2.369978,48.879381]]],[[[2.368788,48.875579],[2.37018,48.873803],[2.368432,48.874449],[2.367842,48.874008],[2.367272,48.874097],[2.368561,48.875308],[2.368347,48.875913],[2.368788,48.875579]]],[[[2.372839,48.875441],[2.373041,48.875238],[2.372479,48.874719],[2.370512,48.875232],[2.371389,48.875348],[2.372115,48.876072],[2.372839,48.875441]]],[[[2.368196,48.877773],[2.368476,48.877195],[2.368772,48.877497],[2.368449,48.877815],[2.369785,48.877656],[2.368272,48.876359],[2.367878,48.87663],[2.368412,48.877129],[2.367799,48.877067],[2.367976,48.877911],[2.368196,48.877773]]],[[[2.368985,48.876176],[2.368679,48.876213],[2.369761,48.877304],[2.370144,48.877153],[2.370154,48.876215],[2.368985,48.876176]]],[[[2.370161,48.875361],[2.369254,48.875375],[2.368724,48.876027],[2.370105,48.876076],[2.370161,48.875361]]],[[[2.371462,48.876641],[2.371911,48.876214],[2.371041,48.876568],[2.370452,48.876218],[2.370439,48.877461],[2.371462,48.876641]]],[[[2.369455,48.878554],[2.369718,48.878408],[2.36958,48.878018],[2.367992,48.877992],[2.369144,48.878435],[2.36899,48.878818],[2.369455,48.878554]]],[[[2.369944,48.881939],[2.369541,48.881461],[2.368852,48.881715],[2.369479,48.882363],[2.369944,48.881939]]],[[[2.372065,48.874663],[2.371208,48.874283],[2.370484,48.875097],[2.372065,48.874663]]],[[[2.370175,48.874205],[2.369384,48.875247],[2.370164,48.87517],[2.370175,48.874205]]],[[[2.374009,48.874416],[2.372637,48.874715],[2.373145,48.875173],[2.374009,48.874416]]],[[[2.374041,48.874228],[2.374311,48.874136],[2.37397,48.873799],[2.373583,48.87387],[2.37313,48.874478],[2.374041,48.874228]]],[[[2.368043,48.879245],[2.368782,48.878926],[2.368041,48.87855],[2.368224,48.878894],[2.367828,48.879116],[2.368043,48.879245]]],[[[2.367321,48.877206],[2.36793,48.876865],[2.367643,48.876669],[2.367321,48.877206]]],[[[2.370142,48.877318],[2.370107,48.877304],[2.36985,48.877394],[2.369984,48.877528],[2.37014,48.877497],[2.370142,48.877318]]],[[[2.373007,48.874489],[2.372963,48.87447],[2.372402,48.87457],[2.37245,48.874591],[2.37249,48.874596],[2.372999,48.874516],[2.373007,48.874489]]]],"type":"MultiPolygon"},"properties":{"id_projet":"MATERNELLES (année scolaire 2020/2021)","libelle":"BOY  ZELENSKI (5) MAT","annee_scol":"2020-2021","zone_commune":0,"etiquette":"Secteur de l'école 5 RUE BOY-ZELENSKI","lib_etab_1":"BOY  ZELENSKI (5) MAT","lib_etab_2":null,"lib_etab_3":null,"lib_etab_4":null,"adr_etab_1":"5 RUE BOY-ZELENSKI","adr_etab_2":null,"adr_etab_3":null,"adr_etab_4":null,"type_etabl":null,"geo_point_2d":{"lon":2.369888182786688,"lat":48.87687237069806},"st_area_shape":113238.33565833248,"st_perimeter_shape":6602.829271572963}},{"type":"Feature","geometry":{"coordinates":[[[[2.37634,48.872345],[2.376645,48.872017],[2.372941,48.870645],[2.372221,48.871611],[2.374743,48.87312],[2.375421,48.872551],[2.37634,48.872345]]],[[[2.368233,48.869114],[2.367636,48.868937],[2.366029,48.87101],[2.36789,48.871639],[2.369232,48.869487],[2.368233,48.869114]]],[[[2.36806,48.871839],[2.369207,48.874061],[2.37018,48.873803],[2.369528,48.872271],[2.36806,48.871839]]],[[[2.370231,48.871879],[2.369723,48.872006],[2.370435,48.873499],[2.371425,48.872272],[2.370231,48.871879]]],[[[2.371243,48.870137],[2.370623,48.870789],[2.372253,48.871294],[2.37276,48.870588],[2.371243,48.870137]]],[[[2.368732,48.870903],[2.368079,48.871702],[2.36929,48.871964],[2.369932,48.871273],[2.368732,48.870903]]],[[[2.370204,48.870906],[2.370845,48.870038],[2.370056,48.869773],[2.369216,48.870917],[2.369997,48.871143],[2.370204,48.870906]]],[[[2.366097,48.871946],[2.367592,48.87169],[2.365948,48.871114],[2.36552,48.871665],[2.366097,48.871946]]],[[[2.374159,48.873032],[2.374389,48.872906],[2.373806,48.872601],[2.373488,48.872809],[2.372451,48.872324],[2.372705,48.872058],[2.372051,48.871869],[2.371733,48.872158],[2.373841,48.873261],[2.374159,48.873032]]],[[[2.369813,48.869698],[2.369344,48.869587],[2.368623,48.870745],[2.369149,48.870897],[2.369813,48.869698]]],[[[2.371501,48.872187],[2.371798,48.871794],[2.370245,48.871343],[2.369951,48.871696],[2.371501,48.872187]]],[[[2.370841,48.870946],[2.37057,48.870862],[2.370324,48.871238],[2.371894,48.871694],[2.3722,48.871367],[2.370841,48.870946]]],[[[2.374918,48.873623],[2.374557,48.873135],[2.37397,48.873799],[2.374311,48.874136],[2.374918,48.873623]]],[[[2.367645,48.871847],[2.366091,48.872089],[2.366594,48.872461],[2.367645,48.871847]]],[[[2.376047,48.872608],[2.375515,48.87265],[2.374842,48.873253],[2.375076,48.873482],[2.376047,48.872608]]],[[[2.372968,48.872164],[2.372683,48.872298],[2.373313,48.872372],[2.372968,48.872164]]],[[[2.373618,48.872503],[2.373435,48.872407],[2.373252,48.872557],[2.373256,48.872593],[2.373419,48.872676],[2.373465,48.8727],[2.373517,48.872696],[2.373575,48.872649],[2.373702,48.872546],[2.373618,48.872503]]]],"type":"MultiPolygon"},"properties":{"id_projet":"MATERNELLES (année scolaire 2021/2022)","libelle":"PARMENTIER (155) MAT","annee_scol":"2021-2022","zone_commune":0,"etiquette":"Secteur de l'école 155 AVENUE PARMENTIER","lib_etab_1":"PARMENTIER (155) MAT","lib_etab_2":null,"lib_etab_3":null,"lib_etab_4":null,"adr_etab_1":"155 AVENUE PARMENTIER","adr_etab_2":null,"adr_etab_3":null,"adr_etab_4":null,"type_etabl":"Maternelle","geo_point_2d":{"lon":2.3706171427037463,"lat":48.87152913630363},"st_area_shape":183428.17289859924,"st_perimeter_shape":7200.0196716535}},{"type":"Feature","geometry":{"coordinates":[[[[2.359193,48.869876],[2.358913,48.869096],[2.359573,48.870379],[2.360611,48.869848],[2.359808,48.868664],[2.358171,48.86917],[2.358434,48.869631],[2.35813,48.86918],[2.357751,48.869258],[2.358782,48.870806],[2.359446,48.870477],[2.359193,48.869876]]],[[[2.36192,48.869143],[2.362671,48.868456],[2.359929,48.868629],[2.360725,48.869759],[2.36192,48.869143]]],[[[2.359138,48.868734],[2.356223,48.869029],[2.357449,48.869209],[2.359138,48.868734]]],[[[2.360189,48.87043],[2.359614,48.870558],[2.360299,48.871287],[2.360656,48.870887],[2.360189,48.87043]]],[[[2.361162,48.870323],[2.362155,48.869215],[2.360836,48.869876],[2.361162,48.870323]]],[[[2.360723,48.869965],[2.360135,48.870254],[2.360716,48.87082],[2.361058,48.870443],[2.360723,48.869965]]],[[[2.357321,48.869562],[2.357868,48.869523],[2.357715,48.869263],[2.356883,48.869363],[2.357321,48.869562]]],[[[2.35684,48.869438],[2.355921,48.869252],[2.356564,48.869678],[2.35684,48.869438]]],[[[2.36248,48.868317],[2.362228,48.868134],[2.361998,48.868168],[2.361914,48.86818],[2.361602,48.868226],[2.361352,48.868263],[2.361358,48.868307],[2.362462,48.868341],[2.36248,48.868317]]]],"type":"MultiPolygon"},"properties":{"id_projet":"MATERNELLES (année scolaire 2021/2022)","libelle":"LANCRY (15) POLY","annee_scol":"2021-2022","zone_commune":0,"etiquette":"Secteur de l'école 15 RUE DE LANCRY","lib_etab_1":"LANCRY (15) POLY","lib_etab_2":null,"lib_etab_3":null,"lib_etab_4":null,"adr_etab_1":"15 RUE DE LANCRY","adr_etab_2":null,"adr_etab_3":null,"adr_etab_4":null,"type_etabl":"Maternelle","geo_point_2d":{"lon":2.359814308169898,"lat":48.86946414196085},"st_area_shape":64544.751717385356,"st_perimeter_shape":3571.3878813904757}},{"type":"Feature","geometry":{"coordinates":[[[[2.37634,48.872345],[2.376645,48.872017],[2.372941,48.870645],[2.372221,48.871611],[2.374743,48.87312],[2.375421,48.872551],[2.37634,48.872345]]],[[[2.369813,48.869698],[2.369344,48.869587],[2.368623,48.870745],[2.369149,48.870897],[2.369813,48.869698]]],[[[2.370204,48.870906],[2.370845,48.870038],[2.370056,48.869773],[2.369216,48.870917],[2.369997,48.871143],[2.370204,48.870906]]],[[[2.371243,48.870137],[2.370623,48.870789],[2.372253,48.871294],[2.37276,48.870588],[2.371243,48.870137]]],[[[2.368261,48.871044],[2.369232,48.869487],[2.367701,48.868925],[2.366031,48.871007],[2.366661,48.870796],[2.368001,48.871147],[2.367851,48.871648],[2.368261,48.871044]]],[[[2.370841,48.870946],[2.37057,48.870862],[2.370324,48.871238],[2.371894,48.871694],[2.3722,48.871367],[2.370841,48.870946]]],[[[2.369751,48.871517],[2.369918,48.871248],[2.368577,48.870859],[2.36805,48.871661],[2.368325,48.871506],[2.369429,48.871925],[2.369751,48.871517]]],[[[2.371501,48.872187],[2.371798,48.871794],[2.370245,48.871343],[2.369951,48.871696],[2.371501,48.872187]]],[[[2.372968,48.872164],[2.372683,48.872298],[2.373313,48.872372],[2.372968,48.872164]]],[[[2.373618,48.872503],[2.373435,48.872407],[2.373252,48.872557],[2.373256,48.872593],[2.373419,48.872676],[2.373465,48.8727],[2.373517,48.872696],[2.373575,48.872649],[2.373702,48.872546],[2.373618,48.872503]]],[[[2.373804,48.873444],[2.374389,48.872906],[2.372451,48.872324],[2.372705,48.872058],[2.371986,48.871881],[2.371425,48.872503],[2.373804,48.873444]]],[[[2.376047,48.872608],[2.375515,48.87265],[2.374842,48.873253],[2.375076,48.873482],[2.376047,48.872608]]],[[[2.370943,48.872826],[2.371413,48.872252],[2.369855,48.871828],[2.369731,48.872025],[2.3708,48.872209],[2.37012,48.872438],[2.37059,48.87271],[2.370368,48.873496],[2.370943,48.872826]]],[[[2.37295,48.873977],[2.373617,48.873522],[2.371394,48.872559],[2.370702,48.873407],[2.372267,48.874098],[2.37262,48.873788],[2.372739,48.874101],[2.37295,48.873977]]],[[[2.37168,48.873903],[2.370665,48.873455],[2.370479,48.873702],[2.371434,48.874144],[2.37168,48.873903]]],[[[2.37337,48.87416],[2.37397,48.873799],[2.374348,48.874124],[2.374918,48.873623],[2.374542,48.873114],[2.372685,48.874257],[2.37313,48.874478],[2.37337,48.87416]]],[[[2.372963,48.87447],[2.371818,48.873964],[2.371566,48.874176],[2.372402,48.87457],[2.372963,48.87447]]]],"type":"MultiPolygon"},"properties":{"id_projet":"MATERNELLES (année scolaire 2023/2024)","libelle":"PARMENTIER (155) MAT","annee_scol":"2023-2024","zone_commune":0,"etiquette":"Secteur de l'école 155 AVENUE PARMENTIER","lib_etab_1":"PARMENTIER (155) MAT","lib_etab_2":null,"lib_etab_3":null,"lib_etab_4":null,"adr_etab_1":"155 AVENUE PARMENTIER","adr_etab_2":null,"adr_etab_3":null,"adr_etab_4":null,"type_etabl":"Maternelle","geo_point_2d":{"lon":2.3715077825551765,"lat":48.87173871061734},"st_area_shape":178283.4722979504,"st_perimeter_shape":7618.230780406505}},{"type":"Feature","geometry":{"coordinates":[[[2.363185,48.880829],[2.363533,48.88092],[2.363747,48.880568],[2.363484,48.880347],[2.363185,48.880829]]],"type":"Polygon"},"properties":{"id_projet":"MATERNELLES (année scolaire 2023/2024)","libelle":"ZM. AQUEDUC (39) / ECLUSES ST MARTIN (28) / LOUIS BLANC (49)","annee_scol":"2023-2024","zone_commune":1,"etiquette":"Secteur commun des écoles \n39 RUE DE L'AQUEDUC \n28 RUE DES ECLUSES ST MARTIN\n49 RUE LOUIS BLANC","lib_etab_1":"AQUEDUC (39) MAT","lib_etab_2":"ECLUSES ST MARTIN (28) MAT","lib_etab_3":"LOUIS BLANC (49) MAT","lib_etab_4":null,"adr_etab_1":"39 RUE DE L'AQUEDUC","adr_etab_2":"28 RUE DES ECLUSES ST MARTIN","adr_etab_3":"49 RUE LOUIS BLANC","adr_etab_4":null,"type_etabl":"Maternelle","geo_point_2d":{"lon":2.3634785477662166,"lat":48.88066107253307},"st_area_shape":1379.6618846688646,"st_perimeter_shape":159.10704244972442}},{"type":"Feature","geometry":{"coordinates":[[[[2.357292,48.884292],[2.358943,48.883847],[2.358008,48.881778],[2.357592,48.881364],[2.356832,48.881526],[2.356762,48.881017],[2.356399,48.881088],[2.356167,48.880567],[2.356993,48.88056],[2.356699,48.879919],[2.357114,48.879636],[2.352688,48.880548],[2.354441,48.881799],[2.35563,48.883918],[2.357292,48.884292]]],[[[2.352541,48.879233],[2.353255,48.879149],[2.35371,48.878643],[2.35345,48.878464],[2.353259,48.878776],[2.352284,48.878158],[2.352541,48.879233]]],[[[2.352308,48.879177],[2.352021,48.87851],[2.351782,48.879352],[2.352308,48.879177]]],[[[2.350894,48.87943],[2.351054,48.879411],[2.351054,48.879412],[2.351067,48.87941],[2.351067,48.879409],[2.351312,48.87938],[2.351312,48.879381],[2.351325,48.87938],[2.351325,48.879379],[2.351485,48.879359],[2.351485,48.879361],[2.351497,48.879359],[2.351497,48.879358],[2.351503,48.879352],[2.351505,48.879351],[2.351503,48.879343],[2.351501,48.879343],[2.351485,48.879284],[2.350857,48.879374],[2.35087,48.879419],[2.350867,48.87942],[2.350869,48.879428],[2.350872,48.879428],[2.35088,48.879431],[2.350881,48.879433],[2.350894,48.879432],[2.350894,48.87943]]],[[[2.350758,48.879621],[2.349874,48.879707],[2.350822,48.879989],[2.350758,48.879621]]],[[[2.353996,48.878933],[2.353461,48.879449],[2.353774,48.880031],[2.3544,48.879685],[2.353996,48.878933]]],[[[2.353103,48.879319],[2.35217,48.879564],[2.35232,48.880108],[2.353103,48.879319]]],[[[2.353295,48.879681],[2.352741,48.880249],[2.353523,48.880116],[2.353295,48.879681]]],[[[2.351704,48.879506],[2.350977,48.879531],[2.351038,48.880039],[2.352104,48.88035],[2.352009,48.879584],[2.351704,48.879506]]],[[[2.351337,48.8803],[2.351097,48.880255],[2.351237,48.880732],[2.351962,48.880507],[2.351337,48.8803]]],[[[2.349947,48.879887],[2.349672,48.87985],[2.349921,48.880982],[2.351072,48.88077],[2.350888,48.880166],[2.349947,48.879887]]],[[[2.351794,48.880777],[2.351259,48.880844],[2.351343,48.881147],[2.351794,48.880777]]],[[[2.352738,48.880838],[2.352498,48.880762],[2.352777,48.881775],[2.354012,48.881679],[2.352738,48.880838]]],[[[2.352338,48.880783],[2.351284,48.882004],[2.352617,48.881794],[2.352338,48.880783]]],[[[2.351207,48.881261],[2.351102,48.880876],[2.349906,48.881137],[2.349713,48.883012],[2.351207,48.881261]]],[[[2.351026,48.882233],[2.34983,48.88357],[2.351136,48.883641],[2.351026,48.882233]]],[[[2.355383,48.883942],[2.354245,48.881863],[2.351243,48.882223],[2.351386,48.883681],[2.355383,48.883942]]]],"type":"MultiPolygon"},"properties":{"id_projet":"MATERNELLES (année scolaire 2025/2026)","libelle":"BELZUNCE (3) POLY","annee_scol":"2025-2026","zone_commune":0,"etiquette":"Secteur de l'école 3 RUE DE BELZUNCE","lib_etab_1":"BELZUNCE (3) POLY","lib_etab_2":null,"lib_etab_3":null,"lib_etab_4":null,"adr_etab_1":"3 RUE DE BELZUNCE","adr_etab_2":null,"adr_etab_3":null,"adr_etab_4":null,"type_etabl":"Maternelle","geo_point_2d":{"lon":2.3541529187436563,"lat":48.881893567219514},"st_area_shape":239398.8278792369,"st_perimeter_shape":7228.569561460213}},{"type":"Feature","geometry":{"coordinates":[[[[2.37252,48.874728],[2.370461,48.875251],[2.370454,48.876046],[2.372095,48.876089],[2.37304,48.875266],[2.37252,48.874728]]],[[[2.373007,48.874489],[2.372963,48.87447],[2.372402,48.87457],[2.37245,48.874591],[2.37249,48.874596],[2.372999,48.874516],[2.373007,48.874489]]],[[[2.374041,48.874228],[2.374311,48.874136],[2.37397,48.873799],[2.373583,48.87387],[2.37313,48.874478],[2.374041,48.874228]]],[[[2.374009,48.874416],[2.372637,48.874715],[2.373145,48.875173],[2.374009,48.874416]]],[[[2.371753,48.876194],[2.370452,48.876218],[2.370439,48.877461],[2.371753,48.876194]]],[[[2.372318,48.874598],[2.370478,48.873814],[2.370465,48.87509],[2.372318,48.874598]]]],"type":"MultiPolygon"},"properties":{"id_projet":"MATERNELLES (année scolaire 2026/2027)","libelle":"VICQ D'AZIR (16) POLY","annee_scol":"2026-2027","zone_commune":0,"etiquette":"Secteur de l'école 16 VICQ D'AZIR (16) POLY","lib_etab_1":"VICQ D'AZIR (16) POLY","lib_etab_2":null,"lib_etab_3":null,"lib_etab_4":null,"adr_etab_1":"16 VICQ D'AZIR (16) POLY","adr_etab_2":null,"adr_etab_3":null,"adr_etab_4":null,"type_etabl":"Maternelle","geo_point_2d":{"lon":2.371666839955557,"lat":48.87532677826742},"st_area_shape":45269.77501428511,"st_perimeter_shape":2104.663534024583}},{"type":"Feature","geometry":{"coordinates":[[[[2.356803,48.871354],[2.356007,48.870015],[2.355641,48.870091],[2.355985,48.869977],[2.355583,48.86933],[2.354578,48.869443],[2.355388,48.870949],[2.356304,48.870793],[2.355426,48.871016],[2.356048,48.872126],[2.357016,48.871762],[2.356803,48.871354]]],[[[2.357995,48.871103],[2.35684,48.869438],[2.356564,48.869678],[2.355861,48.869262],[2.357282,48.871619],[2.357995,48.871103]]],[[[2.355454,48.872388],[2.355718,48.872283],[2.355044,48.871113],[2.354143,48.871267],[2.355007,48.871047],[2.354828,48.87073],[2.353809,48.87095],[2.354621,48.870922],[2.353708,48.87135],[2.354267,48.871406],[2.353848,48.871665],[2.354637,48.871453],[2.354885,48.871843],[2.354073,48.872141],[2.355344,48.872244],[2.35454,48.872755],[2.355454,48.872388]],[[2.353973,48.871391],[2.353829,48.871429],[2.353788,48.871359],[2.353889,48.871332],[2.354066,48.871287],[2.354074,48.871303],[2.354101,48.871357],[2.353973,48.871391]]],[[[2.358904,48.871562],[2.359886,48.87175],[2.360173,48.871403],[2.359452,48.870624],[2.357953,48.871434],[2.358372,48.871804],[2.358904,48.871562]]],[[[2.357377,48.872327],[2.357071,48.871866],[2.356124,48.872264],[2.356702,48.873297],[2.35773,48.872966],[2.357377,48.872327]]],[[[2.357868,48.869523],[2.357217,48.869638],[2.35811,48.871055],[2.358442,48.87102],[2.358698,48.870859],[2.357868,48.869523]]],[[[2.354694,48.87049],[2.354098,48.869517],[2.352874,48.869934],[2.353797,48.870086],[2.353684,48.869693],[2.353929,48.870114],[2.353182,48.870363],[2.354154,48.870163],[2.353837,48.870378],[2.354276,48.870513],[2.353438,48.870861],[2.354694,48.87049]]],[[[2.356294,48.873346],[2.355775,48.872409],[2.354629,48.872845],[2.355483,48.872922],[2.355748,48.873498],[2.356294,48.873346]]],[[[2.357556,48.872106],[2.358207,48.871811],[2.357819,48.871506],[2.357354,48.871757],[2.357556,48.872106]]],[[[2.357148,48.869545],[2.357057,48.869406],[2.35691,48.869408],[2.35693,48.869437],[2.356965,48.869485],[2.356963,48.869485],[2.357095,48.869673],[2.35721,48.869638],[2.357148,48.869545]]]],"type":"MultiPolygon"},"properties":{"id_projet":"MATERNELLES (année scolaire 2021/2022)","libelle":"PIERRE BULLET (4) MAT","annee_scol":"2021-2022","zone_commune":0,"etiquette":"Secteur de l'école 4 RUE PIERRE BULLET","lib_etab_1":"PIERRE BULLET (4) MAT","lib_etab_2":null,"lib_etab_3":null,"lib_etab_4":null,"adr_etab_1":"4 RUE PIERRE BULLET","adr_etab_2":null,"adr_etab_3":null,"adr_etab_4":null,"type_etabl":"Maternelle","geo_point_2d":{"lon":2.356437027258932,"lat":48.87109088614389},"st_area_shape":97631.25095902405,"st_perimeter_shape":5841.086848346785}},{"type":"Feature","geometry":{"coordinates":[[[[2.351262,48.876044],[2.355058,48.874996],[2.355643,48.875336],[2.355782,48.875141],[2.35533,48.874447],[2.354919,48.874503],[2.351027,48.875356],[2.351262,48.876044]]],[[[2.348652,48.876478],[2.350983,48.876065],[2.350877,48.875412],[2.348331,48.875821],[2.348652,48.876478]]],[[[2.350873,48.87136],[2.352147,48.871119],[2.350857,48.870288],[2.350681,48.870948],[2.350476,48.87041],[2.349784,48.870679],[2.349953,48.87155],[2.350873,48.87136]]],[[[2.350949,48.871946],[2.353502,48.871548],[2.35321,48.871026],[2.349999,48.871645],[2.350129,48.872074],[2.350949,48.871946]]],[[[2.352964,48.872432],[2.353939,48.872268],[2.353552,48.87163],[2.350136,48.872169],[2.35082,48.872487],[2.351233,48.87238],[2.351111,48.872082],[2.351945,48.871948],[2.351874,48.872439],[2.352964,48.872432]]],[[[2.353707,48.874657],[2.355257,48.874335],[2.354306,48.872874],[2.353789,48.873189],[2.354154,48.874241],[2.353592,48.874472],[2.353487,48.874684],[2.353707,48.874657]]],[[[2.352856,48.870334],[2.352663,48.86998],[2.351217,48.870175],[2.352339,48.871104],[2.353172,48.870941],[2.352856,48.870334]]],[[[2.355956,48.873892],[2.356561,48.873813],[2.356306,48.873366],[2.355748,48.873498],[2.355483,48.872922],[2.354583,48.872864],[2.355328,48.874096],[2.355956,48.873892]]],[[[2.348702,48.871806],[2.349825,48.871569],[2.349001,48.871106],[2.349575,48.870683],[2.347974,48.870852],[2.348678,48.870937],[2.348818,48.871509],[2.347989,48.87194],[2.348702,48.871806]]],[[[2.349913,48.87686],[2.350982,48.876187],[2.3487,48.876561],[2.349414,48.876947],[2.349913,48.87686]]],[[[2.354885,48.871843],[2.354637,48.871453],[2.353848,48.871665],[2.354267,48.871406],[2.353708,48.87135],[2.354621,48.870922],[2.353464,48.871059],[2.35406,48.872122],[2.354885,48.871843]]],[[[2.353438,48.870861],[2.354276,48.870513],[2.353837,48.870378],[2.354154,48.870163],[2.353182,48.870363],[2.353415,48.870032],[2.352876,48.869937],[2.353438,48.870861]]],[[[2.35454,48.872755],[2.355275,48.872142],[2.354073,48.872141],[2.35454,48.872755]]],[[[2.348327,48.872164],[2.349697,48.871973],[2.349718,48.871699],[2.34801,48.872027],[2.348327,48.872164]]],[[[2.35296,48.872816],[2.35425,48.872786],[2.353955,48.872295],[2.352191,48.872957],[2.35296,48.872816]]],[[[2.356539,48.873981],[2.356532,48.873904],[2.356337,48.873949],[2.35616,48.87399],[2.355982,48.87403],[2.355808,48.874071],[2.355633,48.874111],[2.355437,48.874157],[2.355522,48.874216],[2.35555,48.874209],[2.355581,48.874202],[2.355678,48.87418],[2.355685,48.874178],[2.355747,48.874164],[2.355792,48.874153],[2.355848,48.87414],[2.355906,48.874127],[2.355937,48.87412],[2.355961,48.874114],[2.356021,48.874101],[2.356073,48.874089],[2.356199,48.874059],[2.356307,48.874035],[2.356375,48.874019],[2.356443,48.874003],[2.356495,48.873991],[2.356539,48.873981]]]],"type":"MultiPolygon"},"properties":{"id_projet":"MATERNELLES (année scolaire 2021/2022)","libelle":"PARADIS (20) MAT","annee_scol":"2021-2022","zone_commune":0,"etiquette":"Secteur de l'école 20 RUE DE PARADIS","lib_etab_1":"PARADIS (20) MAT","lib_etab_2":null,"lib_etab_3":null,"lib_etab_4":null,"adr_etab_1":"20 RUE DE PARADIS","adr_etab_2":null,"adr_etab_3":null,"adr_etab_4":null,"type_etabl":"Maternelle","geo_point_2d":{"lon":2.352249445502683,"lat":48.87304433069185},"st_area_shape":140320.53689994453,"st_perimeter_shape":8534.609322070692}},{"type":"Feature","geometry":{"coordinates":[[[[2.369967,48.880238],[2.369988,48.87862],[2.368191,48.879497],[2.36982,48.881382],[2.369967,48.880238]]],[[[2.368471,48.875844],[2.37018,48.873803],[2.368432,48.874449],[2.367842,48.874008],[2.367272,48.874097],[2.368561,48.875308],[2.368471,48.875844]]],[[[2.368196,48.877773],[2.368476,48.877195],[2.368772,48.877497],[2.368449,48.877815],[2.369785,48.877656],[2.368272,48.876359],[2.367878,48.87663],[2.368412,48.877129],[2.367799,48.877067],[2.367976,48.877911],[2.368196,48.877773]]],[[[2.368554,48.881879],[2.36705,48.880133],[2.36663,48.88053],[2.366859,48.880717],[2.366448,48.880928],[2.366915,48.880902],[2.367667,48.881579],[2.367421,48.88186],[2.367833,48.881658],[2.368891,48.8823],[2.368554,48.881879]]],[[[2.368985,48.876176],[2.368679,48.876213],[2.369761,48.877304],[2.370144,48.877153],[2.370154,48.876215],[2.368985,48.876176]]],[[[2.370161,48.875361],[2.369254,48.875375],[2.368724,48.876027],[2.370105,48.876076],[2.370161,48.875361]]],[[[2.368979,48.87881],[2.369718,48.878408],[2.36958,48.878018],[2.367992,48.877992],[2.369144,48.878435],[2.368979,48.87881]]],[[[2.368852,48.881715],[2.36925,48.882277],[2.369941,48.88219],[2.369541,48.881461],[2.368852,48.881715]]],[[[2.370175,48.874205],[2.369384,48.875247],[2.370164,48.87517],[2.370175,48.874205]]],[[[2.367828,48.879116],[2.368782,48.878926],[2.368041,48.87855],[2.368224,48.878894],[2.367828,48.879116]]],[[[2.368694,48.881773],[2.368852,48.881715],[2.36874,48.881586],[2.367965,48.880685],[2.36791,48.880621],[2.367863,48.880638],[2.367859,48.880634],[2.367849,48.880638],[2.367771,48.880548],[2.367709,48.880572],[2.367783,48.88066],[2.367747,48.880673],[2.368694,48.881773]]],[[[2.367279,48.87716],[2.36793,48.876865],[2.367643,48.876669],[2.367279,48.87716]]],[[[2.370142,48.877318],[2.370107,48.877304],[2.36985,48.877394],[2.369984,48.877528],[2.37014,48.877497],[2.370142,48.877318]]]],"type":"MultiPolygon"},"properties":{"id_projet":"MATERNELLES (année scolaire 2023/2024)","libelle":"BOY  ZELENSKI (5) MAT","annee_scol":"2023-2024","zone_commune":0,"etiquette":"Secteur de l'école 5 RUE BOY ZELENSKI","lib_etab_1":"BOY  ZELENSKI (5) MAT","lib_etab_2":null,"lib_etab_3":null,"lib_etab_4":null,"adr_etab_1":"5 RUE BOY ZELENSKI","adr_etab_2":null,"adr_etab_3":null,"adr_etab_4":null,"type_etabl":"Maternelle","geo_point_2d":{"lon":2.368950111692952,"lat":48.87791377646711},"st_area_shape":96151.89363917918,"st_perimeter_shape":5672.02815375148}}]}